Datetime,Close,High,Low,Open,Volume
2026-04-14 00:00:00+00:00,74315.515625,74504.140625,74285.34375,74442.2265625,140963840
2026-04-14 00:15:00+00:00,74260.6171875,74427.375,74243.484375,74337.9453125,481341440
2026-04-14 00:30:00+00:00,74427.2734375,74427.2734375,74211.7734375,74282.875,215212032
2026-04-14 00:45:00+00:00,74162.0234375,74429.1171875,74162.0234375,74426.1640625,267071488
2026-04-14 01:00:00+00:00,74248.1171875,74279.21875,74074.78125,74145.921875,1525530624
2026-04-14 01:15:00+00:00,74318.3359375,74354.1015625,74260.6796875,74275.375,1209466880
2026-04-14 01:30:00+00:00,74330.3515625,74330.3515625,74258.453125,74297.515625,39960576
2026-04-14 01:45:00+00:00,74378.9921875,74427.2734375,74333.421875,74333.421875,126271488
2026-04-14 02:00:00+00:00,74461.34375,74486.4140625,74400.3125,74404.7109375,310308864
2026-04-14 02:15:00+00:00,74465.40625,74566.109375,74463.4140625,74489.9140625,54759424
2026-04-14 02:30:00+00:00,74434.140625,74463.765625,74317.484375,74427.6640625,40026112
2026-04-14 02:45:00+00:00,74374.3671875,74444.8125,74345.0,74443.0,277155840
2026-04-14 03:00:00+00:00,74412.15625,74427.21875,74328.8203125,74365.78125,20660224
2026-04-14 03:15:00+00:00,74291.6796875,74378.1484375,74291.6796875,74378.1484375,276570112
2026-04-14 03:30:00+00:00,74488.78125,74488.78125,74294.5859375,74294.5859375,19488768
2026-04-14 03:45:00+00:00,74454.3828125,74499.0078125,74443.578125,74499.0078125,1200902144
2026-04-14 04:00:00+00:00,74443.65625,74494.3203125,74408.8203125,74450.8515625,122937344
2026-04-14 04:15:00+00:00,74492.0390625,74512.1640625,74464.6015625,74464.6015625,91975680
2026-04-14 04:30:00+00:00,74418.9609375,74505.2265625,74418.9609375,74505.2265625,28688384
2026-04-14 04:45:00+00:00,74397.703125,74430.09375,74391.2421875,74402.578125,0
2026-04-14 05:00:00+00:00,74376.5078125,74393.7578125,74343.2421875,74393.7578125,62128128
2026-04-14 05:15:00+00:00,74349.9296875,74418.0859375,74346.203125,74364.46875,95350784
2026-04-14 05:30:00+00:00,74319.84375,74382.6953125,74319.7890625,74350.5546875,1058971648
2026-04-14 05:45:00+00:00,74209.84375,74324.8125,74192.1875,74324.8125,22073344
2026-04-14 06:00:00+00:00,74351.1328125,74359.875,74299.1484375,74312.171875,249499648
2026-04-14 06:15:00+00:00,74446.6015625,74456.9296875,74345.6640625,74345.6640625,50376704
2026-04-14 06:30:00+00:00,74439.8359375,74467.5390625,74399.484375,74431.7890625,64299008
2026-04-14 06:45:00+00:00,74565.7734375,74565.7734375,74420.8125,74420.8125,8949760
2026-04-14 07:00:00+00:00,74758.6796875,74930.4296875,74512.671875,74551.2734375,636567552
2026-04-14 07:15:00+00:00,74706.953125,74771.1875,74652.609375,74771.1875,124145664
2026-04-14 07:30:00+00:00,74542.703125,74699.2421875,74531.0,74699.2421875,340983808
2026-04-14 07:45:00+00:00,74547.5546875,74563.71875,74511.1953125,74527.109375,291577856
2026-04-14 08:00:00+00:00,74560.3984375,74606.625,74510.515625,74547.046875,218750976
2026-04-14 08:15:00+00:00,74614.8515625,74614.8515625,74539.6796875,74569.234375,38907904
2026-04-14 08:30:00+00:00,74672.5703125,74901.6875,74672.5703125,74725.0625,323272704
2026-04-14 08:45:00+00:00,74776.1640625,74842.7734375,74662.4921875,74699.8515625,437276672
2026-04-14 09:00:00+00:00,74793.0,74798.1875,74737.8984375,74770.9375,118673408
2026-04-14 09:15:00+00:00,74687.359375,74845.84375,74675.046875,74805.796875,119623680
2026-04-14 09:30:00+00:00,74553.375,74700.296875,74553.375,74670.421875,194887680
2026-04-14 09:45:00+00:00,74538.09375,74548.8046875,74469.1640625,74548.8046875,272449536
2026-04-14 10:00:00+00:00,74540.453125,74561.40625,74498.265625,74506.390625,72683520
2026-04-14 10:15:00+00:00,74603.8125,74608.0078125,74539.6171875,74560.0859375,53796864
2026-04-14 10:30:00+00:00,74416.4609375,74638.0703125,74416.4609375,74615.3359375,107429888
2026-04-14 10:45:00+00:00,74423.4453125,74451.8828125,74363.4921875,74363.4921875,462585856
2026-04-14 11:00:00+00:00,74418.9296875,74432.9765625,74395.28125,74395.28125,137535488
2026-04-14 11:15:00+00:00,74420.328125,74465.9609375,74420.328125,74428.1875,111353856
2026-04-14 11:30:00+00:00,74372.359375,74404.0546875,74340.9765625,74366.78125,288768000
2026-04-14 11:45:00+00:00,74456.0,74456.0,74333.2734375,74348.8828125,875819008
2026-04-14 12:00:00+00:00,74314.9921875,74443.2265625,74314.9921875,74398.828125,81956864
2026-04-14 12:15:00+00:00,74297.015625,74423.171875,74297.015625,74351.5625,130883584
2026-04-14 12:30:00+00:00,74364.265625,74392.9375,74308.0,74308.0,1059180544
2026-04-14 12:45:00+00:00,74457.5859375,74457.5859375,74349.7578125,74349.7578125,49942528
2026-04-14 13:00:00+00:00,74576.9453125,74611.5859375,74455.375,74455.375,91820032
2026-04-14 13:15:00+00:00,74647.9921875,74751.484375,74589.375,74589.375,292986880
2026-04-14 13:30:00+00:00,75212.0546875,75238.25,74561.3125,74561.3125,677724160
2026-04-14 13:45:00+00:00,75490.3984375,75495.4765625,75147.0390625,75237.875,1436327936
2026-04-14 14:00:00+00:00,75606.625,75616.9609375,75409.25,75532.8046875,1043378176
2026-04-14 14:15:00+00:00,75855.0078125,75855.0078125,75567.2265625,75603.7265625,437456896
2026-04-14 14:30:00+00:00,75524.6953125,76009.03125,75326.5546875,75886.4609375,1592029184
2026-04-14 14:45:00+00:00,75180.125,75416.15625,75180.125,75326.640625,259461120
2026-04-14 15:00:00+00:00,74780.546875,75101.015625,74743.2890625,75090.1796875,266141696
2026-04-14 15:15:00+00:00,74896.3125,74945.0625,74771.65625,74775.1484375,402120704
2026-04-14 15:30:00+00:00,75317.671875,75317.671875,74827.9140625,74827.9140625,559140864
2026-04-14 15:45:00+00:00,75367.1640625,75423.8984375,75220.453125,75310.984375,361922560
2026-04-14 16:00:00+00:00,75472.0625,75666.0390625,75390.9609375,75390.9609375,359993344
2026-04-14 16:15:00+00:00,75287.78125,75468.296875,75241.5859375,75447.890625,319717376
2026-04-14 16:30:00+00:00,75283.2109375,75289.8671875,75140.390625,75289.8671875,163033088
2026-04-14 16:45:00+00:00,74566.21875,75264.21875,74566.21875,75264.21875,0
2026-04-14 17:00:00+00:00,74790.5859375,74797.234375,74653.4140625,74653.4140625,96927744
2026-04-14 17:15:00+00:00,74751.7890625,74947.6328125,74751.7890625,74834.1328125,83488768
2026-04-14 17:30:00+00:00,74547.6640625,74666.3359375,74332.015625,74621.28125,405278720
2026-04-14 17:45:00+00:00,74766.5,74776.59375,74575.9765625,74584.59375,2850881536
2026-04-14 18:00:00+00:00,74664.9375,74809.5546875,74664.9375,74806.2109375,0
2026-04-14 18:15:00+00:00,74593.9921875,74755.4921875,74500.1953125,74679.5859375,46465024
2026-04-14 18:30:00+00:00,74307.96875,74580.6015625,74201.6875,74580.6015625,186081280
2026-04-14 18:45:00+00:00,74097.0625,74310.5859375,73946.8515625,74310.5859375,1537679360
2026-04-14 19:00:00+00:00,74337.1796875,74403.9296875,74132.796875,74132.796875,243290112
2026-04-14 19:15:00+00:00,74113.4140625,74384.3125,73960.7578125,74308.5078125,191578112
2026-04-14 19:30:00+00:00,74138.6171875,74284.84375,74094.1484375,74283.2421875,0
2026-04-14 19:45:00+00:00,74265.8984375,74271.0625,74160.9140625,74167.078125,0
2026-04-14 20:00:00+00:00,74408.8828125,74410.0546875,74278.7734375,74329.203125,1074331648
2026-04-14 20:15:00+00:00,74211.2421875,74423.1484375,74150.9453125,74423.1484375,29245440
2026-04-14 20:30:00+00:00,74256.4140625,74303.6484375,74166.6875,74244.078125,0
2026-04-14 20:45:00+00:00,74052.28125,74302.828125,74052.28125,74275.375,59609088
2026-04-14 21:00:00+00:00,74242.609375,74293.171875,74148.7890625,74157.2109375,23560192
2026-04-14 21:15:00+00:00,74170.0703125,74246.0234375,74088.2890625,74242.609375,152477696
2026-04-14 21:30:00+00:00,74049.953125,74194.75,73982.46875,74194.75,5267456
2026-04-14 21:45:00+00:00,74315.2890625,74343.96875,74021.3984375,74055.1484375,162152448
2026-04-14 22:00:00+00:00,74354.15625,74413.2109375,74177.15625,74272.21875,69373952
2026-04-14 22:15:00+00:00,73964.4921875,74334.78125,73964.1015625,74325.84375,0
2026-04-14 22:30:00+00:00,74017.8515625,74126.1328125,73905.1796875,73950.0,158855168
2026-04-14 22:45:00+00:00,74067.359375,74155.9296875,74005.46875,74006.3984375,0
2026-04-14 23:00:00+00:00,74144.03125,74198.2265625,74046.1796875,74067.3203125,0
2026-04-14 23:15:00+00:00,74152.0,74244.0078125,74089.609375,74144.03125,0
2026-04-14 23:30:00+00:00,74174.7890625,74233.7734375,74078.046875,74152.0078125,0
2026-04-14 23:45:00+00:00,74186.5390625,74269.2578125,74081.59375,74180.5703125,73728
2026-04-15 00:00:00+00:00,74576.8125,74721.828125,74153.2734375,74176.09375,2415157248
2026-04-15 00:15:00+00:00,74568.0,74685.703125,74432.0,74584.2578125,65658880
2026-04-15 00:30:00+00:00,74587.453125,74644.453125,74484.0078125,74629.3828125,157708288
2026-04-15 00:45:00+00:00,74601.5,74630.2734375,74464.7265625,74598.390625,236363776
2026-04-15 01:00:00+00:00,74788.25,74788.25,74545.328125,74585.2734375,0
2026-04-15 01:15:00+00:00,74713.8984375,74828.609375,74620.3515625,74828.609375,26046464
2026-04-15 01:30:00+00:00,74672.7734375,74746.53125,74531.28125,74732.9375,51892224
2026-04-15 01:45:00+00:00,74649.0,74784.8515625,74609.1796875,74686.6328125,85614592
2026-04-15 02:00:00+00:00,74577.171875,74725.859375,74563.109375,74645.4609375,56549376
2026-04-15 02:15:00+00:00,74378.203125,74634.4609375,74378.203125,74580.0,186314752
2026-04-15 02:30:00+00:00,74314.2734375,74375.3984375,74218.1484375,74375.3984375,183898112
2026-04-15 02:45:00+00:00,74359.84375,74380.140625,74242.0078125,74315.2109375,181661696
2026-04-15 03:00:00+00:00,74268.640625,74368.4765625,74241.3125,74364.78125,135663616
2026-04-15 03:15:00+00:00,74328.0625,74405.9921875,74214.53125,74243.0,0
2026-04-15 03:30:00+00:00,74272.0,74376.546875,74244.4296875,74338.0078125,25272320
2026-04-15 03:45:00+00:00,74376.75,74401.0,74253.3828125,74270.96875,104189952
2026-04-15 04:00:00+00:00,74400.0703125,74471.1796875,74372.0,74377.8515625,0
2026-04-15 04:15:00+00:00,74342.0703125,74439.109375,74334.8828125,74376.03125,151408640
2026-04-15 04:30:00+00:00,74373.0703125,74406.9921875,74297.53125,74364.890625,6041600
2026-04-15 04:45:00+00:00,74354.171875,74388.7265625,74294.0078125,74366.28125,61362176
2026-04-15 05:00:00+00:00,74235.359375,74463.9921875,74231.9765625,74369.9765625,0
2026-04-15 05:15:00+00:00,74042.4296875,74271.6171875,74032.03125,74238.78125,149106688
2026-04-15 05:30:00+00:00,73977.6171875,74069.109375,73912.578125,74028.4921875,59392000
2026-04-15 05:45:00+00:00,74054.953125,74073.953125,73932.8984375,73982.546875,69840896
2026-04-15 06:00:00+00:00,73978.90625,74081.578125,73962.2109375,74036.921875,0
2026-04-15 06:15:00+00:00,73968.0078125,74056.796875,73945.0078125,74003.703125,115929088
2026-04-15 06:30:00+00:00,74037.2890625,74037.2890625,73938.2265625,73955.203125,130314240
2026-04-15 06:45:00+00:00,73924.0,74056.796875,73902.921875,74039.1015625,0
2026-04-15 07:00:00+00:00,73946.8515625,74048.46875,73864.5078125,73946.921875,0
2026-04-15 07:15:00+00:00,73743.84375,73946.0390625,73650.0078125,73945.0078125,477683712
2026-04-15 07:30:00+00:00,73635.8984375,73751.4609375,73622.0,73743.828125,37367808
2026-04-15 07:45:00+00:00,73771.34375,73813.796875,73545.0,73611.2421875,113729536
2026-04-15 08:00:00+00:00,73876.65625,73883.9296875,73706.0,73776.828125,108097536
2026-04-15 08:15:00+00:00,74024.0078125,74027.3828125,73869.1875,73875.546875,5144576
2026-04-15 08:30:00+00:00,74132.15625,74188.59375,74000.296875,74025.53125,4849664
2026-04-15 08:45:00+00:00,74139.28125,74219.0078125,74062.09375,74132.171875,0
2026-04-15 09:00:00+00:00,74060.03125,74213.4296875,73985.53125,74139.9921875,132976640
2026-04-15 09:15:00+00:00,73980.03125,74112.3984375,73950.59375,74052.0078125,35778560
2026-04-15 09:30:00+00:00,73993.9296875,74038.3828125,73930.25,73983.71875,99184640
2026-04-15 09:45:00+00:00,74033.4609375,74050.078125,73948.8671875,73979.8828125,0
2026-04-15 10:00:00+00:00,74142.0625,74205.4765625,74005.2734375,74019.359375,5283840
2026-04-15 10:15:00+00:00,73934.84375,74148.0,73921.4921875,74143.59375,982347776
2026-04-15 10:30:00+00:00,74080.65625,74080.65625,73822.03125,73925.0,233193472
2026-04-15 10:45:00+00:00,73890.8984375,74261.8828125,73860.34375,74089.8515625,177807360
2026-04-15 11:00:00+00:00,74061.703125,74120.0078125,73895.2890625,73906.546875,0
2026-04-15 11:15:00+00:00,73995.8828125,74066.9921875,73968.6171875,74062.359375,0
2026-04-15 11:30:00+00:00,74087.859375,74100.2109375,73983.796875,73985.53125,979202048
2026-04-15 11:45:00+00:00,74233.3203125,74276.2421875,74068.9609375,74085.390625,45477888
2026-04-15 12:00:00+00:00,74233.359375,74264.03125,74076.0078125,74236.328125,125280256
2026-04-15 12:15:00+00:00,74211.3515625,74286.0,74143.0078125,74242.0390625,123469824
2026-04-15 12:30:00+00:00,74373.640625,74475.671875,74204.03125,74211.0703125,130453504
2026-04-15 12:45:00+00:00,74310.0625,74394.3984375,74309.921875,74373.6484375,218673152
2026-04-15 13:00:00+00:00,74345.6015625,74385.9609375,74210.1484375,74302.453125,0
2026-04-15 13:15:00+00:00,74423.5,74457.078125,74269.5,74339.9921875,920821760
2026-04-15 13:30:00+00:00,73923.9921875,74405.59375,73886.75,74405.59375,0
2026-04-15 13:45:00+00:00,74075.859375,74125.7421875,73836.0625,73893.046875,496635904
2026-04-15 14:00:00+00:00,74087.328125,74102.03125,73855.53125,74082.0234375,0
2026-04-15 14:15:00+00:00,74454.71875,74531.6484375,74166.0,74176.2578125,0
2026-04-15 14:30:00+00:00,73977.2890625,74485.0,73931.7265625,74461.09375,0
2026-04-15 14:45:00+00:00,74149.65625,74272.2890625,73976.6015625,74002.3203125,1610690560
2026-04-15 15:00:00+00:00,74311.3828125,74311.3828125,73985.0,74164.8125,0
2026-04-15 15:15:00+00:00,74052.6015625,74301.359375,74006.9765625,74294.671875,2822144
2026-04-15 15:30:00+00:00,73885.390625,74023.8828125,73629.4375,74023.8828125,18214912
2026-04-15 15:45:00+00:00,73872.0078125,74008.25,73749.9921875,73867.1015625,473165824
2026-04-15 16:00:00+00:00,74034.0078125,74034.0078125,73783.4921875,73850.0390625,0
2026-04-15 16:15:00+00:00,74109.609375,74192.28125,73996.0,74061.9921875,126623744
2026-04-15 16:30:00+00:00,73918.84375,74183.34375,73886.171875,74126.5078125,38862848
2026-04-15 16:45:00+00:00,73956.7265625,74039.09375,73835.1484375,73919.9921875,69521408
2026-04-15 17:00:00+00:00,74051.2265625,74120.8828125,73931.390625,73960.140625,643215360
2026-04-15 17:15:00+00:00,74140.609375,74253.6015625,73968.6015625,74044.9921875,3416064
2026-04-15 17:30:00+00:00,73996.78125,74214.796875,73929.9921875,74147.4921875,0
2026-04-15 17:45:00+00:00,74154.9921875,74189.5390625,73948.609375,73996.7890625,0
2026-04-15 18:00:00+00:00,74307.453125,74329.2265625,74086.2265625,74139.421875,227246080
2026-04-15 18:15:00+00:00,74225.0,74377.8203125,74194.5078125,74304.1796875,4816896
2026-04-15 18:30:00+00:00,74336.34375,74354.1328125,74213.09375,74222.6796875,9175040
2026-04-15 18:45:00+00:00,74410.0,74430.1328125,74298.5390625,74341.546875,0
2026-04-15 19:00:00+00:00,74670.78125,74739.5390625,74390.0,74420.0078125,0
2026-04-15 19:15:00+00:00,74754.03125,74761.296875,74593.09375,74673.609375,1273638912
2026-04-15 19:30:00+00:00,75100.03125,75310.1015625,74754.9609375,74754.9609375,296271872
2026-04-15 19:45:00+00:00,75026.3203125,75178.3671875,74985.6875,75104.7578125,284266496
2026-04-15 20:00:00+00:00,74696.15625,75069.921875,74631.296875,75057.6796875,0
2026-04-15 20:15:00+00:00,74796.46875,74802.1015625,74541.0625,74696.0234375,586166272
2026-04-15 20:30:00+00:00,74774.3515625,74949.40625,74660.0,74805.2890625,368816128
2026-04-15 20:45:00+00:00,74872.1484375,74907.65625,74761.359375,74784.0078125,63614976
2026-04-15 21:00:00+00:00,74749.75,74888.8828125,74749.75,74860.0390625,329211904
2026-04-15 21:15:00+00:00,74662.328125,74749.7421875,74618.546875,74749.7421875,79867904
2026-04-15 21:30:00+00:00,74770.15625,74823.59375,74572.078125,74669.0,64335872
2026-04-15 21:45:00+00:00,74765.3828125,74847.46875,74738.59375,74746.9296875,12132352
2026-04-15 22:00:00+00:00,75059.953125,75152.453125,74763.890625,74784.7109375,0
2026-04-15 22:15:00+00:00,75010.03125,75072.1875,74930.1328125,75065.171875,128188416
2026-04-15 22:30:00+00:00,75074.0390625,75400.0,74944.3203125,74992.90625,750821376
2026-04-15 22:45:00+00:00,74984.3828125,75224.4296875,74933.0390625,75048.46875,1638359040
2026-04-15 23:00:00+00:00,74776.6328125,74969.703125,74736.0,74958.421875,777449472
2026-04-15 23:15:00+00:00,74759.1875,74777.0078125,74683.453125,74770.0078125,61087744
2026-04-15 23:30:00+00:00,74677.8984375,74800.0,74639.0,74763.671875,2060288
2026-04-15 23:45:00+00:00,74825.8671875,74882.1796875,74669.9921875,74682.203125,169848832
2026-04-16 00:00:00+00:00,74625.65625,74860.0234375,74625.65625,74845.609375,0
2026-04-16 00:15:00+00:00,74625.6484375,74682.0390625,74478.8203125,74643.0390625,60571648
2026-04-16 00:30:00+00:00,74794.8828125,74899.15625,74648.0,74648.0,158773248
2026-04-16 00:45:00+00:00,74834.34375,74868.1796875,74706.0078125,74780.0,112644096
2026-04-16 01:00:00+00:00,74594.046875,74810.0,74494.21875,74810.0,317497344
2026-04-16 01:15:00+00:00,74637.0625,74704.6171875,74541.0625,74593.5078125,86933504
2026-04-16 01:30:00+00:00,74705.1484375,74728.7109375,74600.078125,74634.1171875,8675328
2026-04-16 01:45:00+00:00,74681.46875,74738.7890625,74597.3828125,74698.9921875,33341440
2026-04-16 02:00:00+00:00,74697.9765625,74776.296875,74614.59375,74681.4609375,88150016
2026-04-16 02:15:00+00:00,74916.0625,74916.0625,74636.9375,74662.328125,66973696
2026-04-16 02:30:00+00:00,75220.6015625,75242.078125,74928.46875,74928.46875,203227136
2026-04-16 02:45:00+00:00,74896.546875,75284.0078125,74828.7109375,75220.0234375,246046720
2026-04-16 03:00:00+00:00,74969.7109375,75134.0,74889.140625,74890.9296875,1732386816
2026-04-16 03:15:00+00:00,75058.578125,75155.8203125,74984.9921875,74984.9921875,187543552
2026-04-16 03:30:00+00:00,74986.796875,75063.21875,74969.359375,75050.0,0
2026-04-16 03:45:00+00:00,74904.2109375,75009.0234375,74880.1484375,74985.6171875,222134272
2026-04-16 04:00:00+00:00,74959.84375,75033.34375,74853.578125,74901.15625,46522368
2026-04-16 04:15:00+00:00,74941.4921875,74996.671875,74896.390625,74955.609375,50855936
2026-04-16 04:30:00+00:00,75130.84375,75185.8671875,74887.359375,74943.3203125,84738048
2026-04-16 04:45:00+00:00,74964.6484375,75124.7890625,74751.0625,75096.6015625,235356160
2026-04-16 05:00:00+00:00,74940.71875,75031.5234375,74915.09375,74950.0,499535872
2026-04-16 05:15:00+00:00,75081.53125,75129.796875,74920.2265625,74937.5390625,39292928
2026-04-16 05:30:00+00:00,75074.03125,75158.640625,75034.5625,75092.25,100528128
2026-04-16 05:45:00+00:00,75058.0078125,75091.3671875,75025.5390625,75079.2734375,55787520
2026-04-16 06:00:00+00:00,75026.0,75130.4375,75020.46875,75097.6875,8433664
2026-04-16 06:15:00+00:00,75037.4296875,75096.7890625,75020.0078125,75040.15625,149794816
2026-04-16 06:30:00+00:00,74964.046875,75053.9765625,74871.671875,75040.0,93605888
2026-04-16 06:45:00+00:00,75051.109375,75057.1171875,74924.59375,74955.609375,537137152
2026-04-16 07:00:00+00:00,74930.0078125,75100.0,74904.8515625,75031.7421875,150900736
2026-04-16 07:15:00+00:00,74924.5703125,74963.6796875,74876.953125,74933.9765625,0
2026-04-16 07:30:00+00:00,74882.2890625,74924.5703125,74854.953125,74922.7734375,0
2026-04-16 07:45:00+00:00,74721.5390625,74872.3671875,74662.34375,74872.3671875,0
2026-04-16 08:00:00+00:00,74551.703125,74765.15625,74535.4296875,74721.546875,252039168
2026-04-16 08:15:00+00:00,74701.8125,74749.7265625,74546.0,74546.0,478818304
2026-04-16 08:30:00+00:00,74690.5234375,74745.9921875,74580.0078125,74699.0,166879232
2026-04-16 08:45:00+00:00,74697.7109375,74758.2421875,74667.9609375,74673.9921875,509456384
2026-04-16 09:00:00+00:00,74769.4921875,74779.546875,74648.2265625,74679.25,6418432
2026-04-16 09:15:00+00:00,74840.140625,74927.828125,74775.359375,74775.359375,26583040
2026-04-16 09:30:00+00:00,74720.4375,74857.2734375,74707.75,74840.140625,84193280
2026-04-16 09:45:00+00:00,74612.671875,74742.9375,74611.796875,74720.2890625,51486720
2026-04-16 10:00:00+00:00,74453.1171875,74670.84375,74416.0,74611.8828125,1648205824
2026-04-16 10:15:00+00:00,74474.8515625,74535.46875,74368.25,74445.7578125,177586176
2026-04-16 10:30:00+00:00,74413.53125,74518.4296875,74394.1015625,74460.5234375,23031808
2026-04-16 10:45:00+00:00,74323.9921875,74422.6484375,74290.78125,74413.53125,0
2026-04-16 11:00:00+00:00,74335.0625,74395.7265625,74300.0078125,74327.9921875,33398784
2026-04-16 11:15:00+00:00,74394.1015625,74405.109375,74303.78125,74340.8515625,93675520
2026-04-16 11:30:00+00:00,74461.109375,74489.03125,74363.109375,74397.6015625,615157760
2026-04-16 11:45:00+00:00,74593.328125,74601.65625,74442.0703125,74463.71875,9633792
2026-04-16 12:00:00+00:00,74763.28125,74876.34375,74593.328125,74593.328125,41234432
2026-04-16 12:15:00+00:00,74731.3125,74820.0,74689.0234375,74774.1484375,1534320640
2026-04-16 12:30:00+00:00,74678.7265625,74763.078125,74619.1796875,74731.3203125,78860288
2026-04-16 12:45:00+00:00,74632.8671875,74676.1171875,74592.90625,74676.1171875,79536128
2026-04-16 13:00:00+00:00,74836.890625,74851.640625,74600.7421875,74628.7890625,56135680
2026-04-16 13:15:00+00:00,74980.4765625,75023.1796875,74812.9765625,74848.0,816238592
2026-04-16 13:30:00+00:00,74619.171875,74996.6875,74500.0234375,74996.6875,96690176
2026-04-16 13:45:00+00:00,73793.9765625,74621.578125,73309.7265625,74621.578125,1764806656
2026-04-16 14:00:00+00:00,73833.5625,73960.2578125,73604.6328125,73766.3203125,434294784
2026-04-16 14:15:00+00:00,73792.6171875,73903.3125,73424.0234375,73872.9375,1099649024
2026-04-16 14:30:00+00:00,73979.9921875,74060.859375,73764.546875,73777.3203125,73613312
2026-04-16 14:45:00+00:00,73973.203125,74198.890625,73864.5703125,73979.8515625,254267392
2026-04-16 15:00:00+00:00,74323.9765625,74449.4375,73943.65625,73969.7421875,901251072
2026-04-16 15:15:00+00:00,74212.9375,74429.2890625,74206.0,74334.703125,278839296
2026-04-16 15:30:00+00:00,74571.0390625,74893.3125,74199.9921875,74199.9921875,0
2026-04-16 15:45:00+00:00,74719.9921875,74785.65625,74473.0390625,74564.2265625,1710952448
2026-04-16 16:00:00+00:00,74687.5625,74956.0,74665.9765625,74746.0,288927744
2026-04-16 16:15:00+00:00,74587.9921875,74896.953125,74587.9921875,74707.7421875,116965376
2026-04-16 16:30:00+00:00,74347.90625,74656.2890625,74239.7421875,74608.1015625,825724928
2026-04-16 16:45:00+00:00,74186.03125,74425.3984375,74088.59375,74357.1875,115470336
2026-04-16 17:00:00+00:00,73968.84375,74212.8828125,73968.84375,74167.8828125,48472064
2026-04-16 17:15:00+00:00,74233.0,74287.8203125,73917.140625,73954.9765625,200581120
2026-04-16 17:30:00+00:00,74392.53125,74425.1875,74113.0390625,74209.2109375,172621824
2026-04-16 17:45:00+00:00,74346.0,74459.3984375,74209.296875,74404.4375,30138368
2026-04-16 18:00:00+00:00,74429.0625,74534.3203125,74250.09375,74354.03125,47788032
2026-04-16 18:15:00+00:00,74418.0234375,74507.9921875,74286.6328125,74428.703125,43257856
2026-04-16 18:30:00+00:00,74595.2265625,74604.3984375,74375.6484375,74440.0078125,520998912
2026-04-16 18:45:00+00:00,75054.4375,75092.3125,74595.21875,74595.21875,905084928
2026-04-16 19:00:00+00:00,74843.4921875,75102.0,74762.671875,75102.0,807620608
2026-04-16 19:15:00+00:00,75047.9921875,75086.953125,74814.0390625,74837.359375,302706688
2026-04-16 19:30:00+00:00,75252.84375,75330.0,74991.8671875,75026.0,1630208
2026-04-16 19:45:00+00:00,75371.9765625,75429.609375,75234.203125,75274.0234375,292720640
2026-04-16 20:00:00+00:00,75434.9765625,75533.6796875,75252.109375,75384.9375,230064128
2026-04-16 20:15:00+00:00,75209.578125,75450.0,75125.1484375,75430.6875,333058048
2026-04-16 20:30:00+00:00,75094.3984375,75210.0,75020.96875,75209.9921875,0
2026-04-16 20:45:00+00:00,75245.9921875,75269.8828125,75058.296875,75094.3984375,129536000
2026-04-16 21:00:00+00:00,75155.828125,75300.0,75155.828125,75252.2109375,64393216
2026-04-16 21:15:00+00:00,74943.9921875,75178.8515625,74827.8125,75164.0234375,239747072
2026-04-16 21:30:00+00:00,74958.671875,75017.296875,74871.1015625,74929.140625,129966080
2026-04-16 21:45:00+00:00,74956.6015625,75038.546875,74913.7109375,74969.15625,91619328
2026-04-16 22:00:00+00:00,74995.421875,75139.453125,74966.2578125,74966.2578125,68034560
2026-04-16 22:15:00+00:00,74947.84375,75007.6484375,74853.75,74995.421875,80293888
2026-04-16 22:30:00+00:00,74940.21875,74998.9921875,74903.3203125,74947.84375,27078656
2026-04-16 22:45:00+00:00,74888.609375,74993.3671875,74855.34375,74940.21875,0
2026-04-16 23:00:00+00:00,75001.421875,75041.171875,74847.96875,74866.40625,0
2026-04-16 23:15:00+00:00,75044.53125,75138.0078125,74931.6875,75005.75,0
2026-04-16 23:30:00+00:00,75159.2890625,75198.4609375,75028.78125,75044.5234375,168566784
2026-04-16 23:45:00+00:00,75163.09375,75190.0,75063.96875,75151.328125,1788985344
2026-04-17 00:00:00+00:00,74988.1796875,75179.8515625,74962.6875,75160.203125,34209792
2026-04-17 00:15:00+00:00,75030.0,75031.3828125,74905.90625,74988.1875,76431360
2026-04-17 00:30:00+00:00,74977.34375,75138.2890625,74977.328125,75054.6015625,13402112
2026-04-17 00:45:00+00:00,74955.9921875,75012.71875,74929.9921875,74977.34375,38105088
2026-04-17 01:00:00+00:00,74915.4296875,75061.3515625,74906.4609375,74960.6171875,39170048
2026-04-17 01:15:00+00:00,74780.1875,74952.109375,74690.0,74914.390625,102809600
2026-04-17 01:30:00+00:00,74742.0078125,74837.96875,74684.5390625,74780.1875,123617280
2026-04-17 01:45:00+00:00,74763.890625,74852.546875,74594.4765625,74743.0625,128741376
2026-04-17 02:00:00+00:00,74737.40625,74830.8984375,74663.953125,74759.859375,29208576
2026-04-17 02:15:00+00:00,74617.71875,74756.453125,74617.7109375,74737.40625,14884864
2026-04-17 02:30:00+00:00,74687.1796875,74763.609375,74562.671875,74615.4921875,0
2026-04-17 02:45:00+00:00,74730.1328125,74732.2734375,74638.9296875,74687.1875,0
2026-04-17 03:00:00+00:00,74713.2890625,74731.40625,74630.0,74724.9921875,55533568
2026-04-17 03:15:00+00:00,74753.9921875,74771.6328125,74700.46875,74713.296875,64483328
2026-04-17 03:30:00+00:00,74814.8984375,74860.109375,74695.7734375,74753.9921875,55590912
2026-04-17 03:45:00+00:00,74633.1484375,74830.1171875,74629.7578125,74794.6328125,190541824
2026-04-17 04:00:00+00:00,74690.6171875,74708.5625,74611.78125,74633.15625,62824448
2026-04-17 04:15:00+00:00,74770.4765625,74820.0078125,74698.453125,74698.453125,85221376
2026-04-17 04:30:00+00:00,74837.6171875,74867.9375,74767.2109375,74771.34375,2199552
2026-04-17 04:45:00+00:00,74810.0078125,74850.578125,74780.2734375,74831.9765625,0
2026-04-17 05:00:00+00:00,74643.9921875,74823.109375,74575.0,74810.0,0
2026-04-17 05:15:00+00:00,74692.6796875,74775.3828125,74622.8828125,74643.28125,195297280
2026-04-17 05:30:00+00:00,74672.9375,74717.328125,74626.5703125,74692.6796875,0
2026-04-17 05:45:00+00:00,74656.5625,74745.9765625,74651.9765625,74665.6328125,8589312
2026-04-17 06:00:00+00:00,74775.9921875,74798.9765625,74614.46875,74645.0234375,22990848
2026-04-17 06:15:00+00:00,74828.3671875,74830.96875,74753.4375,74776.0,68038656
2026-04-17 06:30:00+00:00,74873.71875,74879.6328125,74781.546875,74814.75,0
2026-04-17 06:45:00+00:00,74921.2421875,74960.90625,74834.78125,74866.421875,97767424
2026-04-17 07:00:00+00:00,75059.4765625,75118.859375,74954.7421875,74960.9609375,0
2026-04-17 07:15:00+00:00,74993.9921875,75053.8203125,74964.0390625,75053.8203125,124076032
2026-04-17 07:30:00+00:00,75032.0078125,75034.0078125,74958.671875,74996.4609375,44519424
2026-04-17 07:45:00+00:00,75069.6875,75075.0,74966.8671875,75032.0234375,182882304
2026-04-17 08:00:00+00:00,75082.5,75186.0078125,75029.5390625,75095.40625,663367680
2026-04-17 08:15:00+00:00,75133.03125,75180.421875,75015.359375,75082.5078125,0
2026-04-17 08:30:00+00:00,75363.7734375,75434.9921875,75117.421875,75117.421875,626044928
2026-04-17 08:45:00+00:00,75789.9921875,75888.75,75303.7578125,75372.3515625,1554776064
2026-04-17 09:00:00+00:00,75911.2421875,75912.2421875,75646.1484375,75821.9765625,268050432
2026-04-17 09:15:00+00:00,76331.0625,76370.0,75743.8984375,75913.0625,1164320768
2026-04-17 09:30:00+00:00,75772.4921875,76328.8125,75551.25,76324.390625,1386438656
2026-04-17 09:45:00+00:00,75811.4765625,75926.28125,75690.078125,75779.9765625,276500480
2026-04-17 10:00:00+00:00,75650.109375,75907.140625,75634.2265625,75811.453125,114360320
2026-04-17 10:15:00+00:00,75253.0390625,75760.671875,75253.0390625,75645.8203125,171888640
2026-04-17 10:30:00+00:00,75206.2578125,75379.9765625,75124.2265625,75274.546875,817684480
2026-04-17 10:45:00+00:00,75301.109375,75329.2890625,75131.25,75211.9765625,132304896
2026-04-17 11:00:00+00:00,75348.75,75436.3671875,75273.75,75292.5078125,18341888
2026-04-17 11:15:00+00:00,75494.03125,75505.0,75346.0,75346.0,293769216
2026-04-17 11:30:00+00:00,75413.3125,75592.4921875,75411.9921875,75503.9921875,3141632
2026-04-17 11:45:00+00:00,75622.578125,75633.75,75400.3984375,75406.9921875,0
2026-04-17 12:00:00+00:00,75712.5,75742.4921875,75558.0,75661.6484375,0
2026-04-17 12:15:00+00:00,75807.03125,76005.0,75667.5,75709.5703125,239525888
2026-04-17 12:30:00+00:00,75776.25,75931.28125,75674.0,75816.1015625,309489664
2026-04-17 12:45:00+00:00,76294.609375,76298.359375,75755.6796875,75778.0078125,445214720
2026-04-17 13:00:00+00:00,76945.5,76945.5,76100.0078125,76260.0,1420636160
2026-04-17 13:15:00+00:00,76662.2578125,77023.7890625,76482.2265625,76948.2734375,1369759744
2026-04-17 13:30:00+00:00,76927.5078125,76962.0234375,76209.7734375,76678.7890625,1539702784
2026-04-17 13:45:00+00:00,77388.0,77453.2265625,76694.0,76942.0390625,1349578752
2026-04-17 14:00:00+00:00,77138.0078125,77582.0078125,77065.90625,77434.4609375,286556160
2026-04-17 14:15:00+00:00,77523.7421875,77812.0,77141.2265625,77141.2265625,658391040
2026-04-17 14:30:00+00:00,78071.21875,78142.9765625,77553.96875,77561.2421875,795160576
2026-04-17 14:45:00+00:00,77977.75,78142.4921875,77812.078125,78067.109375,1455243264
2026-04-17 15:00:00+00:00,77892.9296875,78037.2890625,77635.46875,77977.5078125,2699091968
2026-04-17 15:15:00+00:00,77808.859375,78060.0234375,77754.0234375,77900.0390625,666775552
2026-04-17 15:30:00+00:00,77574.1875,77917.3671875,77516.2734375,77796.65625,161456128
2026-04-17 15:45:00+00:00,77843.2734375,77938.046875,77497.6015625,77603.953125,395554816
2026-04-17 16:00:00+00:00,77920.6796875,78093.59375,77785.25,77836.21875,270987264
2026-04-17 16:15:00+00:00,78228.7421875,78340.0390625,77854.71875,77925.2734375,506576896
2026-04-17 16:30:00+00:00,78135.0078125,78332.25,78031.1015625,78206.25,94531584
2026-04-17 16:45:00+00:00,77907.2734375,78135.0078125,77849.0,78135.0078125,240443392
2026-04-17 17:00:00+00:00,77553.75,77955.0078125,77413.9921875,77898.7578125,37355520
2026-04-17 17:15:00+00:00,77281.8203125,77648.046875,77152.5,77540.578125,769011712
2026-04-17 17:30:00+00:00,77496.3515625,77581.1875,77321.03125,77321.03125,452976640
2026-04-17 17:45:00+00:00,77563.5078125,77708.96875,77468.828125,77523.8828125,153649152
2026-04-17 18:00:00+00:00,77172.8515625,77602.4765625,77133.7578125,77576.25,246292480
2026-04-17 18:15:00+00:00,77241.828125,77397.1015625,77137.5,77187.8828125,290144256
2026-04-17 18:30:00+00:00,77420.3828125,77426.609375,77181.4609375,77253.7421875,217030656
2026-04-17 18:45:00+00:00,77206.0,77416.0,77122.5,77402.296875,122023936
2026-04-17 19:00:00+00:00,77264.9921875,77306.2421875,77063.2578125,77210.1328125,0
2026-04-17 19:15:00+00:00,77311.7890625,77425.2421875,77273.53125,77273.53125,280645632
2026-04-17 19:30:00+00:00,77395.9765625,77442.8828125,77254.328125,77354.0625,5136384
2026-04-17 19:45:00+00:00,77517.8671875,77524.0625,77271.1875,77358.75,88702976
2026-04-17 20:00:00+00:00,77553.75,77648.453125,77385.75,77463.8828125,0
2026-04-17 20:15:00+00:00,77404.2265625,77551.171875,77396.25,77538.9296875,241209344
2026-04-17 20:30:00+00:00,77288.0078125,77429.9921875,77188.65625,77404.2421875,22474752
2026-04-17 20:45:00+00:00,77366.96875,77398.0234375,77237.0,77265.0078125,115191808
2026-04-17 21:00:00+00:00,77419.9921875,77449.3125,77348.0,77373.2734375,35840000
2026-04-17 21:15:00+00:00,77471.2578125,77527.4765625,77316.796875,77408.21875,37818368
2026-04-17 21:30:00+00:00,77441.25,77471.2421875,77310.0,77456.2578125,2011136
2026-04-17 21:45:00+00:00,77475.0,77531.2421875,77402.578125,77442.359375,120676352
2026-04-17 22:00:00+00:00,77452.5,77551.5234375,77420.0078125,77473.1328125,140353536
2026-04-17 22:15:00+00:00,77418.75,77492.9296875,77351.25,77460.0,199081984
2026-04-17 22:30:00+00:00,77447.921875,77501.5703125,77366.25,77385.0,1075593216
2026-04-17 22:45:00+00:00,77339.9375,77453.390625,77297.9765625,77447.90625,59478016
2026-04-17 23:00:00+00:00,77232.5,77336.2421875,77205.0078125,77328.0078125,137797632
2026-04-17 23:15:00+00:00,77085.6171875,77232.5078125,76941.9921875,77232.5,106631168
2026-04-17 23:30:00+00:00,77069.53125,77156.2421875,77022.65625,77077.5078125,49164288
2026-04-17 23:45:00+00:00,77098.0078125,77178.0,77070.2109375,77078.0390625,395444224
2026-04-18 00:00:00+00:00,77127.296875,77231.7734375,77071.5078125,77073.75,100552704
2026-04-18 00:15:00+00:00,77255.96875,77267.6484375,77133.7421875,77133.7421875,748728320
2026-04-18 00:30:00+00:00,77047.5,77287.4609375,77047.5,77249.9921875,89243648
2026-04-18 00:45:00+00:00,77196.0,77247.078125,77010.0,77047.5234375,95502336
2026-04-18 01:00:00+00:00,77347.53125,77358.75,77148.7734375,77216.2421875,0
2026-04-18 01:15:00+00:00,77323.46875,77364.7421875,77306.2578125,77336.2578125,88903680
2026-04-18 01:30:00+00:00,77231.2421875,77331.7421875,77231.2421875,77331.359375,132448256
2026-04-18 01:45:00+00:00,77251.96875,77346.0,77171.2578125,77245.7734375,11153408
2026-04-18 02:00:00+00:00,77321.0234375,77321.0234375,77154.2890625,77251.96875,4935680
2026-04-18 02:15:00+00:00,77356.5703125,77447.4296875,77321.0234375,77321.0234375,52277248
2026-04-18 02:30:00+00:00,77355.0,77423.0625,77291.9765625,77356.578125,0
2026-04-18 02:45:00+00:00,77323.5078125,77368.421875,77306.7109375,77355.0,101146624
2026-04-18 03:00:00+00:00,77287.5078125,77328.75,77261.2265625,77321.2421875,0
2026-04-18 03:15:00+00:00,77202.0,77292.8828125,77201.9921875,77280.0,0
2026-04-18 03:30:00+00:00,77195.0078125,77230.703125,77156.25,77212.5,81920
2026-04-18 03:45:00+00:00,77040.0,77249.953125,77001.3125,77195.0078125,66932736
2026-04-18 04:00:00+00:00,77128.609375,77131.78125,77000.0,77025.9921875,149950464
2026-04-18 04:15:00+00:00,77029.890625,77111.2578125,76994.0234375,77111.2578125,128606208
2026-04-18 04:30:00+00:00,77024.0625,77118.75,76926.9296875,77006.2578125,406736896
2026-04-18 04:45:00+00:00,77148.75,77197.5,77040.8671875,77040.8671875,154378240
2026-04-18 05:00:00+00:00,77239.0,77295.0078125,77144.0078125,77144.0234375,0
2026-04-18 05:15:00+00:00,77190.0,77257.3515625,77175.0078125,77236.546875,240762880
2026-04-18 05:30:00+00:00,77192.046875,77216.21875,77150.0,77182.703125,44281856
2026-04-18 05:45:00+00:00,77168.2890625,77189.9609375,77150.0078125,77182.5,8445952
2026-04-18 06:00:00+00:00,77201.2578125,77253.75,77133.7578125,77168.296875,0
2026-04-18 06:15:00+00:00,77130.34375,77215.296875,77091.0,77197.9765625,0
2026-04-18 06:30:00+00:00,77174.9921875,77175.0,77118.53125,77121.2578125,272592896
2026-04-18 06:45:00+00:00,77160.0078125,77189.9921875,77130.6875,77174.9921875,0
2026-04-18 07:00:00+00:00,77103.75,77162.0234375,77083.4765625,77136.328125,0
2026-04-18 07:15:00+00:00,77111.25,77126.171875,77072.0,77103.75,0
2026-04-18 07:30:00+00:00,77066.6015625,77115.0,77000.0,77111.2578125,56713216
2026-04-18 07:45:00+00:00,77020.0078125,77059.421875,76923.078125,77059.421875,0
2026-04-18 08:00:00+00:00,76834.0,77070.390625,76834.0,77020.0234375,0
2026-04-18 08:15:00+00:00,76717.5078125,76886.25,76667.078125,76842.40625,337600512
2026-04-18 08:30:00+00:00,76577.9921875,76793.578125,76534.0234375,76713.75,140804096
2026-04-18 08:45:00+00:00,76760.0234375,76814.9921875,76575.9921875,76575.9921875,0
2026-04-18 09:00:00+00:00,76567.5234375,76743.7421875,76500.0,76732.5,0
2026-04-18 09:15:00+00:00,76608.28125,76612.09375,76450.15625,76561.34375,719036416
2026-04-18 09:30:00+00:00,76656.6171875,76703.6015625,76585.59375,76596.2109375,0
2026-04-18 09:45:00+00:00,76631.2578125,76724.9921875,76558.0078125,76656.6171875,0
2026-04-18 10:00:00+00:00,76327.5703125,76631.2578125,76240.0,76631.2578125,214880256
2026-04-18 10:15:00+00:00,76357.578125,76420.8125,76320.0234375,76328.421875,93908992
2026-04-18 10:30:00+00:00,76263.7578125,76341.640625,76257.3515625,76298.96875,18735104
2026-04-18 10:45:00+00:00,76222.4921875,76313.390625,76170.71875,76257.8515625,91656192
2026-04-18 11:00:00+00:00,75980.96875,76222.5,75952.5,76222.5,198856704
2026-04-18 11:15:00+00:00,76108.453125,76127.7421875,75968.46875,75969.9921875,105263104
2026-04-18 11:30:00+00:00,75877.2734375,76190.0078125,75798.75,76095.0,128331776
2026-04-18 11:45:00+00:00,76069.4609375,76117.9921875,75821.2734375,75877.28125,162295808
2026-04-18 12:00:00+00:00,76241.2734375,76255.4609375,76070.9921875,76074.796875,79736832
2026-04-18 12:15:00+00:00,76177.5078125,76323.7421875,76170.0,76233.75,938156032
2026-04-18 12:30:00+00:00,76210.8125,76252.4921875,76085.4765625,76181.09375,0
2026-04-18 12:45:00+00:00,76239.7578125,76290.0078125,76206.96875,76210.609375,0
2026-04-18 13:00:00+00:00,76189.359375,76239.7578125,76163.796875,76230.828125,0
2026-04-18 13:15:00+00:00,76114.0078125,76248.7421875,76091.2578125,76194.1875,0
2026-04-18 13:30:00+00:00,75980.1328125,76118.78125,75839.9921875,76118.78125,0
2026-04-18 13:45:00+00:00,76148.640625,76193.0,75926.2578125,75992.9609375,0
2026-04-18 14:00:00+00:00,76200.1015625,76204.328125,76106.2578125,76150.0078125,0
2026-04-18 14:15:00+00:00,76174.5625,76218.75,76008.7578125,76196.2578125,0
2026-04-18 14:30:00+00:00,76211.25,76314.09375,76174.5625,76174.5625,0
2026-04-18 14:45:00+00:00,76280.609375,76293.109375,76196.2578125,76222.4921875,0
2026-04-18 15:00:00+00:00,76246.296875,76361.2578125,76168.8671875,76282.1875,0
2026-04-18 15:15:00+00:00,76234.65625,76300.0,76171.0,76241.34375,0
2026-04-18 15:30:00+00:00,76161.5078125,76263.9921875,76161.5,76234.65625,0
2026-04-18 15:45:00+00:00,76191.71875,76220.53125,76050.1328125,76163.609375,0
2026-04-18 16:00:00+00:00,76248.0234375,76249.9765625,76055.9375,76173.09375,0
2026-04-18 16:15:00+00:00,76114.953125,76179.6328125,75823.03125,76179.6328125,36700160
2026-04-18 16:30:00+00:00,76024.5234375,76160.8515625,76014.25,76122.9921875,0
2026-04-18 16:45:00+00:00,75968.1171875,76051.90625,75886.5,76022.0078125,0
2026-04-18 17:00:00+00:00,75864.5390625,75982.5234375,75818.1796875,75955.4765625,0
2026-04-18 17:15:00+00:00,75895.3125,75927.140625,75822.640625,75864.5390625,0
2026-04-18 17:30:00+00:00,75913.1484375,75929.9765625,75878.0078125,75882.578125,0
2026-04-18 17:45:00+00:00,75852.1328125,75925.0,75852.1171875,75908.2109375,0
2026-04-18 18:00:00+00:00,75832.828125,75886.8984375,75723.2421875,75842.0078125,0
2026-04-18 18:15:00+00:00,75690.5625,75832.828125,75636.0078125,75832.828125,430004224
2026-04-18 18:30:00+00:00,75595.0,75691.8203125,75482.96875,75675.6796875,90478592
2026-04-18 18:45:00+00:00,75672.4375,75744.921875,75563.4921875,75611.859375,87820288
2026-04-18 19:00:00+00:00,75784.0078125,75819.46875,75653.71875,75653.71875,0
2026-04-18 19:15:00+00:00,75725.96875,75828.6875,75655.0234375,75784.0078125,0
2026-04-18 19:30:00+00:00,75625.046875,75732.7734375,75611.078125,75725.96875,0
2026-04-18 19:45:00+00:00,75678.90625,75707.96875,75607.84375,75620.7734375,500967424
2026-04-18 20:00:00+00:00,75725.65625,75730.578125,75633.6796875,75688.59375,0
2026-04-18 20:15:00+00:00,75746.7890625,75830.953125,75698.21875,75725.65625,109248512
2026-04-18 20:30:00+00:00,75821.046875,75827.0078125,75730.6171875,75757.5078125,16631808
2026-04-18 20:45:00+00:00,75784.9375,75875.828125,75761.0625,75821.046875,494526464
2026-04-18 21:00:00+00:00,75760.0234375,75875.828125,75743.1328125,75779.0390625,91482112
2026-04-18 21:15:00+00:00,75780.5703125,75788.0,75632.671875,75756.4296875,120907776
2026-04-18 21:30:00+00:00,75760.0234375,75779.1171875,75705.328125,75773.8671875,54659072
2026-04-18 21:45:00+00:00,75854.5703125,75858.71875,75762.109375,75762.109375,0
2026-04-18 22:00:00+00:00,75695.0625,75833.3828125,75655.9765625,75827.4921875,40544256
2026-04-18 22:15:00+00:00,75756.1171875,75756.7734375,75644.1171875,75649.8203125,0
2026-04-18 22:30:00+00:00,75817.78125,75855.328125,75756.1171875,75756.1171875,80097280
2026-04-18 22:45:00+00:00,75846.96875,75914.6796875,75811.546875,75817.7890625,46002176
2026-04-18 23:00:00+00:00,75856.546875,75921.9765625,75842.671875,75861.0390625,0
2026-04-18 23:15:00+00:00,75843.640625,75885.7265625,75825.7890625,75862.4296875,0
2026-04-18 23:30:00+00:00,75789.3984375,75843.640625,75730.59375,75843.6328125,32860160
2026-04-18 23:45:00+00:00,75730.578125,75800.53125,75730.578125,75782.2734375,2629632
2026-04-19 00:00:00+00:00,75810.0078125,75884.0078125,75722.0,75736.0,0
2026-04-19 00:15:00+00:00,75653.046875,75804.9296875,75611.078125,75804.9296875,78952448
2026-04-19 00:30:00+00:00,75614.2890625,75683.4296875,75590.171875,75653.0625,401643520
2026-04-19 00:45:00+00:00,75705.21875,75716.9765625,75611.0625,75617.5234375,13830144
2026-04-19 01:00:00+00:00,75714.4296875,75820.0,75656.8828125,75708.0078125,44941312
2026-04-19 01:15:00+00:00,75578.78125,75707.96875,75578.78125,75707.96875,436660224
2026-04-19 01:30:00+00:00,75576.5078125,75613.4765625,75500.0,75578.7890625,43239424
2026-04-19 01:45:00+00:00,75652.1015625,75674.0625,75576.5078125,75576.5078125,10723328
2026-04-19 02:00:00+00:00,75668.1796875,75668.1796875,75611.3203125,75643.671875,0
2026-04-19 02:15:00+00:00,75522.2265625,75714.34375,75452.0,75680.6796875,84662272
2026-04-19 02:30:00+00:00,75672.5078125,75741.3515625,75485.1015625,75527.09375,123154432
2026-04-19 02:45:00+00:00,75523.859375,75718.2578125,75523.859375,75681.5390625,47831040
2026-04-19 03:00:00+00:00,75572.3125,75579.453125,75398.8671875,75523.859375,114518016
2026-04-19 03:15:00+00:00,75559.3828125,75588.890625,75498.03125,75569.09375,74878976
2026-04-19 03:30:00+00:00,75625.109375,75641.4375,75523.8671875,75562.609375,59705344
2026-04-19 03:45:00+00:00,75549.65625,75668.0,75540.0390625,75632.90625,5142528
2026-04-19 04:00:00+00:00,75737.046875,75772.5703125,75546.4921875,75546.4921875,0
2026-04-19 04:15:00+00:00,75717.578125,75798.40625,75695.0625,75733.8125,79136768
2026-04-19 04:30:00+00:00,75570.5234375,75717.578125,75454.6171875,75717.578125,7120896
2026-04-19 04:45:00+00:00,75700.0078125,75741.9921875,75540.0234375,75577.546875,73490432
2026-04-19 05:00:00+00:00,75592.4765625,75723.8828125,75559.3984375,75695.0625,34580480
2026-04-19 05:15:00+00:00,75600.0234375,75604.609375,75549.6796875,75583.5703125,73271296
2026-04-19 05:30:00+00:00,75632.0078125,75703.5078125,75600.0078125,75600.0234375,1892352
2026-04-19 05:45:00+00:00,75580.0234375,75636.90625,75566.0,75632.0234375,46084096
2026-04-19 06:00:00+00:00,75432.5,75580.0078125,75432.5,75580.0078125,78909440
2026-04-19 06:15:00+00:00,75443.1171875,75477.9921875,75325.0,75437.1015625,201093120
2026-04-19 06:30:00+00:00,75457.4921875,75523.8515625,75442.78125,75442.78125,50542592
2026-04-19 06:45:00+00:00,75429.75,75464.53125,75413.9921875,75462.4921875,53633024
2026-04-19 07:00:00+00:00,75275.140625,75434.921875,75259.0078125,75426.9609375,141709312
2026-04-19 07:15:00+00:00,75022.5234375,75277.4765625,74955.546875,75275.1484375,102766592
2026-04-19 07:30:00+00:00,75225.8984375,75258.328125,75022.578125,75022.578125,664981504
2026-04-19 07:45:00+00:00,75291.1171875,75329.953125,75196.03125,75224.0078125,158052352
2026-04-19 08:00:00+00:00,75300.03125,75318.7890625,75217.0234375,75265.0,77070336
2026-04-19 08:15:00+00:00,75180.0078125,75336.5234375,75180.0078125,75300.0390625,0
2026-04-19 08:30:00+00:00,75265.4765625,75291.0,75113.953125,75184.0,0
2026-04-19 08:45:00+00:00,75293.171875,75309.0,75216.2421875,75268.6875,0
2026-04-19 09:00:00+00:00,75209.046875,75301.4921875,75201.9765625,75292.5390625,0
2026-04-19 09:15:00+00:00,75123.9765625,75220.2421875,75010.28125,75209.046875,0
2026-04-19 09:30:00+00:00,75100.7421875,75203.9921875,75090.046875,75128.8515625,99471360
2026-04-19 09:45:00+00:00,75055.421875,75101.359375,74963.3828125,75094.1875,0
2026-04-19 10:00:00+00:00,75068.890625,75119.109375,74974.7734375,75055.421875,0
2026-04-19 10:15:00+00:00,75120.609375,75142.7265625,75029.6796875,75068.890625,0
2026-04-19 10:30:00+00:00,75120.1171875,75129.8125,75078.140625,75112.0078125,35895296
2026-04-19 10:45:00+00:00,75246.09375,75272.5625,75084.0625,75120.109375,0
2026-04-19 11:00:00+00:00,75454.546875,75481.8828125,75242.0234375,75246.09375,0
2026-04-19 11:15:00+00:00,75417.421875,75574.5,75378.5078125,75448.0078125,479610880
2026-04-19 11:30:00+00:00,75551.34375,75569.078125,75410.8125,75410.8203125,0
2026-04-19 11:45:00+00:00,75637.5234375,75653.0625,75530.0390625,75536.09375,0
2026-04-19 12:00:00+00:00,75678.890625,75692.6875,75552.6796875,75652.3125,38856704
2026-04-19 12:15:00+00:00,75546.4921875,75730.4921875,75533.5625,75700.03125,42057728
2026-04-19 12:30:00+00:00,75539.8671875,75584.0625,75480.0,75556.1484375,45111296
2026-04-19 12:45:00+00:00,75611.90625,75712.078125,75497.046875,75540.2890625,0
2026-04-19 13:00:00+00:00,75808.9296875,75814.578125,75588.3515625,75588.4609375,0
2026-04-19 13:15:00+00:00,76073.9921875,76257.0703125,75769.34375,75801.6484375,493959168
2026-04-19 13:30:00+00:00,76075.953125,76155.9296875,75976.0625,76081.5,181108736
2026-04-19 13:45:00+00:00,75963.1328125,76075.953125,75905.9375,76075.953125,6434816
2026-04-19 14:00:00+00:00,75829.4921875,76045.4921875,75707.9765625,75963.1328125,191623168
2026-04-19 14:15:00+00:00,75999.40625,76066.5,75798.421875,75826.40625,90669056
2026-04-19 14:30:00+00:00,76020.4296875,76036.0234375,75833.9375,76018.046875,94797824
2026-04-19 14:45:00+00:00,76064.9609375,76180.578125,75985.75,76016.8515625,652947456
2026-04-19 15:00:00+00:00,76045.7421875,76082.09375,75911.4609375,76062.84375,475654144
2026-04-19 15:15:00+00:00,76001.8984375,76187.9921875,75931.2890625,76040.671875,189573120
2026-04-19 15:30:00+00:00,75762.8984375,76010.7578125,75450.4765625,76001.8984375,547151872
2026-04-19 15:45:00+00:00,75885.6171875,75913.8984375,75725.0234375,75756.40625,278636544
2026-04-19 16:00:00+00:00,75700.703125,75893.6328125,75669.2109375,75885.6171875,137945088
2026-04-19 16:15:00+00:00,75600.140625,75797.1328125,75584.9921875,75701.8203125,0
2026-04-19 16:30:00+00:00,75595.40625,75730.4921875,75543.3828125,75574.0078125,18628608
2026-04-19 16:45:00+00:00,75416.0078125,75670.109375,75356.0078125,75588.4609375,102971392
2026-04-19 17:00:00+00:00,75297.796875,75419.3515625,75058.15625,75419.3515625,669755392
2026-04-19 17:15:00+00:00,75300.453125,75407.578125,75200.0,75284.84375,45142016
2026-04-19 17:30:00+00:00,75220.140625,75386.9921875,75116.0234375,75308.7421875,170579968
2026-04-19 17:45:00+00:00,74820.8515625,75239.9921875,74707.9921875,75220.1484375,80896000
2026-04-19 18:00:00+00:00,74864.921875,74910.171875,74706.671875,74793.8828125,553476096
2026-04-19 18:15:00+00:00,74838.6796875,74898.859375,74641.4765625,74860.03125,109901824
2026-04-19 18:30:00+00:00,74731.96875,74849.0,74676.0078125,74838.609375,153589760
2026-04-19 18:45:00+00:00,74806.7109375,74826.6484375,74647.5234375,74713.140625,0
2026-04-19 19:00:00+00:00,74980.0078125,75010.2890625,74813.2578125,74813.2578125,86157312
2026-04-19 19:15:00+00:00,74987.9375,75064.1015625,74877.8671875,74975.9765625,59457536
2026-04-19 19:30:00+00:00,75007.296875,75110.421875,74966.3203125,74986.046875,138969088
2026-04-19 19:45:00+00:00,74985.0390625,75055.0,74920.25,74998.6484375,92555264
2026-04-19 20:00:00+00:00,74832.6328125,74985.0390625,74732.5078125,74985.0390625,148537344
2026-04-19 20:15:00+00:00,74785.3125,74835.2734375,74674.0078125,74830.4609375,37482496
2026-04-19 20:30:00+00:00,74580.0,74903.65625,74580.0,74789.3203125,11849728
2026-04-19 20:45:00+00:00,74662.5625,74745.421875,74493.4765625,74572.0,240408576
2026-04-19 21:00:00+00:00,74722.0,74774.5,74606.546875,74662.5625,484933632
2026-04-19 21:15:00+00:00,74777.7421875,74799.9921875,74608.328125,74718.0078125,137914368
2026-04-19 21:30:00+00:00,74772.9296875,74842.3203125,74749.9921875,74777.7265625,82423808
2026-04-19 21:45:00+00:00,74461.203125,74823.6875,74407.84375,74772.9296875,0
2026-04-19 22:00:00+00:00,74047.109375,74438.578125,73853.953125,74423.9921875,1118838784
2026-04-19 22:15:00+00:00,73979.9296875,74098.609375,73802.578125,74013.3671875,549853184
2026-04-19 22:30:00+00:00,74162.0,74206.0234375,73952.3203125,73966.0,653494272
2026-04-19 22:45:00+00:00,74072.5390625,74226.0078125,74060.9921875,74183.1015625,199192576
2026-04-19 23:00:00+00:00,74049.546875,74076.8125,73857.1796875,74076.8125,103438336
2026-04-19 23:15:00+00:00,73915.3203125,74041.2890625,73819.9921875,74041.2890625,294148096
2026-04-19 23:30:00+00:00,73923.828125,73986.3828125,73850.0,73928.0,149712896
2026-04-19 23:45:00+00:00,73815.203125,74002.53125,73815.203125,73921.7734375,153745408
2026-04-20 00:00:00+00:00,74070.359375,74160.796875,73772.9609375,73830.0,423727104
2026-04-20 00:15:00+00:00,74261.46875,74310.0,74101.65625,74103.8515625,278116352
2026-04-20 00:30:00+00:00,74206.6875,74306.15625,74180.0078125,74257.703125,261267456
2026-04-20 00:45:00+00:00,74305.296875,74382.15625,74193.109375,74206.15625,161366016
2026-04-20 01:00:00+00:00,74388.0390625,74388.0390625,74253.0078125,74314.6796875,112910336
2026-04-20 01:15:00+00:00,74325.5234375,74390.59375,74239.796875,74390.59375,87212032
2026-04-20 01:30:00+00:00,74709.6875,74738.453125,74325.53125,74325.53125,591788032
2026-04-20 01:45:00+00:00,74621.4296875,74772.3515625,74585.9921875,74708.90625,625072128
2026-04-20 02:00:00+00:00,74425.34375,74654.9375,74374.0,74623.9921875,73322496
2026-04-20 02:15:00+00:00,74484.5078125,74504.3515625,74337.390625,74382.0,99637248
2026-04-20 02:30:00+00:00,74553.0234375,74553.0234375,74433.9921875,74509.9921875,62496768
2026-04-20 02:45:00+00:00,74439.90625,74553.03125,74439.90625,74553.03125,237131776
2026-04-20 03:00:00+00:00,74527.9921875,74527.9921875,74390.1328125,74448.2734375,5894144
2026-04-20 03:15:00+00:00,74545.21875,74614.0,74428.8828125,74536.8515625,90025984
2026-04-20 03:30:00+00:00,74610.140625,74616.2421875,74492.890625,74547.6875,535609344
2026-04-20 03:45:00+00:00,74665.6171875,74672.9609375,74583.9375,74593.6328125,82550784
2026-04-20 04:00:00+00:00,74539.46875,74669.1875,74539.46875,74666.078125,139982848
2026-04-20 04:15:00+00:00,74538.4921875,74556.21875,74469.0390625,74542.0078125,0
2026-04-20 04:30:00+00:00,74501.9609375,74550.40625,74474.46875,74535.9296875,134875136
2026-04-20 04:45:00+00:00,74593.59375,74645.359375,74501.96875,74501.96875,8396800
2026-04-20 05:00:00+00:00,74387.3203125,74586.0703125,74293.3125,74567.78125,0
2026-04-20 05:15:00+00:00,74173.78125,74364.2890625,74170.4765625,74364.2890625,170786816
2026-04-20 05:30:00+00:00,74151.1171875,74254.9921875,74140.0625,74163.7578125,228923392
2026-04-20 05:45:00+00:00,74297.921875,74336.78125,74136.9375,74147.921875,137598976
2026-04-20 06:00:00+00:00,74325.5234375,74468.5390625,74292.3671875,74315.828125,55478272
2026-04-20 06:15:00+00:00,74370.75,74429.296875,74283.5390625,74328.75,0
2026-04-20 06:30:00+00:00,74812.46875,74910.15625,74407.5390625,74407.5390625,98301952
2026-04-20 06:45:00+00:00,74820.1796875,74848.6015625,74687.078125,74796.0078125,674830336
2026-04-20 07:00:00+00:00,74830.703125,74892.0,74724.4375,74873.421875,42092544
2026-04-20 07:15:00+00:00,75242.5,75582.0078125,74749.0625,74818.3203125,33265664
2026-04-20 07:30:00+00:00,74990.1796875,75275.1328125,74892.8828125,75257.3515625,868253696
2026-04-20 07:45:00+00:00,74860.0234375,75034.7421875,74694.3671875,74967.96875,168671232
2026-04-20 08:00:00+00:00,74852.96875,74901.1875,74689.71875,74860.3828125,91893760
2026-04-20 08:15:00+00:00,74849.2421875,75026.953125,74739.9296875,74845.7265625,199555072
2026-04-20 08:30:00+00:00,74854.0078125,74957.3125,74788.890625,74852.2265625,119300096
2026-04-20 08:45:00+00:00,74758.0078125,74890.046875,74650.28125,74861.3125,761014272
2026-04-20 09:00:00+00:00,75058.4296875,75110.6484375,74726.109375,74745.359375,169259008
2026-04-20 09:15:00+00:00,75064.921875,75176.0234375,75025.0234375,75067.0625,249778176
2026-04-20 09:30:00+00:00,75183.53125,75223.9375,75002.390625,75064.328125,0
2026-04-20 09:45:00+00:00,75100.4375,75269.5234375,75053.296875,75194.0078125,277516288
2026-04-20 10:00:00+00:00,75373.390625,75381.7421875,75105.2578125,75130.3828125,11743232
2026-04-20 10:15:00+00:00,75338.96875,75436.03125,75299.9765625,75381.0625,232058880
2026-04-20 10:30:00+00:00,75206.34375,75340.8203125,75172.1328125,75340.8203125,540037120
2026-04-20 10:45:00+00:00,75068.6875,75231.3671875,75042.171875,75206.390625,9990144
2026-04-20 11:00:00+00:00,75207.9375,75214.84375,75000.2890625,75068.7265625,10682368
2026-04-20 11:15:00+00:00,75200.03125,75300.0,75090.390625,75228.2734375,0
2026-04-20 11:30:00+00:00,75254.796875,75318.2578125,75108.0,75175.7265625,149692416
2026-04-20 11:45:00+00:00,75232.7265625,75317.859375,75186.0234375,75267.8828125,0
2026-04-20 12:00:00+00:00,75382.9375,75428.6328125,75111.2578125,75222.8984375,11227136
2026-04-20 12:15:00+00:00,75452.8125,75669.0078125,75327.8515625,75372.3671875,226328576
2026-04-20 12:30:00+00:00,75254.0,75494.7734375,75136.0,75457.6796875,83193856
2026-04-20 12:45:00+00:00,75322.8671875,75420.578125,75259.9921875,75272.1796875,872968192
2026-04-20 13:00:00+00:00,75265.1484375,75384.5234375,75157.8671875,75349.9296875,177635328
2026-04-20 13:15:00+00:00,75231.3671875,75312.9921875,75032.296875,75272.1796875,451477504
2026-04-20 13:30:00+00:00,75271.9765625,75467.28125,74945.171875,75251.546875,714051584
2026-04-20 13:45:00+00:00,75316.890625,75356.3125,75012.4921875,75235.09375,104370176
2026-04-20 14:00:00+00:00,75108.953125,75346.1875,75079.9921875,75300.0,184369152
2026-04-20 14:15:00+00:00,75611.4921875,75765.2109375,75072.71875,75091.2578125,387743744
2026-04-20 14:30:00+00:00,75376.2109375,75712.0234375,75243.2578125,75593.0625,324726784
2026-04-20 14:45:00+00:00,75071.84375,75468.0078125,74961.1171875,75353.8125,377081856
2026-04-20 15:00:00+00:00,75090.3984375,75116.2421875,74735.7421875,75090.75,404582400
2026-04-20 15:15:00+00:00,75747.390625,75747.390625,75074.0078125,75097.8125,203501568
2026-04-20 15:30:00+00:00,75614.2578125,75757.9375,75552.8515625,75714.6171875,889655296
2026-04-20 15:45:00+00:00,75750.0,75758.078125,75579.75,75590.0,460103680
2026-04-20 16:00:00+00:00,75450.171875,75753.1484375,75444.0078125,75753.1484375,148721664
2026-04-20 16:15:00+00:00,75389.9921875,75546.4296875,75350.34375,75454.1796875,226299904
2026-04-20 16:30:00+00:00,75517.453125,75598.671875,75340.0,75434.671875,216010752
2026-04-20 16:45:00+00:00,75378.7890625,75595.7578125,75328.75,75528.78125,70025216
2026-04-20 17:00:00+00:00,75686.296875,75730.25,75322.359375,75391.21875,0
2026-04-20 17:15:00+00:00,75758.203125,75922.9921875,75646.546875,75661.2109375,246603776
2026-04-20 17:30:00+00:00,75791.59375,75877.140625,75640.0078125,75747.0703125,135864320
2026-04-20 17:45:00+00:00,75937.3125,75998.1484375,75732.421875,75787.8828125,3100672
2026-04-20 18:00:00+00:00,76314.0078125,76333.4921875,75953.3671875,75954.421875,260837376
2026-04-20 18:15:00+00:00,76133.3515625,76356.0,76126.046875,76336.0078125,301899776
2026-04-20 18:30:00+00:00,76207.1171875,76303.5625,76029.9765625,76143.15625,217509888
2026-04-20 18:45:00+00:00,76455.671875,76489.0625,76128.0078125,76188.5703125,129368064
2026-04-20 19:00:00+00:00,76404.9921875,76528.0078125,76346.8828125,76483.3671875,906813440
2026-04-20 19:15:00+00:00,76248.0,76388.8984375,76206.8984375,76388.8984375,417521664
2026-04-20 19:30:00+00:00,76293.921875,76301.328125,76184.859375,76225.6484375,117379072
2026-04-20 19:45:00+00:00,76330.9375,76369.5703125,76248.59375,76296.0078125,431935488
2026-04-20 20:00:00+00:00,76374.09375,76410.03125,76162.3125,76311.109375,378433536
2026-04-20 20:15:00+00:00,76373.2578125,76590.0,76347.0703125,76372.9296875,261701632
2026-04-20 20:30:00+00:00,76288.0078125,76365.921875,76248.6015625,76365.921875,295763968
2026-04-20 20:45:00+00:00,76317.28125,76352.0234375,76277.1796875,76283.7578125,187322368
2026-04-20 21:00:00+00:00,76040.5,76405.7265625,75962.2421875,76330.0,179245056
2026-04-20 21:15:00+00:00,75962.2578125,76083.59375,75907.1328125,76040.5,166731776
2026-04-20 21:30:00+00:00,75917.78125,75973.3828125,75816.0,75958.4609375,174485504
2026-04-20 21:45:00+00:00,75988.0078125,76005.4765625,75909.1796875,75917.78125,23785472
2026-04-20 22:00:00+00:00,76105.96875,76180.578125,76021.5078125,76054.0,0
2026-04-20 22:15:00+00:00,75953.8671875,76150.0234375,75942.0234375,76105.96875,0
2026-04-20 22:30:00+00:00,76025.9921875,76100.9921875,75933.0234375,75953.7890625,52400128
2026-04-20 22:45:00+00:00,76004.671875,76029.34375,75953.8984375,76014.203125,0
2026-04-20 23:00:00+00:00,75787.9296875,75937.7265625,75750.7890625,75912.7734375,93814784
2026-04-20 23:15:00+00:00,75695.7734375,75796.1875,75655.9921875,75787.9375,75288576
2026-04-20 23:30:00+00:00,75809.53125,75848.8515625,75667.34375,75718.1484375,0
2026-04-20 23:45:00+00:00,75875.0390625,75909.15625,75781.5234375,75820.0,8646656
2026-04-21 00:00:00+00:00,75901.6796875,75955.546875,75724.8203125,75876.890625,0
2026-04-21 00:15:00+00:00,75930.0,75955.8203125,75836.109375,75881.0625,53334016
2026-04-21 00:30:00+00:00,75929.8828125,76015.34375,75884.3515625,75955.828125,0
2026-04-21 00:45:00+00:00,76128.1015625,76129.828125,75914.71875,75914.71875,152141824
2026-04-21 01:00:00+00:00,76165.140625,76270.1875,76050.0,76086.0,0
2026-04-21 01:15:00+00:00,76166.0,76174.0,76020.0,76132.921875,50192384
2026-04-21 01:30:00+00:00,76102.4765625,76255.6171875,76019.9921875,76166.0078125,640811008
2026-04-21 01:45:00+00:00,75955.0625,76106.2890625,75906.0234375,76106.2890625,666013696
2026-04-21 02:00:00+00:00,75764.3828125,75958.9375,75739.21875,75955.0703125,56852480
2026-04-21 02:15:00+00:00,75754.5,75829.0,75723.1328125,75758.6796875,66134016
2026-04-21 02:30:00+00:00,75628.6328125,75822.7265625,75626.1171875,75766.84375,22470656
2026-04-21 02:45:00+00:00,75613.75,75701.6796875,75612.0,75634.140625,26394624
2026-04-21 03:00:00+00:00,75586.0,75664.0703125,75526.7265625,75613.75,33697792
2026-04-21 03:15:00+00:00,75658.0,75676.953125,75531.890625,75588.546875,126353408
2026-04-21 03:30:00+00:00,75581.34375,75742.0,75520.0,75656.8515625,12427264
2026-04-21 03:45:00+00:00,75740.578125,75747.390625,75574.0,75574.0,165933056
2026-04-21 04:00:00+00:00,75640.0078125,75783.2734375,75640.0078125,75755.7734375,15544320
2026-04-21 04:15:00+00:00,75655.0078125,75742.9765625,75633.28125,75642.953125,94687232
2026-04-21 04:30:00+00:00,75688.3828125,75759.9296875,75646.8828125,75663.2421875,138817536
2026-04-21 04:45:00+00:00,75840.578125,75850.7109375,75720.0,75760.1171875,12554240
2026-04-21 05:00:00+00:00,75934.046875,75999.9921875,75830.0,75840.0078125,133767168
2026-04-21 05:15:00+00:00,75931.7890625,76010.640625,75887.2109375,75927.3828125,62521344
2026-04-21 05:30:00+00:00,75874.2265625,75929.1015625,75862.09375,75927.4375,101941248
2026-04-21 05:45:00+00:00,75835.7734375,75870.1171875,75815.0,75866.9765625,22949888
2026-04-21 06:00:00+00:00,75813.859375,75847.2265625,75764.0,75835.7734375,0
2026-04-21 06:15:00+00:00,75791.59375,75831.1875,75731.171875,75812.2109375,85012480
2026-04-21 06:30:00+00:00,76020.7421875,76146.0,75787.890625,75796.0,78139392
2026-04-21 06:45:00+00:00,76001.828125,76071.9921875,75991.9375,76036.0,36413440
2026-04-21 07:00:00+00:00,75979.7421875,76008.953125,75851.7421875,76007.7890625,16900096
2026-04-21 07:15:00+00:00,76203.0,76321.09375,75965.5625,75998.171875,52803743744
2026-04-21 07:30:00+00:00,76229.3828125,76323.5390625,76062.46875,76230.15625,90488832
2026-04-21 07:45:00+00:00,76118.09375,76314.0234375,76117.8984375,76221.9609375,321486848
2026-04-21 08:00:00+00:00,76166.6875,76240.7109375,76114.59375,76125.6328125,46407680
2026-04-21 08:15:00+00:00,76376.8828125,76405.6875,76148.1171875,76156.28125,142630912
2026-04-21 08:30:00+00:00,76482.921875,76532.390625,76284.96875,76373.921875,155172864
2026-04-21 08:45:00+00:00,76545.65625,76879.34375,76459.7578125,76480.4609375,478502912
2026-04-21 09:00:00+00:00,76510.25,76596.4921875,76386.90625,76545.609375,186777600
2026-04-21 09:15:00+00:00,76281.46875,76566.46875,76237.7578125,76515.6875,105107456
2026-04-21 09:30:00+00:00,76335.4375,76355.6875,76192.3828125,76286.7890625,65843200
2026-04-21 09:45:00+00:00,76388.3984375,76409.1796875,76287.84375,76340.8671875,225681408
2026-04-21 10:00:00+00:00,76471.8203125,76539.3203125,76382.4609375,76382.4609375,0
2026-04-21 10:15:00+00:00,76546.6328125,76609.34375,76404.25,76462.8515625,118722560
2026-04-21 10:30:00+00:00,76602.8828125,76626.28125,76504.2265625,76551.7421875,49389568
2026-04-21 10:45:00+00:00,76775.1171875,76905.171875,76579.96875,76597.671875,439791616
2026-04-21 11:00:00+00:00,76429.9765625,76789.328125,76376.53125,76786.953125,55091200
2026-04-21 11:15:00+00:00,76706.1796875,76756.671875,76370.0078125,76444.8203125,198451200
2026-04-21 11:30:00+00:00,76511.0234375,76726.1875,76494.109375,76705.296875,248119296
2026-04-21 11:45:00+00:00,76478.6171875,76529.65625,76450.0,76511.0,177958912
2026-04-21 12:00:00+00:00,76287.4921875,76516.390625,76287.4921875,76489.0,54145024
2026-04-21 12:15:00+00:00,76404.0078125,76408.0390625,76271.578125,76286.21875,32739328
2026-04-21 12:30:00+00:00,75847.859375,76548.7734375,75749.3515625,76412.0,110358528
2026-04-21 12:45:00+00:00,76044.5625,76078.9765625,75774.09375,75821.140625,621256704
2026-04-21 13:00:00+00:00,76021.0703125,76109.2109375,75928.046875,76051.25,99045376
2026-04-21 13:15:00+00:00,76061.703125,76157.5625,75994.5078125,76023.09375,0
2026-04-21 13:30:00+00:00,76038.7578125,76198.609375,75752.8203125,76024.90625,30067826688
2026-04-21 13:45:00+00:00,75922.0,76070.609375,75788.4609375,76027.3125,64741376
2026-04-21 14:00:00+00:00,75861.53125,75936.9609375,75751.328125,75936.9609375,0
2026-04-21 14:15:00+00:00,76135.6484375,76303.96875,75865.6875,75884.0,30265696256
2026-04-21 14:30:00+00:00,76495.3203125,76595.0,76132.7890625,76132.7890625,147456
2026-04-21 14:45:00+00:00,75687.4765625,76501.2109375,75658.9765625,76501.2109375,240066560
2026-04-21 15:00:00+00:00,75787.96875,75844.671875,75438.703125,75694.4375,0
2026-04-21 15:15:00+00:00,75708.1796875,75999.3203125,75600.890625,75797.359375,0
2026-04-21 15:30:00+00:00,75708.2734375,75835.96875,75533.5625,75730.0,87113728
2026-04-21 15:45:00+00:00,75849.703125,75849.703125,75625.828125,75720.0,139005952
2026-04-21 16:00:00+00:00,75980.28125,75984.1875,75836.7578125,75869.71875,36802560
2026-04-21 16:15:00+00:00,75878.1015625,76001.71875,75856.9296875,76001.71875,0
2026-04-21 16:30:00+00:00,75907.25,76191.2578125,75855.7578125,75874.59375,18481152
2026-04-21 16:45:00+00:00,75794.9921875,76069.328125,75772.890625,75904.9375,137187328
2026-04-21 17:00:00+00:00,75544.03125,75840.34375,75452.8515625,75782.5234375,37392384
2026-04-21 17:15:00+00:00,75345.6015625,75559.78125,75107.1796875,75559.78125,230854656
2026-04-21 17:30:00+00:00,75799.4765625,75863.9921875,75285.3828125,75324.390625,446214144
2026-04-21 17:45:00+00:00,75567.2578125,75839.21875,75527.09375,75782.5234375,189087744
2026-04-21 18:00:00+00:00,75598.0,75655.1796875,75502.421875,75541.953125,0
2026-04-21 18:15:00+00:00,75487.140625,75664.9921875,75385.328125,75612.0234375,739450880
2026-04-21 18:30:00+00:00,75541.0,75613.5703125,75482.609375,75482.609375,0
2026-04-21 18:45:00+00:00,75622.7890625,75642.921875,75319.203125,75539.0703125,0
2026-04-21 19:00:00+00:00,75624.6796875,75809.3515625,75610.5234375,75633.7578125,33292288
2026-04-21 19:15:00+00:00,75798.34375,75909.4921875,75564.0703125,75674.0,0
2026-04-21 19:30:00+00:00,74874.3671875,75780.21875,74831.6171875,75776.578125,301727744
2026-04-21 19:45:00+00:00,75019.9921875,75066.7265625,74825.9921875,74888.0,355602432
2026-04-21 20:00:00+00:00,75598.390625,75622.1328125,74989.5390625,75004.3671875,0
2026-04-21 20:15:00+00:00,75656.7734375,75789.453125,75474.0,75564.09375,272949248
2026-04-21 20:30:00+00:00,75681.1171875,75868.90625,75666.6796875,75666.6796875,19996672
2026-04-21 20:45:00+00:00,75743.71875,75794.1171875,75598.9375,75685.1171875,54382592
2026-04-21 21:00:00+00:00,75595.421875,75796.6796875,75556.0078125,75740.6796875,0
2026-04-21 21:15:00+00:00,75592.4375,75696.9921875,75562.75,75595.421875,0
2026-04-21 21:30:00+00:00,75482.546875,75657.3515625,75482.546875,75607.6875,0
2026-04-21 21:45:00+00:00,75565.0078125,75604.2265625,75469.859375,75469.859375,5255168
2026-04-21 22:00:00+00:00,75565.71875,75620.28125,75503.3515625,75566.6328125,76210176
2026-04-21 22:15:00+00:00,75389.1875,75555.0,75325.1484375,75555.0,131047424
2026-04-21 22:30:00+00:00,75550.859375,75566.0,75325.5390625,75399.890625,24006656
2026-04-21 22:45:00+00:00,75662.0078125,75662.140625,75510.0078125,75538.0234375,87121920
2026-04-21 23:00:00+00:00,75792.3203125,75883.4921875,75645.0,75645.0,0
2026-04-21 23:15:00+00:00,75803.3125,75886.46875,75776.578125,75793.1015625,89264128
2026-04-21 23:30:00+00:00,76107.703125,76115.9609375,75803.5703125,75812.21875,70459392
2026-04-21 23:45:00+00:00,76356.0,76437.2578125,76097.328125,76097.328125,406863872
2026-04-22 00:00:00+00:00,76435.921875,76519.0703125,76332.109375,76370.0,101564416
2026-04-22 00:15:00+00:00,76287.65625,76455.78125,76268.1796875,76430.0234375,48099328
2026-04-22 00:30:00+00:00,76349.78125,76418.359375,76234.0078125,76302.2578125,788041728
2026-04-22 00:45:00+00:00,76337.15625,76382.3828125,76261.6875,76357.8203125,15200256
2026-04-22 01:00:00+00:00,76403.2578125,76432.9375,76300.0,76370.578125,22740992
2026-04-22 01:15:00+00:00,76175.4765625,76403.2578125,76152.8203125,76403.2578125,183226368
2026-04-22 01:30:00+00:00,76264.5625,76293.3515625,76148.109375,76148.109375,0
2026-04-22 01:45:00+00:00,76316.7890625,76357.5703125,76216.671875,76259.1875,138469376
2026-04-22 02:00:00+00:00,76756.59375,76874.1875,76244.03125,76334.9296875,77037568
2026-04-22 02:15:00+00:00,77235.0,77266.4921875,76809.3203125,76812.0,583409664
2026-04-22 02:30:00+00:00,77270.4765625,77356.0,77097.9921875,77297.28125,684539904
2026-04-22 02:45:00+00:00,77626.0078125,77662.0703125,77163.578125,77270.4921875,348053504
2026-04-22 03:00:00+00:00,77629.7265625,77746.8828125,77496.2109375,77627.359375,519819264
2026-04-22 03:15:00+00:00,77543.5703125,77622.65625,77430.0,77615.0234375,817397760
2026-04-22 03:30:00+00:00,77595.9296875,77602.6796875,77430.0,77555.609375,243798016
2026-04-22 03:45:00+00:00,77541.546875,77637.3828125,77508.1015625,77595.921875,198344704
2026-04-22 04:00:00+00:00,77504.0625,77641.7421875,77501.03125,77547.9921875,289648640
2026-04-22 04:15:00+00:00,77528.1328125,77537.78125,77384.0703125,77502.90625,211804160
2026-04-22 04:30:00+00:00,77570.71875,77715.9765625,77489.421875,77534.8203125,139255808
2026-04-22 04:45:00+00:00,77536.0,77604.0234375,77452.5078125,77570.71875,939802624
2026-04-22 05:00:00+00:00,77561.671875,77606.609375,77463.9921875,77552.03125,151760896
2026-04-22 05:15:00+00:00,78259.9921875,78433.8984375,77543.7265625,77555.609375,957714432
2026-04-22 05:30:00+00:00,78119.90625,78353.546875,78018.921875,78295.1328125,1111207936
2026-04-22 05:45:00+00:00,77991.9296875,78202.9921875,77956.296875,78126.828125,593539072
2026-04-22 06:00:00+00:00,77964.6328125,78022.2421875,77914.9765625,77983.296875,493973504
2026-04-22 06:15:00+00:00,77963.5625,78048.9296875,77934.4765625,77964.6328125,191750144
2026-04-22 06:30:00+00:00,77985.171875,78027.828125,77914.9765625,77989.2265625,69603328
2026-04-22 06:45:00+00:00,78024.40625,78029.0390625,77943.53125,77977.3515625,140320768
2026-04-22 07:00:00+00:00,78114.1875,78128.0,77982.25,78028.9765625,27250688
2026-04-22 07:15:00+00:00,77906.0078125,78114.2265625,77844.2109375,78113.6484375,781287424
2026-04-22 07:30:00+00:00,78069.84375,78077.140625,77858.1484375,77909.2421875,662728704
2026-04-22 07:45:00+00:00,78007.6875,78124.609375,77989.5625,78077.1484375,201424896
2026-04-22 08:00:00+00:00,78159.5390625,78193.953125,78032.1328125,78044.2890625,165801984
2026-04-22 08:15:00+00:00,77980.0,78220.03125,77980.0,78166.53125,371302400
2026-04-22 08:30:00+00:00,77962.9921875,78040.6875,77962.9921875,77984.078125,200568832
2026-04-22 08:45:00+00:00,78029.6875,78084.4375,77960.0,77978.59375,32980992
2026-04-22 09:00:00+00:00,78057.609375,78108.7109375,77971.296875,77993.9765625,99524608
2026-04-22 09:15:00+00:00,78171.9609375,78178.7734375,77974.9765625,78065.6171875,175992832
2026-04-22 09:30:00+00:00,78160.25,78202.1484375,78066.203125,78181.53125,86290432
2026-04-22 09:45:00+00:00,78035.796875,78160.2578125,77989.5625,78160.2578125,36605952
2026-04-22 10:00:00+00:00,78055.25,78072.25,77967.6796875,78015.5625,120037376
2026-04-22 10:15:00+00:00,78089.859375,78096.4921875,77993.203125,78067.28125,95670272
2026-04-22 10:30:00+00:00,78145.3125,78193.2109375,78075.0,78085.46875,94408704
2026-04-22 10:45:00+00:00,78186.5625,78192.6328125,78093.53125,78145.3125,0
2026-04-22 11:00:00+00:00,78177.921875,78308.90625,78120.0078125,78193.953125,134324224
2026-04-22 11:15:00+00:00,78336.03125,78336.03125,78179.6875,78187.1484375,4767744
2026-04-22 11:30:00+00:00,78234.6796875,78385.53125,78206.4765625,78343.6171875,204619776
2026-04-22 11:45:00+00:00,78322.546875,78341.9609375,78238.6171875,78244.90625,82550784
2026-04-22 12:00:00+00:00,78472.4921875,78481.8828125,78248.703125,78329.0,205819904
2026-04-22 12:15:00+00:00,78210.328125,78514.7890625,78183.453125,78442.140625,416264192
2026-04-22 12:30:00+00:00,78217.2890625,78307.1328125,78146.8828125,78193.953125,49958912
2026-04-22 12:45:00+00:00,78262.8984375,78361.5234375,78209.046875,78226.7890625,0
2026-04-22 13:00:00+00:00,78405.640625,78449.453125,78204.1015625,78252.359375,253923328
2026-04-22 13:15:00+00:00,78490.84375,78531.859375,78388.0,78434.84375,235126784
2026-04-22 13:30:00+00:00,78657.921875,78686.03125,78314.796875,78487.9921875,480231424
2026-04-22 13:45:00+00:00,78887.4375,78887.4375,78573.2109375,78640.5078125,535113728
2026-04-22 14:00:00+00:00,79095.0390625,79095.0390625,78745.0078125,78897.609375,309309440
2026-04-22 14:15:00+00:00,79048.0390625,79178.859375,78832.6875,79104.828125,846680064
2026-04-22 14:30:00+00:00,78724.8984375,79073.171875,78625.9765625,79073.171875,515993600
2026-04-22 14:45:00+00:00,79077.25,79126.328125,78723.203125,78734.140625,184696832
2026-04-22 15:00:00+00:00,78980.421875,79145.6015625,78882.71875,79094.859375,0
2026-04-22 15:15:00+00:00,79107.71875,79143.3203125,78882.671875,78995.1484375,256294912
2026-04-22 15:30:00+00:00,79320.7421875,79360.90625,79040.75,79091.859375,610246656
2026-04-22 15:45:00+00:00,79325.3828125,79450.0,79259.75,79320.7265625,701673472
2026-04-22 16:00:00+00:00,79238.578125,79500.0078125,79189.9921875,79371.9296875,204648448
2026-04-22 16:15:00+00:00,78972.421875,79252.109375,78916.65625,79240.1875,250007552
2026-04-22 16:30:00+00:00,78857.96875,79067.1171875,78803.5078125,78944.140625,316391424
2026-04-22 16:45:00+00:00,78777.3671875,78875.6796875,78697.96875,78832.703125,281026560
2026-04-22 17:00:00+00:00,79012.859375,79078.359375,78782.4609375,78782.4609375,130441216
2026-04-22 17:15:00+00:00,78866.15625,79041.6171875,78724.7265625,79019.9921875,87658496
2026-04-22 17:30:00+00:00,78850.0,78927.59375,78788.90625,78868.546875,2080768
2026-04-22 17:45:00+00:00,78923.0,79030.0390625,78741.453125,78847.3125,117858304
2026-04-22 18:00:00+00:00,78994.7578125,79032.640625,78857.0390625,78945.21875,15564800
2026-04-22 18:15:00+00:00,78945.9765625,79026.0,78914.859375,78994.0,0
2026-04-22 18:30:00+00:00,78989.6484375,79048.0390625,78882.359375,78911.7734375,59764736
2026-04-22 18:45:00+00:00,79062.4609375,79198.8984375,78982.3515625,78989.640625,71593984
2026-04-22 19:00:00+00:00,78891.546875,79000.5390625,78740.90625,79000.5390625,172834816
2026-04-22 19:15:00+00:00,79062.640625,79106.3984375,78856.4375,78891.5625,127528960
2026-04-22 19:30:00+00:00,78895.7734375,79105.9921875,78821.9765625,79062.96875,42057728
2026-04-22 19:45:00+00:00,78891.9765625,79004.8984375,78812.25,78897.9921875,0
2026-04-22 20:00:00+00:00,78766.4296875,78946.3828125,78766.4296875,78918.5234375,0
2026-04-22 20:15:00+00:00,78626.25,78787.6328125,78510.7578125,78770.25,140759040
2026-04-22 20:30:00+00:00,78540.0234375,78644.859375,78521.3671875,78614.75,38322176
2026-04-22 20:45:00+00:00,78459.8203125,78551.640625,78440.0,78526.109375,160813056
2026-04-22 21:00:00+00:00,78620.8515625,78631.9375,78447.0234375,78447.0234375,189526016
2026-04-22 21:15:00+00:00,78611.8671875,78638.859375,78583.71875,78620.40625,185176064
2026-04-22 21:30:00+00:00,78791.546875,78791.546875,78611.8671875,78611.8828125,188104704
2026-04-22 21:45:00+00:00,78794.7578125,78858.2421875,78745.2265625,78786.109375,127188992
2026-04-22 22:00:00+00:00,78798.1328125,78865.078125,78730.5078125,78785.2421875,138690560
2026-04-22 22:15:00+00:00,78568.2578125,78799.328125,78566.0,78797.0,0
2026-04-22 22:30:00+00:00,78528.0,78628.6484375,78511.5,78573.140625,218263552
2026-04-22 22:45:00+00:00,78642.8984375,78664.046875,78487.28125,78511.78125,15876096
2026-04-22 23:00:00+00:00,78591.9375,78635.6015625,78496.8984375,78623.9765625,12206080
2026-04-22 23:15:00+00:00,78367.03125,78617.171875,78238.140625,78591.9375,341635072
2026-04-22 23:30:00+00:00,78282.28125,78358.203125,78234.0078125,78358.203125,222961664
2026-04-22 23:45:00+00:00,78208.546875,78339.0390625,78184.0078125,78266.0,0
2026-04-23 00:00:00+00:00,77933.4765625,78426.78125,77931.140625,78208.5390625,58961920
2026-04-23 00:15:00+00:00,78472.78125,78497.84375,77628.0703125,77878.3515625,888799232
2026-04-23 00:30:00+00:00,78456.75,78605.0,78343.609375,78438.5,644870144
2026-04-23 00:45:00+00:00,78449.546875,78484.296875,78299.2578125,78456.75,39174144
2026-04-23 01:00:00+00:00,78307.09375,78469.1484375,78270.2265625,78442.1484375,1059840000
2026-04-23 01:15:00+00:00,78122.6484375,78309.5,78098.3828125,78296.15625,0
2026-04-23 01:30:00+00:00,78324.203125,78419.1171875,78100.0078125,78109.1328125,276086784
2026-04-23 01:45:00+00:00,78382.9921875,78460.9921875,78253.796875,78311.8671875,162684928
2026-04-23 02:00:00+00:00,78180.0078125,78387.390625,78180.0078125,78387.390625,0
2026-04-23 02:15:00+00:00,78062.5625,78240.0234375,78013.6171875,78129.5,0
2026-04-23 02:30:00+00:00,77905.6015625,78146.546875,77789.59375,78063.7734375,0
2026-04-23 02:45:00+00:00,77967.4609375,78048.21875,77795.5625,77916.5390625,883281920
2026-04-23 03:00:00+00:00,77762.5625,78050.4375,77757.6875,77969.6015625,581160960
2026-04-23 03:15:00+00:00,77710.2109375,77781.75,77666.3984375,77757.9921875,115019776
2026-04-23 03:30:00+00:00,77654.0,77740.3828125,77536.0078125,77708.0234375,69775360
2026-04-23 03:45:00+00:00,77778.0,77781.1484375,77578.703125,77671.140625,34115584
2026-04-23 04:00:00+00:00,77871.296875,77890.359375,77698.703125,77748.6484375,0
2026-04-23 04:15:00+00:00,77825.296875,77926.328125,77779.1328125,77863.53125,939290624
2026-04-23 04:30:00+00:00,77894.6484375,77942.1015625,77825.2890625,77825.2890625,80367616
2026-04-23 04:45:00+00:00,77935.4609375,77963.8515625,77868.4296875,77905.59375,0
2026-04-23 05:00:00+00:00,78008.46875,78047.28125,77916.546875,77944.0,84946944
2026-04-23 05:15:00+00:00,77926.5703125,78033.34375,77902.328125,78008.4765625,0
2026-04-23 05:30:00+00:00,77899.1796875,77926.0078125,77800.03125,77912.8984375,0
2026-04-23 05:45:00+00:00,78027.90625,78112.0,77894.09375,77894.09375,453410816
2026-04-23 06:00:00+00:00,78224.046875,78303.4375,78066.1875,78066.1875,0
2026-04-23 06:15:00+00:00,78303.9765625,78358.203125,78193.953125,78224.0625,74735616
2026-04-23 06:30:00+00:00,78201.2421875,78370.4921875,78170.0,78303.6171875,657838080
2026-04-23 06:45:00+00:00,78240.0078125,78265.2734375,78124.546875,78204.890625,58982400
2026-04-23 07:00:00+00:00,78159.5,78281.7734375,78153.78125,78259.9921875,0
2026-04-23 07:15:00+00:00,78181.0390625,78223.2890625,78143.953125,78175.859375,0
2026-04-23 07:30:00+00:00,78132.5078125,78211.5078125,78074.6171875,78181.0390625,15368192
2026-04-23 07:45:00+00:00,78086.140625,78172.28125,78006.6171875,78150.859375,472563712
2026-04-23 08:00:00+00:00,78140.40625,78204.3125,77981.2734375,78086.140625,0
2026-04-23 08:15:00+00:00,78008.2734375,78157.0078125,77984.7890625,78140.3984375,0
2026-04-23 08:30:00+00:00,77750.40625,77992.7109375,77750.3984375,77982.8515625,56070144
2026-04-23 08:45:00+00:00,77877.34375,77915.75,77748.0234375,77758.546875,607064064
2026-04-23 09:00:00+00:00,77592.3515625,77887.46875,77467.7578125,77877.3515625,335089664
2026-04-23 09:15:00+00:00,77632.546875,77704.8984375,77531.546875,77598.828125,423976960
2026-04-23 09:30:00+00:00,77748.8828125,77787.203125,77650.546875,77650.546875,100286464
2026-04-23 09:45:00+00:00,77675.1875,77766.0,77568.34375,77748.8828125,19488768
2026-04-23 10:00:00+00:00,77242.640625,77737.90625,77216.890625,77672.0078125,430776320
2026-04-23 10:15:00+00:00,77416.0,77419.6796875,77229.3671875,77229.3671875,879722496
2026-04-23 10:30:00+00:00,77399.6171875,77466.53125,77366.6484375,77410.0234375,4849664
2026-04-23 10:45:00+00:00,77425.90625,77491.28125,77328.3828125,77404.0703125,37965824
2026-04-23 11:00:00+00:00,77419.6875,77528.8828125,77419.6875,77463.3515625,65306624
2026-04-23 11:15:00+00:00,77496.0234375,77526.15625,77409.15625,77419.6875,11718656
2026-04-23 11:30:00+00:00,77613.7109375,77616.2265625,77407.78125,77503.921875,0
2026-04-23 11:45:00+00:00,77722.2890625,77768.8671875,77606.890625,77606.890625,79749120
2026-04-23 12:00:00+00:00,77744.7421875,77856.5625,77722.328125,77722.328125,109391872
2026-04-23 12:15:00+00:00,77790.8203125,77790.8203125,77657.4765625,77739.6875,57495552
2026-04-23 12:30:00+00:00,77791.78125,77901.8828125,77743.7109375,77795.1796875,87027712
2026-04-23 12:45:00+00:00,77904.1015625,77904.1015625,77609.4765625,77792.421875,32112640
2026-04-23 13:00:00+00:00,77685.78125,77943.671875,77685.78125,77894.0078125,13717504
2026-04-23 13:15:00+00:00,77627.546875,77752.0078125,77605.7421875,77698.390625,0
2026-04-23 13:30:00+00:00,77566.4609375,77725.6015625,77554.65625,77651.3515625,47534080
2026-04-23 13:45:00+00:00,77558.5,77694.59375,77422.5,77545.3515625,0
2026-04-23 14:00:00+00:00,77549.59375,77678.359375,77446.3671875,77514.6796875,12947456
2026-04-23 14:15:00+00:00,77749.0078125,77988.4296875,77508.6328125,77561.1328125,0
2026-04-23 14:30:00+00:00,77927.796875,78005.296875,77766.1484375,77766.1484375,0
2026-04-23 14:45:00+00:00,78216.578125,78238.5703125,77884.0,77938.2734375,81588224
2026-04-23 15:00:00+00:00,78144.640625,78225.3984375,78012.046875,78214.4375,82006016
2026-04-23 15:15:00+00:00,78426.7421875,78716.328125,78103.4609375,78148.03125,0
2026-04-23 15:30:00+00:00,78516.109375,78640.109375,78346.296875,78411.90625,195702784
2026-04-23 15:45:00+00:00,78413.1796875,78505.0,78296.703125,78505.0,100085760
2026-04-23 16:00:00+00:00,78344.6484375,78544.65625,78331.4921875,78420.7265625,0
2026-04-23 16:15:00+00:00,78327.7109375,78484.4609375,78284.109375,78330.796875,0
2026-04-23 16:30:00+00:00,78362.6015625,78497.9921875,78307.6015625,78325.0,27176960
2026-04-23 16:45:00+00:00,78128.6015625,78400.3671875,78068.0,78363.796875,14794752
2026-04-23 17:00:00+00:00,77870.6484375,78218.53125,77697.8671875,78142.15625,141557760
2026-04-23 17:15:00+00:00,77625.7890625,77871.78125,77593.3203125,77845.40625,216870912
2026-04-23 17:30:00+00:00,77209.9765625,77757.78125,77017.8515625,77636.390625,662142976
2026-04-23 17:45:00+00:00,77796.421875,77834.796875,76986.296875,77176.171875,678240256
2026-04-23 18:00:00+00:00,78000.0234375,78172.6875,77766.953125,77766.953125,792723456
2026-04-23 18:15:00+00:00,77939.0703125,78085.8984375,77893.703125,78005.2890625,470568960
2026-04-23 18:30:00+00:00,78079.703125,78145.171875,77958.7890625,77958.7890625,308023296
2026-04-23 18:45:00+00:00,77739.09375,78078.3125,77713.9765625,78064.46875,22925312
2026-04-23 19:00:00+00:00,77733.046875,77797.6015625,77629.25,77698.0625,577875968
2026-04-23 19:15:00+00:00,77882.1796875,77922.2109375,77748.0,77751.1015625,99950592
2026-04-23 19:30:00+00:00,77680.6015625,77918.703125,77668.2578125,77880.203125,83386368
2026-04-23 19:45:00+00:00,77743.15625,77837.890625,77698.390625,77698.390625,55181312
2026-04-23 20:00:00+00:00,77820.046875,77927.46875,77669.8984375,77732.5390625,193241088
2026-04-23 20:15:00+00:00,77759.4921875,77853.3828125,77705.2265625,77836.46875,0
2026-04-23 20:30:00+00:00,78008.390625,78070.3984375,77738.8515625,77759.5,70213632
2026-04-23 20:45:00+00:00,77906.1015625,78043.5625,77868.109375,78014.6015625,2674688
2026-04-23 21:00:00+00:00,77906.90625,77935.9609375,77846.4921875,77906.6015625,27467776
2026-04-23 21:15:00+00:00,77941.9921875,77941.9921875,77811.0,77899.90625,0
2026-04-23 21:30:00+00:00,78080.171875,78091.9609375,77945.078125,77945.078125,713375744
2026-04-23 21:45:00+00:00,77901.0390625,78064.2109375,77901.0390625,78064.2109375,21250048
2026-04-23 22:00:00+00:00,78089.9765625,78204.890625,77912.2734375,77912.2734375,76554240
2026-04-23 22:15:00+00:00,78191.3125,78283.46875,78064.21875,78101.25,249790464
2026-04-23 22:30:00+00:00,78336.9921875,78336.9921875,78193.15625,78193.15625,73891840
2026-04-23 22:45:00+00:00,78262.2421875,78366.1875,78231.6171875,78340.09375,0
2026-04-23 23:00:00+00:00,78116.9921875,78260.3203125,78110.0,78220.046875,0
2026-04-23 23:15:00+00:00,78155.3515625,78176.28125,78051.8125,78090.0,16822272
2026-04-23 23:30:00+00:00,78275.9921875,78302.8984375,78149.0078125,78158.1484375,0
2026-04-23 23:45:00+00:00,78281.3203125,78327.0,78236.90625,78279.8828125,114905088
2026-04-24 00:00:00+00:00,78321.4609375,78370.0078125,78197.1796875,78320.3828125,0
2026-04-24 00:15:00+00:00,78433.1015625,78494.0078125,78272.59375,78334.7421875,0
2026-04-24 00:30:00+00:00,78408.0,78516.328125,78394.75,78433.1015625,0
2026-04-24 00:45:00+00:00,78439.5625,78494.859375,78350.53125,78408.0,0
2026-04-24 01:00:00+00:00,78180.421875,78447.9765625,78118.1171875,78447.9765625,0
2026-04-24 01:15:00+00:00,78054.03125,78198.1875,78036.3125,78194.390625,167849984
2026-04-24 01:30:00+00:00,78078.1171875,78169.2578125,77989.8125,78056.8203125,14188544
2026-04-24 01:45:00+00:00,78465.1328125,78483.0703125,78054.0703125,78078.1171875,169287680
2026-04-24 02:00:00+00:00,78422.28125,78570.0234375,78327.359375,78442.6484375,149434368
2026-04-24 02:15:00+00:00,78284.296875,78420.0078125,78270.3203125,78414.5,1187840
2026-04-24 02:30:00+00:00,78438.171875,78438.171875,78284.296875,78285.6484375,85929984
2026-04-24 02:45:00+00:00,78154.1015625,78461.75,78108.0234375,78448.6015625,7266304
2026-04-24 03:00:00+00:00,78157.203125,78215.0234375,78105.0078125,78166.4765625,124276736
2026-04-24 03:15:00+00:00,77800.0,78157.2109375,77713.578125,78157.2109375,0
2026-04-24 03:30:00+00:00,77669.4375,77779.0,77590.5078125,77779.0,358752256
2026-04-24 03:45:00+00:00,77755.390625,77769.578125,77661.2109375,77663.5234375,33341440
2026-04-24 04:00:00+00:00,77748.859375,77767.953125,77700.96875,77744.90625,19673088
2026-04-24 04:15:00+00:00,77634.859375,77871.9296875,77631.5,77748.8515625,110727168
2026-04-24 04:30:00+00:00,77655.0,77689.09375,77532.0078125,77633.0078125,109637632
2026-04-24 04:45:00+00:00,77682.90625,77766.59375,77629.328125,77675.0,107188224
2026-04-24 05:00:00+00:00,77576.171875,77710.0,77571.3203125,77673.6015625,42373120
2026-04-24 05:15:00+00:00,77654.703125,77664.2734375,77465.8984375,77568.4609375,653406208
2026-04-24 05:30:00+00:00,77725.8828125,77778.40625,77673.96875,77676.6875,3137536
2026-04-24 05:45:00+00:00,77974.2890625,78039.390625,77731.0,77731.0,70971392
2026-04-24 06:00:00+00:00,77963.2734375,77999.1015625,77915.6875,77992.1328125,52027392
2026-04-24 06:15:00+00:00,77855.9609375,77992.25,77838.859375,77971.1875,0
2026-04-24 06:30:00+00:00,77850.296875,77913.9921875,77786.2890625,77876.3203125,187379712
2026-04-24 06:45:00+00:00,77813.1171875,77937.09375,77806.8984375,77831.703125,23506944
2026-04-24 07:00:00+00:00,77785.203125,77878.203125,77772.796875,77805.0,6778880
2026-04-24 07:15:00+00:00,77737.6171875,77803.0078125,77670.5,77777.78125,32784384
2026-04-24 07:30:00+00:00,77678.0078125,77751.859375,77653.65625,77744.890625,302989312
2026-04-24 07:45:00+00:00,77676.9609375,77760.390625,77568.4375,77689.8515625,322256896
2026-04-24 08:00:00+00:00,77713.5234375,77722.8828125,77593.203125,77676.9609375,350105600
2026-04-24 08:15:00+00:00,77878.703125,78029.9765625,77722.9921875,77722.9921875,150929408
2026-04-24 08:30:00+00:00,77768.796875,77883.0234375,77749.1171875,77883.0234375,129773568
2026-04-24 08:45:00+00:00,77808.7265625,77896.421875,77767.7265625,77770.34375,0
2026-04-24 09:00:00+00:00,77530.1796875,77826.0703125,77436.0,77811.4296875,0
2026-04-24 09:15:00+00:00,77508.28125,77633.7734375,77478.3125,77552.2890625,75517952
2026-04-24 09:30:00+00:00,77604.15625,77604.15625,77439.6015625,77516.2265625,78241792
2026-04-24 09:45:00+00:00,77551.890625,77597.578125,77497.40625,77597.578125,74493952
2026-04-24 10:00:00+00:00,77527.8828125,77547.9375,77457.2109375,77528.6171875,0
2026-04-24 10:15:00+00:00,77697.25,77765.5078125,77527.6015625,77527.6015625,0
2026-04-24 10:30:00+00:00,77665.8203125,77725.9375,77638.171875,77692.640625,86441984
2026-04-24 10:45:00+00:00,77762.453125,77798.3125,77628.3203125,77665.8125,71520256
2026-04-24 11:00:00+00:00,78247.9765625,78303.4375,77762.4375,77776.0234375,648019968
2026-04-24 11:15:00+00:00,78350.7890625,78350.7890625,78123.0390625,78233.703125,412475392
2026-04-24 11:30:00+00:00,78318.90625,78395.2734375,78279.9921875,78352.421875,203567104
2026-04-24 11:45:00+00:00,78256.09375,78316.2265625,78200.0,78316.2265625,18583552
2026-04-24 12:00:00+00:00,78340.6796875,78348.3671875,78207.453125,78272.96875,44683264
2026-04-24 12:15:00+00:00,78296.890625,78377.046875,78246.140625,78334.0078125,44863488
2026-04-24 12:30:00+00:00,78216.7734375,78310.5390625,78188.640625,78299.2265625,5005312
2026-04-24 12:45:00+00:00,78290.6484375,78305.09375,78056.8828125,78218.546875,0
2026-04-24 13:00:00+00:00,78382.109375,78447.7578125,78290.640625,78290.640625,93655040
2026-04-24 13:15:00+00:00,78185.359375,78430.0703125,78173.5703125,78388.8828125,182046720
2026-04-24 13:30:00+00:00,78205.3125,78313.2890625,78090.3671875,78152.546875,184557568
2026-04-24 13:45:00+00:00,78107.859375,78257.5703125,77922.9609375,78223.65625,34918400
2026-04-24 14:00:00+00:00,77903.28125,78083.6796875,77816.6796875,78067.28125,203431936
2026-04-24 14:15:00+00:00,77726.0,78039.40625,77709.7578125,77904.7421875,98508800
2026-04-24 14:30:00+00:00,78010.40625,78037.75,77704.1875,77742.5625,66490368
2026-04-24 14:45:00+00:00,78074.15625,78096.0078125,77913.1171875,78008.0078125,14004224
2026-04-24 15:00:00+00:00,77753.6015625,78057.9921875,77619.9921875,78057.9921875,113795072
2026-04-24 15:15:00+00:00,77840.9609375,77899.3671875,77706.4765625,77760.0,0
2026-04-24 15:30:00+00:00,78004.9609375,78019.109375,77735.6875,77843.7734375,0
2026-04-24 15:45:00+00:00,78068.03125,78237.5625,77962.0,78054.0,0
2026-04-24 16:00:00+00:00,77814.71875,78081.2421875,77814.71875,78077.078125,4177920
2026-04-24 16:15:00+00:00,77737.1875,77815.6171875,77657.4296875,77804.671875,164720640
2026-04-24 16:30:00+00:00,77736.0,77917.1796875,77606.46875,77755.671875,870309888
2026-04-24 16:45:00+00:00,77804.0390625,77813.8828125,77654.171875,77741.25,1703936
2026-04-24 17:00:00+00:00,77776.71875,77790.6875,77633.171875,77772.296875,0
2026-04-24 17:15:00+00:00,77697.96875,77778.640625,77611.9296875,77775.3828125,0
2026-04-24 17:30:00+00:00,77614.9921875,77735.9921875,77502.6015625,77700.0625,0
2026-04-24 17:45:00+00:00,77707.1484375,77831.84375,77577.4375,77614.9765625,0
2026-04-24 18:00:00+00:00,77556.953125,77741.890625,77545.390625,77691.4609375,0
2026-04-24 18:15:00+00:00,77518.7578125,77571.9921875,77385.90625,77545.7578125,0
2026-04-24 18:30:00+00:00,77600.0234375,77663.828125,77507.953125,77527.4921875,83269632
2026-04-24 18:45:00+00:00,77637.609375,77648.0,77571.1484375,77600.0703125,87410688
2026-04-24 19:00:00+00:00,77625.671875,77767.40625,77588.0234375,77680.2265625,0
2026-04-24 19:15:00+00:00,77602.1328125,77693.90625,77556.3203125,77636.2421875,15521792
2026-04-24 19:30:00+00:00,77637.046875,77683.5078125,77578.7578125,77609.3984375,110305280
2026-04-24 19:45:00+00:00,77659.71875,77668.7890625,77567.8984375,77637.0625,52439040
2026-04-24 20:00:00+00:00,77660.921875,77664.796875,77549.640625,77657.0234375,0
2026-04-24 20:15:00+00:00,77564.5078125,77673.671875,77480.0,77657.28125,103819264
2026-04-24 20:30:00+00:00,77647.4609375,77689.0078125,77565.0625,77570.2890625,40642560
2026-04-24 20:45:00+00:00,77748.6796875,77781.921875,77660.5625,77661.7421875,37218304
2026-04-24 21:00:00+00:00,77611.359375,77785.0,77611.359375,77748.6796875,139765760
2026-04-24 21:15:00+00:00,77650.59375,77686.5078125,77600.8984375,77611.3671875,132904960
2026-04-24 21:30:00+00:00,77588.3984375,77664.0703125,77579.2109375,77642.0,135776256
2026-04-24 21:45:00+00:00,77565.453125,77623.859375,77565.453125,77577.3515625,31469568
2026-04-24 22:00:00+00:00,77635.03125,77636.5078125,77545.2109375,77572.0390625,0
2026-04-24 22:15:00+00:00,77572.6484375,77650.71875,77572.6484375,77629.9921875,148224000
2026-04-24 22:30:00+00:00,77316.828125,77572.65625,77306.0625,77572.65625,62363648
2026-04-24 22:45:00+00:00,77360.0,77412.859375,77324.0234375,77339.890625,587358208
2026-04-24 23:00:00+00:00,77410.3203125,77429.8125,77358.828125,77368.640625,29112320
2026-04-24 23:15:00+00:00,77432.1015625,77443.0,77364.0078125,77406.0703125,86685696
2026-04-24 23:30:00+00:00,77463.7578125,77484.9765625,77425.4296875,77432.1015625,81889280
2026-04-24 23:45:00+00:00,77461.796875,77470.296875,77441.390625,77453.359375,92020736
2026-04-25 00:00:00+00:00,77450.640625,77518.6015625,77434.0078125,77471.1796875,174610432
2026-04-25 00:15:00+00:00,77341.796875,77464.9296875,77329.2890625,77450.6328125,2508800
2026-04-25 00:30:00+00:00,77392.2578125,77442.109375,77341.796875,77341.796875,94328832
2026-04-25 00:45:00+00:00,77483.4375,77483.4375,77392.2734375,77392.2734375,92006400
2026-04-25 01:00:00+00:00,77532.0,77543.3828125,77461.0078125,77498.0078125,0
2026-04-25 01:15:00+00:00,77509.671875,77571.0078125,77496.5625,77532.0078125,15108096
2026-04-25 01:30:00+00:00,77582.7578125,77582.7578125,77509.671875,77509.671875,61487104
2026-04-25 01:45:00+00:00,77559.96875,77645.4609375,77559.9609375,77584.453125,36237312
2026-04-25 02:00:00+00:00,77563.9296875,77661.7421875,77518.78125,77559.96875,0
2026-04-25 02:15:00+00:00,77658.4921875,77662.3984375,77548.0234375,77568.0390625,115197952
2026-04-25 02:30:00+00:00,77650.7109375,77669.53125,77640.8828125,77658.5,104130560
2026-04-25 02:45:00+00:00,77639.1796875,77662.0625,77624.4765625,77650.71875,0
2026-04-25 03:00:00+00:00,77606.7890625,77691.1484375,77592.5703125,77654.5703125,17557504
2026-04-25 03:15:00+00:00,77581.8515625,77633.109375,77574.6796875,77606.7890625,0
2026-04-25 03:30:00+00:00,77700.0078125,77714.8203125,77581.84375,77581.8515625,0
2026-04-25 03:45:00+00:00,77674.0,77736.1171875,77659.0234375,77700.0078125,0
2026-04-25 04:00:00+00:00,77696.65625,77726.15625,77649.4609375,77699.90625,36710400
2026-04-25 04:15:00+00:00,77667.1328125,77719.4375,77654.0078125,77684.9375,0
2026-04-25 04:30:00+00:00,77637.0390625,77676.0,77621.8984375,77667.1328125,0
2026-04-25 04:45:00+00:00,77641.15625,77663.0703125,77629.921875,77637.03125,0
2026-04-25 05:00:00+00:00,77529.359375,77634.3203125,77509.6796875,77634.3203125,60336128
2026-04-25 05:15:00+00:00,77541.1015625,77561.6171875,77519.546875,77529.3515625,0
2026-04-25 05:30:00+00:00,77555.609375,77577.5625,77513.9765625,77513.9765625,29607936
2026-04-25 05:45:00+00:00,77542.1875,77576.1796875,77535.0,77555.6015625,148346880
2026-04-25 06:00:00+00:00,77569.9609375,77587.4609375,77545.75,77545.75,78708736
2026-04-25 06:15:00+00:00,77511.28125,77574.9609375,77506.7109375,77569.9609375,23449600
2026-04-25 06:30:00+00:00,77548.453125,77585.1171875,77516.2421875,77516.2421875,35751936
2026-04-25 06:45:00+00:00,77526.421875,77609.28125,77526.421875,77548.453125,59783168
2026-04-25 07:00:00+00:00,77506.390625,77510.0078125,77470.0,77510.0078125,18001920
2026-04-25 07:15:00+00:00,77565.1171875,77565.1171875,77496.5625,77505.21875,0
2026-04-25 07:30:00+00:00,77550.0390625,77598.0390625,77532.640625,77549.0625,0
2026-04-25 07:45:00+00:00,77532.9609375,77585.1171875,77530.4296875,77550.1328125,12326912
2026-04-25 08:00:00+00:00,77585.1171875,77612.4375,77510.9375,77514.2578125,0
2026-04-25 08:15:00+00:00,77598.8828125,77608.1796875,77565.453125,77585.1328125,0
2026-04-25 08:30:00+00:00,77663.828125,77686.796875,77608.0703125,77608.0703125,0
2026-04-25 08:45:00+00:00,77672.6484375,77672.6484375,77645.0,77663.828125,0
2026-04-25 09:00:00+00:00,77657.28125,77686.796875,77635.21875,77686.796875,0
2026-04-25 09:15:00+00:00,77615.0234375,77663.84375,77612.0,77654.0,0
2026-04-25 09:30:00+00:00,77756.4375,77784.046875,77615.0234375,77615.0234375,0
2026-04-25 09:45:00+00:00,77738.1875,77805.890625,77733.21875,77757.453125,49827840
2026-04-25 10:00:00+00:00,77793.9921875,77815.9921875,77745.6484375,77745.6484375,17952768
2026-04-25 10:15:00+00:00,77849.59375,77867.1875,77786.4296875,77794.0,0
2026-04-25 10:30:00+00:00,77838.5703125,77910.3515625,77809.96875,77849.59375,46833664
2026-04-25 10:45:00+00:00,77809.4765625,77854.046875,77804.8828125,77838.6796875,0
2026-04-25 11:00:00+00:00,77765.53125,77809.46875,77762.25,77809.46875,0
2026-04-25 11:15:00+00:00,77695.0078125,77784.421875,77670.0,77769.3984375,0
2026-04-25 11:30:00+00:00,77663.8515625,77704.328125,77654.0,77695.0234375,5758976
2026-04-25 11:45:00+00:00,77697.3984375,77724.0390625,77636.171875,77673.7734375,0
2026-04-25 12:00:00+00:00,77710.5625,77725.6875,77645.9765625,77704.5078125,0
2026-04-25 12:15:00+00:00,77628.0078125,77736.953125,77628.0078125,77710.546875,0
2026-04-25 12:30:00+00:00,77575.2734375,77642.8828125,77566.6875,77628.0234375,56522752
2026-04-25 12:45:00+00:00,77575.28125,77599.921875,77565.4375,77575.2734375,0
2026-04-25 13:00:00+00:00,77663.4921875,77666.171875,77580.3671875,77580.3671875,0
2026-04-25 13:15:00+00:00,77636.828125,77664.859375,77624.4921875,77663.4921875,0
2026-04-25 13:30:00+00:00,77698.921875,77698.921875,77616.3515625,77636.828125,0
2026-04-25 13:45:00+00:00,77701.359375,77731.703125,77668.28125,77698.90625,0
2026-04-25 14:00:00+00:00,77704.0234375,77768.6171875,77652.09375,77701.359375,0
2026-04-25 14:15:00+00:00,77743.0,77755.6796875,77678.71875,77713.0390625,25874432
2026-04-25 14:30:00+00:00,77749.546875,77768.796875,77726.0,77743.0,0
2026-04-25 14:45:00+00:00,77679.9609375,77768.0,77670.0,77749.546875,0
2026-04-25 15:00:00+00:00,77695.96875,77708.046875,77667.1171875,77679.953125,0
2026-04-25 15:15:00+00:00,77728.0078125,77740.7578125,77692.09375,77695.96875,0
2026-04-25 15:30:00+00:00,77684.09375,77744.0234375,77684.09375,77732.3125,0
2026-04-25 15:45:00+00:00,77354.0625,77684.1015625,77345.0,77684.1015625,0
2026-04-25 16:00:00+00:00,77471.578125,77480.171875,77322.0,77332.5703125,112381952
2026-04-25 16:15:00+00:00,77428.0,77483.4296875,77351.09375,77471.75,0
2026-04-25 16:30:00+00:00,77390.9765625,77472.6484375,77199.0234375,77422.59375,31254528
2026-04-25 16:45:00+00:00,77427.6875,77435.0625,77366.40625,77401.4296875,64739328
2026-04-25 17:00:00+00:00,77386.0078125,77427.6796875,77386.0,77427.6796875,0
2026-04-25 17:15:00+00:00,77352.7265625,77433.75,77328.90625,77386.0078125,2422784
2026-04-25 17:30:00+00:00,77334.0234375,77362.078125,77273.53125,77362.078125,0
2026-04-25 17:45:00+00:00,77274.53125,77330.859375,77236.1328125,77330.859375,0
2026-04-25 18:00:00+00:00,77305.4375,77354.0078125,77242.171875,77242.171875,0
2026-04-25 18:15:00+00:00,77342.3828125,77348.75,77280.8671875,77305.4375,0
2026-04-25 18:30:00+00:00,77329.28125,77414.5625,77329.28125,77342.3828125,40677376
2026-04-25 18:45:00+00:00,77311.0,77386.1796875,77311.0,77328.1171875,49731584
2026-04-25 19:00:00+00:00,77348.0390625,77350.25,77300.0,77309.6015625,112803840
2026-04-25 19:15:00+00:00,77272.96875,77372.3515625,77270.2421875,77348.0390625,47040512
2026-04-25 19:30:00+00:00,77210.0078125,77277.671875,77210.0078125,77272.96875,21704704
2026-04-25 19:45:00+00:00,77339.7734375,77350.1484375,77210.0,77210.0,0
2026-04-25 20:00:00+00:00,77370.5390625,77393.59375,77324.5703125,77371.90625,0
2026-04-25 20:15:00+00:00,77443.2734375,77449.2421875,77363.6328125,77370.53125,0
2026-04-25 20:30:00+00:00,77421.1171875,77446.7109375,77415.4375,77438.71875,0
2026-04-25 20:45:00+00:00,77497.0703125,77506.6015625,77421.1171875,77421.1328125,0
2026-04-25 21:00:00+00:00,77524.546875,77553.5390625,77498.2109375,77498.2109375,0
2026-04-25 21:15:00+00:00,77501.1328125,77544.46875,77501.1171875,77524.5390625,0
2026-04-25 21:30:00+00:00,77485.890625,77543.4296875,77434.25,77532.640625,0
2026-04-25 21:45:00+00:00,77555.4921875,77555.4921875,77485.890625,77485.890625,4653056
2026-04-25 22:00:00+00:00,77529.9765625,77576.4921875,77519.7109375,77548.8984375,2424832
2026-04-25 22:15:00+00:00,77576.703125,77594.0,77519.5234375,77520.0,7868416
2026-04-25 22:30:00+00:00,77616.3515625,77662.2578125,77578.40625,77578.40625,0
2026-04-25 22:45:00+00:00,77575.2734375,77601.9765625,77551.1484375,77598.2421875,0
2026-04-25 23:00:00+00:00,77604.4921875,77635.71875,77545.7734375,77577.96875,145259520
2026-04-25 23:15:00+00:00,77614.5234375,77624.4765625,77580.4375,77604.4921875,23043072
2026-04-25 23:30:00+00:00,77626.78125,77666.4765625,77595.296875,77614.5234375,0
2026-04-25 23:45:00+00:00,77650.7109375,77650.71875,77614.0234375,77626.1796875,32560128
2026-04-26 00:00:00+00:00,77572.0,77663.84375,77540.0078125,77650.7265625,25694208
2026-04-26 00:15:00+00:00,77493.3828125,77562.15625,77493.3828125,77562.15625,0
2026-04-26 00:30:00+00:00,77568.71875,77578.7265625,77468.3984375,77502.5625,217960448
2026-04-26 00:45:00+00:00,77520.34375,77620.21875,77483.5,77568.71875,42504192
2026-04-26 01:00:00+00:00,77526.078125,77550.5390625,77509.703125,77544.75,29631488
2026-04-26 01:15:00+00:00,77529.8671875,77591.6796875,77519.5234375,77526.078125,15953920
2026-04-26 01:30:00+00:00,77578.9921875,77578.9921875,77525.578125,77529.8828125,3584000
2026-04-26 01:45:00+00:00,77477.4609375,77572.0,77471.8515625,77568.71875,0
2026-04-26 02:00:00+00:00,77590.3984375,77590.40625,77471.84375,77471.8515625,0
2026-04-26 02:15:00+00:00,77577.4609375,77620.5390625,77533.390625,77606.453125,0
2026-04-26 02:30:00+00:00,77542.4765625,77612.3125,77540.0078125,77577.46875,15141888
2026-04-26 02:45:00+00:00,77545.703125,77545.703125,77496.5625,77540.6796875,45912064
2026-04-26 03:00:00+00:00,77549.2421875,77549.2421875,77501.203125,77544.2578125,8336384
2026-04-26 03:15:00+00:00,77450.0390625,77564.5234375,77450.0390625,77549.2421875,40047616
2026-04-26 03:30:00+00:00,77404.6796875,77447.2578125,77346.4375,77440.796875,43884544
2026-04-26 03:45:00+00:00,77408.0078125,77436.796875,77385.0390625,77404.6796875,61916160
2026-04-26 04:00:00+00:00,77487.0078125,77516.0390625,77394.8828125,77400.0234375,45031424
2026-04-26 04:15:00+00:00,77496.109375,77520.8125,77480.8828125,77494.75,7540736
2026-04-26 04:30:00+00:00,77533.1015625,77547.5703125,77449.90625,77496.109375,56055808
2026-04-26 04:45:00+00:00,77790.6328125,77838.0078125,77535.8984375,77539.28125,83011584
2026-04-26 05:00:00+00:00,78157.3828125,78174.0,77736.0,77790.0625,11558912
2026-04-26 05:15:00+00:00,78126.4765625,78201.359375,78057.4375,78159.59375,640809984
2026-04-26 05:30:00+00:00,78070.5625,78212.609375,78045.96875,78126.4921875,211146752
2026-04-26 05:45:00+00:00,78004.96875,78080.3203125,78004.9609375,78070.5625,135448576
2026-04-26 06:00:00+00:00,78034.4765625,78070.546875,78021.3984375,78025.0078125,156672
2026-04-26 06:15:00+00:00,77965.6015625,78041.3203125,77952.4765625,78034.4921875,35131392
2026-04-26 06:30:00+00:00,78033.0625,78073.90625,77951.609375,77974.703125,0
2026-04-26 06:45:00+00:00,78019.1875,78041.03125,77918.3203125,78033.0703125,41458688
2026-04-26 07:00:00+00:00,78026.0234375,78046.0234375,78012.28125,78039.6796875,190780416
2026-04-26 07:15:00+00:00,78020.921875,78056.9375,78008.2421875,78041.03125,3454976
2026-04-26 07:30:00+00:00,77996.109375,78024.6328125,77985.6171875,78020.9296875,21006336
2026-04-26 07:45:00+00:00,78126.3125,78146.0,77996.1171875,77996.1171875,130228224
2026-04-26 08:00:00+00:00,78105.703125,78161.6796875,78083.6796875,78135.671875,38530048
2026-04-26 08:15:00+00:00,78112.7265625,78119.7578125,78054.15625,78105.6875,40517632
2026-04-26 08:30:00+00:00,78066.28125,78232.84375,78047.0,78112.71875,68973568
2026-04-26 08:45:00+00:00,78050.0078125,78077.15625,78045.2265625,78070.171875,49518592
2026-04-26 09:00:00+00:00,78040.0,78043.2421875,77992.1796875,78039.9375,32706560
2026-04-26 09:15:00+00:00,78033.0078125,78081.28125,78007.2265625,78039.9921875,13973504
2026-04-26 09:30:00+00:00,77998.4375,78033.0078125,77941.9765625,78033.0078125,41095168
2026-04-26 09:45:00+00:00,78026.90625,78027.921875,77965.6015625,77998.4375,59361280
2026-04-26 10:00:00+00:00,78058.0078125,78077.0625,77975.4375,78018.09375,0
2026-04-26 10:15:00+00:00,78030.453125,78066.2734375,78024.640625,78054.171875,6449152
2026-04-26 10:30:00+00:00,78027.9296875,78041.1484375,78010.578125,78030.5,3461120
2026-04-26 10:45:00+00:00,78024.640625,78031.1796875,77988.5703125,78011.9921875,90788864
2026-04-26 11:00:00+00:00,78070.59375,78113.203125,78024.6328125,78024.6328125,22945792
2026-04-26 11:15:00+00:00,78160.7421875,78175.84375,78057.4375,78070.59375,23427072
2026-04-26 11:30:00+00:00,78109.2890625,78172.2265625,78093.5234375,78160.7421875,45968384
2026-04-26 11:45:00+00:00,78118.0,78158.3203125,78075.28125,78109.28125,15980544
2026-04-26 12:00:00+00:00,78010.390625,78135.21875,78005.9765625,78118.0078125,13537280
2026-04-26 12:15:00+00:00,77995.90625,78050.8828125,77975.4765625,78010.390625,44382208
2026-04-26 12:30:00+00:00,77963.0078125,78007.296875,77963.0,77984.296875,57192448
2026-04-26 12:45:00+00:00,77850.8125,77952.5390625,77787.9375,77950.0,101988352
2026-04-26 13:00:00+00:00,77924.53125,77957.0625,77818.109375,77851.7421875,235719680
2026-04-26 13:15:00+00:00,77897.9765625,77962.3125,77831.1328125,77924.5703125,91958272
2026-04-26 13:30:00+00:00,77996.359375,78000.0,77892.578125,77896.71875,3624960
2026-04-26 13:45:00+00:00,77993.7421875,77993.7421875,77927.890625,77993.453125,48201728
2026-04-26 14:00:00+00:00,77975.15625,77975.71875,77893.4375,77975.71875,7492608
2026-04-26 14:15:00+00:00,78079.828125,78189.640625,77949.2109375,77964.0078125,84225024
2026-04-26 14:30:00+00:00,78072.5625,78141.703125,78029.84375,78095.6015625,144915456
2026-04-26 14:45:00+00:00,78108.3828125,78172.2421875,78008.8515625,78071.9921875,75533312
2026-04-26 15:00:00+00:00,78110.4609375,78133.6015625,78038.0390625,78123.0390625,48252928
2026-04-26 15:15:00+00:00,78122.4765625,78146.71875,78014.8125,78110.453125,45445120
2026-04-26 15:30:00+00:00,78062.78125,78131.65625,78042.6015625,78131.65625,135919616
2026-04-26 15:45:00+00:00,78073.1328125,78083.1171875,78028.6796875,78062.7890625,19707904
2026-04-26 16:00:00+00:00,78041.7421875,78093.7890625,78027.9375,78084.390625,4660224
2026-04-26 16:15:00+00:00,78072.6484375,78077.1171875,78044.46875,78044.46875,9078784
2026-04-26 16:30:00+00:00,78020.0,78112.296875,78020.0,78064.0,0
2026-04-26 16:45:00+00:00,77955.8203125,78058.59375,77955.8203125,77988.5625,0
2026-04-26 17:00:00+00:00,78039.0,78042.0,77872.4765625,77931.3671875,259693568
2026-04-26 17:15:00+00:00,78041.3125,78077.109375,78002.7578125,78036.953125,71794688
2026-04-26 17:30:00+00:00,78038.3125,78050.0234375,77980.828125,78027.9296875,32724992
2026-04-26 17:45:00+00:00,78037.4609375,78071.25,78019.0390625,78038.3125,24803328
2026-04-26 18:00:00+00:00,78114.7109375,78185.0,78010.0,78054.046875,1153024
2026-04-26 18:15:00+00:00,78202.03125,78330.0625,78113.203125,78124.6875,401157120
2026-04-26 18:30:00+00:00,78230.03125,78248.453125,78157.8828125,78195.71875,104725504
2026-04-26 18:45:00+00:00,78301.9921875,78314.25,78205.03125,78230.03125,80830464
2026-04-26 19:00:00+00:00,78411.65625,78447.4296875,78211.6015625,78318.546875,18009088
2026-04-26 19:15:00+00:00,78222.703125,78519.9921875,78050.0078125,78421.5078125,270756864
2026-04-26 19:30:00+00:00,78208.0078125,78247.5625,78080.0,78222.75,387885056
2026-04-26 19:45:00+00:00,78258.0,78319.25,78198.4765625,78208.0234375,67139584
2026-04-26 20:00:00+00:00,78211.6171875,78285.0234375,78211.6171875,78274.03125,42850304
2026-04-26 20:15:00+00:00,78255.0078125,78265.046875,78180.0625,78211.6171875,17666048
2026-04-26 20:30:00+00:00,78316.2265625,78402.203125,78250.5078125,78250.5078125,70316032
2026-04-26 20:45:00+00:00,78228.578125,78382.1484375,78228.578125,78317.1796875,124999680
2026-04-26 21:00:00+00:00,78270.6484375,78316.9375,78218.15625,78230.078125,16486400
2026-04-26 21:15:00+00:00,78218.7109375,78302.3125,78208.328125,78267.90625,23021568
2026-04-26 21:30:00+00:00,78021.6796875,78215.9609375,77980.0,78215.9609375,275116032
2026-04-26 21:45:00+00:00,78437.9609375,78918.65625,77891.046875,78020.5234375,265537536
2026-04-26 22:00:00+00:00,78588.828125,78607.3515625,78378.8828125,78388.2890625,985741312
2026-04-26 22:15:00+00:00,78572.390625,78871.3203125,78516.7578125,78594.9609375,496840704
2026-04-26 22:30:00+00:00,78300.7265625,78533.5703125,78037.78125,78533.5703125,389156864
2026-04-26 22:45:00+00:00,78333.2421875,78460.71875,78287.453125,78294.7265625,266371072
2026-04-26 23:00:00+00:00,78372.328125,78418.2265625,78283.7734375,78296.890625,0
2026-04-26 23:15:00+00:00,78182.046875,78470.890625,78171.9765625,78372.328125,51978240
2026-04-26 23:30:00+00:00,78621.40625,78621.40625,78059.0,78150.0,470841344
2026-04-26 23:45:00+00:00,78664.640625,78874.9921875,78610.0,78616.15625,413603840
2026-04-27 00:00:00+00:00,78601.0078125,78875.296875,78582.2421875,78673.828125,183623680
2026-04-27 00:15:00+00:00,78499.1796875,78670.0234375,78425.9921875,78572.3984375,175222784
2026-04-27 00:30:00+00:00,78833.109375,78840.0625,78437.921875,78499.078125,280027136
2026-04-27 00:45:00+00:00,79277.9921875,79388.0078125,78798.71875,78849.921875,902293504
2026-04-27 01:00:00+00:00,79140.359375,79492.140625,79126.90625,79389.1484375,950528000
2026-04-27 01:15:00+00:00,78926.640625,79143.046875,78768.59375,79143.046875,656660480
2026-04-27 01:30:00+00:00,79070.9375,79172.0390625,78857.203125,78916.8515625,397029376
2026-04-27 01:45:00+00:00,79295.421875,79389.421875,79072.609375,79072.609375,442957824
2026-04-27 02:00:00+00:00,79192.3203125,79313.21875,79096.15625,79307.859375,281479168
2026-04-27 02:15:00+00:00,79136.0078125,79272.1171875,79051.28125,79186.0,168134656
2026-04-27 02:30:00+00:00,79091.6328125,79272.078125,79058.0078125,79152.2890625,199282688
2026-04-27 02:45:00+00:00,79150.0,79225.109375,79086.109375,79091.6328125,158578688
2026-04-27 03:00:00+00:00,79232.0,79268.0390625,79095.03125,79123.4375,125390848
2026-04-27 03:15:00+00:00,79274.7890625,79303.796875,79192.7734375,79218.5625,217100288
2026-04-27 03:30:00+00:00,79256.90625,79329.84375,79190.96875,79284.15625,169629696
2026-04-27 03:45:00+00:00,79120.0234375,79271.140625,79091.8671875,79259.9921875,84795392
2026-04-27 04:00:00+00:00,79078.0078125,79149.6796875,79020.71875,79124.3828125,61224960
2026-04-27 04:15:00+00:00,79132.7265625,79132.7265625,79011.921875,79074.25,207906816
2026-04-27 04:30:00+00:00,79085.0234375,79175.90625,79035.5703125,79133.28125,164296704
2026-04-27 04:45:00+00:00,78942.0234375,79103.6015625,78893.9375,79081.0703125,0
2026-04-27 05:00:00+00:00,78446.0,78959.7734375,78445.4375,78959.7734375,184940544
2026-04-27 05:15:00+00:00,77892.6796875,78415.2734375,77832.0,78402.0703125,640133120
2026-04-27 05:30:00+00:00,77808.15625,77887.390625,77599.34375,77841.0,1091477504
2026-04-27 05:45:00+00:00,77798.7109375,77866.796875,77752.953125,77778.640625,442019840
2026-04-27 06:00:00+00:00,77739.0625,77808.703125,77683.0703125,77779.5078125,191129600
2026-04-27 06:15:00+00:00,77736.0078125,77879.1328125,77700.0,77720.9296875,203847680
2026-04-27 06:30:00+00:00,77630.2890625,77716.3203125,77493.0078125,77716.3203125,478074880
2026-04-27 06:45:00+00:00,77707.9765625,77742.5390625,77621.9765625,77630.25,109998080
2026-04-27 07:00:00+00:00,77649.9765625,77739.9296875,77572.1875,77695.0,156317696
2026-04-27 07:15:00+00:00,77693.2734375,77739.03125,77572.0078125,77645.0234375,145475584
2026-04-27 07:30:00+00:00,77684.6875,77693.8828125,77594.9609375,77680.25,346566656
2026-04-27 07:45:00+00:00,77621.2109375,77749.109375,77621.2109375,77682.3515625,286611456
2026-04-27 08:00:00+00:00,77632.5703125,77737.9921875,77604.25,77608.3828125,297617408
2026-04-27 08:15:00+00:00,77580.0,77699.90625,77580.0,77643.78125,71469056
2026-04-27 08:30:00+00:00,77630.3515625,77677.578125,77565.171875,77583.953125,135696384
2026-04-27 08:45:00+00:00,77811.5625,77822.5078125,77630.3515625,77630.3515625,44654592
2026-04-27 09:00:00+00:00,77861.3828125,77864.09375,77788.6015625,77815.9609375,246198272
2026-04-27 09:15:00+00:00,77779.0078125,77861.3828125,77706.421875,77861.3671875,160638976
2026-04-27 09:30:00+00:00,77951.3671875,77973.15625,77754.0234375,77779.0078125,138700800
2026-04-27 09:45:00+00:00,77902.453125,77989.3984375,77897.7890625,77951.3671875,170954752
2026-04-27 10:00:00+00:00,77824.1875,77948.453125,77808.2890625,77890.6875,69687296
2026-04-27 10:15:00+00:00,77818.7109375,77843.15625,77792.4765625,77826.921875,490512384
2026-04-27 10:30:00+00:00,77885.0703125,77939.8203125,77803.953125,77819.9609375,127879168
2026-04-27 10:45:00+00:00,77857.453125,77912.828125,77855.6328125,77883.1796875,61796352
2026-04-27 11:00:00+00:00,77784.8203125,77894.78125,77745.0078125,77851.7109375,101875712
2026-04-27 11:15:00+00:00,77865.03125,77896.9609375,77754.0390625,77782.0078125,155678720
2026-04-27 11:30:00+00:00,77815.0234375,77895.671875,77788.6328125,77872.7265625,70352896
2026-04-27 11:45:00+00:00,77847.890625,77859.3203125,77788.7109375,77815.0234375,34693120
2026-04-27 12:00:00+00:00,77832.0,77878.0,77743.203125,77845.3203125,22507520
2026-04-27 12:15:00+00:00,77756.15625,77864.4765625,77721.6015625,77835.7734375,41486336
2026-04-27 12:30:00+00:00,77736.2109375,77782.078125,77645.7265625,77759.9921875,122054656
2026-04-27 12:45:00+00:00,77671.0390625,77777.09375,77620.0,77745.7265625,125677568
2026-04-27 13:00:00+00:00,77716.2578125,77786.8671875,77644.796875,77658.7578125,77604864
2026-04-27 13:15:00+00:00,77712.90625,77806.078125,77646.1875,77702.3984375,252590080
2026-04-27 13:30:00+00:00,77867.578125,77961.3828125,77635.2109375,77700.0234375,122263552
2026-04-27 13:45:00+00:00,77750.0,77864.78125,77576.78125,77848.3203125,366422016
2026-04-27 14:00:00+00:00,77851.6015625,77914.3125,77675.5234375,77749.96875,338212864
2026-04-27 14:15:00+00:00,77884.78125,77926.640625,77827.7265625,77860.7578125,202043392
2026-04-27 14:30:00+00:00,78179.4375,78212.0078125,77858.7421875,77879.890625,126670848
2026-04-27 14:45:00+00:00,77813.84375,78277.2265625,77804.359375,78191.03125,357775360
2026-04-27 15:00:00+00:00,77369.109375,77838.4921875,77314.2421875,77826.3125,802947072
2026-04-27 15:15:00+00:00,76835.421875,77369.2421875,76581.109375,77369.2421875,833277952
2026-04-27 15:30:00+00:00,77046.0,77084.1484375,76819.5234375,76851.671875,1592795136
2026-04-27 15:45:00+00:00,76789.5390625,77045.7578125,76727.0390625,77032.4296875,486060032
2026-04-27 16:00:00+00:00,76768.296875,76838.3984375,76639.7265625,76748.9296875,540688384
2026-04-27 16:15:00+00:00,76738.546875,76857.9765625,76710.4375,76761.609375,222687232
2026-04-27 16:30:00+00:00,76580.671875,76807.109375,76580.671875,76750.0703125,862740480
2026-04-27 16:45:00+00:00,76610.0078125,76684.6796875,76536.640625,76582.25,332836864
2026-04-27 17:00:00+00:00,76688.6328125,76783.9921875,76626.296875,76629.7734375,44290048
2026-04-27 17:15:00+00:00,76822.5,76877.296875,76623.3984375,76711.0234375,278159360
2026-04-27 17:30:00+00:00,76855.7890625,76915.203125,76742.3984375,76815.3671875,844369920
2026-04-27 17:45:00+00:00,76721.2265625,76880.078125,76684.28125,76865.28125,457981952
2026-04-27 18:00:00+00:00,76730.453125,76800.0,76660.75,76687.84375,244703232
2026-04-27 18:15:00+00:00,76678.1875,76826.8671875,76647.0234375,76730.4375,57507840
2026-04-27 18:30:00+00:00,76751.1171875,76757.75,76657.9921875,76662.96875,145715200
2026-04-27 18:45:00+00:00,76819.203125,76880.7578125,76711.78125,76731.40625,116600832
2026-04-27 19:00:00+00:00,76867.390625,76883.0703125,76711.6875,76802.0234375,39972864
2026-04-27 19:15:00+00:00,76623.3671875,76886.40625,76614.21875,76867.390625,11812864
2026-04-27 19:30:00+00:00,76781.0,76781.0,76464.78125,76608.0078125,168091648
2026-04-27 19:45:00+00:00,76884.4296875,76884.4296875,76762.0625,76780.7890625,246288384
2026-04-27 20:00:00+00:00,76895.7578125,76989.3515625,76836.3984375,76873.2734375,195100672
2026-04-27 20:15:00+00:00,76993.9765625,76999.2890625,76907.5234375,76907.5234375,131080192
2026-04-27 20:30:00+00:00,76980.7265625,77064.0390625,76949.7578125,76989.5078125,85708800
2026-04-27 20:45:00+00:00,76955.359375,77003.859375,76934.3984375,76987.8984375,113233920
2026-04-27 21:00:00+00:00,76884.46875,76938.2421875,76825.0078125,76938.2421875,83890176
2026-04-27 21:15:00+00:00,76908.8125,76949.3125,76845.3203125,76870.2734375,92663808
2026-04-27 21:30:00+00:00,76893.0,76980.5390625,76888.09375,76908.0,0
2026-04-27 21:45:00+00:00,76777.0,76945.921875,76777.0,76888.328125,0
2026-04-27 22:00:00+00:00,76853.7578125,76896.6171875,76753.90625,76817.34375,0
2026-04-27 22:15:00+00:00,76976.4375,76976.4375,76846.078125,76861.4296875,0
2026-04-27 22:30:00+00:00,76998.21875,77026.546875,76945.9296875,76970.34375,52244480
2026-04-27 22:45:00+00:00,77058.296875,77076.4765625,77010.703125,77011.1875,0
2026-04-27 23:00:00+00:00,77033.921875,77091.9765625,77007.046875,77026.5625,57602048
2026-04-27 23:15:00+00:00,77124.0234375,77175.7421875,77033.90625,77033.90625,223047680
2026-04-27 23:30:00+00:00,77299.0234375,77301.9765625,77124.0234375,77124.0234375,0
2026-04-27 23:45:00+00:00,77364.421875,77444.40625,77279.328125,77291.75,0
2026-04-28 00:00:00+00:00,77318.453125,77430.0,77253.1328125,77380.9375,53161984
2026-04-28 00:15:00+00:00,77225.046875,77420.9921875,77222.0078125,77314.5625,1728307200
2026-04-28 00:30:00+00:00,77410.8828125,77478.9765625,77213.953125,77237.75,95588352
2026-04-28 00:45:00+00:00,77381.796875,77472.9921875,77294.328125,77404.578125,0
2026-04-28 01:00:00+00:00,77345.2890625,77399.6796875,77322.5078125,77364.4765625,0
2026-04-28 01:15:00+00:00,77239.796875,77347.34375,77196.0,77345.28125,34275328
2026-04-28 01:30:00+00:00,77094.6015625,77229.578125,77083.796875,77222.40625,0
2026-04-28 01:45:00+00:00,77088.4921875,77130.8828125,77043.71875,77099.640625,0
2026-04-28 02:00:00+00:00,77157.2578125,77212.28125,77041.9921875,77103.5625,0
2026-04-28 02:15:00+00:00,77002.15625,77226.2421875,77001.0,77157.25,33357824
2026-04-28 02:30:00+00:00,76699.0078125,77035.3125,76684.796875,76993.7578125,53682176
2026-04-28 02:45:00+00:00,76888.0234375,76903.7578125,76677.6171875,76696.03125,352833536
2026-04-28 03:00:00+00:00,76764.75,76894.71875,76677.6171875,76876.0390625,16916480
2026-04-28 03:15:00+00:00,76769.359375,76796.15625,76702.78125,76756.03125,68907008
2026-04-28 03:30:00+00:00,76790.671875,76847.890625,76747.9921875,76773.1171875,0
2026-04-28 03:45:00+00:00,76809.3125,76836.109375,76780.796875,76790.671875,84500480
2026-04-28 04:00:00+00:00,76886.578125,76886.578125,76776.1015625,76804.9765625,0
2026-04-28 04:15:00+00:00,76795.3671875,76942.0625,76707.828125,76886.6015625,169484288
2026-04-28 04:30:00+00:00,76831.0,76882.046875,76746.0078125,76795.3828125,9146368
2026-04-28 04:45:00+00:00,76885.2109375,76952.84375,76830.9921875,76830.9921875,111464448
2026-04-28 05:00:00+00:00,76960.0,77047.1875,76900.5625,76900.5625,0
2026-04-28 05:15:00+00:00,77065.7890625,77147.0390625,76912.296875,76960.0,0
2026-04-28 05:30:00+00:00,76857.890625,77076.46875,76808.0,77076.46875,0
2026-04-28 05:45:00+00:00,76881.7890625,76974.03125,76850.6171875,76863.7109375,0
2026-04-28 06:00:00+00:00,76998.2109375,77029.390625,76900.84375,76903.6796875,47515648
2026-04-28 06:15:00+00:00,76900.1875,77001.9765625,76836.6796875,76998.2109375,0
2026-04-28 06:30:00+00:00,76611.828125,76942.078125,76594.0390625,76903.6796875,716800
2026-04-28 06:45:00+00:00,76696.3203125,76748.8671875,76584.96875,76600.9609375,191508480
2026-04-28 07:00:00+00:00,76553.9921875,76712.0,76553.9921875,76702.9921875,0
2026-04-28 07:15:00+00:00,76645.9296875,76660.3828125,76442.0,76555.0703125,131745792
2026-04-28 07:30:00+00:00,76849.4609375,76873.671875,76633.4375,76649.8984375,167680000
2026-04-28 07:45:00+00:00,76872.953125,76914.2421875,76764.4765625,76842.9375,478656512
2026-04-28 08:00:00+00:00,76845.6015625,76890.953125,76783.171875,76879.7578125,140095488
2026-04-28 08:15:00+00:00,76964.7890625,76973.5234375,76839.9921875,76839.9921875,1329152
2026-04-28 08:30:00+00:00,76816.0,76998.4765625,76816.0,76980.7890625,753291264
2026-04-28 08:45:00+00:00,76856.0,76870.5625,76737.03125,76810.15625,35358720
2026-04-28 09:00:00+00:00,76826.890625,76867.4296875,76792.5703125,76852.1171875,25518080
2026-04-28 09:15:00+00:00,76786.0,76840.453125,76712.5390625,76826.890625,0
2026-04-28 09:30:00+00:00,76664.640625,76773.84375,76635.15625,76773.84375,68143104
2026-04-28 09:45:00+00:00,76587.2421875,76666.4375,76485.1796875,76666.4296875,33034240
2026-04-28 10:00:00+00:00,76505.53125,76686.46875,76505.53125,76580.6484375,0
2026-04-28 10:15:00+00:00,76522.921875,76561.6796875,76476.8125,76510.0625,172599296
2026-04-28 10:30:00+00:00,76602.7890625,76612.140625,76514.7265625,76522.921875,215912448
2026-04-28 10:45:00+00:00,76602.25,76619.5703125,76548.7578125,76602.7890625,56584192
2026-04-28 11:00:00+00:00,76452.2890625,76636.546875,76429.2890625,76608.34375,322992128
2026-04-28 11:15:00+00:00,76329.9921875,76471.5625,76277.09375,76442.0,307032064
2026-04-28 11:30:00+00:00,76285.1484375,76337.0234375,76185.9296875,76330.0,394672128
2026-04-28 11:45:00+00:00,76221.59375,76283.546875,76122.4765625,76265.28125,341829632
2026-04-28 12:00:00+00:00,76266.359375,76312.0,76181.2109375,76250.0,442447872
2026-04-28 12:15:00+00:00,76226.078125,76332.4609375,76162.3125,76274.34375,179478528
2026-04-28 12:30:00+00:00,76314.65625,76319.6171875,76171.9609375,76221.46875,151089152
2026-04-28 12:45:00+00:00,76383.4921875,76420.5390625,76285.046875,76306.5078125,63021056
2026-04-28 13:00:00+00:00,76141.953125,76365.1328125,75978.2421875,76362.0,22310912
2026-04-28 13:15:00+00:00,76211.65625,76211.65625,76025.0390625,76124.8828125,505364480
2026-04-28 13:30:00+00:00,76271.5234375,76361.9921875,76056.1484375,76187.2734375,303378432
2026-04-28 13:45:00+00:00,76183.671875,76415.046875,76031.46875,76249.6796875,710914048
2026-04-28 14:00:00+00:00,76065.6015625,76196.640625,76012.96875,76170.3671875,62283776
2026-04-28 14:15:00+00:00,75816.0078125,76078.078125,75759.9921875,76074.953125,315727872
2026-04-28 14:30:00+00:00,75844.2265625,75896.9765625,75653.7578125,75787.6015625,423620608
2026-04-28 14:45:00+00:00,75940.0,75940.0,75669.71875,75829.546875,200749056
2026-04-28 15:00:00+00:00,75983.34375,76055.46875,75828.4765625,75943.28125,403046400
2026-04-28 15:15:00+00:00,76009.4375,76059.71875,75937.6875,75979.9296875,67112960
2026-04-28 15:30:00+00:00,75920.03125,76040.0625,75869.09375,76000.078125,0
2026-04-28 15:45:00+00:00,76052.296875,76071.828125,75906.4765625,75920.7421875,20594688
2026-04-28 16:00:00+00:00,75999.1328125,76084.0,75930.0,76034.390625,0
2026-04-28 16:15:00+00:00,75934.578125,76018.7890625,75929.421875,75998.2109375,0
2026-04-28 16:30:00+00:00,75901.6796875,75994.8828125,75871.9921875,75936.109375,40280064
2026-04-28 16:45:00+00:00,76109.28125,76180.0,75865.5703125,75903.3515625,0
2026-04-28 17:00:00+00:00,76016.6796875,76194.0078125,75972.6875,76102.1171875,88508416
2026-04-28 17:15:00+00:00,76079.9921875,76118.421875,75939.1015625,76018.5234375,30128128
2026-04-28 17:30:00+00:00,76178.0390625,76249.9921875,76075.75,76075.75,21768192
2026-04-28 17:45:00+00:00,76166.7890625,76196.640625,76100.0,76178.0390625,0
2026-04-28 18:00:00+00:00,76117.0,76246.5390625,76111.0078125,76161.171875,0
2026-04-28 18:15:00+00:00,76221.1796875,76264.3984375,76121.7578125,76123.9765625,471115776
2026-04-28 18:30:00+00:00,76144.28125,76237.2109375,76144.28125,76221.1796875,164204544
2026-04-28 18:45:00+00:00,76220.671875,76240.1484375,76126.2734375,76144.2890625,28145664
2026-04-28 19:00:00+00:00,76076.8828125,76222.53125,76066.0,76220.671875,1185792
2026-04-28 19:15:00+00:00,76152.28125,76159.890625,76045.078125,76076.796875,16592896
2026-04-28 19:30:00+00:00,76305.7265625,76316.6796875,76116.4765625,76140.2890625,0
2026-04-28 19:45:00+00:00,76324.8671875,76379.96875,76251.9296875,76308.953125,106305536
2026-04-28 20:00:00+00:00,76387.9921875,76430.640625,76321.453125,76338.2109375,345559040
2026-04-28 20:15:00+00:00,76362.0078125,76398.09375,76325.8125,76387.9921875,99917824
2026-04-28 20:30:00+00:00,76420.34375,76430.0234375,76350.640625,76362.0078125,37136384
2026-04-28 20:45:00+00:00,76461.9921875,76478.328125,76411.9375,76420.34375,99438592
2026-04-28 21:00:00+00:00,76356.0234375,76483.2734375,76346.3984375,76466.0625,539351040
2026-04-28 21:15:00+00:00,76298.0625,76376.5234375,76291.5078125,76361.9921875,52602880
2026-04-28 21:30:00+00:00,76312.4375,76404.5625,76297.9296875,76301.0,142467072
2026-04-28 21:45:00+00:00,76349.5234375,76411.5625,76265.671875,76312.453125,0
2026-04-28 22:00:00+00:00,76355.7421875,76439.75,76329.5,76384.8515625,13207552
2026-04-28 22:15:00+00:00,76322.359375,76371.3515625,76311.3984375,76352.6484375,149805056
2026-04-28 22:30:00+00:00,76281.578125,76358.8828125,76281.5703125,76322.359375,20463616
2026-04-28 22:45:00+00:00,76229.796875,76288.859375,76206.0078125,76281.578125,0
2026-04-28 23:00:00+00:00,76327.203125,76330.7578125,76176.5,76219.1875,2308096
2026-04-28 23:15:00+00:00,76265.9921875,76348.34375,76247.7421875,76327.203125,53706752
2026-04-28 23:30:00+00:00,76280.8125,76292.59375,76237.203125,76265.9921875,155947008
2026-04-28 23:45:00+00:00,76315.90625,76349.5625,76293.8125,76299.6015625,690176
2026-04-29 00:00:00+00:00,76312.390625,76370.9375,76285.140625,76316.65625,0
2026-04-29 00:15:00+00:00,76297.9921875,76336.5078125,76255.9921875,76316.2890625,48134144
2026-04-29 00:30:00+00:00,76380.390625,76409.09375,76271.5234375,76321.4375,851968
2026-04-29 00:45:00+00:00,76502.3515625,76536.71875,76373.9765625,76401.9921875,39923712
2026-04-29 01:00:00+00:00,76343.703125,76527.9921875,76296.4765625,76486.8125,255483904
2026-04-29 01:15:00+00:00,76215.3671875,76386.9609375,76212.2421875,76343.703125,225658880
2026-04-29 01:30:00+00:00,76393.2109375,76400.390625,76166.578125,76179.8828125,0
2026-04-29 01:45:00+00:00,76544.703125,76627.71875,76374.4921875,76380.7265625,123254784
2026-04-29 02:00:00+00:00,76534.3984375,76642.6328125,76492.4296875,76568.0,2019328
2026-04-29 02:15:00+00:00,76440.453125,76544.4296875,76439.8828125,76534.3671875,101570560
2026-04-29 02:30:00+00:00,76411.9296875,76453.453125,76383.6875,76440.53125,0
2026-04-29 02:45:00+00:00,76508.640625,76508.640625,76411.921875,76411.9296875,173754368
2026-04-29 03:00:00+00:00,76612.28125,76612.3515625,76496.1796875,76509.28125,0
2026-04-29 03:15:00+00:00,76867.9921875,76885.578125,76610.34375,76612.2578125,634486784
2026-04-29 03:30:00+00:00,77068.2890625,77105.7890625,76789.453125,76876.1484375,159094784
2026-04-29 03:45:00+00:00,76986.0,77073.3515625,76934.1328125,77060.90625,112068608
2026-04-29 04:00:00+00:00,76911.1328125,77005.7421875,76879.8125,76996.4375,162762752
2026-04-29 04:15:00+00:00,77028.0,77046.6796875,76920.46875,76920.46875,611997696
2026-04-29 04:30:00+00:00,77311.796875,77441.1015625,77014.078125,77028.8984375,79689728
2026-04-29 04:45:00+00:00,77260.5625,77369.75,77237.9921875,77338.546875,941889536
2026-04-29 05:00:00+00:00,77209.9921875,77299.03125,77198.7265625,77266.796875,65363968
2026-04-29 05:15:00+00:00,77264.0,77264.0,77188.796875,77213.7578125,52852736
2026-04-29 05:30:00+00:00,77231.96875,77296.7265625,77202.0078125,77238.71875,46952448
2026-04-29 05:45:00+00:00,77280.359375,77314.8828125,77231.9765625,77231.9765625,220694528
2026-04-29 06:00:00+00:00,77209.890625,77318.28125,77179.453125,77276.1484375,94115840
2026-04-29 06:15:00+00:00,77076.4921875,77213.15625,77073.3671875,77211.9921875,18126848
2026-04-29 06:30:00+00:00,76992.65625,77098.3125,76992.65625,77079.7890625,203102208
2026-04-29 06:45:00+00:00,77016.0,77048.390625,76921.5703125,77004.71875,44109824
2026-04-29 07:00:00+00:00,77082.359375,77082.3671875,77004.3671875,77026.546875,372533248
2026-04-29 07:15:00+00:00,77046.0234375,77090.0,77016.6015625,77090.0,150624256
2026-04-29 07:30:00+00:00,77117.03125,77163.8515625,77054.6328125,77054.6328125,0
2026-04-29 07:45:00+00:00,77034.0390625,77117.0390625,76998.5,77117.0390625,0
2026-04-29 08:00:00+00:00,77017.4921875,77072.9296875,76970.2734375,77047.09375,30316544
2026-04-29 08:15:00+00:00,77095.1015625,77141.890625,77014.3671875,77017.4765625,33716224
2026-04-29 08:30:00+00:00,77052.0234375,77079.609375,76947.703125,77079.6015625,0
2026-04-29 08:45:00+00:00,77029.4375,77067.1171875,77017.203125,77067.109375,17696768
2026-04-29 09:00:00+00:00,77049.9296875,77063.7734375,76948.9921875,77023.34375,11552768
2026-04-29 09:15:00+00:00,77123.03125,77135.7421875,77039.046875,77048.3984375,110774272
2026-04-29 09:30:00+00:00,77252.671875,77282.09375,77121.5234375,77123.09375,156811264
2026-04-29 09:45:00+00:00,77646.2421875,77790.2421875,77232.8984375,77252.6796875,560631808
2026-04-29 10:00:00+00:00,77727.9375,77812.9921875,77642.3984375,77686.546875,409643008
2026-04-29 10:15:00+00:00,77889.7265625,77889.7421875,77702.2421875,77737.5078125,420225024
2026-04-29 10:30:00+00:00,77566.921875,77898.53125,77560.7578125,77896.1875,247140352
2026-04-29 10:45:00+00:00,77618.0,77674.7890625,77560.7578125,77564.0,387055616
2026-04-29 11:00:00+00:00,77583.421875,77681.65625,77522.0,77613.6328125,124567552
2026-04-29 11:15:00+00:00,77502.0625,77604.2265625,77478.796875,77587.203125,0
2026-04-29 11:30:00+00:00,77569.171875,77685.0,77491.5703125,77497.0625,0
2026-04-29 11:45:00+00:00,77581.9296875,77665.0,77537.6015625,77563.3984375,35966976
2026-04-29 12:00:00+00:00,77374.4296875,77597.2265625,77373.0078125,77587.328125,0
2026-04-29 12:15:00+00:00,77137.75,77412.1484375,76995.78125,77318.0,666562560
2026-04-29 12:30:00+00:00,77150.0,77169.1171875,76992.65625,77137.7578125,378544128
2026-04-29 12:45:00+00:00,77122.0078125,77199.1875,77118.15625,77149.640625,594329600
2026-04-29 13:00:00+00:00,77172.140625,77205.8515625,77063.28125,77116.5078125,42491904
2026-04-29 13:15:00+00:00,76918.2265625,77221.0,76848.34375,77172.1328125,0
2026-04-29 13:30:00+00:00,76538.6484375,76880.0078125,76538.6484375,76880.0078125,250445824
2026-04-29 13:45:00+00:00,76751.5,76868.0078125,76445.9921875,76553.6796875,203173888
2026-04-29 14:00:00+00:00,76568.640625,76753.7890625,76517.3203125,76753.7890625,277852160
2026-04-29 14:15:00+00:00,76700.0,76741.84375,76479.203125,76550.53125,50171904
2026-04-29 14:30:00+00:00,76584.9921875,76848.421875,76550.9375,76659.3828125,204439552
2026-04-29 14:45:00+00:00,76545.2109375,76639.9765625,76467.5390625,76583.2890625,0
2026-04-29 15:00:00+00:00,76231.890625,76613.5625,76130.8671875,76542.96875,0
2026-04-29 15:15:00+00:00,76201.3828125,76345.046875,76167.6328125,76205.1484375,395382784
2026-04-29 15:30:00+00:00,75957.40625,76307.9609375,75942.03125,76209.96875,257802240
2026-04-29 15:45:00+00:00,75897.671875,76004.03125,75675.8515625,75955.828125,862953472
2026-04-29 16:00:00+00:00,76000.46875,76098.25,75812.0,75815.7421875,322813952
2026-04-29 16:15:00+00:00,75805.28125,76080.8203125,75670.0078125,76000.0,494727168
2026-04-29 16:30:00+00:00,75848.3515625,75877.96875,75690.71875,75778.0,318607360
2026-04-29 16:45:00+00:00,75766.9375,75872.453125,75668.5,75856.9609375,177631232
2026-04-29 17:00:00+00:00,75891.96875,75975.90625,75779.46875,75779.46875,103288832
2026-04-29 17:15:00+00:00,75854.0,76073.609375,75773.75,75889.7734375,22306816
2026-04-29 17:30:00+00:00,75986.109375,75986.1171875,75836.7890625,75875.59375,904822784
2026-04-29 17:45:00+00:00,76127.9609375,76133.9921875,75891.96875,75974.65625,149803008
2026-04-29 18:00:00+00:00,75159.171875,76224.7734375,74952.0,76224.7734375,311083008
2026-04-29 18:15:00+00:00,75120.6171875,75352.0,75051.9765625,75153.8203125,1229443072
2026-04-29 18:30:00+00:00,75207.4375,75315.0703125,74938.1484375,75120.0234375,1046020096
2026-04-29 18:45:00+00:00,75483.8203125,75483.8203125,75188.0390625,75188.0390625,300605440
2026-04-29 19:00:00+00:00,75517.9765625,75519.9921875,75337.359375,75487.0078125,354197504
2026-04-29 19:15:00+00:00,75497.0,75564.71875,75432.0390625,75537.609375,101359616
2026-04-29 19:30:00+00:00,75403.0,75484.25,75270.8125,75484.2421875,274911232
2026-04-29 19:45:00+00:00,75528.6171875,75540.0,75395.65625,75402.0,16715776
2026-04-29 20:00:00+00:00,75481.9921875,75688.3828125,75454.8984375,75523.2578125,293482496
2026-04-29 20:15:00+00:00,75652.046875,75666.796875,75488.15625,75489.53125,222269440
2026-04-29 20:30:00+00:00,75746.546875,75778.0625,75557.4375,75652.0234375,182194176
2026-04-29 20:45:00+00:00,75644.46875,75819.921875,75644.46875,75747.0625,52305920
2026-04-29 21:00:00+00:00,75759.3125,75817.7109375,75580.671875,75642.453125,27889664
2026-04-29 21:15:00+00:00,75802.59375,75873.6796875,75775.2578125,75775.2578125,52510720
2026-04-29 21:30:00+00:00,75918.8203125,75943.3828125,75765.703125,75791.2109375,151011328
2026-04-29 21:45:00+00:00,75902.5390625,76031.5,75900.0,75909.046875,139894784
2026-04-29 22:00:00+00:00,75946.3515625,75946.640625,75816.0078125,75883.59375,101036032
2026-04-29 22:15:00+00:00,75813.2265625,75975.109375,75790.6484375,75946.3515625,59973632
2026-04-29 22:30:00+00:00,75937.9375,75949.4765625,75813.53125,75813.53125,139436032
2026-04-29 22:45:00+00:00,75893.2890625,75944.6015625,75861.7890625,75921.359375,145563648
2026-04-29 23:00:00+00:00,75951.25,75962.4296875,75832.6875,75900.0390625,19800064
2026-04-29 23:15:00+00:00,75738.1328125,75951.2578125,75685.171875,75951.2578125,93159424
2026-04-29 23:30:00+00:00,75828.578125,75837.84375,75730.0078125,75732.15625,247328768
2026-04-29 23:45:00+00:00,75752.8671875,75853.5703125,75735.0,75847.03125,147877888
2026-04-30 00:00:00+00:00,75685.9375,75839.0625,75676.3828125,75800.7265625,36278272
2026-04-30 00:15:00+00:00,75778.453125,75778.453125,75625.34375,75685.78125,48992256
2026-04-30 00:30:00+00:00,76070.1328125,76138.921875,75797.5703125,75797.5703125,177152000
2026-04-30 00:45:00+00:00,76232.5625,76305.671875,76079.703125,76079.703125,247373824
2026-04-30 01:00:00+00:00,76213.4375,76325.9375,76157.53125,76205.90625,97189888
2026-04-30 01:15:00+00:00,76328.0,76384.28125,76148.3671875,76194.203125,41250816
2026-04-30 01:30:00+00:00,76325.21875,76393.296875,76200.0,76339.890625,562880512
2026-04-30 01:45:00+00:00,76212.84375,76429.21875,76193.1484375,76324.6484375,13533184
2026-04-30 02:00:00+00:00,76285.9921875,76327.1796875,76218.140625,76218.140625,0
2026-04-30 02:15:00+00:00,76077.46875,76315.9765625,76077.46875,76281.21875,102924288
2026-04-30 02:30:00+00:00,75584.0234375,76090.109375,75475.40625,76086.203125,935190528
2026-04-30 02:45:00+00:00,75673.171875,75736.9765625,75532.8203125,75615.7578125,454021120
2026-04-30 03:00:00+00:00,75800.7734375,75837.171875,75650.8515625,75663.7265625,19484672
2026-04-30 03:15:00+00:00,75870.96875,75870.96875,75740.7109375,75803.9609375,0
2026-04-30 03:30:00+00:00,75925.9765625,75972.4921875,75813.640625,75874.140625,58425344
2026-04-30 03:45:00+00:00,75901.8203125,75969.84375,75872.0,75924.71875,12214272
2026-04-30 04:00:00+00:00,75754.3203125,75937.953125,75672.4375,75902.859375,0
2026-04-30 04:15:00+00:00,75644.40625,75772.0625,75630.0,75772.0625,206925824
2026-04-30 04:30:00+00:00,75378.5625,75653.1171875,75378.5625,75641.859375,27451392
2026-04-30 04:45:00+00:00,75456.2578125,75500.90625,75402.0234375,75402.0234375,711442432
2026-04-30 05:00:00+00:00,75580.7890625,75604.328125,75433.8671875,75455.09375,21127168
2026-04-30 05:15:00+00:00,75395.65625,75601.8828125,75315.0390625,75586.078125,448614400
2026-04-30 05:30:00+00:00,75674.6484375,75725.328125,75391.9609375,75395.03125,191737856
2026-04-30 05:45:00+00:00,75567.8984375,75711.4609375,75558.3828125,75675.5625,99540992
2026-04-30 06:00:00+00:00,75564.75,75651.25,75543.0625,75577.46875,656031744
2026-04-30 06:15:00+00:00,75654.9375,75666.7421875,75564.71875,75564.7265625,0
2026-04-30 06:30:00+00:00,75718.75,75842.7421875,75658.0078125,75670.03125,136736768
2026-04-30 06:45:00+00:00,75726.171875,75766.1796875,75676.2421875,75720.8828125,103944192
2026-04-30 07:00:00+00:00,75783.328125,75828.0078125,75683.9375,75724.9765625,0
2026-04-30 07:15:00+00:00,75861.65625,75869.171875,75756.421875,75781.2421875,712704
2026-04-30 07:30:00+00:00,76048.9921875,76052.1015625,75858.5390625,75858.5390625,179232768
2026-04-30 07:45:00+00:00,76134.328125,76146.546875,76031.2890625,76076.0,73252864
2026-04-30 08:00:00+00:00,76058.0078125,76176.328125,76042.859375,76147.90625,160002048
2026-04-30 08:15:00+00:00,76043.953125,76143.0703125,75991.078125,76057.953125,2424832
2026-04-30 08:30:00+00:00,76105.8671875,76110.25,76014.03125,76043.953125,0
2026-04-30 08:45:00+00:00,76035.7421875,76122.421875,76024.078125,76103.5078125,0
2026-04-30 09:00:00+00:00,76050.2734375,76080.2265625,75996.9609375,76023.7578125,51261440
2026-04-30 09:15:00+00:00,76171.8203125,76171.8203125,75980.9765625,76050.703125,10592256
2026-04-30 09:30:00+00:00,76050.5625,76321.421875,76050.5625,76227.71875,116715520
2026-04-30 09:45:00+00:00,76071.859375,76176.34375,76047.3828125,76077.03125,0
2026-04-30 10:00:00+00:00,76017.4609375,76137.1484375,76008.1015625,76077.046875,0
2026-04-30 10:15:00+00:00,75964.4921875,76049.390625,75949.9921875,76030.3671875,0
2026-04-30 10:30:00+00:00,76018.78125,76087.2734375,75979.171875,76001.1875,2985984
2026-04-30 10:45:00+00:00,75994.2890625,76047.2421875,75967.8125,76027.3984375,44478464
2026-04-30 11:00:00+00:00,76130.0,76206.0078125,76000.921875,76013.0390625,0
2026-04-30 11:15:00+00:00,76082.3828125,76165.828125,76057.1796875,76120.078125,37863424
2026-04-30 11:30:00+00:00,75900.25,76092.5703125,75894.9921875,76082.6328125,0
2026-04-30 11:45:00+00:00,76039.6015625,76066.4375,75848.0,75898.453125,75665408
2026-04-30 12:00:00+00:00,76127.109375,76140.4296875,76016.5,76031.1875,54329344
2026-04-30 12:15:00+00:00,76320.0,76349.9921875,76111.78125,76134.0,0
2026-04-30 12:30:00+00:00,76219.3125,76384.859375,76219.3125,76312.0625,1422356480
2026-04-30 12:45:00+00:00,76274.5703125,76390.0078125,76220.1015625,76220.1015625,128249856
2026-04-30 13:00:00+00:00,76294.2109375,76337.296875,76246.0390625,76302.4609375,15699968
2026-04-30 13:15:00+00:00,76144.0234375,76321.6875,76118.8515625,76290.28125,67084288
2026-04-30 13:30:00+00:00,76610.390625,76613.9296875,76073.9921875,76117.0,0
2026-04-30 13:45:00+00:00,76381.9921875,76614.0,76374.4765625,76552.4375,51789824
2026-04-30 14:00:00+00:00,76329.5,76552.546875,76259.546875,76385.8984375,51433472
2026-04-30 14:15:00+00:00,76320.46875,76335.046875,76055.1484375,76333.921875,140193792
2026-04-30 14:30:00+00:00,76317.609375,76517.6328125,76173.15625,76287.25,46718976
2026-04-30 14:45:00+00:00,76268.0,76443.671875,76247.578125,76298.7578125,33370112
2026-04-30 15:00:00+00:00,76401.3828125,76407.3828125,76124.359375,76267.6328125,0
2026-04-30 15:15:00+00:00,76475.8828125,76475.8828125,76338.0078125,76402.1875,19628032
2026-04-30 15:30:00+00:00,76448.6875,76625.03125,76340.6796875,76485.390625,0
2026-04-30 15:45:00+00:00,76438.84375,76500.0,76293.9921875,76426.5,0
2026-04-30 16:00:00+00:00,76448.828125,76452.21875,76322.0078125,76437.25,49172480
2026-04-30 16:15:00+00:00,76329.453125,76442.3828125,76260.859375,76442.3828125,0
2026-04-30 16:30:00+00:00,76313.6328125,76390.0078125,76286.671875,76336.4765625,0
2026-04-30 16:45:00+00:00,76222.7578125,76340.0625,76183.3828125,76313.6328125,0
2026-04-30 17:00:00+00:00,76181.828125,76296.7421875,76170.5234375,76208.703125,0
2026-04-30 17:15:00+00:00,76117.421875,76175.0703125,76073.8125,76175.0703125,18657280
2026-04-30 17:30:00+00:00,76122.4609375,76219.9765625,76100.921875,76140.1015625,15001600
2026-04-30 17:45:00+00:00,76210.4296875,76270.3984375,76118.359375,76118.359375,4517888
2026-04-30 18:00:00+00:00,76230.7578125,76345.078125,76209.7265625,76214.3671875,0
2026-04-30 18:15:00+00:00,76246.421875,76435.40625,76225.5078125,76230.7578125,0
2026-04-30 18:30:00+00:00,76365.1484375,76379.40625,76175.9921875,76246.421875,0
2026-04-30 18:45:00+00:00,76314.9765625,76444.4375,76314.890625,76364.2734375,0
2026-04-30 19:00:00+00:00,76415.3203125,76463.5,76280.078125,76315.0,0
2026-04-30 19:15:00+00:00,76452.5390625,76485.3125,76394.7578125,76423.2421875,33374208
2026-04-30 19:30:00+00:00,76411.65625,76495.328125,76381.28125,76454.328125,34732032
2026-04-30 19:45:00+00:00,76399.5078125,76436.8671875,76349.03125,76400.0078125,0
2026-04-30 20:00:00+00:00,76418.0703125,76448.8125,76333.921875,76380.03125,0
2026-04-30 20:15:00+00:00,76439.7421875,76530.2890625,76291.96875,76412.390625,19617792
2026-04-30 20:30:00+00:00,76482.640625,76511.6328125,76421.4375,76434.59375,0
2026-04-30 20:45:00+00:00,76461.5,76538.6875,76459.640625,76482.640625,10508288
2026-04-30 21:00:00+00:00,76452.21875,76507.2109375,76413.3203125,76450.3125,18315264
2026-04-30 21:15:00+00:00,76300.109375,76439.9921875,76287.203125,76439.9921875,44216320
2026-04-30 21:30:00+00:00,76354.203125,76419.9921875,76300.109375,76303.9765625,0
2026-04-30 21:45:00+00:00,76207.90625,76350.828125,76207.90625,76350.828125,146405376
2026-04-30 22:00:00+00:00,76332.0703125,76334.2578125,76215.6171875,76234.5390625,1312768
2026-04-30 22:15:00+00:00,76401.9921875,76418.40625,76324.9296875,76332.0703125,35770368
2026-04-30 22:30:00+00:00,76299.9765625,76408.2734375,76239.28125,76401.9921875,73689088
2026-04-30 22:45:00+00:00,76205.359375,76342.921875,76167.90625,76299.9765625,10272768
2026-04-30 23:00:00+00:00,76259.453125,76289.96875,76183.96875,76205.359375,73803776
2026-04-30 23:15:00+00:00,76303.6015625,76303.609375,76252.40625,76266.3125,15828992
2026-04-30 23:30:00+00:00,76287.9921875,76343.0078125,76280.0078125,76303.6015625,17240064
2026-04-30 23:45:00+00:00,76296.7265625,76339.453125,76265.9765625,76276.46875,11278336
2026-05-01 00:00:00+00:00,76433.9921875,76477.9765625,76280.59375,76295.7265625,464941056
2026-05-01 00:15:00+00:00,76495.8984375,76540.578125,76438.7109375,76441.9765625,40781824
2026-05-01 00:30:00+00:00,76499.53125,76528.203125,76419.1875,76495.8984375,52391936
2026-05-01 00:45:00+00:00,76423.2421875,76559.0625,76357.9921875,76497.6015625,41222144
2026-05-01 01:00:00+00:00,76526.640625,76560.7578125,76415.3515625,76424.6328125,0
2026-05-01 01:15:00+00:00,76505.5703125,76602.0,76489.5234375,76535.5703125,29233152
2026-05-01 01:30:00+00:00,76591.9921875,76606.0234375,76493.84375,76505.5703125,80889856
2026-05-01 01:45:00+00:00,76650.75,76746.203125,76578.7265625,76597.546875,186392576
2026-05-01 02:00:00+00:00,76637.4296875,76711.0234375,76587.8515625,76670.9921875,91521024
2026-05-01 02:15:00+00:00,76597.0703125,76694.8203125,76570.53125,76644.8671875,1638400
2026-05-01 02:30:00+00:00,76563.28125,76610.90625,76529.96875,76604.3125,14180352
2026-05-01 02:45:00+00:00,76566.4609375,76590.859375,76506.296875,76556.5625,0
2026-05-01 03:00:00+00:00,76667.6796875,76675.03125,76523.203125,76551.9921875,0
2026-05-01 03:15:00+00:00,77166.890625,77406.7890625,76661.5234375,76666.0078125,798349312
2026-05-01 03:30:00+00:00,77126.0,77262.140625,77053.859375,77199.203125,557875200
2026-05-01 03:45:00+00:00,77091.84375,77178.8984375,77049.09375,77134.96875,129114112
2026-05-01 04:00:00+00:00,77072.0234375,77134.1796875,77029.96875,77109.7265625,51453952
2026-05-01 04:15:00+00:00,76992.0234375,77175.53125,76946.828125,77094.0,53798912
2026-05-01 04:30:00+00:00,77047.578125,77058.1484375,76976.1171875,76990.640625,476381184
2026-05-01 04:45:00+00:00,77004.9921875,77079.1875,76996.953125,77046.71875,17670144
2026-05-01 05:00:00+00:00,77112.9765625,77160.140625,76999.78125,77011.171875,92073984
2026-05-01 05:15:00+00:00,77048.0,77121.4609375,77026.8203125,77107.53125,55296
2026-05-01 05:30:00+00:00,77097.0234375,77101.171875,77026.8203125,77048.0078125,25620480
2026-05-01 05:45:00+00:00,77140.578125,77154.5390625,77078.75,77097.0234375,42762240
2026-05-01 06:00:00+00:00,77118.078125,77153.109375,77057.2421875,77144.8125,40374272
2026-05-01 06:15:00+00:00,77128.84375,77161.328125,77087.65625,77118.09375,18194432
2026-05-01 06:30:00+00:00,77035.9765625,77149.9765625,76941.9921875,77131.59375,0
2026-05-01 06:45:00+00:00,76971.9921875,77084.453125,76861.6796875,77045.5390625,215472128
2026-05-01 07:00:00+00:00,77008.6015625,77061.15625,76932.46875,76953.9921875,221093888
2026-05-01 07:15:00+00:00,76966.3671875,77075.390625,76956.703125,77017.3984375,154669056
2026-05-01 07:30:00+00:00,76967.96875,77025.9921875,76930.0,76966.3828125,58703872
2026-05-01 07:45:00+00:00,77108.0234375,77119.2734375,76971.8203125,76971.8203125,96677888
2026-05-01 08:00:00+00:00,77238.4296875,77238.4296875,77022.546875,77097.5,147343360
2026-05-01 08:15:00+00:00,77424.34375,77489.828125,77208.3984375,77233.3125,468412416
2026-05-01 08:30:00+00:00,77351.3515625,77449.9921875,77346.453125,77420.109375,218826752
2026-05-01 08:45:00+00:00,77358.3984375,77372.0078125,77338.46875,77357.8515625,0
2026-05-01 09:00:00+00:00,77315.9375,77383.203125,77272.9296875,77366.890625,28936192
2026-05-01 09:15:00+00:00,77332.421875,77367.6875,77280.6015625,77315.9375,99743744
2026-05-01 09:30:00+00:00,77265.203125,77322.40625,77254.0,77322.3984375,33183744
2026-05-01 09:45:00+00:00,77266.0,77266.0,77185.6015625,77265.203125,76310528
2026-05-01 10:00:00+00:00,77151.71875,77250.0078125,77140.0078125,77250.0078125,108441600
2026-05-01 10:15:00+00:00,77333.59375,77413.578125,77151.71875,77151.71875,572411904
2026-05-01 10:30:00+00:00,77229.0078125,77352.7890625,77223.6015625,77333.59375,0
2026-05-01 10:45:00+00:00,77280.046875,77288.046875,77229.359375,77232.0,87296000
2026-05-01 11:00:00+00:00,77318.0625,77322.390625,77246.3984375,77292.0,51841024
2026-05-01 11:15:00+00:00,77371.7890625,77574.7265625,77300.0,77318.0625,261423104
2026-05-01 11:30:00+00:00,77402.1875,77417.390625,77333.796875,77375.25,443377664
2026-05-01 11:45:00+00:00,77452.7265625,77460.0703125,77325.9765625,77409.0078125,139995136
2026-05-01 12:00:00+00:00,77545.0,77639.71875,77392.0078125,77466.34375,140226560
2026-05-01 12:15:00+00:00,77755.1171875,77793.5625,77535.109375,77535.109375,283258880
2026-05-01 12:30:00+00:00,77947.28125,78151.96875,77763.0078125,77763.0078125,238032896
2026-05-01 12:45:00+00:00,77889.2734375,78032.0078125,77889.2734375,77933.0390625,350763008
2026-05-01 13:00:00+00:00,78346.9921875,78415.2265625,77894.96875,77894.96875,447764480
2026-05-01 13:15:00+00:00,78282.2734375,78400.859375,78261.953125,78382.0078125,689901568
2026-05-01 13:30:00+00:00,78241.6875,78526.3203125,78137.1875,78269.9921875,612489216
2026-05-01 13:45:00+00:00,78759.96875,78940.40625,78183.0,78264.1875,520777728
2026-05-01 14:00:00+00:00,78697.703125,78888.6484375,78616.59375,78780.0,1152587776
2026-05-01 14:15:00+00:00,78287.171875,78719.7109375,78210.7109375,78683.859375,444491776
2026-05-01 14:30:00+00:00,78183.2421875,78308.0078125,78065.1015625,78283.7890625,420335616
2026-05-01 14:45:00+00:00,78364.2734375,78450.0234375,78138.9765625,78161.40625,177045504
2026-05-01 15:00:00+00:00,78462.390625,78477.9765625,78189.9765625,78355.6796875,411336704
2026-05-01 15:15:00+00:00,78547.6328125,78593.890625,78420.8984375,78479.71875,106733568
2026-05-01 15:30:00+00:00,78670.03125,78742.4375,78528.15625,78557.0,302546944
2026-05-01 15:45:00+00:00,78445.1171875,78696.609375,78223.6796875,78666.5625,442732544
2026-05-01 16:00:00+00:00,78384.1328125,78691.0,78384.1328125,78476.2890625,563851264
2026-05-01 16:15:00+00:00,78324.7578125,78468.0,78171.78125,78367.7578125,356253696
2026-05-01 16:30:00+00:00,78273.4765625,78374.8828125,78171.78125,78322.7265625,449634304
2026-05-01 16:45:00+00:00,78202.9296875,78348.0,78157.0234375,78258.28125,175230976
2026-05-01 17:00:00+00:00,78331.78125,78331.78125,78125.328125,78190.84375,163184640
2026-05-01 17:15:00+00:00,78250.0,78344.5234375,78178.78125,78342.78125,130809856
2026-05-01 17:30:00+00:00,78443.0078125,78558.0078125,78186.0234375,78258.2734375,827392
2026-05-01 17:45:00+00:00,78550.0,78596.296875,78413.9921875,78455.890625,340295680
2026-05-01 18:00:00+00:00,78521.546875,78617.046875,78468.46875,78575.0,194547712
2026-05-01 18:15:00+00:00,78538.546875,78627.03125,78478.0078125,78544.0,154054656
2026-05-01 18:30:00+00:00,78433.578125,78591.0,78415.359375,78591.0,172171264
2026-05-01 18:45:00+00:00,78436.171875,78499.8515625,78375.0078125,78428.2578125,129986560
2026-05-01 19:00:00+00:00,78513.15625,78552.9765625,78413.9765625,78455.7578125,84082688
2026-05-01 19:15:00+00:00,78429.0703125,78510.84375,78351.703125,78502.03125,68636672
2026-05-01 19:30:00+00:00,78344.7734375,78424.0078125,78310.1875,78420.7109375,148963328
2026-05-01 19:45:00+00:00,78373.9765625,78483.75,78341.34375,78368.0078125,113975296
2026-05-01 20:00:00+00:00,78299.9921875,78419.25,78292.8828125,78398.8203125,105107456
2026-05-01 20:15:00+00:00,78141.3671875,78292.8828125,78085.28125,78292.8828125,77254656
2026-05-01 20:30:00+00:00,77978.3125,78175.5703125,77936.96875,78141.453125,303456256
2026-05-01 20:45:00+00:00,77872.8125,78024.6171875,77750.203125,77978.296875,149651456
2026-05-01 21:00:00+00:00,77959.203125,77982.9609375,77856.9296875,77872.8125,223977472
2026-05-01 21:15:00+00:00,78026.4296875,78071.4296875,77932.1328125,77959.203125,84594688
2026-05-01 21:30:00+00:00,78112.953125,78182.03125,78016.09375,78016.09375,0
2026-05-01 21:45:00+00:00,78207.0390625,78207.0390625,78117.3671875,78125.4375,184369152
2026-05-01 22:00:00+00:00,78286.0,78330.1015625,78207.7109375,78207.7109375,50753536
2026-05-01 22:15:00+00:00,78350.0,78417.421875,78292.8671875,78292.8671875,75280384
2026-05-01 22:30:00+00:00,78267.3671875,78371.3984375,78219.4296875,78350.0,173101056
2026-05-01 22:45:00+00:00,78146.6796875,78243.890625,78130.578125,78243.890625,64167936
2026-05-01 23:00:00+00:00,78109.28125,78192.4296875,78100.0,78132.1171875,52658176
2026-05-01 23:15:00+00:00,78042.3984375,78145.2109375,78032.0625,78122.390625,82767872
2026-05-01 23:30:00+00:00,78095.65625,78139.6328125,78041.046875,78042.3984375,0
2026-05-01 23:45:00+00:00,78234.046875,78234.046875,78104.65625,78104.65625,0
2026-05-02 00:00:00+00:00,78204.96875,78290.6875,78200.0,78234.390625,0
2026-05-02 00:15:00+00:00,78279.0390625,78362.0703125,78168.0,78204.96875,28139520
2026-05-02 00:30:00+00:00,78325.1875,78345.609375,78242.8515625,78289.40625,48111616
2026-05-02 00:45:00+00:00,78346.0234375,78391.3828125,78285.09375,78330.6015625,0
2026-05-02 01:00:00+00:00,78378.09375,78386.2890625,78292.890625,78320.0,49926144
2026-05-02 01:15:00+00:00,78345.3984375,78370.0390625,78306.71875,78355.15625,34861056
2026-05-02 01:30:00+00:00,78375.9921875,78442.0,78317.78125,78345.390625,9396224
2026-05-02 01:45:00+00:00,78348.0078125,78348.0078125,78296.296875,78341.9921875,0
2026-05-02 02:00:00+00:00,78291.5625,78357.84375,78274.0,78324.03125,0
2026-05-02 02:15:00+00:00,78260.03125,78348.859375,78258.28125,78291.6328125,17842176
2026-05-02 02:30:00+00:00,78362.0234375,78396.0078125,78260.0078125,78266.15625,0
2026-05-02 02:45:00+00:00,78358.09375,78479.7109375,78352.328125,78362.0078125,113176576
2026-05-02 03:00:00+00:00,78269.546875,78385.46875,78248.71875,78365.171875,46071808
2026-05-02 03:15:00+00:00,78382.8515625,78413.96875,78244.4375,78269.5390625,0
2026-05-02 03:30:00+00:00,78400.7265625,78508.9609375,78362.7890625,78379.3828125,8818688
2026-05-02 03:45:00+00:00,78409.6328125,78474.9921875,78363.2421875,78394.0625,0
2026-05-02 04:00:00+00:00,78296.328125,78443.546875,78259.796875,78419.3984375,0
2026-05-02 04:15:00+00:00,78281.0625,78304.9296875,78258.28125,78293.8515625,158437376
2026-05-02 04:30:00+00:00,78229.359375,78294.71875,78195.203125,78272.1328125,0
2026-05-02 04:45:00+00:00,78179.3828125,78235.453125,78144.859375,78229.359375,27987968
2026-05-02 05:00:00+00:00,78092.359375,78192.8828125,78061.0625,78176.5078125,9637888
2026-05-02 05:15:00+00:00,78104.796875,78128.3828125,78034.28125,78099.109375,27918336
2026-05-02 05:30:00+00:00,78193.7890625,78200.0,78102.7578125,78102.7578125,168636416
2026-05-02 05:45:00+00:00,78175.7421875,78236.71875,78175.7421875,78185.6171875,17293312
2026-05-02 06:00:00+00:00,78186.453125,78284.046875,78178.9375,78180.203125,56545280
2026-05-02 06:15:00+00:00,78146.6328125,78222.7421875,78146.6328125,78195.9921875,35364864
2026-05-02 06:30:00+00:00,78231.71875,78234.96875,78142.90625,78146.640625,71241728
2026-05-02 06:45:00+00:00,78324.0234375,78347.9921875,78231.7265625,78231.7265625,0
2026-05-02 07:00:00+00:00,78317.1015625,78348.2265625,78303.2578125,78318.0078125,24190976
2026-05-02 07:15:00+00:00,78319.1875,78342.53125,78305.75,78317.09375,0
2026-05-02 07:30:00+00:00,78223.78125,78329.9765625,78213.296875,78319.1875,0
2026-05-02 07:45:00+00:00,78211.6484375,78254.0078125,78200.0078125,78254.0078125,0
2026-05-02 08:00:00+00:00,78256.203125,78258.8203125,78163.8125,78220.2109375,0
2026-05-02 08:15:00+00:00,78278.0078125,78291.6875,78234.0625,78256.203125,0
2026-05-02 08:30:00+00:00,78326.0,78344.78125,78278.0078125,78278.0234375,0
2026-05-02 08:45:00+00:00,78313.6328125,78356.7109375,78286.453125,78325.9921875,18329600
2026-05-02 09:00:00+00:00,78308.578125,78324.0078125,78290.0078125,78324.0078125,0
2026-05-02 09:15:00+00:00,78306.2890625,78339.9921875,78306.28125,78320.546875,0
2026-05-02 09:30:00+00:00,78306.8125,78392.40625,78234.078125,78275.0,0
2026-05-02 09:45:00+00:00,78299.7890625,78330.9296875,78289.84375,78313.1484375,91588608
2026-05-02 10:00:00+00:00,78287.8671875,78317.09375,78280.9296875,78299.796875,268089344
2026-05-02 10:15:00+00:00,78251.3515625,78303.25,78227.140625,78285.2421875,0
2026-05-02 10:30:00+00:00,78258.0,78266.609375,78221.6015625,78251.3515625,0
2026-05-02 10:45:00+00:00,78249.9765625,78266.0,78230.6015625,78242.203125,0
2026-05-02 11:00:00+00:00,78178.2578125,78223.6875,78164.859375,78223.6875,60710912
2026-05-02 11:15:00+00:00,78212.3671875,78234.0625,78178.2578125,78178.2578125,0
2026-05-02 11:30:00+00:00,78171.40625,78216.7578125,78128.4765625,78210.6171875,0
2026-05-02 11:45:00+00:00,78147.0390625,78157.953125,78093.1015625,78157.953125,0
2026-05-02 12:00:00+00:00,78137.578125,78168.3125,78099.0703125,78147.0703125,0
2026-05-02 12:15:00+00:00,78245.5625,78266.9296875,78136.140625,78141.09375,0
2026-05-02 12:30:00+00:00,78214.0390625,78260.5234375,78182.78125,78245.5625,0
2026-05-02 12:45:00+00:00,78213.15625,78219.9921875,78175.2421875,78214.03125,0
2026-05-02 13:00:00+00:00,78393.2734375,78414.8671875,78224.3828125,78224.3828125,0
2026-05-02 13:15:00+00:00,78301.140625,78389.7578125,78289.5,78389.7578125,0
2026-05-02 13:30:00+00:00,78364.9921875,78365.0,78289.9921875,78301.140625,0
2026-05-02 13:45:00+00:00,78364.6796875,78390.8671875,78315.0,78365.0,0
2026-05-02 14:00:00+00:00,78308.0,78389.0078125,78307.9765625,78367.8125,0
2026-05-02 14:15:00+00:00,78413.96875,78478.0,78305.0,78308.0,0
2026-05-02 14:30:00+00:00,78398.203125,78458.953125,78368.796875,78407.46875,0
2026-05-02 14:45:00+00:00,78415.34375,78476.0390625,78386.03125,78398.2109375,0
2026-05-02 15:00:00+00:00,78432.6171875,78479.203125,78415.328125,78424.1015625,0
2026-05-02 15:15:00+00:00,78377.8984375,78439.2109375,78362.09375,78435.359375,0
2026-05-02 15:30:00+00:00,78433.9921875,78445.1171875,78365.546875,78377.8984375,0
2026-05-02 15:45:00+00:00,78483.5234375,78486.4921875,78408.6171875,78433.9765625,0
2026-05-02 16:00:00+00:00,78541.53125,78547.84375,78444.3515625,78483.53125,0
2026-05-02 16:15:00+00:00,78501.046875,78588.4375,78493.5703125,78541.5390625,0
2026-05-02 16:30:00+00:00,78424.359375,78499.859375,78424.359375,78499.859375,0
2026-05-02 16:45:00+00:00,78446.03125,78492.0,78417.9921875,78417.9921875,0
2026-05-02 17:00:00+00:00,78429.3125,78454.8828125,78409.8984375,78450.0,0
2026-05-02 17:15:00+00:00,78419.3203125,78450.0,78409.4921875,78423.9296875,0
2026-05-02 17:30:00+00:00,78417.5,78479.71875,78417.4375,78417.8828125,0
2026-05-02 17:45:00+00:00,78393.078125,78431.1328125,78362.0,78419.9921875,6041600
2026-05-02 18:00:00+00:00,78318.1171875,78389.7578125,78308.0078125,78380.5703125,0
2026-05-02 18:15:00+00:00,78391.328125,78392.53125,78308.0,78318.1171875,0
2026-05-02 18:30:00+00:00,78406.0,78445.1484375,78391.328125,78391.328125,17801216
2026-05-02 18:45:00+00:00,78456.0078125,78481.75,78400.7890625,78405.9921875,0
2026-05-02 19:00:00+00:00,78448.578125,78503.9375,78431.28125,78461.828125,0
2026-05-02 19:15:00+00:00,78438.8125,78469.34375,78432.0,78453.40625,630784
2026-05-02 19:30:00+00:00,78486.0078125,78521.2421875,78436.0,78440.0,8824832
2026-05-02 19:45:00+00:00,78471.78125,78491.6796875,78450.0,78486.0234375,0
2026-05-02 20:00:00+00:00,78425.0078125,78487.7421875,78425.0078125,78487.7421875,0
2026-05-02 20:15:00+00:00,78432.390625,78439.5625,78416.140625,78425.0078125,0
2026-05-02 20:30:00+00:00,78439.671875,78482.609375,78427.640625,78432.390625,0
2026-05-02 20:45:00+00:00,78458.671875,78461.0234375,78415.8671875,78439.65625,0
2026-05-02 21:00:00+00:00,78450.0078125,78521.2421875,78450.0078125,78474.9765625,0
2026-05-02 21:15:00+00:00,78497.0234375,78497.0234375,78450.0,78450.0,0
2026-05-02 21:30:00+00:00,78801.453125,79135.5390625,78497.0078125,78497.0234375,320648192
2026-05-02 21:45:00+00:00,78724.6875,78894.921875,78715.7109375,78805.8515625,372073472
2026-05-02 22:00:00+00:00,78760.1484375,78801.5,78656.1796875,78724.6875,48301056
2026-05-02 22:15:00+00:00,78625.9765625,78780.7265625,78605.2890625,78780.7265625,0
2026-05-02 22:30:00+00:00,78655.859375,78749.59375,78625.9765625,78625.9921875,381566976
2026-05-02 22:45:00+00:00,78833.9765625,78874.1171875,78657.3203125,78657.328125,52859904
2026-05-02 23:00:00+00:00,78729.9921875,78829.1171875,78690.7890625,78818.8125,0
2026-05-02 23:15:00+00:00,78801.9921875,78801.9921875,78721.921875,78736.6171875,14627840
2026-05-02 23:30:00+00:00,78689.2890625,78819.0625,78689.28125,78813.1796875,12663808
2026-05-02 23:45:00+00:00,78682.3125,78714.6171875,78625.1328125,78700.0078125,219917312
2026-05-03 00:00:00+00:00,78573.8515625,78732.7109375,78560.0078125,78682.3125,210590720
2026-05-03 00:15:00+00:00,78632.0,78636.6015625,78500.4921875,78569.3125,105843712
2026-05-03 00:30:00+00:00,78638.40625,78680.3984375,78616.3984375,78632.0078125,186368
2026-05-03 00:45:00+00:00,78551.7109375,78653.5390625,78499.4765625,78638.40625,1078272
2026-05-03 01:00:00+00:00,78366.2421875,78551.7109375,78330.7890625,78551.703125,150140928
2026-05-03 01:15:00+00:00,78289.40625,78396.671875,78234.0625,78366.2265625,95145984
2026-05-03 01:30:00+00:00,78238.9921875,78285.609375,78155.6875,78285.609375,121831424
2026-05-03 01:45:00+00:00,78250.0,78290.0,78215.5,78231.5234375,0
2026-05-03 02:00:00+00:00,78191.09375,78296.328125,78119.5390625,78222.0,214755328
2026-05-03 02:15:00+00:00,78106.0390625,78199.71875,78106.0390625,78189.9921875,48512000
2026-05-03 02:30:00+00:00,78115.9296875,78177.5625,78106.03125,78106.0390625,379146240
2026-05-03 02:45:00+00:00,78162.8671875,78197.0,78116.4296875,78119.8828125,15306752
2026-05-03 03:00:00+00:00,78129.2734375,78180.0234375,78121.796875,78151.2890625,18956288
2026-05-03 03:15:00+00:00,78109.5,78142.0,78103.75,78129.2578125,3525632
2026-05-03 03:30:00+00:00,78128.109375,78202.90625,78109.5078125,78109.5078125,13930496
2026-05-03 03:45:00+00:00,78196.0234375,78213.2890625,78128.53125,78128.53125,106591232
2026-05-03 04:00:00+00:00,78133.7890625,78206.0078125,78107.2734375,78192.5234375,0
2026-05-03 04:15:00+00:00,78212.578125,78230.6015625,78133.7890625,78133.796875,0
2026-05-03 04:30:00+00:00,78180.0078125,78227.140625,78180.0078125,78212.578125,0
2026-05-03 04:45:00+00:00,78164.859375,78188.6796875,78134.0078125,78180.0,0
2026-05-03 05:00:00+00:00,78230.6015625,78252.7421875,78149.4921875,78149.4921875,0
2026-05-03 05:15:00+00:00,78209.84375,78247.8828125,78209.84375,78230.59375,20418560
2026-05-03 05:30:00+00:00,78206.140625,78228.0234375,78204.96875,78209.8515625,13396992
2026-05-03 05:45:00+00:00,78239.859375,78248.9296875,78195.6015625,78195.6015625,71991296
2026-05-03 06:00:00+00:00,78144.1015625,78234.8515625,78144.1015625,78234.8515625,12750848
2026-05-03 06:15:00+00:00,78104.6328125,78154.4921875,78074.9765625,78141.3671875,6500352
2026-05-03 06:30:00+00:00,78140.640625,78168.3125,78104.640625,78104.640625,104892416
2026-05-03 06:45:00+00:00,78281.171875,78335.9609375,78140.6328125,78140.6328125,0
2026-05-03 07:00:00+00:00,78342.4296875,78439.3515625,78282.5,78288.34375,65125376
2026-05-03 07:15:00+00:00,78400.1484375,78444.7578125,78334.3984375,78342.4296875,18369536
2026-05-03 07:30:00+00:00,78372.0625,78440.890625,78372.0625,78402.3515625,82091008
2026-05-03 07:45:00+00:00,78357.6328125,78395.921875,78350.0078125,78382.828125,33778688
2026-05-03 08:00:00+00:00,78438.1875,78482.2578125,78357.2109375,78357.6328125,44685312
2026-05-03 08:15:00+00:00,78409.7265625,78472.09375,78405.0625,78438.1875,64320512
2026-05-03 08:30:00+00:00,78431.2734375,78435.9921875,78374.0,78412.46875,0
2026-05-03 08:45:00+00:00,78379.390625,78450.0,78379.390625,78431.2734375,13614080
2026-05-03 09:00:00+00:00,78396.359375,78438.2578125,78337.921875,78390.453125,25608192
2026-05-03 09:15:00+00:00,78491.421875,78518.25,78392.25,78396.359375,65402880
2026-05-03 09:30:00+00:00,78509.8515625,78599.9921875,78445.140625,78491.390625,67202048
2026-05-03 09:45:00+00:00,78532.4375,78546.3125,78483.1796875,78507.40625,52339712
2026-05-03 10:00:00+00:00,78493.09375,78528.421875,78421.6328125,78526.0234375,28510208
2026-05-03 10:15:00+00:00,78426.8125,78493.2734375,78426.8125,78493.078125,0
2026-05-03 10:30:00+00:00,78442.9921875,78469.28125,78430.65625,78430.65625,16316416
2026-05-03 10:45:00+00:00,78404.7734375,78442.9921875,78400.15625,78442.9765625,24518656
2026-05-03 11:00:00+00:00,78525.0234375,78551.7734375,78379.3828125,78394.5625,15640576
2026-05-03 11:15:00+00:00,78517.4375,78536.46875,78502.3984375,78527.75,62080000
2026-05-03 11:30:00+00:00,78704.6171875,78746.328125,78517.390625,78517.453125,40573952
2026-05-03 11:45:00+00:00,78656.859375,78834.0,78653.09375,78709.4375,299256832
2026-05-03 12:00:00+00:00,78846.796875,78873.0,78666.453125,78666.453125,95769600
2026-05-03 12:15:00+00:00,78771.7734375,78855.4296875,78753.046875,78852.0078125,160658432
2026-05-03 12:30:00+00:00,78785.1875,78798.7578125,78698.0703125,78786.0,19241984
2026-05-03 12:45:00+00:00,78746.1328125,78822.2578125,78712.8125,78786.0,113198080
2026-05-03 13:00:00+00:00,78738.9609375,78768.0390625,78704.0,78749.6015625,21876736
2026-05-03 13:15:00+00:00,78639.5703125,78744.78125,78614.0625,78738.8984375,0
2026-05-03 13:30:00+00:00,78614.1484375,78694.21875,78581.5390625,78639.578125,95671296
2026-05-03 13:45:00+00:00,78652.7265625,78689.8671875,78599.8515625,78614.1484375,37324800
2026-05-03 14:00:00+00:00,78717.59375,78771.8984375,78648.9296875,78661.6328125,83519488
2026-05-03 14:15:00+00:00,78678.4296875,78747.9609375,78600.0234375,78717.59375,166316032
2026-05-03 14:30:00+00:00,78705.328125,78711.53125,78659.640625,78678.4296875,107419648
2026-05-03 14:45:00+00:00,78719.9921875,78776.9921875,78642.3515625,78705.328125,132399104
2026-05-03 15:00:00+00:00,78728.0,78800.0,78715.0234375,78721.859375,141601792
2026-05-03 15:15:00+00:00,78752.0390625,78764.9921875,78708.90625,78731.9921875,48185344
2026-05-03 15:30:00+00:00,78683.859375,78776.796875,78662.3828125,78762.046875,40972288
2026-05-03 15:45:00+00:00,78656.84375,78699.671875,78620.8203125,78680.40625,41697280
2026-05-03 16:00:00+00:00,78609.9921875,78683.8515625,78600.0078125,78656.84375,0
2026-05-03 16:15:00+00:00,78652.6484375,78656.171875,78580.28125,78610.0,0
2026-05-03 16:30:00+00:00,78720.5,78772.25,78652.640625,78652.6484375,56963072
2026-05-03 16:45:00+00:00,78650.53125,78733.296875,78640.09375,78718.2109375,0
2026-05-03 17:00:00+00:00,78683.859375,78715.140625,78570.0,78642.3515625,325126144
2026-05-03 17:15:00+00:00,78725.0078125,78784.5,78683.8671875,78683.8671875,0
2026-05-03 17:30:00+00:00,78799.2109375,78816.546875,78718.0078125,78725.0078125,56328192
2026-05-03 17:45:00+00:00,78721.359375,78796.4375,78714.2265625,78796.4375,56328192
2026-05-03 18:00:00+00:00,78663.109375,78735.75,78663.1015625,78728.84375,84408320
2026-05-03 18:15:00+00:00,78725.390625,78752.3671875,78625.046875,78663.109375,19247104
2026-05-03 18:30:00+00:00,78661.0625,78725.390625,78658.7109375,78725.390625,28553216
2026-05-03 18:45:00+00:00,78732.28125,78753.6875,78666.1875,78666.1875,0
2026-05-03 19:00:00+00:00,78701.15625,78753.046875,78680.40625,78732.2734375,576151552
2026-05-03 19:15:00+00:00,78681.59375,78717.953125,78666.5625,78708.0703125,67848192
2026-05-03 19:30:00+00:00,78799.9921875,78842.078125,78679.2109375,78680.3984375,183187456
2026-05-03 19:45:00+00:00,78753.171875,78815.34375,78740.3984375,78800.0,96933888
2026-05-03 20:00:00+00:00,78720.5078125,78784.4765625,78720.5078125,78746.140625,97892352
2026-05-03 20:15:00+00:00,78917.078125,78985.0,78720.4765625,78720.4765625,98375680
2026-05-03 20:30:00+00:00,79005.6484375,79225.2734375,78900.109375,78927.75,463933440
2026-05-03 20:45:00+00:00,78920.4375,79018.3203125,78836.109375,79004.4921875,365268992
2026-05-03 21:00:00+00:00,79010.0390625,79057.5390625,78850.0234375,78922.59375,49897472
2026-05-03 21:15:00+00:00,78919.1484375,79013.9296875,78919.140625,79010.0390625,196368384
2026-05-03 21:30:00+00:00,78687.3203125,78931.53125,78662.3125,78919.1484375,7127040
2026-05-03 21:45:00+00:00,78822.53125,78843.0234375,78655.9921875,78695.5625,16648192
2026-05-03 22:00:00+00:00,79246.0078125,79351.0703125,78838.5078125,78869.296875,261013504
2026-05-03 22:15:00+00:00,79071.890625,79428.6015625,78959.2265625,79276.1875,409602048
2026-05-03 22:30:00+00:00,79258.2265625,79300.171875,78977.4296875,79078.2890625,457893888
2026-05-03 22:45:00+00:00,79170.75,79370.0234375,79161.328125,79263.46875,301445120
2026-05-03 23:00:00+00:00,79066.8671875,79285.9296875,79040.25,79162.546875,144838656
2026-05-03 23:15:00+00:00,78638.6171875,79066.8671875,78630.0,79066.8671875,135129088
2026-05-03 23:30:00+00:00,78584.4375,78722.9765625,78573.1796875,78645.796875,464111616
2026-05-03 23:45:00+00:00,78558.8828125,78587.7890625,78488.6796875,78570.0625,214247424
2026-05-04 00:00:00+00:00,78506.0390625,78560.2578125,78425.0,78546.0625,123117568
2026-05-04 00:15:00+00:00,78351.703125,78507.9375,78274.921875,78505.9609375,15486976
2026-05-04 00:30:00+00:00,78380.6171875,78434.4375,78317.1015625,78334.3984375,523870208
2026-05-04 00:45:00+00:00,78537.4296875,78553.546875,78390.0,78394.2109375,160731136
2026-05-04 01:00:00+00:00,78444.0390625,78573.3515625,78404.0078125,78543.53125,0
2026-05-04 01:15:00+00:00,78592.0234375,78593.390625,78403.5703125,78460.4375,25989120
2026-05-04 01:30:00+00:00,78799.640625,79135.2109375,78584.171875,78592.0234375,290275328
2026-05-04 01:45:00+00:00,79756.453125,79772.953125,78787.609375,78794.5703125,512487424
2026-05-04 02:00:00+00:00,79935.2109375,79997.4921875,79542.703125,79847.9921875,2233165824
2026-05-04 02:15:00+00:00,79684.5703125,79936.390625,79627.9765625,79934.0390625,752351232
2026-05-04 02:30:00+00:00,80154.140625,80269.8515625,79708.0234375,79708.703125,613943296
2026-05-04 02:45:00+00:00,80171.7265625,80399.9921875,80022.0078125,80192.40625,1163993088
2026-05-04 03:00:00+00:00,80368.8671875,80404.1484375,79984.9765625,80172.296875,698839040
2026-05-04 03:15:00+00:00,80098.9921875,80372.34375,80030.0234375,80372.34375,509609984
2026-05-04 03:30:00+00:00,79980.328125,80123.203125,79912.3515625,80123.203125,407760896
2026-05-04 03:45:00+00:00,80308.609375,80308.609375,79949.7734375,79995.203125,280938496
2026-05-04 04:00:00+00:00,80424.0,80466.8203125,80302.0,80325.5,980793344
2026-05-04 04:15:00+00:00,80334.8203125,80600.0,80234.9296875,80433.921875,674316288
2026-05-04 04:30:00+00:00,80327.4765625,80422.796875,80285.8515625,80332.4375,520380416
2026-05-04 04:45:00+00:00,80320.453125,80381.140625,80224.703125,80327.4765625,275791872
2026-05-04 05:00:00+00:00,80145.9609375,80393.90625,80123.890625,80327.8671875,514293760
2026-05-04 05:15:00+00:00,79995.4296875,80153.3984375,79957.1484375,80150.890625,254023680
2026-05-04 05:30:00+00:00,80075.9609375,80098.9921875,79960.6015625,79995.4296875,783659008
2026-05-04 05:45:00+00:00,80013.5703125,80076.9921875,79990.0078125,80076.9921875,198397952
2026-05-04 06:00:00+00:00,79898.0,80038.2578125,79898.0,80003.5078125,208680960
2026-05-04 06:15:00+00:00,79688.0234375,79892.0,79477.3125,79892.0,71749632
2026-05-04 06:30:00+00:00,79746.3671875,79771.4296875,79638.8203125,79695.90625,657428480
2026-05-04 06:45:00+00:00,79859.6328125,79967.1015625,79746.359375,79746.359375,415203328
2026-05-04 07:00:00+00:00,79884.75,79933.296875,79805.109375,79853.71875,297549824
2026-05-04 07:15:00+00:00,79839.953125,79905.7890625,79812.03125,79891.203125,89937920
2026-05-04 07:30:00+00:00,79852.0625,79860.0390625,79678.5625,79843.9375,2015232
2026-05-04 07:45:00+00:00,79685.78125,79896.5703125,79661.453125,79848.5078125,274825216
2026-05-04 08:00:00+00:00,79783.453125,79783.453125,79582.3125,79673.28125,126687232
2026-05-04 08:15:00+00:00,79730.5390625,79788.9921875,79615.2578125,79784.03125,197173248
2026-05-04 08:30:00+00:00,79703.2734375,79774.9921875,79683.453125,79727.8671875,500830208
2026-05-04 08:45:00+00:00,79692.8203125,79755.21875,79611.84375,79697.4375,170299392
2026-05-04 09:00:00+00:00,79715.0,79779.4375,79626.03125,79684.3984375,20115456
2026-05-04 09:15:00+00:00,79710.0078125,79806.0,79698.5,79712.8671875,204578816
2026-05-04 09:30:00+00:00,79840.078125,79863.9921875,79674.0,79704.4375,45486080
2026-05-04 09:45:00+00:00,79817.5,79909.0234375,79772.0234375,79840.0625,200974336
2026-05-04 10:00:00+00:00,78725.96875,79861.5234375,78606.28125,79861.5234375,1036492800
2026-05-04 10:15:00+00:00,78487.5,78730.0,78217.8984375,78679.359375,1807298560
2026-05-04 10:30:00+00:00,78928.03125,79026.5078125,78445.0,78494.0078125,2154815488
2026-05-04 10:45:00+00:00,78935.2109375,79102.34375,78844.4921875,78929.4921875,929550336
2026-05-04 11:00:00+00:00,79050.6328125,79071.90625,78900.5078125,78925.2578125,608694272
2026-05-04 11:15:00+00:00,78956.4609375,79128.53125,78911.0078125,79042.6171875,114970624
2026-05-04 11:30:00+00:00,78714.796875,78935.5078125,78694.46875,78935.5078125,357097472
2026-05-04 11:45:00+00:00,78782.953125,78848.28125,78710.90625,78714.7890625,4427776
2026-05-04 12:00:00+00:00,78793.359375,78839.8125,78706.0,78780.0,105668608
2026-05-04 12:15:00+00:00,78959.9921875,79020.1328125,78732.5078125,78778.0,0
2026-05-04 12:30:00+00:00,78989.171875,78989.9921875,78842.671875,78960.0,320151552
2026-05-04 12:45:00+00:00,78852.0390625,78999.0,78852.0390625,78981.0078125,17555456
2026-05-04 13:00:00+00:00,78927.578125,78948.6484375,78574.671875,78809.5,366116864
2026-05-04 13:15:00+00:00,78952.6015625,79036.15625,78899.1015625,78926.4375,292855808
2026-05-04 13:30:00+00:00,78856.3828125,79108.4921875,78842.1875,78960.2578125,349081600
2026-05-04 13:45:00+00:00,78774.7265625,78939.0078125,78725.5,78784.21875,313802752
2026-05-04 14:00:00+00:00,78973.28125,78990.0,78491.0,78780.03125,185860096
2026-05-04 14:15:00+00:00,79245.0,79390.21875,78952.7109375,78959.1875,407232512
2026-05-04 14:30:00+00:00,79537.4921875,79584.2421875,79236.5,79247.0078125,693956608
2026-05-04 14:45:00+00:00,80229.578125,80532.7109375,79550.25,79550.25,1319989248
2026-05-04 15:00:00+00:00,80117.296875,80377.4921875,79950.328125,80225.8203125,1650405376
2026-05-04 15:15:00+00:00,79686.09375,80229.2734375,79355.03125,80111.4765625,601255936
2026-05-04 15:30:00+00:00,79911.7265625,79929.5,79512.6796875,79726.03125,2171957248
2026-05-04 15:45:00+00:00,80038.3125,80116.0078125,79569.359375,79907.65625,548741120
2026-05-04 16:00:00+00:00,79726.4921875,80075.9921875,79677.6015625,80027.21875,925892608
2026-05-04 16:15:00+00:00,80240.0,80408.609375,79615.171875,79714.0,835010560
2026-05-04 16:30:00+00:00,80286.0703125,80362.2421875,80174.96875,80248.3984375,599842816
2026-05-04 16:45:00+00:00,80027.5078125,80335.9921875,79975.0,80280.0,462241792
2026-05-04 17:00:00+00:00,80397.4609375,80470.40625,80028.0703125,80049.4609375,119853056
2026-05-04 17:15:00+00:00,80451.0,80527.9921875,80377.5,80393.5,488529920
2026-05-04 17:30:00+00:00,80276.0078125,80455.96875,80262.0703125,80455.96875,287088640
2026-05-04 17:45:00+00:00,80381.53125,80740.4375,80265.5,80281.671875,1217847296
2026-05-04 18:00:00+00:00,80387.9609375,80434.7890625,80264.53125,80409.0078125,1413693440
2026-05-04 18:15:00+00:00,80259.1015625,80373.6484375,80143.1171875,80373.6484375,405704704
2026-05-04 18:30:00+00:00,80170.9921875,80303.078125,80146.59375,80260.0390625,193159168
2026-05-04 18:45:00+00:00,80108.8984375,80166.0,80023.8671875,80146.59375,1113657344
2026-05-04 19:00:00+00:00,80089.6015625,80137.0078125,79952.3515625,80101.5703125,261697536
2026-05-04 19:15:00+00:00,79922.5,80096.4765625,79880.5,80096.4765625,1031380992
2026-05-04 19:30:00+00:00,79993.8984375,80006.296875,79887.75,79927.9296875,124542976
2026-05-04 19:45:00+00:00,80049.5703125,80097.1796875,79960.0,79992.0625,1031618560
2026-05-04 20:00:00+00:00,80139.4765625,80139.4765625,79952.296875,80015.0,906006528
2026-05-04 20:15:00+00:00,80038.453125,80162.0,79922.921875,80139.578125,271892480
2026-05-04 20:30:00+00:00,79917.109375,80044.9921875,79891.640625,80037.2421875,0
2026-05-04 20:45:00+00:00,79935.828125,80003.109375,79903.578125,79917.109375,56090624
2026-05-04 21:00:00+00:00,80110.6015625,80142.0703125,79950.4765625,79950.4765625,6037504
2026-05-04 21:15:00+00:00,80199.0,80289.828125,80062.4296875,80110.59375,961445888
2026-05-04 21:30:00+00:00,80233.0,80286.5,80198.9921875,80198.9921875,141365248
2026-05-04 21:45:00+00:00,80260.0703125,80358.9609375,80232.671875,80232.671875,93868032
2026-05-04 22:00:00+00:00,80347.2109375,80379.9609375,80243.2890625,80243.2890625,131354624
2026-05-04 22:15:00+00:00,80251.5,80393.5625,80249.03125,80347.203125,0
2026-05-04 22:30:00+00:00,80101.0234375,80254.3203125,80101.0078125,80254.3203125,0
2026-05-04 22:45:00+00:00,80059.6875,80192.0,80039.359375,80101.0234375,62386176
2026-05-04 23:00:00+00:00,79908.4921875,80047.2421875,79888.328125,80047.2421875,89157632
2026-05-04 23:15:00+00:00,79948.0,79953.421875,79860.546875,79915.4921875,0
2026-05-04 23:30:00+00:00,79754.5078125,79936.5078125,79738.796875,79936.5078125,20021248
2026-05-04 23:45:00+00:00,79841.1171875,79850.828125,79740.109375,79747.5,1425408
2026-05-05 00:00:00+00:00,79953.9921875,79999.421875,79789.5,79852.359375,72523776
2026-05-05 00:15:00+00:00,79852.5078125,79966.75,79852.5078125,79951.21875,106971136
2026-05-05 00:30:00+00:00,80037.7421875,80126.0234375,79852.5078125,79852.5078125,0
2026-05-05 00:45:00+00:00,80163.9921875,80181.9375,80027.5,80090.046875,184209408
2026-05-05 01:00:00+00:00,80189.03125,80248.0,80066.2890625,80174.5,142442496
2026-05-05 01:15:00+00:00,80258.0,80284.3125,80178.0,80213.0,266846208
2026-05-05 01:30:00+00:00,80236.390625,80304.5078125,80164.0,80249.4921875,70012928
2026-05-05 01:45:00+00:00,80345.9921875,80377.71875,80254.9921875,80254.9921875,0
2026-05-05 02:00:00+00:00,80447.140625,80500.421875,80298.859375,80337.1875,0
2026-05-05 02:15:00+00:00,80461.5078125,80532.9765625,80374.0,80441.8125,0
2026-05-05 02:30:00+00:00,80807.25,80807.25,80444.0,80470.5625,0
2026-05-05 02:45:00+00:00,80547.7421875,80897.0078125,80498.0,80885.1875,90894336
2026-05-05 03:00:00+00:00,80664.5234375,80706.5,80448.046875,80549.96875,0
2026-05-05 03:15:00+00:00,80794.0,80848.4921875,80624.0234375,80664.5234375,206692352
2026-05-05 03:30:00+00:00,80919.40625,81077.6328125,80749.2890625,80793.9921875,991232
2026-05-05 03:45:00+00:00,80882.140625,80940.7578125,80815.5,80913.7421875,360710144
2026-05-05 04:00:00+00:00,80804.7578125,80966.0,80779.453125,80891.9921875,0
2026-05-05 04:15:00+00:00,80797.4765625,80919.9921875,80790.0,80808.0,0
2026-05-05 04:30:00+00:00,80753.3515625,80852.6484375,80727.09375,80797.4765625,35422208
2026-05-05 04:45:00+00:00,80900.3203125,80966.0,80717.8671875,80753.28125,110485504
2026-05-05 05:00:00+00:00,80872.0,80951.796875,80829.0234375,80885.0,0
2026-05-05 05:15:00+00:00,81056.1171875,81189.5,80884.5625,80898.9921875,0
2026-05-05 05:30:00+00:00,81039.0078125,81304.171875,81020.0078125,81054.28125,404049920
2026-05-05 05:45:00+00:00,80965.546875,81055.6796875,80921.6796875,81039.0078125,410451968
2026-05-05 06:00:00+00:00,80948.9765625,81007.5,80888.5078125,80975.9921875,50638848
2026-05-05 06:15:00+00:00,80818.5,80967.9921875,80800.0,80948.96875,0
2026-05-05 06:30:00+00:00,80794.0078125,80873.1015625,80787.6171875,80804.5078125,18853888
2026-05-05 06:45:00+00:00,80968.9921875,80972.296875,80821.5078125,80822.0,0
2026-05-05 07:00:00+00:00,80981.609375,81014.4921875,80889.7578125,80968.9921875,17575936
2026-05-05 07:15:00+00:00,81039.0078125,81087.5078125,80962.0,80993.4921875,880066560
2026-05-05 07:30:00+00:00,81020.5,81134.1796875,81007.9765625,81039.0078125,400130048
2026-05-05 07:45:00+00:00,80863.140625,81035.4921875,80831.171875,81015.03125,228020224
2026-05-05 08:00:00+00:00,80854.0,80889.453125,80839.0703125,80848.7265625,210137088
2026-05-05 08:15:00+00:00,80843.421875,80880.40625,80809.21875,80848.7734375,0
2026-05-05 08:30:00+00:00,80741.8828125,80866.3984375,80717.9765625,80849.9921875,17842176
2026-05-05 08:45:00+00:00,80817.96875,80834.671875,80742.0078125,80742.0078125,66826240
2026-05-05 09:00:00+00:00,80671.296875,80813.0,80667.46875,80813.0,61575168
2026-05-05 09:15:00+00:00,80655.7890625,80694.859375,80600.0,80664.65625,216637440
2026-05-05 09:30:00+00:00,80590.1796875,80703.8515625,80554.7265625,80653.5390625,189009920
2026-05-05 09:45:00+00:00,80585.84375,80611.1484375,80520.953125,80598.0,82034688
2026-05-05 10:00:00+00:00,80673.7578125,80716.1796875,80520.0,80573.7734375,0
2026-05-05 10:15:00+00:00,80742.828125,80760.859375,80678.6875,80678.6875,0
2026-05-05 10:30:00+00:00,80830.0,80845.953125,80748.1015625,80756.9296875,0
2026-05-05 10:45:00+00:00,80833.703125,80847.0390625,80734.3515625,80830.0,0
2026-05-05 11:00:00+00:00,80955.5390625,80988.8671875,80790.0,80844.0,711692288
2026-05-05 11:15:00+00:00,80952.5234375,80978.953125,80834.3828125,80940.390625,90480640
2026-05-05 11:30:00+00:00,81046.4375,81113.7109375,80946.4609375,80962.796875,48443392
2026-05-05 11:45:00+00:00,81024.9375,81082.5390625,80885.859375,81046.4375,96493568
2026-05-05 12:00:00+00:00,81116.140625,81130.78125,80934.890625,81020.5234375,104386560
2026-05-05 12:15:00+00:00,81236.5390625,81262.9296875,81079.96875,81109.2109375,41644032
2026-05-05 12:30:00+00:00,81318.3203125,81324.0,81185.8203125,81246.421875,187240448
2026-05-05 12:45:00+00:00,81284.0078125,81328.2109375,81211.828125,81318.3125,279015424
2026-05-05 13:00:00+00:00,81646.3671875,81683.6796875,81277.71875,81284.671875,440512512
2026-05-05 13:15:00+00:00,81467.609375,81713.0390625,81426.1875,81648.609375,751345664
2026-05-05 13:30:00+00:00,81408.0078125,81546.0,81216.03125,81446.4765625,309698560
2026-05-05 13:45:00+00:00,81343.1796875,81673.8828125,81205.0,81420.0078125,498585600
2026-05-05 14:00:00+00:00,81134.3125,81437.296875,81104.0078125,81338.8203125,926662656
2026-05-05 14:15:00+00:00,81407.09375,81458.0390625,80954.546875,81084.0,308371456
2026-05-05 14:30:00+00:00,81240.6484375,81503.96875,81131.046875,81407.09375,40767488
2026-05-05 14:45:00+00:00,81342.2265625,81397.921875,81119.171875,81237.2265625,0
2026-05-05 15:00:00+00:00,81573.65625,81667.28125,81237.328125,81329.53125,0
2026-05-05 15:15:00+00:00,81628.203125,81698.0,81543.359375,81583.859375,0
2026-05-05 15:30:00+00:00,81649.34375,81692.0,81555.4921875,81648.3984375,0
2026-05-05 15:45:00+00:00,81553.6796875,81710.09375,81544.7265625,81646.0,7716864
2026-05-05 16:00:00+00:00,81449.0703125,81619.34375,81449.0703125,81606.0078125,0
2026-05-05 16:15:00+00:00,81440.328125,81566.21875,81350.546875,81464.5703125,0
2026-05-05 16:30:00+00:00,81082.796875,81417.15625,81056.2109375,81394.8984375,63143936
2026-05-05 16:45:00+00:00,81297.921875,81303.9765625,81064.6328125,81064.6328125,154746880
2026-05-05 17:00:00+00:00,81336.1875,81385.7890625,81200.640625,81278.5078125,15564800
2026-05-05 17:15:00+00:00,81416.1015625,81464.578125,81313.9921875,81336.1796875,0
2026-05-05 17:30:00+00:00,81307.1015625,81414.09375,81261.5703125,81414.078125,29241344
2026-05-05 17:45:00+00:00,81276.7109375,81364.2265625,81255.5078125,81307.1015625,0
2026-05-05 18:00:00+00:00,81572.9296875,81607.0,81286.5703125,81286.5703125,0
2026-05-05 18:15:00+00:00,81473.671875,81583.9296875,81429.609375,81574.4609375,89837568
2026-05-05 18:30:00+00:00,81522.09375,81546.90625,81429.6015625,81461.5625,9256960
2026-05-05 18:45:00+00:00,81519.1328125,81575.140625,81436.3984375,81522.09375,28315648
2026-05-05 19:00:00+00:00,81456.8671875,81530.0234375,81413.0703125,81519.1328125,0
2026-05-05 19:15:00+00:00,81555.4609375,81590.9296875,81446.109375,81479.6796875,0
2026-05-05 19:30:00+00:00,81665.9765625,81678.703125,81520.0078125,81520.0078125,101224448
2026-05-05 19:45:00+00:00,81617.7265625,81696.0,81525.390625,81672.421875,102649856
2026-05-05 20:00:00+00:00,81708.9296875,81768.1015625,81526.0,81610.1796875,167075840
2026-05-05 20:15:00+00:00,81554.7265625,81690.0,81545.0234375,81654.578125,197734400
2026-05-05 20:30:00+00:00,81655.2890625,81731.7109375,81546.390625,81562.2109375,129441792
2026-05-05 20:45:00+00:00,81644.03125,81663.3984375,81576.7109375,81658.796875,84729856
2026-05-05 21:00:00+00:00,81615.0234375,81770.453125,81615.0234375,81650.0078125,194387968
2026-05-05 21:15:00+00:00,81475.3828125,81660.0,81459.9765625,81584.0,72613888
2026-05-05 21:30:00+00:00,81361.5625,81461.546875,81307.9921875,81461.546875,270671872
2026-05-05 21:45:00+00:00,81410.0390625,81506.15625,81340.0078125,81361.5703125,49672192
2026-05-05 22:00:00+00:00,81388.46875,81612.578125,81356.5,81486.0234375,0
2026-05-05 22:15:00+00:00,81434.0234375,81531.2421875,81319.140625,81388.4609375,160505856
2026-05-05 22:30:00+00:00,81022.1796875,81441.2265625,80839.3515625,81441.2265625,360624128
2026-05-05 22:45:00+00:00,81116.9375,81337.3203125,80976.75,81020.9765625,698920960
2026-05-05 23:00:00+00:00,81212.0390625,81215.9921875,81027.59375,81113.1015625,178216960
2026-05-05 23:15:00+00:00,80881.203125,81212.0,80875.0,81212.0,126156800
2026-05-05 23:30:00+00:00,80919.1796875,80953.609375,80792.203125,80875.0,82616320
2026-05-05 23:45:00+00:00,80907.7265625,80976.609375,80876.7578125,80910.09375,53395456
2026-05-06 00:00:00+00:00,81150.6171875,81234.296875,80884.8125,80884.8125,146800640
2026-05-06 00:15:00+00:00,80922.2109375,81244.84375,80918.609375,81150.6171875,385511424
2026-05-06 00:30:00+00:00,80889.96875,81026.9921875,80885.8515625,80901.7578125,121466880
2026-05-06 00:45:00+00:00,81014.921875,81049.4609375,80725.2890625,80899.9921875,213143552
2026-05-06 01:00:00+00:00,81153.96875,81158.9765625,80973.71875,81011.0625,199626752
2026-05-06 01:15:00+00:00,81228.25,81334.328125,81153.96875,81153.96875,75837440
2026-05-06 01:30:00+00:00,81301.5078125,81333.3203125,81222.1796875,81227.84375,90615808
2026-05-06 01:45:00+00:00,81428.9765625,81488.8203125,81304.0,81312.578125,165236736
2026-05-06 02:00:00+00:00,81314.9765625,81437.3125,81243.5703125,81437.3125,83570688
2026-05-06 02:15:00+00:00,81130.171875,81300.9609375,81124.7265625,81294.8984375,33845248
2026-05-06 02:30:00+00:00,81200.9609375,81258.0,81036.90625,81117.03125,162127872
2026-05-06 02:45:00+00:00,81355.4921875,81384.40625,81200.921875,81200.921875,84594688
2026-05-06 03:00:00+00:00,81417.9921875,81460.8828125,81349.453125,81358.5234375,182415360
2026-05-06 03:15:00+00:00,81613.03125,81743.328125,81370.1796875,81398.4375,40185856
2026-05-06 03:30:00+00:00,81540.0,81697.7421875,81522.1484375,81605.0,301821952
2026-05-06 03:45:00+00:00,81576.2578125,81629.1484375,81479.9609375,81550.8203125,82710528
2026-05-06 04:00:00+00:00,81584.9921875,81634.796875,81530.0078125,81579.171875,0
2026-05-06 04:15:00+00:00,81428.1796875,81597.890625,81420.0,81576.8203125,72585216
2026-05-06 04:30:00+00:00,81388.2109375,81434.9921875,81349.4296875,81434.9921875,92385280
2026-05-06 04:45:00+00:00,81331.046875,81486.203125,81265.6328125,81388.2109375,149725184
2026-05-06 05:00:00+00:00,81263.3125,81336.0,81228.0703125,81316.1171875,22056960
2026-05-06 05:15:00+00:00,81242.9765625,81299.9921875,81217.0,81255.5,23998464
2026-05-06 05:30:00+00:00,81162.390625,81249.9921875,81054.28125,81249.9921875,0
2026-05-06 05:45:00+00:00,81319.140625,81322.828125,81162.390625,81162.390625,70799360
2026-05-06 06:00:00+00:00,81252.1328125,81393.9296875,81223.9921875,81306.9765625,197656576
2026-05-06 06:15:00+00:00,81361.5625,81389.9765625,81202.796875,81252.1328125,701689856
2026-05-06 06:30:00+00:00,81437.3125,81467.1796875,81337.5,81361.5703125,151859200
2026-05-06 06:45:00+00:00,81472.953125,81517.8984375,81449.421875,81469.9609375,198512640
2026-05-06 07:00:00+00:00,81460.4765625,81606.0,81452.6015625,81497.90625,29114368
2026-05-06 07:15:00+00:00,81541.2734375,81595.59375,81459.9375,81476.6875,103448576
2026-05-06 07:30:00+00:00,81411.0234375,81540.9765625,81397.953125,81540.9765625,0
2026-05-06 07:45:00+00:00,81370.0,81455.8125,81306.0,81416.9765625,0
2026-05-06 08:00:00+00:00,81549.3515625,81617.9765625,81318.1015625,81350.828125,0
2026-05-06 08:15:00+00:00,81568.0234375,81580.84375,81496.7109375,81542.3828125,961421312
2026-05-06 08:30:00+00:00,81705.640625,81855.7578125,81568.0234375,81568.0234375,336326656
2026-05-06 08:45:00+00:00,81956.6875,81984.0,81639.9921875,81710.578125,546209792
2026-05-06 09:00:00+00:00,81812.9921875,81966.84375,81760.0,81966.84375,669118464
2026-05-06 09:15:00+00:00,81771.1015625,81868.5,81685.4296875,81826.8984375,0
2026-05-06 09:30:00+00:00,82022.25,82059.8515625,81756.2578125,81756.2578125,212836352
2026-05-06 09:45:00+00:00,81998.40625,82009.328125,81768.1328125,82009.328125,499232768
2026-05-06 10:00:00+00:00,82050.7265625,82114.7890625,81965.2578125,82022.4296875,209145856
2026-05-06 10:15:00+00:00,82190.921875,82225.640625,82009.2265625,82039.28125,350441472
2026-05-06 10:30:00+00:00,82248.03125,82296.0078125,82157.2265625,82196.84375,412389376
2026-05-06 10:45:00+00:00,82285.2734375,82382.09375,82147.34375,82248.28125,328261632
2026-05-06 11:00:00+00:00,82405.0,82467.5078125,82261.7109375,82261.7109375,412213248
2026-05-06 11:15:00+00:00,82670.0,82814.21875,82404.9921875,82414.9921875,247300096
2026-05-06 11:30:00+00:00,82490.859375,82761.0078125,82490.859375,82686.3203125,1264685056
2026-05-06 11:45:00+00:00,82522.03125,82577.96875,82474.046875,82490.0625,456359936
2026-05-06 12:00:00+00:00,82206.2265625,82535.96875,82206.2265625,82512.5390625,208805888
2026-05-06 12:15:00+00:00,82390.3515625,82481.9609375,82182.3515625,82182.3515625,377815040
2026-05-06 12:30:00+00:00,82344.578125,82438.4375,82300.0,82394.65625,0
2026-05-06 12:45:00+00:00,82223.59375,82418.96875,82157.2421875,82361.4765625,20590592
2026-05-06 13:00:00+00:00,82095.03125,82209.921875,81833.2421875,82196.5703125,0
2026-05-06 13:15:00+00:00,81934.0,82157.6484375,81876.9921875,82095.0234375,56303616
2026-05-06 13:30:00+00:00,81901.671875,82048.0,81783.0078125,81889.1796875,78782464
2026-05-06 13:45:00+00:00,81666.0703125,81907.5625,81607.953125,81899.3203125,101277696
2026-05-06 14:00:00+00:00,81438.21875,81694.0,81137.640625,81658.9296875,1089871872
2026-05-06 14:15:00+00:00,81604.3671875,81757.8125,81321.15625,81421.5078125,94269440
2026-05-06 14:30:00+00:00,81875.8671875,81875.8671875,81588.6171875,81588.6171875,119357440
2026-05-06 14:45:00+00:00,81515.4296875,81962.8515625,81485.9609375,81889.171875,151863296
2026-05-06 15:00:00+00:00,81386.9921875,81606.0390625,81300.0,81534.9921875,96182272
2026-05-06 15:15:00+00:00,81645.9765625,81809.3515625,81404.9921875,81404.9921875,53956608
2026-05-06 15:30:00+00:00,81642.3671875,81736.7421875,81471.65625,81645.71875,124973056
2026-05-06 15:45:00+00:00,81699.078125,81769.9921875,81609.1171875,81609.1171875,195170304
2026-05-06 16:00:00+00:00,81754.2421875,81863.6015625,81580.0078125,81705.2890625,0
2026-05-06 16:15:00+00:00,81505.0078125,81831.890625,81505.0078125,81748.0078125,193748992
2026-05-06 16:30:00+00:00,81681.03125,81698.8125,81419.46875,81505.71875,165171200
2026-05-06 16:45:00+00:00,81622.3828125,81786.0625,81563.7734375,81680.421875,228290560
2026-05-06 17:00:00+00:00,81668.1484375,81706.703125,81530.0,81615.46875,209502208
2026-05-06 17:15:00+00:00,81462.453125,81669.1484375,81414.3984375,81668.15625,139710464
2026-05-06 17:30:00+00:00,81536.453125,81545.328125,81452.15625,81469.1484375,4575232
2026-05-06 17:45:00+00:00,81447.8984375,81548.3984375,81375.0078125,81542.328125,117366784
2026-05-06 18:00:00+00:00,81481.109375,81500.9921875,81275.2265625,81456.3125,233013248
2026-05-06 18:15:00+00:00,81468.59375,81554.5390625,81445.1171875,81480.3828125,48197632
2026-05-06 18:30:00+00:00,81369.0,81496.3984375,81269.0390625,81436.3828125,60616704
2026-05-06 18:45:00+00:00,81347.828125,81425.84375,81277.640625,81369.0078125,131178496
2026-05-06 19:00:00+00:00,81246.9609375,81427.140625,81204.703125,81353.3671875,89759744
2026-05-06 19:15:00+00:00,81327.2265625,81386.4921875,81190.8671875,81234.59375,185638912
2026-05-06 19:30:00+00:00,81433.328125,81478.5,81248.640625,81315.1015625,6365184
2026-05-06 19:45:00+00:00,81461.6015625,81510.0,81403.6171875,81425.7578125,185827328
2026-05-06 20:00:00+00:00,81625.2265625,81648.5703125,81463.3984375,81463.3984375,12136448
2026-05-06 20:15:00+00:00,81555.1015625,81705.328125,81555.1015625,81638.953125,82382848
2026-05-06 20:30:00+00:00,81358.0703125,81560.6875,81302.8203125,81556.578125,105455616
2026-05-06 20:45:00+00:00,81425.8984375,81431.9921875,81305.453125,81348.8671875,0
2026-05-06 21:00:00+00:00,81379.390625,81511.546875,81304.53125,81434.8203125,0
2026-05-06 21:15:00+00:00,81443.9765625,81453.2421875,81380.9296875,81380.9296875,0
2026-05-06 21:30:00+00:00,81569.90625,81622.46875,81427.1015625,81443.9765625,21381120
2026-05-06 21:45:00+00:00,81542.0078125,81625.21875,81514.640625,81569.8984375,26308608
2026-05-06 22:00:00+00:00,81381.890625,81534.828125,81351.859375,81534.828125,22933504
2026-05-06 22:15:00+00:00,81240.84375,81387.0,81234.0078125,81371.8125,104038400
2026-05-06 22:30:00+00:00,81317.828125,81334.078125,81250.3125,81250.3125,0
2026-05-06 22:45:00+00:00,81339.671875,81403.9765625,81256.7578125,81317.828125,0
2026-05-06 23:00:00+00:00,81230.4921875,81328.5,81005.9921875,81328.5,175591424
2026-05-06 23:15:00+00:00,81383.8671875,81395.9921875,81219.9375,81230.546875,40521728
2026-05-06 23:30:00+00:00,81349.9921875,81412.40625,81314.109375,81378.859375,0
2026-05-06 23:45:00+00:00,81438.109375,81447.8125,81327.3671875,81349.9921875,28090368
2026-05-07 00:00:00+00:00,81428.65625,81482.9765625,81360.0078125,81416.3984375,0
2026-05-07 00:15:00+00:00,81226.0625,81429.9921875,81226.0625,81416.2265625,0
2026-05-07 00:30:00+00:00,81026.5,81242.9765625,80998.1484375,81204.578125,164605952
2026-05-07 00:45:00+00:00,81014.2265625,81131.0078125,80996.0078125,81029.6015625,74190848
2026-05-07 01:00:00+00:00,81149.2890625,81159.203125,80893.5,81022.046875,250155008
2026-05-07 01:15:00+00:00,81206.0390625,81219.8828125,80971.25,81146.9609375,166506496
2026-05-07 01:30:00+00:00,81272.84375,81280.0,81130.8984375,81198.4296875,0
2026-05-07 01:45:00+00:00,81174.359375,81275.171875,81118.609375,81272.7578125,159195136
2026-05-07 02:00:00+00:00,80920.5,81165.6796875,80909.9921875,81165.6796875,0
2026-05-07 02:15:00+00:00,80909.859375,80992.71875,80890.2421875,80927.9921875,178106368
2026-05-07 02:30:00+00:00,80968.1796875,81042.8671875,80900.0,80908.84375,309334016
2026-05-07 02:45:00+00:00,81118.6015625,81149.8203125,80965.1171875,80965.1171875,26615808
2026-05-07 03:00:00+00:00,81020.9765625,81108.25,81014.4765625,81086.9921875,54665216
2026-05-07 03:15:00+00:00,80973.171875,81072.2734375,80864.6484375,81026.5,0
2026-05-07 03:30:00+00:00,80986.59375,81009.1015625,80898.03125,80969.3203125,16842752
2026-05-07 03:45:00+00:00,80841.9921875,81017.2890625,80830.859375,80992.7265625,36519936
2026-05-07 04:00:00+00:00,80903.5,80909.0234375,80756.3515625,80845.3828125,45260800
2026-05-07 04:15:00+00:00,80936.9609375,80972.59375,80842.3203125,80855.0,25825280
2026-05-07 04:30:00+00:00,80879.1171875,80982.09375,80856.0,80919.0625,62402560
2026-05-07 04:45:00+00:00,80974.0078125,80983.2265625,80888.34375,80888.3515625,0
2026-05-07 05:00:00+00:00,81111.46875,81162.5,80958.0234375,80973.9765625,32317440
2026-05-07 05:15:00+00:00,81098.2421875,81151.4609375,81048.0,81114.203125,90906624
2026-05-07 05:30:00+00:00,81078.6875,81150.0234375,81026.7421875,81099.46875,0
2026-05-07 05:45:00+00:00,81086.9921875,81086.9921875,81005.4921875,81078.703125,69505024
2026-05-07 06:00:00+00:00,80898.046875,81075.6328125,80879.1484375,81075.6328125,0
2026-05-07 06:15:00+00:00,81030.5234375,81030.5234375,80891.4296875,80891.4296875,89554944
2026-05-07 06:30:00+00:00,81367.2734375,81373.828125,81023.4375,81031.4921875,134516736
2026-05-07 06:45:00+00:00,81443.1328125,81443.1328125,81296.6796875,81380.0,75575296
2026-05-07 07:00:00+00:00,81652.7890625,81656.9765625,81392.6328125,81442.2265625,181387264
2026-05-07 07:15:00+00:00,81562.1015625,81708.0625,81553.9765625,81659.9765625,175808512
2026-05-07 07:30:00+00:00,81587.15625,81702.8515625,81546.3125,81570.65625,62291968
2026-05-07 07:45:00+00:00,81517.796875,81603.0,81466.84375,81591.0390625,21868544
2026-05-07 08:00:00+00:00,81500.4765625,81591.8984375,81455.921875,81521.453125,63725568
2026-05-07 08:15:00+00:00,81420.2109375,81500.4765625,81322.0703125,81500.4765625,110485504
2026-05-07 08:30:00+00:00,81248.4375,81478.5703125,81237.53125,81408.6015625,420298752
2026-05-07 08:45:00+00:00,81211.4921875,81310.3125,81194.15625,81248.4375,0
2026-05-07 09:00:00+00:00,81169.7578125,81220.0,81106.4765625,81220.0,37154816
2026-05-07 09:15:00+00:00,81028.5234375,81206.96875,80977.578125,81177.4765625,14651392
2026-05-07 09:30:00+00:00,80880.796875,81094.046875,80843.5625,81029.890625,22384640
2026-05-07 09:45:00+00:00,80914.5,80958.2734375,80869.1015625,80889.3984375,0
2026-05-07 10:00:00+00:00,80869.890625,80982.7109375,80812.6171875,80900.0,0
2026-05-07 10:15:00+00:00,80607.140625,80928.109375,80564.140625,80880.7890625,0
2026-05-07 10:30:00+00:00,80873.2734375,80876.2421875,80626.0,80626.0,96350208
2026-05-07 10:45:00+00:00,80837.1171875,80897.1015625,80804.359375,80877.1484375,5963776
2026-05-07 11:00:00+00:00,80929.296875,81034.0,80813.7578125,80851.7265625,19234816
2026-05-07 11:15:00+00:00,80875.890625,80978.9375,80852.0,80929.296875,0
2026-05-07 11:30:00+00:00,80964.4921875,80998.0625,80878.9921875,80878.9921875,0
2026-05-07 11:45:00+00:00,80857.34375,80974.8125,80780.34375,80964.4765625,20271104
2026-05-07 12:00:00+00:00,81077.75,81083.9921875,80825.1015625,80844.3984375,0
2026-05-07 12:15:00+00:00,81053.1171875,81094.53125,80960.8828125,81085.9921875,3727360
2026-05-07 12:30:00+00:00,81061.140625,81084.0703125,80990.0,81038.6015625,38432768
2026-05-07 12:45:00+00:00,81160.8515625,81192.4609375,81002.828125,81073.71875,0
2026-05-07 13:00:00+00:00,80931.0390625,81170.609375,80899.109375,81146.5234375,0
2026-05-07 13:15:00+00:00,80956.421875,81131.8984375,80888.0703125,80928.109375,48789504
2026-05-07 13:30:00+00:00,80577.953125,80964.7890625,80577.953125,80964.7890625,595517440
2026-05-07 13:45:00+00:00,80492.65625,80636.90625,80256.40625,80577.7578125,181121024
2026-05-07 14:00:00+00:00,80666.0,80684.953125,80354.6171875,80502.2265625,0
2026-05-07 14:15:00+00:00,80401.140625,80676.25,80389.890625,80673.03125,656154624
2026-05-07 14:30:00+00:00,80160.078125,80436.0,80027.9609375,80374.34375,201971712
2026-05-07 14:45:00+00:00,80154.8203125,80294.578125,80107.53125,80126.609375,397961216
2026-05-07 15:00:00+00:00,80157.9765625,80267.3203125,80054.59375,80129.6796875,0
2026-05-07 15:15:00+00:00,79834.5,80198.8828125,79733.640625,80145.53125,1527023616
2026-05-07 15:30:00+00:00,79963.890625,80039.9609375,79781.53125,79785.328125,924508160
2026-05-07 15:45:00+00:00,79868.4296875,80054.0078125,79835.96875,79952.15625,181227520
2026-05-07 16:00:00+00:00,79821.5625,79950.0,79692.0,79865.25,519991296
2026-05-07 16:15:00+00:00,79972.75,79999.6171875,79699.921875,79814.2890625,932626432
2026-05-07 16:30:00+00:00,79866.46875,80003.7109375,79749.2421875,79975.0,177664000
2026-05-07 16:45:00+00:00,79778.453125,79932.6015625,79734.2109375,79883.28125,141828096
2026-05-07 17:00:00+00:00,79875.6796875,79922.15625,79756.9609375,79787.0,0
2026-05-07 17:15:00+00:00,79675.953125,79878.0,79493.0625,79866.0,438067200
2026-05-07 17:30:00+00:00,79862.046875,79907.7421875,79648.4921875,79683.9921875,754049024
2026-05-07 17:45:00+00:00,80091.1796875,80126.90625,79827.8515625,79863.3515625,107630592
2026-05-07 18:00:00+00:00,80149.1796875,80212.0234375,80080.0078125,80083.6484375,162054144
2026-05-07 18:15:00+00:00,80115.8125,80204.09375,80115.8125,80153.8984375,495640576
2026-05-07 18:30:00+00:00,80101.84375,80248.5,80075.3125,80117.03125,188887040
2026-05-07 18:45:00+00:00,80203.7578125,80282.0,79999.171875,80127.3203125,115138560
2026-05-07 19:00:00+00:00,80170.5234375,80194.3828125,80053.09375,80185.0078125,210792448
2026-05-07 19:15:00+00:00,79954.8125,80188.5,79920.0078125,80156.453125,13369344
2026-05-07 19:30:00+00:00,80116.5703125,80171.5625,79963.2421875,79963.2421875,3411968
2026-05-07 19:45:00+00:00,80124.5,80216.96875,79996.2890625,80127.6171875,209088512
2026-05-07 20:00:00+00:00,80134.609375,80330.6796875,80134.609375,80161.9921875,36007936
2026-05-07 20:15:00+00:00,80173.1484375,80189.1875,80091.5,80146.03125,118792192
2026-05-07 20:30:00+00:00,79965.8125,80161.640625,79898.0,80161.640625,33169408
2026-05-07 20:45:00+00:00,79873.28125,80009.1328125,79848.8828125,79965.8125,2236416
2026-05-07 21:00:00+00:00,79775.1015625,79899.9921875,79643.7734375,79876.140625,74268672
2026-05-07 21:15:00+00:00,79915.6875,79915.6875,79704.5390625,79775.1015625,82681856
2026-05-07 21:30:00+00:00,79763.03125,79922.2890625,79763.03125,79922.2890625,721281024
2026-05-07 21:45:00+00:00,79723.28125,79832.453125,79723.28125,79756.0390625,5337088
2026-05-07 22:00:00+00:00,79803.359375,79835.03125,79573.296875,79695.9765625,0
2026-05-07 22:15:00+00:00,79887.9375,79978.0703125,79803.359375,79803.359375,193900544
2026-05-07 22:30:00+00:00,79826.1875,79939.171875,79737.84375,79868.8828125,65691648
2026-05-07 22:45:00+00:00,79907.390625,79933.140625,79816.7578125,79824.0078125,770220032
2026-05-07 23:00:00+00:00,79943.453125,79997.9765625,79879.2734375,79882.34375,0
2026-05-07 23:15:00+00:00,79941.6875,79981.7109375,79857.9609375,79952.7890625,25350144
2026-05-07 23:30:00+00:00,80005.5,80015.46875,79906.5,79949.1171875,90824704
2026-05-07 23:45:00+00:00,79996.28125,80059.5,79996.28125,80005.5,157196288
2026-05-08 00:00:00+00:00,80079.9921875,80093.578125,79996.2890625,80027.9921875,35635200
2026-05-08 00:15:00+00:00,80017.328125,80124.5,79974.5390625,80077.1796875,174006272
2026-05-08 00:30:00+00:00,79910.65625,80030.0,79903.703125,80020.0,3067904
2026-05-08 00:45:00+00:00,79821.4765625,79904.203125,79739.8828125,79904.203125,11841536
2026-05-08 01:00:00+00:00,79690.3515625,79888.1796875,79690.3515625,79843.5703125,106000384
2026-05-08 01:15:00+00:00,79642.8984375,79676.0703125,79612.5625,79625.3203125,0
2026-05-08 03:00:00+00:00,79426.28125,79426.28125,79248.484375,79248.484375,1984823296
2026-05-08 03:15:00+00:00,79528.921875,79569.734375,79441.421875,79441.421875,133259264
2026-05-08 03:30:00+00:00,79601.2890625,79601.2890625,79547.5703125,79547.5703125,217415680
2026-05-08 03:45:00+00:00,79549.8828125,79614.203125,79548.3671875,79604.7578125,0
2026-05-08 04:00:00+00:00,79662.6953125,79662.6953125,79543.59375,79552.4765625,0
2026-05-08 04:15:00+00:00,79663.0234375,79706.40625,79663.0234375,79680.875,36466688
2026-05-08 04:30:00+00:00,79538.484375,79677.96875,79538.484375,79671.1796875,32849920
2026-05-08 04:45:00+00:00,79644.078125,79644.078125,79531.2734375,79531.2734375,171524096
2026-05-08 05:00:00+00:00,79621.3984375,79639.7421875,79597.984375,79633.0078125,0
2026-05-08 05:15:00+00:00,79607.4375,79641.109375,79581.25,79620.703125,1269760
2026-05-08 05:30:00+00:00,79704.2421875,79704.2421875,79597.2109375,79597.2109375,17457152
2026-05-08 05:45:00+00:00,79624.6171875,79738.46875,79596.203125,79718.2890625,79163392
2026-05-08 06:00:00+00:00,79545.8828125,79589.03125,79470.28125,79589.03125,0
2026-05-08 06:15:00+00:00,79537.421875,79625.015625,79537.421875,79583.6484375,690544640
2026-05-08 06:30:00+00:00,79554.125,79554.125,79412.0390625,79530.515625,946176
2026-05-08 06:45:00+00:00,79469.921875,79574.8984375,79469.921875,79574.8984375,162246656
2026-05-08 07:00:00+00:00,79348.1171875,79480.0859375,79312.5703125,79480.0859375,679755776
2026-05-08 07:15:00+00:00,79258.9609375,79349.3359375,79245.3671875,79348.1171875,192147456
2026-05-08 07:30:00+00:00,79555.703125,79555.703125,79271.8203125,79271.8203125,248766464
2026-05-08 07:45:00+00:00,79637.5390625,79699.7734375,79552.828125,79552.828125,199991296
2026-05-08 08:00:00+00:00,79711.9921875,79711.9921875,79642.703125,79642.703125,156508160
2026-05-08 08:15:00+00:00,79718.203125,79735.1953125,79693.8359375,79698.6953125,0
2026-05-08 08:30:00+00:00,79847.21875,79847.21875,79735.65625,79739.84375,97435648
2026-05-08 08:45:00+00:00,79928.9453125,79956.3515625,79850.25,79850.25,96366592
2026-05-08 09:00:00+00:00,79983.3984375,79983.3984375,79836.40625,79876.484375,174084096
2026-05-08 09:15:00+00:00,79988.171875,80004.1796875,79931.90625,79972.2265625,136155136
2026-05-08 09:30:00+00:00,79853.625,80005.6484375,79839.09375,80005.6484375,46047232
2026-05-08 09:45:00+00:00,79850.6015625,79850.6015625,79788.9765625,79848.6796875,0
2026-05-08 10:00:00+00:00,79796.171875,79970.03125,79789.21875,79860.265625,13217792
2026-05-08 10:15:00+00:00,79881.15625,79902.1328125,79803.4453125,79803.4453125,73969664
2026-05-08 10:30:00+00:00,80079.015625,80079.015625,79872.515625,79872.515625,36052992
2026-05-08 10:45:00+00:00,80208.25,80208.6953125,80128.8828125,80128.8828125,337408000
2026-05-08 11:00:00+00:00,80196.84375,80291.2109375,80193.75,80205.53125,209108992
2026-05-08 11:15:00+00:00,80285.359375,80285.359375,80198.234375,80213.75,160698368
2026-05-08 11:30:00+00:00,80158.15625,80303.6875,80158.15625,80289.8125,30494720
2026-05-08 11:45:00+00:00,80224.609375,80263.40625,80134.1015625,80134.1015625,899039232
2026-05-08 12:00:00+00:00,80265.921875,80292.3671875,80160.90625,80220.7265625,6369280
2026-05-08 12:15:00+00:00,80321.6328125,80321.6328125,80244.171875,80265.921875,546357248
2026-05-08 12:30:00+00:00,80219.5078125,80460.75,80179.0078125,80404.9375,641376256
2026-05-08 12:45:00+00:00,80020.046875,80213.4921875,79961.578125,80213.4921875,99319808
2026-05-08 13:00:00+00:00,79677.7109375,80093.09375,79656.640625,80024.7734375,492736512
2026-05-08 13:15:00+00:00,79592.9609375,79807.7421875,79589.671875,79680.8515625,314896384
2026-05-08 13:30:00+00:00,79574.703125,79811.25,79559.6875,79607.453125,167440384
2026-05-08 13:45:00+00:00,79599.1171875,79659.390625,79525.53125,79591.3515625,640905216
2026-05-08 14:00:00+00:00,79919.671875,79969.671875,79632.0390625,79633.0390625,0
2026-05-08 14:15:00+00:00,80096.4609375,80391.0703125,79885.40625,79900.78125,571723776
2026-05-08 14:30:00+00:00,80204.859375,80253.6015625,79784.9921875,80052.4609375,0
2026-05-08 14:45:00+00:00,80134.421875,80286.328125,80075.0078125,80204.8828125,729124864
2026-05-08 15:00:00+00:00,79870.34375,80187.5625,79840.2578125,80132.1484375,793149440
2026-05-08 15:15:00+00:00,79684.5625,79894.453125,79608.0,79876.0390625,30576640
2026-05-08 15:30:00+00:00,79945.1875,80008.3515625,79602.40625,79691.34375,0
2026-05-08 15:45:00+00:00,80124.25,80165.3125,79933.90625,79937.2890625,33775616
2026-05-08 16:00:00+00:00,79942.59375,80165.3203125,79941.578125,80150.3203125,0
2026-05-08 16:15:00+00:00,79927.546875,80028.578125,79897.8828125,79941.4375,179986432
2026-05-08 16:30:00+00:00,79771.03125,79927.546875,79720.796875,79925.390625,16863232
2026-05-08 16:45:00+00:00,79777.0390625,79854.59375,79740.921875,79777.6015625,152231936
2026-05-08 17:00:00+00:00,79849.296875,79939.40625,79716.296875,79761.9921875,50075648
2026-05-08 17:15:00+00:00,79984.390625,80018.9375,79832.2734375,79845.6484375,0
2026-05-08 17:30:00+00:00,80118.7890625,80259.7421875,79999.3828125,79999.7734375,684312576
2026-05-08 17:45:00+00:00,80046.859375,80254.9921875,79988.84375,80137.921875,270589952
2026-05-08 18:00:00+00:00,80192.4296875,80228.8984375,80063.84375,80063.84375,0
2026-05-08 18:15:00+00:00,80221.0078125,80294.75,80156.421875,80199.078125,346271744
2026-05-08 18:30:00+00:00,80148.6875,80285.7578125,80102.1328125,80211.921875,709566464
2026-05-08 18:45:00+00:00,80075.6796875,80252.140625,80072.0078125,80144.2578125,395919360
2026-05-08 19:00:00+00:00,80049.953125,80078.4765625,79962.9609375,80066.5,9478144
2026-05-08 19:15:00+00:00,80010.296875,80128.2109375,80000.0,80084.15625,106270720
2026-05-08 19:30:00+00:00,80092.390625,80119.4921875,80006.390625,80016.9375,0
2026-05-08 19:45:00+00:00,80101.3125,80101.96875,80082.28125,80095.78125,0
2026-05-08 20:00:00+00:00,80225.0234375,80228.90625,80121.3671875,80121.3671875,217821184
2026-05-08 20:15:00+00:00,80248.65625,80284.078125,80181.1171875,80225.0390625,70526976
2026-05-08 20:30:00+00:00,80239.078125,80257.078125,80144.4375,80248.65625,297404416
2026-05-08 20:45:00+00:00,80129.0625,80272.3984375,80077.703125,80258.28125,0
2026-05-08 21:00:00+00:00,80152.4296875,80191.75,80104.703125,80147.7421875,278177792
2026-05-08 21:15:00+00:00,80203.1171875,80240.7578125,80152.4296875,80152.4296875,86530048
2026-05-08 21:30:00+00:00,80249.9921875,80252.703125,80162.578125,80203.6171875,305866752
2026-05-08 21:45:00+00:00,80258.171875,80261.359375,80168.7265625,80233.828125,1941504
2026-05-08 22:00:00+00:00,80387.296875,80399.9921875,80227.703125,80227.703125,14669824
2026-05-08 22:15:00+00:00,80346.2109375,80418.7890625,80289.0,80394.6328125,13953024
2026-05-08 22:30:00+00:00,80318.0,80362.4765625,80290.0390625,80346.2109375,167442432
2026-05-08 22:45:00+00:00,80270.1171875,80344.6171875,80270.1171875,80311.59375,0
2026-05-08 23:00:00+00:00,80204.6796875,80289.1171875,80204.6796875,80265.3515625,33777664
2026-05-08 23:15:00+00:00,80196.3203125,80245.3671875,80153.0,80204.6796875,121927680
2026-05-08 23:30:00+00:00,80119.15625,80195.0703125,80100.2578125,80172.1796875,313894912
2026-05-08 23:45:00+00:00,80188.8203125,80201.4375,80132.6328125,80132.6328125,165455872
2026-05-09 00:00:00+00:00,80165.28125,80204.453125,80116.9765625,80188.3828125,0
2026-05-09 00:15:00+00:00,80142.0234375,80207.1484375,80121.0078125,80165.2265625,0
2026-05-09 00:30:00+00:00,80188.453125,80212.359375,80142.03125,80142.03125,60823552
2026-05-09 00:45:00+00:00,80230.2265625,80238.0,80188.828125,80188.828125,0
2026-05-09 01:00:00+00:00,80325.8984375,80325.8984375,80219.5,80219.5,0
2026-05-09 01:15:00+00:00,80269.4765625,80349.046875,80240.59375,80326.0,23140352
2026-05-09 01:30:00+00:00,80382.6015625,80398.2109375,80269.4765625,80269.4765625,31711232
2026-05-09 01:45:00+00:00,80318.2578125,80436.2265625,80317.1875,80376.0390625,0
2026-05-09 02:00:00+00:00,80435.4375,80460.3125,80321.09375,80321.09375,0
2026-05-09 02:15:00+00:00,80421.6875,80450.90625,80376.03125,80436.65625,30724096
2026-05-09 02:30:00+00:00,80392.1484375,80472.3515625,80374.8203125,80421.6796875,0
2026-05-09 02:45:00+00:00,80407.296875,80436.203125,80369.1328125,80398.21875,0
2026-05-09 03:00:00+00:00,80422.9609375,80472.34375,80370.0078125,80410.6328125,0
2026-05-09 03:15:00+00:00,80433.15625,80518.6328125,80391.078125,80436.8203125,162717696
2026-05-09 03:30:00+00:00,80351.9375,80420.0,80305.0,80420.0,132431872
2026-05-09 03:45:00+00:00,80380.296875,80394.21875,80329.609375,80348.46875,5285888
2026-05-09 04:00:00+00:00,80562.65625,80647.1015625,80385.0625,80385.0625,180209664
2026-05-09 04:15:00+00:00,80468.859375,80562.65625,80434.0078125,80562.6484375,129204224
2026-05-09 04:30:00+00:00,80397.7890625,80473.40625,80397.7890625,80468.8671875,110526464
2026-05-09 04:45:00+00:00,80385.0625,80469.2578125,80366.140625,80397.7890625,17534976
2026-05-09 05:00:00+00:00,80367.03125,80405.1328125,80345.9296875,80383.8515625,176863232
2026-05-09 05:15:00+00:00,80436.21875,80449.4765625,80355.78125,80363.0390625,73111552
2026-05-09 05:30:00+00:00,80468.140625,80480.9921875,80418.1796875,80427.203125,9771008
2026-05-09 05:45:00+00:00,80374.0,80468.8203125,80368.2578125,80468.1328125,0
2026-05-09 06:00:00+00:00,80410.8984375,80425.578125,80370.0,80374.0,25032704
2026-05-09 06:15:00+00:00,80309.6015625,80410.8984375,80289.0234375,80410.8984375,689920000
2026-05-09 06:30:00+00:00,80207.453125,80352.90625,80203.1015625,80309.6015625,50845696
2026-05-09 06:45:00+00:00,80248.1328125,80266.859375,80190.1328125,80207.453125,58044416
2026-05-09 07:00:00+00:00,80181.671875,80253.2890625,80133.59375,80250.953125,0
2026-05-09 07:15:00+00:00,80235.0234375,80296.609375,80181.671875,80181.671875,229763072
2026-05-09 07:30:00+00:00,80237.5625,80270.2578125,80195.4765625,80235.0078125,0
2026-05-09 07:45:00+00:00,80214.859375,80238.84375,80164.8125,80227.8671875,0
2026-05-09 08:00:00+00:00,80387.7578125,80391.890625,80204.46875,80214.8671875,0
2026-05-09 08:15:00+00:00,80395.671875,80408.8828125,80370.0234375,80387.7578125,0
2026-05-09 08:30:00+00:00,80409.59375,80434.6171875,80380.0078125,80395.6796875,12605440
2026-05-09 08:45:00+00:00,80399.9921875,80423.5234375,80387.1796875,80407.8203125,0
2026-05-09 09:00:00+00:00,80333.03125,80406.1328125,80324.859375,80400.0,0
2026-05-09 09:15:00+00:00,80249.0,80333.03125,80222.9296875,80333.03125,3082240
2026-05-09 09:30:00+00:00,80231.8671875,80271.203125,80225.28125,80248.9921875,0
2026-05-09 09:45:00+00:00,80236.7421875,80245.1484375,80200.0078125,80231.8671875,1316864
2026-05-09 10:00:00+00:00,80211.921875,80243.578125,80160.0,80236.7421875,237842432
2026-05-09 10:15:00+00:00,80193.2578125,80251.84375,80180.7265625,80211.9296875,0
2026-05-09 10:30:00+00:00,80318.8515625,80330.890625,80204.4375,80204.4609375,0
2026-05-09 10:45:00+00:00,80259.3203125,80317.34375,80247.2265625,80317.34375,0
2026-05-09 11:00:00+00:00,80315.84375,80323.0078125,80241.7265625,80249.609375,0
2026-05-09 11:15:00+00:00,80338.21875,80364.21875,80306.796875,80315.828125,0
2026-05-09 11:30:00+00:00,80339.4375,80353.0703125,80325.1015625,80338.2109375,0
2026-05-09 11:45:00+00:00,80330.5,80365.9609375,80314.890625,80349.9609375,0
2026-05-09 12:00:00+00:00,80300.78125,80373.609375,80291.96875,80315.96875,0
2026-05-09 12:15:00+00:00,80407.0,80407.0,80257.65625,80300.7890625,20133888
2026-05-09 12:30:00+00:00,80349.5,80400.1171875,80324.859375,80400.109375,385746944
2026-05-09 12:45:00+00:00,80400.0078125,80411.21875,80341.1328125,80349.5,45283328
2026-05-09 13:00:00+00:00,80403.3828125,80408.1171875,80367.9609375,80393.59375,0
2026-05-09 13:15:00+00:00,80337.421875,80422.7890625,80337.421875,80422.7890625,0
2026-05-09 13:30:00+00:00,80332.4765625,80380.84375,80306.796875,80345.3515625,0
2026-05-09 13:45:00+00:00,80391.53125,80391.53125,80330.8828125,80339.8984375,0
2026-05-09 14:00:00+00:00,80384.6796875,80416.25,80345.3984375,80391.5234375,0
2026-05-09 14:15:00+00:00,80312.609375,80385.15625,80243.40625,80384.6796875,0
2026-05-09 14:30:00+00:00,80327.890625,80340.5625,80241.3828125,80315.6328125,0
2026-05-09 14:45:00+00:00,80325.34375,80373.40625,80250.7265625,80327.8984375,0
2026-05-09 15:00:00+00:00,80295.0078125,80349.2578125,80220.796875,80314.21875,0
2026-05-09 15:15:00+00:00,80406.7578125,80409.7890625,80295.0078125,80295.0078125,0
2026-05-09 15:30:00+00:00,80474.9921875,80590.4921875,80406.7578125,80406.7578125,9844736
2026-05-09 15:45:00+00:00,80523.953125,80560.921875,80486.5078125,80486.5078125,52111360
2026-05-09 16:00:00+00:00,80564.296875,80613.4921875,80478.3828125,80556.21875,0
2026-05-09 16:15:00+00:00,80650.0078125,80761.1875,80572.5078125,80572.5078125,91082752
2026-05-09 16:30:00+00:00,80630.2421875,80647.03125,80580.0,80640.8984375,56811520
2026-05-09 16:45:00+00:00,80609.296875,80646.921875,80586.71875,80636.1484375,0
2026-05-09 17:00:00+00:00,80740.2265625,80795.5703125,80609.296875,80609.296875,37187584
2026-05-09 17:15:00+00:00,80816.7890625,80822.3125,80673.953125,80741.3828125,31401984
2026-05-09 17:30:00+00:00,80802.96875,80906.7421875,80802.96875,80819.4765625,0
2026-05-09 17:45:00+00:00,80795.453125,80832.25,80723.140625,80801.1328125,0
2026-05-09 18:00:00+00:00,80829.2421875,80854.609375,80773.703125,80815.4296875,0
2026-05-09 18:15:00+00:00,81021.53125,81034.1171875,80803.453125,80832.890625,0
2026-05-09 18:30:00+00:00,80891.65625,81061.9609375,80884.953125,81020.1171875,327417856
2026-05-09 18:45:00+00:00,80898.40625,80918.859375,80854.609375,80891.65625,0
2026-05-09 19:00:00+00:00,80884.1875,80919.953125,80860.5,80905.2421875,0
2026-05-09 19:15:00+00:00,80819.9921875,80910.953125,80769.0,80884.1796875,0
2026-05-09 19:30:00+00:00,80833.2890625,80840.7734375,80784.9609375,80820.0,426532864
2026-05-09 19:45:00+00:00,80933.4375,80950.71875,80816.0,80829.6328125,21274624
2026-05-09 20:00:00+00:00,80825.296875,80939.0078125,80825.296875,80939.0078125,218724352
2026-05-09 20:15:00+00:00,80782.09375,80828.9375,80755.7421875,80822.2421875,2199552
2026-05-09 20:30:00+00:00,80787.953125,80803.28125,80731.203125,80800.4296875,0
2026-05-09 20:45:00+00:00,80797.421875,80809.5,80769.2734375,80787.953125,0
2026-05-09 21:00:00+00:00,80846.140625,80882.546875,80800.4375,80808.7421875,0
2026-05-09 21:15:00+00:00,80808.6484375,80861.96875,80767.3203125,80846.140625,2279424
2026-05-09 21:30:00+00:00,80734.1796875,80808.65625,80733.0078125,80808.6484375,0
2026-05-09 21:45:00+00:00,80767.34375,80805.65625,80732.0,80734.1796875,13633536
2026-05-09 22:00:00+00:00,80739.9765625,80789.9921875,80716.03125,80767.34375,3885056
2026-05-09 22:15:00+00:00,80738.5,80775.2890625,80738.5,80739.9765625,0
2026-05-09 22:30:00+00:00,80796.0078125,80812.4765625,80661.0,80731.2109375,60942336
2026-05-09 22:45:00+00:00,80757.0,80801.4296875,80726.0078125,80796.0234375,70875136
2026-05-09 23:00:00+00:00,80717.78125,80829.859375,80689.359375,80743.2578125,50456576
2026-05-09 23:15:00+00:00,80651.671875,80717.78125,80644.0,80717.7734375,0
2026-05-09 23:30:00+00:00,80642.171875,80677.0234375,80605.9765625,80651.671875,26343424
2026-05-09 23:45:00+00:00,80658.9765625,80694.03125,80634.890625,80644.4765625,22620160
2026-05-10 00:00:00+00:00,80685.421875,80709.0625,80609.7421875,80653.4609375,109008896
2026-05-10 00:15:00+00:00,80692.078125,80749.9921875,80682.90625,80683.0625,7755776
2026-05-10 00:30:00+00:00,80758.296875,80758.296875,80643.921875,80677.9765625,45891584
2026-05-10 00:45:00+00:00,80658.9609375,80731.203125,80615.0078125,80718.0078125,11458560
2026-05-10 01:00:00+00:00,80622.84375,80658.9609375,80569.6015625,80658.9609375,23869440
2026-05-10 01:15:00+00:00,80579.46875,80649.9375,80557.9921875,80622.84375,12746752
2026-05-10 01:30:00+00:00,80612.84375,80635.328125,80552.7265625,80580.65625,79892480
2026-05-10 01:45:00+00:00,80664.0,80675.2109375,80604.7890625,80610.8125,0
2026-05-10 02:00:00+00:00,80612.0078125,80663.6015625,80586.7265625,80659.9375,0
2026-05-10 02:15:00+00:00,80718.0078125,80741.25,80610.0078125,80612.4609375,18552832
2026-05-10 02:30:00+00:00,80732.9921875,80771.9765625,80676.3125,80718.0078125,45172736
2026-05-10 02:45:00+00:00,80765.0234375,80774.703125,80705.6015625,80732.9921875,31199232
2026-05-10 03:00:00+00:00,80761.328125,80811.7890625,80741.8203125,80759.453125,0
2026-05-10 03:15:00+00:00,80729.1796875,80774.03125,80716.15625,80761.328125,0
2026-05-10 03:30:00+00:00,80783.7890625,80871.671875,80693.8203125,80729.1796875,0
2026-05-10 03:45:00+00:00,80752.2265625,80818.4921875,80752.2265625,80783.796875,40556544
2026-05-10 04:00:00+00:00,80767.34375,80789.296875,80737.2421875,80757.4609375,35371008
2026-05-10 04:15:00+00:00,80785.390625,80791.453125,80747.609375,80767.3515625,16881664
2026-05-10 04:30:00+00:00,80749.921875,80830.5390625,80749.921875,80785.3828125,0
2026-05-10 04:45:00+00:00,80747.1171875,80771.2578125,80716.0703125,80748.0078125,0
2026-05-10 05:00:00+00:00,80754.7734375,80758.703125,80707.5,80739.0078125,0
2026-05-10 05:15:00+00:00,80750.0,80801.40625,80746.9765625,80754.7734375,0
2026-05-10 05:30:00+00:00,80717.546875,80786.0,80714.171875,80753.0078125,89603072
2026-05-10 05:45:00+00:00,80679.9921875,80749.640625,80673.6328125,80717.5390625,93007872
2026-05-10 06:00:00+00:00,80700.2421875,80724.1484375,80675.4375,80684.1015625,0
2026-05-10 06:15:00+00:00,80638.796875,80710.1015625,80635.7421875,80702.6015625,24431616
2026-05-10 06:30:00+00:00,80698.09375,80713.1171875,80638.8203125,80638.8203125,14371840
2026-05-10 06:45:00+00:00,80724.0625,80748.0,80693.7109375,80698.1015625,4256768
2026-05-10 07:00:00+00:00,80716.171875,80782.3671875,80716.171875,80731.5390625,4001792
2026-05-10 07:15:00+00:00,80774.0234375,80794.0,80713.1484375,80716.171875,44933120
2026-05-10 07:30:00+00:00,80778.4296875,80778.4296875,80749.671875,80774.0234375,49871872
2026-05-10 07:45:00+00:00,80725.8515625,80785.0,80716.15625,80770.34375,0
2026-05-10 08:00:00+00:00,80750.6171875,80807.2890625,80704.8125,80722.9609375,0
2026-05-10 08:15:00+00:00,80854.5390625,80885.6875,80738.25,80750.6171875,21098496
2026-05-10 08:30:00+00:00,80812.2578125,80891.8671875,80785.3984375,80854.6328125,116395008
2026-05-10 08:45:00+00:00,80818.9921875,80836.828125,80800.7265625,80812.2578125,7651328
2026-05-10 09:00:00+00:00,80825.5625,80896.75,80818.5625,80827.5234375,35014656
2026-05-10 09:15:00+00:00,80802.2890625,80850.828125,80796.8984375,80823.9921875,4634624
2026-05-10 09:30:00+00:00,80738.78125,80814.90625,80734.2265625,80792.8828125,15117312
2026-05-10 09:45:00+00:00,80794.0234375,80794.421875,80742.2890625,80742.2890625,34178048
2026-05-10 10:00:00+00:00,80716.15625,80824.4765625,80695.90625,80794.03125,39984128
2026-05-10 10:15:00+00:00,80797.25,80800.0,80676.0,80716.15625,165921792
2026-05-10 10:30:00+00:00,80790.9921875,80818.40625,80746.2734375,80797.25,17758208
2026-05-10 10:45:00+00:00,80848.0625,80871.3984375,80777.4921875,80787.3984375,87803904
2026-05-10 11:00:00+00:00,80893.3984375,80956.7734375,80851.609375,80859.9375,126742528
2026-05-10 11:15:00+00:00,80766.7890625,80911.7578125,80737.21875,80893.390625,1940480
2026-05-10 11:30:00+00:00,80813.4921875,80826.7890625,80770.3125,80770.3125,88884224
2026-05-10 11:45:00+00:00,80790.0078125,80833.5390625,80785.390625,80814.359375,47417344
2026-05-10 12:00:00+00:00,80847.75,80850.4296875,80765.3828125,80795.9921875,0
2026-05-10 12:15:00+00:00,80918.5,80918.5,80833.5625,80847.75,0
2026-05-10 12:30:00+00:00,80915.3515625,80924.4296875,80860.53125,80915.2578125,25752576
2026-05-10 12:45:00+00:00,80929.828125,80942.0,80884.9296875,80915.3671875,17669120
2026-05-10 13:00:00+00:00,80900.671875,80935.8828125,80853.5,80921.34375,11848704
2026-05-10 13:15:00+00:00,80963.3125,80998.9921875,80885.3515625,80904.6015625,19166208
2026-05-10 13:30:00+00:00,80980.703125,80992.578125,80911.1484375,80963.296875,0
2026-05-10 13:45:00+00:00,80962.328125,80980.703125,80921.8515625,80980.703125,30133248
2026-05-10 14:00:00+00:00,80911.8125,80974.8671875,80908.1328125,80954.0234375,68720640
2026-05-10 14:15:00+00:00,80909.1015625,80921.3984375,80874.546875,80913.75,49991680
2026-05-10 14:30:00+00:00,80887.59375,80971.8125,80874.8515625,80911.796875,5680128
2026-05-10 14:45:00+00:00,80988.4921875,80993.109375,80800.03125,80887.6015625,103490560
2026-05-10 15:00:00+00:00,81042.0,81079.2734375,80922.140625,80987.7578125,220568576
2026-05-10 15:15:00+00:00,80958.4375,81034.546875,80957.609375,81034.0078125,19495936
2026-05-10 15:30:00+00:00,81130.4921875,81164.7265625,80939.2265625,80944.0,38747136
2026-05-10 15:45:00+00:00,81404.640625,81420.0,81123.0,81137.546875,435125248
2026-05-10 16:00:00+00:00,81468.6484375,81489.25,81360.0078125,81415.421875,322070528
2026-05-10 16:15:00+00:00,81250.4609375,81474.671875,81231.1796875,81474.671875,102649856
2026-05-10 16:30:00+00:00,81240.6328125,81310.2734375,81175.6796875,81257.953125,112773120
2026-05-10 16:45:00+00:00,81357.2734375,81363.3125,81215.828125,81240.640625,66750464
2026-05-10 17:00:00+00:00,81330.640625,81417.4921875,81207.25,81360.0,1001472
2026-05-10 17:15:00+00:00,81370.453125,81411.421875,81273.3203125,81329.640625,214122496
2026-05-10 17:30:00+00:00,81375.3828125,81395.6484375,81277.1015625,81379.9921875,18884608
2026-05-10 17:45:00+00:00,81471.421875,81567.9765625,81331.4921875,81375.3671875,239636480
2026-05-10 18:00:00+00:00,81438.546875,81486.53125,81390.5390625,81474.78125,144445440
2026-05-10 18:15:00+00:00,81351.25,81438.5625,81321.1796875,81438.546875,94212096
2026-05-10 18:30:00+00:00,81250.34375,81405.4375,81234.5078125,81351.6328125,3997696
2026-05-10 18:45:00+00:00,81268.5625,81292.2890625,81210.8671875,81250.34375,385603584
2026-05-10 19:00:00+00:00,81351.28125,81361.359375,81144.0,81265.5390625,72886272
2026-05-10 19:15:00+00:00,81473.5625,81475.9921875,81342.2421875,81350.0625,124743680
2026-05-10 19:30:00+00:00,81420.4921875,81473.5703125,81379.84375,81473.5625,58849280
2026-05-10 19:45:00+00:00,81425.140625,81425.140625,81320.15625,81420.5,107433984
2026-05-10 20:00:00+00:00,81176.328125,81447.5625,81164.6484375,81435.0,72359936
2026-05-10 20:15:00+00:00,81134.546875,81215.0,81044.21875,81177.09375,189315072
2026-05-10 20:30:00+00:00,80807.109375,81126.7734375,80807.109375,81124.1015625,357066752
2026-05-10 20:45:00+00:00,80724.0,80768.40625,80295.1015625,80768.40625,1249351680
2026-05-10 21:00:00+00:00,80643.7890625,80936.46875,80571.6875,80712.953125,430264320
2026-05-10 21:15:00+00:00,80829.6015625,80872.671875,80649.953125,80649.953125,195252224
2026-05-10 21:30:00+00:00,80827.6796875,80923.84375,80761.953125,80829.609375,638965760
2026-05-10 21:45:00+00:00,80702.609375,80901.96875,80702.609375,80826.078125,122630144
2026-05-10 22:00:00+00:00,81310.3671875,81424.7265625,80665.0,80665.0,465637376
2026-05-10 22:15:00+00:00,81492.75,81686.0078125,81209.8125,81325.0,997978112
2026-05-10 22:30:00+00:00,81871.9921875,82072.9296875,81451.6015625,81492.75,916328448
2026-05-10 22:45:00+00:00,82034.53125,82147.9765625,81816.8125,81884.0390625,602959872
2026-05-10 23:00:00+00:00,82383.6875,82392.7265625,82068.7890625,82068.7890625,480231424
2026-05-10 23:15:00+00:00,82229.109375,82448.0,82206.109375,82414.3125,1191204864
2026-05-10 23:30:00+00:00,82373.2578125,82398.7421875,82192.5,82220.15625,400797696
2026-05-10 23:45:00+00:00,82199.9921875,82395.7265625,82067.6171875,82386.703125,359622656
2026-05-11 00:00:00+00:00,81852.140625,82335.53125,81852.140625,82218.15625,266868736
2026-05-11 00:15:00+00:00,81664.296875,81856.328125,81392.7734375,81847.9609375,1186269184
2026-05-11 00:30:00+00:00,81579.25,81817.8125,81475.96875,81664.296875,319549440
2026-05-11 00:45:00+00:00,81462.640625,81625.171875,81276.4765625,81574.15625,341549056
2026-05-11 01:00:00+00:00,81486.0,81567.9765625,81268.7890625,81468.65625,320178176
2026-05-11 01:15:00+00:00,81609.8203125,81719.75,81445.3203125,81480.7109375,339843072
2026-05-11 01:30:00+00:00,81467.25,81661.296875,81447.6015625,81592.921875,16498688
2026-05-11 01:45:00+00:00,81483.71875,81561.96875,81377.2109375,81456.6171875,706347008
2026-05-11 02:00:00+00:00,81391.859375,81546.921875,81351.578125,81498.7578125,77701120
2026-05-11 02:15:00+00:00,81218.84375,81363.0234375,81122.5234375,81363.0234375,136632320
2026-05-11 02:30:00+00:00,81185.7109375,81263.546875,81100.8828125,81209.8125,245506048
2026-05-11 02:45:00+00:00,81158.6171875,81245.8828125,81143.59375,81181.3515625,143206400
2026-05-11 03:00:00+00:00,80598.640625,81164.328125,80598.640625,81158.6171875,48498688
2026-05-11 03:15:00+00:00,80586.7421875,80698.09375,80541.2421875,80596.7734375,991377408
2026-05-11 03:30:00+00:00,80707.1796875,80719.140625,80508.46875,80585.890625,361639936
2026-05-11 03:45:00+00:00,80721.7578125,80748.9921875,80671.0078125,80706.2734375,791056384
2026-05-11 04:00:00+00:00,80638.21875,80748.0,80619.84375,80704.1171875,45258752
2026-05-11 04:15:00+00:00,80734.203125,80760.0,80646.4765625,80652.953125,133951488
2026-05-11 04:30:00+00:00,80800.296875,80802.65625,80695.09375,80732.9765625,88068096
2026-05-11 04:45:00+00:00,80798.0,80854.53125,80723.96875,80800.296875,126283776
2026-05-11 05:00:00+00:00,80840.15625,80872.328125,80785.671875,80794.9375,182956032
2026-05-11 05:15:00+00:00,80942.671875,80944.90625,80821.5078125,80821.5078125,21723136
2026-05-11 05:30:00+00:00,80766.3515625,80959.046875,80766.0,80946.0078125,77527040
2026-05-11 05:45:00+00:00,80809.9921875,80835.21875,80738.140625,80745.8515625,163438592
2026-05-11 06:00:00+00:00,80890.0,80964.3203125,80767.3671875,80800.4375,251082752
2026-05-11 06:15:00+00:00,80968.7734375,81025.46875,80809.46875,80892.75,213614592
2026-05-11 06:30:00+00:00,80806.3984375,80988.7421875,80791.296875,80957.9765625,16936960
2026-05-11 06:45:00+00:00,80814.078125,80857.6171875,80743.5,80805.1796875,159506432
2026-05-11 07:00:00+00:00,80736.0234375,80810.8828125,80686.0625,80810.8828125,98324480
2026-05-11 07:15:00+00:00,80717.7578125,80820.0,80686.0625,80736.0078125,269156352
2026-05-11 07:30:00+00:00,80704.21875,80752.2421875,80665.2890625,80719.15625,118616064
2026-05-11 07:45:00+00:00,80721.78125,80781.75,80689.0,80704.21875,136122368
2026-05-11 08:00:00+00:00,80729.40625,80758.2890625,80629.9296875,80707.1328125,109072384
2026-05-11 08:15:00+00:00,80627.953125,80778.0234375,80627.953125,80735.140625,102258688
2026-05-11 08:30:00+00:00,80815.1796875,80829.078125,80595.3515625,80595.3515625,139012096
2026-05-11 08:45:00+00:00,80754.8515625,80846.4609375,80711.25,80819.109375,260773888
2026-05-11 09:00:00+00:00,80903.609375,80908.8125,80734.0,80734.0,51009536
2026-05-11 09:15:00+00:00,80897.9609375,80941.03125,80873.453125,80907.8125,103524352
2026-05-11 09:30:00+00:00,80901.421875,80925.40625,80831.5234375,80897.9609375,744085504
2026-05-11 09:45:00+00:00,80944.6484375,80987.6328125,80879.21875,80891.921875,108929024
2026-05-11 10:00:00+00:00,81015.890625,81083.28125,80940.09375,80965.0,34570240
2026-05-11 10:15:00+00:00,81160.0625,81187.0078125,80995.1015625,81007.4921875,112586752
2026-05-11 10:30:00+00:00,81060.0,81184.2265625,80983.9921875,81163.9921875,144197632
2026-05-11 10:45:00+00:00,80927.28125,81088.4765625,80927.28125,81049.46875,237551616
2026-05-11 11:00:00+00:00,80947.15625,81005.0,80896.4921875,80927.2734375,135833600
2026-05-11 11:15:00+00:00,81091.703125,81136.5,80949.6328125,80949.6328125,50782208
2026-05-11 11:30:00+00:00,81137.3515625,81166.296875,81091.359375,81091.359375,34447360
2026-05-11 11:45:00+00:00,81185.9921875,81185.9921875,81085.828125,81134.3125,57565184
2026-05-11 12:00:00+00:00,81075.640625,81223.109375,81050.0078125,81193.4765625,54808576
2026-05-11 12:15:00+00:00,81282.140625,81319.25,81055.53125,81061.578125,255838208
2026-05-11 12:30:00+00:00,81141.328125,81337.328125,81131.5625,81282.1875,200140800
2026-05-11 12:45:00+00:00,81027.9765625,81207.0234375,81007.90625,81137.34375,641832960
2026-05-11 13:00:00+00:00,81256.1796875,81274.46875,81028.2578125,81037.3515625,278016000
2026-05-11 13:15:00+00:00,81115.6796875,81311.5,81109.7265625,81258.3984375,69292032
2026-05-11 13:30:00+00:00,81051.796875,81187.4609375,80734.5078125,81104.0234375,309100544
2026-05-11 13:45:00+00:00,81041.3671875,81071.9296875,80901.0078125,81046.4375,452485120
2026-05-11 14:00:00+00:00,81109.25,81222.1796875,81029.0078125,81029.0078125,374767616
2026-05-11 14:15:00+00:00,80713.046875,81152.4921875,80713.046875,81125.2109375,0
2026-05-11 14:30:00+00:00,80764.703125,80861.6015625,80453.9375,80712.953125,1153314816
2026-05-11 14:45:00+00:00,80908.8671875,80932.796875,80688.8828125,80762.15625,788606976
2026-05-11 15:00:00+00:00,80982.1171875,81061.4375,80789.7578125,80913.1171875,90259456
2026-05-11 15:15:00+00:00,81315.9296875,81394.890625,80905.6171875,80997.9609375,120803328
2026-05-11 15:30:00+00:00,81198.4609375,81413.0703125,81193.078125,81319.359375,541995008
2026-05-11 15:45:00+00:00,81422.953125,81431.25,81185.8203125,81190.0,0
2026-05-11 16:00:00+00:00,81776.453125,81776.453125,81319.9296875,81429.1796875,12537856
2026-05-11 16:15:00+00:00,81763.0390625,81854.0078125,81676.546875,81770.6171875,510087168
2026-05-11 16:30:00+00:00,81562.609375,81899.3671875,81540.4609375,81779.703125,291627008
2026-05-11 16:45:00+00:00,81562.703125,81731.2109375,81555.75,81555.75,310784000
2026-05-11 17:00:00+00:00,81484.7890625,81605.2265625,81348.84375,81555.1171875,689881088
2026-05-11 17:15:00+00:00,81614.9609375,81643.3515625,81489.9921875,81494.8828125,0
2026-05-11 17:30:00+00:00,81997.296875,82006.953125,81569.578125,81616.0703125,39145472
2026-05-11 17:45:00+00:00,81931.6015625,82024.0,81892.296875,81970.046875,460648448
2026-05-11 18:00:00+00:00,81967.546875,82104.203125,81904.5625,81913.0234375,278753280
2026-05-11 18:15:00+00:00,82019.421875,82045.5703125,81831.0625,81972.6015625,89137152
2026-05-11 18:30:00+00:00,81944.9765625,82131.171875,81931.203125,82016.1015625,157863936
2026-05-11 18:45:00+00:00,81843.3203125,82077.1796875,81821.3203125,81940.7109375,167710720
2026-05-11 19:00:00+00:00,81906.9609375,81962.7265625,81722.1328125,81852.40625,63504384
2026-05-11 19:15:00+00:00,81885.75,82056.03125,81807.34375,81916.0390625,144302080
2026-05-11 19:30:00+00:00,81985.7421875,82084.1875,81831.2109375,81878.84375,198627328
2026-05-11 19:45:00+00:00,81955.4296875,82004.90625,81914.59375,81989.1796875,131112960
2026-05-11 20:00:00+00:00,81900.890625,82068.6328125,81846.109375,81969.28125,20545536
2026-05-11 20:15:00+00:00,81895.65625,81966.6171875,81846.640625,81903.65625,53968896
2026-05-11 20:30:00+00:00,81813.0234375,81916.1484375,81748.9921875,81902.7578125,63094784
2026-05-11 20:45:00+00:00,81812.203125,81916.7265625,81789.1171875,81813.0234375,0
2026-05-11 21:00:00+00:00,81719.1015625,81876.640625,81667.1015625,81812.203125,0
2026-05-11 21:15:00+00:00,81622.1484375,81737.28125,81622.140625,81712.2109375,0
2026-05-11 21:30:00+00:00,81717.2734375,81752.3515625,81580.0,81610.0234375,20725760
2026-05-11 21:45:00+00:00,81812.4609375,81898.046875,81645.40625,81709.7578125,3932160
2026-05-11 22:00:00+00:00,81824.9609375,81955.4296875,81791.8203125,81831.203125,0
2026-05-11 22:15:00+00:00,81718.0703125,81909.9765625,81718.03125,81819.09375,0
2026-05-11 22:30:00+00:00,81764.21875,81780.0,81715.5390625,81725.109375,0
2026-05-11 22:45:00+00:00,81813.03125,81906.9609375,81744.4609375,81772.0,0
2026-05-11 23:00:00+00:00,81710.0,81791.828125,81675.8515625,81791.828125,26134528
2026-05-11 23:15:00+00:00,81608.0703125,81716.0625,81608.0703125,81710.0078125,0
2026-05-11 23:30:00+00:00,81762.0234375,81806.9609375,81606.46875,81610.0078125,0
2026-05-11 23:45:00+00:00,81727.0625,81770.6015625,81716.0703125,81764.0,366817280
2026-05-12 00:00:00+00:00,81595.5078125,81770.6171875,81595.5,81715.28125,0
2026-05-12 00:15:00+00:00,81543.9765625,81652.4296875,81498.6328125,81585.78125,0
2026-05-12 00:30:00+00:00,81474.5,81634.25,81462.390625,81543.9921875,60854272
2026-05-12 00:45:00+00:00,81528.203125,81572.921875,81472.6328125,81472.640625,41584640
2026-05-12 01:00:00+00:00,81375.859375,81603.953125,81367.6328125,81528.171875,0
2026-05-12 01:15:00+00:00,81352.6484375,81446.390625,81252.4765625,81375.8671875,13240320
2026-05-12 01:30:00+00:00,81042.0,81320.28125,80697.9921875,81300.6015625,237371392
2026-05-12 01:45:00+00:00,81176.7265625,81294.0,80997.96875,81027.1484375,698675200
2026-05-12 02:00:00+00:00,81294.8984375,81318.0,81140.3671875,81167.109375,14174208
2026-05-12 02:15:00+00:00,81248.0,81298.796875,81075.1875,81298.796875,41050112
2026-05-12 02:30:00+00:00,81109.96875,81258.0,81076.7421875,81256.46875,1624064
2026-05-12 02:45:00+00:00,81235.0390625,81264.59375,81122.6875,81122.6875,183988224
2026-05-12 03:00:00+00:00,81202.8203125,81272.7890625,81161.9921875,81235.0390625,0
2026-05-12 03:15:00+00:00,81148.15625,81220.296875,81124.0390625,81202.8203125,14346240
2026-05-12 03:30:00+00:00,81172.453125,81199.25,81137.0703125,81152.4765625,0
2026-05-12 03:45:00+00:00,81036.0078125,81176.90625,81001.203125,81176.90625,632872960
2026-05-12 04:00:00+00:00,80980.0078125,81055.0,80980.0,81020.1484375,0
2026-05-12 04:15:00+00:00,81183.546875,81204.0,80972.046875,80980.0,3639296
2026-05-12 04:30:00+00:00,81222.7265625,81263.5703125,81170.671875,81185.546875,210182144
2026-05-12 04:45:00+00:00,81203.9765625,81282.0,81188.8515625,81222.71875,0
2026-05-12 05:00:00+00:00,81204.0,81260.0,81167.640625,81205.6015625,154671104
2026-05-12 05:15:00+00:00,81263.0390625,81266.2734375,81199.6328125,81209.9921875,27090944
2026-05-12 05:30:00+00:00,81228.25,81288.828125,81165.03125,81263.046875,74627072
2026-05-12 05:45:00+00:00,81200.0078125,81265.40625,81191.4765625,81231.4765625,0
2026-05-12 06:00:00+00:00,81221.9765625,81244.2890625,81157.6875,81194.90625,53463040
2026-05-12 06:15:00+00:00,81187.3671875,81282.78125,81187.3671875,81221.9765625,28999680
2026-05-12 06:30:00+00:00,81072.2734375,81192.25,81052.6015625,81192.25,22102016
2026-05-12 06:45:00+00:00,80997.0390625,81103.9921875,80981.8203125,81068.1015625,91338752
2026-05-12 07:00:00+00:00,81047.953125,81077.390625,80858.9296875,80978.2109375,36648960
2026-05-12 07:15:00+00:00,80992.171875,81106.1328125,80880.8125,81047.9375,198400000
2026-05-12 07:30:00+00:00,80917.46875,81065.0,80917.140625,80999.640625,49369088
2026-05-12 07:45:00+00:00,80829.9375,80950.9296875,80819.1484375,80917.46875,352833536
2026-05-12 08:00:00+00:00,80798.4921875,80909.7265625,80766.0,80815.9609375,57495552
2026-05-12 08:15:00+00:00,80847.5078125,80910.0,80733.0625,80785.03125,195094528
2026-05-12 08:30:00+00:00,80923.7734375,80934.0390625,80813.8984375,80838.328125,42416128
2026-05-12 08:45:00+00:00,80807.7578125,80937.1328125,80807.7578125,80917.34375,77068288
2026-05-12 09:00:00+00:00,80741.0078125,80869.6796875,80733.3125,80801.25,165038080
2026-05-12 09:15:00+00:00,80713.2265625,80773.4375,80688.0,80739.5078125,140576768
2026-05-12 09:30:00+00:00,80901.7265625,80929.3125,80723.6484375,80730.1875,82970624
2026-05-12 09:45:00+00:00,80799.703125,80922.3984375,80776.71875,80892.671875,158087168
2026-05-12 10:00:00+00:00,80772.5234375,80805.0,80736.40625,80799.703125,50769920
2026-05-12 10:15:00+00:00,80694.3203125,80800.0,80654.7265625,80770.5,0
2026-05-12 10:30:00+00:00,80659.296875,80721.0,80607.4375,80702.296875,196325376
2026-05-12 10:45:00+00:00,80643.390625,80680.578125,80599.9765625,80659.296875,115359744
2026-05-12 11:00:00+00:00,80560.109375,80667.8125,80505.0,80664.0,126054400
2026-05-12 11:15:00+00:00,80615.5703125,80634.03125,80471.8984375,80560.109375,209436672
2026-05-12 11:30:00+00:00,80710.0234375,80715.328125,80615.5078125,80624.109375,227635200
2026-05-12 11:45:00+00:00,80764.296875,80764.296875,80685.6875,80710.0,339154944
2026-05-12 12:00:00+00:00,80798.9765625,80826.3203125,80675.65625,80755.3203125,100446208
2026-05-12 12:15:00+00:00,80784.84375,80826.2421875,80717.796875,80799.9921875,188735488
2026-05-12 12:30:00+00:00,80836.2578125,80983.078125,80593.4765625,80853.8203125,170852352
2026-05-12 12:45:00+00:00,80862.5390625,80959.6015625,80831.9375,80832.5078125,281999360
2026-05-12 13:00:00+00:00,80778.2734375,80910.6484375,80778.2734375,80862.5390625,80027648
2026-05-12 13:15:00+00:00,80631.0,80788.9609375,80603.2890625,80776.140625,67973120
2026-05-12 13:30:00+00:00,80745.6875,80798.2421875,80559.703125,80590.0078125,160757760
2026-05-12 13:45:00+00:00,80432.2734375,80857.2890625,80385.9765625,80749.9921875,159014912
2026-05-12 14:00:00+00:00,80686.796875,80699.1875,80359.90625,80407.8125,332988416
2026-05-12 14:15:00+00:00,80631.9765625,80833.96875,80572.1015625,80685.421875,221337600
2026-05-12 14:30:00+00:00,80782.171875,80880.0078125,80392.296875,80608.0,9277440
2026-05-12 14:45:00+00:00,80525.9765625,80778.34375,80450.9921875,80778.34375,516352000
2026-05-12 15:00:00+00:00,80584.25,80642.5703125,80393.703125,80518.28125,118433792
2026-05-12 15:15:00+00:00,80181.96875,80584.25,80143.65625,80584.25,20918272
2026-05-12 15:30:00+00:00,80333.0,80435.53125,80190.4765625,80190.4765625,259672064
2026-05-12 15:45:00+00:00,80295.5390625,80415.453125,80243.15625,80340.0,276064256
2026-05-12 16:00:00+00:00,80341.46875,80393.296875,80180.59375,80269.15625,255225856
2026-05-12 16:15:00+00:00,80258.9609375,80370.21875,80179.0,80316.7265625,61763584
2026-05-12 16:30:00+00:00,80222.4375,80311.9375,80179.7265625,80265.9921875,0
2026-05-12 16:45:00+00:00,79965.0078125,80254.9921875,79819.75,80254.9921875,446892032
2026-05-12 17:00:00+00:00,80176.421875,80185.59375,79928.1875,80007.453125,129961984
2026-05-12 17:15:00+00:00,80396.6484375,80413.390625,80190.7109375,80190.7109375,109123584
2026-05-12 17:30:00+00:00,80490.09375,80494.828125,80395.4296875,80395.4296875,308125696
2026-05-12 17:45:00+00:00,80493.796875,80562.9921875,80436.8515625,80494.828125,10393600
2026-05-12 18:00:00+00:00,80509.9765625,80523.953125,80420.46875,80487.1015625,0
2026-05-12 18:15:00+00:00,80470.34375,80544.0390625,80436.2265625,80510.546875,46954496
2026-05-12 18:30:00+00:00,80637.859375,80665.546875,80456.9609375,80456.9609375,0
2026-05-12 18:45:00+00:00,80649.09375,80731.1796875,80590.5,80661.546875,151902208
2026-05-12 19:00:00+00:00,80789.671875,80815.7109375,80650.1171875,80650.1171875,20228096
2026-05-12 19:15:00+00:00,80690.7421875,80821.96875,80690.7421875,80794.3671875,112144384
2026-05-12 19:30:00+00:00,80739.8203125,80795.5625,80705.4609375,80714.5625,15063040
2026-05-12 19:45:00+00:00,80814.296875,80859.046875,80731.9609375,80739.8203125,536735744
2026-05-12 20:00:00+00:00,80750.6171875,80871.359375,80721.4375,80823.9921875,129085440
2026-05-12 20:15:00+00:00,80797.453125,80805.328125,80735.0078125,80750.6171875,0
2026-05-12 20:30:00+00:00,80691.4375,80797.4609375,80626.6015625,80797.453125,43892736
2026-05-12 20:45:00+00:00,80673.03125,80696.2890625,80617.5703125,80678.0625,83580928
2026-05-12 21:00:00+00:00,80676.5078125,80718.25,80662.0,80671.8203125,92239872
2026-05-12 21:15:00+00:00,80631.140625,80708.1875,80607.703125,80670.703125,64858112
2026-05-12 21:30:00+00:00,80557.4375,80633.0,80520.4921875,80633.0,65568768
2026-05-12 21:45:00+00:00,80569.2265625,80570.3203125,80472.2265625,80557.9921875,63150080
2026-05-12 22:00:00+00:00,80611.0390625,80773.7734375,80600.53125,80612.5078125,8964096
2026-05-12 22:15:00+00:00,80637.3984375,80678.0390625,80595.59375,80611.0390625,190515200
2026-05-12 22:30:00+00:00,80637.8515625,80704.2578125,80600.0,80637.390625,0
2026-05-12 22:45:00+00:00,80639.9921875,80708.296875,80616.2421875,80641.203125,0
2026-05-12 23:00:00+00:00,80592.609375,80697.546875,80554.1015625,80639.9921875,13998080
2026-05-12 23:15:00+00:00,80638.9921875,80654.0703125,80572.1171875,80584.25,64724992
2026-05-12 23:30:00+00:00,80493.796875,80645.453125,80469.1171875,80638.9921875,100378624
2026-05-12 23:45:00+00:00,80483.75,80513.890625,80420.1015625,80480.453125,60186624
2026-05-13 00:00:00+00:00,80442.9296875,80520.59375,80389.953125,80480.40625,26877952
2026-05-13 00:15:00+00:00,80631.953125,80732.0,80430.1875,80430.1875,32632832
2026-05-13 00:30:00+00:00,80729.546875,80757.3984375,80614.84375,80634.421875,138512384
2026-05-13 00:45:00+00:00,80698.1171875,80731.578125,80600.1328125,80731.578125,16039936
2026-05-13 01:00:00+00:00,80942.703125,80973.9609375,80658.2890625,80703.7734375,954468352
2026-05-13 01:15:00+00:00,81048.9921875,81091.90625,80844.859375,80899.1484375,58310656
2026-05-13 01:30:00+00:00,81093.9765625,81139.9921875,81015.0,81057.8984375,648822784
2026-05-13 01:45:00+00:00,80985.8671875,81180.0,80965.0078125,81122.0,0
2026-05-13 02:00:00+00:00,81043.2109375,81070.3984375,80919.7578125,80985.8828125,0
2026-05-13 02:15:00+00:00,81106.8515625,81260.0,81009.9765625,81043.2109375,142696448
2026-05-13 02:30:00+00:00,81044.640625,81128.5234375,80995.0234375,81112.921875,709652480
2026-05-13 02:45:00+00:00,81040.59375,81072.1171875,80996.296875,81044.640625,17375232
2026-05-13 03:00:00+00:00,80992.9609375,81076.5,80972.0,81016.3984375,2635776
2026-05-13 03:15:00+00:00,81070.0234375,81083.3984375,80969.5078125,80999.84375,83857408
2026-05-13 03:30:00+00:00,81182.890625,81187.25,81061.0234375,81074.8828125,170055680
2026-05-13 03:45:00+00:00,81240.78125,81277.109375,81160.0078125,81184.6796875,97406976
2026-05-13 04:00:00+00:00,81153.1484375,81247.5390625,81124.640625,81247.5390625,31901696
2026-05-13 04:15:00+00:00,81194.0,81198.15625,81107.5234375,81164.453125,100272128
2026-05-13 04:30:00+00:00,81170.0234375,81264.4609375,81166.9296875,81214.9921875,47482880
2026-05-13 04:45:00+00:00,81217.390625,81229.640625,81155.5703125,81170.0234375,39426048
2026-05-13 05:00:00+00:00,81142.0234375,81226.0078125,81140.359375,81212.890625,12281856
2026-05-13 05:15:00+00:00,81103.6328125,81137.609375,81080.0625,81132.0234375,141266944
2026-05-13 05:30:00+00:00,81017.7109375,81120.3828125,81017.7109375,81103.6328125,8439808
2026-05-13 05:45:00+00:00,80998.671875,81066.6484375,80973.3671875,81013.640625,304267264
2026-05-13 06:00:00+00:00,81080.171875,81080.171875,80972.8515625,80999.8984375,13467648
2026-05-13 06:15:00+00:00,81080.28125,81137.0,81009.7109375,81082.5078125,173027328
2026-05-13 06:30:00+00:00,81038.59375,81098.90625,81002.84375,81080.5234375,164136960
2026-05-13 06:45:00+00:00,80958.0625,81040.9765625,80947.0078125,81028.2265625,150183936
2026-05-13 07:00:00+00:00,80987.4921875,81003.6171875,80949.3984375,80949.3984375,64901120
2026-05-13 07:15:00+00:00,80888.8125,81031.6328125,80872.75,80995.84375,146284544
2026-05-13 07:30:00+00:00,80934.453125,80952.9765625,80861.2109375,80889.46875,0
2026-05-13 07:45:00+00:00,80996.0078125,81010.6796875,80910.2265625,80941.96875,0
2026-05-13 08:00:00+00:00,80988.296875,81042.8515625,80940.1484375,81003.9375,41252864
2026-05-13 08:15:00+00:00,81004.15625,81087.6875,80991.4765625,80991.5078125,503105536
2026-05-13 08:30:00+00:00,81123.2265625,81145.0234375,80908.2265625,81004.171875,651331584
2026-05-13 08:45:00+00:00,81165.09375,81172.609375,81099.46875,81126.328125,83752960
2026-05-13 09:00:00+00:00,81200.9921875,81285.5078125,81136.0390625,81172.53125,201551872
2026-05-13 09:15:00+00:00,81126.90625,81219.9921875,81097.453125,81216.9609375,0
2026-05-13 09:30:00+00:00,81194.0078125,81264.1015625,81130.40625,81140.71875,65794048
2026-05-13 09:45:00+00:00,81256.6015625,81268.9609375,81184.46875,81193.6171875,153083904
2026-05-13 10:00:00+00:00,81071.9921875,81264.359375,81068.9765625,81252.5390625,30939136
2026-05-13 10:15:00+00:00,80939.3203125,81129.1484375,80939.3203125,81078.7265625,884736
2026-05-13 10:30:00+00:00,80824.21875,81001.1328125,80790.140625,80999.9921875,313073664
2026-05-13 10:45:00+00:00,80773.5078125,80856.3515625,80773.5078125,80824.578125,158169088
2026-05-13 11:00:00+00:00,80538.9921875,80815.3203125,80538.8984375,80768.6875,0
2026-05-13 11:15:00+00:00,80539.1796875,80660.8671875,80519.6484375,80529.2734375,258056192
2026-05-13 11:30:00+00:00,80654.28125,80657.65625,80535.6875,80539.609375,28135424
2026-05-13 11:45:00+00:00,80471.1484375,80672.9765625,80468.2890625,80642.578125,0
2026-05-13 12:00:00+00:00,80501.140625,80564.5625,80420.703125,80468.96875,592603136
2026-05-13 12:15:00+00:00,80325.578125,80534.0078125,80150.0703125,80521.140625,28991488
2026-05-13 12:30:00+00:00,80127.34375,80259.5078125,79825.9609375,80206.0390625,293838848
2026-05-13 12:45:00+00:00,80172.5234375,80253.4921875,80108.5234375,80125.34375,472381440
2026-05-13 13:00:00+00:00,80275.84375,80320.8125,80167.3828125,80172.5078125,384999424
2026-05-13 13:15:00+00:00,80121.203125,80310.84375,80105.5078125,80270.09375,0
2026-05-13 13:30:00+00:00,79819.9375,80177.8203125,79752.15625,80069.2421875,112789504
2026-05-13 13:45:00+00:00,79617.9765625,79804.421875,79540.3828125,79804.421875,717985792
2026-05-13 14:00:00+00:00,79672.78125,79740.0,79447.140625,79581.421875,180414464
2026-05-13 14:15:00+00:00,79814.0,79862.4921875,79627.4375,79670.34375,92004352
2026-05-13 14:30:00+00:00,79662.09375,79824.2109375,79662.09375,79791.8828125,0
2026-05-13 14:45:00+00:00,79724.6796875,79778.0078125,79611.921875,79668.5625,11900928
2026-05-13 15:00:00+00:00,79392.453125,79820.03125,79392.453125,79734.0390625,77651968
2026-05-13 15:15:00+00:00,79239.0,79445.9609375,79200.8984375,79385.421875,295380992
2026-05-13 15:30:00+00:00,79209.0,79309.109375,79185.46875,79202.75,227708928
2026-05-13 15:45:00+00:00,78783.0390625,79221.75,78761.3125,79195.6796875,154757120
2026-05-13 16:00:00+00:00,78862.421875,78968.0,78700.0,78761.28125,1064878080
2026-05-13 16:15:00+00:00,79003.140625,79022.8828125,78800.8515625,78862.453125,365678592
2026-05-13 16:30:00+00:00,79099.03125,79134.9921875,78991.0,79001.8515625,272738304
2026-05-13 16:45:00+00:00,79066.609375,79181.3671875,79033.7734375,79101.8828125,3121152
2026-05-13 17:00:00+00:00,79199.75,79202.0,79096.84375,79096.84375,116537344
2026-05-13 17:15:00+00:00,79306.8671875,79343.953125,79068.0078125,79196.0,12707840
2026-05-13 17:30:00+00:00,79400.6875,79411.3828125,79302.1796875,79308.8515625,170864640
2026-05-13 17:45:00+00:00,79479.9921875,79528.7890625,79366.0,79404.8984375,10665984
2026-05-13 18:00:00+00:00,79581.6875,79595.828125,79482.21875,79495.3984375,235501568
2026-05-13 18:15:00+00:00,79736.0,79773.2890625,79531.703125,79587.1796875,168364032
2026-05-13 18:30:00+00:00,79612.0,79782.359375,79612.0,79735.953125,886341632
2026-05-13 18:45:00+00:00,79576.1328125,79656.3828125,79531.703125,79610.0234375,110141440
2026-05-13 19:00:00+00:00,79480.5,79601.140625,79443.8984375,79567.9375,94488576
2026-05-13 19:15:00+00:00,79467.3828125,79512.0078125,79363.9921875,79512.0078125,126257152
2026-05-13 19:30:00+00:00,79475.953125,79568.9609375,79418.0,79465.953125,41039872
2026-05-13 19:45:00+00:00,79606.0,79614.5390625,79459.71875,79485.6796875,52252672
2026-05-13 20:00:00+00:00,79608.2890625,79721.3203125,79595.7890625,79611.359375,63117312
2026-05-13 20:15:00+00:00,79577.578125,79694.78125,79576.03125,79616.25,81131520
2026-05-13 20:30:00+00:00,79693.34375,79706.15625,79579.9609375,79582.0,10076160
2026-05-13 20:45:00+00:00,79676.6484375,79731.890625,79642.2890625,79691.9921875,8003584
2026-05-13 21:00:00+00:00,79404.296875,79676.8984375,79324.2578125,79676.8671875,117960704
2026-05-13 21:15:00+00:00,79392.2578125,79418.7265625,79350.5078125,79410.8984375,141066240
2026-05-13 21:30:00+00:00,79449.2578125,79476.0625,79384.703125,79392.2578125,48971776
2026-05-13 21:45:00+00:00,79363.1171875,79495.828125,79342.03125,79449.25,12376064
2026-05-13 22:00:00+00:00,79375.15625,79405.03125,79195.2578125,79405.03125,110258176
2026-05-13 22:15:00+00:00,79288.28125,79375.7109375,79231.90625,79375.7109375,214745088
2026-05-13 22:30:00+00:00,79374.6484375,79374.6484375,79196.0234375,79272.1796875,58732544
2026-05-13 22:45:00+00:00,79393.6328125,79441.90625,79371.640625,79371.640625,196390912
2026-05-13 23:00:00+00:00,79342.40625,79465.2578125,79322.0,79396.6484375,104005632
2026-05-13 23:15:00+00:00,79317.2734375,79407.78125,79262.9609375,79341.2578125,67309568
2026-05-13 23:30:00+00:00,79282.03125,79347.9921875,79222.0,79320.2890625,72675328
2026-05-13 23:45:00+00:00,79288.25,79296.0390625,79194.15625,79289.9765625,123000832
2026-05-14 00:00:00+00:00,79498.6328125,79498.6328125,79287.0703125,79299.1484375,96432128
2026-05-14 00:15:00+00:00,79433.171875,79552.9609375,79412.078125,79509.84375,231477248
2026-05-14 00:30:00+00:00,79610.2109375,79610.2109375,79441.15625,79441.15625,156182528
2026-05-14 00:45:00+00:00,79546.796875,79656.453125,79519.6171875,79624.0078125,94939136
2026-05-14 01:00:00+00:00,79591.75,79661.546875,79525.6484375,79525.6484375,26112000
2026-05-14 01:15:00+00:00,79520.78125,79609.3828125,79477.0078125,79586.5,40556544
2026-05-14 01:30:00+00:00,79461.1015625,79561.8984375,79383.7421875,79528.6796875,0
2026-05-14 01:45:00+00:00,79573.4921875,79638.1171875,79404.8671875,79462.109375,16556032
2026-05-14 02:00:00+00:00,79557.046875,79650.6875,79551.9921875,79577.0,154726400
2026-05-14 02:15:00+00:00,79633.8671875,79633.8671875,79528.6875,79557.046875,100507648
2026-05-14 02:30:00+00:00,79561.0078125,79633.8671875,79516.90625,79633.8671875,129990656
2026-05-14 02:45:00+00:00,79340.0,79567.9375,79195.71875,79567.9296875,120236032
2026-05-14 03:00:00+00:00,79246.9765625,79429.0078125,79119.96875,79306.5,286627840
2026-05-14 03:15:00+00:00,79287.0703125,79332.8828125,78995.1875,79246.9765625,315146240
2026-05-14 03:30:00+00:00,79172.3203125,79365.28125,79133.0625,79290.0,95432704
2026-05-14 03:45:00+00:00,79012.2734375,79171.96875,78906.5703125,79169.3125,171147264
2026-05-14 04:00:00+00:00,79232.7890625,79232.7890625,78945.828125,79017.9921875,312987648
2026-05-14 04:15:00+00:00,79288.4921875,79332.8671875,79211.578125,79257.8125,121114624
2026-05-14 04:30:00+00:00,79353.3125,79356.5703125,79272.359375,79288.5,144334848
2026-05-14 04:45:00+00:00,79428.703125,79440.0,79293.6328125,79350.0625,92569600
2026-05-14 05:00:00+00:00,79376.0234375,79453.65625,79362.578125,79407.34375,119013376
2026-05-14 05:15:00+00:00,79561.0234375,79569.8984375,79347.46875,79358.3671875,50810880
2026-05-14 05:30:00+00:00,79676.09375,79736.359375,79567.9296875,79567.9296875,275316736
2026-05-14 05:45:00+00:00,79780.7734375,79962.3828125,79690.0,79690.0,353042432
2026-05-14 06:00:00+00:00,79888.3203125,79908.28125,79780.0,79788.34375,282251264
2026-05-14 06:15:00+00:00,79786.4375,79899.2421875,79786.4375,79892.3125,127287296
2026-05-14 06:30:00+00:00,79842.2265625,79858.0390625,79726.6796875,79807.96875,0
2026-05-14 06:45:00+00:00,79772.953125,79848.8125,79766.8515625,79842.2265625,35418112
2026-05-14 07:00:00+00:00,79717.5703125,79833.6875,79691.9921875,79768.40625,26693632
2026-05-14 07:15:00+00:00,79757.6171875,79814.0,79671.0,79706.859375,192147456
2026-05-14 07:30:00+00:00,79864.75,79903.46875,79760.03125,79760.03125,88993792
2026-05-14 07:45:00+00:00,79706.1015625,79876.2734375,79699.1484375,79865.8203125,17072128
2026-05-14 08:00:00+00:00,79799.390625,79841.9921875,79605.1015625,79709.03125,307290112
2026-05-14 08:15:00+00:00,79744.6796875,79831.609375,79681.0703125,79802.4765625,84410368
2026-05-14 08:30:00+00:00,79862.28125,79906.4765625,79748.65625,79754.2109375,282943488
2026-05-14 08:45:00+00:00,79784.5625,79869.5078125,79751.9375,79862.28125,162922496
2026-05-14 09:00:00+00:00,79798.90625,79875.0,79781.1171875,79798.5,0
2026-05-14 09:15:00+00:00,79705.3984375,79803.8984375,79699.046875,79790.2265625,2359296
2026-05-14 09:30:00+00:00,79637.0390625,79711.5625,79551.6015625,79705.40625,37171200
2026-05-14 09:45:00+00:00,79591.078125,79632.6015625,79529.71875,79632.6015625,193458176
2026-05-14 10:00:00+00:00,79583.21875,79707.0390625,79525.0,79599.78125,125603840
2026-05-14 10:15:00+00:00,79651.578125,79721.828125,79584.2421875,79584.2421875,109477888
2026-05-14 10:30:00+00:00,79420.8125,79654.5234375,79375.0,79650.0234375,51044352
2026-05-14 10:45:00+00:00,79534.4765625,79595.640625,79423.6875,79423.6875,0
2026-05-14 11:00:00+00:00,79464.609375,79576.6484375,79459.9609375,79533.546875,83709952
2026-05-14 11:15:00+00:00,79322.40625,79506.0703125,79288.8515625,79450.7421875,0
2026-05-14 11:30:00+00:00,79250.5703125,79358.0625,79238.6015625,79318.2734375,149954560
2026-05-14 11:45:00+00:00,79213.1484375,79297.078125,79189.9765625,79239.640625,90189824
2026-05-14 12:00:00+00:00,79326.0703125,79373.2109375,79194.9765625,79198.21875,41234432
2026-05-14 12:15:00+00:00,79386.59375,79424.3984375,79250.546875,79334.8125,29499392
2026-05-14 12:30:00+00:00,79662.2265625,79662.2265625,79367.1484375,79384.2265625,5177344
2026-05-14 12:45:00+00:00,79744.0,79757.96875,79642.09375,79670.4609375,18157568
2026-05-14 13:00:00+00:00,79857.1015625,79864.6796875,79695.8515625,79742.609375,688115712
2026-05-14 13:15:00+00:00,79913.59375,80026.0,79739.9921875,79852.0078125,254504960
2026-05-14 13:30:00+00:00,79830.53125,79944.421875,79672.3203125,79903.9921875,684355584
2026-05-14 13:45:00+00:00,79679.9921875,80015.03125,79655.640625,79824.640625,0
2026-05-14 14:00:00+00:00,79946.0078125,79957.75,79542.3671875,79652.453125,254038016
2026-05-14 14:15:00+00:00,80109.3984375,80223.9765625,79931.59375,79931.59375,815169536
2026-05-14 14:30:00+00:00,80326.0,80364.46875,80066.28125,80141.3515625,229675008
2026-05-14 14:45:00+00:00,80949.109375,80978.453125,80357.75,80357.75,1026433024
2026-05-14 15:00:00+00:00,80976.59375,81131.6328125,80807.109375,80954.078125,1565032448
2026-05-14 15:15:00+00:00,80994.0,81123.2109375,80889.078125,80977.8203125,279908352
2026-05-14 15:30:00+00:00,81020.1328125,81078.0,80810.90625,80988.0234375,767942656
2026-05-14 15:45:00+00:00,81304.03125,81335.578125,80999.921875,80999.921875,358629376
2026-05-14 16:00:00+00:00,81545.0,81591.671875,81328.0,81328.796875,0
2026-05-14 16:15:00+00:00,81550.171875,81613.90625,81411.109375,81536.9296875,1190748160
2026-05-14 16:30:00+00:00,81526.0,81655.953125,81358.421875,81572.0,676642816
2026-05-14 16:45:00+00:00,81890.34375,81890.34375,81088.390625,81528.0,656171008
2026-05-14 17:00:00+00:00,81735.65625,82054.3125,81734.3984375,81877.2265625,1291386880
2026-05-14 17:15:00+00:00,81484.25,81725.8828125,81294.5703125,81713.7578125,746364928
2026-05-14 17:30:00+00:00,81657.0,81720.953125,81451.4375,81474.0,411430912
2026-05-14 17:45:00+00:00,81683.8828125,81806.609375,81656.9921875,81656.9921875,356265984
2026-05-14 18:00:00+00:00,81872.21875,81874.0234375,81487.03125,81684.171875,86048768
2026-05-14 18:15:00+00:00,81890.4296875,81994.9765625,81761.1015625,81867.0703125,353574912
2026-05-14 18:30:00+00:00,81547.0234375,81897.0,81502.203125,81884.671875,300113920
2026-05-14 18:45:00+00:00,81590.34375,81662.0390625,81435.1171875,81553.7890625,158646272
2026-05-14 19:00:00+00:00,81558.9609375,81728.1484375,81558.9609375,81600.546875,879177728
2026-05-14 19:15:00+00:00,81347.046875,81643.03125,81340.640625,81525.2734375,233758720
2026-05-14 19:30:00+00:00,81459.109375,81485.8515625,81327.1875,81352.5625,138555392
2026-05-14 19:45:00+00:00,81438.0,81495.0,81386.8671875,81455.7578125,389795840
2026-05-14 20:00:00+00:00,81357.7421875,81625.0703125,81357.7421875,81459.9765625,103280640
2026-05-14 20:15:00+00:00,81274.0,81420.0078125,81224.0,81352.546875,283115520
2026-05-14 20:30:00+00:00,81235.921875,81300.7578125,81151.3125,81285.4765625,222326784
2026-05-14 20:45:00+00:00,81400.0,81455.5234375,81235.921875,81235.921875,82223104
2026-05-14 21:00:00+00:00,81326.75,81466.5078125,81315.59375,81453.78125,158363648
2026-05-14 21:15:00+00:00,81414.9375,81455.546875,81259.6796875,81326.7421875,0
2026-05-14 21:30:00+00:00,81448.15625,81526.0,81407.3984375,81409.3203125,151867392
2026-05-14 21:45:00+00:00,81375.9765625,81454.1328125,81359.7265625,81448.1484375,120868864
2026-05-14 22:00:00+00:00,81510.0078125,81510.0078125,81328.0,81376.0078125,33079296
2026-05-14 22:15:00+00:00,81432.0,81498.0625,81398.0703125,81497.0390625,8024064
2026-05-14 22:30:00+00:00,81504.4765625,81533.1171875,81424.796875,81434.7109375,131010560
2026-05-14 22:45:00+00:00,81444.0078125,81542.0390625,81406.2734375,81504.0,25341952
2026-05-14 23:00:00+00:00,81244.921875,81411.0,81172.0,81405.0,0
2026-05-14 23:15:00+00:00,81345.0234375,81360.40625,81178.0078125,81244.9296875,159670272
2026-05-14 23:30:00+00:00,81205.3828125,81351.640625,81192.9296875,81345.0234375,277876736
2026-05-14 23:45:00+00:00,81079.03125,81199.9921875,81029.1484375,81195.0078125,118456320
2026-05-15 00:00:00+00:00,81459.421875,81459.421875,81047.4921875,81080.078125,0
2026-05-15 00:15:00+00:00,81437.3671875,81482.0703125,81350.0078125,81464.8203125,69013504
2026-05-15 00:30:00+00:00,81330.0078125,81646.671875,81262.6875,81449.359375,345993216
2026-05-15 00:45:00+00:00,81506.09375,81576.109375,81326.7578125,81330.171875,776077312
2026-05-15 01:00:00+00:00,81528.0,81608.3125,81491.8828125,81502.2109375,142221312
2026-05-15 01:15:00+00:00,81375.3125,81584.9765625,81375.296875,81538.0078125,171278336
2026-05-15 01:30:00+00:00,81376.0078125,81460.921875,81196.65625,81357.71875,718057472
2026-05-15 01:45:00+00:00,81110.046875,81383.9765625,81094.0,81376.0078125,192647168
2026-05-15 02:00:00+00:00,80926.5,81186.0,80855.8125,81086.9296875,296488960
2026-05-15 02:15:00+00:00,80887.9765625,81012.0,80850.578125,80910.0,252305408
2026-05-15 02:30:00+00:00,81070.84375,81113.2734375,80729.0,80895.9765625,108687360
2026-05-15 02:45:00+00:00,81281.3984375,81338.3828125,81084.2421875,81102.65625,236662784
2026-05-15 03:00:00+00:00,81217.453125,81331.0390625,81122.8671875,81290.53125,0
2026-05-15 03:15:00+00:00,81252.0078125,81254.5078125,81144.609375,81218.421875,117587968
2026-05-15 03:30:00+00:00,80977.0703125,81233.890625,80922.796875,81233.890625,61562880
2026-05-15 03:45:00+00:00,81053.6875,81086.9765625,80956.2421875,80977.0703125,32866304
2026-05-15 04:00:00+00:00,81018.140625,81081.7890625,80942.3984375,81045.3125,113389568
2026-05-15 04:15:00+00:00,80900.9921875,81063.296875,80880.6328125,81021.5234375,91877376
2026-05-15 04:30:00+00:00,80909.9921875,81024.0,80867.5078125,80893.34375,29716480
2026-05-15 04:45:00+00:00,80710.328125,80933.0234375,80694.03125,80908.65625,180002816
2026-05-15 05:00:00+00:00,80809.859375,80833.96875,80645.9921875,80713.71875,51187712
2026-05-15 05:15:00+00:00,80786.296875,80871.2890625,80750.0078125,80810.6484375,61607936
2026-05-15 05:30:00+00:00,80455.46875,80803.1875,80308.0,80803.1875,381992960
2026-05-15 05:45:00+00:00,80364.0,80537.28125,80308.7265625,80449.640625,255856640
2026-05-15 06:00:00+00:00,80398.9296875,80454.71875,80305.9609375,80346.359375,234151936
2026-05-15 06:15:00+00:00,80510.3203125,80510.3203125,80306.78125,80400.671875,231641088
2026-05-15 06:30:00+00:00,80586.3984375,80624.0625,80497.2890625,80516.53125,254775296
2026-05-15 06:45:00+00:00,80568.2421875,80625.96875,80541.421875,80599.9921875,162172928
2026-05-15 07:00:00+00:00,80764.0,80765.0078125,80547.75,80575.0,45506560
2026-05-15 07:15:00+00:00,80898.46875,80991.3515625,80699.1796875,80759.2890625,184238080
2026-05-15 07:30:00+00:00,80816.0703125,80903.3828125,80738.078125,80898.4609375,567406592
2026-05-15 07:45:00+00:00,80815.9921875,80875.96875,80769.9921875,80809.90625,195358720
2026-05-15 08:00:00+00:00,80732.03125,80819.9921875,80661.1171875,80819.9921875,0
2026-05-15 08:15:00+00:00,80530.0,80724.6484375,80519.6328125,80724.6484375,186351616
2026-05-15 08:30:00+00:00,80683.8828125,80716.703125,80415.9296875,80533.4296875,24563712
2026-05-15 08:45:00+00:00,80640.0,80683.75,80563.0,80683.75,82538496
2026-05-15 09:00:00+00:00,80570.3671875,80673.1328125,80539.890625,80642.0078125,29298688
2026-05-15 09:15:00+00:00,80566.921875,80574.6328125,80454.140625,80568.4609375,0
2026-05-15 09:30:00+00:00,80428.8125,80638.96875,80421.4765625,80572.59375,233484288
2026-05-15 09:45:00+00:00,80488.0078125,80498.3984375,80366.1171875,80427.171875,98959360
2026-05-15 10:00:00+00:00,80594.296875,80600.25,80409.171875,80489.4765625,26284032
2026-05-15 10:15:00+00:00,80510.9375,80591.1015625,80489.0390625,80590.0078125,54091776
2026-05-15 10:30:00+00:00,80528.6484375,80574.0078125,80437.8515625,80506.75,18317312
2026-05-15 10:45:00+00:00,80710.2890625,80771.796875,80534.0390625,80534.0390625,29237248
2026-05-15 11:00:00+00:00,80675.53125,80753.3125,80587.546875,80718.6875,45309952
2026-05-15 11:15:00+00:00,80629.0234375,80713.8984375,80580.7734375,80675.5390625,135434240
2026-05-15 11:30:00+00:00,80641.9765625,80641.9921875,80584.046875,80626.0,0
2026-05-15 11:45:00+00:00,80616.046875,80713.921875,80584.03125,80632.796875,0
2026-05-15 12:00:00+00:00,80408.0078125,80635.0,80385.84375,80600.359375,18251776
2026-05-15 12:15:00+00:00,80532.4921875,80563.7421875,80374.09375,80398.0234375,333750272
2026-05-15 12:30:00+00:00,80410.640625,80547.7734375,80386.0234375,80493.296875,0
2026-05-15 12:45:00+00:00,80380.1328125,80436.0,80337.4609375,80390.6484375,142118912
2026-05-15 13:00:00+00:00,80120.0,80361.359375,80049.546875,80361.359375,0
2026-05-15 13:15:00+00:00,79991.0234375,80170.03125,79987.4921875,80116.3125,463093760
2026-05-15 13:30:00+00:00,79089.59375,79966.9375,79055.28125,79966.9375,660217856
2026-05-15 13:45:00+00:00,78701.9296875,79230.9765625,78647.203125,79093.953125,1136500736
2026-05-15 14:00:00+00:00,79209.4296875,79287.7890625,78601.1875,78729.21875,1695211520
2026-05-15 14:15:00+00:00,79030.15625,79273.34375,78959.9921875,79185.46875,227639296
2026-05-15 14:30:00+00:00,79170.296875,79228.1171875,78947.953125,79081.0625,441081856
2026-05-15 14:45:00+00:00,79111.921875,79271.9765625,78917.9296875,79173.9765625,0
2026-05-15 15:00:00+00:00,79204.84375,79291.0,79043.0390625,79145.3671875,0
2026-05-15 15:15:00+00:00,79099.171875,79337.5703125,79071.65625,79193.4921875,0
2026-05-15 15:30:00+00:00,79063.4765625,79192.4921875,79037.109375,79148.2890625,138911744
2026-05-15 15:45:00+00:00,79113.296875,79213.5390625,78980.9921875,79060.03125,46649344
2026-05-15 16:00:00+00:00,79183.0,79209.5,79089.1875,79141.359375,0
2026-05-15 16:15:00+00:00,79281.4296875,79283.203125,79110.0,79156.9375,0
2026-05-15 16:30:00+00:00,79245.546875,79346.90625,79215.8203125,79301.75,82272256
2026-05-15 16:45:00+00:00,79268.34375,79301.2109375,79105.3515625,79241.890625,0
2026-05-15 17:00:00+00:00,79225.078125,79318.5625,79189.609375,79242.6484375,0
2026-05-15 17:15:00+00:00,79343.6171875,79419.8125,79188.8515625,79226.5078125,0
2026-05-15 17:30:00+00:00,79363.8984375,79446.140625,79329.1875,79341.7890625,0
2026-05-15 17:45:00+00:00,79424.90625,79464.84375,79337.8515625,79365.546875,0
2026-05-15 18:00:00+00:00,79444.546875,79533.0078125,79380.296875,79420.5703125,0
2026-05-15 18:15:00+00:00,79232.7890625,79454.1015625,79167.828125,79442.109375,0
2026-05-15 18:30:00+00:00,79244.2734375,79272.2578125,79120.3125,79232.2421875,0
2026-05-15 18:45:00+00:00,79237.6015625,79293.0,79153.390625,79244.1171875,15220736
2026-05-15 19:00:00+00:00,79028.90625,79246.0625,79010.890625,79233.59375,18313216
2026-05-15 19:15:00+00:00,79072.7109375,79125.71875,79041.1015625,79041.1015625,48607232
2026-05-15 19:30:00+00:00,79076.6484375,79150.0,79041.1484375,79072.8671875,0
2026-05-15 19:45:00+00:00,79106.7578125,79147.8984375,79061.34375,79088.4765625,0
2026-05-15 20:00:00+00:00,79101.8984375,79175.8203125,79037.1015625,79130.703125,7086080
2026-05-15 20:15:00+00:00,79132.046875,79132.046875,79028.046875,79101.8984375,65871872
2026-05-15 20:30:00+00:00,79042.671875,79153.421875,79037.921875,79149.34375,0
2026-05-15 20:45:00+00:00,79083.7421875,79091.0078125,78962.7421875,79034.1875,116129792
2026-05-15 21:00:00+00:00,79148.546875,79157.7421875,79061.15625,79083.3515625,199364608
2026-05-15 21:15:00+00:00,79085.46875,79161.40625,79075.4921875,79148.546875,59719680
2026-05-15 21:30:00+00:00,79095.7109375,79105.2578125,79041.109375,79086.9765625,81182720
2026-05-15 21:45:00+00:00,78932.0,79108.7578125,78870.6875,79096.2890625,65220608
2026-05-15 22:00:00+00:00,79020.0,79052.046875,78931.9921875,78931.9921875,25817088
2026-05-15 22:15:00+00:00,79050.8125,79050.8125,78954.8515625,79019.9921875,24092672
2026-05-15 22:30:00+00:00,79077.3671875,79108.09375,79005.03125,79051.9765625,83279872
2026-05-15 22:45:00+00:00,79060.171875,79101.25,79038.46875,79074.1015625,12681216
2026-05-15 23:00:00+00:00,79053.140625,79105.2578125,79034.65625,79059.0234375,0
2026-05-15 23:15:00+00:00,79068.5625,79115.390625,79026.921875,79047.53125,23629824
2026-05-15 23:30:00+00:00,79080.0078125,79087.5703125,79025.0703125,79074.7109375,72966144
2026-05-15 23:45:00+00:00,79058.5078125,79087.9765625,79038.0,79077.1328125,42012672
2026-05-16 00:00:00+00:00,79126.9765625,79153.7109375,79019.9921875,79050.3125,1937408
2026-05-16 00:15:00+00:00,79126.8125,79162.1875,79104.3125,79133.3203125,62009344
2026-05-16 00:30:00+00:00,79104.4296875,79180.5390625,79097.2578125,79130.2421875,214810624
2026-05-16 00:45:00+00:00,79063.25,79129.6796875,79025.0703125,79104.4375,0
2026-05-16 01:00:00+00:00,79071.5703125,79096.0,79033.09375,79072.5625,0
2026-05-16 01:15:00+00:00,78984.96875,79101.8125,78979.7265625,79099.9921875,0
2026-05-16 01:30:00+00:00,78977.6015625,79018.1875,78966.453125,78984.9765625,44240896
2026-05-16 01:45:00+00:00,79113.3828125,79137.453125,78977.6015625,78980.703125,80715776
2026-05-16 02:00:00+00:00,79144.0078125,79157.7421875,79055.390625,79125.3125,42110976
2026-05-16 02:15:00+00:00,79101.2734375,79160.8515625,79089.2265625,79144.0,0
2026-05-16 02:30:00+00:00,79032.8515625,79101.2578125,79022.03125,79097.2578125,46792704
2026-05-16 02:45:00+00:00,79094.109375,79101.5703125,79019.2421875,79019.2421875,0
2026-05-16 03:00:00+00:00,79101.9921875,79146.0078125,79081.4921875,79094.1015625,0
2026-05-16 03:15:00+00:00,79130.53125,79141.359375,79096.609375,79102.8984375,246833152
2026-05-16 03:30:00+00:00,79027.0390625,79130.53125,79027.0390625,79130.53125,0
2026-05-16 03:45:00+00:00,79025.9375,79085.78125,79009.03125,79027.0390625,91279360
2026-05-16 04:00:00+00:00,79031.609375,79085.3203125,78992.9921875,79018.1796875,14827520
2026-05-16 04:15:00+00:00,78997.25,79051.96875,78996.7265625,79031.609375,14454784
2026-05-16 04:30:00+00:00,78948.8828125,79009.859375,78826.578125,79001.0078125,126152704
2026-05-16 04:45:00+00:00,78996.953125,78999.9921875,78925.6015625,78949.0078125,33046528
2026-05-16 05:00:00+00:00,78996.9921875,78999.953125,78894.6875,78996.9375,0
2026-05-16 05:15:00+00:00,78995.1796875,78996.9921875,78976.953125,78984.96875,38305792
2026-05-16 05:30:00+00:00,78955.0078125,78999.9921875,78904.5625,78983.7890625,0
2026-05-16 05:45:00+00:00,78997.703125,78997.703125,78928.3671875,78966.171875,23164928
2026-05-16 06:00:00+00:00,78896.171875,79017.0390625,78888.8828125,78998.0,0
2026-05-16 06:15:00+00:00,78782.8515625,78889.9921875,78755.09375,78889.0390625,122843136
2026-05-16 06:30:00+00:00,78701.9765625,78862.828125,78696.8984375,78782.8515625,40222720
2026-05-16 06:45:00+00:00,78598.046875,78745.1875,78424.7890625,78701.9765625,263180288
2026-05-16 07:00:00+00:00,78215.421875,78601.703125,78105.84375,78600.6328125,35211264
2026-05-16 07:15:00+00:00,78426.53125,78472.8984375,78042.421875,78225.15625,829052928
2026-05-16 07:30:00+00:00,78452.359375,78522.0,78311.8125,78426.5390625,0
2026-05-16 07:45:00+00:00,78328.2421875,78469.7890625,78294.71875,78453.09375,175501312
2026-05-16 08:00:00+00:00,78378.3125,78427.09375,78296.2421875,78324.609375,44462080
2026-05-16 08:15:00+00:00,78363.9921875,78389.140625,78328.8828125,78378.3125,303116288
2026-05-16 08:30:00+00:00,78414.28125,78469.3671875,78350.2421875,78363.9921875,10948608
2026-05-16 08:45:00+00:00,78373.4609375,78425.8671875,78333.1484375,78425.859375,140277760
2026-05-16 09:00:00+00:00,78222.1328125,78398.9765625,78204.96875,78373.4765625,11401216
2026-05-16 09:15:00+00:00,78018.4296875,78227.90625,77893.09375,78227.90625,602882048
2026-05-16 09:30:00+00:00,78077.2578125,78144.8828125,78004.3515625,78021.4375,191283200
2026-05-16 09:45:00+00:00,78042.796875,78158.7109375,77973.96875,78077.421875,208220160
2026-05-16 10:00:00+00:00,77879.9765625,78064.140625,77778.1484375,78042.7890625,149790720
2026-05-16 10:15:00+00:00,77738.4609375,77923.21875,77611.359375,77879.9765625,452407296
2026-05-16 10:30:00+00:00,77855.609375,77945.7265625,77729.0234375,77729.0234375,794800128
2026-05-16 10:45:00+00:00,77931.4921875,77949.9921875,77837.828125,77855.6171875,234074112
2026-05-16 11:00:00+00:00,78049.25,78072.0,77943.7578125,77943.7578125,153239552
2026-05-16 11:15:00+00:00,78104.4296875,78131.9921875,78032.6875,78049.2578125,254930944
2026-05-16 11:30:00+00:00,78128.2109375,78157.6796875,78067.3828125,78104.4296875,215347200
2026-05-16 11:45:00+00:00,78047.6796875,78140.9921875,78042.9765625,78126.65625,57565184
2026-05-16 12:00:00+00:00,78039.0234375,78093.90625,78004.3671875,78042.9765625,119799808
2026-05-16 12:15:00+00:00,77956.0,78048.8671875,77886.3671875,78048.8671875,165412864
2026-05-16 12:30:00+00:00,78036.796875,78048.6171875,77965.1875,77965.1875,87973888
2026-05-16 12:45:00+00:00,77973.21875,78081.9609375,77973.2109375,78035.0625,71135232
2026-05-16 13:00:00+00:00,77863.75,77977.359375,77851.9609375,77973.2109375,0
2026-05-16 13:15:00+00:00,77929.0390625,77948.84375,77833.5625,77863.7265625,106455040
2026-05-16 13:30:00+00:00,77863.9921875,77935.0078125,77799.9765625,77924.0078125,0
2026-05-16 13:45:00+00:00,77981.8828125,77981.8828125,77850.140625,77863.9921875,0
2026-05-16 14:00:00+00:00,77925.890625,78005.703125,77854.921875,77997.140625,104726528
2026-05-16 14:15:00+00:00,77946.1171875,78008.640625,77867.7109375,77929.28125,0
2026-05-16 14:30:00+00:00,78186.25,78186.25,77973.9765625,77982.9375,0
2026-05-16 14:45:00+00:00,78094.59375,78283.546875,78068.421875,78177.078125,0
2026-05-16 15:00:00+00:00,78089.0234375,78185.2109375,78040.0,78091.578125,0
2026-05-16 15:15:00+00:00,78080.671875,78158.0,78051.3515625,78089.0234375,76140544
2026-05-16 15:30:00+00:00,78177.65625,78201.34375,78111.6484375,78111.6484375,0
2026-05-16 15:45:00+00:00,78201.4296875,78249.9921875,78173.796875,78179.2265625,125315072
2026-05-16 16:00:00+00:00,78206.8671875,78328.8671875,78158.1328125,78185.7890625,0
2026-05-16 16:15:00+00:00,78249.4609375,78303.0078125,78175.171875,78206.3515625,23595008
2026-05-16 16:30:00+00:00,78113.6015625,78280.3203125,78099.7109375,78249.453125,8849408
2026-05-16 16:45:00+00:00,78177.84375,78192.2421875,78115.4921875,78126.9609375,40454144
2026-05-16 17:00:00+00:00,78242.9609375,78245.9375,78168.1171875,78177.84375,0
2026-05-16 17:15:00+00:00,78262.203125,78292.2734375,78185.0078125,78242.9609375,63649792
2026-05-16 17:30:00+00:00,78247.7578125,78293.53125,78236.90625,78262.203125,18874368
2026-05-16 17:45:00+00:00,78169.609375,78267.171875,78169.609375,78242.4375,1742848
2026-05-16 18:00:00+00:00,78169.2734375,78213.578125,78139.09375,78168.25,36048896
2026-05-16 18:15:00+00:00,78177.65625,78190.2890625,78113.1796875,78170.21875,0
2026-05-16 18:30:00+00:00,78221.5703125,78245.0390625,78157.140625,78177.671875,0
2026-05-16 18:45:00+00:00,78196.9375,78299.0234375,78185.1015625,78209.1328125,58748928
2026-05-16 19:00:00+00:00,78211.0390625,78233.390625,78169.796875,78212.8203125,0
2026-05-16 19:15:00+00:00,78246.84375,78268.0625,78187.96875,78211.03125,199966720
2026-05-16 19:30:00+00:00,78236.09375,78272.28125,78230.0,78246.84375,61153280
2026-05-16 19:45:00+00:00,78234.3984375,78277.2421875,78193.859375,78235.7734375,0
2026-05-16 20:00:00+00:00,78265.0078125,78271.6875,78226.40625,78250.0,0
2026-05-16 20:15:00+00:00,78247.75,78289.5,78247.75,78272.078125,91766784
2026-05-16 20:30:00+00:00,78192.5703125,78250.0,78166.5703125,78247.75,0
2026-05-16 20:45:00+00:00,78205.1875,78241.796875,78180.9609375,78193.296875,14520320
2026-05-16 21:00:00+00:00,78262.0078125,78273.3671875,78197.6875,78197.6875,84541440
2026-05-16 21:15:00+00:00,78232.7265625,78259.03125,78200.0,78257.5625,124778496
2026-05-16 21:30:00+00:00,78243.46875,78243.46875,78177.0078125,78240.71875,0
2026-05-16 21:45:00+00:00,78232.34375,78260.0,78213.59375,78243.4609375,161792
2026-05-16 22:00:00+00:00,78210.8125,78238.2890625,78125.109375,78226.40625,46686208
2026-05-16 22:15:00+00:00,78229.0078125,78246.96875,78204.203125,78204.203125,0
2026-05-16 22:30:00+00:00,78183.4296875,78238.53125,78180.0,78229.0078125,0
2026-05-16 22:45:00+00:00,78148.21875,78194.953125,78148.21875,78183.4375,156399616
2026-05-16 23:00:00+00:00,78158.5625,78169.1484375,78120.0078125,78152.7421875,0
2026-05-16 23:15:00+00:00,78191.8515625,78233.609375,78165.6484375,78165.6484375,0
2026-05-16 23:30:00+00:00,78178.0,78209.9921875,78161.15625,78191.859375,589905920
2026-05-16 23:45:00+00:00,78105.4609375,78191.9921875,78086.7109375,78186.4375,137216
2026-05-17 00:00:00+00:00,78151.1875,78203.9375,78106.296875,78106.296875,19449856
2026-05-17 00:15:00+00:00,78156.9296875,78179.53125,78101.0,78149.9921875,173881344
2026-05-17 00:30:00+00:00,78102.5625,78198.0703125,78082.2109375,78149.421875,0
2026-05-17 00:45:00+00:00,77906.1328125,78118.5234375,77779.6875,78118.5078125,40855552
2026-05-17 01:00:00+00:00,78021.453125,78074.3984375,77800.7421875,77936.203125,171026432
2026-05-17 01:15:00+00:00,77958.2421875,78054.2890625,77889.9765625,78021.453125,201066496
2026-05-17 01:30:00+00:00,77759.8671875,77978.7109375,77704.9609375,77953.1171875,61802496
2026-05-17 01:45:00+00:00,77709.7265625,77844.7109375,77693.25,77762.1015625,199614464
2026-05-17 02:00:00+00:00,77838.890625,77893.328125,77693.25,77693.25,95619072
2026-05-17 02:15:00+00:00,77867.703125,77900.25,77806.3984375,77838.8984375,49876992
2026-05-17 02:30:00+00:00,77886.3671875,77909.4921875,77824.2890625,77869.59375,118085632
2026-05-17 02:45:00+00:00,77866.78125,77901.8828125,77820.7734375,77882.5390625,0
2026-05-17 03:00:00+00:00,77934.0390625,77978.2734375,77855.2734375,77855.2734375,169021440
2026-05-17 03:15:00+00:00,77973.4296875,77983.2578125,77927.5,77934.046875,0
2026-05-17 03:30:00+00:00,77996.890625,78038.9921875,77948.953125,77967.953125,5525504
2026-05-17 03:45:00+00:00,77993.2421875,78054.0078125,77966.5703125,77996.890625,21950464
2026-05-17 04:00:00+00:00,78025.5390625,78060.15625,77971.9765625,77993.2421875,52824064
2026-05-17 04:15:00+00:00,78062.6875,78114.5703125,78025.5390625,78025.5390625,7022592
2026-05-17 04:30:00+00:00,78152.9609375,78163.4921875,78022.4921875,78051.34375,0
2026-05-17 04:45:00+00:00,78124.0,78170.8984375,78114.7421875,78150.4921875,65101824
2026-05-17 05:00:00+00:00,78208.0078125,78278.203125,78111.9375,78118.21875,94160896
2026-05-17 05:15:00+00:00,78149.921875,78222.1171875,78141.0,78208.0,95078400
2026-05-17 05:30:00+00:00,78125.0078125,78181.796875,78124.96875,78149.9296875,81956864
2026-05-17 05:45:00+00:00,78098.4765625,78146.2265625,78074.1015625,78134.6796875,0
2026-05-17 06:00:00+00:00,78160.0390625,78182.609375,78106.828125,78106.828125,0
2026-05-17 06:15:00+00:00,78051.8984375,78177.3125,77977.2734375,78160.0390625,0
2026-05-17 06:30:00+00:00,78013.9765625,78098.296875,78012.796875,78051.8984375,0
2026-05-17 06:45:00+00:00,78077.5703125,78077.5703125,78011.4296875,78012.1484375,13508608
2026-05-17 07:00:00+00:00,78061.9765625,78090.15625,78045.0,78077.578125,0
2026-05-17 07:15:00+00:00,78091.4609375,78118.7265625,78028.09375,78060.0,0
2026-05-17 07:30:00+00:00,78119.9921875,78177.9921875,78076.9609375,78100.5703125,0
2026-05-17 07:45:00+00:00,78152.1328125,78162.3515625,78119.9921875,78120.0,0
2026-05-17 08:00:00+00:00,78118.59375,78169.640625,78108.0,78153.8125,0
2026-05-17 08:15:00+00:00,78042.5390625,78119.921875,78026.03125,78118.6015625,8441856
2026-05-17 08:30:00+00:00,78074.9765625,78083.9609375,78000.09375,78039.8125,0
2026-05-17 08:45:00+00:00,78058.1875,78076.40625,78038.421875,78074.9765625,0
2026-05-17 09:00:00+00:00,78092.4921875,78107.859375,78033.4375,78063.9921875,0
2026-05-17 09:15:00+00:00,78109.5234375,78121.7734375,78065.453125,78092.5,0
2026-05-17 09:30:00+00:00,78095.09375,78112.28125,78059.8671875,78112.2734375,0
2026-05-17 09:45:00+00:00,78217.3125,78267.0078125,78100.171875,78100.171875,0
2026-05-17 10:00:00+00:00,78408.640625,78490.0,78217.3125,78217.3203125,0
2026-05-17 10:15:00+00:00,78495.40625,78552.0234375,78372.6171875,78408.640625,84719616
2026-05-17 10:30:00+00:00,78460.03125,78508.2109375,78388.609375,78478.328125,0
2026-05-17 10:45:00+00:00,78431.359375,78449.296875,78391.0,78439.8984375,0
2026-05-17 11:00:00+00:00,78333.15625,78439.6796875,78333.1484375,78435.6171875,0
2026-05-17 11:15:00+00:00,78312.75,78347.4609375,78277.6484375,78333.15625,0
2026-05-17 11:30:00+00:00,78372.6171875,78405.7421875,78260.5625,78312.7578125,20387840
2026-05-17 11:45:00+00:00,78382.0,78435.609375,78350.25,78374.4921875,35639296
2026-05-17 12:00:00+00:00,78348.578125,78427.09375,78341.6875,78382.0,0
2026-05-17 12:15:00+00:00,78395.2265625,78405.7421875,78307.53125,78358.1484375,0
2026-05-17 12:30:00+00:00,78449.9765625,78508.2109375,78376.8125,78395.2265625,75075584
2026-05-17 12:45:00+00:00,78332.3828125,78462.1171875,78299.0,78439.90625,21108736
2026-05-17 13:00:00+00:00,78231.6015625,78333.953125,78231.0078125,78332.3828125,0
2026-05-17 13:15:00+00:00,78259.453125,78259.453125,78142.90625,78226.3984375,0
2026-05-17 13:30:00+00:00,78230.3515625,78316.0625,78211.2578125,78259.453125,19013632
2026-05-17 13:45:00+00:00,78175.09375,78262.8671875,78146.6875,78230.0,22296576
2026-05-17 14:00:00+00:00,78044.109375,78180.203125,78026.0,78175.09375,20328448
2026-05-17 14:15:00+00:00,78025.71875,78080.546875,77815.328125,78044.1015625,109811712
2026-05-17 14:30:00+00:00,77980.0078125,78042.7734375,77932.6875,78013.3671875,0
2026-05-17 14:45:00+00:00,78014.7421875,78054.59375,77987.28125,77987.28125,0
2026-05-17 15:00:00+00:00,78055.609375,78092.171875,77970.703125,78000.1015625,14379008
2026-05-17 15:15:00+00:00,77959.2578125,78055.609375,77885.2734375,78055.609375,17045504
2026-05-17 15:30:00+00:00,78003.84375,78031.953125,77950.1171875,77959.25,45606912
2026-05-17 15:45:00+00:00,78012.8984375,78035.34375,77985.6875,77995.9765625,108294144
2026-05-17 16:00:00+00:00,78034.8828125,78089.296875,78013.71875,78016.1796875,0
2026-05-17 16:15:00+00:00,78109.1796875,78111.84375,78010.2109375,78034.8828125,0
2026-05-17 16:30:00+00:00,78140.0078125,78159.3203125,78071.1484375,78109.65625,3655680
2026-05-17 16:45:00+00:00,78001.9921875,78140.0078125,77992.0078125,78140.0078125,24766464
2026-05-17 17:00:00+00:00,77887.9921875,78021.4375,77853.4765625,78013.8125,59447296
2026-05-17 17:15:00+00:00,77948.3515625,77958.8203125,77831.6484375,77889.5234375,86458368
2026-05-17 17:30:00+00:00,78019.6171875,78019.96875,77872.0,77962.0,22835200
2026-05-17 17:45:00+00:00,78056.2109375,78064.78125,77991.5625,78019.6171875,0
2026-05-17 18:00:00+00:00,78085.4921875,78215.1171875,78038.8203125,78051.34375,63569920
2026-05-17 18:15:00+00:00,78098.3125,78113.90625,77966.0078125,78095.0,61947904
2026-05-17 18:30:00+00:00,78089.7734375,78144.03125,78081.6171875,78098.046875,45053952
2026-05-17 18:45:00+00:00,78226.3984375,78238.171875,78081.21875,78085.4921875,32487424
2026-05-17 19:00:00+00:00,78231.21875,78254.421875,78192.5078125,78232.0078125,72184832
2026-05-17 19:15:00+00:00,78180.3515625,78278.96875,78180.3515625,78225.796875,48878592
2026-05-17 19:30:00+00:00,78339.0234375,78369.8125,78166.6328125,78180.359375,6810624
2026-05-17 19:45:00+00:00,78393.9765625,78429.5703125,78307.53125,78342.4921875,26509312
2026-05-17 20:00:00+00:00,78294.3828125,78402.5,78293.03125,78368.7265625,211299328
2026-05-17 20:15:00+00:00,78259.40625,78307.5078125,78208.6015625,78290.9375,66875392
2026-05-17 20:30:00+00:00,78243.4921875,78337.578125,78205.0,78259.40625,75232256
2026-05-17 20:45:00+00:00,78226.3984375,78262.890625,78226.3984375,78245.1015625,79523840
2026-05-17 21:00:00+00:00,78265.8515625,78267.2265625,78196.5234375,78228.0,0
2026-05-17 21:15:00+00:00,78400.140625,78403.296875,78222.9375,78265.8671875,40090624
2026-05-17 21:30:00+00:00,78389.78125,78450.0,78331.6171875,78411.1328125,140486656
2026-05-17 21:45:00+00:00,78364.1171875,78437.2890625,78350.2265625,78390.4296875,89135104
2026-05-17 22:00:00+00:00,78066.609375,78367.2578125,77917.28125,78317.78125,126398464
2026-05-17 22:15:00+00:00,77933.53125,78094.0390625,77896.1328125,78094.0390625,180267008
2026-05-17 22:30:00+00:00,78002.59375,78081.2109375,77900.0078125,77940.359375,355938304
2026-05-17 22:45:00+00:00,77953.8984375,78002.578125,77796.71875,78002.578125,173967360
2026-05-17 23:00:00+00:00,77806.359375,77951.9609375,77725.9921875,77920.0078125,206194688
2026-05-17 23:15:00+00:00,77795.6015625,77929.5390625,77643.28125,77803.9765625,237539328
2026-05-17 23:30:00+00:00,77184.0390625,77850.6015625,76727.5078125,77795.59375,819136512
2026-05-17 23:45:00+00:00,77411.390625,77485.7734375,77073.5,77198.8828125,1424461824
2026-05-18 00:00:00+00:00,77141.9921875,77429.8515625,76869.828125,77408.0,542007296
2026-05-18 00:15:00+00:00,77106.0234375,77275.75,77057.96875,77161.703125,526239744
2026-05-18 00:30:00+00:00,76975.296875,77173.8671875,76928.0,77083.859375,302536704
2026-05-18 00:45:00+00:00,77166.1328125,77180.0,76911.0078125,76958.2109375,263843840
2026-05-18 01:00:00+00:00,77023.703125,77227.7109375,77023.703125,77146.1015625,88489984
2026-05-18 01:15:00+00:00,76848.0234375,77013.296875,76814.2578125,77013.296875,163184640
2026-05-18 01:30:00+00:00,76788.9296875,76877.9921875,76729.921875,76838.0,306063360
2026-05-18 01:45:00+00:00,77068.03125,77120.9375,76714.40625,76783.21875,227753984
2026-05-18 02:00:00+00:00,77114.203125,77170.0078125,77003.7578125,77064.6875,203567104
2026-05-18 02:15:00+00:00,76991.9375,77123.5390625,76916.78125,77114.3125,115800064
2026-05-18 02:30:00+00:00,76830.0,77007.9921875,76787.421875,76975.2890625,119115776
2026-05-18 02:45:00+00:00,76787.40625,76888.34375,76659.4765625,76830.3828125,492034048
2026-05-18 03:00:00+00:00,76832.9375,76971.0078125,76787.40625,76787.40625,498489344
2026-05-18 03:15:00+00:00,76918.6875,76952.0,76800.2265625,76832.9609375,113045504
2026-05-18 03:30:00+00:00,76953.9375,76960.9765625,76759.6484375,76915.5078125,265205760
2026-05-18 03:45:00+00:00,76880.640625,76966.5,76837.9921875,76953.59375,136314880
2026-05-18 04:00:00+00:00,76975.296875,76989.71875,76877.9765625,76877.9765625,244242432
2026-05-18 04:15:00+00:00,76766.7421875,76985.1796875,76731.3828125,76971.03125,135256064
2026-05-18 04:30:00+00:00,76955.9921875,76956.1875,76731.90625,76766.3515625,97599488
2026-05-18 04:45:00+00:00,76988.109375,77020.1171875,76872.8203125,76961.15625,117059584
2026-05-18 05:00:00+00:00,76986.3125,77032.4609375,76953.9375,76993.9765625,89550848
2026-05-18 05:15:00+00:00,76988.046875,77013.046875,76880.0,76968.65625,83269632
2026-05-18 05:30:00+00:00,76859.9921875,77023.8125,76847.1875,77004.6484375,91162624
2026-05-18 05:45:00+00:00,76872.8125,76934.21875,76837.6171875,76845.0,237215744
2026-05-18 06:00:00+00:00,76832.0703125,76909.5078125,76540.0390625,76868.5390625,202250240
2026-05-18 06:15:00+00:00,76689.203125,76920.71875,76670.0,76832.9765625,507744256
2026-05-18 06:30:00+00:00,76774.59375,76793.140625,76618.5234375,76682.0390625,178352128
2026-05-18 06:45:00+00:00,76865.4765625,76904.0,76785.421875,76794.3125,55468032
2026-05-18 07:00:00+00:00,76895.5078125,76945.140625,76825.84375,76895.0,423065600
2026-05-18 07:15:00+00:00,76986.703125,77020.1328125,76717.8671875,76887.328125,197828608
2026-05-18 07:30:00+00:00,76914.7734375,77030.7890625,76877.09375,76988.2421875,548007936
2026-05-18 07:45:00+00:00,77021.46875,77029.6484375,76914.7734375,76914.7734375,475179008
2026-05-18 08:00:00+00:00,76984.8125,77120.0390625,76965.09375,77035.0625,410251264
2026-05-18 08:15:00+00:00,76916.6875,77012.96875,76900.90625,76968.2421875,372406272
2026-05-18 08:30:00+00:00,76893.5234375,76938.2421875,76830.8515625,76922.09375,186898432
2026-05-18 08:45:00+00:00,76972.078125,76986.34375,76835.5078125,76897.921875,269606912
2026-05-18 09:00:00+00:00,76849.5390625,76994.28125,76819.1171875,76972.078125,170127360
2026-05-18 09:15:00+00:00,76913.2890625,76931.109375,76841.28125,76841.28125,113993728
2026-05-18 09:30:00+00:00,76901.2109375,76966.0078125,76844.859375,76895.53125,155959296
2026-05-18 09:45:00+00:00,76884.8515625,76944.578125,76860.7265625,76905.703125,179326976
2026-05-18 10:00:00+00:00,76737.828125,76900.3203125,76723.4296875,76897.5078125,490745856
2026-05-18 10:15:00+00:00,76768.1875,76781.9921875,76662.71875,76728.1015625,37924864
2026-05-18 10:30:00+00:00,76766.84375,76811.9765625,76716.5,76774.796875,149413888
2026-05-18 10:45:00+00:00,76717.2578125,76852.0390625,76715.796875,76799.9765625,149303296
2026-05-18 11:00:00+00:00,76707.7265625,76742.34375,76608.0703125,76729.8125,237205504
2026-05-18 11:15:00+00:00,76766.171875,76822.2421875,76700.40625,76700.40625,159401984
2026-05-18 11:30:00+00:00,77307.90625,77347.5703125,76734.5703125,76766.171875,275910656
2026-05-18 11:45:00+00:00,77238.5078125,77325.84375,77167.078125,77325.84375,569010176
2026-05-18 12:00:00+00:00,77385.328125,77440.8828125,77227.640625,77251.6015625,280377344
2026-05-18 12:15:00+00:00,77296.71875,77502.0,77263.9921875,77406.0,139444224
2026-05-18 12:30:00+00:00,77694.5078125,77694.5078125,77253.96875,77289.53125,321138688
2026-05-18 12:45:00+00:00,77610.71875,77764.28125,77547.3984375,77715.71875,349599744
2026-05-18 13:00:00+00:00,77468.296875,77611.4609375,77419.4765625,77602.171875,491849728
2026-05-18 13:15:00+00:00,77236.59375,77451.2578125,77236.59375,77450.390625,78479360
2026-05-18 13:30:00+00:00,76746.390625,77226.21875,76711.0234375,77148.0,642070528
2026-05-18 13:45:00+00:00,76885.59375,77096.421875,76657.9921875,76754.7734375,350228480
2026-05-18 14:00:00+00:00,76653.3828125,76910.2265625,76624.703125,76872.203125,1246402560
2026-05-18 14:15:00+00:00,76598.03125,76781.953125,76393.0078125,76648.90625,635955200
2026-05-18 14:30:00+00:00,76423.1484375,76670.859375,76189.9921875,76619.453125,640813056
2026-05-18 14:45:00+00:00,76343.8984375,76452.5390625,76269.2578125,76452.5390625,735318016
2026-05-18 15:00:00+00:00,76257.796875,76368.0,76068.4921875,76338.046875,1125122048
2026-05-18 15:15:00+00:00,76034.390625,76258.96875,76012.90625,76221.5625,566185984
2026-05-18 15:30:00+00:00,76262.5390625,76299.96875,76001.96875,76034.0,585003008
2026-05-18 15:45:00+00:00,76338.546875,76418.0078125,76216.0,76272.53125,452718592
2026-05-18 16:00:00+00:00,76435.71875,76496.546875,76176.7734375,76319.0625,416796672
2026-05-18 16:15:00+00:00,76206.921875,76589.453125,76149.9921875,76458.8984375,667979776
2026-05-18 16:30:00+00:00,76390.6328125,76471.21875,76172.0,76216.9375,847085568
2026-05-18 16:45:00+00:00,76348.71875,76472.0078125,76328.0390625,76410.0,545710080
2026-05-18 17:00:00+00:00,76495.953125,76574.0234375,76312.2734375,76349.3203125,224129024
2026-05-18 17:15:00+00:00,76607.1875,76636.0078125,76497.4921875,76497.4921875,323309568
2026-05-18 17:30:00+00:00,76605.4296875,76615.9765625,76490.96875,76612.6171875,94134272
2026-05-18 17:45:00+00:00,76647.2578125,76699.9921875,76577.9921875,76599.828125,240537600
2026-05-18 18:00:00+00:00,76381.7109375,76639.578125,76361.140625,76627.046875,237510656
2026-05-18 18:15:00+00:00,76294.71875,76387.1171875,76079.9921875,76355.2578125,98926592
2026-05-18 18:30:00+00:00,76261.0234375,76353.2578125,76195.65625,76294.7265625,474116096
2026-05-18 18:45:00+00:00,76179.2265625,76314.0390625,76146.3984375,76261.9921875,493182976
2026-05-18 19:00:00+00:00,76550.2578125,76800.40625,76187.7734375,76187.7734375,668553216
2026-05-18 19:15:00+00:00,76569.2421875,76625.4609375,76493.9921875,76562.078125,338980864
2026-05-18 19:30:00+00:00,76826.2109375,76846.9296875,76552.0,76552.0,222068736
2026-05-18 19:45:00+00:00,76857.8828125,76926.7734375,76763.0234375,76867.65625,177479680
2026-05-18 20:00:00+00:00,76996.4609375,77012.4921875,76820.9921875,76905.0,336723968
2026-05-18 20:15:00+00:00,77073.4375,77101.2421875,76984.859375,76991.5390625,69206016
2026-05-18 20:30:00+00:00,76901.0390625,77120.2109375,76901.0390625,77067.0234375,82825216
2026-05-18 20:45:00+00:00,76847.96875,76990.96875,76828.0078125,76910.0,475910144
2026-05-18 21:00:00+00:00,76859.40625,76960.6796875,76743.9296875,76855.3671875,273158144
2026-05-18 21:15:00+00:00,76972.140625,77029.90625,76859.40625,76859.40625,48795648
2026-05-18 21:30:00+00:00,76975.296875,77127.046875,76916.6796875,76969.8125,293715968
2026-05-18 21:45:00+00:00,77048.5390625,77074.28125,76928.5,76988.21875,230047744
2026-05-18 22:00:00+00:00,77088.8515625,77112.671875,76990.15625,77059.0625,89202688
2026-05-18 22:15:00+00:00,77086.1484375,77171.9765625,77034.578125,77079.0234375,11157504
2026-05-18 22:30:00+00:00,76995.4375,77112.75,76975.4296875,77111.9921875,0
2026-05-18 22:45:00+00:00,77020.3828125,77026.4296875,76893.9765625,76991.9765625,329158656
2026-05-18 23:00:00+00:00,77025.828125,77109.9765625,77005.0,77005.0,146739200
2026-05-18 23:15:00+00:00,76976.4765625,77027.9921875,76961.9765625,77025.8203125,118960128
2026-05-18 23:30:00+00:00,77062.078125,77063.3125,76918.21875,76956.078125,139165696
2026-05-18 23:45:00+00:00,76942.7109375,77062.0703125,76881.3125,77062.0703125,0
2026-05-19 00:00:00+00:00,77050.359375,77099.9921875,76899.9765625,76952.46875,0
2026-05-19 00:15:00+00:00,77159.1796875,77347.2890625,77033.0,77048.8515625,63590400
2026-05-19 00:30:00+00:00,77123.8984375,77205.9921875,77057.9921875,77173.7890625,114728960
2026-05-19 00:45:00+00:00,77079.5234375,77252.1484375,77079.5234375,77123.8984375,0
2026-05-19 01:00:00+00:00,77061.0234375,77099.6875,76981.5,77074.28125,89677824
2026-05-19 01:15:00+00:00,76705.34375,77070.328125,76649.9765625,77064.9921875,0
2026-05-19 01:30:00+00:00,76798.4765625,76872.53125,76621.7265625,76669.0,67317760
2026-05-19 01:45:00+00:00,76603.7734375,76807.2734375,76603.7734375,76807.2578125,213954560
2026-05-19 02:00:00+00:00,76661.578125,76661.578125,76428.1171875,76600.0,45727744
2026-05-19 02:15:00+00:00,76759.0703125,76934.21875,76609.078125,76655.9921875,251215872
2026-05-19 02:30:00+00:00,76689.953125,76782.609375,76674.1484375,76759.3125,148824064
2026-05-19 02:45:00+00:00,76550.2578125,76731.5,76538.203125,76687.3125,54489088
2026-05-19 03:00:00+00:00,76710.0,76715.203125,76521.359375,76534.5,0
2026-05-19 03:15:00+00:00,76690.03125,76803.421875,76632.6171875,76712.03125,200036352
2026-05-19 03:30:00+00:00,76786.2265625,76790.0078125,76682.2109375,76696.0390625,0
2026-05-19 03:45:00+00:00,76721.9921875,76800.0,76693.421875,76781.25,8458240
2026-05-19 04:00:00+00:00,76824.609375,76879.25,76660.578125,76715.75,94265344
2026-05-19 04:15:00+00:00,76673.0625,76824.6015625,76633.921875,76824.6015625,247848960
2026-05-19 04:30:00+00:00,76813.2109375,76845.8125,76672.3984375,76674.9765625,360284160
2026-05-19 04:45:00+00:00,76855.2890625,76879.5625,76795.8125,76811.59375,2580480
2026-05-19 05:00:00+00:00,76798.0078125,76877.9296875,76774.84375,76859.5078125,0
2026-05-19 05:15:00+00:00,76761.328125,76802.40625,76577.84375,76802.40625,328826880
2026-05-19 05:30:00+00:00,76845.7890625,76942.890625,76707.859375,76748.0234375,119042048
2026-05-19 05:45:00+00:00,76846.9921875,76918.1015625,76808.0078125,76847.9921875,185950208
2026-05-19 06:00:00+00:00,76928.5,76946.609375,76822.1328125,76844.53125,0
2026-05-19 06:15:00+00:00,76948.203125,76980.21875,76877.28125,76940.3125,0
2026-05-19 06:30:00+00:00,77018.359375,77043.1796875,76871.53125,76944.25,202526720
2026-05-19 06:45:00+00:00,76965.7421875,77029.4921875,76957.65625,77018.359375,0
2026-05-19 07:00:00+00:00,77081.21875,77081.21875,76908.796875,76944.2578125,53182464
2026-05-19 07:15:00+00:00,77072.0234375,77196.0234375,77046.0234375,77090.03125,154705920
2026-05-19 07:30:00+00:00,77197.03125,77212.171875,77072.0078125,77081.8203125,25538560
2026-05-19 07:45:00+00:00,77178.0,77219.8203125,77153.15625,77187.359375,0
2026-05-19 08:00:00+00:00,77051.5625,77187.0,76983.65625,77169.9375,76976128
2026-05-19 08:15:00+00:00,77008.6875,77125.5,76902.640625,77053.1015625,188608512
2026-05-19 08:30:00+00:00,77111.25,77242.40625,76958.3203125,77003.421875,980537344
2026-05-19 08:45:00+00:00,76982.0703125,77149.7734375,76978.4921875,77103.1796875,57835520
2026-05-19 09:00:00+00:00,76963.390625,76997.4765625,76933.0,76982.0703125,378499072
2026-05-19 09:15:00+00:00,76698.2578125,76954.75,76668.046875,76954.75,165552128
2026-05-19 09:30:00+00:00,76726.7421875,76788.4921875,76636.5078125,76703.0,236810240
2026-05-19 09:45:00+00:00,76746.859375,76772.5625,76678.2890625,76724.9921875,64536576
2026-05-19 10:00:00+00:00,76734.3515625,76806.0234375,76691.1484375,76732.7421875,293785600
2026-05-19 10:15:00+00:00,76763.78125,76770.7890625,76672.4375,76736.6015625,304779264
2026-05-19 10:30:00+00:00,76678.4609375,76906.109375,76666.9921875,76772.328125,259874816
2026-05-19 10:45:00+00:00,76969.46875,77024.65625,76635.9921875,76679.9375,38731776
2026-05-19 11:00:00+00:00,76917.2734375,77011.421875,76902.5,76982.078125,289026048
2026-05-19 11:15:00+00:00,76808.96875,76952.28125,76775.859375,76928.9375,467648512
2026-05-19 11:30:00+00:00,76594.7265625,76819.9921875,76577.8984375,76808.96875,161402880
2026-05-19 11:45:00+00:00,76641.296875,76687.7890625,76597.890625,76600.9765625,269131776
2026-05-19 12:00:00+00:00,76718.09375,76720.46875,76573.0703125,76634.0,35889152
2026-05-19 12:15:00+00:00,76779.9375,76779.9609375,76681.5078125,76718.09375,20127744
2026-05-19 12:30:00+00:00,76831.4375,76879.9921875,76771.5390625,76779.953125,7839744
2026-05-19 12:45:00+00:00,76861.5234375,76914.0078125,76812.1796875,76833.0078125,52482048
2026-05-19 13:00:00+00:00,76758.1484375,76907.2421875,76680.8828125,76874.0,0
2026-05-19 13:15:00+00:00,76531.3828125,76774.25,76509.8671875,76749.53125,146124800
2026-05-19 13:30:00+00:00,76654.0,76987.9921875,76513.0078125,76550.1875,211918848
2026-05-19 13:45:00+00:00,76797.9921875,76942.7734375,76654.34375,76670.7890625,122597376
2026-05-19 14:00:00+00:00,76541.5,76937.0625,76541.5,76806.609375,0
2026-05-19 14:15:00+00:00,76375.046875,76569.4765625,76244.0,76538.078125,149637120
2026-05-19 14:30:00+00:00,76393.3828125,76499.9921875,76195.9765625,76398.046875,42078208
2026-05-19 14:45:00+00:00,76315.96875,76403.7421875,76075.9765625,76380.0625,65753088
2026-05-19 15:00:00+00:00,76519.953125,76519.953125,76256.0,76302.46875,0
2026-05-19 15:15:00+00:00,76426.359375,76602.2421875,76332.796875,76536.0078125,9648128
2026-05-19 15:30:00+00:00,76406.796875,76592.0078125,76370.8125,76423.3671875,237369344
2026-05-19 15:45:00+00:00,76441.421875,76509.1171875,76345.0390625,76427.5,0
2026-05-19 16:00:00+00:00,76389.0390625,76514.0078125,76331.328125,76452.6171875,16031744
2026-05-19 16:15:00+00:00,76543.78125,76543.9921875,76384.921875,76403.7421875,0
2026-05-19 16:30:00+00:00,76721.078125,76721.078125,76546.25,76546.25,0
2026-05-19 16:45:00+00:00,76819.9296875,76856.03125,76672.109375,76731.4921875,0
2026-05-19 17:00:00+00:00,76890.4296875,76909.796875,76799.6484375,76842.0234375,45162496
2026-05-19 17:15:00+00:00,76814.3203125,76948.9375,76805.9296875,76888.9921875,40101888
2026-05-19 17:30:00+00:00,76836.4375,76943.890625,76680.2734375,76804.671875,215189504
2026-05-19 17:45:00+00:00,76778.21875,76834.09375,76684.0,76834.09375,299694080
2026-05-19 18:00:00+00:00,76847.078125,76875.9765625,76730.15625,76766.0390625,20381696
2026-05-19 18:15:00+00:00,76692.71875,76881.9296875,76688.7421875,76840.0,55867392
2026-05-19 18:30:00+00:00,76769.5078125,76790.3125,76664.4375,76701.2890625,0
2026-05-19 18:45:00+00:00,76728.2890625,76820.2734375,76690.6171875,76779.0,0
2026-05-19 19:00:00+00:00,76983.296875,76989.9921875,76728.2890625,76728.2890625,5892096
2026-05-19 19:15:00+00:00,76738.3515625,76993.0703125,76687.9921875,76985.2265625,0
2026-05-19 19:30:00+00:00,76806.09375,76842.7578125,76716.1328125,76759.09375,281403392
2026-05-19 19:45:00+00:00,76754.046875,76821.4921875,76702.28125,76798.0078125,7849984
2026-05-19 20:00:00+00:00,76878.7421875,76888.3671875,76752.046875,76773.4375,0
2026-05-19 20:15:00+00:00,76861.15625,76889.609375,76831.2578125,76877.8515625,0
2026-05-19 20:30:00+00:00,76871.7421875,76922.0234375,76858.140625,76868.5390625,106971136
2026-05-19 20:45:00+00:00,76953.3515625,76979.53125,76871.796875,76873.2890625,0
2026-05-19 21:00:00+00:00,76945.25,76969.9765625,76901.0703125,76948.890625,83406848
2026-05-19 21:15:00+00:00,76935.7265625,76978.9609375,76915.8203125,76952.8515625,72765440
2026-05-19 21:30:00+00:00,76961.046875,76974.9765625,76922.1171875,76935.7265625,115775488
2026-05-19 21:45:00+00:00,76910.0078125,76969.109375,76910.0078125,76957.546875,0
2026-05-19 22:00:00+00:00,76708.4921875,76901.0390625,76708.4921875,76901.0390625,63561728
2026-05-19 22:15:00+00:00,76602.0,76704.0078125,76572.0,76689.9921875,146116608
2026-05-19 22:30:00+00:00,76683.2421875,76722.9921875,76570.3125,76599.390625,178526208
2026-05-19 22:45:00+00:00,76640.46875,76698.2421875,76625.0,76682.5078125,0
2026-05-19 23:00:00+00:00,76736.6015625,76781.0078125,76594.0078125,76608.96875,198041600
2026-05-19 23:15:00+00:00,76831.0390625,76831.046875,76727.78125,76745.96875,198187008
2026-05-19 23:30:00+00:00,76834.0,76907.7265625,76806.8984375,76840.7421875,206702592
2026-05-19 23:45:00+00:00,76764.046875,76845.3671875,76742.5390625,76838.6796875,95940608
2026-05-20 00:00:00+00:00,76494.0,76828.0,76481.7265625,76755.25,72431616
2026-05-20 00:15:00+00:00,76617.1328125,76618.0,76442.0234375,76495.296875,0
2026-05-20 00:30:00+00:00,76641.2421875,76768.203125,76544.0,76636.4921875,261738496
2026-05-20 00:45:00+00:00,76704.1796875,76704.1796875,76604.890625,76655.9375,14362624
2026-05-20 01:00:00+00:00,76796.0,76839.9921875,76631.9921875,76706.0390625,128188416
2026-05-20 01:15:00+00:00,76499.6796875,76824.6484375,76485.9921875,76783.75,204791808
2026-05-20 01:30:00+00:00,76527.2578125,76630.890625,76450.65625,76517.7421875,0
2026-05-20 01:45:00+00:00,76735.3203125,76820.5390625,76484.609375,76532.0625,24356864
2026-05-20 02:00:00+00:00,76722.0,76774.2421875,76670.0078125,76735.3203125,195610624
2026-05-20 02:15:00+00:00,76695.8828125,76834.9921875,76692.6484375,76736.2421875,159137792
2026-05-20 02:30:00+00:00,76539.9609375,76695.890625,76532.0,76695.890625,197822464
2026-05-20 02:45:00+00:00,76607.828125,76636.5,76517.75,76539.953125,78041088
2026-05-20 03:00:00+00:00,76562.8984375,76611.1328125,76519.9921875,76611.1328125,132298752
2026-05-20 03:15:00+00:00,76723.3203125,76741.3125,76536.7578125,76556.6875,332652544
2026-05-20 03:30:00+00:00,76663.9921875,76725.96875,76646.5078125,76723.3203125,252127232
2026-05-20 03:45:00+00:00,76637.609375,76684.3125,76627.0,76660.2421875,72636416
2026-05-20 04:00:00+00:00,76737.453125,76746.84375,76650.6796875,76650.6796875,196671488
2026-05-20 04:15:00+00:00,76694.1171875,76743.9765625,76690.6015625,76729.0,97638400
2026-05-20 04:30:00+00:00,76650.6484375,76698.609375,76596.3125,76686.0234375,208461824
2026-05-20 04:45:00+00:00,76695.9921875,76731.9296875,76664.9765625,76664.9765625,281602048
2026-05-20 05:00:00+00:00,77153.1875,77202.6796875,76705.9921875,76705.9921875,148021248
2026-05-20 05:15:00+00:00,77091.84375,77165.296875,77054.5078125,77165.296875,645437440
2026-05-20 05:30:00+00:00,77073.65625,77247.4921875,77073.65625,77108.3125,38017024
2026-05-20 05:45:00+00:00,77121.0,77149.4921875,77073.65625,77073.65625,302407680
2026-05-20 06:00:00+00:00,77161.6796875,77174.0,77117.0,77140.1796875,74582016
2026-05-20 06:15:00+00:00,77211.2578125,77291.9921875,77168.0625,77168.0625,92622848
2026-05-20 06:30:00+00:00,77237.5234375,77243.9921875,77168.6328125,77220.1171875,130068480
2026-05-20 06:45:00+00:00,77337.2578125,77345.75,77197.0078125,77234.0,50530304
2026-05-20 07:00:00+00:00,77304.1796875,77348.9921875,77244.5,77348.9921875,123217920
2026-05-20 07:15:00+00:00,77322.5,77401.2421875,77249.25,77304.171875,0
2026-05-20 07:30:00+00:00,77290.6484375,77325.25,77249.390625,77322.3828125,129447936
2026-05-20 07:45:00+00:00,77195.4765625,77287.0234375,77157.140625,77286.2578125,146436096
2026-05-20 08:00:00+00:00,77198.0078125,77252.0,77163.921875,77197.21875,60964864
2026-05-20 08:15:00+00:00,77200.8515625,77219.7578125,77121.9921875,77198.0,103976960
2026-05-20 08:30:00+00:00,77439.140625,77524.046875,77206.5078125,77206.5078125,225419264
2026-05-20 08:45:00+00:00,77372.4609375,77467.96875,77368.46875,77446.0390625,99938304
2026-05-20 09:00:00+00:00,77337.0078125,77400.15625,77313.0234375,77371.421875,284639232
2026-05-20 09:15:00+00:00,77411.5234375,77420.5,77280.171875,77337.0234375,152225792
2026-05-20 09:30:00+00:00,77431.0234375,77464.0,77400.6171875,77411.5234375,268783616
2026-05-20 09:45:00+00:00,77399.0390625,77442.328125,77363.6015625,77427.328125,0
2026-05-20 10:00:00+00:00,77516.03125,77523.6328125,77404.5703125,77407.8828125,285386752
2026-05-20 10:15:00+00:00,77523.4375,77554.6171875,77471.3203125,77516.0390625,166438912
2026-05-20 10:30:00+00:00,77471.2421875,77583.84375,77431.8671875,77544.421875,136675328
2026-05-20 10:45:00+00:00,77433.6484375,77513.546875,77428.7265625,77467.796875,9578496
2026-05-20 11:00:00+00:00,77391.4609375,77488.828125,77382.578125,77433.6484375,346269696
2026-05-20 11:15:00+00:00,77390.0703125,77435.6484375,77382.9765625,77401.40625,45322240
2026-05-20 11:30:00+00:00,77316.328125,77410.0078125,77277.2265625,77392.703125,172134400
2026-05-20 11:45:00+00:00,77301.6171875,77342.078125,77245.9609375,77316.34375,0
2026-05-20 12:00:00+00:00,77371.1796875,77403.96875,77281.390625,77296.140625,176687104
2026-05-20 12:15:00+00:00,77421.890625,77440.0,77295.9375,77364.9921875,0
2026-05-20 12:30:00+00:00,77449.90625,77474.0,77419.671875,77421.890625,323948544
2026-05-20 12:45:00+00:00,77549.3125,77669.9921875,77449.921875,77449.921875,101916672
2026-05-20 13:00:00+00:00,77390.8515625,77578.96875,77377.78125,77555.4375,264529920
2026-05-20 13:15:00+00:00,77225.3671875,77410.0,77194.671875,77405.53125,205875200
2026-05-20 13:30:00+00:00,77015.40625,77266.4609375,76891.7734375,77204.0078125,142518272
2026-05-20 13:45:00+00:00,77131.2578125,77282.171875,76965.8203125,77003.7734375,187002880
2026-05-20 14:00:00+00:00,77028.0,77190.296875,76819.8515625,77137.328125,3893248
2026-05-20 14:15:00+00:00,77325.140625,77467.8671875,77058.046875,77061.0234375,133804032
2026-05-20 14:30:00+00:00,77318.078125,77427.9375,77200.0,77348.0078125,289030144
2026-05-20 14:45:00+00:00,77371.6328125,77478.71875,77303.609375,77350.0078125,103112704
2026-05-20 15:00:00+00:00,77241.5234375,77394.28125,77230.7890625,77362.34375,330424320
2026-05-20 15:15:00+00:00,77486.2890625,77767.828125,77245.078125,77245.078125,532707328
2026-05-20 15:30:00+00:00,77377.7578125,77573.28125,77312.5390625,77483.90625,30543872
2026-05-20 15:45:00+00:00,77378.1484375,77509.5078125,77302.2109375,77375.5078125,76738560
2026-05-20 16:00:00+00:00,77407.1796875,77486.5625,77349.3515625,77389.9921875,495706112
2026-05-20 16:15:00+00:00,77002.3515625,77394.796875,76929.953125,77394.796875,212363264
2026-05-20 16:30:00+00:00,77251.9609375,77274.96875,76943.2734375,76998.96875,126656512
2026-05-20 16:45:00+00:00,77256.1171875,77282.171875,77163.5234375,77270.0078125,255977472
2026-05-20 17:00:00+00:00,77315.46875,77350.2578125,77139.8125,77251.3671875,66992128
2026-05-20 17:15:00+00:00,77477.5703125,77567.796875,77267.9921875,77325.3984375,52875264
2026-05-20 17:30:00+00:00,77590.796875,77639.78125,77448.2109375,77500.2734375,405551104
2026-05-20 17:45:00+00:00,77495.4609375,77642.3828125,77458.1015625,77591.40625,179372032
2026-05-20 18:00:00+00:00,77408.65625,77534.15625,77403.25,77493.7734375,303628288
2026-05-20 18:15:00+00:00,77429.9921875,77563.59375,77361.2734375,77408.6484375,324386816
2026-05-20 18:30:00+00:00,77405.296875,77486.0078125,77381.9765625,77429.078125,241080320
2026-05-20 18:45:00+00:00,77330.046875,77407.421875,77310.859375,77386.359375,82016256
2026-05-20 19:00:00+00:00,77329.9921875,77386.90625,77271.609375,77322.5625,197314560
2026-05-20 19:15:00+00:00,77483.796875,77486.546875,77295.5390625,77323.7421875,476852224
2026-05-20 19:30:00+00:00,77557.5234375,77575.3984375,77452.0390625,77506.5390625,29986816
2026-05-20 19:45:00+00:00,77600.9765625,77641.59375,77511.90625,77548.0078125,342351872
2026-05-20 20:00:00+00:00,77666.84375,77681.65625,77505.4296875,77602.0,237920256
2026-05-20 20:15:00+00:00,77611.9921875,77673.046875,77399.9921875,77673.046875,368144384
2026-05-20 20:30:00+00:00,77609.65625,77670.578125,77518.25,77618.9921875,283897856
2026-05-20 20:45:00+00:00,77650.03125,77688.6875,77600.0,77609.65625,280037376
2026-05-20 21:00:00+00:00,77675.6328125,77688.6875,77572.0390625,77623.0234375,0
2026-05-20 21:15:00+00:00,77535.9609375,77685.140625,77522.953125,77673.3203125,320698368
2026-05-20 21:30:00+00:00,77552.609375,77584.6875,77510.0078125,77525.6171875,13543424
2026-05-20 21:45:00+00:00,77422.671875,77584.6875,77422.65625,77555.1015625,378245120
2026-05-20 22:00:00+00:00,77293.9921875,77412.578125,77225.71875,77412.578125,0
2026-05-20 22:15:00+00:00,77352.8203125,77375.46875,77144.8203125,77297.1171875,250089472
2026-05-20 22:30:00+00:00,77363.4296875,77420.109375,77297.7421875,77356.6796875,248113152
2026-05-20 22:45:00+00:00,77424.203125,77424.203125,77363.4296875,77363.4296875,130283520
2026-05-20 23:00:00+00:00,77372.7890625,77426.9765625,77314.6171875,77390.59375,45615104
2026-05-20 23:15:00+00:00,77319.953125,77375.9921875,77304.7109375,77375.9921875,358791168
2026-05-20 23:30:00+00:00,77398.9921875,77405.4921875,77306.1796875,77319.8203125,402057216
2026-05-20 23:45:00+00:00,77475.0390625,77481.5234375,77378.21875,77378.21875,234041344
2026-05-21 00:00:00+00:00,77589.828125,77615.0234375,77442.171875,77479.203125,180213760
2026-05-21 00:15:00+00:00,77660.6484375,77660.6484375,77521.40625,77589.8203125,200628224
2026-05-21 00:30:00+00:00,77667.78125,77674.421875,77622.6796875,77660.6484375,270753792
2026-05-21 00:45:00+00:00,77889.9921875,77970.359375,77663.078125,77663.078125,202844160
2026-05-21 01:00:00+00:00,78053.1171875,78057.4609375,77854.78125,77912.1875,498329600
2026-05-21 01:15:00+00:00,77807.6875,78086.0078125,77753.4921875,78032.0,312590336
2026-05-21 01:30:00+00:00,77807.1328125,77871.7265625,77743.203125,77766.15625,150607872
2026-05-21 01:45:00+00:00,77788.0,77896.4609375,77720.0234375,77813.4921875,310941696
2026-05-21 02:00:00+00:00,77802.4609375,77838.9375,77743.9765625,77761.953125,43870208
2026-05-21 02:15:00+00:00,77958.4375,78026.1484375,77789.7109375,77802.4609375,59834368
2026-05-21 02:30:00+00:00,77938.9765625,77999.0,77911.2421875,77964.4921875,250486784
2026-05-21 02:45:00+00:00,77880.5703125,77952.0078125,77874.0,77929.859375,115834880
2026-05-21 03:00:00+00:00,77881.71875,77938.6015625,77852.78125,77875.8828125,172763136
2026-05-21 03:15:00+00:00,77960.46875,77967.921875,77827.796875,77881.71875,25518080
2026-05-21 03:30:00+00:00,77943.6171875,77962.71875,77913.859375,77960.4765625,69914624
2026-05-21 03:45:00+00:00,78001.6484375,78030.03125,77924.5078125,77943.6171875,170037248
2026-05-21 04:00:00+00:00,77898.1796875,78101.9375,77888.90625,78001.65625,201293824
2026-05-21 04:15:00+00:00,77953.0,77964.4921875,77884.1484375,77899.3671875,139130880
2026-05-21 04:30:00+00:00,77903.25,77962.03125,77883.15625,77953.09375,157249536
2026-05-21 04:45:00+00:00,77960.28125,77981.3671875,77903.2421875,77903.2578125,72937472
2026-05-21 05:00:00+00:00,77842.109375,78060.34375,77825.296875,77951.8515625,177664000
2026-05-21 05:15:00+00:00,77800.5234375,77878.578125,77790.0,77823.6328125,0
2026-05-21 05:30:00+00:00,77788.40625,77839.3125,77767.078125,77797.7890625,113414144
2026-05-21 05:45:00+00:00,77749.2734375,77787.2578125,77665.140625,77781.9765625,188719104
2026-05-21 06:00:00+00:00,77686.96875,77798.3203125,77653.96875,77740.0,46602240
2026-05-21 06:15:00+00:00,77699.4765625,77783.0390625,77641.046875,77687.9921875,148107264
2026-05-21 06:30:00+00:00,77593.4765625,77740.859375,77561.9765625,77699.46875,157128704
2026-05-21 06:45:00+00:00,77536.78125,77593.4765625,77483.4296875,77593.46875,213932032
2026-05-21 07:00:00+00:00,77517.1875,77610.9296875,77483.9921875,77521.3984375,3039232
2026-05-21 07:15:00+00:00,77521.421875,77530.578125,77441.203125,77513.890625,190351360
2026-05-21 07:30:00+00:00,77639.5390625,77639.5390625,77542.7265625,77542.7265625,284336128
2026-05-21 07:45:00+00:00,77807.6796875,77825.6875,77638.40625,77643.34375,154091520
2026-05-21 08:00:00+00:00,78054.0234375,78084.21875,77813.078125,77817.90625,168708096
2026-05-21 08:15:00+00:00,77975.9765625,78104.34375,77868.109375,78061.7578125,706531328
2026-05-21 08:30:00+00:00,77852.7890625,77975.96875,77825.7109375,77975.96875,0
2026-05-21 08:45:00+00:00,77848.2734375,77883.3984375,77810.21875,77852.796875,0
2026-05-21 09:00:00+00:00,77859.546875,77906.1171875,77805.40625,77845.9921875,94877696
2026-05-21 09:15:00+00:00,77852.7890625,77887.609375,77837.3203125,77856.8515625,127539200
2026-05-21 09:30:00+00:00,77615.9296875,77872.1328125,77594.71875,77844.0078125,272740352
2026-05-21 09:45:00+00:00,77549.9609375,77639.9921875,77549.9609375,77609.0,13727744
2026-05-21 10:00:00+00:00,77555.9296875,77594.3984375,77535.453125,77535.453125,140310528
2026-05-21 10:15:00+00:00,77297.25,77599.6328125,77109.0078125,77555.921875,291289088
2026-05-21 10:30:00+00:00,77264.5625,77366.921875,77125.421875,77277.1328125,302020608
2026-05-21 10:45:00+00:00,77104.4765625,77285.9609375,77094.5,77262.7734375,260784128
2026-05-21 11:00:00+00:00,77225.0,77254.3125,77050.2734375,77113.6171875,161017856
2026-05-21 11:15:00+00:00,77238.5078125,77292.0078125,77193.8125,77225.0,163141632
2026-05-21 11:30:00+00:00,77174.046875,77298.59375,77140.8828125,77236.09375,257402880
2026-05-21 11:45:00+00:00,77111.1015625,77183.03125,77104.0,77174.046875,81172480
2026-05-21 12:00:00+00:00,77109.75,77197.1796875,77077.859375,77126.609375,289910784
2026-05-21 12:15:00+00:00,77032.7421875,77136.0078125,77007.9765625,77102.0234375,22261760
2026-05-21 12:30:00+00:00,77158.25,77244.1015625,77013.0,77032.7421875,177494016
2026-05-21 12:45:00+00:00,77197.9921875,77283.8984375,77160.0,77160.0,186394624
2026-05-21 13:00:00+00:00,77173.4375,77275.0,77164.078125,77181.578125,4974592
2026-05-21 13:15:00+00:00,77200.328125,77227.0234375,77118.671875,77163.9765625,267741184
2026-05-21 13:30:00+00:00,76665.0,77223.1015625,76641.9921875,77199.25,83771392
2026-05-21 13:45:00+00:00,77041.7265625,77095.3828125,76678.0,76696.9921875,499513344
2026-05-21 14:00:00+00:00,76999.28125,77159.1875,76964.890625,77046.1171875,4792320
2026-05-21 14:15:00+00:00,76948.453125,76975.2265625,76691.953125,76975.2265625,201267200
2026-05-21 14:30:00+00:00,76902.8203125,77111.0078125,76860.328125,76971.0390625,194179072
2026-05-21 14:45:00+00:00,76892.0,76952.953125,76803.8125,76907.71875,151748608
2026-05-21 15:00:00+00:00,77063.9296875,77122.796875,76800.0,76891.3515625,53743616
2026-05-21 15:15:00+00:00,77181.2890625,77234.4609375,77034.25,77065.21875,55220224
2026-05-21 15:30:00+00:00,77136.75,77200.3203125,76979.9921875,77185.9921875,0
2026-05-21 15:45:00+00:00,77181.8515625,77306.3984375,77076.796875,77138.2421875,124332032
2026-05-21 16:00:00+00:00,77196.140625,77270.6328125,77138.9609375,77188.40625,62029824
2026-05-21 16:15:00+00:00,77095.96875,77206.0,77022.078125,77199.9921875,56242176
2026-05-21 16:30:00+00:00,76974.0,77206.3203125,76947.9375,77096.75,15024128
2026-05-21 16:45:00+00:00,77110.2578125,77110.2578125,76918.8125,76980.9375,65320960
2026-05-21 17:00:00+00:00,77438.0,77477.90625,77093.28125,77146.0,407984128
2026-05-21 17:15:00+00:00,77900.0,77925.1796875,77420.7109375,77442.828125,717891584
2026-05-21 17:30:00+00:00,77826.0234375,77963.28125,77786.71875,77900.1171875,457598976
2026-05-21 17:45:00+00:00,77799.671875,78016.828125,77707.828125,77827.4921875,219561984
2026-05-21 18:00:00+00:00,77620.0,77840.78125,77551.8671875,77826.0,178046976
2026-05-21 18:15:00+00:00,77670.921875,77821.46875,77551.296875,77629.7265625,0
2026-05-21 18:30:00+00:00,77684.0,77742.953125,77646.953125,77665.78125,491612160
2026-05-21 18:45:00+00:00,77310.046875,77681.9921875,77186.7890625,77681.9921875,369229824
2026-05-21 19:00:00+00:00,77465.640625,77519.2734375,77289.171875,77289.171875,387239936
2026-05-21 19:15:00+00:00,77471.2578125,77528.828125,77437.8984375,77474.4296875,325775360
2026-05-21 19:30:00+00:00,77547.3984375,77576.6796875,77467.359375,77471.078125,135567360
2026-05-21 19:45:00+00:00,77601.5625,77723.9765625,77534.75,77551.2578125,265084928
2026-05-21 20:00:00+00:00,77630.4375,77667.1015625,77588.0,77630.796875,39399424
2026-05-21 20:15:00+00:00,77615.25,77655.4765625,77607.1484375,77632.90625,0
2026-05-21 20:30:00+00:00,77616.8828125,77722.3125,77580.0390625,77624.203125,108144640
2026-05-21 20:45:00+00:00,77633.46875,77731.8515625,77578.109375,77637.90625,41955328
2026-05-21 21:00:00+00:00,77700.0,77743.5390625,77651.4921875,77651.4921875,108414976
2026-05-21 21:15:00+00:00,77743.8203125,77743.8203125,77686.359375,77701.2265625,220624896
2026-05-21 21:30:00+00:00,77644.703125,77743.8125,77624.2578125,77743.8125,139137024
2026-05-21 21:45:00+00:00,77598.578125,77647.640625,77567.0390625,77640.0390625,141957120
2026-05-21 22:00:00+00:00,77578.5703125,77677.8984375,77537.6796875,77603.1796875,113360896
2026-05-21 22:15:00+00:00,77620.0,77621.4609375,77521.96875,77574.578125,92096512
2026-05-21 22:30:00+00:00,77556.1171875,77643.890625,77469.46875,77619.6171875,18569216
2026-05-21 22:45:00+00:00,77550.171875,77591.171875,77526.4609375,77576.4765625,258680832
2026-05-21 23:00:00+00:00,77502.703125,77651.0078125,77496.09375,77531.953125,0
2026-05-21 23:15:00+00:00,77579.859375,77595.1875,77458.6171875,77489.5,140425216
2026-05-21 23:30:00+00:00,77629.9921875,77676.578125,77558.9921875,77578.4765625,196067328
2026-05-21 23:45:00+00:00,77542.65625,77668.9921875,77531.96875,77620.7421875,32307200
2026-05-22 00:00:00+00:00,77373.703125,77567.2421875,77369.140625,77551.25,292657152
2026-05-22 00:15:00+00:00,77408.4375,77481.7265625,77337.3515625,77368.0234375,4886528
2026-05-22 00:30:00+00:00,77399.9921875,77494.953125,77326.21875,77416.15625,222189568
2026-05-22 00:45:00+00:00,77304.2109375,77438.6875,77294.296875,77392.9921875,153108480
2026-05-22 01:00:00+00:00,77443.5390625,77446.0078125,77239.90625,77277.34375,138565632
2026-05-22 01:15:00+00:00,77386.6484375,77468.828125,77367.8125,77440.0,48271360
2026-05-22 01:30:00+00:00,77447.9921875,77448.0,77281.0625,77381.4296875,256956416
2026-05-22 01:45:00+00:00,77539.296875,77596.609375,77447.9921875,77447.9921875,84191232
2026-05-22 02:00:00+00:00,77595.90625,77631.6171875,77542.5703125,77542.5703125,18364416
2026-05-22 02:15:00+00:00,77592.7890625,77659.34375,77541.6171875,77596.671875,171247616
2026-05-22 02:30:00+00:00,77556.7265625,77629.2109375,77544.3671875,77591.078125,208084992
2026-05-22 02:45:00+00:00,77598.3984375,77615.3203125,77515.9921875,77556.71875,36790272
2026-05-22 03:00:00+00:00,77642.7890625,77705.9609375,77598.390625,77598.390625,164397056
2026-05-22 03:15:00+00:00,77728.8125,77728.8125,77606.3125,77651.6171875,0
2026-05-22 03:30:00+00:00,77710.640625,77738.296875,77674.0,77728.828125,95848448
2026-05-22 03:45:00+00:00,77705.25,77736.5234375,77670.9296875,77710.6484375,5369856
2026-05-22 04:00:00+00:00,77798.296875,77813.6015625,77711.0078125,77711.0078125,81180672
2026-05-22 04:15:00+00:00,77725.7109375,77829.1484375,77701.796875,77800.1328125,108212224
2026-05-22 04:30:00+00:00,77615.859375,77732.671875,77605.296875,77732.671875,251725824
2026-05-22 04:45:00+00:00,77577.84375,77616.8125,77556.1875,77615.859375,53569536
2026-05-22 05:00:00+00:00,77603.0078125,77649.96875,77535.0078125,77574.4296875,0
2026-05-22 05:15:00+00:00,77531.703125,77623.9921875,77492.078125,77615.8671875,57370624
2026-05-22 05:30:00+00:00,77504.9921875,77560.0234375,77449.9921875,77535.8125,71143424
2026-05-22 05:45:00+00:00,77408.4296875,77596.796875,77389.140625,77504.9921875,61222912
2026-05-22 06:00:00+00:00,77404.578125,77444.359375,77347.9375,77406.7734375,155254784
2026-05-22 06:15:00+00:00,77381.5078125,77411.15625,77327.390625,77395.15625,104163328
2026-05-22 06:30:00+00:00,77394.140625,77394.140625,77320.4765625,77383.2109375,64763904
2026-05-22 06:45:00+00:00,77340.1875,77429.8984375,77281.078125,77369.84375,207640576
2026-05-22 07:00:00+00:00,77294.0703125,77339.171875,77200.6171875,77334.1171875,162979840
2026-05-22 07:15:00+00:00,77426.8515625,77443.1328125,77294.078125,77294.078125,147197952
2026-05-22 07:30:00+00:00,77388.8671875,77457.4609375,77357.921875,77426.8828125,240271360
2026-05-22 07:45:00+00:00,77320.6328125,77388.8671875,77309.78125,77388.8671875,301543424
2026-05-22 08:00:00+00:00,77317.53125,77382.1484375,77279.59375,77323.671875,0
2026-05-22 08:15:00+00:00,77390.2421875,77458.90625,77325.9765625,77325.9765625,0
2026-05-22 08:30:00+00:00,77235.3515625,77414.046875,77141.0078125,77406.390625,190312448
2026-05-22 08:45:00+00:00,77177.859375,77262.359375,77160.0078125,77238.6875,518803456
2026-05-22 09:00:00+00:00,77119.5703125,77201.46875,77117.2265625,77159.9609375,161116160
2026-05-22 09:15:00+00:00,77173.6796875,77227.953125,77108.796875,77115.53125,160212992
2026-05-22 09:30:00+00:00,77218.2265625,77236.7109375,77111.4921875,77173.6875,76738560
2026-05-22 09:45:00+00:00,77213.9921875,77270.0,77172.09375,77218.2265625,56344576
2026-05-22 10:00:00+00:00,77218.1484375,77259.9921875,77196.0,77205.046875,148047872
2026-05-22 10:15:00+00:00,77247.578125,77264.46875,77165.4765625,77207.9296875,194418688
2026-05-22 10:30:00+00:00,77241.6484375,77278.03125,77210.0078125,77256.8984375,0
2026-05-22 10:45:00+00:00,77224.671875,77248.828125,77184.0,77236.7734375,187271168
2026-05-22 11:00:00+00:00,77204.0078125,77273.328125,77191.2421875,77230.8828125,103602176
2026-05-22 11:15:00+00:00,77219.3203125,77256.3515625,77088.6015625,77204.0,175437824
2026-05-22 11:30:00+00:00,77244.9609375,77256.359375,77203.8671875,77219.296875,210286592
2026-05-22 11:45:00+00:00,77342.0625,77342.0625,77223.171875,77245.1171875,90699776
2026-05-22 12:00:00+00:00,77450.890625,77478.40625,77303.953125,77346.671875,148799488
2026-05-22 12:15:00+00:00,77339.03125,77491.2109375,77315.9921875,77463.40625,138665984
2026-05-22 12:30:00+00:00,77341.578125,77380.0390625,77309.9921875,77339.03125,153985024
2026-05-22 12:45:00+00:00,77446.328125,77446.328125,77341.59375,77341.59375,0
2026-05-22 13:00:00+00:00,77406.59375,77466.7890625,77374.46875,77447.03125,58521600
2026-05-22 13:15:00+00:00,77206.6171875,77442.390625,77206.6171875,77406.6015625,0
2026-05-22 13:30:00+00:00,77083.796875,77273.34375,77032.9921875,77179.1171875,0
2026-05-22 13:45:00+00:00,77196.0390625,77207.7109375,77065.84375,77115.0,73977856
2026-05-22 14:00:00+00:00,76973.703125,77139.9921875,76906.0234375,77115.84375,176037888
2026-05-22 14:15:00+00:00,76759.1796875,77014.1796875,76678.90625,76968.3984375,228569088
2026-05-22 14:30:00+00:00,76725.171875,76756.09375,76678.0078125,76754.8828125,0
2026-05-22 14:45:00+00:00,76674.890625,76766.390625,76663.09375,76721.6875,321327104
2026-05-22 15:00:00+00:00,76686.609375,76861.5390625,76579.5390625,76621.9921875,331380736
2026-05-22 15:15:00+00:00,76816.0,76816.0,76491.3515625,76686.6328125,60788736
2026-05-22 15:30:00+00:00,76621.3203125,76929.7578125,76543.2578125,76794.703125,469442560
2026-05-22 15:45:00+00:00,76698.25,76729.65625,76559.9765625,76626.359375,389029888
2026-05-22 16:00:00+00:00,76782.46875,76799.9921875,76680.0,76690.8984375,14364672
2026-05-22 16:15:00+00:00,76844.3125,76849.0078125,76711.3984375,76773.046875,106657792
2026-05-22 16:30:00+00:00,76803.25,76880.8671875,76779.2578125,76844.3203125,84910080
2026-05-22 16:45:00+00:00,76863.0,76912.3203125,76802.0,76803.2578125,137678848
2026-05-22 17:00:00+00:00,76866.921875,76924.9921875,76802.421875,76869.7109375,0
2026-05-22 17:15:00+00:00,76976.2890625,76980.3984375,76687.34375,76872.28125,0
2026-05-22 17:30:00+00:00,76878.4375,76995.4296875,76825.578125,76995.4296875,24975360
2026-05-22 17:45:00+00:00,76654.7421875,76884.0,76651.9609375,76882.7734375,0
2026-05-22 18:00:00+00:00,76730.0078125,76730.0078125,76597.8671875,76652.1875,61626368
2026-05-22 18:15:00+00:00,76716.0234375,76811.9921875,76709.8828125,76721.90625,85786624
2026-05-22 18:30:00+00:00,76493.9296875,76724.21875,76486.640625,76716.0234375,342339584
2026-05-22 18:45:00+00:00,76443.7578125,76497.4765625,76013.9765625,76486.7421875,515004416
2026-05-22 19:00:00+00:00,76143.7734375,76494.6875,76105.328125,76433.4921875,18710528
2026-05-22 19:15:00+00:00,76165.5078125,76316.046875,76102.6796875,76130.0,219746304
2026-05-22 19:30:00+00:00,75713.921875,76165.5078125,75569.7890625,76165.5078125,1098289152
2026-05-22 19:45:00+00:00,75756.03125,75842.03125,75599.9296875,75694.6015625,386199552
2026-05-22 20:00:00+00:00,75829.703125,75920.0078125,75744.796875,75783.75,176752640
2026-05-22 20:15:00+00:00,75876.4296875,75894.03125,75795.9921875,75818.03125,310235136
2026-05-22 20:30:00+00:00,75841.2890625,75874.9921875,75739.9609375,75870.359375,220479488
2026-05-22 20:45:00+00:00,75895.203125,75991.8125,75804.4765625,75839.2578125,408483840
2026-05-22 21:00:00+00:00,75899.453125,75944.28125,75860.59375,75864.4375,203874304
2026-05-22 21:15:00+00:00,75947.8828125,75947.8828125,75869.796875,75891.6875,94533632
2026-05-22 21:30:00+00:00,75895.3125,75994.6015625,75846.25,75947.9609375,343730176
2026-05-22 21:45:00+00:00,75880.2890625,75975.859375,75879.7890625,75906.9765625,304160768
2026-05-22 22:00:00+00:00,75810.421875,75894.4921875,75750.0,75880.296875,97019904
2026-05-22 22:15:00+00:00,75687.9921875,75816.921875,75652.9375,75816.921875,58210304
2026-05-22 22:30:00+00:00,75557.7578125,75771.0,75479.953125,75690.7265625,234899456
2026-05-22 22:45:00+00:00,75639.9765625,75665.7578125,75542.0390625,75554.140625,259747840
2026-05-22 23:00:00+00:00,75758.578125,75781.1484375,75661.46875,75661.4765625,83222528
2026-05-22 23:15:00+00:00,75594.2421875,75770.109375,75594.2421875,75758.5703125,0
2026-05-22 23:30:00+00:00,75702.9375,75724.4609375,75563.3828125,75594.2265625,285356032
2026-05-22 23:45:00+00:00,75439.96875,75644.6015625,75266.7265625,75644.6015625,455886848
2026-05-23 00:00:00+00:00,75353.71875,75540.203125,75325.921875,75462.9765625,326785024
2026-05-23 00:15:00+00:00,75385.7890625,75418.6171875,75310.390625,75372.0,236605440
2026-05-23 00:30:00+00:00,75226.28125,75401.828125,75127.328125,75387.9765625,596797440
2026-05-23 00:45:00+00:00,75263.21875,75324.0234375,75195.109375,75195.109375,1060378624
2026-05-23 01:00:00+00:00,75322.0,75409.6796875,75272.7578125,75275.6484375,262002688
2026-05-23 01:15:00+00:00,75374.828125,75402.0,75270.0,75322.0078125,39110656
2026-05-23 01:30:00+00:00,75377.6015625,75407.0,75312.46875,75377.796875,186507264
2026-05-23 01:45:00+00:00,75402.1171875,75406.84375,75258.0078125,75362.109375,173473792
2026-05-23 02:00:00+00:00,75366.4765625,75447.1796875,75320.0,75411.2578125,177244160
2026-05-23 02:15:00+00:00,75386.796875,75457.1171875,75378.0703125,75378.0703125,265005056
2026-05-23 02:30:00+00:00,75386.6015625,75431.296875,75370.0078125,75392.2734375,118779904
2026-05-23 02:45:00+00:00,75482.5625,75495.171875,75397.3828125,75398.0,202285056
2026-05-23 03:00:00+00:00,75523.5390625,75526.5,75468.90625,75472.0703125,8085504
2026-05-23 03:15:00+00:00,75505.5,75540.0234375,75490.03125,75517.046875,118491136
2026-05-23 03:30:00+00:00,75561.6484375,75571.578125,75496.0625,75496.0625,479789056
2026-05-23 03:45:00+00:00,75545.7109375,75573.921875,75533.96875,75561.6484375,80664576
2026-05-23 04:00:00+00:00,75533.9921875,75555.1171875,75528.40625,75545.7109375,11073536
2026-05-23 04:15:00+00:00,75504.0,75539.9765625,75465.4921875,75533.9921875,112685056
2026-05-23 04:30:00+00:00,75420.546875,75565.75,75420.546875,75504.0234375,682250240
2026-05-23 04:45:00+00:00,75455.1171875,75455.1171875,75417.0,75424.09375,97880064
2026-05-23 05:00:00+00:00,75432.9609375,75468.0,75419.46875,75455.1171875,100814848
2026-05-23 05:15:00+00:00,75388.0,75459.140625,75388.0,75432.9609375,188057600
2026-05-23 05:30:00+00:00,75426.59375,75426.59375,75377.9765625,75387.9921875,534528
2026-05-23 05:45:00+00:00,75397.640625,75428.2578125,75380.0,75426.59375,121808896
2026-05-23 06:00:00+00:00,75378.09375,75411.96875,75378.09375,75398.6796875,0
2026-05-23 06:15:00+00:00,75359.5234375,75400.0,75354.921875,75378.078125,0
2026-05-23 06:30:00+00:00,75351.9375,75393.5234375,75325.0,75360.59375,10723328
2026-05-23 06:45:00+00:00,75312.328125,75358.7734375,75293.15625,75351.9375,29900800
2026-05-23 07:00:00+00:00,75261.9921875,75348.1171875,75177.7734375,75316.3125,110462976
2026-05-23 07:15:00+00:00,75202.0,75257.296875,75146.8515625,75257.296875,76888064
2026-05-23 07:30:00+00:00,75203.2734375,75260.0625,75073.0625,75202.0,99076096
2026-05-23 07:45:00+00:00,74516.7265625,75179.96875,74251.296875,75147.0703125,1751425024
2026-05-23 08:00:00+00:00,74567.46875,74619.5390625,74413.078125,74521.140625,549777408
2026-05-23 08:15:00+00:00,74520.0,74656.34375,74514.890625,74567.46875,267413504
2026-05-23 08:30:00+00:00,74369.96875,74535.9921875,74262.5390625,74520.0,219277312
2026-05-23 08:45:00+00:00,74594.4921875,74594.4921875,74339.75,74361.9921875,274190336
2026-05-23 09:00:00+00:00,74577.9921875,74603.171875,74543.8203125,74590.0234375,852994048
2026-05-23 09:15:00+00:00,74602.1875,74612.7890625,74571.34375,74582.5,283738112
2026-05-23 09:30:00+00:00,74650.953125,74666.0,74579.0625,74604.09375,149366784
2026-05-23 09:45:00+00:00,74575.96875,74668.421875,74571.359375,74652.46875,143069184
2026-05-23 10:00:00+00:00,74656.2578125,74660.0,74579.140625,74589.4375,0
2026-05-23 10:15:00+00:00,74660.0,74670.4765625,74632.25,74660.0,4728832
2026-05-23 10:30:00+00:00,74689.9921875,74702.4296875,74638.703125,74652.3984375,223297536
2026-05-23 10:45:00+00:00,74626.6171875,74704.0078125,74619.03125,74690.0,63633408
2026-05-23 11:00:00+00:00,74702.0703125,74729.5078125,74624.3203125,74633.4921875,0
2026-05-23 11:15:00+00:00,74764.34375,74783.6328125,74714.15625,74714.15625,203679744
2026-05-23 11:30:00+00:00,74720.0,74767.4921875,74702.59375,74766.75,209700864
2026-05-23 11:45:00+00:00,74710.3125,74753.9609375,74704.546875,74706.046875,41975808
2026-05-23 12:00:00+00:00,74637.9921875,74718.7734375,74611.828125,74704.9296875,289253376
2026-05-23 12:15:00+00:00,74651.9609375,74674.03125,74577.53125,74636.3984375,10995712
2026-05-23 12:30:00+00:00,74646.0,74687.140625,74623.3515625,74651.96875,186705920
2026-05-23 12:45:00+00:00,74674.8828125,74678.7734375,74636.9609375,74646.0,146249728
2026-05-23 13:00:00+00:00,74849.9921875,74918.640625,74674.8671875,74674.8671875,371335168
2026-05-23 13:15:00+00:00,74905.71875,74947.7265625,74849.9921875,74849.9921875,28258304
2026-05-23 13:30:00+00:00,74858.1796875,74953.96875,74796.359375,74914.078125,84719616
2026-05-23 13:45:00+00:00,75119.4609375,75167.2109375,74858.171875,74858.171875,108390400
2026-05-23 14:00:00+00:00,75115.6015625,75159.9765625,75015.859375,75137.28125,132206592
2026-05-23 14:15:00+00:00,75228.03125,75250.703125,75108.5703125,75123.3203125,5474304
2026-05-23 14:30:00+00:00,75384.1171875,75388.859375,75206.703125,75236.1171875,263596032
2026-05-23 14:45:00+00:00,75443.71875,75594.2421875,75308.6875,75376.953125,94779392
2026-05-23 15:00:00+00:00,75548.390625,75558.890625,75383.96875,75443.7265625,156223488
2026-05-23 15:15:00+00:00,75457.2578125,75594.0,75428.2734375,75540.0078125,129581056
2026-05-23 15:30:00+00:00,75411.703125,75457.25,75309.390625,75455.6328125,0
2026-05-23 15:45:00+00:00,75432.03125,75455.03125,75383.046875,75411.7109375,112216064
2026-05-23 16:00:00+00:00,75440.1328125,75530.1328125,75422.3125,75474.5703125,148391936
2026-05-23 16:15:00+00:00,75385.2265625,75462.328125,75307.8203125,75443.84375,172832768
2026-05-23 16:30:00+00:00,75408.96875,75472.0,75373.84375,75385.25,1110016
2026-05-23 16:45:00+00:00,75347.421875,75454.296875,75335.9921875,75408.96875,251848704
2026-05-23 17:00:00+00:00,75372.1171875,75436.5234375,75331.7890625,75386.3125,371447808
2026-05-23 17:15:00+00:00,75379.5390625,75414.7109375,75312.59375,75385.453125,64954368
2026-05-23 17:30:00+00:00,75329.6015625,75412.828125,75316.71875,75379.53125,52510720
2026-05-23 17:45:00+00:00,75399.7265625,75426.96875,75288.2421875,75329.6015625,129193984
2026-05-23 18:00:00+00:00,75603.8125,75682.796875,75376.0078125,75402.046875,31191040
2026-05-23 18:15:00+00:00,75747.71875,75834.40625,75555.6484375,75652.140625,528343040
2026-05-23 18:30:00+00:00,75793.6015625,75889.578125,75722.25,75777.3515625,39927808
2026-05-23 18:45:00+00:00,75757.609375,75809.6328125,75667.578125,75808.609375,139202560
2026-05-23 19:00:00+00:00,75698.4609375,75785.96875,75690.7421875,75760.171875,43438080
2026-05-23 19:15:00+00:00,75872.9296875,75884.2265625,75726.6484375,75726.6484375,59463680
2026-05-23 19:30:00+00:00,75849.109375,75888.78125,75791.75,75872.921875,0
2026-05-23 19:45:00+00:00,75887.59375,75901.0703125,75806.5390625,75848.046875,14479360
2026-05-23 20:00:00+00:00,75990.703125,76044.0,75849.859375,75903.1796875,84783104
2026-05-23 20:15:00+00:00,75900.0,76094.5,75900.0,75981.7109375,270458880
2026-05-23 20:30:00+00:00,76733.2890625,76821.6328125,75869.578125,75899.1796875,640069632
2026-05-23 20:45:00+00:00,77188.0,77188.0,76603.1484375,76740.6484375,866564096
2026-05-23 21:00:00+00:00,76871.4296875,77285.6484375,76805.9921875,77234.7421875,592640000
2026-05-23 21:15:00+00:00,76714.6171875,77002.953125,76714.6171875,76883.4765625,344612864
2026-05-23 21:30:00+00:00,76597.828125,76821.4765625,76436.1875,76630.890625,597786624
2026-05-23 21:45:00+00:00,76707.9921875,76725.2109375,76467.2734375,76597.828125,988243968
2026-05-23 22:00:00+00:00,76556.140625,76783.9921875,76552.9921875,76715.2734375,302114816
2026-05-23 22:15:00+00:00,76449.546875,76608.703125,76438.5625,76559.2421875,280389632
2026-05-23 22:30:00+00:00,76455.0703125,76498.0,76297.0,76452.8671875,311812096
2026-05-23 22:45:00+00:00,76479.9921875,76515.9921875,76393.2578125,76454.59375,94550016
2026-05-23 23:00:00+00:00,76571.453125,76675.0078125,76431.171875,76458.890625,449191936
2026-05-23 23:15:00+00:00,76535.2734375,76654.3125,76489.7734375,76582.1484375,397443072
2026-05-23 23:30:00+00:00,76610.2890625,76662.0703125,76535.2734375,76535.2734375,115458048
2026-05-23 23:45:00+00:00,76644.2421875,76703.09375,76586.2578125,76602.0,0
2026-05-24 00:00:00+00:00,76587.2265625,76690.546875,76549.78125,76657.9765625,90943488
2026-05-24 00:15:00+00:00,76593.9375,76643.8203125,76532.2265625,76588.078125,0
2026-05-24 00:30:00+00:00,76649.140625,76726.046875,76585.4375,76585.4375,0
2026-05-24 00:45:00+00:00,76736.9921875,76815.9765625,76633.8671875,76649.140625,40349696
2026-05-24 01:00:00+00:00,76692.71875,76786.7890625,76655.7421875,76741.5078125,0
2026-05-24 01:15:00+00:00,76797.9921875,76815.7890625,76684.25,76693.5,56123392
2026-05-24 01:30:00+00:00,76732.4921875,76819.9921875,76716.0078125,76797.9921875,137435136
2026-05-24 01:45:00+00:00,76790.9921875,76804.0078125,76705.921875,76732.4921875,29358080
2026-05-24 02:00:00+00:00,76818.8515625,76821.4921875,76741.8828125,76800.8671875,186707968
2026-05-24 02:15:00+00:00,76645.1796875,76856.453125,76600.0078125,76818.84375,255467520
2026-05-24 02:30:00+00:00,76728.1015625,76748.1328125,76645.1796875,76645.1796875,295231488
2026-05-24 02:45:00+00:00,76721.359375,76753.96875,76711.5,76724.0078125,138041344
2026-05-24 03:00:00+00:00,76822.5,76895.0625,76698.203125,76718.8125,151222272
2026-05-24 03:15:00+00:00,76805.9765625,76822.0390625,76763.9765625,76798.5625,59428864
2026-05-24 03:30:00+00:00,76659.6015625,76808.1484375,76632.15625,76805.9765625,314894336
2026-05-24 03:45:00+00:00,76699.46875,76713.65625,76661.109375,76663.96875,272728064
2026-05-24 04:00:00+00:00,76739.4921875,76753.4765625,76669.9921875,76680.0390625,105172992
2026-05-24 04:15:00+00:00,76663.2734375,76747.3515625,76654.0390625,76742.4375,288370688
2026-05-24 04:30:00+00:00,76678.8984375,76683.421875,76634.0,76663.2734375,90220544
2026-05-24 04:45:00+00:00,76682.7734375,76713.6484375,76642.46875,76678.890625,107259904
2026-05-24 05:00:00+00:00,76647.6171875,76683.9921875,76628.71875,76678.8984375,0
2026-05-24 05:15:00+00:00,76610.9921875,76647.6171875,76573.953125,76647.6171875,18747392
2026-05-24 05:30:00+00:00,76549.9921875,76629.0,76548.0,76610.9921875,150003712
2026-05-24 05:45:00+00:00,76714.4921875,76765.9921875,76549.9765625,76549.9765625,149006336
2026-05-24 06:00:00+00:00,76751.671875,76759.796875,76709.78125,76712.4375,128243712
2026-05-24 06:15:00+00:00,76635.65625,76732.9375,76621.6171875,76732.9375,164495360
2026-05-24 06:30:00+00:00,76707.3671875,76711.7265625,76624.46875,76647.6015625,0
2026-05-24 06:45:00+00:00,76881.3125,76960.671875,76684.609375,76707.3828125,277542912
2026-05-24 07:00:00+00:00,76797.4765625,76921.78125,76797.46875,76893.6015625,0
2026-05-24 07:15:00+00:00,76806.28125,76812.09375,76768.90625,76797.4765625,335632384
2026-05-24 07:30:00+00:00,76787.421875,76818.0,76747.2734375,76806.2734375,0
2026-05-24 07:45:00+00:00,76708.0,76787.4296875,76687.9921875,76787.4296875,0
2026-05-24 08:00:00+00:00,76650.140625,76732.0,76629.96875,76710.296875,0
2026-05-24 08:15:00+00:00,76712.046875,76756.0078125,76650.140625,76650.1484375,74825728
2026-05-24 08:30:00+00:00,76712.109375,76762.9296875,76690.0,76712.046875,0
2026-05-24 08:45:00+00:00,76737.390625,76739.3984375,76689.9921875,76700.0234375,32905216
2026-05-24 09:00:00+00:00,76796.0234375,76812.03125,76712.6171875,76737.390625,2242762752
2026-05-24 09:15:00+00:00,76861.1484375,76887.3671875,76789.9921875,76796.0234375,132956160
2026-05-24 09:30:00+00:00,76889.140625,76945.1015625,76811.1796875,76861.1484375,264693760
2026-05-24 09:45:00+00:00,76930.3828125,76931.2890625,76872.6796875,76881.1171875,287442944
2026-05-24 10:00:00+00:00,76849.6015625,76931.9921875,76825.0078125,76931.9921875,122767360
2026-05-24 10:15:00+00:00,77131.9765625,77374.9375,76841.9921875,76849.59375,496930816
2026-05-24 10:30:00+00:00,77097.0625,77127.6484375,76977.09375,77114.4609375,776552448
2026-05-24 10:45:00+00:00,77097.1484375,77108.0,77027.3515625,77097.0625,371867648
2026-05-24 11:00:00+00:00,77195.0703125,77245.53125,77082.4375,77082.4375,158898176
2026-05-24 11:15:00+00:00,77186.96875,77252.0,77155.3125,77195.078125,73572352
2026-05-24 11:30:00+00:00,77150.9921875,77223.859375,77114.1875,77186.96875,32747520
2026-05-24 11:45:00+00:00,77218.9375,77218.9375,77119.4296875,77150.9921875,323014656
2026-05-24 12:00:00+00:00,77113.796875,77229.5703125,77062.8984375,77219.2890625,199231488
2026-05-24 12:15:00+00:00,76982.453125,77113.796875,76956.0,77113.796875,93462528
2026-05-24 12:30:00+00:00,77026.59375,77026.890625,76947.7578125,76989.0,477208576
2026-05-24 12:45:00+00:00,77013.640625,77026.59375,76983.6015625,77026.578125,85581824
2026-05-24 13:00:00+00:00,76950.5,77025.453125,76937.609375,77025.453125,0
2026-05-24 13:15:00+00:00,76858.2734375,77018.2109375,76858.2734375,76950.5,104462336
2026-05-24 13:30:00+00:00,76876.0234375,76917.2890625,76777.8671875,76871.9921875,91072512
2026-05-24 13:45:00+00:00,76721.21875,76904.046875,76593.203125,76885.640625,142055424
2026-05-24 14:00:00+00:00,76423.53125,76744.0,76360.8515625,76698.6171875,187179008
2026-05-24 14:15:00+00:00,76317.9921875,76460.53125,76129.421875,76416.890625,650160128
2026-05-24 14:30:00+00:00,76358.78125,76439.9921875,76317.5234375,76318.0,157583360
2026-05-24 14:45:00+00:00,76361.03125,76419.1171875,76294.0390625,76359.6171875,30720
2026-05-24 15:00:00+00:00,76410.40625,76442.8203125,76326.0,76354.0,111149056
2026-05-24 15:15:00+00:00,76352.7109375,76436.109375,76321.890625,76410.40625,156792832
2026-05-24 15:30:00+00:00,76360.3515625,76399.609375,76334.0390625,76352.71875,0
2026-05-24 15:45:00+00:00,76278.71875,76385.0390625,76260.890625,76354.25,0
2026-05-24 16:00:00+00:00,76510.046875,76588.0078125,76279.4296875,76282.6328125,132044800
2026-05-24 16:15:00+00:00,76494.0078125,76629.7734375,76460.671875,76504.4609375,141275136
2026-05-24 16:30:00+00:00,76419.0390625,76501.3515625,76342.5234375,76498.5,20101120
2026-05-24 16:45:00+00:00,76575.6875,76603.703125,76421.4609375,76423.8125,156715008
2026-05-24 17:00:00+00:00,76536.203125,76636.796875,76513.7734375,76567.5625,0
2026-05-24 17:15:00+00:00,76522.609375,76566.359375,76466.28125,76547.5,197863424
2026-05-24 17:30:00+00:00,76600.8671875,76622.0390625,76491.8671875,76522.0390625,0
2026-05-24 17:45:00+00:00,76591.25,76688.7265625,76581.0,76603.8984375,112637952
2026-05-24 18:00:00+00:00,76632.0234375,76672.2109375,76536.0234375,76591.25,37640192
2026-05-24 18:15:00+00:00,76584.0,76692.5703125,76580.9765625,76639.5078125,52226048
2026-05-24 18:30:00+00:00,76545.5625,76615.8984375,76509.4609375,76587.0,0
2026-05-24 18:45:00+00:00,76565.203125,76581.5703125,76492.609375,76548.03125,116267008
2026-05-24 19:00:00+00:00,76538.6796875,76639.84375,76538.6796875,76577.359375,0
2026-05-24 19:15:00+00:00,76557.0078125,76649.96875,76512.0234375,76537.359375,44457984
2026-05-24 19:30:00+00:00,76608.7734375,76634.8671875,76541.03125,76570.34375,5099520
2026-05-24 19:45:00+00:00,76677.7578125,76686.2265625,76608.7734375,76608.7734375,0
2026-05-24 20:00:00+00:00,76579.4921875,76694.0,76554.2578125,76689.1015625,192538624
2026-05-24 20:15:00+00:00,76576.3125,76615.2421875,76520.0703125,76579.4921875,0
2026-05-24 20:30:00+00:00,76588.0,76616.578125,76546.0234375,76589.0625,51943424
2026-05-24 20:45:00+00:00,76569.2578125,76625.1484375,76520.4609375,76588.0,0
2026-05-24 21:00:00+00:00,76626.3984375,76650.5,76550.703125,76572.6796875,0
2026-05-24 21:15:00+00:00,76426.359375,76624.6875,76395.96875,76621.3203125,15523840
2026-05-24 21:30:00+00:00,76033.140625,76474.3671875,76033.140625,76436.296875,542879744
2026-05-24 21:45:00+00:00,76045.4921875,76183.1015625,76008.7109375,76046.5,58064896
2026-05-24 22:00:00+00:00,76880.640625,76903.8515625,76052.0078125,76138.5703125,292651008
2026-05-24 22:15:00+00:00,76748.640625,76866.609375,76710.7578125,76847.3671875,228745216
2026-05-24 22:30:00+00:00,76695.0,76871.9921875,76582.640625,76766.890625,57493504
2026-05-24 22:45:00+00:00,76709.9921875,76905.0,76698.2578125,76698.2578125,54681600
2026-05-24 23:00:00+00:00,76864.5,76867.5,76710.0,76710.0,74743808
2026-05-24 23:15:00+00:00,76764.0,76923.0703125,76726.8984375,76880.3203125,104593408
2026-05-24 23:30:00+00:00,77102.84375,77114.46875,76752.34375,76764.9765625,132370432
2026-05-24 23:45:00+00:00,76961.8515625,77100.0,76961.8515625,77100.0,171776000
2026-05-25 00:00:00+00:00,77099.2421875,77117.921875,76996.109375,76996.109375,50677760
2026-05-25 00:15:00+00:00,77121.3984375,77160.0234375,77028.5703125,77097.796875,87382016
2026-05-25 00:30:00+00:00,77033.0,77164.4375,77032.2421875,77130.546875,186193920
2026-05-25 00:45:00+00:00,77060.296875,77159.5,76996.0,77032.9921875,104361984
2026-05-25 01:00:00+00:00,77084.3515625,77101.8984375,76936.203125,77101.8984375,68614144
2026-05-25 01:15:00+00:00,77085.2421875,77159.4921875,77045.9921875,77094.6171875,326998016
2026-05-25 01:30:00+00:00,77032.96875,77120.0,77004.5,77084.6875,0
2026-05-25 01:45:00+00:00,76850.9375,77086.0703125,76827.2578125,77059.84375,59064320
2026-05-25 02:00:00+00:00,77310.6875,77390.9296875,76881.1484375,76885.6796875,260763648
2026-05-25 02:15:00+00:00,77048.28125,77292.7109375,76955.90625,77292.7109375,655302656
2026-05-25 02:30:00+00:00,77070.046875,77087.421875,76963.796875,77059.3203125,39991296
2026-05-25 02:45:00+00:00,77012.2890625,77083.5078125,76995.3515625,77081.21875,134862848
2026-05-25 03:00:00+00:00,77001.9921875,77073.390625,76967.953125,77010.953125,40241152
2026-05-25 03:15:00+00:00,76991.546875,77055.25,76973.609375,77001.9921875,113389568
2026-05-25 03:30:00+00:00,76980.0078125,77031.921875,76930.0625,76995.6171875,103903232
2026-05-25 03:45:00+00:00,76933.1015625,76979.0234375,76917.671875,76954.2265625,0
2026-05-25 04:00:00+00:00,76939.34375,76986.21875,76907.203125,76933.1015625,0
2026-05-25 04:15:00+00:00,77081.2265625,77081.2265625,76899.390625,76939.34375,69496832
2026-05-25 04:30:00+00:00,77159.8671875,77159.8671875,77034.0,77082.1796875,81534976
2026-05-25 04:45:00+00:00,77292.421875,77354.9375,77141.9375,77149.0078125,216604672
2026-05-25 05:00:00+00:00,77324.7265625,77349.578125,77220.8828125,77278.703125,181864448
2026-05-25 05:15:00+00:00,77295.8984375,77381.453125,77260.4296875,77324.7265625,108003328
2026-05-25 05:30:00+00:00,77362.7109375,77402.09375,77294.6015625,77295.890625,84221952
2026-05-25 05:45:00+00:00,77316.2734375,77361.4921875,77298.59375,77361.4921875,145543168
2026-05-25 06:00:00+00:00,77242.859375,77520.90625,77242.859375,77316.25,377935872
2026-05-25 06:15:00+00:00,77185.9609375,77253.203125,77132.4609375,77250.0,50417664
2026-05-25 06:30:00+00:00,77317.640625,77342.8125,77185.953125,77185.9609375,93179904
2026-05-25 06:45:00+00:00,77330.9765625,77432.578125,77304.59375,77317.640625,70526976
2026-05-25 07:00:00+00:00,77241.4375,77431.4921875,77211.9375,77335.59375,102586368
2026-05-25 07:15:00+00:00,77122.3984375,77267.96875,77111.8984375,77248.1015625,217716736
2026-05-25 07:30:00+00:00,77228.1015625,77240.921875,77111.90625,77122.3984375,74276864
2026-05-25 07:45:00+00:00,77310.59375,77310.90625,77211.3828125,77222.0078125,58660864
2026-05-25 08:00:00+00:00,77202.7109375,77315.7890625,77184.5390625,77315.7890625,28803072
2026-05-25 08:15:00+00:00,77231.0703125,77281.9765625,77202.7109375,77202.7109375,124313600
2026-05-25 08:30:00+00:00,77258.7265625,77295.2421875,77230.0,77237.9609375,119199744
2026-05-25 08:45:00+00:00,77366.7890625,77380.1796875,77239.0234375,77258.7265625,39018496
2026-05-25 09:00:00+00:00,77380.4921875,77417.953125,77338.90625,77366.7890625,61175808
2026-05-25 09:15:00+00:00,77428.4296875,77454.7578125,77327.5234375,77371.796875,232202240
2026-05-25 09:30:00+00:00,77504.6171875,77615.84375,77421.203125,77428.4296875,217081856
2026-05-25 09:45:00+00:00,77517.0,77584.0625,77475.1171875,77506.8671875,251033600
2026-05-25 10:00:00+00:00,77550.0,77552.28125,77475.1015625,77532.0703125,113664000
2026-05-25 10:15:00+00:00,77461.4765625,77606.6171875,77436.0078125,77550.2578125,507969536
2026-05-25 10:30:00+00:00,77444.453125,77508.53125,77427.9765625,77461.4765625,0
2026-05-25 10:45:00+00:00,77460.046875,77480.9921875,77408.0234375,77445.140625,0
2026-05-25 11:00:00+00:00,77368.609375,77460.046875,77330.3203125,77460.046875,0
2026-05-25 11:15:00+00:00,77341.4921875,77372.859375,77329.828125,77368.609375,182433792
2026-05-25 11:30:00+00:00,77398.0,77449.078125,77331.4375,77338.8125,102682624
2026-05-25 11:45:00+00:00,77284.1328125,77421.0703125,77254.46875,77408.9921875,75452416
2026-05-25 12:00:00+00:00,77286.6796875,77295.0078125,77209.0,77292.8125,190382080
2026-05-25 12:15:00+00:00,77323.15625,77350.5,77244.0,77286.671875,460800
2026-05-25 12:30:00+00:00,77285.0390625,77346.9765625,77270.796875,77322.8828125,87969792
2026-05-25 12:45:00+00:00,77287.90625,77360.96875,77218.53125,77285.03125,118939648
2026-05-25 13:00:00+00:00,77254.4375,77375.9921875,77239.0234375,77285.359375,264292352
2026-05-25 13:15:00+00:00,77253.7109375,77290.2109375,77206.0078125,77254.4375,110071808
2026-05-25 13:30:00+00:00,77271.1171875,77286.1328125,77212.6328125,77269.296875,70617088
2026-05-25 13:45:00+00:00,77257.5234375,77273.9765625,77230.0,77272.0078125,0
2026-05-25 14:00:00+00:00,77391.0234375,77439.640625,77227.90625,77257.53125,8624128
2026-05-25 14:15:00+00:00,77535.453125,77538.03125,77396.2734375,77402.9765625,0
2026-05-25 14:30:00+00:00,77498.2421875,77521.15625,77463.921875,77521.15625,0
2026-05-25 14:45:00+00:00,77633.78125,77666.3828125,77496.0078125,77498.2421875,252145664
2026-05-25 15:00:00+00:00,77633.0234375,77804.9375,77612.0078125,77631.9296875,287442944
2026-05-25 15:15:00+00:00,77525.0,77670.0078125,77519.703125,77634.5390625,637919232
2026-05-25 15:30:00+00:00,77588.0703125,77604.8828125,77493.390625,77516.8515625,66181120
2026-05-25 15:45:00+00:00,77549.9609375,77588.0703125,77483.0390625,77588.0703125,170901504
2026-05-25 16:00:00+00:00,77444.390625,77578.1328125,77443.1171875,77569.03125,0
2026-05-25 16:15:00+00:00,77523.828125,77547.5,77438.703125,77446.5390625,87300096
2026-05-25 16:30:00+00:00,77610.96875,77615.0,77504.9921875,77513.71875,40421376
2026-05-25 16:45:00+00:00,77663.7734375,77739.5234375,77593.5,77610.96875,287242240
2026-05-25 17:00:00+00:00,77612.4609375,77740.3671875,77612.2421875,77663.15625,173031424
2026-05-25 17:15:00+00:00,77586.40625,77612.453125,77516.1015625,77612.453125,134778880
2026-05-25 17:30:00+00:00,77512.1875,77586.40625,77496.75,77586.40625,161918976
2026-05-25 17:45:00+00:00,77500.9765625,77518.671875,77477.3984375,77512.1875,105486336
2026-05-25 18:00:00+00:00,77564.8203125,77592.4765625,77469.671875,77481.1875,125853696
2026-05-25 18:15:00+00:00,77569.8984375,77584.28125,77527.7109375,77564.8203125,53735424
2026-05-25 18:30:00+00:00,77547.0703125,77572.90625,77512.2421875,77572.8984375,72720384
2026-05-25 18:45:00+00:00,77481.109375,77559.9921875,77475.03125,77547.0625,97726464
2026-05-25 19:00:00+00:00,77419.546875,77485.7109375,77343.828125,77485.7109375,41916416
2026-05-25 19:15:00+00:00,77447.6171875,77447.6328125,77373.953125,77419.546875,159246336
2026-05-25 19:30:00+00:00,77340.2578125,77450.296875,77274.203125,77442.578125,178391040
2026-05-25 19:45:00+00:00,77380.6484375,77395.859375,77330.2734375,77345.796875,104994816
2026-05-25 20:00:00+00:00,77382.453125,77408.1328125,77349.6875,77361.3125,84840448
2026-05-25 20:15:00+00:00,77366.5234375,77434.9921875,77361.296875,77390.6484375,86245376
2026-05-25 20:30:00+00:00,77191.09375,77400.7734375,77147.15625,77360.4296875,0
2026-05-25 20:45:00+00:00,77199.0390625,77270.671875,77172.8125,77201.046875,555497472
2026-05-25 21:00:00+00:00,77295.0,77295.0,77199.046875,77206.4921875,182769664
2026-05-25 21:15:00+00:00,77286.609375,77295.0,77203.9921875,77295.0,232820736
2026-05-25 21:30:00+00:00,77232.671875,77295.0,77206.5078125,77282.6796875,0
2026-05-25 21:45:00+00:00,77287.7734375,77320.9765625,77225.859375,77237.453125,380919808
2026-05-25 22:00:00+00:00,77338.0,77367.140625,77203.5234375,77300.0078125,54308864
2026-05-25 22:15:00+00:00,77219.9921875,77357.421875,77197.140625,77328.5625,107450368
2026-05-25 22:30:00+00:00,77113.890625,77185.859375,76969.0703125,77179.1484375,281880576
2026-05-25 22:45:00+00:00,77043.96875,77167.8828125,77038.0,77105.8828125,63438848
2026-05-25 23:00:00+00:00,77217.21875,77218.09375,76995.640625,77016.8828125,94887936
2026-05-25 23:15:00+00:00,77202.7890625,77256.7109375,77175.5390625,77217.21875,100161536
2026-05-25 23:30:00+00:00,77257.5078125,77290.0,77183.296875,77183.296875,83021824
2026-05-25 23:45:00+00:00,77249.0703125,77294.1875,77211.7109375,77259.0,13531136
2026-05-26 00:00:00+00:00,77155.0703125,77277.359375,77136.8203125,77253.203125,137592832
2026-05-26 00:15:00+00:00,77049.6875,77170.5,77013.3515625,77158.0,56465408
2026-05-26 00:30:00+00:00,76785.9921875,77122.9921875,76750.0078125,77048.0234375,284043264
2026-05-26 00:45:00+00:00,76700.71875,76856.40625,76490.546875,76805.9765625,390254592
2026-05-26 01:00:00+00:00,76750.328125,76788.9296875,76544.28125,76626.0,153360384
2026-05-26 01:15:00+00:00,76710.0234375,76786.453125,76649.21875,76752.0078125,45330432
2026-05-26 01:30:00+00:00,76589.7578125,76691.7890625,76513.5,76688.359375,191199232
2026-05-26 01:45:00+00:00,76670.8125,76715.09375,76575.703125,76575.703125,166535168
2026-05-26 02:00:00+00:00,76684.046875,76730.96875,76550.0,76717.5078125,130318336
2026-05-26 02:15:00+00:00,76591.2265625,76696.75,76575.703125,76682.5390625,589340672
2026-05-26 02:30:00+00:00,76510.640625,76649.21875,76508.546875,76579.5703125,120096768
2026-05-26 02:45:00+00:00,76586.0625,76600.0,76431.9765625,76512.296875,168921088
2026-05-26 03:00:00+00:00,76481.546875,76577.03125,76478.953125,76563.4609375,134330368
2026-05-26 03:15:00+00:00,76503.71875,76526.3203125,76392.0,76475.7578125,86355968
2026-05-26 03:30:00+00:00,76563.6875,76629.8984375,76482.796875,76521.5,220456960
2026-05-26 03:45:00+00:00,76571.7265625,76593.0234375,76551.921875,76563.6875,298170368
2026-05-26 04:00:00+00:00,76583.4296875,76618.25,76536.0078125,76571.7265625,198942720
2026-05-26 04:15:00+00:00,76649.2265625,76662.0234375,76520.0234375,76587.453125,281522176
2026-05-26 04:30:00+00:00,76686.9609375,76705.953125,76648.0234375,76649.2265625,111792128
2026-05-26 04:45:00+00:00,76660.84375,76730.5390625,76660.828125,76689.6015625,61392896
2026-05-26 05:00:00+00:00,76715.9765625,76753.9296875,76618.2734375,76660.84375,99115008
2026-05-26 05:15:00+00:00,76784.1484375,76804.0234375,76715.9921875,76715.9921875,144039936
2026-05-26 05:30:00+00:00,76827.2421875,76893.1171875,76773.0625,76773.0625,35227648
2026-05-26 05:45:00+00:00,76837.2265625,76837.2265625,76760.703125,76827.2421875,130615296
2026-05-26 06:00:00+00:00,76790.09375,76827.8671875,76743.9765625,76825.078125,220321792
2026-05-26 06:15:00+00:00,76753.71875,76826.640625,76679.046875,76793.109375,115230720
2026-05-26 06:30:00+00:00,76888.0078125,76939.46875,76746.15625,76776.2578125,172384256
2026-05-26 06:45:00+00:00,76817.5390625,76893.1875,76810.84375,76888.0078125,192284672
2026-05-26 07:00:00+00:00,76600.0078125,76833.9921875,76573.328125,76829.9921875,0
2026-05-26 07:15:00+00:00,76606.140625,76627.9765625,76514.3671875,76600.0078125,117710848
2026-05-26 07:30:00+00:00,76556.0703125,76603.9921875,76514.5,76603.9921875,105807872
2026-05-26 07:45:00+00:00,76629.8984375,76673.8125,76552.5625,76562.8984375,34365440
2026-05-26 08:00:00+00:00,76694.1796875,76723.609375,76594.2421875,76630.0,354566144
2026-05-26 08:15:00+00:00,76718.6484375,76729.1328125,76627.03125,76694.171875,176900096
2026-05-26 08:30:00+00:00,76739.28125,76766.90625,76662.0078125,76706.28125,121440256
2026-05-26 08:45:00+00:00,76632.3203125,76748.9765625,76632.3203125,76748.96875,121655296
2026-05-26 09:00:00+00:00,76598.0,76652.140625,76572.390625,76637.96875,72527872
2026-05-26 09:15:00+00:00,76649.9765625,76721.40625,76557.5234375,76596.578125,195801088
2026-05-26 09:30:00+00:00,76599.53125,76697.7265625,76586.84375,76649.9921875,409600
2026-05-26 09:45:00+00:00,76586.0703125,76616.59375,76556.828125,76601.8125,208402432
2026-05-26 10:00:00+00:00,76621.1796875,76628.03125,76488.0078125,76552.5625,76740608
2026-05-26 10:15:00+00:00,77138.21875,77155.9765625,76626.421875,76626.421875,244348928
2026-05-26 10:30:00+00:00,77417.15625,77463.171875,77077.78125,77150.3125,423991296
2026-05-26 10:45:00+00:00,77352.421875,77530.4609375,77315.5625,77420.0078125,560513024
2026-05-26 11:00:00+00:00,77178.5234375,77420.9765625,77175.9921875,77357.2734375,207435776
2026-05-26 11:15:00+00:00,77142.2578125,77259.1328125,77134.1875,77178.53125,392396800
2026-05-26 11:30:00+00:00,77134.2109375,77232.9296875,77082.421875,77143.78125,14290944
2026-05-26 11:45:00+00:00,77097.9765625,77186.578125,77097.9765625,77134.203125,117420032
2026-05-26 12:00:00+00:00,76962.4375,77148.53125,76813.9765625,77103.8125,121495552
2026-05-26 12:15:00+00:00,76919.8828125,77019.2734375,76862.9921875,76967.953125,316852224
2026-05-26 12:30:00+00:00,77010.6796875,77024.0,76893.453125,76940.75,92520448
2026-05-26 12:45:00+00:00,77045.5390625,77053.3515625,76973.0078125,77019.9921875,172894208
2026-05-26 13:00:00+00:00,76999.4375,77065.0,76960.0,77053.6015625,140959744
2026-05-26 13:15:00+00:00,76698.046875,77007.203125,76698.046875,77004.4765625,144852992
2026-05-26 13:30:00+00:00,76805.6171875,76882.21875,76589.0078125,76701.953125,353464320
2026-05-26 13:45:00+00:00,77134.1875,77376.6875,76815.828125,76815.828125,510830592
2026-05-26 14:00:00+00:00,77327.640625,77327.640625,77064.2109375,77170.4765625,376932352
2026-05-26 14:15:00+00:00,77872.5234375,78001.7109375,77279.96875,77310.0,543582208
2026-05-26 14:30:00+00:00,76719.1015625,77914.0,76659.9921875,77913.9765625,1129957376
2026-05-26 14:45:00+00:00,76806.3203125,77093.0,76630.0,76721.6328125,942399488
2026-05-26 15:00:00+00:00,76862.5078125,76905.3203125,76601.0,76801.703125,431175680
2026-05-26 15:15:00+00:00,76546.546875,76881.0703125,76498.0,76877.578125,240556032
2026-05-26 15:30:00+00:00,76421.9765625,76592.140625,76248.59375,76502.8515625,714186752
2026-05-26 15:45:00+00:00,76396.7421875,76440.6796875,76158.296875,76415.59375,421533696
2026-05-26 16:00:00+00:00,76223.9765625,76413.8203125,76122.0,76411.8984375,781801472
2026-05-26 16:15:00+00:00,76434.3125,76453.328125,76194.0078125,76208.6328125,1268971520
2026-05-26 16:30:00+00:00,76433.0078125,76601.890625,76396.8125,76420.5,514639872
2026-05-26 16:45:00+00:00,76450.0234375,76480.25,76292.09375,76439.03125,157917184
2026-05-26 17:00:00+00:00,76380.0,76538.421875,76367.9921875,76446.5078125,155277312
2026-05-26 17:15:00+00:00,75961.0625,76377.703125,75954.4921875,76377.703125,297883648
2026-05-26 17:30:00+00:00,75915.921875,75940.2890625,75750.0390625,75892.4921875,839841792
2026-05-26 17:45:00+00:00,75816.7421875,76017.9921875,75811.2734375,75894.703125,973985792
2026-05-26 18:00:00+00:00,75893.3984375,75899.90625,75759.9921875,75805.4375,220608512
2026-05-26 18:15:00+00:00,75966.53125,76150.0078125,75870.7265625,75893.3984375,172423168
2026-05-26 18:30:00+00:00,75776.640625,76008.953125,75753.9921875,75968.9609375,514189312
2026-05-26 18:45:00+00:00,75705.859375,75873.2265625,75658.0,75780.609375,201791488
2026-05-26 19:00:00+00:00,75712.171875,75807.9765625,75685.9765625,75714.8125,329150464
2026-05-26 19:15:00+00:00,75776.3984375,75797.7578125,75669.5390625,75719.84375,294838272
2026-05-26 19:30:00+00:00,75882.7265625,75920.6484375,75743.9765625,75786.2265625,96489472
2026-05-26 19:45:00+00:00,75916.5,75973.90625,75857.0078125,75882.71875,516624384
2026-05-26 20:00:00+00:00,76002.0703125,76009.1171875,75905.859375,75930.0078125,316379136
2026-05-26 20:15:00+00:00,76052.4296875,76052.4375,75899.8125,76002.328125,446373888
2026-05-26 20:30:00+00:00,75970.4765625,76066.5625,75872.0234375,76052.4296875,112939008
2026-05-26 20:45:00+00:00,75999.171875,76015.9921875,75959.7734375,75970.46875,294150144
2026-05-26 21:00:00+00:00,75788.6796875,76015.4609375,75743.6875,75999.1796875,179347456
2026-05-26 21:15:00+00:00,75944.890625,75953.2734375,75777.4375,75788.6796875,134230016
2026-05-26 21:30:00+00:00,75900.0234375,75978.203125,75875.0,75944.890625,135905280
2026-05-26 21:45:00+00:00,75787.65625,75946.046875,75757.25,75900.0234375,342364160
2026-05-26 22:00:00+00:00,75697.9296875,75894.453125,75648.0078125,75789.796875,91807744
2026-05-26 22:15:00+00:00,75688.9609375,75734.921875,75637.8125,75682.5625,214364160
2026-05-26 22:30:00+00:00,75688.6328125,75751.703125,75657.640625,75657.640625,17473536
2026-05-26 22:45:00+00:00,75631.078125,75678.71875,75555.0078125,75678.71875,193400832
2026-05-26 23:00:00+00:00,75774.75,75829.1484375,75643.7109375,75643.7109375,477650944
2026-05-26 23:15:00+00:00,75800.0,75832.4765625,75759.359375,75774.75,24350720
2026-05-26 23:30:00+00:00,75839.7734375,75864.7421875,75774.71875,75799.9921875,161218560
2026-05-26 23:45:00+00:00,75821.25,75856.7890625,75781.9921875,75843.84375,153747456
2026-05-27 00:00:00+00:00,75875.8828125,75897.921875,75805.0,75828.9375,57794560
2026-05-27 00:15:00+00:00,75820.5234375,75866.8828125,75770.8828125,75866.8828125,18137088
2026-05-27 00:30:00+00:00,75855.3671875,75915.65625,75786.25,75832.3125,105832448
2026-05-27 00:45:00+00:00,75971.4765625,75980.171875,75836.171875,75862.359375,205025280
2026-05-27 01:00:00+00:00,75971.1484375,75995.4375,75882.0234375,75962.8828125,340480000
2026-05-27 01:15:00+00:00,75767.0390625,75962.8828125,75710.0,75962.8828125,167149568
2026-05-27 01:30:00+00:00,75751.5390625,75815.171875,75714.390625,75767.0390625,357625856
2026-05-27 01:45:00+00:00,75763.421875,75874.453125,75736.3203125,75761.1015625,263147520
2026-05-27 02:00:00+00:00,75704.2578125,75787.71875,75665.1015625,75767.890625,151408640
2026-05-27 02:15:00+00:00,75649.96875,75728.96875,75571.7578125,75704.2734375,180895744
2026-05-27 02:30:00+00:00,75620.671875,75720.6796875,75582.5,75649.9609375,0
2026-05-27 02:45:00+00:00,75713.2734375,75717.109375,75613.4375,75623.9921875,55877632
2026-05-27 03:00:00+00:00,75769.6015625,75849.890625,75712.3125,75746.28125,80060416
2026-05-27 03:15:00+00:00,75728.6484375,75773.2890625,75684.0,75761.078125,415059968
2026-05-27 03:30:00+00:00,75652.953125,75747.46875,75620.1796875,75728.640625,96395264
2026-05-27 03:45:00+00:00,75544.0078125,75652.9609375,75510.9921875,75652.9609375,251146240
2026-05-27 04:00:00+00:00,75502.4609375,75581.9921875,75502.4609375,75526.03125,141729792
2026-05-27 04:15:00+00:00,75379.6875,75506.4375,75371.9296875,75502.4609375,365596672
2026-05-27 04:30:00+00:00,75221.75,75386.8671875,75180.9765625,75372.15625,227090432
2026-05-27 04:45:00+00:00,75445.7265625,75480.09375,75229.4296875,75229.4296875,338845696
2026-05-27 05:00:00+00:00,75503.9609375,75514.0,75449.9375,75449.953125,259960832
2026-05-27 05:15:00+00:00,75538.3203125,75578.8671875,75475.0,75503.9609375,26259456
2026-05-27 05:30:00+00:00,75517.4296875,75594.171875,75482.8828125,75551.390625,314310656
2026-05-27 05:45:00+00:00,75575.9765625,75610.5,75505.90625,75511.90625,0
2026-05-27 06:00:00+00:00,75614.0078125,75675.203125,75567.359375,75589.890625,46637056
2026-05-27 06:15:00+00:00,75617.4296875,75628.640625,75558.7890625,75602.0390625,193581056
2026-05-27 06:30:00+00:00,75701.75,75701.75,75605.96875,75617.421875,318119936
2026-05-27 06:45:00+00:00,75713.9765625,75774.96875,75686.3984375,75701.75,40169472
2026-05-27 07:00:00+00:00,75665.96875,75760.0234375,75638.5390625,75713.9921875,221855744
2026-05-27 07:15:00+00:00,75741.28125,75749.46875,75631.9765625,75663.921875,123035648
2026-05-27 07:30:00+00:00,75760.9296875,75843.4609375,75728.53125,75747.40625,79781888
2026-05-27 07:45:00+00:00,75838.4375,75855.328125,75760.703125,75760.703125,187871232
2026-05-27 08:00:00+00:00,75803.9921875,75887.6328125,75775.9765625,75849.15625,200933376
2026-05-27 08:15:00+00:00,75928.859375,75955.3984375,75774.3984375,75803.9921875,224894976
2026-05-27 08:30:00+00:00,75854.40625,75932.6484375,75829.640625,75928.8671875,284524544
2026-05-27 08:45:00+00:00,75758.75,75869.9765625,75720.9609375,75854.40625,16818176
2026-05-27 09:00:00+00:00,75635.0078125,75765.0625,75621.6015625,75760.7734375,222572544
2026-05-27 09:15:00+00:00,75694.46875,75728.578125,75584.890625,75635.0078125,267882496
2026-05-27 09:30:00+00:00,75806.03125,75853.2578125,75684.8984375,75694.4921875,263913472
2026-05-27 09:45:00+00:00,75785.9765625,75822.796875,75734.2421875,75806.0234375,110448640
2026-05-27 10:00:00+00:00,75830.578125,75830.578125,75751.203125,75785.9921875,313315328
2026-05-27 10:15:00+00:00,75873.578125,75919.9921875,75817.5,75820.15625,143273984
2026-05-27 10:30:00+00:00,75778.0078125,75898.5,75741.40625,75873.59375,0
2026-05-27 10:45:00+00:00,75785.2265625,75820.3984375,75761.5390625,75778.0,152240128
2026-05-27 11:00:00+00:00,75823.03125,75878.390625,75748.0078125,75773.890625,208896
2026-05-27 11:15:00+00:00,75795.90625,75901.65625,75795.90625,75834.3515625,25657344
2026-05-27 11:30:00+00:00,75701.4765625,75783.75,75671.671875,75783.75,135733248
2026-05-27 11:45:00+00:00,75632.9765625,75701.4921875,75616.96875,75701.4921875,171159552
2026-05-27 12:00:00+00:00,75498.9609375,75645.3203125,75484.0078125,75635.0234375,49377280
2026-05-27 12:15:00+00:00,75813.90625,76021.84375,75445.0078125,75492.0390625,320946176
2026-05-27 12:30:00+00:00,75795.9375,75863.640625,75689.6796875,75815.453125,1439997952
2026-05-27 12:45:00+00:00,75548.9921875,75792.6484375,75548.9921875,75792.6484375,343351296
2026-05-27 13:00:00+00:00,75307.9921875,75620.5625,75256.0,75548.9765625,151781376
2026-05-27 13:15:00+00:00,75043.859375,75334.6875,75034.296875,75282.4921875,668147712
2026-05-27 13:30:00+00:00,74781.46875,75157.9921875,74728.171875,75046.0,440078336
2026-05-27 13:45:00+00:00,74915.7421875,74938.5,74717.953125,74784.6171875,866160640
2026-05-27 14:00:00+00:00,74844.0,75100.0,74799.03125,74954.953125,211451904
2026-05-27 14:15:00+00:00,74728.7421875,75016.0078125,74640.328125,74861.4921875,358457344
2026-05-27 14:30:00+00:00,74929.6484375,74991.421875,74658.3515625,74724.6875,335872000
2026-05-27 14:45:00+00:00,74885.9375,75017.7421875,74855.96875,74911.28125,131391488
2026-05-27 15:00:00+00:00,74991.4296875,75013.1875,74834.6875,74852.34375,0
2026-05-27 15:15:00+00:00,75221.84375,75254.8984375,74957.9765625,74977.9921875,173203456
2026-05-27 15:30:00+00:00,75060.3125,75354.296875,75020.0703125,75234.546875,217489408
2026-05-27 15:45:00+00:00,75184.1875,75280.0078125,75069.171875,75084.9765625,192077824
2026-05-27 16:00:00+00:00,75141.2265625,75259.78125,75063.7109375,75169.078125,0
2026-05-27 16:15:00+00:00,74952.40625,75165.59375,74900.0,75141.2265625,249995264
2026-05-27 16:30:00+00:00,75010.6328125,75025.890625,74865.78125,74944.7578125,61769728
2026-05-27 16:45:00+00:00,75169.90625,75173.921875,74983.3671875,75008.4921875,0
2026-05-27 17:00:00+00:00,74831.796875,75196.8203125,74812.4921875,75177.578125,389742592
2026-05-27 17:15:00+00:00,74856.0078125,74942.390625,74768.0703125,74820.453125,658823168
2026-05-27 17:30:00+00:00,74759.9921875,74898.7265625,74712.3984375,74841.609375,19410944
2026-05-27 17:45:00+00:00,74713.03125,74822.390625,74571.5078125,74755.96875,78751744
2026-05-27 18:00:00+00:00,74574.7421875,74787.0390625,74532.0,74711.65625,137502720
2026-05-27 18:15:00+00:00,74764.7890625,74783.9921875,74560.046875,74591.0625,149180416
2026-05-27 18:30:00+00:00,74832.0078125,74855.3515625,74737.96875,74753.03125,153085952
2026-05-27 18:45:00+00:00,74884.0,74889.6015625,74807.03125,74832.0078125,156047360
2026-05-27 19:00:00+00:00,74895.828125,74913.0703125,74807.9921875,74881.09375,41359360
2026-05-27 19:15:00+00:00,74884.4375,74925.9921875,74817.6015625,74869.9765625,155746304
2026-05-27 19:30:00+00:00,74863.9921875,74953.296875,74820.28125,74884.4375,419074048
2026-05-27 19:45:00+00:00,74907.9609375,74928.8515625,74802.6484375,74872.9609375,157431808
2026-05-27 20:00:00+00:00,75171.140625,75175.0078125,74909.9765625,74909.9765625,64512000
2026-05-27 20:15:00+00:00,75141.953125,75279.2421875,75136.7578125,75178.9765625,164132864
2026-05-27 20:30:00+00:00,75124.6015625,75162.921875,75085.9296875,75141.9609375,295022592
2026-05-27 20:45:00+00:00,75140.0078125,75154.046875,75104.0,75124.59375,688128
2026-05-27 21:00:00+00:00,75031.28125,75127.15625,75011.9921875,75123.7265625,76513280
2026-05-27 21:15:00+00:00,74958.8671875,75067.0,74957.9921875,75031.28125,105043968
2026-05-27 21:30:00+00:00,74500.8125,74970.8828125,74323.5390625,74958.0,168091648
2026-05-27 21:45:00+00:00,74350.96875,74494.0625,74220.0,74459.5390625,657704960
2026-05-27 22:00:00+00:00,74284.0,74636.0,74193.1171875,74326.4296875,2110234624
2026-05-27 22:15:00+00:00,74484.1875,74516.609375,74155.640625,74226.0078125,447854592
2026-05-27 22:30:00+00:00,74508.0078125,74547.75,74365.6015625,74474.7421875,316135424
2026-05-27 22:45:00+00:00,74307.0390625,74536.140625,74294.3984375,74500.828125,324657152
2026-05-27 23:00:00+00:00,74328.8828125,74356.7890625,74244.109375,74272.75,51630080
2026-05-27 23:15:00+00:00,74177.109375,74443.5390625,74113.9765625,74326.90625,220248064
2026-05-27 23:30:00+00:00,74247.7421875,74270.390625,74135.9765625,74172.9375,351811584
2026-05-27 23:45:00+00:00,74321.9921875,74365.9765625,74187.953125,74244.3125,203802624
2026-05-28 00:00:00+00:00,74299.71875,74462.390625,74296.6875,74304.0,159426560
2026-05-28 00:15:00+00:00,74342.0625,74442.296875,74238.046875,74288.0,311078912
2026-05-28 00:30:00+00:00,74435.9921875,74439.9765625,74339.6328125,74347.203125,36853760
2026-05-28 00:45:00+00:00,74439.9921875,74444.2890625,74313.6015625,74428.796875,468996096
2026-05-28 01:00:00+00:00,74342.3984375,74458.828125,74316.5390625,74458.828125,139943936
2026-05-28 01:15:00+00:00,74165.7109375,74395.1875,74043.546875,74349.5234375,334233600
2026-05-28 01:30:00+00:00,74139.9921875,74271.7578125,74053.9765625,74134.0,401258496
2026-05-28 01:45:00+00:00,74207.8515625,74251.390625,74129.1328125,74138.3984375,380882944
2026-05-28 02:00:00+00:00,74255.9921875,74256.0,74107.2109375,74230.0,73910272
2026-05-28 02:15:00+00:00,74081.3203125,74254.75,74047.53125,74232.0234375,325599232
2026-05-28 02:30:00+00:00,74129.890625,74168.0078125,74000.0078125,74114.96875,219082752
2026-05-28 02:45:00+00:00,74156.9609375,74231.4375,74102.40625,74132.3125,116967424
2026-05-28 03:00:00+00:00,74075.7734375,74248.1484375,74016.0,74141.9765625,321277952
2026-05-28 03:15:00+00:00,73616.0,74109.109375,73406.0078125,74078.90625,918302720
2026-05-28 03:30:00+00:00,73300.8984375,73651.1875,73264.7421875,73576.6484375,690573312
2026-05-28 03:45:00+00:00,73128.0078125,73432.4609375,72942.8984375,73307.1015625,935620608
2026-05-28 04:00:00+00:00,72958.15625,73130.0234375,72637.546875,73130.0234375,2516643840
2026-05-28 04:15:00+00:00,72883.0703125,72999.34375,72715.203125,72963.25,91152384
2026-05-28 04:30:00+00:00,73070.5078125,73078.3125,72837.9765625,72886.0,383684608
2026-05-28 04:45:00+00:00,73035.9765625,73051.203125,72971.8515625,73045.5234375,330452992
2026-05-28 05:00:00+00:00,72898.2109375,73040.0,72867.4609375,73027.9921875,192950272
2026-05-28 05:15:00+00:00,72825.7578125,72915.953125,72799.28125,72915.953125,143679488
2026-05-28 05:30:00+00:00,72898.9921875,72936.0,72802.7890625,72825.7734375,711016448
2026-05-28 05:45:00+00:00,72855.8203125,72925.96875,72796.796875,72908.8828125,160350208
2026-05-28 06:00:00+00:00,72868.2265625,72897.59375,72824.0078125,72850.296875,63062016
2026-05-28 06:15:00+00:00,72802.0,72894.0078125,72748.8125,72868.2265625,251932672
2026-05-28 06:30:00+00:00,72772.796875,72816.9921875,72641.4296875,72797.640625,423403520
2026-05-28 06:45:00+00:00,73057.96875,73074.0078125,72778.859375,72778.859375,516911104
2026-05-28 07:00:00+00:00,73080.203125,73103.328125,73022.40625,73075.8828125,811327488
2026-05-28 07:15:00+00:00,73118.703125,73196.03125,73084.7890625,73084.7890625,29302784
2026-05-28 07:30:00+00:00,73352.34375,73366.328125,73132.2578125,73132.2578125,454705152
2026-05-28 07:45:00+00:00,73368.7578125,73368.7578125,73252.8125,73341.46875,689242112
2026-05-28 08:00:00+00:00,73319.9921875,73356.1171875,73204.796875,73356.1171875,165961728
2026-05-28 08:15:00+00:00,73139.078125,73313.5,73105.0078125,73313.5,556822528
2026-05-28 08:30:00+00:00,73156.7890625,73179.6484375,73074.1875,73139.0703125,438259712
2026-05-28 08:45:00+00:00,73193.90625,73239.9921875,73156.7890625,73156.796875,61870080
2026-05-28 09:00:00+00:00,73177.921875,73270.7421875,73128.0,73186.328125,204845056
2026-05-28 09:15:00+00:00,73273.1875,73283.6015625,73167.0625,73180.84375,148045824
2026-05-28 09:30:00+00:00,73362.4296875,73367.1328125,73233.5703125,73273.1796875,270401536
2026-05-28 09:45:00+00:00,73412.25,73435.703125,73357.6015625,73361.0,198893568
2026-05-28 10:00:00+00:00,73448.09375,73493.2421875,73372.25,73402.140625,305139712
2026-05-28 10:15:00+00:00,73300.2109375,73452.078125,73228.140625,73448.09375,65003520
2026-05-28 10:30:00+00:00,73382.453125,73386.078125,73275.0,73295.25,424693760
2026-05-28 10:45:00+00:00,73272.0078125,73467.3515625,73249.4296875,73381.859375,452931584
2026-05-28 11:00:00+00:00,73313.2578125,73327.7578125,73215.0,73268.609375,254574592
2026-05-28 11:15:00+00:00,73233.96875,73336.6171875,73207.5078125,73321.890625,344793088
2026-05-28 11:30:00+00:00,73357.8203125,73357.8203125,73203.671875,73234.1875,633991168
2026-05-28 11:45:00+00:00,73375.6171875,73404.6171875,73299.0078125,73356.5078125,206131200
2026-05-28 12:00:00+00:00,73273.203125,73397.828125,73273.203125,73368.359375,137125888
2026-05-28 12:15:00+00:00,73251.7109375,73291.5390625,73135.6875,73276.4296875,81469440
2026-05-28 12:30:00+00:00,73353.7421875,73403.828125,73218.3125,73251.4609375,263696384
2026-05-28 12:45:00+00:00,73394.96875,73449.9921875,73350.25,73350.25,276484096
2026-05-28 13:00:00+00:00,73203.671875,73446.0,73203.671875,73390.8515625,0
2026-05-28 13:15:00+00:00,73028.5390625,73203.671875,72889.7265625,73203.671875,77139968
2026-05-28 13:30:00+00:00,72642.0234375,72993.421875,72626.65625,72993.421875,0
2026-05-28 13:45:00+00:00,72880.0390625,72908.0078125,72669.046875,72669.046875,0
2026-05-28 14:00:00+00:00,73184.34375,73184.34375,72450.0,72884.2109375,58859520
2026-05-28 14:15:00+00:00,72822.0,73426.921875,72754.46875,73163.3984375,1038237696
2026-05-28 14:30:00+00:00,72712.8515625,72903.953125,72648.3515625,72787.59375,241459200
2026-05-28 14:45:00+00:00,72885.078125,72895.8828125,72569.8515625,72714.3203125,216096768
2026-05-28 15:00:00+00:00,72726.0625,73026.9765625,72713.21875,72852.296875,277565440
2026-05-28 15:15:00+00:00,72820.75,72820.75,72550.3125,72725.171875,369651712
2026-05-28 15:30:00+00:00,72839.0078125,72847.9921875,72688.109375,72823.6875,395067392
2026-05-28 15:45:00+00:00,72791.40625,72917.921875,72745.7109375,72866.0078125,0
2026-05-28 16:00:00+00:00,72954.0,73001.2578125,72586.1171875,72770.0078125,775327744
2026-05-28 16:15:00+00:00,73008.8125,73154.1796875,72904.3984375,72956.8515625,83300352
2026-05-28 16:30:00+00:00,73213.8984375,73213.8984375,73000.2109375,73012.7265625,314380288
2026-05-28 16:45:00+00:00,73317.8671875,73317.8671875,73152.0,73232.8828125,356732928
2026-05-28 17:00:00+00:00,73352.78125,73380.0,73192.6796875,73332.453125,160641024
2026-05-28 17:15:00+00:00,73223.15625,73368.71875,73185.3671875,73368.71875,203182080
2026-05-28 17:30:00+00:00,73355.953125,73426.6171875,73211.7890625,73252.5078125,0
2026-05-28 17:45:00+00:00,73430.59375,73572.0,73359.6328125,73359.6328125,200323072
2026-05-28 18:00:00+00:00,73522.078125,73616.4375,73396.0390625,73416.4609375,122560512
2026-05-28 18:15:00+00:00,73469.4296875,73616.609375,73453.296875,73516.8203125,9252864
2026-05-28 18:30:00+00:00,73480.0,73567.8671875,73457.6171875,73475.1484375,249995264
2026-05-28 18:45:00+00:00,73536.0,73606.2578125,73450.0078125,73479.9921875,170647552
2026-05-28 19:00:00+00:00,73358.7578125,73525.7421875,73328.109375,73525.7421875,27533312
2026-05-28 19:15:00+00:00,73437.8984375,73437.8984375,73300.0078125,73356.0234375,96415744
2026-05-28 19:30:00+00:00,73316.75,73465.84375,73302.2421875,73456.203125,31203328
2026-05-28 19:45:00+00:00,73302.0234375,73401.296875,73286.140625,73320.7890625,229568512
2026-05-28 20:00:00+00:00,73331.1796875,73408.9921875,73133.0390625,73314.0,56811520
2026-05-28 20:15:00+00:00,73540.40625,73558.1328125,73318.640625,73328.0,520323072
2026-05-28 20:30:00+00:00,73590.0078125,73612.1328125,73500.1328125,73540.40625,389693440
2026-05-28 20:45:00+00:00,73477.328125,73590.640625,73463.5234375,73590.640625,39854080
2026-05-28 21:00:00+00:00,73589.0078125,73609.6875,73450.53125,73498.546875,86929408
2026-05-28 21:15:00+00:00,73584.8828125,73649.2265625,73570.0,73589.3984375,285085696
2026-05-28 21:30:00+00:00,73798.171875,73806.7578125,73576.9921875,73584.8671875,79126528
2026-05-28 21:45:00+00:00,73710.828125,73793.4296875,73687.09375,73786.6875,181125120
2026-05-28 22:00:00+00:00,73606.2734375,73830.1796875,73584.3125,73705.7734375,0
2026-05-28 22:15:00+00:00,73496.0078125,73609.9921875,73496.0078125,73606.2734375,411082752
2026-05-28 22:30:00+00:00,73390.328125,73512.8515625,73388.578125,73492.796875,209530880
2026-05-28 22:45:00+00:00,73360.203125,73483.0,73351.0,73390.328125,180011008
2026-05-28 23:00:00+00:00,73483.0,73483.0,73362.59375,73362.59375,0
2026-05-28 23:15:00+00:00,73571.2265625,73586.3984375,73452.4609375,73483.0,0
2026-05-28 23:30:00+00:00,73497.3671875,73613.578125,73432.8984375,73569.65625,18952192
2026-05-28 23:45:00+00:00,73512.5625,73539.5703125,73419.609375,73489.1328125,54337536
2026-05-29 00:00:00+00:00,73640.2578125,73676.7265625,73516.203125,73516.203125,117518336
2026-05-29 00:15:00+00:00,73676.078125,73756.3203125,73573.328125,73609.9296875,0
2026-05-29 00:30:00+00:00,73744.59375,73751.578125,73645.3515625,73678.5625,1035644928
2026-05-29 00:45:00+00:00,73624.5625,73734.3671875,73576.9921875,73734.3671875,40267776
2026-05-29 01:00:00+00:00,73685.1328125,73761.109375,73627.90625,73630.0,291930112
2026-05-29 01:15:00+00:00,73491.078125,73684.0234375,73467.4765625,73684.0234375,18595840
2026-05-29 01:30:00+00:00,73418.6875,73477.921875,73375.6796875,73470.8515625,98549760
2026-05-29 01:45:00+00:00,73480.15625,73518.4296875,73358.8984375,73422.3515625,15212544
2026-05-29 02:00:00+00:00,73519.8828125,73528.390625,73437.8984375,73481.84375,371712000
2026-05-29 02:15:00+00:00,73291.5,73537.171875,73263.8515625,73520.0,262262784
2026-05-29 02:30:00+00:00,73231.9921875,73375.6796875,73217.6875,73251.25,97980416
2026-05-29 02:45:00+00:00,73116.6875,73277.75,73074.0,73235.28125,85684224
2026-05-29 03:00:00+00:00,73334.2265625,73346.3984375,73119.8671875,73119.8671875,214757376
2026-05-29 03:15:00+00:00,73283.5625,73334.2421875,73269.546875,73334.2421875,0
2026-05-29 03:30:00+00:00,73258.1484375,73330.109375,73195.6875,73287.84375,71155712
2026-05-29 03:45:00+00:00,73187.9921875,73263.53125,73159.9921875,73258.53125,0
2026-05-29 04:00:00+00:00,73121.1484375,73269.5234375,73088.0078125,73187.9921875,0
2026-05-29 04:15:00+00:00,73254.0,73272.8984375,73126.796875,73135.3984375,0
2026-05-29 04:30:00+00:00,73308.4296875,73328.5,73240.2734375,73252.4765625,0
2026-05-29 04:45:00+00:00,73386.7734375,73400.203125,73289.4375,73309.828125,0
2026-05-29 05:00:00+00:00,73489.8671875,73529.3984375,73385.9375,73386.7734375,142702592
2026-05-29 05:15:00+00:00,73472.6171875,73505.8125,73427.0078125,73489.859375,152930304
2026-05-29 05:30:00+00:00,73405.53125,73472.6171875,73386.6875,73472.6171875,157663232
2026-05-29 05:45:00+00:00,73595.2890625,73619.9921875,73401.578125,73401.59375,67160064
2026-05-29 06:00:00+00:00,73591.6171875,73608.0,73526.28125,73572.8515625,362985472
2026-05-29 06:15:00+00:00,73661.203125,73817.25,73591.609375,73591.609375,109080576
2026-05-29 06:30:00+00:00,73598.9375,73666.75,73566.0,73650.21875,253988864
2026-05-29 06:45:00+00:00,73685.9609375,73698.0625,73598.1171875,73598.1171875,0
2026-05-29 07:00:00+00:00,73705.0390625,73712.296875,73653.8671875,73675.796875,31961088
2026-05-29 07:15:00+00:00,73659.578125,73716.1171875,73639.5234375,73711.7578125,9601024
2026-05-29 07:30:00+00:00,73302.4765625,73653.8515625,73289.1328125,73653.8515625,67364864
2026-05-29 07:45:00+00:00,73410.9296875,73410.9296875,73269.546875,73295.171875,468547584
2026-05-29 08:00:00+00:00,73607.703125,73620.8984375,73404.4921875,73404.4921875,40634368
2026-05-29 08:15:00+00:00,73677.9609375,73722.2421875,73588.796875,73612.0078125,367085568
2026-05-29 08:30:00+00:00,73716.0234375,73725.9609375,73613.578125,73669.75,200589312
2026-05-29 08:45:00+00:00,73548.0,73718.96875,73522.0390625,73718.96875,63942656
2026-05-29 09:00:00+00:00,73710.640625,73758.3125,73536.546875,73548.0,351299584
2026-05-29 09:15:00+00:00,73780.453125,73796.953125,73699.0625,73705.3671875,283701248
2026-05-29 09:30:00+00:00,73734.3125,73789.9375,73713.25,73775.4609375,0
2026-05-29 09:45:00+00:00,73640.09375,73728.3125,73607.4375,73728.0703125,33863680
2026-05-29 10:00:00+00:00,73601.078125,73635.9765625,73558.1171875,73635.9765625,39073792
2026-05-29 10:15:00+00:00,73524.2265625,73595.75,73506.9609375,73592.9296875,2068480
2026-05-29 10:30:00+00:00,73503.953125,73630.0,73475.96875,73522.6171875,100036608
2026-05-29 10:45:00+00:00,73527.2265625,73582.4609375,73482.578125,73485.0078125,363859968
2026-05-29 11:00:00+00:00,73535.9921875,73570.0,73481.90625,73521.9921875,1912832
2026-05-29 11:15:00+00:00,73462.1171875,73596.3125,73450.84375,73535.9921875,168404992
2026-05-29 11:30:00+00:00,73371.75,73486.9609375,73371.75,73459.5390625,0
2026-05-29 11:45:00+00:00,73369.7890625,73409.6171875,73230.7578125,73387.1015625,267165696
2026-05-29 12:00:00+00:00,73257.28125,73363.9375,73235.7890625,73363.9375,261423104
2026-05-29 12:15:00+00:00,73211.03125,73305.9921875,73189.78125,73221.65625,0
2026-05-29 12:30:00+00:00,73166.5625,73225.5703125,73110.96875,73208.1875,160559104
2026-05-29 12:45:00+00:00,73179.328125,73266.140625,73091.7578125,73177.6875,0
2026-05-29 13:00:00+00:00,73004.3984375,73184.3984375,72981.453125,73176.078125,233826304
2026-05-29 13:15:00+00:00,72948.890625,73022.0078125,72857.0390625,73008.0703125,38332416
2026-05-29 13:30:00+00:00,73138.0234375,73143.96875,72795.953125,72933.296875,79632384
2026-05-29 13:45:00+00:00,73012.4765625,73216.0078125,72936.390625,73148.0078125,1681408
2026-05-29 14:00:00+00:00,72890.28125,73081.9609375,72771.90625,73047.3828125,0
2026-05-29 14:15:00+00:00,72599.84375,72940.46875,72383.5078125,72881.46875,0
2026-05-29 14:30:00+00:00,72520.1171875,72757.9921875,72439.796875,72598.8984375,397731840
2026-05-29 14:45:00+00:00,72964.1484375,73047.34375,72495.296875,72501.7734375,59318272
2026-05-29 15:00:00+00:00,73585.40625,73642.1171875,72875.0625,72974.28125,344977408
2026-05-29 15:15:00+00:00,73557.2890625,73640.1796875,73355.96875,73567.9921875,707930112
2026-05-29 15:30:00+00:00,73711.0703125,74084.0,73551.1171875,73551.1171875,658788352
2026-05-29 15:45:00+00:00,73698.4921875,73771.7109375,73600.0625,73707.21875,476041216
2026-05-29 16:00:00+00:00,73847.9921875,73900.0,73674.0,73727.0234375,43407360
2026-05-29 16:15:00+00:00,73535.09375,73862.2109375,73444.0,73848.109375,190337024
2026-05-29 16:30:00+00:00,73961.109375,73989.203125,73525.5234375,73532.5234375,516640768
2026-05-29 16:45:00+00:00,73927.6484375,73997.7265625,73808.0078125,73946.8984375,38438912
2026-05-29 17:00:00+00:00,74137.0,74173.0703125,73809.921875,73951.03125,263282688
2026-05-29 17:15:00+00:00,74122.140625,74207.9921875,74052.0,74169.953125,1575948288
2026-05-29 17:30:00+00:00,74104.3125,74222.46875,74095.6796875,74122.5,175095808
2026-05-29 17:45:00+00:00,73851.0078125,74102.0,73799.9921875,74097.9921875,85114880
2026-05-29 18:00:00+00:00,73924.0,73961.1328125,73817.0,73883.0234375,111286272
2026-05-29 18:15:00+00:00,73673.6484375,73899.8984375,73628.2421875,73898.5,147320832
2026-05-29 18:30:00+00:00,73679.96875,73740.0,73641.9296875,73686.078125,145657856
2026-05-29 18:45:00+00:00,73261.34375,73683.9921875,73075.6484375,73681.6875,471220224
2026-05-29 19:00:00+00:00,73317.9765625,73386.9921875,73176.9921875,73270.84375,246624256
2026-05-29 19:15:00+00:00,73218.671875,73329.828125,73132.1796875,73318.9765625,21684224
2026-05-29 19:30:00+00:00,73580.34375,73621.046875,73225.3203125,73225.3203125,244162560
2026-05-29 19:45:00+00:00,73433.1328125,73614.75,73398.203125,73579.2421875,139173888
2026-05-29 20:00:00+00:00,73544.6796875,73576.84375,73403.9921875,73417.9296875,47763456
2026-05-29 20:15:00+00:00,73604.1484375,73647.0390625,73482.171875,73527.8203125,81174528
2026-05-29 20:30:00+00:00,73594.84375,73659.65625,73575.03125,73622.8515625,109547520
2026-05-29 20:45:00+00:00,73568.1015625,73646.2265625,73511.953125,73609.0,0
2026-05-29 21:00:00+00:00,73702.6875,73740.5234375,73537.5703125,73576.5078125,336769024
2026-05-29 21:15:00+00:00,73433.6171875,73711.2109375,73433.6171875,73706.3828125,109441024
2026-05-29 21:30:00+00:00,73500.2734375,73503.421875,73374.25,73423.15625,293797888
2026-05-29 21:45:00+00:00,73306.6328125,73516.2109375,73303.7890625,73500.2734375,147283968
2026-05-29 22:00:00+00:00,73301.859375,73388.9765625,73275.2890625,73307.2109375,69500928
2026-05-29 22:15:00+00:00,73415.890625,73466.0234375,73300.28125,73300.8125,497012736
2026-05-29 22:30:00+00:00,73372.421875,73452.0078125,73334.703125,73427.6796875,93270016
2026-05-29 22:45:00+00:00,73376.703125,73419.1875,73304.5703125,73363.46875,58986496
2026-05-29 23:00:00+00:00,73307.5703125,73415.6484375,73290.359375,73358.46875,126865408
2026-05-29 23:15:00+00:00,73273.4765625,73370.0078125,73216.2578125,73319.4375,14807040
2026-05-29 23:30:00+00:00,73331.1484375,73331.1484375,73216.9375,73282.8671875,258940928
2026-05-29 23:45:00+00:00,73366.7734375,73391.609375,73298.046875,73309.8125,86507520
2026-05-30 00:00:00+00:00,73381.1484375,73423.6328125,73328.0390625,73372.6796875,270184448
2026-05-30 00:15:00+00:00,73364.0234375,73443.03125,73355.8671875,73386.6875,66562048
2026-05-30 00:30:00+00:00,73414.046875,73414.046875,73303.359375,73364.0234375,113987584
2026-05-30 00:45:00+00:00,73394.5390625,73474.0078125,73394.5390625,73414.046875,130025472
2026-05-30 01:00:00+00:00,73486.8671875,73496.796875,73364.9609375,73394.4765625,12394496
2026-05-30 01:15:00+00:00,73537.5,73556.8984375,73457.15625,73477.6875,138321920
2026-05-30 01:30:00+00:00,73508.0078125,73568.9609375,73495.34375,73523.953125,0
2026-05-30 01:45:00+00:00,73559.3828125,73564.1875,73492.9921875,73508.03125,138670080
2026-05-30 02:00:00+00:00,73572.53125,73614.3671875,73559.3828125,73559.3828125,44128256
2026-05-30 02:15:00+00:00,73533.8515625,73595.3203125,73511.5078125,73572.5390625,0
2026-05-30 02:30:00+00:00,73606.4375,73632.53125,73533.8515625,73533.859375,61902848
2026-05-30 02:45:00+00:00,73688.9921875,73688.9921875,73586.90625,73610.59375,248137728
2026-05-30 03:00:00+00:00,73667.6875,73696.5,73643.109375,73661.4921875,455018496
2026-05-30 03:15:00+00:00,73565.5,73662.578125,73558.0234375,73657.21875,56168448
2026-05-30 03:30:00+00:00,73435.8828125,73565.5,73432.578125,73565.5,279429120
2026-05-30 03:45:00+00:00,73426.5625,73497.9921875,73416.0703125,73436.1796875,262354944
2026-05-30 04:00:00+00:00,73392.09375,73477.4765625,73250.7890625,73426.5625,169547776
2026-05-30 04:15:00+00:00,73249.921875,73386.0,73201.921875,73386.0,507772928
2026-05-30 04:30:00+00:00,73211.5390625,73251.9375,73118.046875,73231.6015625,161681408
2026-05-30 04:45:00+00:00,73292.953125,73292.9609375,73198.1171875,73218.0,226017280
2026-05-30 05:00:00+00:00,73405.9765625,73512.0,73240.5,73286.7265625,375873536
2026-05-30 05:15:00+00:00,73403.3984375,73450.8828125,73400.0078125,73405.9921875,143642624
2026-05-30 05:30:00+00:00,73478.1484375,73478.1484375,73405.4609375,73405.4609375,280469504
2026-05-30 05:45:00+00:00,73504.3828125,73535.046875,73475.0234375,73476.7890625,0
2026-05-30 06:00:00+00:00,73434.0078125,73516.1015625,73424.3828125,73508.96875,112136192
2026-05-30 06:15:00+00:00,73510.84375,73519.3515625,73430.0078125,73430.0078125,196227072
2026-05-30 06:30:00+00:00,73567.4921875,73611.0078125,73516.2578125,73520.0,168083456
2026-05-30 06:45:00+00:00,73497.0234375,73567.40625,73476.0078125,73560.40625,428990464
2026-05-30 07:00:00+00:00,73425.0234375,73500.0,73425.0234375,73490.140625,0
2026-05-30 07:15:00+00:00,73457.1484375,73480.421875,73423.96875,73428.9765625,41117696
2026-05-30 07:30:00+00:00,73391.2421875,73481.359375,73388.0234375,73453.578125,68098048
2026-05-30 07:45:00+00:00,73450.9921875,73450.9921875,73382.0,73391.2265625,0
2026-05-30 08:00:00+00:00,73466.0078125,73466.0078125,73430.0,73450.0234375,0
2026-05-30 08:15:00+00:00,73438.3203125,73461.09375,73406.359375,73452.4609375,46749696
2026-05-30 08:30:00+00:00,73406.703125,73454.0,73406.703125,73438.1328125,0
2026-05-30 08:45:00+00:00,73396.0,73429.9921875,73394.828125,73409.96875,0
2026-05-30 09:00:00+00:00,73447.9765625,73449.9921875,73395.3203125,73417.921875,0
2026-05-30 09:15:00+00:00,73465.90625,73480.6015625,73428.90625,73447.9921875,0
2026-05-30 09:30:00+00:00,73470.0234375,73481.4375,73443.0390625,73459.0390625,0
2026-05-30 09:45:00+00:00,73512.0078125,73514.828125,73461.8671875,73463.796875,0
2026-05-30 10:00:00+00:00,73532.53125,73560.4921875,73488.2578125,73516.03125,75384832
2026-05-30 10:15:00+00:00,73523.9921875,73580.2734375,73517.9921875,73532.53125,143396864
2026-05-30 10:30:00+00:00,73523.359375,73548.9296875,73504.046875,73523.671875,0
2026-05-30 10:45:00+00:00,73549.5625,73557.8984375,73504.2734375,73531.5703125,76251136
2026-05-30 11:00:00+00:00,73496.5078125,73549.5234375,73496.5078125,73532.53125,12691456
2026-05-30 11:15:00+00:00,73479.0390625,73515.75,73454.28125,73496.0625,78761984
2026-05-30 11:30:00+00:00,73519.671875,73530.9765625,73476.3984375,73488.0,6363136
2026-05-30 11:45:00+00:00,73495.3984375,73523.0625,73472.2109375,73519.671875,57552896
2026-05-30 12:00:00+00:00,73504.953125,73509.640625,73483.9765625,73505.6875,0
2026-05-30 12:15:00+00:00,73541.9921875,73571.6875,73501.4765625,73504.953125,175738880
2026-05-30 12:30:00+00:00,73579.9609375,73607.8828125,73539.5078125,73540.7734375,247791616
2026-05-30 12:45:00+00:00,73588.1328125,73594.0234375,73541.4921875,73582.0078125,97337344
2026-05-30 13:00:00+00:00,73631.9765625,73677.078125,73584.0078125,73588.1328125,22904832
2026-05-30 13:15:00+00:00,73659.7109375,73723.5234375,73598.6796875,73631.9765625,0
2026-05-30 13:30:00+00:00,73640.8984375,73669.296875,73566.4609375,73659.7265625,15904768
2026-05-30 13:45:00+00:00,73716.0,73729.703125,73624.0,73640.5234375,0
2026-05-30 14:00:00+00:00,73825.96875,73900.0,73706.8203125,73721.9765625,152596480
2026-05-30 14:15:00+00:00,73920.453125,73944.4375,73775.84375,73825.96875,79966208
2026-05-30 14:30:00+00:00,73897.8984375,73981.8125,73889.0390625,73934.9921875,138940416
2026-05-30 14:45:00+00:00,73822.0234375,73924.796875,73805.96875,73882.28125,0
2026-05-30 15:00:00+00:00,73914.0390625,73922.109375,73772.7265625,73835.3515625,0
2026-05-30 15:15:00+00:00,73829.9921875,73925.6328125,73730.3515625,73910.8984375,0
2026-05-30 15:30:00+00:00,73761.9609375,73836.640625,73730.7109375,73830.0,0
2026-05-30 15:45:00+00:00,73799.921875,73856.21875,73761.953125,73761.9609375,0
2026-05-30 16:00:00+00:00,73856.6171875,73868.296875,73768.0234375,73820.0078125,0
2026-05-30 16:15:00+00:00,73797.453125,73871.9921875,73786.859375,73848.21875,0
2026-05-30 16:30:00+00:00,73846.59375,73870.6328125,73786.96875,73800.9921875,0
2026-05-30 16:45:00+00:00,73823.8203125,73870.0,73787.7578125,73855.6796875,42326016
2026-05-30 17:00:00+00:00,73793.65625,73839.9765625,73764.1015625,73821.9921875,0
2026-05-30 17:15:00+00:00,73826.21875,73916.953125,73788.1484375,73800.0,0
2026-05-30 17:30:00+00:00,73843.890625,73843.890625,73719.9921875,73815.1171875,63363072
2026-05-30 17:45:00+00:00,73910.7890625,73914.0078125,73843.890625,73843.890625,12228608
2026-05-30 18:00:00+00:00,73908.09375,73920.5078125,73893.9765625,73910.7890625,44959744
2026-05-30 18:15:00+00:00,73865.1015625,73999.1796875,73845.5,73908.078125,0
2026-05-30 18:30:00+00:00,73984.078125,73984.3671875,73847.1015625,73865.1015625,65073152
2026-05-30 18:45:00+00:00,73929.53125,74021.7109375,73887.96875,73984.359375,54472704
2026-05-30 19:00:00+00:00,73929.9921875,73931.578125,73880.7265625,73929.53125,32217088
2026-05-30 19:15:00+00:00,73880.3984375,73960.0703125,73877.9296875,73929.9765625,20037632
2026-05-30 19:30:00+00:00,73902.03125,73932.078125,73855.7578125,73883.3828125,0
2026-05-30 19:45:00+00:00,73904.0,73961.2265625,73891.828125,73913.890625,3903488
2026-05-30 20:00:00+00:00,73848.09375,73907.96875,73821.0390625,73904.0,38756352
2026-05-30 20:15:00+00:00,73848.0390625,73860.2734375,73841.1796875,73844.7265625,8652800
2026-05-30 20:30:00+00:00,73819.859375,73863.96875,73810.421875,73848.0390625,1067008
2026-05-30 20:45:00+00:00,73871.1796875,73871.1796875,73804.9609375,73819.859375,114933760
2026-05-30 21:00:00+00:00,73884.0234375,73884.0234375,73847.953125,73879.2421875,0
2026-05-30 21:15:00+00:00,73880.90625,73904.4921875,73862.2265625,73884.609375,0
2026-05-30 21:30:00+00:00,73855.4375,73941.1796875,73845.9609375,73867.9921875,0
2026-05-30 21:45:00+00:00,73869.0703125,73903.8828125,73810.65625,73854.78125,18919424
2026-05-30 22:00:00+00:00,73782.0,73853.7421875,73714.5234375,73852.359375,4751360
2026-05-30 22:15:00+00:00,73787.796875,73820.0,73740.640625,73792.2421875,37904384
2026-05-30 22:30:00+00:00,73697.09375,73791.5703125,73687.9765625,73791.5703125,41062400
2026-05-30 22:45:00+00:00,73767.4765625,73783.2421875,73696.0,73697.1171875,72450048
2026-05-30 23:00:00+00:00,73743.4375,73880.5703125,73723.671875,73772.7265625,112861184
2026-05-30 23:15:00+00:00,73735.046875,73778.2265625,73708.9375,73743.4296875,44654592
2026-05-30 23:30:00+00:00,73672.1796875,73750.140625,73671.2890625,73750.140625,25223168
2026-05-30 23:45:00+00:00,73768.0234375,73768.0234375,73689.578125,73695.1015625,115269632
2026-05-31 00:00:00+00:00,73771.8125,73819.421875,73742.359375,73790.7578125,92391424
2026-05-31 00:15:00+00:00,73849.9765625,73918.6015625,73764.4296875,73768.0234375,41580544
2026-05-31 00:30:00+00:00,73840.0,73916.5625,73819.8515625,73843.390625,10545152
2026-05-31 00:45:00+00:00,73915.0,73927.5703125,73800.9765625,73840.546875,46319616
2026-05-31 01:00:00+00:00,74031.296875,74048.0234375,73904.9921875,73904.9921875,112054272
2026-05-31 01:15:00+00:00,73986.40625,74153.8125,73970.96875,74031.296875,143542272
2026-05-31 01:30:00+00:00,73949.28125,74106.2265625,73947.0078125,73990.0,125859840
2026-05-31 01:45:00+00:00,73940.9921875,74029.2578125,73937.59375,73949.2734375,104108032
2026-05-31 02:00:00+00:00,74049.9921875,74052.09375,73937.578125,73937.59375,35790848
2026-05-31 02:15:00+00:00,73852.5078125,74127.34375,73846.5,74051.9921875,189442048
2026-05-31 02:30:00+00:00,73857.921875,73910.0,73774.59375,73853.890625,52725760
2026-05-31 02:45:00+00:00,73979.9765625,73999.7421875,73818.0703125,73864.0390625,157442048
2026-05-31 03:00:00+00:00,74039.9921875,74044.2734375,73951.71875,73982.7734375,0
2026-05-31 03:15:00+00:00,74091.96875,74108.9921875,74008.2265625,74043.96875,23474176
2026-05-31 03:30:00+00:00,74055.328125,74110.8125,74022.359375,74091.078125,53291008
2026-05-31 03:45:00+00:00,74032.0625,74077.4921875,74024.1484375,74055.6328125,0
2026-05-31 04:00:00+00:00,74007.3125,74057.703125,74004.0234375,74032.0625,0
2026-05-31 04:15:00+00:00,74070.109375,74100.0,73987.109375,74007.3125,0
2026-05-31 04:30:00+00:00,74088.296875,74099.9921875,74027.09375,74069.4609375,0
2026-05-31 04:45:00+00:00,74054.0,74113.4921875,74041.2109375,74082.0234375,0
2026-05-31 05:00:00+00:00,74066.6171875,74098.7421875,74039.9609375,74077.5234375,0
2026-05-31 05:15:00+00:00,74060.78125,74086.2890625,74017.8984375,74058.921875,5541888
2026-05-31 05:30:00+00:00,73992.1328125,74079.7265625,73973.0625,74052.421875,7366656
2026-05-31 05:45:00+00:00,73949.1171875,73996.078125,73939.9921875,73989.40625,96638976
2026-05-31 06:00:00+00:00,73892.0625,73948.890625,73879.640625,73948.890625,528384
2026-05-31 06:15:00+00:00,73911.109375,73927.6015625,73885.7578125,73890.4921875,22435840
2026-05-31 06:30:00+00:00,73954.0703125,73994.296875,73904.9765625,73904.9765625,47911936
2026-05-31 06:45:00+00:00,73942.296875,73965.84375,73942.296875,73954.078125,102031360
2026-05-31 07:00:00+00:00,73857.5078125,73932.671875,73848.6796875,73923.4609375,0
2026-05-31 07:15:00+00:00,73777.546875,73864.96875,73777.546875,73858.75,42575872
2026-05-31 07:30:00+00:00,73746.546875,73800.0,73720.3125,73780.0,207876096
2026-05-31 07:45:00+00:00,73752.828125,73784.4921875,73739.3984375,73740.0703125,96052224
2026-05-31 08:00:00+00:00,73800.7734375,73862.1796875,73752.84375,73752.84375,74985472
2026-05-31 08:15:00+00:00,73871.2578125,73872.3671875,73795.4609375,73800.7734375,119846912
2026-05-31 08:30:00+00:00,73775.03125,73857.9609375,73740.0078125,73857.9609375,48556032
2026-05-31 08:45:00+00:00,73835.140625,73869.0703125,73735.0625,73775.03125,23812096
2026-05-31 09:00:00+00:00,73807.4375,73832.0703125,73742.59375,73821.890625,17883136
2026-05-31 09:15:00+00:00,73849.546875,73864.09375,73772.7265625,73777.4375,144132096
2026-05-31 09:30:00+00:00,73848.09375,73918.7890625,73829.25,73849.546875,31614976
2026-05-31 09:45:00+00:00,73733.3828125,73895.0,73700.6484375,73856.140625,113917952
2026-05-31 10:00:00+00:00,73740.0,73757.0234375,73696.640625,73733.3828125,71452672
2026-05-31 10:15:00+00:00,73697.3671875,73736.15625,73629.03125,73735.0625,91521024
2026-05-31 10:30:00+00:00,73714.796875,73736.421875,73694.703125,73701.1015625,187500544
2026-05-31 10:45:00+00:00,73791.0234375,73791.0234375,73695.0234375,73720.9296875,128450560
2026-05-31 11:00:00+00:00,73806.7890625,73836.328125,73789.21875,73794.5625,134352896
2026-05-31 11:15:00+00:00,73863.0,73863.0,73793.3125,73806.7890625,4993024
2026-05-31 11:30:00+00:00,73863.9921875,73863.9921875,73813.8671875,73855.8515625,0
2026-05-31 11:45:00+00:00,73833.7890625,73865.5,73801.0,73863.2734375,174376960
2026-05-31 12:00:00+00:00,73808.0234375,73876.3515625,73760.0078125,73818.7109375,25546752
2026-05-31 12:15:00+00:00,73833.109375,73892.671875,73808.0234375,73808.0234375,108802048
2026-05-31 12:30:00+00:00,73872.1015625,73872.1015625,73794.0234375,73827.9765625,106608640
2026-05-31 12:45:00+00:00,73806.3984375,73876.0078125,73777.453125,73874.0234375,0
2026-05-31 13:00:00+00:00,73833.6171875,73846.7265625,73763.328125,73806.40625,19275776
2026-05-31 13:15:00+00:00,73848.5703125,73909.3203125,73816.21875,73833.1875,29378560
2026-05-31 13:30:00+00:00,73785.2421875,73864.0,73764.28125,73857.5,193596416
2026-05-31 13:45:00+00:00,73762.8203125,73791.9921875,73702.09375,73777.71875,120025088
2026-05-31 14:00:00+00:00,73586.0078125,73762.8203125,73586.0078125,73762.8203125,302458880
2026-05-31 14:15:00+00:00,73485.4296875,73670.953125,73414.2890625,73641.9921875,184557568
2026-05-31 14:30:00+00:00,73513.6484375,73634.0078125,73472.5234375,73472.5234375,0
2026-05-31 14:45:00+00:00,73494.6484375,73594.6328125,73477.0,73513.6484375,289665024
2026-05-31 15:00:00+00:00,73574.8125,73579.921875,73480.7109375,73480.7265625,126547968
2026-05-31 15:15:00+00:00,73622.90625,73658.3984375,73544.046875,73568.3203125,0
2026-05-31 15:30:00+00:00,73529.0078125,73656.09375,73509.0234375,73656.09375,0
2026-05-31 15:45:00+00:00,73542.7578125,73579.6171875,73520.0,73530.9765625,32461824
2026-05-31 16:00:00+00:00,73511.578125,73619.921875,73504.2734375,73542.75,246451200
2026-05-31 16:15:00+00:00,73495.6015625,73524.9765625,73407.9921875,73504.2265625,19891200
2026-05-31 16:30:00+00:00,73395.9375,73497.7109375,73288.46875,73490.140625,162153472
2026-05-31 16:45:00+00:00,73426.0078125,73439.046875,73331.9921875,73376.3984375,45389824
2026-05-31 17:00:00+00:00,73417.8203125,73457.15625,73359.2421875,73420.5,32269312
2026-05-31 17:15:00+00:00,73497.3828125,73497.3828125,73422.71875,73422.71875,0
2026-05-31 17:30:00+00:00,73630.109375,73630.109375,73497.3671875,73497.3828125,99330048
2026-05-31 17:45:00+00:00,73616.0,73636.1171875,73577.4609375,73622.3203125,61587456
2026-05-31 18:00:00+00:00,73543.1328125,73612.5625,73506.3203125,73612.5625,32571392
2026-05-31 18:15:00+00:00,73517.921875,73574.21875,73490.3828125,73532.6875,20155392
2026-05-31 18:30:00+00:00,73528.9375,73594.421875,73516.0078125,73517.34375,57631744
2026-05-31 18:45:00+00:00,73491.9921875,73536.546875,73471.296875,73524.0078125,88144896
2026-05-31 19:00:00+00:00,73488.0234375,73545.75,73476.0234375,73488.0,24052736
2026-05-31 19:15:00+00:00,73422.8125,73510.640625,73354.796875,73478.1328125,676811776
2026-05-31 19:30:00+00:00,73405.34375,73438.5234375,73347.9921875,73422.8125,46945280
2026-05-31 19:45:00+00:00,73442.4921875,73468.7265625,73400.6484375,73405.5703125,102813696
2026-05-31 20:00:00+00:00,73580.6328125,73594.671875,73466.609375,73466.609375,198993920
2026-05-31 20:15:00+00:00,73570.9921875,73642.5078125,73549.2890625,73592.0078125,148911104
2026-05-31 20:30:00+00:00,73586.890625,73612.59375,73555.609375,73571.546875,57107456
2026-05-31 20:45:00+00:00,73620.15625,73649.6171875,73572.8515625,73586.890625,86478848
2026-05-31 21:00:00+00:00,73566.140625,73648.0078125,73566.03125,73632.0234375,215196672
2026-05-31 21:15:00+00:00,73538.578125,73628.0078125,73508.140625,73569.359375,29923328
2026-05-31 21:30:00+00:00,73630.078125,73639.46875,73514.0,73538.5703125,141956096
2026-05-31 21:45:00+00:00,73788.0234375,73789.0703125,73632.6796875,73632.6796875,202617856
2026-05-31 22:00:00+00:00,73806.4765625,73860.0,73579.96875,73766.1015625,240878592
2026-05-31 22:15:00+00:00,73773.34375,73885.1875,73706.796875,73843.390625,80452608
2026-05-31 22:30:00+00:00,73798.890625,73889.4609375,73755.0,73778.0,18757632
2026-05-31 22:45:00+00:00,73836.0078125,73893.3515625,73797.7890625,73810.3984375,99781632
2026-05-31 23:00:00+00:00,73829.2578125,74064.75,73826.2109375,73843.3828125,195977216
2026-05-31 23:15:00+00:00,73720.9375,73860.0,73693.96875,73824.0078125,36352000
2026-05-31 23:30:00+00:00,73474.6328125,73723.71875,73400.0,73723.71875,96237568
2026-05-31 23:45:00+00:00,73575.171875,73608.71875,73461.890625,73476.0,25661440
2026-06-01 00:00:00+00:00,73698.0078125,73767.9921875,73545.8984375,73575.1796875,168327168
2026-06-01 00:15:00+00:00,73844.6484375,73848.09375,73604.5625,73739.7578125,188887040
2026-06-01 00:30:00+00:00,73831.1484375,73973.640625,73721.21875,73862.21875,246603776
2026-06-01 00:45:00+00:00,73781.0703125,73906.0,73765.0390625,73838.671875,75917312
2026-06-01 01:00:00+00:00,73463.15625,73789.5,73463.15625,73782.1484375,11907072
2026-06-01 01:15:00+00:00,73485.796875,73553.96875,73463.8828125,73463.8828125,33064960
2026-06-01 01:30:00+00:00,73397.453125,73549.9765625,73360.671875,73497.25,51945472
2026-06-01 01:45:00+00:00,73188.0,73468.0,73173.8984375,73388.140625,284344320
2026-06-01 02:00:00+00:00,73447.75,73463.0703125,73140.2734375,73174.5703125,163979264
2026-06-01 02:15:00+00:00,73424.6875,73453.9921875,73336.8828125,73450.96875,172472320
2026-06-01 02:30:00+00:00,73671.3203125,73757.703125,73358.0,73419.7890625,93648896
2026-06-01 02:45:00+00:00,73686.1484375,73758.0,73636.1484375,73669.109375,144070656
2026-06-01 03:00:00+00:00,73780.46875,73899.8984375,73711.9921875,73711.9921875,179111936
2026-06-01 03:15:00+00:00,73814.0,73871.0,73696.15625,73780.4765625,288540672
2026-06-01 03:30:00+00:00,73753.8828125,73878.8984375,73698.21875,73817.9921875,32305152
2026-06-01 03:45:00+00:00,73661.7421875,73813.1484375,73626.7265625,73763.3203125,294791168
2026-06-01 04:00:00+00:00,73501.953125,73740.9765625,73480.71875,73661.7265625,148406272
2026-06-01 04:15:00+00:00,73299.9609375,73517.28125,73292.7578125,73501.78125,115976192
2026-06-01 04:30:00+00:00,73378.0,73389.28125,73294.90625,73300.0625,222652416
2026-06-01 04:45:00+00:00,73419.4921875,73482.9296875,73249.9296875,73377.9921875,120987648
2026-06-01 05:00:00+00:00,73428.8984375,73428.8984375,73349.03125,73400.6484375,101814272
2026-06-01 05:15:00+00:00,73242.6015625,73433.6875,73242.6015625,73433.6875,176619520
2026-06-01 05:30:00+00:00,73324.0078125,73330.0,73221.703125,73250.5078125,123453440
2026-06-01 05:45:00+00:00,73249.7421875,73367.65625,73233.703125,73316.0234375,179040256
2026-06-01 06:00:00+00:00,73193.9375,73270.1875,73136.890625,73255.7734375,204075008
2026-06-01 06:15:00+00:00,73091.0078125,73229.8203125,73058.796875,73202.8125,241313792
2026-06-01 06:30:00+00:00,72914.28125,73132.15625,72907.7734375,73098.3984375,257486848
2026-06-01 06:45:00+00:00,73037.25,73099.6796875,72861.0703125,72912.109375,399409152
2026-06-01 07:00:00+00:00,73018.46875,73102.0078125,72939.0703125,73020.0,185892864
2026-06-01 07:15:00+00:00,72878.2578125,73028.0,72876.0234375,73020.859375,283598848
2026-06-01 07:30:00+00:00,72840.671875,72886.78125,72771.4296875,72865.0,195661824
2026-06-01 07:45:00+00:00,72701.96875,72856.390625,72621.4765625,72844.8828125,252266496
2026-06-01 08:00:00+00:00,72716.90625,72760.7109375,72684.7265625,72707.390625,170737664
2026-06-01 08:15:00+00:00,72630.0,72760.078125,72559.9921875,72708.28125,144453632
2026-06-01 08:30:00+00:00,72656.9375,72760.578125,72519.65625,72640.7421875,409794560
2026-06-01 08:45:00+00:00,72800.7578125,72819.9921875,72645.0,72665.8828125,157902848
2026-06-01 09:00:00+00:00,72863.8671875,72915.8671875,72800.75,72807.5078125,86855680
2026-06-01 09:15:00+00:00,72904.40625,72993.65625,72837.1484375,72863.859375,332208128
2026-06-01 09:30:00+00:00,72845.65625,72942.7265625,72817.96875,72904.3984375,124694528
2026-06-01 09:45:00+00:00,72791.359375,72913.296875,72748.9375,72857.25,1145124864
2026-06-01 10:00:00+00:00,72697.8125,72820.0,72689.203125,72811.75,256139264
2026-06-01 10:15:00+00:00,72616.0,72713.5390625,72574.40625,72691.546875,269418496
2026-06-01 10:30:00+00:00,72590.359375,72701.5625,72500.0078125,72621.0078125,191873024
2026-06-01 10:45:00+00:00,72652.0078125,72694.5625,72609.0,72609.0,261883904
2026-06-01 11:00:00+00:00,72585.1796875,72670.6484375,72559.25,72666.203125,124461056
2026-06-01 11:15:00+00:00,72577.7421875,72643.9921875,72557.171875,72583.6328125,192667648
2026-06-01 11:30:00+00:00,72616.0703125,72641.3515625,72512.6796875,72571.6015625,71776256
2026-06-01 11:45:00+00:00,72388.7578125,72674.9921875,72236.0,72629.9765625,28489728
2026-06-01 12:00:00+00:00,71967.9765625,72502.15625,71849.8828125,72468.0,1050810368
2026-06-01 12:15:00+00:00,72136.0390625,72198.0078125,71943.0,71986.8515625,1196855296
2026-06-01 12:30:00+00:00,72188.9921875,72238.0,72092.5703125,72134.3203125,473274368
2026-06-01 12:45:00+00:00,72130.2265625,72199.8203125,72026.921875,72184.1015625,218277888
2026-06-01 13:00:00+00:00,71736.921875,72136.59375,71642.3671875,72132.9375,546254848
2026-06-01 13:15:00+00:00,71717.859375,71910.609375,71652.75,71763.6171875,736923648
2026-06-01 13:30:00+00:00,71463.3515625,71934.4375,71463.3515625,71767.8828125,888942592
2026-06-01 13:45:00+00:00,71595.9921875,71753.59375,71264.6328125,71521.3828125,942526464
2026-06-01 14:00:00+00:00,71537.9765625,71761.921875,71428.0078125,71585.640625,1547333632
2026-06-01 14:15:00+00:00,71396.25,71601.4296875,71350.4765625,71503.5390625,337324032
2026-06-01 14:30:00+00:00,71358.671875,71445.9921875,71273.2578125,71414.3125,480622592
2026-06-01 14:45:00+00:00,71418.65625,71480.3984375,71270.6484375,71359.2265625,656420864
2026-06-01 15:00:00+00:00,71378.0234375,71548.2421875,71320.0078125,71434.0625,481316864
2026-06-01 15:15:00+00:00,70946.7109375,71396.25,70940.0,71387.0078125,498073600
2026-06-01 15:30:00+00:00,71142.046875,71354.0078125,70946.0,70946.0,1183283200
2026-06-01 15:45:00+00:00,70989.7265625,71161.8671875,70942.71875,71144.6796875,378818560
2026-06-01 16:00:00+00:00,70750.2578125,71055.9921875,70565.9765625,70992.96875,556204032
2026-06-01 16:15:00+00:00,70959.796875,70960.5625,70699.96875,70745.7734375,1177776128
2026-06-01 16:30:00+00:00,71222.90625,71233.9375,70910.921875,70992.7421875,978141184
2026-06-01 16:45:00+00:00,71445.0625,71474.890625,71230.703125,71235.7734375,408928256
2026-06-01 17:00:00+00:00,71473.8671875,71531.6484375,71362.0703125,71445.0703125,971689984
2026-06-01 17:15:00+00:00,71625.7578125,71625.7578125,71365.3125,71501.671875,480202752
2026-06-01 17:30:00+00:00,71614.0078125,71677.2890625,71424.5078125,71677.2890625,505131008
2026-06-01 17:45:00+00:00,71549.953125,71685.140625,71532.0234375,71613.9921875,446795776
2026-06-01 18:00:00+00:00,71381.8984375,71587.8984375,71358.6171875,71531.7265625,320151552
2026-06-01 18:15:00+00:00,71446.96875,71446.96875,71278.171875,71379.90625,82968576
2026-06-01 18:30:00+00:00,71409.9921875,71574.1875,71409.9921875,71461.1015625,492429312
2026-06-01 18:45:00+00:00,71397.953125,71460.0,71297.0390625,71390.0078125,419508224
2026-06-01 19:00:00+00:00,71337.34375,71401.0703125,71314.34375,71401.0703125,509792256
2026-06-01 19:15:00+00:00,71521.2578125,71521.2578125,71285.7734375,71346.453125,470446080
2026-06-01 19:30:00+00:00,71545.3515625,71574.859375,71437.2890625,71523.1484375,274251776
2026-06-01 19:45:00+00:00,71481.9921875,71517.2578125,71408.078125,71514.828125,368173056
2026-06-01 20:00:00+00:00,71476.65625,71485.6796875,71417.8125,71478.6796875,84799488
2026-06-01 20:15:00+00:00,71518.1484375,71603.4921875,71427.90625,71499.0703125,143257600
2026-06-01 20:30:00+00:00,71504.0,71584.140625,71483.046875,71519.9921875,103956480
2026-06-01 20:45:00+00:00,71355.140625,71523.0078125,71319.8203125,71504.0,216399872
2026-06-01 21:00:00+00:00,71128.4609375,71357.078125,71058.1875,71354.609375,120950784
2026-06-01 21:15:00+00:00,71046.5703125,71138.4609375,70987.0078125,71124.046875,441991168
2026-06-01 21:30:00+00:00,70918.078125,71070.1796875,70839.7578125,71058.921875,86441984
2026-06-01 21:45:00+00:00,70943.046875,71032.1875,70878.078125,70926.7421875,142807040
2026-06-01 22:00:00+00:00,70874.0,70950.0,70734.9375,70950.0,372695040
2026-06-01 22:15:00+00:00,71185.703125,71230.46875,70868.7734375,70878.78125,332607488
2026-06-01 22:30:00+00:00,71048.703125,71263.0390625,70976.0,71185.671875,317120512
2026-06-01 22:45:00+00:00,71305.8671875,71356.578125,71038.03125,71038.03125,178139136
2026-06-01 23:00:00+00:00,71264.140625,71341.7109375,71217.9375,71305.8671875,691781632
2026-06-01 23:15:00+00:00,71142.9609375,71373.921875,71142.9609375,71277.7109375,259727360
2026-06-01 23:30:00+00:00,71414.2734375,71485.390625,71128.921875,71152.546875,294879232
2026-06-01 23:45:00+00:00,71307.1875,71455.46875,71271.4921875,71421.40625,152399872
2026-06-02 00:00:00+00:00,71171.9765625,71314.4375,71150.109375,71314.4375,50159616
2026-06-02 00:15:00+00:00,71128.6796875,71196.5234375,71053.7109375,71171.9765625,180236288
2026-06-02 00:30:00+00:00,71075.8984375,71200.0,70993.1171875,71155.8203125,213508096
2026-06-02 00:45:00+00:00,71189.15625,71201.7109375,71044.0234375,71082.0,74854400
2026-06-02 01:00:00+00:00,71267.90625,71275.3125,71135.828125,71201.7109375,567447552
2026-06-02 01:15:00+00:00,71104.5078125,71275.3125,71104.5078125,71271.5234375,175472640
2026-06-02 01:30:00+00:00,70858.578125,71131.421875,70690.7421875,71108.9375,402706432
2026-06-02 01:45:00+00:00,70588.0,70856.0390625,70588.0,70856.0390625,173318144
2026-06-02 02:00:00+00:00,70236.7265625,70612.7109375,70071.96875,70535.4375,744493056
2026-06-02 02:15:00+00:00,70700.5,70714.546875,70058.6796875,70236.171875,383086592
2026-06-02 02:30:00+00:00,70496.796875,70776.6171875,70482.5,70710.9765625,1295536128
2026-06-02 02:45:00+00:00,70735.96875,70735.96875,70478.953125,70496.78125,276848640
2026-06-02 03:00:00+00:00,70803.3125,70925.1875,70696.71875,70738.0,284491776
2026-06-02 03:15:00+00:00,70850.0,70899.96875,70714.5625,70807.8828125,63713280
2026-06-02 03:30:00+00:00,70878.5625,70899.9921875,70810.96875,70854.3203125,283443200
2026-06-02 03:45:00+00:00,70840.859375,70912.0390625,70825.7265625,70878.5703125,348360704
2026-06-02 04:00:00+00:00,70656.0,70902.109375,70603.90625,70870.0,217800704
2026-06-02 04:15:00+00:00,70853.7890625,70910.4609375,70663.6875,70668.0703125,481124352
2026-06-02 04:30:00+00:00,70903.78125,70937.9921875,70806.2421875,70856.0,49696768
2026-06-02 04:45:00+00:00,70697.9921875,70900.0,70646.7265625,70891.8984375,416157696
2026-06-02 05:00:00+00:00,70691.9765625,70727.6328125,70478.953125,70700.796875,289030144
2026-06-02 05:15:00+00:00,70488.140625,70694.4765625,70473.9921875,70694.4765625,143548416
2026-06-02 05:30:00+00:00,70423.6171875,70607.828125,70323.6171875,70506.8671875,555499520
2026-06-02 05:45:00+00:00,70159.03125,70426.8984375,70154.0703125,70419.0390625,86016000
2026-06-02 06:00:00+00:00,70203.3828125,70337.0390625,70116.8203125,70167.453125,290238464
2026-06-02 06:15:00+00:00,70257.578125,70286.1328125,70120.109375,70203.5,417439744
2026-06-02 06:30:00+00:00,70146.9296875,70318.0078125,70146.9296875,70260.2734375,141606912
2026-06-02 06:45:00+00:00,69999.9609375,70222.296875,69850.921875,70133.5390625,536932352
2026-06-02 07:00:00+00:00,69950.9375,70050.03125,69673.8671875,70020.421875,934543360
2026-06-02 07:15:00+00:00,69812.8203125,70151.3203125,69734.3984375,69950.9296875,123879424
2026-06-02 07:30:00+00:00,70103.8984375,70139.7109375,69809.1015625,69814.4296875,293961728
2026-06-02 07:45:00+00:00,70006.796875,70105.6875,69978.1171875,70083.9765625,464486400
2026-06-02 08:00:00+00:00,69947.34375,70065.828125,69856.71875,70015.7734375,0
2026-06-02 08:15:00+00:00,69907.171875,69979.28125,69761.453125,69916.0,666484736
2026-06-02 08:30:00+00:00,69759.9921875,69971.8515625,69759.9921875,69907.15625,0
2026-06-02 08:45:00+00:00,69710.9296875,69829.7265625,69605.9765625,69758.0,428064768
2026-06-02 09:00:00+00:00,69448.3828125,69741.953125,69387.4296875,69738.9296875,401551360
2026-06-02 09:15:00+00:00,69290.0078125,69515.046875,69216.84375,69437.34375,337494016
2026-06-02 09:30:00+00:00,69383.671875,69450.0,69248.6171875,69296.40625,381607936
2026-06-02 09:45:00+00:00,69319.390625,69416.15625,69271.3203125,69374.8984375,22921216
2026-06-02 10:00:00+00:00,69544.0234375,69629.546875,69241.0,69318.09375,0
2026-06-02 10:15:00+00:00,69522.4921875,69618.0,69407.84375,69543.7109375,554369024
2026-06-02 10:30:00+00:00,69357.1328125,69556.8671875,69335.671875,69529.796875,0
2026-06-02 10:45:00+00:00,69546.6171875,69578.0,69359.4375,69359.4375,604872704
2026-06-02 11:00:00+00:00,69445.9296875,69549.90625,69382.0,69535.109375,48500736
2026-06-02 11:15:00+00:00,69381.9296875,69454.6328125,69313.9921875,69439.296875,219344896
2026-06-02 11:30:00+00:00,69368.0,69430.5390625,69305.8828125,69393.890625,136085504
2026-06-02 11:45:00+00:00,69349.9921875,69504.1015625,69349.9921875,69375.2578125,103751680
2026-06-02 12:00:00+00:00,69246.546875,69438.25,69201.0703125,69337.9921875,39849984
2026-06-02 12:15:00+00:00,69177.03125,69330.609375,69127.171875,69243.6328125,0
2026-06-02 12:30:00+00:00,69104.4375,69162.359375,68979.21875,69162.359375,697364480
2026-06-02 12:45:00+00:00,68924.9375,69132.796875,68924.9375,69110.2109375,586924032
2026-06-02 13:00:00+00:00,68803.171875,69064.6015625,68801.1171875,68884.15625,1261666304
2026-06-02 13:15:00+00:00,68906.25,68991.65625,68780.0,68805.828125,231436288
2026-06-02 13:30:00+00:00,68763.4609375,68995.0,68659.5,68918.0,551153664
2026-06-02 13:45:00+00:00,68668.3828125,68837.8671875,68626.546875,68773.1796875,0
2026-06-02 14:00:00+00:00,68445.84375,68652.6796875,68197.9921875,68631.078125,246620160
2026-06-02 14:15:00+00:00,67749.0078125,68438.21875,67506.09375,68438.21875,1061408768
2026-06-02 14:30:00+00:00,67869.390625,68112.1015625,67735.0,67735.0,480182272
2026-06-02 14:45:00+00:00,67870.390625,68124.9609375,67834.2421875,67863.1015625,396476416
2026-06-02 15:00:00+00:00,67709.9296875,67921.7109375,67667.703125,67880.6875,307539968
2026-06-02 15:15:00+00:00,67336.1796875,67712.0078125,67266.828125,67712.0078125,363950080
2026-06-02 15:30:00+00:00,67132.546875,67359.9921875,66959.1484375,67298.453125,1014943744
2026-06-02 15:45:00+00:00,67169.296875,67352.0234375,66974.4765625,67134.1015625,741416960
2026-06-02 16:00:00+00:00,67788.6015625,67820.90625,67094.578125,67160.3203125,842903552
2026-06-02 16:15:00+00:00,67721.6875,67993.890625,67650.390625,67798.453125,1422999552
2026-06-02 16:30:00+00:00,67492.921875,67730.6484375,67418.5390625,67703.0234375,320487424
2026-06-02 16:45:00+00:00,67295.2578125,67699.1015625,67284.8828125,67488.03125,326729728
2026-06-02 17:00:00+00:00,67374.59375,67492.0078125,67252.0703125,67304.421875,200097792
2026-06-02 17:15:00+00:00,67603.0,67664.046875,67332.5234375,67368.6875,258732032
2026-06-02 17:30:00+00:00,67366.359375,67700.0625,67348.2421875,67599.578125,209006592
2026-06-02 17:45:00+00:00,67352.0,67386.0078125,67262.5,67373.25,122425344
2026-06-02 18:00:00+00:00,67471.921875,67515.3828125,67353.40625,67356.4609375,79372288
2026-06-02 18:15:00+00:00,67176.8125,67498.9921875,67174.21875,67471.90625,574832640
2026-06-02 18:30:00+00:00,67187.8671875,67238.0234375,67081.9921875,67188.8515625,139386880
2026-06-02 18:45:00+00:00,67217.15625,67242.8671875,67030.0,67178.6875,370331648
2026-06-02 19:00:00+00:00,67232.21875,67295.2421875,67116.6484375,67218.2109375,241729536
2026-06-02 19:15:00+00:00,66873.453125,67241.6328125,66834.0,67220.890625,444395520
2026-06-02 19:30:00+00:00,66819.25,66900.34375,66347.0,66874.1328125,660033536
2026-06-02 19:45:00+00:00,67185.4375,67356.640625,66761.9765625,66840.578125,1084108800
2026-06-02 20:00:00+00:00,67261.6328125,67367.203125,66987.4609375,67195.9765625,730685440
2026-06-02 20:15:00+00:00,66833.6328125,67275.0078125,66802.328125,67274.0,548311040
2026-06-02 20:30:00+00:00,67195.65625,67228.203125,66829.8125,66829.8125,529776640
2026-06-02 20:45:00+00:00,67482.796875,67568.03125,67191.0,67199.4921875,545636352
2026-06-02 21:00:00+00:00,67370.2421875,67689.3671875,67304.5,67491.6015625,617725952
2026-06-02 21:15:00+00:00,67775.6015625,67806.8671875,67388.0,67388.0,45576192
2026-06-02 21:30:00+00:00,67604.84375,67821.796875,67597.03125,67783.6328125,391970816
2026-06-02 21:45:00+00:00,67460.0,67637.9921875,67406.5234375,67637.9921875,391884800
2026-06-02 22:00:00+00:00,67109.1328125,67426.0078125,67107.078125,67409.3203125,297885696
2026-06-02 22:15:00+00:00,67187.6796875,67323.953125,66860.0,67120.03125,545931264
2026-06-02 22:30:00+00:00,66851.9296875,67210.59375,66727.8515625,67180.0,249503744
2026-06-02 22:45:00+00:00,66272.703125,66829.6875,66187.546875,66829.6875,1061593088
2026-06-02 23:00:00+00:00,66595.9921875,66595.9921875,66116.0,66302.03125,526630912
2026-06-02 23:15:00+00:00,66338.0078125,66660.359375,66108.8203125,66584.0078125,1675681792
2026-06-02 23:30:00+00:00,66613.0390625,66624.0,66158.0078125,66318.9765625,493359104
2026-06-02 23:45:00+00:00,66656.546875,66770.0,66571.8125,66571.8125,161054720
2026-06-03 00:00:00+00:00,66701.640625,66810.96875,66563.34375,66667.0078125,511942656
2026-06-03 00:15:00+00:00,66681.9921875,67021.5390625,66667.0,66726.0,102412288
2026-06-03 00:30:00+00:00,66980.296875,67078.71875,66606.2890625,66671.9921875,1919332352
2026-06-03 00:45:00+00:00,66838.0078125,67056.890625,66836.25,66967.953125,117927936
2026-06-03 01:00:00+00:00,66729.2265625,66844.203125,66576.7421875,66844.203125,0
2026-06-03 01:15:00+00:00,66920.6328125,66949.4375,66714.4375,66714.4375,173371392
2026-06-03 01:30:00+00:00,66422.0,66957.1484375,66377.359375,66932.1796875,28213248
2026-06-03 01:45:00+00:00,66817.09375,66938.4609375,66417.0,66434.2890625,352468992
2026-06-03 02:00:00+00:00,66724.6796875,66820.75,66623.1875,66818.0,39747584
2026-06-03 02:15:00+00:00,66564.0390625,66838.0234375,66542.140625,66728.0078125,0
2026-06-03 02:30:00+00:00,66645.9296875,66764.0078125,66502.0,66572.46875,191299584
2026-06-03 02:45:00+00:00,66519.9921875,66726.7265625,66487.1875,66646.671875,914370560
2026-06-03 03:00:00+00:00,66422.328125,66568.3984375,66320.921875,66530.1796875,0
2026-06-03 03:15:00+00:00,66046.171875,66527.90625,66015.9921875,66435.421875,316547072
2026-06-03 03:30:00+00:00,65671.1875,66168.4375,65650.4609375,66076.359375,1328082944
2026-06-03 03:45:00+00:00,65750.7734375,65882.0234375,65384.94921875,65695.0,1123971072
2026-06-03 04:00:00+00:00,66241.609375,66504.0078125,65728.0,65728.0,867622912
2026-06-03 04:15:00+00:00,66479.8515625,66518.390625,66222.0,66245.7734375,97927168
2026-06-03 04:30:00+00:00,66339.2578125,66473.3203125,66216.921875,66473.3203125,434016256
2026-06-03 04:45:00+00:00,66371.65625,66411.9921875,66182.0,66335.8828125,62128128
2026-06-03 05:00:00+00:00,67031.4921875,67161.2890625,66379.8984375,66420.34375,756596736
2026-06-03 05:15:00+00:00,66998.2578125,67178.1796875,66884.0234375,67042.296875,569974784
2026-06-03 05:30:00+00:00,66920.640625,66969.796875,66678.7734375,66964.5625,560541696
2026-06-03 05:45:00+00:00,67226.0,67296.078125,66934.96875,66935.2734375,1475878912
2026-06-03 06:00:00+00:00,67065.7109375,67278.390625,67015.2578125,67223.671875,545910784
2026-06-03 06:15:00+00:00,67152.0,67260.2734375,67056.578125,67056.578125,466382848
2026-06-03 06:30:00+00:00,67214.5390625,67407.34375,67090.0,67139.328125,356093952
2026-06-03 06:45:00+00:00,66882.953125,67234.953125,66865.71875,67234.953125,11206656
2026-06-03 07:00:00+00:00,66994.5625,67059.921875,66782.0078125,66873.3125,0
2026-06-03 07:15:00+00:00,67093.96875,67243.7578125,66943.46875,66980.5390625,364974080
2026-06-03 07:30:00+00:00,67112.421875,67192.8125,66985.0,67093.9609375,269369344
2026-06-03 07:45:00+00:00,67125.921875,67227.0234375,67090.609375,67113.3515625,156028928
2026-06-03 08:00:00+00:00,66977.34375,67161.59375,66974.390625,67113.328125,86962176
2026-06-03 08:15:00+00:00,66937.4375,67048.8828125,66906.671875,66977.34375,368070656
2026-06-03 08:30:00+00:00,66994.609375,67132.2578125,66874.5625,66946.2734375,310759424
2026-06-03 08:45:00+00:00,66927.6484375,67082.0,66877.453125,66988.8828125,313716736
2026-06-03 09:00:00+00:00,66869.1015625,67003.40625,66842.5234375,66925.9765625,0
2026-06-03 09:15:00+00:00,66733.8203125,66867.9765625,66707.7890625,66865.9921875,184958976
2026-06-03 09:30:00+00:00,66633.6015625,66757.75,66628.640625,66727.9921875,275369984
2026-06-03 09:45:00+00:00,66978.5703125,67204.9765625,66547.1015625,66637.046875,724406272
2026-06-03 10:00:00+00:00,67200.21875,67358.828125,66961.7265625,66971.84375,567582720
2026-06-03 10:15:00+00:00,67212.171875,67235.9921875,67081.5625,67180.90625,33681408
2026-06-03 10:30:00+00:00,67135.2109375,67304.0234375,67107.9609375,67211.8671875,0
2026-06-03 10:45:00+00:00,67190.2265625,67222.03125,67080.65625,67134.65625,238661632
2026-06-03 11:00:00+00:00,67248.6328125,67273.7578125,67101.921875,67198.9375,273039360
2026-06-03 11:15:00+00:00,67241.6171875,67270.921875,67185.7734375,67230.8125,666775552
2026-06-03 11:30:00+00:00,67057.671875,67230.796875,67014.4765625,67230.796875,326922240
2026-06-03 11:45:00+00:00,66966.0,67054.75,66950.0625,67043.9765625,602112
2026-06-03 12:00:00+00:00,66872.609375,67035.140625,66802.0,66969.6328125,274120704
2026-06-03 12:15:00+00:00,66934.046875,66967.296875,66689.5390625,66866.7890625,236720128
2026-06-03 12:30:00+00:00,66863.8515625,67058.6875,66733.078125,66912.3125,313720832
2026-06-03 12:45:00+00:00,66982.0,67038.03125,66823.0234375,66848.6015625,28647424
2026-06-03 13:00:00+00:00,67017.9296875,67110.0078125,66883.8125,66984.640625,0
2026-06-03 13:15:00+00:00,66736.671875,67140.4921875,66721.8828125,67017.9296875,136196096
2026-06-03 13:30:00+00:00,66656.5625,67087.2734375,66605.0390625,66739.3203125,41324544
2026-06-03 13:45:00+00:00,66786.0,66926.453125,66521.0,66631.3203125,745820160
2026-06-03 14:00:00+00:00,66783.0390625,66820.0390625,66618.28125,66820.0390625,0
2026-06-03 14:15:00+00:00,66670.1171875,66816.1015625,66528.0,66787.40625,0
2026-06-03 14:30:00+00:00,66628.0078125,66870.0390625,66600.859375,66721.203125,0
2026-06-03 14:45:00+00:00,66749.7578125,66818.6484375,66624.09375,66624.09375,16982016
2026-06-03 15:00:00+00:00,66409.4609375,66769.8203125,66374.6875,66729.2734375,6086656
2026-06-03 15:15:00+00:00,66473.0390625,66509.78125,66138.890625,66405.0703125,96620544
2026-06-03 15:30:00+00:00,66187.6484375,66562.9375,66116.0,66474.3828125,0
2026-06-03 15:45:00+00:00,65972.1796875,66266.4375,65970.1796875,66202.0234375,106729472
2026-06-03 16:00:00+00:00,66057.0078125,66252.296875,65768.171875,65992.4609375,585547776
2026-06-03 16:15:00+00:00,65504.0,66116.7265625,65466.890625,66025.046875,124604416
2026-06-03 16:30:00+00:00,65812.5390625,65864.078125,65499.01171875,65542.8984375,1025654784
2026-06-03 16:45:00+00:00,65954.609375,65974.0,65731.75,65834.421875,87298048
2026-06-03 17:00:00+00:00,65603.953125,66013.0390625,65600.3515625,65987.2734375,209608704
2026-06-03 17:15:00+00:00,65844.4765625,65879.4375,65618.4375,65626.0,740622336
2026-06-03 17:30:00+00:00,66003.1484375,66083.0078125,65742.046875,65844.0,347398144
2026-06-03 17:45:00+00:00,65862.8515625,66011.3984375,65700.0078125,66005.7734375,0
2026-06-03 18:00:00+00:00,65870.3671875,65994.7265625,65766.1015625,65861.40625,600637440
2026-06-03 18:15:00+00:00,65808.8125,65856.2421875,65653.4375,65856.2421875,241631232
2026-06-03 18:30:00+00:00,65946.046875,66008.0,65702.84375,65810.0390625,245469184
2026-06-03 18:45:00+00:00,65939.5234375,66053.71875,65921.6484375,65949.40625,493244416
2026-06-03 19:00:00+00:00,65857.953125,65960.46875,65797.4375,65932.3671875,271933440
2026-06-03 19:15:00+00:00,65557.8828125,65918.65625,65501.1796875,65876.34375,258228224
2026-06-03 19:30:00+00:00,65660.0,65722.4765625,65524.55859375,65558.5625,0
2026-06-03 19:45:00+00:00,65349.078125,65750.0,65175.171875,65659.8828125,145272832
2026-06-03 20:00:00+00:00,65480.0,65508.41015625,65169.6484375,65356.08984375,496599040
2026-06-03 20:15:00+00:00,65450.55078125,65499.51171875,65200.05078125,65361.98828125,113192960
2026-06-03 20:30:00+00:00,65102.76171875,65480.28125,65087.98828125,65451.98046875,350146560
2026-06-03 20:45:00+00:00,64909.01171875,65135.171875,64719.33984375,65113.171875,395497472
2026-06-03 21:00:00+00:00,65309.1015625,65476.0,64861.94921875,64894.921875,614625280
2026-06-03 21:15:00+00:00,65416.0,65492.55859375,65306.3203125,65306.3203125,201031680
2026-06-03 21:30:00+00:00,65416.6796875,65624.25,65201.51171875,65428.12109375,822734848
2026-06-03 21:45:00+00:00,65660.0,65753.2109375,65380.48046875,65424.23828125,513118208
2026-06-03 22:00:00+00:00,65226.4609375,65717.1328125,65208.01953125,65610.9921875,0
2026-06-03 22:15:00+00:00,65077.26171875,65233.96875,64912.53125,65233.96875,147480576
2026-06-03 22:30:00+00:00,64974.8203125,65158.28125,64875.44140625,65029.87109375,381431808
2026-06-03 22:45:00+00:00,64812.0,64987.26171875,64698.78125,64962.9296875,90406912
2026-06-03 23:00:00+00:00,64510.0,64869.98046875,64330.46875,64808.7109375,0
2026-06-03 23:15:00+00:00,64386.8984375,64550.0,64265.51171875,64467.0,219439104
2026-06-03 23:30:00+00:00,64151.1796875,64535.2109375,64149.98828125,64420.94921875,0
2026-06-03 23:45:00+00:00,64040.0,64244.01953125,63991.3203125,64180.109375,477253632
2026-06-04 00:00:00+00:00,64213.51171875,64318.578125,64034.75,64052.0,749572096
2026-06-04 00:15:00+00:00,63377.01953125,64278.5,63350.0,64236.25,337100800
2026-06-04 00:30:00+00:00,63510.01171875,63714.44140625,63005.12109375,63246.0,898785280
2026-06-04 00:45:00+00:00,63247.30078125,63464.3984375,62970.0,63464.3984375,1460969472
2026-06-04 01:00:00+00:00,63023.921875,63401.0,63017.03125,63237.94140625,1101271040
2026-06-04 01:15:00+00:00,62624.76171875,63022.16015625,62523.51171875,63022.16015625,1984667648
2026-06-04 01:30:00+00:00,62758.859375,63052.0390625,62621.01171875,62634.0,556146688
2026-06-04 01:45:00+00:00,62083.44921875,62779.109375,62029.01953125,62720.0,1389649920
2026-06-04 02:00:00+00:00,62325.58984375,62409.5,61338.1015625,62117.25,1821200384
2026-06-04 02:15:00+00:00,62925.98046875,63011.0,62085.0,62322.05078125,2106667008
2026-06-04 02:30:00+00:00,63334.08984375,63424.01953125,62835.83984375,62909.9609375,834433024
2026-06-04 02:45:00+00:00,63137.73828125,63538.6015625,63086.01171875,63326.0390625,2044661760
2026-06-04 03:00:00+00:00,63884.7109375,63904.12109375,63146.5390625,63180.98046875,442486784
2026-06-04 03:15:00+00:00,63837.01171875,64052.3984375,63813.91015625,63914.98828125,1172013056
2026-06-04 03:30:00+00:00,64305.0,64448.7890625,63831.3984375,63849.37109375,546312192
2026-06-04 03:45:00+00:00,64283.37890625,64373.53125,64198.75,64311.7890625,0
2026-06-04 04:00:00+00:00,64553.23828125,64567.96875,64261.9609375,64276.73046875,0
2026-06-04 04:15:00+00:00,64504.8203125,64683.91015625,64431.26171875,64539.0390625,782663680
2026-06-04 04:30:00+00:00,64344.0390625,64547.23046875,64196.80078125,64506.01953125,60452864
2026-06-04 04:45:00+00:00,64333.3203125,64392.3515625,64247.05078125,64348.0,539049984
2026-06-04 05:00:00+00:00,63893.5390625,64325.58984375,63654.01953125,64325.58984375,93618176
2026-06-04 05:15:00+00:00,63791.9609375,63949.26953125,63576.7890625,63856.0,549281792
2026-06-04 05:30:00+00:00,64222.25,64270.0,63710.83984375,63768.0,392507392
2026-06-04 05:45:00+00:00,63895.08984375,64220.6796875,63849.51171875,64207.98046875,0
2026-06-04 06:00:00+00:00,64194.078125,64194.078125,63826.078125,63865.0,91078656
2026-06-04 06:15:00+00:00,64187.55078125,64410.140625,64123.19921875,64182.01171875,539344896
2026-06-04 06:30:00+00:00,64270.3203125,64350.0,64012.01171875,64167.55859375,0
2026-06-04 06:45:00+00:00,63961.01953125,64249.46875,63911.25,64221.05078125,0
2026-06-04 07:00:00+00:00,63748.6015625,64003.25,63675.23046875,63987.62890625,292597760
2026-06-04 07:15:00+00:00,63626.078125,63765.28125,63440.3515625,63743.19140625,400699392
2026-06-04 07:30:00+00:00,63858.83984375,63946.359375,63638.25,63650.05859375,486055936
2026-06-04 07:45:00+00:00,63540.75,63878.328125,63537.6796875,63878.328125,402563072
2026-06-04 08:00:00+00:00,63303.01953125,63825.51953125,63278.98828125,63564.08984375,476704768
2026-06-04 08:15:00+00:00,63401.0,63527.87890625,63186.0703125,63287.25,356495360
2026-06-04 08:30:00+00:00,63343.98046875,63603.890625,63311.62109375,63414.0,481918976
2026-06-04 08:45:00+00:00,63540.94921875,63656.0703125,63324.23828125,63324.26953125,178335744
2026-06-04 09:00:00+00:00,63264.2109375,63542.0,63127.98828125,63539.94921875,174813184
2026-06-04 09:15:00+00:00,62790.0,63219.12890625,62732.0,63219.12890625,601935872
2026-06-04 09:30:00+00:00,62822.390625,62919.0,62634.26171875,62789.0,952815616
2026-06-04 09:45:00+00:00,63187.109375,63187.109375,62816.0,62816.0,73752576
2026-06-04 10:00:00+00:00,62790.0,63153.6796875,62740.58984375,63153.6796875,338616320
2026-06-04 10:15:00+00:00,62435.96875,62932.0,62432.03125,62793.28125,0
2026-06-04 10:30:00+00:00,62654.7109375,62704.0,62365.05078125,62416.2109375,0
2026-06-04 10:45:00+00:00,62362.9609375,62684.19140625,62228.328125,62642.2890625,0
2026-06-04 11:00:00+00:00,62204.58984375,62595.2109375,62152.0,62365.91015625,2029371392
2026-06-04 11:15:00+00:00,62540.19921875,62569.37109375,62162.921875,62201.23046875,996691968
2026-06-04 11:30:00+00:00,62184.05078125,62750.0,62132.4296875,62545.6015625,1133531136
2026-06-04 11:45:00+00:00,62472.6796875,62481.55859375,62170.890625,62170.890625,712163328
2026-06-04 12:00:00+00:00,62461.12109375,62618.48828125,62315.23828125,62485.19921875,191000576
2026-06-04 12:15:00+00:00,63174.140625,63287.7890625,62455.3515625,62455.3515625,820264960
2026-06-04 12:30:00+00:00,63500.0,63645.359375,63080.0,63183.8984375,1863974912
2026-06-04 12:45:00+00:00,63689.48046875,63895.9609375,63439.359375,63487.62890625,957657088
2026-06-04 13:00:00+00:00,63517.609375,63764.98046875,63501.76171875,63673.98828125,154963968
2026-06-04 13:15:00+00:00,63153.69140625,63558.12890625,63009.0,63529.96875,664727552
2026-06-04 13:30:00+00:00,63737.578125,64186.01171875,63136.0390625,63136.0390625,1043845120
2026-06-04 13:45:00+00:00,64149.19140625,64149.19140625,63610.0,63725.87890625,532033536
2026-06-04 14:00:00+00:00,64328.609375,64441.26953125,63944.421875,64199.0,391163904
2026-06-04 14:15:00+00:00,64095.83984375,64360.0,63999.98828125,64324.0390625,430891008
2026-06-04 14:30:00+00:00,63936.0,64084.01953125,63787.98046875,64084.01953125,484622336
2026-06-04 14:45:00+00:00,63893.96875,63997.140625,63726.390625,63936.9609375,613191680
2026-06-04 15:00:00+00:00,64302.98046875,64302.98046875,63779.46875,63860.05078125,184561664
2026-06-04 15:15:00+00:00,63902.87890625,64334.21875,63734.01953125,64249.8203125,116895744
2026-06-04 15:30:00+00:00,63760.6484375,63994.8515625,63720.890625,63904.2890625,670715904
2026-06-04 15:45:00+00:00,63813.1484375,63913.4296875,63621.98046875,63760.78125,397152256
2026-06-04 16:00:00+00:00,63588.91015625,63845.98828125,63580.0,63805.48828125,1487884288
2026-06-04 16:15:00+00:00,63560.0,63779.44921875,63560.0,63580.5390625,326156288
2026-06-04 16:30:00+00:00,63692.94921875,63762.96875,63362.33984375,63558.609375,0
2026-06-04 16:45:00+00:00,63480.890625,63838.1796875,63424.21875,63688.80078125,1929211904
2026-06-04 17:00:00+00:00,63502.2109375,63630.921875,63361.0703125,63466.0,168923136
2026-06-04 17:15:00+00:00,63134.87890625,63475.6796875,63062.26171875,63475.6796875,891412480
2026-06-04 17:30:00+00:00,62962.21875,63214.1015625,62884.21875,63137.9609375,732844032
2026-06-04 17:45:00+00:00,63450.390625,63543.62890625,62893.21875,62958.9609375,1607102464
2026-06-04 18:00:00+00:00,63067.80078125,63478.3515625,63058.30859375,63464.53125,803520512
2026-06-04 18:15:00+00:00,63798.30078125,63798.30078125,63059.62890625,63077.0,428331008
2026-06-04 18:30:00+00:00,63841.8984375,64015.0,63648.578125,63764.6484375,1697411072
2026-06-04 18:45:00+00:00,63726.0,64000.3203125,63726.0,63828.55078125,70602752
2026-06-04 19:00:00+00:00,63793.1015625,63793.1015625,63529.16015625,63715.3515625,406650880
2026-06-04 19:15:00+00:00,64040.921875,64062.44140625,63789.75,63819.921875,757399552
2026-06-04 19:30:00+00:00,63699.6015625,64044.83984375,63669.0390625,64029.01953125,0
2026-06-04 19:45:00+00:00,63535.71875,63691.21875,63447.37890625,63691.21875,463847424
2026-06-04 20:00:00+00:00,63440.0,63547.890625,63172.44140625,63547.890625,144601088
2026-06-04 20:15:00+00:00,63265.0,63459.8984375,63113.890625,63430.71875,135708672
2026-06-04 20:30:00+00:00,63497.25,63594.5390625,63275.421875,63285.05859375,688582656
2026-06-04 20:45:00+00:00,63578.0390625,63587.21875,63366.96875,63497.25,0
2026-06-04 21:00:00+00:00,63730.7890625,63797.3203125,63534.51171875,63556.78125,126783488
2026-06-04 21:15:00+00:00,63440.73046875,63745.0,63372.80859375,63745.0,1370443776
2026-06-04 21:30:00+00:00,63436.12890625,63461.80078125,63094.8984375,63461.80078125,359780352
2026-06-04 21:45:00+00:00,63211.71875,63471.30078125,63198.69140625,63437.98828125,413913088
2026-06-04 22:00:00+00:00,63221.87890625,63432.640625,63134.16015625,63186.421875,4661248
2026-06-04 22:15:00+00:00,63288.640625,63374.87109375,63235.48828125,63238.0,255315968
2026-06-04 22:30:00+00:00,63440.1796875,63503.98046875,63165.9609375,63268.87890625,319721472
2026-06-04 22:45:00+00:00,63660.8515625,63701.73828125,63383.03125,63450.98828125,472662016
2026-06-04 23:00:00+00:00,63529.96875,63772.421875,63529.96875,63654.03125,0
2026-06-04 23:15:00+00:00,63389.37890625,63539.03125,63309.12109375,63509.51953125,367497216
2026-06-04 23:30:00+00:00,63690.44140625,63714.01171875,63398.98046875,63398.98046875,112226304
2026-06-04 23:45:00+00:00,63811.91015625,63845.44921875,63625.8515625,63665.1796875,528592896
2026-06-05 00:00:00+00:00,63587.37890625,63775.8984375,63568.46875,63775.8984375,176685056
2026-06-05 00:15:00+00:00,63823.921875,63829.78125,63511.26953125,63558.75,134598656
2026-06-05 00:30:00+00:00,63621.55078125,63898.0390625,63611.75,63816.26953125,0
2026-06-05 00:45:00+00:00,63354.359375,63711.1484375,63316.8984375,63615.1484375,0
2026-06-05 01:00:00+00:00,63282.5,63330.0,62985.98046875,63322.5,0
2026-06-05 01:15:00+00:00,63256.421875,63344.421875,63069.671875,63276.0,172167168
2026-06-05 01:30:00+00:00,63366.37109375,63489.73046875,63198.05078125,63296.0,507625472
2026-06-05 01:45:00+00:00,63296.83984375,63363.94921875,63165.62890625,63324.390625,0
2026-06-05 02:00:00+00:00,63107.8203125,63364.2890625,63104.578125,63300.9296875,0
2026-06-05 02:15:00+00:00,62630.171875,63196.12109375,62630.16015625,63125.05859375,0
2026-06-05 02:30:00+00:00,62677.0703125,62865.23046875,62524.30078125,62622.0,0
2026-06-05 02:45:00+00:00,62538.859375,62778.0,62520.01171875,62662.890625,0
2026-06-05 03:00:00+00:00,62306.01171875,62576.66015625,62266.171875,62544.2890625,65396736
2026-06-05 03:15:00+00:00,62526.5390625,62744.78125,62312.03125,62323.01171875,194707456
2026-06-05 03:30:00+00:00,62599.0,62808.98046875,62508.4296875,62548.37109375,1090437120
2026-06-05 03:45:00+00:00,62658.30859375,62771.3984375,62592.25,62592.25,0
2026-06-05 04:00:00+00:00,62790.1796875,62897.53125,62458.0,62662.96875,136572928
2026-06-05 04:15:00+00:00,63140.0,63140.0,62589.3515625,62805.328125,63021056
2026-06-05 04:30:00+00:00,62950.37109375,63159.0,62912.37890625,63159.0,328269824
2026-06-05 04:45:00+00:00,63542.4609375,63574.19140625,62781.73828125,62935.921875,138186752
2026-06-05 05:00:00+00:00,63304.21875,63603.5703125,63267.23046875,63586.01171875,17145856
2026-06-05 05:15:00+00:00,63444.2109375,63489.55859375,63200.01171875,63330.98046875,394514432
2026-06-05 05:30:00+00:00,62820.01171875,63489.8515625,62819.078125,63446.87890625,84004864
2026-06-05 05:45:00+00:00,62257.0,62895.94921875,62216.01171875,62868.87890625,218918912
2026-06-05 06:00:00+00:00,62022.98046875,62557.96875,61983.0,62240.640625,1237643264
2026-06-05 06:15:00+00:00,61602.0,62188.44140625,61093.55078125,62029.05078125,1133064192
2026-06-05 06:30:00+00:00,62091.41015625,62129.9609375,61595.98046875,61623.078125,1513353216
2026-06-05 06:45:00+00:00,61881.9296875,62107.76953125,61748.671875,62100.0,1050787840
2026-06-05 07:00:00+00:00,61431.80078125,61914.421875,61327.73046875,61870.01171875,0
2026-06-05 07:15:00+00:00,62193.01953125,62282.51171875,61513.6015625,61542.23046875,2262274048
2026-06-05 07:30:00+00:00,62815.51171875,62829.0703125,62123.01171875,62185.19921875,540442624
2026-06-05 07:45:00+00:00,63044.51953125,63044.51953125,62724.94921875,62798.0,532025344
2026-06-05 08:00:00+00:00,62750.0,63035.078125,62653.78125,63034.30859375,1705529344
2026-06-05 08:15:00+00:00,62741.390625,62810.12890625,62526.25,62752.87109375,232370176
2026-06-05 08:30:00+00:00,62478.8515625,62840.37109375,62462.69140625,62750.01171875,88559616
2026-06-05 08:45:00+00:00,62390.01953125,62560.62890625,62230.26953125,62447.98828125,9474048
2026-06-05 09:00:00+00:00,62986.171875,62986.171875,62392.96875,62409.30859375,806285312
2026-06-05 09:15:00+00:00,63065.98828125,63142.28125,62863.30078125,63053.1484375,0
2026-06-05 09:30:00+00:00,62766.19140625,63059.62109375,62724.25,63054.0703125,136720384
2026-06-05 09:45:00+00:00,62804.6796875,62920.83984375,62750.0,62774.0,46014464
2026-06-05 10:00:00+00:00,62699.48828125,62877.66015625,62598.3515625,62814.21875,41967616
2026-06-05 10:15:00+00:00,62522.80078125,62688.890625,62460.69921875,62688.890625,201469952
2026-06-05 10:30:00+00:00,62617.8984375,62631.0,62319.01171875,62525.8984375,0
2026-06-05 10:45:00+00:00,62485.0390625,62596.0,62393.41015625,62590.8203125,498946048
2026-06-05 11:00:00+00:00,62255.76953125,62487.37890625,62207.05078125,62480.6796875,0
2026-06-05 11:15:00+00:00,62404.94921875,62540.98828125,62188.0,62236.76171875,1000173568
2026-06-05 11:30:00+00:00,62054.96875,62462.0,62054.96875,62414.0390625,0
2026-06-05 11:45:00+00:00,61916.30859375,62185.23046875,61914.51171875,62045.37109375,333520896
2026-06-05 12:00:00+00:00,62084.1015625,62207.4609375,61584.01171875,61897.6015625,84836352
2026-06-05 12:15:00+00:00,62145.26171875,62365.28125,62092.1796875,62116.12890625,230993920
2026-06-05 12:30:00+00:00,61927.19140625,62329.28125,61567.66015625,62329.28125,78774272
2026-06-05 12:45:00+00:00,61910.8984375,62024.0390625,61812.30859375,61939.890625,0
2026-06-05 13:00:00+00:00,61933.37109375,62111.98828125,61869.30078125,61927.21875,320811008
2026-06-05 13:15:00+00:00,62070.828125,62241.01953125,61837.3515625,61908.98828125,34619392
2026-06-05 13:30:00+00:00,61790.5390625,62244.4609375,61622.3984375,61977.98046875,162279424
2026-06-05 13:45:00+00:00,60693.46875,61813.9296875,60683.08984375,61784.0,416223232
2026-06-05 14:00:00+00:00,60817.98046875,61153.12890625,60420.0,60665.3984375,896630784
2026-06-05 14:15:00+00:00,60353.5703125,60986.01171875,60312.03125,60815.9609375,1048248320
2026-06-05 14:30:00+00:00,60771.05078125,61121.8984375,60309.41015625,60436.30078125,1773113344
2026-06-05 14:45:00+00:00,60814.0,61058.0,60593.28125,60831.98828125,1054846976
2026-06-05 15:00:00+00:00,60537.01953125,60960.0,60491.98828125,60779.109375,375885824
2026-06-05 15:15:00+00:00,60734.0,61042.96875,60466.51171875,60558.0390625,585150464
2026-06-05 15:30:00+00:00,60321.48046875,60790.0,60015.96875,60711.1015625,1263005696
2026-06-05 15:45:00+00:00,60417.80078125,60573.9609375,60168.9609375,60318.4609375,1103544320
2026-06-05 16:00:00+00:00,60856.01953125,61015.4609375,59772.98046875,60359.12109375,1472438272
2026-06-05 16:15:00+00:00,60881.71875,61505.3515625,60713.62109375,60759.6015625,2701103104
2026-06-05 16:30:00+00:00,60774.48046875,61022.73046875,60682.37890625,60871.23828125,378707968
2026-06-05 16:45:00+00:00,61340.28125,61423.78125,60776.5,60793.44140625,838250496
2026-06-05 17:00:00+00:00,61003.921875,61453.98046875,60895.1484375,61351.30078125,0
2026-06-05 17:15:00+00:00,60635.9296875,61026.4296875,60618.8984375,61001.58984375,715501568
2026-06-05 17:30:00+00:00,60701.87109375,61068.62890625,60648.01171875,60648.01171875,981995520
2026-06-05 17:45:00+00:00,60756.359375,60786.05078125,60601.109375,60706.37890625,235909120
2026-06-05 18:00:00+00:00,60561.98046875,60884.73828125,60561.98046875,60749.890625,180576256
2026-06-05 18:15:00+00:00,60095.28125,60580.0,60056.73828125,60549.91015625,793735168
2026-06-05 18:30:00+00:00,59889.62109375,60265.98046875,59651.9609375,60120.5390625,541257728
2026-06-05 18:45:00+00:00,59328.01171875,59895.98828125,59095.640625,59895.98828125,1323794432
2026-06-05 19:00:00+00:00,59357.23828125,59557.421875,59119.53125,59346.55859375,882319360
2026-06-05 19:15:00+00:00,59826.921875,59826.921875,59106.921875,59334.171875,721666048
2026-06-05 19:30:00+00:00,59706.48828125,59848.0,59456.921875,59802.0390625,946851840
2026-06-05 19:45:00+00:00,60267.12890625,60420.0,59695.30078125,59695.30078125,1501900800
2026-06-05 20:00:00+00:00,60789.37109375,60894.0,59924.26953125,60256.921875,675508224
2026-06-05 20:15:00+00:00,60903.5703125,61029.83984375,60688.96875,60822.890625,386588672
2026-06-05 20:30:00+00:00,61244.0,61272.0,60852.140625,60928.5,769613824
2026-06-05 20:45:00+00:00,61630.76171875,61719.140625,61182.0,61242.0,582111232
2026-06-05 21:00:00+00:00,61834.5,61935.05078125,61547.609375,61625.69140625,467550208
2026-06-05 21:15:00+00:00,61550.62109375,61954.6796875,61533.5390625,61824.640625,562839552
2026-06-05 21:30:00+00:00,61850.16015625,61908.1796875,61433.05859375,61548.0703125,99303424
2026-06-05 21:45:00+00:00,61656.0,61872.96875,61605.33984375,61818.08984375,427876352
2026-06-05 22:00:00+00:00,61360.98828125,61630.859375,61236.4296875,61600.0,280895488
2026-06-05 22:15:00+00:00,61457.0,61618.23828125,61309.05078125,61323.87109375,229990400
2026-06-05 22:30:00+00:00,61734.8515625,61842.5703125,61376.30859375,61513.609375,852918272
2026-06-05 22:45:00+00:00,61565.0,61944.58984375,61522.01171875,61716.0,479977472
2026-06-05 23:00:00+00:00,61281.4296875,61742.8203125,61281.4296875,61611.359375,768434176
2026-06-05 23:15:00+00:00,60916.4609375,61260.21875,60807.7109375,61260.21875,0
2026-06-05 23:30:00+00:00,60792.6015625,60915.390625,60497.3984375,60915.390625,469794816
2026-06-05 23:45:00+00:00,61028.0,61039.01171875,60676.140625,60782.48828125,189153280
2026-06-06 00:00:00+00:00,61396.48828125,61425.71875,61048.19921875,61048.19921875,986095616
2026-06-06 00:15:00+00:00,61283.96875,61496.26171875,61124.80859375,61394.98828125,205414400
2026-06-06 00:30:00+00:00,61171.7109375,61395.0,61145.4296875,61281.8515625,422002688
2026-06-06 00:45:00+00:00,61243.21875,61359.80859375,61158.0,61161.03125,30498816
2026-06-06 01:00:00+00:00,61123.98828125,61354.03125,61089.46875,61260.69140625,0
2026-06-06 01:15:00+00:00,61269.828125,61270.5,60951.55078125,61130.8515625,180273152
2026-06-06 01:30:00+00:00,61027.0,61274.30078125,60991.9296875,61270.5,383172608
2026-06-06 01:45:00+00:00,61025.8203125,61146.98828125,60929.4609375,61034.05859375,678141952
2026-06-06 02:00:00+00:00,60855.91015625,61053.05859375,60839.6015625,61026.46875,346849280
2026-06-06 02:15:00+00:00,60791.55078125,60952.94921875,60646.03125,60851.0,10092544
2026-06-06 02:30:00+00:00,60916.421875,61022.08984375,60749.0,60787.7109375,296140800
2026-06-06 02:45:00+00:00,60922.4609375,61154.98828125,60863.3984375,60898.0,0
2026-06-06 03:00:00+00:00,60849.890625,60943.6015625,60766.0,60909.98828125,393338880
2026-06-06 03:15:00+00:00,60772.140625,60913.390625,60696.0,60875.0,151150592
2026-06-06 03:30:00+00:00,60662.76953125,60771.9609375,60503.53125,60717.80078125,329236480
2026-06-06 03:45:00+00:00,60657.01953125,60774.01171875,60587.25,60689.921875,117227520
2026-06-06 04:00:00+00:00,60099.98828125,60842.23046875,60076.4296875,60647.640625,190332928
2026-06-06 04:15:00+00:00,59960.0,60312.01171875,59868.69140625,60105.23046875,560398336
2026-06-06 04:30:00+00:00,59780.8984375,60027.03125,59463.98828125,59955.0,929234944
2026-06-06 04:45:00+00:00,60072.05078125,60261.91015625,59690.3203125,59790.0,314900480
2026-06-06 05:00:00+00:00,59859.4296875,60210.48046875,59596.6796875,60082.8984375,2281676800
2026-06-06 05:15:00+00:00,60717.98828125,60985.83984375,59851.01171875,59851.01171875,341188608
2026-06-06 05:30:00+00:00,60782.7109375,60925.98828125,60578.1796875,60699.44921875,613998592
2026-06-06 05:45:00+00:00,60910.3984375,61013.73828125,60722.19921875,60798.9609375,222724096
2026-06-06 06:00:00+00:00,61121.76953125,61211.80078125,60922.171875,60922.171875,26509312
2026-06-06 06:15:00+00:00,60996.05859375,61208.53125,60969.37890625,61114.30078125,137183232
2026-06-06 06:30:00+00:00,60782.6015625,61139.890625,60771.46875,61007.0,104800256
2026-06-06 06:45:00+00:00,60755.69140625,60930.01171875,60661.41015625,60794.0,512278528
2026-06-06 07:00:00+00:00,61055.3515625,61093.26171875,60699.94921875,60756.01953125,1435652096
2026-06-06 07:15:00+00:00,60860.01171875,61195.98046875,60810.05859375,61049.28125,652107776
2026-06-06 07:30:00+00:00,61005.9609375,61065.6796875,60837.98828125,60857.5390625,363040768
2026-06-06 07:45:00+00:00,60970.76953125,61072.0,60931.53125,61025.4296875,179073024
2026-06-06 08:00:00+00:00,61110.8203125,61124.19921875,60846.9609375,60974.890625,42708992
2026-06-06 08:15:00+00:00,61399.62109375,61416.0,61007.8984375,61124.0,875577344
2026-06-06 08:30:00+00:00,61330.05078125,61449.3984375,61262.76171875,61350.48046875,232415232
2026-06-06 08:45:00+00:00,61236.0,61444.91015625,61211.01953125,61316.109375,1013452800
2026-06-06 09:00:00+00:00,61191.12890625,61278.359375,61094.0,61209.37109375,709529600
2026-06-06 09:15:00+00:00,61280.19140625,61287.41015625,61066.37890625,61164.98046875,185675776
2026-06-06 09:30:00+00:00,61063.98046875,61265.109375,61029.80859375,61257.69140625,186277888
2026-06-06 09:45:00+00:00,60940.5703125,61082.51171875,60862.05078125,61064.3984375,1177956352
2026-06-06 10:00:00+00:00,60587.48046875,60944.609375,60578.53125,60937.98828125,308424704
2026-06-06 10:15:00+00:00,60501.359375,60706.69921875,60448.3203125,60616.0,48623616
2026-06-06 10:30:00+00:00,60387.921875,60489.0390625,60194.0,60489.0390625,2065272832
2026-06-06 10:45:00+00:00,60572.140625,60577.98828125,60321.48046875,60387.91015625,390037504
2026-06-06 11:00:00+00:00,60607.76171875,60759.328125,60517.7890625,60533.94140625,0
2026-06-06 11:15:00+00:00,60771.98828125,60820.3203125,60568.8515625,60607.921875,0
2026-06-06 11:30:00+00:00,60798.62890625,60836.5,60698.98046875,60754.0,540053504
2026-06-06 11:45:00+00:00,60772.390625,60924.01171875,60714.96875,60794.0,789168128
2026-06-06 12:00:00+00:00,61010.859375,61061.83984375,60774.9296875,60774.9296875,350048256
2026-06-06 12:15:00+00:00,60717.1015625,61061.83984375,60695.96875,61012.08984375,373407744
2026-06-06 12:30:00+00:00,60785.26953125,60829.9609375,60620.4609375,60695.94140625,239091712
2026-06-06 12:45:00+00:00,60988.05078125,61126.0,60756.390625,60793.0,0
2026-06-06 13:00:00+00:00,60974.01171875,61070.4296875,60929.08984375,60976.6796875,486428672
2026-06-06 13:15:00+00:00,60846.359375,61008.71875,60843.0390625,60967.76171875,0
2026-06-06 13:30:00+00:00,60873.890625,60873.890625,60677.0,60831.87109375,261828608
2026-06-06 13:45:00+00:00,60759.37890625,61016.73828125,60731.66015625,60911.6015625,0
2026-06-06 14:00:00+00:00,60882.01953125,60966.51953125,60746.01171875,60776.671875,0
2026-06-06 14:15:00+00:00,60848.109375,60982.01953125,60765.4296875,60873.98828125,0
2026-06-06 14:30:00+00:00,60915.3203125,60966.01953125,60796.5,60846.01171875,35463168
2026-06-06 14:45:00+00:00,60763.94140625,60974.08984375,60760.0,60917.96875,0
2026-06-06 15:00:00+00:00,60585.76171875,60844.48828125,60531.078125,60777.5,0
2026-06-06 15:15:00+00:00,60635.58984375,60648.9296875,60383.98828125,60588.01953125,0
2026-06-06 15:30:00+00:00,60825.8203125,60874.12890625,60541.94140625,60623.83984375,0
2026-06-06 15:45:00+00:00,60748.12890625,60883.890625,60690.48828125,60846.609375,0
2026-06-06 16:00:00+00:00,60753.3515625,60932.0,60680.859375,60716.94921875,0
2026-06-06 16:15:00+00:00,60584.19921875,60790.01953125,60572.1484375,60736.4296875,0
2026-06-06 16:30:00+00:00,60735.87109375,60735.87109375,60464.0,60569.12890625,0
2026-06-06 16:45:00+00:00,60746.76171875,60825.0,60666.0,60729.921875,0
2026-06-06 17:00:00+00:00,60692.01953125,60816.76171875,60573.69140625,60761.5,155086848
2026-06-06 17:15:00+00:00,60644.62109375,60732.76171875,60568.33984375,60681.05078125,0
2026-06-06 17:30:00+00:00,60675.7109375,60776.98828125,60563.0703125,60654.03125,73003008
2026-06-06 17:45:00+00:00,60548.12890625,60706.03125,60478.51953125,60676.890625,728932352
2026-06-06 18:00:00+00:00,60458.62890625,60593.28125,60420.01953125,60557.08984375,628932608
2026-06-06 18:15:00+00:00,60679.44921875,60704.5390625,60368.96875,60454.19140625,0
2026-06-06 18:30:00+00:00,60577.609375,60662.73828125,60500.01171875,60662.73828125,0
2026-06-06 18:45:00+00:00,60604.01171875,60648.23046875,60457.66015625,60568.2109375,0
2026-06-06 19:00:00+00:00,60690.23046875,60747.30078125,60523.609375,60583.6796875,0
2026-06-06 19:15:00+00:00,60582.71875,60703.109375,60564.609375,60680.8203125,0
2026-06-06 19:30:00+00:00,60590.19921875,60606.62109375,60500.05859375,60582.828125,75853824
2026-06-06 19:45:00+00:00,60570.08984375,60656.87890625,60562.55859375,60589.53125,59871232
2026-06-06 20:00:00+00:00,60537.83984375,60608.9609375,60489.98046875,60569.109375,0
2026-06-06 20:15:00+00:00,60566.98828125,60613.6796875,60493.62890625,60520.80078125,292974592
2026-06-06 20:30:00+00:00,60705.359375,60720.01953125,60543.8515625,60566.98046875,305688576
2026-06-06 20:45:00+00:00,60681.30859375,60723.98828125,60612.6484375,60700.30078125,0
2026-06-06 21:00:00+00:00,60800.859375,60856.71875,60675.05078125,60681.76953125,0
2026-06-06 21:15:00+00:00,60861.390625,60912.01953125,60797.12890625,60834.671875,29036544
2026-06-06 21:30:00+00:00,60790.859375,60971.828125,60765.828125,60861.41015625,49733632
2026-06-06 21:45:00+00:00,60725.1484375,60837.80078125,60709.48828125,60790.640625,124751872
2026-06-06 22:00:00+00:00,60591.87890625,60784.58984375,60552.0,60711.01953125,34832384
2026-06-06 22:15:00+00:00,60423.94921875,60736.48828125,60404.01953125,60599.9296875,189898752
2026-06-06 22:30:00+00:00,60554.87109375,60572.58984375,60400.01953125,60430.921875,68495360
2026-06-06 22:45:00+00:00,60531.0703125,60687.8515625,60531.0703125,60565.5,24926208
2026-06-06 23:00:00+00:00,60687.640625,60736.44140625,60510.3203125,60518.26953125,0
2026-06-06 23:15:00+00:00,60679.37109375,60713.140625,60559.98828125,60677.91015625,0
2026-06-06 23:30:00+00:00,60827.19921875,60883.7109375,60647.640625,60681.859375,11843584
2026-06-06 23:45:00+00:00,60852.0,60919.5,60778.01171875,60840.8515625,0
2026-06-07 00:00:00+00:00,60784.890625,60904.05859375,60765.23828125,60850.0,559405056
2026-06-07 00:15:00+00:00,60809.62890625,60856.578125,60743.44140625,60784.6015625,63887360
2026-06-07 00:30:00+00:00,60765.1796875,60949.1015625,60763.98828125,60814.98046875,156329984
2026-06-07 00:45:00+00:00,60760.08984375,60788.01953125,60712.890625,60748.98828125,682326016
2026-06-07 01:00:00+00:00,61276.01953125,61354.91015625,60725.12890625,60749.859375,523472896
2026-06-07 01:15:00+00:00,61604.66015625,61630.921875,61228.1484375,61271.8515625,1066534912
2026-06-07 01:30:00+00:00,61424.421875,61614.0,61368.0,61614.0,70787072
2026-06-07 01:45:00+00:00,61441.9296875,61550.0,61340.0,61426.25,163835904
2026-06-07 02:00:00+00:00,61385.5,61518.05078125,61384.01171875,61432.140625,511555584
2026-06-07 02:15:00+00:00,61222.0390625,61400.87109375,61157.98828125,61376.19140625,23074816
2026-06-07 02:30:00+00:00,61288.53125,61288.53125,61162.80859375,61218.8203125,64217088
2026-06-07 02:45:00+00:00,61473.1796875,61536.890625,61285.62890625,61285.62890625,587665408
2026-06-07 03:00:00+00:00,61501.37109375,61501.37109375,61377.6796875,61466.8203125,2562048
2026-06-07 03:15:00+00:00,61636.0,61747.73046875,61455.0390625,61497.7109375,118087680
2026-06-07 03:30:00+00:00,61635.9609375,61656.8984375,61520.1484375,61636.0,604692480
2026-06-07 03:45:00+00:00,61673.76171875,61705.421875,61545.19921875,61632.0,631230464
2026-06-07 04:00:00+00:00,61526.51953125,61678.01171875,61482.44921875,61661.0,0
2026-06-07 04:15:00+00:00,61535.578125,61607.78125,61454.4296875,61529.08984375,17371136
2026-06-07 04:30:00+00:00,61706.94140625,61795.58984375,61511.66015625,61511.66015625,58292224
2026-06-07 04:45:00+00:00,61855.48046875,61876.98046875,61663.828125,61723.58984375,114507776
2026-06-07 05:00:00+00:00,61846.19921875,61930.33984375,61764.2890625,61851.6015625,0
2026-06-07 05:15:00+00:00,61702.05078125,62088.62109375,61701.94921875,61836.28125,139347968
2026-06-07 05:30:00+00:00,61844.83984375,61844.83984375,61614.140625,61709.94140625,92289024
2026-06-07 05:45:00+00:00,61722.2890625,61836.2890625,61670.390625,61836.2890625,48570368
2026-06-07 06:00:00+00:00,61648.46875,61730.96875,61593.4296875,61719.078125,182378496
2026-06-07 06:15:00+00:00,61939.96875,61972.78125,61620.6015625,61673.51953125,0
2026-06-07 06:30:00+00:00,62175.37109375,62224.98828125,61933.30859375,61936.44140625,167217152
2026-06-07 06:45:00+00:00,62076.26953125,62199.98828125,62007.19140625,62162.0,186349568
2026-06-07 07:00:00+00:00,62106.140625,62206.828125,61968.140625,62049.12890625,980674560
2026-06-07 07:15:00+00:00,62202.5,62221.1796875,62034.0,62116.7890625,17674240
2026-06-07 07:30:00+00:00,62204.03125,62237.3984375,62157.98828125,62203.51171875,375005184
2026-06-07 07:45:00+00:00,62373.0703125,62384.0,62151.1796875,62203.51953125,68894720
2026-06-07 08:00:00+00:00,62355.8515625,62414.6015625,62230.0,62374.5,256765952
2026-06-07 08:15:00+00:00,62501.01171875,62539.5703125,62278.3515625,62346.69921875,261681152
2026-06-07 08:30:00+00:00,62531.96875,62633.73046875,62373.7890625,62502.6484375,87080960
2026-06-07 08:45:00+00:00,62826.8515625,62900.87109375,62531.12890625,62531.12890625,918011904
2026-06-07 09:00:00+00:00,62800.46875,62872.30859375,62689.44140625,62821.94921875,333774848
2026-06-07 09:15:00+00:00,62665.71875,62856.66015625,62574.96875,62797.30859375,584282112
2026-06-07 09:30:00+00:00,62502.0,62662.83984375,62471.98046875,62661.46875,84690944
2026-06-07 09:45:00+00:00,62504.25,62596.859375,62385.28125,62512.62890625,276801536
2026-06-07 10:00:00+00:00,62376.80859375,62534.26171875,62354.01171875,62508.671875,175702016
2026-06-07 10:15:00+00:00,62489.2109375,62542.921875,62369.05859375,62377.76953125,0
2026-06-07 10:30:00+00:00,62339.609375,62529.98828125,62285.66015625,62468.01171875,0
2026-06-07 10:45:00+00:00,62345.37109375,62434.1015625,62277.609375,62336.109375,465917952
2026-06-07 11:00:00+00:00,62443.421875,62499.7890625,62334.0,62345.76953125,99565568
2026-06-07 11:15:00+00:00,62501.1796875,62533.98828125,62396.109375,62427.8515625,535844864
2026-06-07 11:30:00+00:00,62653.19921875,62653.19921875,62429.01171875,62493.578125,0
2026-06-07 11:45:00+00:00,62599.98828125,62732.140625,62544.37109375,62661.828125,333453312
2026-06-07 12:00:00+00:00,62063.9296875,62622.94921875,62049.44921875,62600.0390625,128370688
2026-06-07 12:15:00+00:00,61913.30859375,62202.48046875,61898.890625,62096.0703125,325906432
2026-06-07 12:30:00+00:00,61621.53125,61926.0,61573.98828125,61926.0,1081681920
2026-06-07 12:45:00+00:00,61873.640625,61972.78125,61608.12890625,61608.12890625,285657088
2026-06-07 13:00:00+00:00,61744.0,61860.16015625,61634.0,61860.16015625,257548288
2026-06-07 13:15:00+00:00,61816.03125,61822.21875,61636.921875,61758.80859375,769890304
2026-06-07 13:30:00+00:00,61713.62890625,61873.828125,61643.9609375,61813.44921875,10539008
2026-06-07 13:45:00+00:00,61676.6484375,61795.578125,61662.8984375,61720.4609375,827430912
2026-06-07 14:00:00+00:00,61761.171875,61794.01171875,61671.109375,61673.53125,129460224
2026-06-07 14:15:00+00:00,62053.2890625,62105.4609375,61724.19140625,61729.87109375,230152192
2026-06-07 14:30:00+00:00,61964.16015625,62252.5703125,61909.5703125,62064.76171875,216963072
2026-06-07 14:45:00+00:00,61880.0703125,61970.26171875,61719.58984375,61970.25,253995008
2026-06-07 15:00:00+00:00,61810.12890625,61862.83984375,61647.1796875,61862.83984375,153292800
2026-06-07 15:15:00+00:00,61920.0,61930.328125,61698.55859375,61798.73046875,372645888
2026-06-07 15:30:00+00:00,62076.69140625,62129.96875,61928.16015625,61932.37890625,105973760
2026-06-07 15:45:00+00:00,62058.5,62185.26953125,61951.890625,62059.94140625,87971840
2026-06-07 16:00:00+00:00,62129.421875,62135.28125,61933.390625,62074.171875,77664256
2026-06-07 16:15:00+00:00,62146.171875,62299.1484375,62071.03125,62129.421875,124160000
2026-06-07 16:30:00+00:00,62129.25,62255.69140625,62122.01953125,62138.2890625,0
2026-06-07 16:45:00+00:00,62054.05859375,62205.91015625,61967.75,62131.5390625,528285696
2026-06-07 17:00:00+00:00,62257.1484375,62296.44921875,62020.9609375,62031.640625,144814080
2026-06-07 17:15:00+00:00,62215.98828125,62296.37890625,62205.171875,62260.01953125,314314752
2026-06-07 17:30:00+00:00,62243.51953125,62288.12890625,62201.0,62233.78125,579862528
2026-06-07 17:45:00+00:00,62130.48046875,62234.73046875,62067.08984375,62233.80078125,148434944
2026-06-07 18:00:00+00:00,62246.6015625,62265.078125,62120.1796875,62128.01953125,0
2026-06-07 18:15:00+00:00,62195.0703125,62238.5703125,62108.578125,62238.5703125,573831168
2026-06-07 18:30:00+00:00,62170.28125,62261.44140625,62133.62109375,62205.44140625,615512064
2026-06-07 18:45:00+00:00,61998.26171875,62205.83984375,61985.609375,62170.26953125,8292352
2026-06-07 19:00:00+00:00,61614.05859375,62006.2890625,61555.87890625,62006.2890625,622237696
2026-06-07 19:15:00+00:00,61448.16015625,61619.28125,61233.55078125,61619.28125,610381824
2026-06-07 19:30:00+00:00,61188.30859375,61460.6796875,61173.9296875,61451.98046875,762761216
2026-06-07 19:45:00+00:00,61297.9609375,61418.73046875,61149.359375,61222.05859375,856285184
2026-06-07 20:00:00+00:00,61557.71875,61678.3984375,61192.37890625,61292.96875,384911360
2026-06-07 20:15:00+00:00,61713.23046875,61822.0,61430.0,61535.890625,801167360
2026-06-07 20:30:00+00:00,61756.21875,61795.578125,61666.0,61710.62109375,243521536
2026-06-07 20:45:00+00:00,61839.98828125,61937.37890625,61732.98828125,61748.828125,247576576
2026-06-07 21:00:00+00:00,61925.23828125,61968.16015625,61669.171875,61853.98046875,32563200
2026-06-07 21:15:00+00:00,61753.98046875,61960.03125,61689.0703125,61921.98046875,0
2026-06-07 21:30:00+00:00,61677.78125,61814.359375,61654.98046875,61745.51171875,753084416
2026-06-07 21:45:00+00:00,61748.62890625,61754.8984375,61621.16015625,61711.078125,645195776
2026-06-07 22:00:00+00:00,63527.73046875,63527.73046875,61696.03125,61824.6015625,671739904
2026-06-07 22:15:00+00:00,62963.01171875,64102.69140625,62860.19921875,63622.1796875,3534518272
2026-06-07 22:30:00+00:00,63123.01171875,63350.5,62749.91015625,62947.1484375,693927936
2026-06-07 22:45:00+00:00,62831.609375,63268.0,62820.0,63141.37109375,417914880
2026-06-07 23:00:00+00:00,62976.05859375,63024.55859375,62775.96875,62822.0,473149440
2026-06-07 23:15:00+00:00,63239.98828125,63244.01953125,62778.41015625,62991.390625,100827136
2026-06-07 23:30:00+00:00,63266.51953125,63287.98828125,63096.7890625,63228.7109375,595542016
2026-06-07 23:45:00+00:00,63308.26171875,63413.28125,63076.01171875,63252.0,336175104
2026-06-08 00:00:00+00:00,63202.3203125,63302.0,63124.6015625,63300.01953125,308674560
2026-06-08 00:15:00+00:00,63472.98046875,63480.37109375,63119.16015625,63207.21875,256638976
2026-06-08 00:30:00+00:00,63689.23046875,63817.55859375,63379.37109375,63460.80859375,478314496
2026-06-08 00:45:00+00:00,63607.859375,63759.46875,63523.3515625,63686.109375,100810752
2026-06-08 01:00:00+00:00,63034.0,63620.9296875,63034.0,63620.9296875,1716547584
2026-06-08 01:15:00+00:00,62793.12890625,63129.08984375,62725.69921875,63013.55859375,340582400
2026-06-08 01:30:00+00:00,63088.01171875,63091.94921875,62687.30078125,62772.1484375,761442304
2026-06-08 01:45:00+00:00,63182.44921875,63207.21875,62960.8203125,63086.890625,711462912
2026-06-08 02:00:00+00:00,63096.78125,63232.25,62969.3515625,63183.9609375,314925056
2026-06-08 02:15:00+00:00,63074.48828125,63191.30078125,62938.01171875,63085.16015625,732852224
2026-06-08 02:30:00+00:00,63028.8515625,63154.16015625,62885.98828125,63078.87890625,73564160
2026-06-08 02:45:00+00:00,63095.0,63105.671875,62914.30859375,63035.421875,294875136
2026-06-08 03:00:00+00:00,63253.30078125,63408.03125,62941.0703125,63093.0,142848000
2026-06-08 03:15:00+00:00,63120.37109375,63325.98046875,63113.3203125,63260.671875,248213504
2026-06-08 03:30:00+00:00,63095.48046875,63199.98828125,63038.2109375,63120.05078125,759574528
2026-06-08 03:45:00+00:00,63088.0390625,63144.609375,63037.80078125,63115.83984375,172179456
2026-06-08 04:00:00+00:00,62960.0,63132.12109375,62790.80859375,63096.0,854564864
2026-06-08 04:15:00+00:00,62900.87109375,63006.890625,62801.05859375,62974.3515625,0
2026-06-08 04:30:00+00:00,62662.8984375,62951.3203125,62617.62890625,62905.05078125,847151104
2026-06-08 04:45:00+00:00,62697.03125,62859.78125,62663.01953125,62672.0,279625728
2026-06-08 05:00:00+00:00,62540.48046875,62793.96875,62513.01953125,62655.9609375,108376064
2026-06-08 05:15:00+00:00,62684.98828125,62705.30859375,62460.0,62552.3515625,0
2026-06-08 05:30:00+00:00,62439.44921875,62684.0,62373.921875,62684.0,591724544
2026-06-08 05:45:00+00:00,62728.3203125,62733.01953125,62417.26953125,62430.98046875,293302272
2026-06-08 06:00:00+00:00,62907.53125,62934.01171875,62690.98828125,62703.359375,301862912
2026-06-08 06:15:00+00:00,63038.46875,63107.05078125,62848.0,62903.609375,58966016
2026-06-08 06:30:00+00:00,62991.23828125,63064.0,62883.21875,63023.640625,99917824
2026-06-08 06:45:00+00:00,62947.890625,63001.62890625,62894.87890625,63000.640625,0
2026-06-08 07:00:00+00:00,63038.69140625,63152.890625,62784.671875,62944.30078125,23232512
2026-06-08 07:15:00+00:00,63138.0,63206.01953125,62934.921875,63044.46875,242229248
2026-06-08 07:30:00+00:00,63063.21875,63223.0390625,63048.5703125,63141.48828125,860766208
2026-06-08 07:45:00+00:00,63237.23046875,63296.1484375,63053.80078125,63066.0,60510208
2026-06-08 08:00:00+00:00,63144.609375,63229.51953125,63028.0,63229.51953125,259665920
2026-06-08 08:15:00+00:00,63058.7109375,63172.7890625,62941.171875,63135.828125,126656512
2026-06-08 08:30:00+00:00,63116.51171875,63150.2109375,62999.01171875,63064.1796875,11448320
2026-06-08 08:45:00+00:00,63078.9609375,63134.01953125,62977.5,63103.9296875,0
2026-06-08 09:00:00+00:00,63284.5703125,63284.58984375,63075.6796875,63086.0,0
2026-06-08 09:15:00+00:00,63330.03125,63501.73828125,63241.0703125,63268.41015625,780830720
2026-06-08 09:30:00+00:00,63312.37890625,63356.1796875,63112.8203125,63309.140625,220467200
2026-06-08 09:45:00+00:00,63448.328125,63452.0,63287.6484375,63306.0,225374208
2026-06-08 10:00:00+00:00,63337.140625,63500.140625,63315.98828125,63435.12109375,99614720
2026-06-08 10:15:00+00:00,63102.30078125,63335.05859375,63056.26171875,63334.80078125,152807424
2026-06-08 10:30:00+00:00,63157.78125,63367.91015625,63076.3515625,63098.1015625,0
2026-06-08 10:45:00+00:00,63108.69140625,63182.30859375,63049.48828125,63159.8515625,133636096
2026-06-08 11:00:00+00:00,63358.1796875,63408.0390625,62995.33984375,63088.25,452372480
2026-06-08 11:15:00+00:00,63560.44140625,63607.6796875,63312.01171875,63408.3984375,574568448
2026-06-08 11:30:00+00:00,63580.0,63827.3515625,63491.05078125,63585.96875,175861760
2026-06-08 11:45:00+00:00,63419.5390625,63612.7109375,63370.609375,63579.98828125,382128128
2026-06-08 12:00:00+00:00,62687.33984375,63605.98046875,62687.33984375,63431.80859375,1060032512
2026-06-08 12:15:00+00:00,63051.44140625,63062.8984375,62770.01171875,62770.01171875,151183360
2026-06-08 12:30:00+00:00,63586.28125,63604.921875,63052.66015625,63071.859375,321521664
2026-06-08 12:45:00+00:00,63765.73828125,63873.62109375,63472.7109375,63593.01171875,23857152
2026-06-08 13:00:00+00:00,63729.0,63894.0703125,63665.87890625,63811.98828125,347533312
2026-06-08 13:15:00+00:00,63548.0,63870.23046875,63525.0,63750.0,357801984
2026-06-08 13:30:00+00:00,63434.328125,63703.7109375,63307.4296875,63519.0,885852160
2026-06-08 13:45:00+00:00,63714.75,63804.640625,63383.75,63440.80078125,390144000
2026-06-08 14:00:00+00:00,63832.66015625,63869.12109375,63533.03125,63727.96875,338726912
2026-06-08 14:15:00+00:00,63724.01953125,63835.5390625,63573.94921875,63832.44921875,763232256
2026-06-08 14:30:00+00:00,63875.2890625,63895.05859375,63726.01171875,63726.01171875,190013440
2026-06-08 14:45:00+00:00,63930.7109375,64059.05859375,63803.51953125,63870.0,285224960
2026-06-08 15:00:00+00:00,64159.7109375,64180.0,63855.73828125,63946.25,381427712
2026-06-08 15:15:00+00:00,63965.69921875,64184.28125,63922.7109375,64172.6015625,1396240384
2026-06-08 15:30:00+00:00,63834.0,63978.01953125,63766.0,63978.01953125,686194688
2026-06-08 15:45:00+00:00,63742.94140625,63987.6796875,63694.0,63832.01171875,226697216
2026-06-08 16:00:00+00:00,63771.71875,63905.26953125,63656.66015625,63744.16015625,363319296
2026-06-08 16:15:00+00:00,63839.96875,64004.609375,63762.1796875,63762.1796875,242122752
2026-06-08 16:30:00+00:00,63634.828125,63844.8515625,63549.078125,63844.8515625,97894400
2026-06-08 16:45:00+00:00,63493.96875,63651.12109375,63433.98828125,63650.87109375,323858432
2026-06-08 17:00:00+00:00,63323.30078125,63542.671875,63278.25,63501.328125,231297024
2026-06-08 17:15:00+00:00,63602.1484375,63623.83984375,63338.0,63341.41015625,233201664
2026-06-08 17:30:00+00:00,63350.01171875,63602.23828125,63256.23828125,63602.0,306610176
2026-06-08 17:45:00+00:00,63520.5,63530.4296875,63350.0,63361.5,668319744
2026-06-08 18:00:00+00:00,63565.05078125,63618.359375,63486.80078125,63528.7109375,323665920
2026-06-08 18:15:00+00:00,63617.73828125,63630.0703125,63499.78125,63584.1015625,113446912
2026-06-08 18:30:00+00:00,63467.390625,63664.0703125,63402.71875,63644.01171875,425476096
2026-06-08 18:45:00+00:00,63442.01171875,63490.05078125,63308.87890625,63489.71875,366542848
2026-06-08 19:00:00+00:00,63391.44921875,63525.6015625,63351.9609375,63431.4609375,37564416
2026-06-08 19:15:00+00:00,63494.921875,63539.51171875,63336.05859375,63386.94140625,261640192
2026-06-08 19:30:00+00:00,63464.859375,63565.05078125,63405.75,63502.0703125,482004992
2026-06-08 19:45:00+00:00,63352.51953125,63504.98828125,63335.94921875,63456.8984375,0
2026-06-08 20:00:00+00:00,63220.58984375,63410.25,63187.6484375,63373.80078125,0
2026-06-08 20:15:00+00:00,63151.890625,63293.58984375,63143.08984375,63238.98828125,466313216
2026-06-08 20:30:00+00:00,63372.171875,63391.87890625,63160.0,63160.0,269234176
2026-06-08 20:45:00+00:00,63466.71875,63466.71875,63345.4296875,63364.25,18018304
2026-06-08 21:00:00+00:00,63704.94140625,63775.80078125,63458.73828125,63475.96875,139177984
2026-06-08 21:15:00+00:00,63703.7890625,63750.80078125,63593.640625,63704.94921875,157495296
2026-06-08 21:30:00+00:00,63816.26171875,63832.12109375,63619.5390625,63709.140625,126140416
2026-06-08 21:45:00+00:00,63707.62109375,63828.6796875,63707.62109375,63816.87890625,58421248
2026-06-08 22:00:00+00:00,63275.1484375,63678.1015625,63269.2890625,63676.30859375,113889280
2026-06-08 22:15:00+00:00,63342.91015625,63412.37890625,63191.98046875,63275.44921875,0
2026-06-08 22:30:00+00:00,63284.1484375,63367.859375,63224.5,63348.55078125,0
2026-06-08 22:45:00+00:00,63420.69921875,63440.51171875,63212.0,63284.5,522813440
2026-06-08 23:00:00+00:00,63565.48046875,63566.83984375,63386.6015625,63419.08984375,0
2026-06-08 23:15:00+00:00,63123.23828125,63575.3203125,63054.03125,63565.96875,0
2026-06-08 23:30:00+00:00,63101.98828125,63175.48046875,63016.69921875,63113.4609375,90824704
2026-06-08 23:45:00+00:00,63062.96875,63094.37109375,62970.48046875,63075.01953125,0
2026-06-09 00:00:00+00:00,62976.71875,63126.171875,62970.37109375,63050.7109375,0
2026-06-09 00:15:00+00:00,62696.87109375,63144.73046875,62689.671875,62978.69921875,126078976
2026-06-09 00:30:00+00:00,62684.26171875,62739.3515625,62540.0,62730.9296875,328716288
2026-06-09 00:45:00+00:00,62539.8984375,62652.01171875,62391.890625,62646.01171875,712734720
2026-06-09 01:00:00+00:00,62641.4296875,62695.73046875,62524.2890625,62529.98828125,102400
2026-06-09 01:15:00+00:00,62763.94921875,62844.76171875,62602.0,62602.0,0
2026-06-09 01:30:00+00:00,62684.87109375,62855.87109375,62642.921875,62767.05078125,75245568
2026-06-09 01:45:00+00:00,62737.4609375,62828.26953125,62677.80078125,62717.98046875,65873920
2026-06-09 02:00:00+00:00,62709.23046875,62842.328125,62706.4296875,62740.0,10301440
2026-06-09 02:15:00+00:00,62754.12109375,62754.12109375,62551.46875,62710.96875,0
2026-06-09 02:30:00+00:00,62633.12109375,62800.19921875,62512.94921875,62754.69140625,97679360
2026-06-09 02:45:00+00:00,62847.3515625,62847.3515625,62626.921875,62658.578125,74496000
2026-06-09 03:00:00+00:00,62886.01953125,62905.19140625,62782.73828125,62846.5703125,964681728
2026-06-09 03:15:00+00:00,62780.76171875,62948.08984375,62744.578125,62896.28125,164952064
2026-06-09 03:30:00+00:00,62791.98046875,62824.16015625,62676.03125,62776.671875,411398144
2026-06-09 03:45:00+00:00,62842.078125,62862.23046875,62718.62109375,62791.98046875,162205696
2026-06-09 04:00:00+00:00,62878.640625,62944.921875,62716.0,62839.98046875,204822528
2026-06-09 04:15:00+00:00,62761.890625,62882.6015625,62761.890625,62868.6015625,187066368
2026-06-09 04:30:00+00:00,63206.01953125,63355.12109375,62731.87109375,62773.19140625,373014528
2026-06-09 04:45:00+00:00,63212.05078125,63386.5703125,63183.078125,63206.80859375,754167808
2026-06-09 05:00:00+00:00,63202.5390625,63266.1015625,63077.21875,63208.859375,358424576
2026-06-09 05:15:00+00:00,63278.8203125,63325.53125,63227.9296875,63227.9296875,244953088
2026-06-09 05:30:00+00:00,63336.0703125,63490.48828125,63272.859375,63288.359375,210575360
2026-06-09 05:45:00+00:00,63306.1796875,63410.0,63271.12890625,63329.69921875,337526784
2026-06-09 06:00:00+00:00,63334.6484375,63386.5390625,63243.921875,63316.96875,266108928
2026-06-09 06:15:00+00:00,63394.0,63472.7890625,63302.91015625,63336.05859375,0
2026-06-09 06:30:00+00:00,63313.7890625,63428.26953125,63287.94140625,63406.01171875,191565824
2026-06-09 06:45:00+00:00,63263.98046875,63382.0,63193.078125,63327.98828125,923144192
2026-06-09 07:00:00+00:00,63259.73828125,63402.828125,63259.73828125,63279.96875,0
2026-06-09 07:15:00+00:00,62994.9609375,63331.140625,62979.98828125,63259.46875,641427456
2026-06-09 07:30:00+00:00,63145.640625,63167.51171875,63015.98828125,63015.98828125,331427840
2026-06-09 07:45:00+00:00,63155.98828125,63175.390625,63082.62109375,63148.12109375,111212544
2026-06-09 08:00:00+00:00,62887.30859375,63176.98046875,62738.23046875,63158.55859375,171526144
2026-06-09 08:15:00+00:00,62843.16015625,62940.01171875,62843.16015625,62890.859375,609857536
2026-06-09 08:30:00+00:00,62944.37890625,62979.91015625,62773.30078125,62817.71875,64872448
2026-06-09 08:45:00+00:00,62808.1796875,62970.359375,62792.2890625,62948.1015625,188211200
2026-06-09 09:00:00+00:00,62817.08984375,62860.0,62681.48046875,62820.87890625,227739648
2026-06-09 09:15:00+00:00,62782.73828125,62910.0390625,62779.640625,62827.98046875,268812288
2026-06-09 09:30:00+00:00,62635.98828125,62777.05078125,62569.671875,62776.37890625,0
2026-06-09 09:45:00+00:00,62681.91015625,62696.390625,62611.01953125,62636.4609375,119738368
2026-06-09 10:00:00+00:00,62749.48828125,62760.46875,62566.44921875,62684.30859375,54800384
2026-06-09 10:15:00+00:00,62711.16015625,62742.0,62670.2890625,62741.41015625,114065408
2026-06-09 10:30:00+00:00,62666.71875,62724.05078125,62594.01953125,62711.16015625,106473472
2026-06-09 10:45:00+00:00,62748.73828125,62789.0390625,62611.98828125,62656.1015625,118116352
2026-06-09 11:00:00+00:00,62489.96875,62756.91015625,62489.96875,62748.21875,0
2026-06-09 11:15:00+00:00,62562.578125,62600.08984375,62457.12890625,62505.01171875,556988416
2026-06-09 11:30:00+00:00,62595.41015625,62634.12109375,62487.3984375,62554.12109375,135735296
2026-06-09 11:45:00+00:00,62673.3203125,62692.96875,62537.1796875,62599.0703125,55625728
2026-06-09 12:00:00+00:00,62804.48046875,62860.109375,62657.55859375,62657.55859375,0
2026-06-09 12:15:00+00:00,62616.62890625,62811.23046875,62603.87109375,62811.23046875,413954048
2026-06-09 12:30:00+00:00,62480.5,62630.4296875,62480.01171875,62597.578125,44144640
2026-06-09 12:45:00+00:00,62589.48046875,62614.26171875,62403.94140625,62469.5390625,178382848
2026-06-09 13:00:00+00:00,62516.01171875,62696.9296875,62509.23828125,62634.1484375,84803584
2026-06-09 13:15:00+00:00,62295.8984375,62527.890625,62222.87890625,62518.640625,69113856
2026-06-09 13:30:00+00:00,62390.0,62464.0,62117.30078125,62272.3515625,101951488
2026-06-09 13:45:00+00:00,62238.69140625,62484.94921875,62238.69140625,62394.98828125,600987648
2026-06-09 14:00:00+00:00,61966.44921875,62354.12890625,61955.69921875,62229.0,342491136
2026-06-09 14:15:00+00:00,61551.76953125,62034.30859375,61520.0,61958.0,797974528
2026-06-09 14:30:00+00:00,61312.1484375,61623.328125,61273.30859375,61550.0,244500480
2026-06-09 14:45:00+00:00,61490.421875,61490.421875,61112.01171875,61281.26171875,699504640
2026-06-09 15:00:00+00:00,61593.5,61650.8515625,61284.08984375,61503.9609375,350859264
2026-06-09 15:15:00+00:00,61265.25,61649.66015625,61251.96875,61586.03125,0
2026-06-09 15:30:00+00:00,61261.53125,61369.69140625,61174.0,61314.609375,0
2026-06-09 15:45:00+00:00,61076.51953125,61362.30078125,60979.80078125,61295.01171875,340649984
2026-06-09 16:00:00+00:00,60946.05859375,61158.44140625,60881.37109375,61063.0,476104704
2026-06-09 16:15:00+00:00,60979.890625,61052.01953125,60795.26953125,60957.3984375,731934720
2026-06-09 16:30:00+00:00,61200.03125,61262.0,60743.05078125,60965.91015625,897667072
2026-06-09 16:45:00+00:00,61336.078125,61408.0,61117.1796875,61200.828125,815380480
2026-06-09 17:00:00+00:00,61557.01171875,61619.6015625,61342.37109375,61342.37109375,756805632
2026-06-09 17:15:00+00:00,61696.69140625,61824.0,61537.55078125,61551.46875,664358912
2026-06-09 17:30:00+00:00,61637.8984375,61786.58984375,61637.8984375,61699.91015625,617529344
2026-06-09 17:45:00+00:00,61637.71875,61799.98828125,61545.69921875,61640.78125,149745664
2026-06-09 18:00:00+00:00,61699.73828125,61779.91015625,61559.9296875,61658.3515625,496578560
2026-06-09 18:15:00+00:00,61676.80078125,61897.08984375,61618.16015625,61687.80859375,686542848
2026-06-09 18:30:00+00:00,61539.94140625,61757.6015625,61539.94140625,61673.73046875,487649280
2026-06-09 18:45:00+00:00,61731.5,61774.58984375,61557.05859375,61557.05859375,8171520
2026-06-09 19:00:00+00:00,61720.26953125,61862.0390625,61683.609375,61724.0390625,1409179648
2026-06-09 19:15:00+00:00,61816.55078125,61862.0390625,61658.19140625,61728.328125,373202944
2026-06-09 19:30:00+00:00,61829.609375,61980.28125,61710.140625,61824.98828125,1026883584
2026-06-09 19:45:00+00:00,62044.828125,62051.8203125,61718.62890625,61839.328125,437448704
2026-06-09 20:00:00+00:00,62146.5703125,62152.62890625,61907.58984375,62060.37109375,310902784
2026-06-09 20:15:00+00:00,62043.48828125,62221.421875,61955.30078125,62160.671875,1016860672
2026-06-09 20:30:00+00:00,62082.2890625,62137.828125,61932.328125,62038.08984375,0
2026-06-09 20:45:00+00:00,62109.640625,62109.640625,62000.21875,62085.8984375,355782656
2026-06-09 21:00:00+00:00,62089.578125,62133.4609375,61990.5390625,62113.46875,107798528
2026-06-09 21:15:00+00:00,61757.19921875,62097.98046875,61718.0,62092.26171875,207204352
2026-06-09 21:30:00+00:00,61745.23828125,61862.44921875,61735.140625,61770.921875,368832512
2026-06-09 21:45:00+00:00,61708.921875,61784.390625,61641.98046875,61753.921875,138817536
2026-06-09 22:00:00+00:00,61786.421875,61802.5,61614.91015625,61720.08984375,270327808
2026-06-09 22:15:00+00:00,61756.51953125,61900.01953125,61741.0390625,61788.8203125,287248384
2026-06-09 22:30:00+00:00,61812.0,61923.58984375,61731.98828125,61768.80859375,76242944
2026-06-09 22:45:00+00:00,61678.03125,61840.671875,61634.51953125,61813.109375,562278400
2026-06-09 23:00:00+00:00,61701.66015625,61761.3515625,61612.1484375,61682.05078125,743186432
2026-06-09 23:15:00+00:00,61649.98046875,61839.01171875,61639.390625,61702.94140625,32219136
2026-06-09 23:30:00+00:00,61587.7890625,61693.96875,61507.16015625,61670.01171875,99045376
2026-06-09 23:45:00+00:00,61685.80078125,61702.23046875,61539.078125,61592.6484375,235094016
2026-06-10 00:00:00+00:00,61793.1484375,61852.78125,61663.078125,61699.21875,0
2026-06-10 00:15:00+00:00,61806.1015625,61828.44140625,61682.01171875,61789.609375,390512640
2026-06-10 00:30:00+00:00,61470.78125,61832.19921875,61413.171875,61802.37109375,146956288
2026-06-10 00:45:00+00:00,61877.94140625,61890.05078125,61453.96875,61483.37109375,15159296
2026-06-10 01:00:00+00:00,61783.71875,61931.9609375,61643.01171875,61865.76953125,146075648
2026-06-10 01:15:00+00:00,61790.03125,61852.19140625,61712.8515625,61788.171875,121266176
2026-06-10 01:30:00+00:00,61601.7109375,61854.3515625,61550.5,61804.01171875,16371712
2026-06-10 01:45:00+00:00,61677.98046875,61806.05078125,61575.01171875,61607.53125,204857344
2026-06-10 02:00:00+00:00,61522.0,61798.609375,61503.69140625,61679.26953125,717045760
2026-06-10 02:15:00+00:00,61445.05078125,61526.26953125,61304.0,61523.03125,231362560
2026-06-10 02:30:00+00:00,61325.0,61501.76171875,61254.05859375,61478.23046875,256229376
2026-06-10 02:45:00+00:00,61258.6796875,61345.9609375,61192.390625,61324.859375,241025024
2026-06-10 03:00:00+00:00,61391.73828125,61434.6796875,61235.41015625,61256.0,0
2026-06-10 03:15:00+00:00,61523.73046875,61533.98046875,61291.75,61390.30078125,672522240
2026-06-10 03:30:00+00:00,61480.25,61515.16015625,61395.80078125,61496.7890625,80396288
2026-06-10 03:45:00+00:00,61503.9609375,61542.6484375,61446.4296875,61480.23828125,571056128
2026-06-10 04:00:00+00:00,61459.8515625,61520.96875,61401.98828125,61503.9609375,0
2026-06-10 04:15:00+00:00,61425.62890625,61500.01953125,61406.98046875,61454.91015625,0
2026-06-10 04:30:00+00:00,61179.58984375,61420.8203125,61142.16015625,61420.80859375,32043008
2026-06-10 04:45:00+00:00,61248.1796875,61319.25,61145.890625,61179.640625,0
2026-06-10 05:00:00+00:00,61120.0,61268.96875,61080.328125,61257.7890625,84713472
2026-06-10 05:15:00+00:00,61211.37109375,61213.03125,61030.08984375,61104.87109375,834375680
2026-06-10 05:30:00+00:00,61232.37109375,61276.01171875,61142.171875,61225.0,0
2026-06-10 05:45:00+00:00,61301.98828125,61350.0,61164.5390625,61232.37109375,99229696
2026-06-10 06:00:00+00:00,61339.8515625,61379.05078125,61247.75,61310.51171875,0
2026-06-10 06:15:00+00:00,61295.62109375,61425.62890625,61270.0,61337.62109375,649560064
2026-06-10 06:30:00+00:00,61384.6015625,61403.25,61094.671875,61306.28125,137854976
2026-06-10 06:45:00+00:00,61418.1796875,61470.9296875,61367.921875,61384.6015625,317841408
2026-06-10 07:00:00+00:00,61520.0,61533.80078125,61379.94921875,61423.23828125,123756544
2026-06-10 07:15:00+00:00,61593.390625,61655.62109375,61514.7890625,61520.0,872701952
2026-06-10 07:30:00+00:00,61706.01171875,61738.94921875,61508.19921875,61591.98828125,62734336
2026-06-10 07:45:00+00:00,61621.44921875,61724.96875,61609.98828125,61707.98828125,417935360
2026-06-10 08:00:00+00:00,61568.01171875,61661.08984375,61488.0390625,61641.08984375,0
2026-06-10 08:15:00+00:00,61467.8203125,61684.87890625,61436.75,61578.2890625,40255488
2026-06-10 08:30:00+00:00,61189.98828125,61557.640625,61187.890625,61492.01953125,238456832
2026-06-10 08:45:00+00:00,61196.078125,61274.98828125,61114.03125,61149.98828125,257175552
2026-06-10 09:00:00+00:00,61010.921875,61268.5390625,61010.921875,61214.55859375,729088
2026-06-10 09:15:00+00:00,61158.921875,61194.19921875,60727.19921875,61017.98828125,206573568
2026-06-10 09:30:00+00:00,61215.44140625,61371.33984375,61134.0390625,61157.0390625,124014592
2026-06-10 09:45:00+00:00,61289.109375,61353.48828125,61103.98828125,61218.98046875,166481920
2026-06-10 10:00:00+00:00,61190.08984375,61297.44921875,61115.73828125,61264.421875,142299136
2026-06-10 10:15:00+00:00,61276.8203125,61306.0,61103.3515625,61184.859375,131518464
2026-06-10 10:30:00+00:00,61262.05859375,61400.71875,61215.51953125,61285.8984375,314773504
2026-06-10 10:45:00+00:00,61327.6015625,61363.53125,61231.37890625,61264.1484375,9515008
2026-06-10 11:00:00+00:00,61117.140625,61384.19140625,60828.94921875,61338.76171875,806842368
2026-06-10 11:15:00+00:00,60909.05859375,61203.12890625,60852.01171875,61120.140625,622067712
2026-06-10 11:30:00+00:00,60960.55859375,61004.21875,60863.96875,60915.80078125,410202112
2026-06-10 11:45:00+00:00,60977.46875,61056.640625,60925.69921875,60952.48046875,229969920
2026-06-10 12:00:00+00:00,61143.1015625,61177.109375,60904.87109375,60984.91015625,744583168
2026-06-10 12:15:00+00:00,61117.58984375,61171.19921875,60996.26953125,61116.171875,300617728
2026-06-10 12:30:00+00:00,61639.51171875,61839.83984375,61096.328125,61096.328125,709128192
2026-06-10 12:45:00+00:00,61512.98828125,61749.08984375,61512.98828125,61649.26953125,393232384
2026-06-10 13:00:00+00:00,61471.8984375,61557.640625,61442.1796875,61507.3203125,302473216
2026-06-10 13:15:00+00:00,61498.328125,61523.7890625,61380.8984375,61467.76171875,6418432
2026-06-10 13:30:00+00:00,62305.19140625,62313.30078125,61539.55859375,61539.55859375,232370176
2026-06-10 13:45:00+00:00,62090.41015625,62397.83984375,62021.109375,62334.078125,355348480
2026-06-10 14:00:00+00:00,61956.171875,62200.0,61956.171875,62083.55859375,0
2026-06-10 14:15:00+00:00,62000.01171875,62106.94140625,61812.80078125,61953.98046875,48099328
2026-06-10 14:30:00+00:00,61883.921875,62055.390625,61770.01171875,62014.1796875,0
2026-06-10 14:45:00+00:00,62132.9296875,62134.03125,61750.421875,61911.01171875,0
2026-06-10 15:00:00+00:00,61883.94140625,62361.0,61814.01171875,62154.55078125,16539648
2026-06-10 15:15:00+00:00,62202.0,62292.76171875,61802.44921875,61861.05078125,70426624
2026-06-10 15:30:00+00:00,62334.3984375,62360.73046875,62142.0,62195.6484375,0
2026-06-10 15:45:00+00:00,62581.51171875,62794.390625,62087.48828125,62337.0,626823168
2026-06-10 16:00:00+00:00,62265.51171875,62589.98828125,62265.51171875,62588.328125,0
2026-06-10 16:15:00+00:00,62225.23828125,62396.0,62051.98828125,62291.98828125,391581696
2026-06-10 16:30:00+00:00,62173.37890625,62343.16015625,62109.2109375,62217.5,0
2026-06-10 16:45:00+00:00,62165.9296875,62172.48828125,61869.69921875,62163.6015625,0
2026-06-10 17:00:00+00:00,62034.9609375,62308.0,61957.25,62162.48828125,0
2026-06-10 17:15:00+00:00,61832.0,62129.37890625,61832.0,62018.01171875,0
2026-06-10 17:30:00+00:00,61675.41015625,61850.890625,61596.921875,61838.48828125,109084672
2026-06-10 17:45:00+00:00,61914.58984375,61981.859375,61659.62109375,61670.33984375,272078848
2026-06-10 18:00:00+00:00,61897.9296875,62099.6015625,61857.9609375,61928.75,0
2026-06-10 18:15:00+00:00,61949.5,61949.5,61787.171875,61894.01171875,107853824
2026-06-10 18:30:00+00:00,61688.0,61953.19921875,61680.55859375,61940.53125,302757888
2026-06-10 18:45:00+00:00,61806.6484375,61827.46875,61557.3203125,61721.890625,0
2026-06-10 19:00:00+00:00,61681.578125,61878.94140625,61671.76171875,61805.80078125,0
2026-06-10 19:15:00+00:00,61727.3984375,61758.03125,61611.078125,61684.58984375,57073664
2026-06-10 19:30:00+00:00,61956.28125,61990.0,61724.51171875,61760.0,93503488
2026-06-10 19:45:00+00:00,61880.05859375,61977.62890625,61787.890625,61960.8203125,219103232
2026-06-10 20:00:00+00:00,61754.01171875,61889.26953125,61632.05078125,61889.26953125,367050752
2026-06-10 20:15:00+00:00,61849.26171875,61883.1484375,61678.0,61756.0,0
2026-06-10 20:30:00+00:00,61745.98046875,61863.98828125,61745.98046875,61831.80078125,103186432
2026-06-10 20:45:00+00:00,61738.0,61781.7890625,61645.7109375,61748.109375,135661568
2026-06-10 21:00:00+00:00,61485.421875,61737.37890625,61443.421875,61737.37890625,34140160
2026-06-10 21:15:00+00:00,61510.12890625,61628.71875,61464.96875,61505.71875,707899392
2026-06-10 21:30:00+00:00,61620.3984375,61654.01953125,61510.140625,61510.140625,176527360
2026-06-10 21:45:00+00:00,61294.46875,61628.69140625,61138.19921875,61621.578125,0
2026-06-10 22:00:00+00:00,61178.7890625,61297.828125,61109.55859375,61297.828125,667691008
2026-06-10 22:15:00+00:00,61191.6015625,61279.5390625,61043.98046875,61179.9609375,141627392
2026-06-10 22:30:00+00:00,61484.578125,61508.94140625,61190.71875,61190.71875,135421952
2026-06-10 22:45:00+00:00,61322.87890625,61487.640625,61312.0,61478.44921875,66015232
2026-06-10 23:00:00+00:00,61148.0,61322.87890625,61129.0,61322.87890625,0
2026-06-10 23:15:00+00:00,61491.98046875,61510.0,61102.0,61144.921875,166709248
2026-06-10 23:30:00+00:00,61483.44140625,61549.98828125,61413.921875,61487.6484375,100145152
2026-06-10 23:45:00+00:00,61452.0,61521.01171875,61416.48828125,61480.0,348792832
2026-06-11 00:00:00+00:00,61626.0,61631.4609375,61459.12109375,61460.08984375,34930688
2026-06-11 00:15:00+00:00,61823.98828125,61914.12890625,61631.5,61658.73046875,171954176
2026-06-11 00:30:00+00:00,61721.828125,61838.94140625,61708.01171875,61829.03125,645642240
2026-06-11 00:45:00+00:00,61759.98046875,61856.62890625,61738.03125,61738.03125,103221248
2026-06-11 01:00:00+00:00,61976.0,62050.6796875,61766.71875,61769.21875,382851072
2026-06-11 01:15:00+00:00,62116.0703125,62157.0703125,61968.0703125,61968.0703125,294316032
2026-06-11 01:30:00+00:00,62196.01171875,62294.03125,62036.76953125,62133.2890625,51693568
2026-06-11 01:45:00+00:00,62143.921875,62238.6015625,62118.01171875,62197.87890625,762734592
2026-06-11 02:00:00+00:00,62112.37109375,62217.28125,62047.62109375,62153.98828125,601729024
2026-06-11 02:15:00+00:00,61995.0703125,62238.12109375,61983.46875,62120.01171875,167593984
2026-06-11 02:30:00+00:00,62000.01171875,62030.890625,61870.0,62008.62890625,487444480
2026-06-11 02:45:00+00:00,62066.98828125,62155.0,61927.98828125,61989.48046875,19144704
2026-06-11 03:00:00+00:00,61994.01171875,62108.80859375,61935.30859375,62065.94921875,143941632
2026-06-11 03:15:00+00:00,62035.37890625,62053.73046875,61940.05078125,61992.58984375,110989312
2026-06-11 03:30:00+00:00,62294.8515625,62470.6015625,62038.4296875,62038.4296875,462104576
2026-06-11 03:45:00+00:00,62607.73046875,62712.5703125,62292.44921875,62292.44921875,500273152
2026-06-11 04:00:00+00:00,62592.30859375,62659.609375,62505.6796875,62611.23828125,402780160
2026-06-11 04:15:00+00:00,62547.55859375,62636.62109375,62525.6484375,62577.0,219770880
2026-06-11 04:30:00+00:00,62584.3984375,62609.640625,62472.9609375,62546.41015625,135110656
2026-06-11 04:45:00+00:00,62649.94921875,62778.94921875,62593.98046875,62599.0,212897792
2026-06-11 05:00:00+00:00,62549.4609375,62639.6796875,62479.69140625,62639.6796875,52903936
2026-06-11 05:15:00+00:00,62558.62890625,62648.640625,62503.578125,62545.98046875,199688192
2026-06-11 05:30:00+00:00,62625.3984375,62625.3984375,62520.01171875,62564.75,92209152
2026-06-11 05:45:00+00:00,62536.1015625,62634.7890625,62527.3203125,62625.58984375,102086656
2026-06-11 06:00:00+00:00,62707.16015625,62739.140625,62474.19921875,62543.33984375,85536768
2026-06-11 06:15:00+00:00,62799.69140625,62910.51953125,62666.01953125,62717.75,445569024
2026-06-11 06:30:00+00:00,62873.80859375,62916.3203125,62785.078125,62807.76171875,164554752
2026-06-11 06:45:00+00:00,62686.01171875,62873.98828125,62674.80078125,62873.98828125,297340928
2026-06-11 07:00:00+00:00,62580.0,62713.109375,62534.7109375,62686.01953125,274511872
2026-06-11 07:15:00+00:00,62714.390625,62726.69921875,62564.5,62564.5,57942016
2026-06-11 07:30:00+00:00,62601.1796875,62767.0,62535.66015625,62718.359375,0
2026-06-11 07:45:00+00:00,62642.98828125,62678.01953125,62601.1796875,62601.1796875,214067200
2026-06-11 08:00:00+00:00,62754.890625,62797.98828125,62639.890625,62639.890625,408010752
2026-06-11 08:15:00+00:00,62877.94921875,62877.94921875,62724.6796875,62746.62109375,168402944
2026-06-11 08:30:00+00:00,62782.69921875,62897.01171875,62774.28125,62877.94921875,240103424
2026-06-11 08:45:00+00:00,62888.0,62960.140625,62778.03125,62782.69921875,0
2026-06-11 09:00:00+00:00,62796.80859375,62894.19140625,62744.98828125,62878.8203125,564850688
2026-06-11 09:15:00+00:00,62748.640625,62797.5,62715.2890625,62778.01953125,91375616
2026-06-11 09:30:00+00:00,62860.76171875,62885.98828125,62743.5,62746.3203125,0
2026-06-11 09:45:00+00:00,62850.0,62907.28125,62818.98828125,62842.26953125,584181760
2026-06-11 10:00:00+00:00,62834.91015625,62894.19140625,62774.87890625,62853.2109375,238934016
2026-06-11 10:15:00+00:00,62781.16015625,62850.0,62725.21875,62829.26953125,101705728
2026-06-11 10:30:00+00:00,62854.01953125,62886.859375,62768.6015625,62771.73828125,327688192
2026-06-11 10:45:00+00:00,63067.1484375,63115.98046875,62850.23828125,62854.01953125,2738176
2026-06-11 11:00:00+00:00,63120.6796875,63133.80078125,62983.9609375,63052.23828125,575963136
2026-06-11 11:15:00+00:00,63100.0703125,63154.05078125,63036.69140625,63117.140625,135260160
2026-06-11 11:30:00+00:00,63070.03125,63196.859375,63019.23046875,63098.44921875,104859648
2026-06-11 11:45:00+00:00,63043.01171875,63170.94140625,63021.96875,63068.80078125,45459456
2026-06-11 12:00:00+00:00,63085.23828125,63126.55078125,62938.66015625,63047.87890625,125790208
2026-06-11 12:15:00+00:00,62621.01953125,63119.26171875,62605.3203125,63095.4609375,366473216
2026-06-11 12:30:00+00:00,62855.87890625,62859.98046875,62439.1484375,62598.0,300392448
2026-06-11 12:45:00+00:00,62939.21875,62970.0703125,62796.87109375,62815.0,253829120
2026-06-11 13:00:00+00:00,62831.41015625,62935.171875,62792.12890625,62923.80859375,350892032
2026-06-11 13:15:00+00:00,62746.62109375,62974.0390625,62726.05078125,62831.41015625,0
2026-06-11 13:30:00+00:00,62891.05859375,62891.05859375,62598.3984375,62710.69140625,263546880
2026-06-11 13:45:00+00:00,63006.0,63186.0,62878.0,62910.01171875,0
2026-06-11 14:00:00+00:00,62733.0,63022.98828125,62707.828125,63022.05078125,200919040
2026-06-11 14:15:00+00:00,62949.0390625,62961.19140625,62661.66015625,62728.8515625,130799616
2026-06-11 14:30:00+00:00,62793.71875,62999.98828125,62778.03125,62950.7109375,349587456
2026-06-11 14:45:00+00:00,62661.83984375,62928.73828125,62661.83984375,62789.5390625,458776576
2026-06-11 15:00:00+00:00,62630.44140625,62781.6015625,62473.921875,62659.421875,49958912
2026-06-11 15:15:00+00:00,62663.33984375,62740.01953125,62561.3515625,62625.25,205469696
2026-06-11 15:30:00+00:00,62611.96875,62804.4296875,62566.05078125,62657.37109375,13524992
2026-06-11 15:45:00+00:00,62680.48828125,62680.48828125,62500.01171875,62621.01953125,289011712
2026-06-11 16:00:00+00:00,62743.48046875,62764.21875,62603.78125,62693.25,15267840
2026-06-11 16:15:00+00:00,62558.0,62765.44921875,62499.51953125,62762.30859375,553181184
2026-06-11 16:30:00+00:00,62584.80078125,62740.3984375,62486.0,62542.53125,276568064
2026-06-11 16:45:00+00:00,62494.26171875,62613.8203125,62494.26171875,62583.44921875,300484608
2026-06-11 17:00:00+00:00,62386.94921875,62518.73046875,62296.41015625,62491.96875,305053696
2026-06-11 17:15:00+00:00,62867.73828125,62867.73828125,62261.91015625,62360.01171875,0
2026-06-11 17:30:00+00:00,63258.87890625,63389.98828125,62901.98828125,62975.2109375,1346537472
2026-06-11 17:45:00+00:00,63555.55078125,63555.55078125,63267.48046875,63267.48046875,602984448
2026-06-11 18:00:00+00:00,63398.6796875,63709.69921875,63252.640625,63556.01171875,615348224
2026-06-11 18:15:00+00:00,63305.98046875,63534.55078125,63277.76171875,63402.01171875,267550720
2026-06-11 18:30:00+00:00,63468.6484375,63473.37109375,63299.12890625,63314.80078125,308961280
2026-06-11 18:45:00+00:00,63384.12109375,63496.1015625,63381.98828125,63462.0,0
2026-06-11 19:00:00+00:00,63461.80078125,63521.578125,63320.1484375,63384.921875,595658752
2026-06-11 19:15:00+00:00,63524.890625,63627.80078125,63464.0,63464.0,516882432
2026-06-11 19:30:00+00:00,63621.19140625,63833.078125,63528.30078125,63528.30078125,224929792
2026-06-11 19:45:00+00:00,63560.98828125,63667.05859375,63542.0,63629.8515625,168122368
2026-06-11 20:00:00+00:00,63468.3984375,63597.91015625,63428.0390625,63584.23828125,211118080
2026-06-11 20:15:00+00:00,63311.30859375,63488.76953125,63262.5,63468.3984375,193150976
2026-06-11 20:30:00+00:00,63226.3203125,63349.98828125,63226.30859375,63307.109375,315725824
2026-06-11 20:45:00+00:00,63332.0,63349.01171875,63205.0,63226.30859375,65150976
2026-06-11 21:00:00+00:00,63488.80859375,63536.87890625,63329.01171875,63329.01171875,306159616
2026-06-11 21:15:00+00:00,63421.94921875,63503.26953125,63382.91015625,63471.390625,195461120
2026-06-11 21:30:00+00:00,63473.94140625,63478.3984375,63401.16015625,63433.4296875,675411968
2026-06-11 21:45:00+00:00,63464.01953125,63512.69140625,63395.3984375,63473.8203125,170704896
2026-06-11 22:00:00+00:00,63570.23828125,63604.55078125,63446.66015625,63446.66015625,284717056
2026-06-11 22:15:00+00:00,63532.0,63611.96875,63472.01171875,63570.23828125,0
2026-06-11 22:30:00+00:00,63441.98828125,63576.0,63431.921875,63529.26953125,60041216
2026-06-11 22:45:00+00:00,63434.30859375,63513.4609375,63396.76953125,63437.5703125,50296832
2026-06-11 23:00:00+00:00,63336.1015625,63418.640625,63285.8515625,63418.640625,35899392
2026-06-11 23:15:00+00:00,63314.671875,63368.83984375,63305.76953125,63330.0,124438528
2026-06-11 23:30:00+00:00,63567.078125,63623.71875,63315.53125,63315.53125,42616832
2026-06-11 23:45:00+00:00,63557.640625,63592.37109375,63450.2890625,63567.078125,9521152
