Datetime,Close,High,Low,Open,Volume
2026-06-05 00:00:00+00:00,63696.66015625,63775.8984375,63696.66015625,63775.8984375,0
2026-06-05 00:01:00+00:00,63681.30078125,63734.0,63681.30078125,63689.48828125,1146880
2026-06-05 00:02:00+00:00,63740.01953125,63752.859375,63658.9296875,63658.9296875,0
2026-06-05 00:03:00+00:00,63722.2109375,63770.87109375,63722.2109375,63768.69921875,0
2026-06-05 00:04:00+00:00,63666.73828125,63700.01953125,63662.5703125,63700.01953125,0
2026-06-05 00:05:00+00:00,63724.390625,63752.73828125,63673.91015625,63679.51171875,0
2026-06-05 00:06:00+00:00,63745.53125,63745.53125,63697.66015625,63711.9609375,40230912
2026-06-05 00:07:00+00:00,63693.9296875,63755.98828125,63677.2109375,63755.98828125,20135936
2026-06-05 00:08:00+00:00,63718.6015625,63731.80078125,63643.30859375,63700.0,0
2026-06-05 00:09:00+00:00,63741.76171875,63741.76171875,63693.578125,63717.609375,0
2026-06-05 00:10:00+00:00,63716.98046875,63765.98828125,63715.98828125,63760.96875,0
2026-06-05 00:11:00+00:00,63664.94140625,63718.0390625,63664.94140625,63714.98828125,0
2026-06-05 00:12:00+00:00,63646.0,63669.96875,63626.73828125,63669.96875,0
2026-06-05 00:13:00+00:00,63601.3203125,63666.2890625,63601.3203125,63665.98828125,0
2026-06-05 00:14:00+00:00,63587.37890625,63593.421875,63568.46875,63593.421875,215904256
2026-06-05 00:15:00+00:00,63603.5703125,63603.5703125,63558.75,63558.75,11218944
2026-06-05 00:16:00+00:00,63577.98828125,63612.3984375,63562.69921875,63612.3984375,0
2026-06-05 00:17:00+00:00,63546.21875,63592.328125,63542.25,63592.328125,63315968
2026-06-05 00:18:00+00:00,63526.890625,63544.75,63511.26953125,63534.609375,532480
2026-06-05 00:19:00+00:00,63604.0,63628.12890625,63533.94140625,63533.94140625,0
2026-06-05 00:20:00+00:00,63785.80078125,63798.73046875,63619.94921875,63619.94921875,0
2026-06-05 00:21:00+00:00,63782.76953125,63789.0,63705.83984375,63736.5390625,0
2026-06-05 00:22:00+00:00,63757.25,63762.03125,63689.0,63762.03125,16490496
2026-06-05 00:23:00+00:00,63818.78125,63818.78125,63754.9296875,63786.76953125,0
2026-06-05 00:24:00+00:00,63766.5,63822.51171875,63757.26171875,63794.078125,0
2026-06-05 00:25:00+00:00,63644.6015625,63748.12109375,63637.5,63748.12109375,48680960
2026-06-05 00:26:00+00:00,63718.53125,63718.53125,63652.66015625,63652.66015625,0
2026-06-05 00:27:00+00:00,63745.78125,63748.8515625,63663.62890625,63716.140625,0
2026-06-05 00:28:00+00:00,63777.98828125,63777.98828125,63743.48046875,63743.48046875,0
2026-06-05 00:29:00+00:00,63823.921875,63829.78125,63766.0,63778.01953125,81625088
2026-06-05 00:30:00+00:00,63839.6484375,63861.12890625,63816.26953125,63816.26953125,0
2026-06-05 00:31:00+00:00,63879.0,63881.69140625,63836.71875,63836.71875,0
2026-06-05 00:32:00+00:00,63777.25,63898.0390625,63777.25,63877.7109375,0
2026-06-05 00:33:00+00:00,63821.05078125,63850.0,63759.75,63760.62890625,0
2026-06-05 00:34:00+00:00,63799.9296875,63824.4609375,63798.87890625,63824.4609375,3874816
2026-06-05 00:35:00+00:00,63716.44921875,63812.01171875,63701.76171875,63812.01171875,0
2026-06-05 00:36:00+00:00,63713.62109375,63758.96875,63713.62109375,63720.890625,0
2026-06-05 00:37:00+00:00,63653.37109375,63730.37890625,63624.05078125,63730.37890625,0
2026-06-05 00:38:00+00:00,63667.98046875,63682.0390625,63611.76953125,63640.3984375,0
2026-06-05 00:39:00+00:00,63758.53125,63758.53125,63678.26953125,63689.30078125,0
2026-06-05 00:40:00+00:00,63740.30078125,63768.0,63730.390625,63763.1015625,0
2026-06-05 00:41:00+00:00,63662.66015625,63739.5703125,63662.66015625,63735.78125,0
2026-06-05 00:42:00+00:00,63629.26171875,63674.0,63628.12890625,63662.87890625,0
2026-06-05 00:43:00+00:00,63646.4296875,63646.4296875,63611.75,63624.01953125,0
2026-06-05 00:44:00+00:00,63621.55078125,63664.01171875,63620.8203125,63656.76953125,1102237696
2026-06-05 00:45:00+00:00,63675.73046875,63685.390625,63587.01171875,63615.1484375,0
2026-06-05 00:46:00+00:00,63702.58984375,63702.58984375,63645.98828125,63689.48046875,0
2026-06-05 00:47:00+00:00,63681.94921875,63706.3984375,63681.94921875,63706.3984375,0
2026-06-05 00:48:00+00:00,63698.03125,63711.1484375,63684.01171875,63686.1015625,0
2026-06-05 00:49:00+00:00,63674.78125,63693.171875,63646.0,63685.3984375,0
2026-06-05 00:50:00+00:00,63591.578125,63661.96875,63585.96875,63659.41015625,0
2026-06-05 00:51:00+00:00,63558.6484375,63591.328125,63553.73046875,63591.328125,0
2026-06-05 00:52:00+00:00,63478.03125,63553.2890625,63456.87890625,63547.640625,0
2026-06-05 00:53:00+00:00,63458.9296875,63480.890625,63441.9296875,63452.94140625,0
2026-06-05 00:54:00+00:00,63436.94921875,63489.53125,63429.19921875,63456.359375,949415936
2026-06-05 00:55:00+00:00,63406.78125,63422.0,63406.78125,63413.58984375,3616768
2026-06-05 00:56:00+00:00,63406.05078125,63409.83984375,63378.6484375,63402.2109375,0
2026-06-05 00:57:00+00:00,63358.2109375,63416.01171875,63358.2109375,63414.01953125,3420160
2026-06-05 00:58:00+00:00,63333.6484375,63397.9609375,63333.6484375,63386.8203125,0
2026-06-05 00:59:00+00:00,63354.359375,63362.0,63316.8984375,63340.859375,0
2026-06-05 01:00:00+00:00,63317.44921875,63330.0,63301.9609375,63322.5,0
2026-06-05 01:01:00+00:00,63145.05078125,63288.0,63145.05078125,63288.0,0
2026-06-05 01:02:00+00:00,63143.0,63190.46875,63143.0,63160.5390625,0
2026-06-05 01:03:00+00:00,63079.19140625,63143.78125,63064.26953125,63106.0,0
2026-06-05 01:04:00+00:00,62997.94140625,63120.3203125,62985.98046875,63120.3203125,0
2026-06-05 01:05:00+00:00,63059.55078125,63113.6015625,63037.921875,63037.921875,0
2026-06-05 01:06:00+00:00,63103.8515625,63109.3984375,63028.96875,63063.7109375,0
2026-06-05 01:07:00+00:00,63189.328125,63219.109375,63125.05078125,63125.05078125,0
2026-06-05 01:08:00+00:00,63043.26171875,63161.87890625,63043.26171875,63161.87890625,55578624
2026-06-05 01:09:00+00:00,63133.23828125,63133.23828125,63048.12890625,63053.359375,0
2026-06-05 01:10:00+00:00,63084.01953125,63153.078125,63055.5390625,63142.3515625,0
2026-06-05 01:11:00+00:00,63099.1484375,63122.609375,63074.328125,63074.328125,0
2026-06-05 01:12:00+00:00,63194.58984375,63194.58984375,63099.98046875,63099.98046875,12992512
2026-06-05 01:13:00+00:00,63190.48046875,63209.98046875,63145.51171875,63209.98046875,0
2026-06-05 01:14:00+00:00,63282.5,63282.5,63191.76953125,63198.859375,0
2026-06-05 01:15:00+00:00,63225.3515625,63276.0,63182.3203125,63276.0,0
2026-06-05 01:16:00+00:00,63243.21875,63243.21875,63158.828125,63202.76953125,0
2026-06-05 01:17:00+00:00,63308.80078125,63308.80078125,63212.5,63255.8203125,666071040
2026-06-05 01:18:00+00:00,63325.48046875,63340.44140625,63310.26171875,63340.44140625,0
2026-06-05 01:19:00+00:00,63279.98828125,63344.421875,63258.01171875,63344.421875,0
2026-06-05 01:20:00+00:00,63224.51953125,63271.1015625,63210.19921875,63271.1015625,0
2026-06-05 01:21:00+00:00,63233.96875,63265.12109375,63214.2890625,63215.390625,0
2026-06-05 01:22:00+00:00,63104.01171875,63202.76953125,63088.26171875,63202.76953125,0
2026-06-05 01:23:00+00:00,63135.0390625,63140.4609375,63069.671875,63069.671875,0
2026-06-05 01:24:00+00:00,63210.94921875,63210.94921875,63145.51171875,63145.51171875,0
2026-06-05 01:25:00+00:00,63219.12109375,63270.0,63191.671875,63219.16015625,0
2026-06-05 01:26:00+00:00,63196.19921875,63260.66015625,63188.01953125,63200.5703125,0
2026-06-05 01:27:00+00:00,63239.578125,63239.578125,63190.58984375,63204.98828125,0
2026-06-05 01:28:00+00:00,63240.5703125,63256.1484375,63215.0390625,63238.0,0
2026-06-05 01:29:00+00:00,63256.421875,63260.03125,63222.19921875,63246.078125,198356992
2026-06-05 01:30:00+00:00,63415.4609375,63489.73046875,63296.0,63296.0,0
2026-06-05 01:31:00+00:00,63443.30859375,63443.30859375,63378.83984375,63407.26953125,0
2026-06-05 01:32:00+00:00,63342.359375,63410.0,63338.328125,63410.0,0
2026-06-05 01:33:00+00:00,63386.05078125,63405.0,63341.83984375,63341.83984375,240308224
2026-06-05 01:34:00+00:00,63334.078125,63357.26171875,63295.26171875,63357.26171875,0
2026-06-05 01:35:00+00:00,63397.3984375,63397.3984375,63314.5,63314.5,0
2026-06-05 01:36:00+00:00,63374.55078125,63430.0,63374.55078125,63411.96875,0
2026-06-05 01:37:00+00:00,63380.12109375,63406.0,63362.28125,63370.6484375,0
2026-06-05 01:38:00+00:00,63222.0,63352.05078125,63198.05078125,63352.05078125,0
2026-06-05 01:39:00+00:00,63243.48828125,63245.21875,63210.859375,63224.5390625,0
2026-06-05 01:40:00+00:00,63270.3203125,63272.5703125,63215.05078125,63231.3984375,0
2026-06-05 01:41:00+00:00,63263.8984375,63278.01171875,63239.578125,63261.98828125,196288512
2026-06-05 01:42:00+00:00,63226.37890625,63260.1015625,63215.0390625,63260.1015625,5013504
2026-06-05 01:43:00+00:00,63305.609375,63305.609375,63200.01171875,63200.01171875,0
2026-06-05 01:44:00+00:00,63366.37109375,63366.37109375,63272.80078125,63319.87109375,102457344
2026-06-05 01:45:00+00:00,63279.5390625,63337.75,63279.5390625,63324.390625,0
2026-06-05 01:46:00+00:00,63271.48046875,63302.0,63259.01171875,63283.08984375,0
2026-06-05 01:47:00+00:00,63292.01171875,63300.9296875,63235.98828125,63287.578125,0
2026-06-05 01:48:00+00:00,63239.48046875,63288.9296875,63226.01953125,63288.9296875,0
2026-06-05 01:49:00+00:00,63239.58984375,63264.80859375,63239.58984375,63251.83984375,0
2026-06-05 01:50:00+00:00,63171.96875,63228.8515625,63171.96875,63228.8515625,214573056
2026-06-05 01:51:00+00:00,63250.80859375,63250.80859375,63165.62890625,63165.62890625,0
2026-06-05 01:52:00+00:00,63215.0703125,63267.6484375,63202.78125,63227.1796875,0
2026-06-05 01:53:00+00:00,63256.98046875,63264.078125,63219.48828125,63219.48828125,0
2026-06-05 01:54:00+00:00,63260.0390625,63270.87890625,63235.78125,63249.44140625,0
2026-06-05 01:55:00+00:00,63279.16015625,63288.0390625,63200.0,63243.671875,0
2026-06-05 01:56:00+00:00,63358.19140625,63358.19140625,63272.30859375,63279.828125,0
2026-06-05 01:57:00+00:00,63298.0,63363.94921875,63298.0,63322.640625,0
2026-06-05 01:58:00+00:00,63313.53125,63313.53125,63260.859375,63288.48046875,0
2026-06-05 01:59:00+00:00,63296.83984375,63317.28125,63295.671875,63296.0,0
2026-06-05 02:00:00+00:00,63279.71875,63364.2890625,63279.71875,63300.9296875,0
2026-06-05 02:01:00+00:00,63225.4296875,63330.08984375,63201.69140625,63308.0,0
2026-06-05 02:02:00+00:00,63211.94140625,63231.4296875,63150.01171875,63192.58984375,0
2026-06-05 02:03:00+00:00,63297.98828125,63310.69140625,63212.37109375,63220.53125,0
2026-06-05 02:04:00+00:00,63223.21875,63282.0,63220.0,63282.0,0
2026-06-05 02:05:00+00:00,63198.6796875,63251.83984375,63186.41015625,63251.83984375,0
2026-06-05 02:06:00+00:00,63198.69140625,63213.62109375,63170.05078125,63175.44140625,0
2026-06-05 02:07:00+00:00,63133.16015625,63238.03125,63116.87890625,63231.390625,0
2026-06-05 02:08:00+00:00,63108.69921875,63164.51953125,63108.69921875,63138.0,0
2026-06-05 02:09:00+00:00,63178.03125,63180.0,63113.9609375,63113.9609375,33992704
2026-06-05 02:10:00+00:00,63186.87890625,63186.87890625,63129.75,63140.0703125,0
2026-06-05 02:11:00+00:00,63157.71875,63194.578125,63156.75,63186.87890625,0
2026-06-05 02:12:00+00:00,63175.46875,63187.8984375,63141.4296875,63165.94921875,0
2026-06-05 02:13:00+00:00,63129.1484375,63194.58984375,63108.01953125,63182.2890625,0
2026-06-05 02:14:00+00:00,63107.8203125,63123.98046875,63104.578125,63115.921875,0
2026-06-05 02:15:00+00:00,63141.76171875,63161.87109375,63112.80078125,63125.05859375,0
2026-06-05 02:16:00+00:00,63137.328125,63196.12109375,63137.328125,63170.05078125,0
2026-06-05 02:17:00+00:00,63181.1796875,63181.1796875,63073.16015625,63104.01171875,0
2026-06-05 02:18:00+00:00,63018.9296875,63185.0,63018.9296875,63185.0,0
2026-06-05 02:19:00+00:00,62935.05078125,63026.890625,62935.05078125,63026.890625,0
2026-06-05 02:20:00+00:00,62817.98046875,62983.0,62817.98046875,62957.359375,0
2026-06-05 02:21:00+00:00,62828.1796875,62890.0,62753.98046875,62787.94140625,0
2026-06-05 02:22:00+00:00,62734.0,62794.3203125,62708.0,62794.3203125,0
2026-06-05 02:23:00+00:00,62818.23828125,62830.578125,62756.48828125,62765.12890625,0
2026-06-05 02:24:00+00:00,62836.0,62836.0,62757.98046875,62820.98828125,0
2026-06-05 02:25:00+00:00,62769.23828125,62850.21875,62745.609375,62835.30078125,0
2026-06-05 02:26:00+00:00,62770.0,62824.96875,62768.01953125,62793.76953125,0
2026-06-05 02:27:00+00:00,62731.23828125,62789.6796875,62691.98828125,62778.578125,0
2026-06-05 02:28:00+00:00,62696.2109375,62732.37109375,62680.890625,62698.28125,0
2026-06-05 02:29:00+00:00,62630.171875,62712.609375,62630.16015625,62712.609375,0
2026-06-05 02:30:00+00:00,62592.87109375,62622.0,62564.359375,62622.0,0
2026-06-05 02:31:00+00:00,62716.05859375,62732.71875,62646.0,62650.62109375,0
2026-06-05 02:32:00+00:00,62736.51171875,62736.51171875,62692.12890625,62724.2890625,0
2026-06-05 02:33:00+00:00,62698.58984375,62744.87890625,62689.21875,62732.421875,0
2026-06-05 02:34:00+00:00,62736.8515625,62776.98828125,62703.7890625,62731.01171875,0
2026-06-05 02:35:00+00:00,62835.0,62835.0,62746.48828125,62759.33984375,0
2026-06-05 02:36:00+00:00,62749.9296875,62857.98828125,62749.9296875,62826.03125,0
2026-06-05 02:37:00+00:00,62864.9609375,62864.9609375,62770.640625,62773.25,0
2026-06-05 02:38:00+00:00,62814.21875,62865.23046875,62814.21875,62865.23046875,269254656
2026-06-05 02:39:00+00:00,62818.33984375,62835.01171875,62812.73046875,62830.94140625,0
2026-06-05 02:40:00+00:00,62835.98828125,62846.0703125,62784.8203125,62830.01171875,0
2026-06-05 02:41:00+00:00,62794.6484375,62856.9609375,62780.4609375,62856.9609375,0
2026-06-05 02:42:00+00:00,62635.98828125,62779.98828125,62627.859375,62773.3203125,2260992
2026-06-05 02:43:00+00:00,62630.01953125,62630.01953125,62524.30078125,62613.80859375,892928
2026-06-05 02:44:00+00:00,62677.0703125,62723.01171875,62655.0,62655.0,0
2026-06-05 02:45:00+00:00,62765.76171875,62765.76171875,62662.890625,62662.890625,0
2026-06-05 02:46:00+00:00,62690.328125,62778.0,62690.328125,62774.62109375,15671296
2026-06-05 02:47:00+00:00,62632.1015625,62699.6015625,62615.94921875,62679.71875,93728768
2026-06-05 02:48:00+00:00,62665.51171875,62671.83984375,62628.0,62657.140625,0
2026-06-05 02:49:00+00:00,62654.7109375,62674.41015625,62645.3984375,62662.890625,0
2026-06-05 02:50:00+00:00,62730.75,62730.75,62655.6796875,62665.01953125,0
2026-06-05 02:51:00+00:00,62682.21875,62733.05859375,62678.9609375,62716.05859375,0
2026-06-05 02:52:00+00:00,62679.4296875,62685.62109375,62647.9609375,62683.23046875,0
2026-06-05 02:53:00+00:00,62681.80859375,62704.6484375,62670.0,62696.66015625,0
2026-06-05 02:54:00+00:00,62556.109375,62679.12890625,62556.109375,62679.12890625,0
2026-06-05 02:55:00+00:00,62597.44921875,62624.23046875,62569.23828125,62572.30078125,0
2026-06-05 02:56:00+00:00,62602.21875,62618.05078125,62564.73046875,62588.12890625,0
2026-06-05 02:57:00+00:00,62609.9609375,62635.98828125,62605.9296875,62617.28125,135577600
2026-06-05 02:58:00+00:00,62535.5390625,62590.01171875,62520.01171875,62576.01171875,0
2026-06-05 02:59:00+00:00,62538.859375,62553.37109375,62523.8515625,62534.578125,0
2026-06-05 03:00:00+00:00,62562.0,62576.66015625,62523.6015625,62544.2890625,0
2026-06-05 03:01:00+00:00,62440.6015625,62538.26171875,62438.05859375,62538.26171875,0
2026-06-05 03:02:00+00:00,62428.01171875,62445.03125,62406.1015625,62420.0,137932800
2026-06-05 03:03:00+00:00,62482.69140625,62540.51171875,62474.73828125,62474.73828125,0
2026-06-05 03:04:00+00:00,62519.73046875,62527.921875,62465.96875,62478.62109375,10108928
2026-06-05 03:05:00+00:00,62403.328125,62505.0,62379.671875,62505.0,0
2026-06-05 03:06:00+00:00,62298.0,62465.390625,62298.0,62445.0,0
2026-06-05 03:07:00+00:00,62314.0,62390.98046875,62314.0,62337.859375,0
2026-06-05 03:08:00+00:00,62315.25,62364.30859375,62302.53125,62302.53125,471236608
2026-06-05 03:09:00+00:00,62323.53125,62349.87109375,62310.98828125,62335.0,0
2026-06-05 03:10:00+00:00,62337.26171875,62348.46875,62308.98828125,62323.5703125,0
2026-06-05 03:11:00+00:00,62293.0,62343.01953125,62266.171875,62343.01953125,0
2026-06-05 03:12:00+00:00,62322.01953125,62322.01953125,62286.0,62298.0,0
2026-06-05 03:13:00+00:00,62318.01953125,62351.01171875,62295.37109375,62311.1484375,0
2026-06-05 03:14:00+00:00,62306.01171875,62329.2109375,62291.2890625,62324.8515625,142561280
2026-06-05 03:15:00+00:00,62384.1484375,62385.75,62312.03125,62323.01171875,4108288
2026-06-05 03:16:00+00:00,62482.94140625,62511.5703125,62408.640625,62419.69140625,0
2026-06-05 03:17:00+00:00,62605.62890625,62605.62890625,62527.921875,62527.921875,92430336
2026-06-05 03:18:00+00:00,62724.23046875,62724.23046875,62651.03125,62670.859375,0
2026-06-05 03:19:00+00:00,62698.37109375,62744.78125,62668.62109375,62699.33984375,32419840
2026-06-05 03:20:00+00:00,62568.8203125,62679.25,62568.8203125,62679.25,0
2026-06-05 03:21:00+00:00,62510.0,62597.4296875,62510.0,62548.37109375,0
2026-06-05 03:22:00+00:00,62517.46875,62520.21875,62468.21875,62503.37890625,0
2026-06-05 03:23:00+00:00,62577.078125,62630.12890625,62542.53125,62542.53125,271286272
2026-06-05 03:24:00+00:00,62588.01953125,62591.671875,62548.3984375,62560.421875,421888
2026-06-05 03:25:00+00:00,62572.8984375,62601.55078125,62540.80078125,62601.55078125,13598720
2026-06-05 03:26:00+00:00,62513.62109375,62577.0,62503.37890625,62572.96875,0
2026-06-05 03:27:00+00:00,62504.33984375,62556.55078125,62483.8984375,62513.359375,192667648
2026-06-05 03:28:00+00:00,62483.9609375,62523.0390625,62477.03125,62506.48046875,5058560
2026-06-05 03:29:00+00:00,62526.5390625,62526.5390625,62488.609375,62488.609375,0
2026-06-05 03:30:00+00:00,62638.3515625,62661.55859375,62548.37109375,62548.37109375,0
2026-06-05 03:31:00+00:00,62738.0,62772.55078125,62649.390625,62651.01953125,0
2026-06-05 03:32:00+00:00,62793.78125,62808.98046875,62752.859375,62752.859375,4005888
2026-06-05 03:33:00+00:00,62723.6015625,62805.140625,62716.01171875,62783.2109375,1093705728
2026-06-05 03:34:00+00:00,62746.44140625,62766.3984375,62726.48828125,62726.48828125,0
2026-06-05 03:35:00+00:00,62709.94140625,62753.69921875,62658.76953125,62753.69921875,0
2026-06-05 03:36:00+00:00,62644.01953125,62716.05078125,62644.01171875,62691.53125,0
2026-06-05 03:37:00+00:00,62583.421875,62680.0,62583.421875,62650.73046875,0
2026-06-05 03:38:00+00:00,62588.98046875,62607.23046875,62588.98046875,62601.5390625,0
2026-06-05 03:39:00+00:00,62655.44921875,62655.44921875,62581.1015625,62592.05078125,0
2026-06-05 03:40:00+00:00,62632.171875,62699.19921875,62632.171875,62671.12109375,0
2026-06-05 03:41:00+00:00,62573.08984375,62626.08984375,62555.01171875,62626.08984375,0
2026-06-05 03:42:00+00:00,62548.37109375,62585.171875,62534.0,62585.171875,0
2026-06-05 03:43:00+00:00,62560.94140625,62560.94140625,62508.4296875,62555.16015625,0
2026-06-05 03:44:00+00:00,62599.0,62603.12890625,62577.58984375,62581.08984375,141758464
2026-06-05 03:45:00+00:00,62674.1796875,62674.1796875,62592.25,62592.25,0
2026-06-05 03:46:00+00:00,62712.0,62725.30859375,62650.62109375,62711.96875,0
2026-06-05 03:47:00+00:00,62727.62109375,62746.51171875,62694.7890625,62720.01171875,0
2026-06-05 03:48:00+00:00,62707.0,62736.51171875,62699.7109375,62716.0703125,13467648
2026-06-05 03:49:00+00:00,62726.01171875,62740.6015625,62707.890625,62719.46875,0
2026-06-05 03:50:00+00:00,62704.37109375,62771.3984375,62699.6796875,62748.7890625,0
2026-06-05 03:51:00+00:00,62731.3515625,62744.01171875,62702.6796875,62714.01953125,0
2026-06-05 03:52:00+00:00,62700.96875,62725.87109375,62689.37890625,62719.3984375,9334784
2026-06-05 03:53:00+00:00,62623.30859375,62700.7890625,62623.30859375,62700.7890625,0
2026-06-05 03:54:00+00:00,62698.5390625,62698.5390625,62625.91015625,62636.0,42545152
2026-06-05 03:55:00+00:00,62736.5,62736.5,62664.94140625,62664.94140625,3170304
2026-06-05 03:56:00+00:00,62720.1484375,62752.859375,62708.19921875,62736.0,0
2026-06-05 03:57:00+00:00,62687.5390625,62732.421875,62687.5390625,62707.890625,2510848
2026-06-05 03:58:00+00:00,62647.69921875,62658.7890625,62626.08984375,62658.7890625,0
2026-06-05 03:59:00+00:00,62658.30859375,62658.30859375,62623.98828125,62623.98828125,69169152
2026-06-05 04:00:00+00:00,62615.3984375,62687.421875,62615.3984375,62662.96875,0
2026-06-05 04:01:00+00:00,62567.0,62630.96875,62567.0,62630.96875,36089856
2026-06-05 04:02:00+00:00,62529.359375,62597.87109375,62529.359375,62564.0,0
2026-06-05 04:03:00+00:00,62491.109375,62524.6796875,62487.359375,62524.6796875,0
2026-06-05 04:04:00+00:00,62557.328125,62589.26953125,62458.0,62468.98828125,0
2026-06-05 04:05:00+00:00,62573.05078125,62576.75,62521.53125,62573.58984375,0
2026-06-05 04:06:00+00:00,62748.62109375,62766.671875,62626.0703125,62626.0703125,15138816
2026-06-05 04:07:00+00:00,62859.23046875,62876.0,62776.80859375,62776.80859375,0
2026-06-05 04:08:00+00:00,62809.6484375,62897.53125,62809.6484375,62847.33984375,0
2026-06-05 04:09:00+00:00,62846.94921875,62858.3984375,62777.421875,62811.0703125,301809664
2026-06-05 04:10:00+00:00,62801.05859375,62853.98828125,62793.76953125,62849.96875,765952
2026-06-05 04:11:00+00:00,62763.23828125,62786.76171875,62710.01171875,62785.58984375,143536128
2026-06-05 04:12:00+00:00,62759.98828125,62840.69140625,62736.51171875,62768.05078125,0
2026-06-05 04:13:00+00:00,62754.28125,62769.9609375,62739.9609375,62752.9296875,0
2026-06-05 04:14:00+00:00,62790.1796875,62791.69140625,62737.73828125,62737.73828125,0
2026-06-05 04:15:00+00:00,62752.87109375,62805.328125,62752.87109375,62805.328125,0
2026-06-05 04:16:00+00:00,62693.4296875,62775.73046875,62693.4296875,62741.05859375,6205440
2026-06-05 04:17:00+00:00,62685.25,62730.55859375,62685.25,62688.671875,0
2026-06-05 04:18:00+00:00,62666.96875,62671.0703125,62594.37890625,62670.0,15106048
2026-06-05 04:19:00+00:00,62630.66015625,62656.0,62612.890625,62652.98828125,0
2026-06-05 04:20:00+00:00,62634.3515625,62634.3515625,62589.3515625,62626.98046875,0
2026-06-05 04:21:00+00:00,62658.80078125,62665.96875,62646.51953125,62646.51953125,0
2026-06-05 04:22:00+00:00,62675.8515625,62732.01171875,62658.8203125,62679.25,0
2026-06-05 04:23:00+00:00,62732.41015625,62732.41015625,62679.98828125,62683.78125,0
2026-06-05 04:24:00+00:00,62744.94140625,62761.05078125,62714.01953125,62714.01953125,0
2026-06-05 04:25:00+00:00,62924.0,62930.4609375,62754.0,62754.0,1150976
2026-06-05 04:26:00+00:00,63092.33984375,63124.0,62984.28125,62984.28125,12427264
2026-06-05 04:27:00+00:00,63040.26953125,63112.7890625,63040.26953125,63112.7890625,0
2026-06-05 04:28:00+00:00,63138.0390625,63138.0390625,63064.859375,63064.859375,44879872
2026-06-05 04:29:00+00:00,63140.0,63140.0,63120.53125,63130.0,9220096
2026-06-05 04:30:00+00:00,62978.0,63159.0,62978.0,63159.0,0
2026-06-05 04:31:00+00:00,62966.5703125,62986.828125,62953.26953125,62982.0,14835712
2026-06-05 04:32:00+00:00,63016.55859375,63027.98828125,62978.55078125,62982.0,0
2026-06-05 04:33:00+00:00,62988.58984375,63046.80859375,62981.91015625,63008.6796875,0
2026-06-05 04:34:00+00:00,63026.8984375,63026.8984375,62978.55078125,62978.55078125,0
2026-06-05 04:35:00+00:00,63082.0,63082.0,63008.58984375,63032.12890625,0
2026-06-05 04:36:00+00:00,63031.921875,63132.0,63031.0,63132.0,0
2026-06-05 04:37:00+00:00,63068.05859375,63077.19921875,63006.44921875,63032.5,2179072
2026-06-05 04:38:00+00:00,63075.96875,63080.0703125,63026.78125,63043.28125,328925184
2026-06-05 04:39:00+00:00,63036.01171875,63070.53125,63002.109375,63059.609375,57782272
2026-06-05 04:40:00+00:00,63019.37890625,63046.3515625,62986.01171875,63046.3515625,0
2026-06-05 04:41:00+00:00,62998.26171875,63035.9609375,62998.26171875,63035.9609375,0
2026-06-05 04:42:00+00:00,62962.75,63001.98828125,62950.03125,63001.98828125,7942144
2026-06-05 04:43:00+00:00,62924.640625,62959.859375,62912.37890625,62959.859375,0
2026-06-05 04:44:00+00:00,62950.37109375,62950.9296875,62924.69140625,62949.87109375,106287104
2026-06-05 04:45:00+00:00,62986.69921875,62997.640625,62935.921875,62935.921875,0
2026-06-05 04:46:00+00:00,62838.76171875,62994.5703125,62838.76171875,62994.5703125,0
2026-06-05 04:47:00+00:00,62822.41015625,62833.609375,62797.87109375,62833.609375,0
2026-06-05 04:48:00+00:00,62781.73828125,62836.6796875,62781.73828125,62830.578125,0
2026-06-05 04:49:00+00:00,62889.890625,62903.98828125,62789.6796875,62789.6796875,0
2026-06-05 04:50:00+00:00,63059.6015625,63059.6015625,62911.28125,62911.28125,0
2026-06-05 04:51:00+00:00,63053.03125,63077.2890625,63022.96875,63077.2890625,0
2026-06-05 04:52:00+00:00,63096.44140625,63099.359375,63050.0,63074.08984375,26583040
2026-06-05 04:53:00+00:00,63105.421875,63105.421875,63053.078125,63096.44140625,0
2026-06-05 04:54:00+00:00,63239.578125,63239.578125,63117.0,63122.48828125,28545024
2026-06-05 04:55:00+00:00,63176.109375,63212.9609375,63165.96875,63200.0390625,2265088
2026-06-05 04:56:00+00:00,63153.69140625,63205.0,63145.51953125,63172.01953125,0
2026-06-05 04:57:00+00:00,63174.98828125,63178.01171875,63149.80078125,63150.01171875,104275968
2026-06-05 04:58:00+00:00,63476.0,63476.0,63208.0,63210.94921875,520192
2026-06-05 04:59:00+00:00,63542.4609375,63574.19140625,63505.44140625,63523.0703125,31125504
2026-06-05 05:00:00+00:00,63426.01953125,63603.5703125,63426.01953125,63586.01171875,0
2026-06-05 05:01:00+00:00,63458.3203125,63458.3203125,63375.109375,63410.76171875,0
2026-06-05 05:02:00+00:00,63431.8203125,63464.73828125,63408.328125,63462.171875,622592
2026-06-05 05:03:00+00:00,63356.83984375,63428.01953125,63327.62890625,63428.01953125,0
2026-06-05 05:04:00+00:00,63339.0390625,63383.0390625,63338.98828125,63362.921875,8003584
2026-06-05 05:05:00+00:00,63429.9296875,63438.0,63334.6484375,63352.4609375,22282240
2026-06-05 05:06:00+00:00,63416.7890625,63472.19921875,63384.0,63426.3515625,9502720
2026-06-05 05:07:00+00:00,63396.01171875,63439.98828125,63390.921875,63419.359375,0
2026-06-05 05:08:00+00:00,63320.0,63413.12890625,63320.0,63413.12890625,5304320
2026-06-05 05:09:00+00:00,63318.9609375,63337.0703125,63300.76953125,63324.21875,0
2026-06-05 05:10:00+00:00,63374.03125,63375.8984375,63313.19921875,63313.19921875,0
2026-06-05 05:11:00+00:00,63366.37890625,63401.328125,63366.37890625,63390.0390625,0
2026-06-05 05:12:00+00:00,63297.78125,63372.0,63297.78125,63365.01953125,0
2026-06-05 05:13:00+00:00,63274.83984375,63303.98828125,63274.83984375,63298.53125,0
2026-06-05 05:14:00+00:00,63304.21875,63314.0390625,63267.23046875,63279.16015625,0
2026-06-05 05:15:00+00:00,63279.421875,63339.9296875,63279.421875,63330.98046875,135168
2026-06-05 05:16:00+00:00,63243.48828125,63263.8984375,63211.8203125,63263.8984375,0
2026-06-05 05:17:00+00:00,63230.2109375,63265.96875,63230.19921875,63242.28125,0
2026-06-05 05:18:00+00:00,63250.30859375,63254.421875,63200.01171875,63229.609375,0
2026-06-05 05:19:00+00:00,63257.6015625,63263.91015625,63244.3203125,63246.26953125,2674688
2026-06-05 05:20:00+00:00,63288.62109375,63295.75,63258.6484375,63280.44921875,0
2026-06-05 05:21:00+00:00,63367.33984375,63455.6015625,63330.390625,63330.390625,61960192
2026-06-05 05:22:00+00:00,63309.48828125,63370.44921875,63284.5703125,63364.7109375,0
2026-06-05 05:23:00+00:00,63333.0,63351.37890625,63315.69140625,63315.69140625,0
2026-06-05 05:24:00+00:00,63308.37109375,63332.44921875,63293.2890625,63332.44921875,0
2026-06-05 05:25:00+00:00,63360.0390625,63375.12109375,63293.8203125,63320.23046875,2400256
2026-06-05 05:26:00+00:00,63386.30078125,63386.30078125,63346.01171875,63379.9609375,448184320
2026-06-05 05:27:00+00:00,63460.9296875,63489.55859375,63374.55859375,63374.55859375,94208
2026-06-05 05:28:00+00:00,63417.01171875,63476.80078125,63406.7890625,63435.91015625,0
2026-06-05 05:29:00+00:00,63444.2109375,63444.2109375,63406.94921875,63416.1484375,0
2026-06-05 05:30:00+00:00,63458.0,63478.01953125,63438.9609375,63446.87890625,23797760
2026-06-05 05:31:00+00:00,63423.640625,63489.8515625,63423.640625,63454.0,0
2026-06-05 05:32:00+00:00,63385.62890625,63419.3984375,63369.3203125,63390.37109375,0
2026-06-05 05:33:00+00:00,63309.98828125,63423.640625,63309.98828125,63378.640625,0
2026-06-05 05:34:00+00:00,63274.5390625,63322.01953125,63270.0,63317.2890625,0
2026-06-05 05:35:00+00:00,63162.01171875,63281.37890625,63162.01171875,63281.37890625,57815040
2026-06-05 05:36:00+00:00,63221.53125,63221.53125,63123.98828125,63136.9296875,0
2026-06-05 05:37:00+00:00,63051.33984375,63172.55859375,63035.640625,63167.359375,0
2026-06-05 05:38:00+00:00,63051.96875,63085.73828125,63025.96875,63077.01171875,0
2026-06-05 05:39:00+00:00,63091.078125,63114.421875,63068.19140625,63068.19140625,0
2026-06-05 05:40:00+00:00,63092.33984375,63136.1015625,63075.33984375,63075.33984375,8572928
2026-06-05 05:41:00+00:00,62946.2109375,63055.53125,62941.0,63055.53125,72417280
2026-06-05 05:42:00+00:00,62941.01171875,62974.03125,62904.8203125,62937.80859375,0
2026-06-05 05:43:00+00:00,62876.78125,62961.44921875,62874.08984375,62908.2890625,29278208
2026-06-05 05:44:00+00:00,62820.01171875,62858.78125,62819.078125,62858.78125,0
2026-06-05 05:45:00+00:00,62733.25,62868.87890625,62722.98828125,62868.87890625,0
2026-06-05 05:46:00+00:00,62680.0,62760.5703125,62666.01171875,62681.1015625,0
2026-06-05 05:47:00+00:00,62617.91015625,62670.01953125,62578.0,62645.0,110841856
2026-06-05 05:48:00+00:00,62724.609375,62784.4296875,62656.6484375,62669.21875,0
2026-06-05 05:49:00+00:00,62712.0,62767.390625,62707.87890625,62761.05078125,0
2026-06-05 05:50:00+00:00,62777.41015625,62777.41015625,62699.9296875,62712.69921875,41127936
2026-06-05 05:51:00+00:00,62830.578125,62830.578125,62760.5703125,62760.5703125,40177664
2026-06-05 05:52:00+00:00,62815.05859375,62895.94921875,62814.08984375,62869.01953125,6324224
2026-06-05 05:53:00+00:00,62678.16015625,62811.98828125,62666.98046875,62808.0,48033792
2026-06-05 05:54:00+00:00,62638.3515625,62727.98828125,62617.98046875,62724.23828125,0
2026-06-05 05:55:00+00:00,62600.8515625,62707.87109375,62587.5703125,62673.828125,3801088
2026-06-05 05:56:00+00:00,62568.828125,62640.0,62557.55859375,62640.0,0
2026-06-05 05:57:00+00:00,62462.48046875,62613.26171875,62435.0,62604.05078125,0
2026-06-05 05:58:00+00:00,62328.0,62440.0,62328.0,62379.3203125,0
2026-06-05 05:59:00+00:00,62257.0,62335.83984375,62216.01171875,62298.01953125,0
2026-06-05 06:00:00+00:00,62170.359375,62243.98828125,62170.359375,62240.640625,371822592
2026-06-05 06:01:00+00:00,62338.19140625,62364.01171875,62131.87890625,62131.87890625,13045760
2026-06-05 06:02:00+00:00,62204.80859375,62390.0390625,62204.80859375,62286.91015625,71229440
2026-06-05 06:03:00+00:00,62001.98828125,62132.421875,61983.0,62132.421875,0
2026-06-05 06:04:00+00:00,62106.0,62174.80078125,62049.390625,62049.390625,47050752
2026-06-05 06:05:00+00:00,62266.37109375,62342.01171875,62148.21875,62148.21875,0
2026-06-05 06:06:00+00:00,62468.640625,62499.2890625,62290.6796875,62290.6796875,0
2026-06-05 06:07:00+00:00,62512.2109375,62557.96875,62455.71875,62524.5390625,20353024
2026-06-05 06:08:00+00:00,62505.53125,62552.4609375,62477.0,62530.6484375,712183808
2026-06-05 06:09:00+00:00,62369.87890625,62529.98828125,62369.87890625,62529.98828125,6107136
2026-06-05 06:10:00+00:00,62394.9296875,62398.01953125,62349.33984375,62386.96875,0
2026-06-05 06:11:00+00:00,62325.21875,62466.5703125,62325.21875,62425.671875,33611776
2026-06-05 06:12:00+00:00,62243.1796875,62381.6796875,62243.1796875,62381.6796875,37736448
2026-06-05 06:13:00+00:00,62138.08984375,62255.73828125,62138.08984375,62237.05859375,23347200
2026-06-05 06:14:00+00:00,62022.98046875,62115.30859375,62022.98046875,62099.96875,64245760
2026-06-05 06:15:00+00:00,61975.2109375,62188.44140625,61975.2109375,62029.05078125,0
2026-06-05 06:16:00+00:00,61900.01171875,62010.0,61895.98828125,62010.0,57556992
2026-06-05 06:17:00+00:00,61902.1484375,61960.33984375,61849.0,61873.37890625,88346624
2026-06-05 06:18:00+00:00,61827.98046875,61980.4296875,61815.98828125,61965.0,78680064
2026-06-05 06:19:00+00:00,61769.5,61837.2890625,61753.98046875,61807.55078125,36257792
2026-06-05 06:20:00+00:00,61672.0,61884.0,61667.71875,61803.26171875,0
2026-06-05 06:21:00+00:00,61465.55859375,61591.6796875,61465.55859375,61575.8515625,0
2026-06-05 06:22:00+00:00,61350.0,61470.0,61347.98828125,61470.0,19337216
2026-06-05 06:23:00+00:00,61354.0,61491.98828125,61213.53125,61254.078125,306941952
2026-06-05 06:24:00+00:00,61399.98828125,61399.98828125,61093.55078125,61387.23046875,52813824
2026-06-05 06:25:00+00:00,61363.33984375,61494.140625,61362.28125,61442.9296875,28463104
2026-06-05 06:26:00+00:00,61397.0703125,61509.75,61374.5390625,61423.30859375,0
2026-06-05 06:27:00+00:00,61614.69140625,61659.03125,61423.01953125,61435.19140625,565514240
2026-06-05 06:28:00+00:00,61650.94921875,61710.80078125,61640.3984375,61673.08984375,77025280
2026-06-05 06:29:00+00:00,61602.0,61652.6484375,61510.76953125,61652.6484375,201220096
2026-06-05 06:30:00+00:00,61622.83984375,61737.921875,61595.98046875,61623.078125,17186816
2026-06-05 06:31:00+00:00,61767.16015625,61767.16015625,61615.859375,61615.859375,0
2026-06-05 06:32:00+00:00,61808.078125,61872.23046875,61775.0,61824.4296875,992141312
2026-06-05 06:33:00+00:00,61912.171875,61931.05859375,61771.26953125,61775.41015625,5660672
2026-06-05 06:34:00+00:00,61656.75,61904.05078125,61656.75,61879.46875,21995520
2026-06-05 06:35:00+00:00,61697.640625,61697.640625,61599.48828125,61599.48828125,175833088
2026-06-05 06:36:00+00:00,61855.21875,61855.21875,61751.75,61751.75,0
2026-06-05 06:37:00+00:00,61640.3984375,61823.9609375,61640.3984375,61823.9609375,39686144
2026-06-05 06:38:00+00:00,61744.48828125,61755.91015625,61693.55859375,61696.41015625,0
2026-06-05 06:39:00+00:00,61742.62890625,61857.98828125,61720.0,61762.0,14352384
2026-06-05 06:40:00+00:00,61795.23828125,61836.16015625,61754.921875,61754.921875,24141824
2026-06-05 06:41:00+00:00,61779.109375,61833.390625,61748.26953125,61820.890625,243089408
2026-06-05 06:42:00+00:00,61738.890625,61810.0,61735.0,61799.96875,0
2026-06-05 06:43:00+00:00,61843.44921875,61862.94140625,61662.55859375,61680.1484375,28225536
2026-06-05 06:44:00+00:00,62091.41015625,62129.9609375,61884.91015625,61892.73046875,39415808
2026-06-05 06:45:00+00:00,61954.9609375,62107.76953125,61954.9609375,62100.0,0
2026-06-05 06:46:00+00:00,61870.30859375,61966.578125,61832.62890625,61966.578125,29757440
2026-06-05 06:47:00+00:00,61968.921875,61968.921875,61860.0,61873.51953125,0
2026-06-05 06:48:00+00:00,61963.80859375,62022.0,61963.80859375,62022.0,415793152
2026-06-05 06:49:00+00:00,61812.98046875,61920.0,61812.98046875,61920.0,3031040
2026-06-05 06:50:00+00:00,61815.5703125,61836.01953125,61748.671875,61836.01953125,199086080
2026-06-05 06:51:00+00:00,61820.51953125,61897.9296875,61803.19140625,61803.4609375,4100096
2026-06-05 06:52:00+00:00,61795.80859375,61814.9296875,61754.91015625,61778.98828125,0
2026-06-05 06:53:00+00:00,61881.69921875,61898.05859375,61781.6796875,61817.4296875,14766080
2026-06-05 06:54:00+00:00,61923.1484375,61964.98828125,61898.0703125,61954.28125,116838400
2026-06-05 06:55:00+00:00,61940.62109375,61983.94140625,61917.87890625,61917.87890625,0
2026-06-05 06:56:00+00:00,61860.83984375,61945.98828125,61860.83984375,61904.0,0
2026-06-05 06:57:00+00:00,61920.69921875,61920.69921875,61857.69921875,61857.69921875,11825152
2026-06-05 06:58:00+00:00,61859.08984375,61953.671875,61827.25,61939.51953125,0
2026-06-05 06:59:00+00:00,61881.9296875,61881.9296875,61825.94921875,61857.16015625,459005952
2026-06-05 07:00:00+00:00,61844.890625,61914.421875,61832.62109375,61870.01171875,13914112
2026-06-05 07:01:00+00:00,61689.46875,61841.66015625,61686.48046875,61834.58984375,0
2026-06-05 07:02:00+00:00,61599.48046875,61703.671875,61571.37109375,61703.671875,0
2026-06-05 07:03:00+00:00,61717.109375,61717.109375,61556.0390625,61560.578125,0
2026-06-05 07:04:00+00:00,61652.78125,61688.078125,61612.0,61688.078125,19070976
2026-06-05 07:05:00+00:00,61585.05859375,61664.578125,61572.609375,61664.578125,0
2026-06-05 07:06:00+00:00,61438.359375,61595.30859375,61435.01953125,61551.6796875,0
2026-06-05 07:07:00+00:00,61488.53125,61497.23046875,61366.4296875,61448.328125,16289792
2026-06-05 07:08:00+00:00,61518.0,61620.0,61473.01953125,61501.328125,0
2026-06-05 07:09:00+00:00,61488.6796875,61569.25,61488.6796875,61506.0,691859456
2026-06-05 07:10:00+00:00,61444.28125,61606.9609375,61443.62109375,61489.05859375,0
2026-06-05 07:11:00+00:00,61402.3203125,61455.16015625,61395.0,61455.16015625,0
2026-06-05 07:12:00+00:00,61510.0,61510.0,61327.73046875,61347.83984375,0
2026-06-05 07:13:00+00:00,61468.5,61526.96875,61450.328125,61509.98046875,0
2026-06-05 07:14:00+00:00,61431.80078125,61480.0,61421.53125,61478.390625,0
2026-06-05 07:15:00+00:00,61533.328125,61554.5,61513.6015625,61542.23046875,27930624
2026-06-05 07:16:00+00:00,61646.55078125,61646.55078125,61555.921875,61566.76953125,16683008
2026-06-05 07:17:00+00:00,61645.73046875,61655.41015625,61534.28125,61655.41015625,618467328
2026-06-05 07:18:00+00:00,61599.83984375,61721.98046875,61599.83984375,61651.4296875,2445312
2026-06-05 07:19:00+00:00,61606.28125,61664.94921875,61589.9609375,61589.9609375,0
2026-06-05 07:20:00+00:00,61579.94921875,61626.37890625,61548.71875,61625.5703125,0
2026-06-05 07:21:00+00:00,61705.828125,61705.828125,61596.171875,61600.48046875,0
2026-06-05 07:22:00+00:00,61718.12109375,61737.0,61694.0,61700.28125,1773568
2026-06-05 07:23:00+00:00,61865.01953125,61865.01953125,61729.69140625,61729.69140625,0
2026-06-05 07:24:00+00:00,61775.3515625,61898.05859375,61757.62890625,61877.55078125,0
2026-06-05 07:25:00+00:00,61794.828125,61841.48046875,61714.0,61714.0,123351040
2026-06-05 07:26:00+00:00,62016.01171875,62016.01171875,61836.7109375,61836.7109375,1467924480
2026-06-05 07:27:00+00:00,62183.30078125,62183.30078125,62024.8515625,62024.8515625,0
2026-06-05 07:28:00+00:00,62180.05078125,62282.51171875,62177.01171875,62177.5703125,28712960
2026-06-05 07:29:00+00:00,62193.01953125,62193.01953125,62126.21875,62147.94921875,0
2026-06-05 07:30:00+00:00,62307.640625,62348.05859375,62155.73046875,62185.19921875,0
2026-06-05 07:31:00+00:00,62134.01171875,62292.05078125,62133.0,62292.05078125,0
2026-06-05 07:32:00+00:00,62280.0,62280.0,62123.01171875,62123.37109375,1225236480
2026-06-05 07:33:00+00:00,62403.53125,62425.51171875,62232.0,62249.05859375,16101376
2026-06-05 07:34:00+00:00,62384.98046875,62416.4609375,62373.75,62410.66015625,20185088
2026-06-05 07:35:00+00:00,62442.01953125,62442.01953125,62362.5,62365.0,0
2026-06-05 07:36:00+00:00,62453.33984375,62597.44921875,62451.3203125,62515.6484375,135958528
2026-06-05 07:37:00+00:00,62724.23828125,62724.23828125,62489.98828125,62489.98828125,1961984
2026-06-05 07:38:00+00:00,62734.26171875,62741.3203125,62691.51953125,62713.890625,55693312
2026-06-05 07:39:00+00:00,62757.98046875,62757.98046875,62642.44140625,62722.359375,0
2026-06-05 07:40:00+00:00,62718.01171875,62718.01171875,62609.71875,62704.75,0
2026-06-05 07:41:00+00:00,62808.05078125,62814.0,62728.0390625,62728.0390625,229937152
2026-06-05 07:42:00+00:00,62800.0,62829.0703125,62752.87109375,62808.0703125,1060864
2026-06-05 07:43:00+00:00,62810.87109375,62810.87109375,62742.01171875,62742.01171875,26570752
2026-06-05 07:44:00+00:00,62815.51171875,62818.30859375,62715.73828125,62765.0,121950208
2026-06-05 07:45:00+00:00,62838.01171875,62839.0390625,62781.05859375,62798.0,0
2026-06-05 07:46:00+00:00,62737.30078125,62920.55859375,62737.30078125,62861.9609375,9142272
2026-06-05 07:47:00+00:00,62836.0,62836.0,62724.94921875,62744.69140625,395767808
2026-06-05 07:48:00+00:00,62874.98046875,62904.359375,62831.3984375,62831.3984375,0
2026-06-05 07:49:00+00:00,62781.51171875,62860.0,62781.51171875,62860.0,10919936
2026-06-05 07:50:00+00:00,62765.1484375,62808.01953125,62731.0,62803.3515625,0
2026-06-05 07:51:00+00:00,62857.21875,62882.25,62753.55859375,62753.55859375,0
2026-06-05 07:52:00+00:00,62870.05078125,62906.1015625,62822.94140625,62822.94140625,14233600
2026-06-05 07:53:00+00:00,62810.12890625,62868.03125,62774.08984375,62868.03125,76795904
2026-06-05 07:54:00+00:00,62859.98046875,62886.1484375,62814.859375,62814.859375,18731008
2026-06-05 07:55:00+00:00,62809.01953125,62851.03125,62780.671875,62851.03125,0
2026-06-05 07:56:00+00:00,62793.76953125,62846.9296875,62793.76953125,62804.4609375,0
2026-06-05 07:57:00+00:00,62894.859375,62894.859375,62797.3515625,62797.3515625,32223232
2026-06-05 07:58:00+00:00,62924.6484375,62939.98828125,62871.9609375,62872.69140625,113782784
2026-06-05 07:59:00+00:00,63044.51953125,63044.51953125,62943.26953125,62951.6796875,46391296
2026-06-05 08:00:00+00:00,63023.30859375,63034.30859375,62973.7109375,63034.30859375,0
2026-06-05 08:01:00+00:00,62984.98828125,63035.078125,62972.4609375,63004.01171875,0
2026-06-05 08:02:00+00:00,62908.19921875,62957.37109375,62899.69140625,62957.37109375,0
2026-06-05 08:03:00+00:00,62888.69140625,62916.4609375,62867.01953125,62916.4609375,13131776
2026-06-05 08:04:00+00:00,62806.05078125,62881.30859375,62806.05078125,62881.30859375,0
2026-06-05 08:05:00+00:00,62806.0390625,62811.46875,62754.69921875,62811.46875,416837632
2026-06-05 08:06:00+00:00,62883.98828125,62921.421875,62816.78125,62831.26171875,0
2026-06-05 08:07:00+00:00,62819.5390625,62855.98046875,62781.390625,62835.73046875,13684736
2026-06-05 08:08:00+00:00,62700.3203125,62820.3203125,62700.3203125,62811.9296875,0
2026-06-05 08:09:00+00:00,62698.98828125,62745.98046875,62687.28125,62691.51171875,0
2026-06-05 08:10:00+00:00,62662.30859375,62736.69140625,62662.30859375,62688.48828125,0
2026-06-05 08:11:00+00:00,62715.140625,62715.140625,62653.78125,62653.78125,332521472
2026-06-05 08:12:00+00:00,62707.8515625,62727.140625,62689.51171875,62725.94921875,0
2026-06-05 08:13:00+00:00,62720.1484375,62737.390625,62705.671875,62711.96875,0
2026-06-05 08:14:00+00:00,62750.0,62750.0,62691.66015625,62720.16015625,1308258304
2026-06-05 08:15:00+00:00,62615.62109375,62752.87109375,62615.62109375,62752.87109375,6500352
2026-06-05 08:16:00+00:00,62693.6796875,62693.6796875,62571.21875,62607.1796875,0
2026-06-05 08:17:00+00:00,62557.859375,62650.0,62547.94921875,62650.0,0
2026-06-05 08:18:00+00:00,62579.1015625,62589.26953125,62526.25,62526.25,0
2026-06-05 08:19:00+00:00,62588.0,62601.5390625,62555.4296875,62564.73046875,0
2026-06-05 08:20:00+00:00,62596.98828125,62624.01171875,62560.640625,62560.640625,0
2026-06-05 08:21:00+00:00,62642.44140625,62642.44140625,62557.6015625,62573.58984375,40632320
2026-06-05 08:22:00+00:00,62630.171875,62713.6796875,62614.328125,62687.5703125,0
2026-06-05 08:23:00+00:00,62652.12890625,62675.2890625,62628.30859375,62652.12890625,240377856
2026-06-05 08:24:00+00:00,62642.44140625,62662.87890625,62616.0,62651.6015625,7794688
2026-06-05 08:25:00+00:00,62625.140625,62662.890625,62620.578125,62634.76171875,0
2026-06-05 08:26:00+00:00,62645.37890625,62645.37890625,62622.0,62629.98046875,0
2026-06-05 08:27:00+00:00,62781.53125,62810.12890625,62652.671875,62652.671875,0
2026-06-05 08:28:00+00:00,62752.0,62771.390625,62715.328125,62771.390625,42291200
2026-06-05 08:29:00+00:00,62741.390625,62794.51953125,62732.4296875,62732.4296875,269856768
2026-06-05 08:30:00+00:00,62738.01953125,62759.23828125,62679.51953125,62750.01171875,0
2026-06-05 08:31:00+00:00,62822.41015625,62834.671875,62728.328125,62728.328125,0
2026-06-05 08:32:00+00:00,62746.26953125,62840.37109375,62746.26953125,62840.37109375,0
2026-06-05 08:33:00+00:00,62657.37890625,62733.55859375,62641.98828125,62733.55859375,0
2026-06-05 08:34:00+00:00,62636.53125,62674.0,62630.62890625,62650.0,0
2026-06-05 08:35:00+00:00,62684.71875,62687.4296875,62626.08984375,62628.48046875,0
2026-06-05 08:36:00+00:00,62587.859375,62675.16015625,62587.859375,62654.98828125,37285888
2026-06-05 08:37:00+00:00,62546.69140625,62587.921875,62529.98828125,62581.08984375,15663104
2026-06-05 08:38:00+00:00,62468.73046875,62583.98828125,62468.73046875,62550.21875,0
2026-06-05 08:39:00+00:00,62474.55078125,62525.0390625,62473.98828125,62495.21875,113090560
2026-06-05 08:40:00+00:00,62526.0703125,62526.0703125,62462.69140625,62462.69140625,61038592
2026-06-05 08:41:00+00:00,62612.98828125,62615.98828125,62513.1796875,62517.859375,0
2026-06-05 08:42:00+00:00,62593.98828125,62639.109375,62593.98828125,62637.58984375,1019904
2026-06-05 08:43:00+00:00,62535.7109375,62564.73828125,62524.9296875,62564.73828125,0
2026-06-05 08:44:00+00:00,62478.8515625,62531.2890625,62478.8515625,62522.53125,336830464
2026-06-05 08:45:00+00:00,62478.671875,62495.19921875,62447.98828125,62447.98828125,0
2026-06-05 08:46:00+00:00,62456.55859375,62476.12109375,62433.859375,62467.87109375,16187392
2026-06-05 08:47:00+00:00,62482.58984375,62482.9296875,62449.94140625,62463.87890625,0
2026-06-05 08:48:00+00:00,62519.75,62560.62890625,62494.01171875,62495.19921875,20553728
2026-06-05 08:49:00+00:00,62532.01953125,62548.37109375,62508.19921875,62508.19921875,0
2026-06-05 08:50:00+00:00,62486.03125,62513.53125,62475.26171875,62512.1796875,0
2026-06-05 08:51:00+00:00,62458.41015625,62487.6484375,62458.41015625,62485.359375,520192
2026-06-05 08:52:00+00:00,62428.1015625,62446.12109375,62391.69921875,62416.16015625,0
2026-06-05 08:53:00+00:00,62340.6796875,62428.4609375,62327.94140625,62428.4609375,272908288
2026-06-05 08:54:00+00:00,62337.609375,62405.98828125,62331.0,62340.6796875,0
2026-06-05 08:55:00+00:00,62274.19140625,62311.16015625,62230.26953125,62311.16015625,2109440
2026-06-05 08:56:00+00:00,62410.75,62410.75,62268.5,62268.5,0
2026-06-05 08:57:00+00:00,62380.69140625,62424.01171875,62364.98046875,62399.69921875,0
2026-06-05 08:58:00+00:00,62409.98828125,62411.01171875,62379.08984375,62389.359375,18862080
2026-06-05 08:59:00+00:00,62390.01953125,62409.30859375,62388.01171875,62390.51171875,0
2026-06-05 09:00:00+00:00,62427.91015625,62476.01953125,62392.96875,62409.30859375,70750208
2026-06-05 09:01:00+00:00,62458.0,62459.98828125,62429.55078125,62429.55078125,0
2026-06-05 09:02:00+00:00,62565.98046875,62584.05859375,62461.44140625,62461.44140625,0
2026-06-05 09:03:00+00:00,62515.6484375,62572.921875,62501.37890625,62552.46875,0
2026-06-05 09:04:00+00:00,62493.3515625,62574.01953125,62441.921875,62530.0703125,0
2026-06-05 09:05:00+00:00,62502.30859375,62503.37890625,62446.78125,62485.98828125,0
2026-06-05 09:06:00+00:00,62568.8203125,62568.8203125,62512.01171875,62512.01171875,16670720
2026-06-05 09:07:00+00:00,62624.21875,62624.21875,62559.2109375,62566.0390625,0
2026-06-05 09:08:00+00:00,62585.1796875,62585.1796875,62519.69921875,62578.0,376274944
2026-06-05 09:09:00+00:00,62676.390625,62700.0,62597.48046875,62597.48046875,10301440
2026-06-05 09:10:00+00:00,62711.8984375,62711.9609375,62672.01953125,62688.8515625,0
2026-06-05 09:11:00+00:00,62671.94140625,62720.578125,62671.94140625,62709.94140625,423026688
2026-06-05 09:12:00+00:00,62605.12890625,62678.0390625,62605.12890625,62678.0390625,18059264
2026-06-05 09:13:00+00:00,62906.0,62911.4296875,62581.08984375,62581.08984375,2228224
2026-06-05 09:14:00+00:00,62986.171875,62986.171875,62928.53125,62928.53125,14016512
2026-06-05 09:15:00+00:00,63045.078125,63142.28125,63035.0,63053.1484375,0
2026-06-05 09:16:00+00:00,63084.98046875,63084.98046875,62945.9609375,63056.71875,17047552
2026-06-05 09:17:00+00:00,62944.171875,63090.0,62942.01953125,63084.16015625,0
2026-06-05 09:18:00+00:00,62963.23828125,62983.3984375,62895.96875,62954.0,0
2026-06-05 09:19:00+00:00,62906.48046875,63014.62890625,62906.48046875,62949.2109375,9867264
2026-06-05 09:20:00+00:00,62932.828125,62933.6796875,62863.30078125,62918.109375,0
2026-06-05 09:21:00+00:00,62929.5390625,62965.44921875,62916.46875,62931.23828125,71729152
2026-06-05 09:22:00+00:00,62975.2109375,62975.2109375,62872.44140625,62926.19921875,21729280
2026-06-05 09:23:00+00:00,63008.55859375,63026.890625,62990.6484375,63002.359375,0
2026-06-05 09:24:00+00:00,62984.9609375,63010.5390625,62976.37890625,63006.44921875,0
2026-06-05 09:25:00+00:00,63007.6796875,63068.01953125,62988.98828125,62988.98828125,0
2026-06-05 09:26:00+00:00,63005.9609375,63010.5390625,62961.0390625,62994.1796875,0
2026-06-05 09:27:00+00:00,63002.3515625,63026.80859375,62953.28125,63006.9609375,0
2026-06-05 09:28:00+00:00,63054.83984375,63085.94140625,63014.62890625,63014.62890625,98582528
2026-06-05 09:29:00+00:00,63065.98828125,63071.69921875,63033.3515625,63071.69921875,0
2026-06-05 09:30:00+00:00,62988.7890625,63059.62109375,62981.609375,63054.0703125,0
2026-06-05 09:31:00+00:00,62885.0,63022.80859375,62885.0,63022.80859375,0
2026-06-05 09:32:00+00:00,62928.75,62981.91015625,62892.37109375,62900.23046875,299393024
2026-06-05 09:33:00+00:00,62957.37890625,62974.44921875,62914.19921875,62945.1015625,0
2026-06-05 09:34:00+00:00,62964.7890625,62979.98046875,62920.21875,62950.33984375,598016
2026-06-05 09:35:00+00:00,62949.19140625,63010.53125,62949.19140625,63008.0,118398976
2026-06-05 09:36:00+00:00,62919.71875,62930.1796875,62907.91015625,62930.01953125,0
2026-06-05 09:37:00+00:00,62887.83984375,62900.0,62855.12109375,62897.1796875,3248128
2026-06-05 09:38:00+00:00,62850.44140625,62920.55859375,62837.76171875,62920.55859375,0
2026-06-05 09:39:00+00:00,62759.87890625,62839.21875,62758.0,62839.21875,0
2026-06-05 09:40:00+00:00,62752.859375,62762.96875,62727.6796875,62762.96875,28106752
2026-06-05 09:41:00+00:00,62724.609375,62792.55078125,62724.609375,62739.30078125,0
2026-06-05 09:42:00+00:00,62777.8515625,62788.78125,62730.01171875,62730.01171875,0
2026-06-05 09:43:00+00:00,62756.94921875,62773.98828125,62724.25,62773.98828125,0
2026-06-05 09:44:00+00:00,62766.19140625,62775.140625,62737.01953125,62745.23046875,0
2026-06-05 09:45:00+00:00,62829.94140625,62829.94140625,62770.0,62774.0,0
2026-06-05 09:46:00+00:00,62862.03125,62862.03125,62821.1796875,62824.109375,0
2026-06-05 09:47:00+00:00,62832.94140625,62834.6796875,62802.33984375,62834.6796875,0
2026-06-05 09:48:00+00:00,62832.12890625,62837.109375,62786.44921875,62820.98828125,65495040
2026-06-05 09:49:00+00:00,62785.6015625,62827.87109375,62785.6015625,62823.609375,0
2026-06-05 09:50:00+00:00,62818.30859375,62818.30859375,62750.0,62793.76953125,0
2026-06-05 09:51:00+00:00,62900.0,62900.0,62839.01171875,62846.0,0
2026-06-05 09:52:00+00:00,62879.71875,62920.83984375,62875.578125,62911.359375,0
2026-06-05 09:53:00+00:00,62803.19921875,62883.73828125,62791.55859375,62861.078125,0
2026-06-05 09:54:00+00:00,62808.01953125,62818.21875,62802.01171875,62804.71875,22978560
2026-06-05 09:55:00+00:00,62806.0703125,62862.0,62806.0703125,62808.01953125,0
2026-06-05 09:56:00+00:00,62814.16015625,62814.16015625,62784.0,62804.21875,0
2026-06-05 09:57:00+00:00,62785.62109375,62821.05078125,62785.6015625,62802.671875,0
2026-06-05 09:58:00+00:00,62784.328125,62784.328125,62758.3984375,62781.5,25006080
2026-06-05 09:59:00+00:00,62804.6796875,62809.0703125,62765.140625,62781.078125,112693248
2026-06-05 10:00:00+00:00,62875.30078125,62875.30078125,62781.828125,62814.21875,0
2026-06-05 10:01:00+00:00,62832.078125,62877.66015625,62830.578125,62872.25,6541312
2026-06-05 10:02:00+00:00,62752.0,62871.73828125,62736.51171875,62855.0,60334080
2026-06-05 10:03:00+00:00,62790.30859375,62814.21875,62750.01953125,62750.01953125,0
2026-06-05 10:04:00+00:00,62776.01953125,62794.578125,62748.48046875,62777.41015625,0
2026-06-05 10:05:00+00:00,62695.609375,62777.359375,62691.98828125,62777.359375,0
2026-06-05 10:06:00+00:00,62651.30859375,62704.4296875,62630.171875,62704.4296875,11931648
2026-06-05 10:07:00+00:00,62624.0390625,62662.01171875,62624.0390625,62638.62890625,0
2026-06-05 10:08:00+00:00,62661.890625,62665.2890625,62626.1015625,62632.0703125,0
2026-06-05 10:09:00+00:00,62630.171875,62699.53125,62630.171875,62670.578125,179761152
2026-06-05 10:10:00+00:00,62619.1484375,62656.0,62601.55078125,62617.91015625,9863168
2026-06-05 10:11:00+00:00,62690.23046875,62740.6015625,62598.3515625,62598.3515625,0
2026-06-05 10:12:00+00:00,62691.51953125,62705.94921875,62662.30078125,62696.0,1236992
2026-06-05 10:13:00+00:00,62712.5703125,62739.51171875,62707.87890625,62707.87890625,0
2026-06-05 10:14:00+00:00,62699.48828125,62712.5703125,62684.19140625,62712.5703125,0
2026-06-05 10:15:00+00:00,62632.1015625,62688.890625,62632.1015625,62688.890625,0
2026-06-05 10:16:00+00:00,62572.01171875,62637.98828125,62572.01171875,62621.9609375,6586368
2026-06-05 10:17:00+00:00,62550.3984375,62577.98828125,62544.23046875,62576.171875,0
2026-06-05 10:18:00+00:00,62530.28125,62556.55859375,62515.0,62551.578125,0
2026-06-05 10:19:00+00:00,62514.69921875,62543.9609375,62505.98828125,62543.9609375,27836416
2026-06-05 10:20:00+00:00,62534.8515625,62544.26953125,62506.76171875,62523.44921875,222068736
2026-06-05 10:21:00+00:00,62564.37890625,62568.01171875,62540.671875,62540.671875,0
2026-06-05 10:22:00+00:00,62541.53125,62556.55859375,62538.7890625,62556.55859375,20205568
2026-06-05 10:23:00+00:00,62487.30859375,62543.33984375,62460.69921875,62543.33984375,0
2026-06-05 10:24:00+00:00,62485.859375,62510.4609375,62485.859375,62498.01171875,0
2026-06-05 10:25:00+00:00,62546.37109375,62546.37109375,62497.30078125,62497.30078125,0
2026-06-05 10:26:00+00:00,62488.55859375,62527.55859375,62488.55859375,62527.55859375,72351744
2026-06-05 10:27:00+00:00,62516.7890625,62516.7890625,62488.53125,62503.37109375,0
2026-06-05 10:28:00+00:00,62498.53125,62512.30859375,62487.96875,62507.44921875,0
2026-06-05 10:29:00+00:00,62522.80078125,62568.0,62504.7109375,62504.7109375,0
2026-06-05 10:30:00+00:00,62568.8203125,62568.8203125,62525.8984375,62525.8984375,0
2026-06-05 10:31:00+00:00,62528.87109375,62577.0,62522.0,62577.0,2560000
2026-06-05 10:32:00+00:00,62553.421875,62565.9609375,62509.3515625,62527.94140625,174936064
2026-06-05 10:33:00+00:00,62536.08984375,62577.3984375,62500.01171875,62558.46875,0
2026-06-05 10:34:00+00:00,62523.671875,62530.01171875,62507.48046875,62530.01171875,0
2026-06-05 10:35:00+00:00,62478.48046875,62521.41015625,62472.859375,62499.26953125,0
2026-06-05 10:36:00+00:00,62400.55078125,62498.55078125,62399.73828125,62476.4296875,0
2026-06-05 10:37:00+00:00,62399.19140625,62417.48828125,62375.9296875,62388.859375,0
2026-06-05 10:38:00+00:00,62343.921875,62394.08984375,62325.1796875,62394.08984375,0
2026-06-05 10:39:00+00:00,62319.01171875,62371.828125,62319.01171875,62343.98828125,9539584
2026-06-05 10:40:00+00:00,62373.6015625,62373.6015625,62334.51171875,62334.51171875,0
2026-06-05 10:41:00+00:00,62352.0390625,62375.37890625,62344.6484375,62375.37890625,0
2026-06-05 10:42:00+00:00,62378.0,62383.91015625,62339.7890625,62339.7890625,3559424
2026-06-05 10:43:00+00:00,62508.0,62508.0,62379.69140625,62379.69140625,0
2026-06-05 10:44:00+00:00,62617.8984375,62631.0,62525.0,62525.0,0
2026-06-05 10:45:00+00:00,62554.73828125,62590.8203125,62528.609375,62590.8203125,0
2026-06-05 10:46:00+00:00,62585.19140625,62588.21875,62534.609375,62551.66015625,0
2026-06-05 10:47:00+00:00,62558.48046875,62596.0,62556.55859375,62590.69140625,0
2026-06-05 10:48:00+00:00,62502.80859375,62548.96875,62496.1484375,62548.96875,0
2026-06-05 10:49:00+00:00,62550.98828125,62550.98828125,62511.41015625,62511.41015625,32374784
2026-06-05 10:50:00+00:00,62536.1015625,62564.7109375,62536.1015625,62547.671875,0
2026-06-05 10:51:00+00:00,62504.37109375,62542.5,62495.48828125,62537.01953125,998162432
2026-06-05 10:52:00+00:00,62407.76171875,62511.19921875,62393.41015625,62511.19921875,0
2026-06-05 10:53:00+00:00,62467.0390625,62467.0390625,62396.140625,62413.44921875,0
2026-06-05 10:54:00+00:00,62474.9609375,62474.9609375,62440.12109375,62454.30859375,0
2026-06-05 10:55:00+00:00,62447.4609375,62482.0,62436.9609375,62482.0,0
2026-06-05 10:56:00+00:00,62456.19140625,62469.98046875,62446.0,62446.109375,0
2026-06-05 10:57:00+00:00,62484.96875,62489.44921875,62471.98828125,62477.55859375,0
2026-06-05 10:58:00+00:00,62482.0703125,62504.76953125,62472.55859375,62486.4296875,0
2026-06-05 10:59:00+00:00,62485.0390625,62504.9609375,62482.69921875,62500.01953125,255533056
2026-06-05 11:00:00+00:00,62432.5703125,62487.37890625,62425.671875,62480.6796875,0
2026-06-05 11:01:00+00:00,62362.76171875,62406.08984375,62341.87109375,62406.08984375,0
2026-06-05 11:02:00+00:00,62376.01953125,62388.1484375,62340.01171875,62353.01953125,0
2026-06-05 11:03:00+00:00,62304.87109375,62374.37890625,62302.96875,62369.66015625,0
2026-06-05 11:04:00+00:00,62347.94921875,62347.94921875,62299.9609375,62307.0390625,0
2026-06-05 11:05:00+00:00,62356.140625,62432.30859375,62356.140625,62363.5390625,0
2026-06-05 11:06:00+00:00,62344.73046875,62382.01171875,62337.44140625,62347.921875,0
2026-06-05 11:07:00+00:00,62355.421875,62372.37890625,62319.3984375,62319.3984375,20459520
2026-06-05 11:08:00+00:00,62295.609375,62348.0,62294.73046875,62348.0,0
2026-06-05 11:09:00+00:00,62269.1015625,62298.0,62247.83984375,62282.69140625,9089024
2026-06-05 11:10:00+00:00,62245.7109375,62262.91015625,62207.05078125,62226.01953125,0
2026-06-05 11:11:00+00:00,62326.87109375,62326.87109375,62228.05078125,62234.3203125,0
2026-06-05 11:12:00+00:00,62280.51953125,62321.01171875,62278.91015625,62290.05078125,0
2026-06-05 11:13:00+00:00,62258.94921875,62283.1015625,62258.94921875,62281.71875,0
2026-06-05 11:14:00+00:00,62255.76953125,62283.3203125,62255.76953125,62272.2890625,0
2026-06-05 11:15:00+00:00,62188.0,62270.48828125,62188.0,62236.76171875,0
2026-06-05 11:16:00+00:00,62283.890625,62283.890625,62189.62890625,62189.62890625,11759616
2026-06-05 11:17:00+00:00,62339.578125,62349.078125,62277.87890625,62277.87890625,0
2026-06-05 11:18:00+00:00,62405.2109375,62405.2109375,62377.1796875,62401.12890625,0
2026-06-05 11:19:00+00:00,62428.08984375,62436.98046875,62388.859375,62409.30078125,0
2026-06-05 11:20:00+00:00,62412.05078125,62443.41015625,62397.0390625,62439.55078125,868179968
2026-06-05 11:21:00+00:00,62432.0,62470.640625,62417.87890625,62462.46875,69652480
2026-06-05 11:22:00+00:00,62536.0,62540.98828125,62417.48828125,62417.48828125,0
2026-06-05 11:23:00+00:00,62476.0,62538.0,62470.671875,62538.0,63201280
2026-06-05 11:24:00+00:00,62287.53125,62458.390625,62269.48046875,62458.390625,0
2026-06-05 11:25:00+00:00,62318.37890625,62335.671875,62282.3203125,62282.4296875,512000
2026-06-05 11:26:00+00:00,62353.78125,62353.78125,62274.3515625,62327.5,0
2026-06-05 11:27:00+00:00,62387.23828125,62390.23828125,62342.01171875,62344.69140625,0
2026-06-05 11:28:00+00:00,62403.3515625,62447.6015625,62390.0,62390.0,0
2026-06-05 11:29:00+00:00,62404.94921875,62425.98828125,62395.6015625,62400.578125,0
2026-06-05 11:30:00+00:00,62456.26953125,62462.0,62414.0390625,62414.0390625,0
2026-06-05 11:31:00+00:00,62308.71875,62442.0,62308.71875,62442.0,0
2026-06-05 11:32:00+00:00,62266.73828125,62305.01171875,62231.23828125,62305.01171875,0
2026-06-05 11:33:00+00:00,62301.8984375,62301.8984375,62235.01171875,62247.94921875,79826944
2026-06-05 11:34:00+00:00,62292.0703125,62321.62890625,62290.578125,62301.6015625,0
2026-06-05 11:35:00+00:00,62298.0,62313.23828125,62291.75,62301.30078125,0
2026-06-05 11:36:00+00:00,62261.0,62313.03125,62237.609375,62313.03125,10080256
2026-06-05 11:37:00+00:00,62228.37109375,62242.01171875,62204.98046875,62242.01171875,0
2026-06-05 11:38:00+00:00,62237.03125,62254.05078125,62212.98046875,62254.05078125,0
2026-06-05 11:39:00+00:00,62237.328125,62253.44921875,62188.98046875,62235.0390625,201199616
2026-06-05 11:40:00+00:00,62181.69140625,62230.0,62153.98828125,62230.0,0
2026-06-05 11:41:00+00:00,62165.83984375,62182.8984375,62150.01953125,62182.8984375,0
2026-06-05 11:42:00+00:00,62151.8984375,62181.19921875,62147.73046875,62171.2890625,0
2026-06-05 11:43:00+00:00,62120.01171875,62152.890625,62120.01171875,62143.12890625,0
2026-06-05 11:44:00+00:00,62054.96875,62110.55078125,62054.96875,62103.01171875,0
2026-06-05 11:45:00+00:00,61979.44140625,62064.76171875,61963.171875,62045.37109375,0
2026-06-05 11:46:00+00:00,62134.37109375,62143.6484375,61992.0,61992.0,0
2026-06-05 11:47:00+00:00,62102.01953125,62138.80078125,62102.01953125,62138.80078125,0
2026-06-05 11:48:00+00:00,62181.01171875,62185.23046875,62109.87890625,62109.87890625,0
2026-06-05 11:49:00+00:00,62126.5703125,62147.21875,62075.26171875,62138.69140625,0
2026-06-05 11:50:00+00:00,62151.3984375,62151.3984375,62114.6484375,62114.6484375,34443264
2026-06-05 11:51:00+00:00,62133.1015625,62151.05078125,62088.9296875,62151.05078125,0
2026-06-05 11:52:00+00:00,62079.48828125,62165.62890625,62070.0,62155.0,0
2026-06-05 11:53:00+00:00,62038.0,62066.80078125,62029.01171875,62066.80078125,0
2026-06-05 11:54:00+00:00,61943.80859375,62017.30078125,61934.96875,62017.30078125,0
2026-06-05 11:55:00+00:00,61988.26953125,61996.6484375,61939.890625,61950.0,0
2026-06-05 11:56:00+00:00,62003.3984375,62031.21875,62003.3984375,62015.62109375,335003648
2026-06-05 11:57:00+00:00,61981.328125,62013.16015625,61972.55078125,62013.16015625,1449984
2026-06-05 11:58:00+00:00,61995.3515625,62016.0390625,61972.01171875,61978.078125,0
2026-06-05 11:59:00+00:00,61916.30859375,61969.91015625,61914.51171875,61969.91015625,0
2026-06-05 12:00:00+00:00,61863.98828125,61913.9609375,61841.3515625,61897.6015625,0
2026-06-05 12:01:00+00:00,61696.16015625,61878.1484375,61696.16015625,61878.1484375,5771264
2026-06-05 12:02:00+00:00,61724.51953125,61747.0,61659.28125,61682.08984375,0
2026-06-05 12:03:00+00:00,61627.76171875,61793.859375,61627.51171875,61783.37890625,0
2026-06-05 12:04:00+00:00,61588.8203125,61635.328125,61584.01171875,61635.328125,0
2026-06-05 12:05:00+00:00,61734.58984375,61734.58984375,61605.71875,61605.71875,0
2026-06-05 12:06:00+00:00,62054.8203125,62054.8203125,61745.3203125,61745.3203125,0
2026-06-05 12:07:00+00:00,62054.87109375,62100.0703125,62034.19921875,62041.41015625,10637312
2026-06-05 12:08:00+00:00,61999.48828125,62092.16015625,61999.48828125,62045.640625,293199872
2026-06-05 12:09:00+00:00,61986.12890625,62020.01953125,61974.62109375,62016.21875,0
2026-06-05 12:10:00+00:00,62114.01171875,62114.01171875,61965.28125,61965.28125,50450432
2026-06-05 12:11:00+00:00,62083.7109375,62207.4609375,62083.7109375,62129.96875,0
2026-06-05 12:12:00+00:00,62062.9609375,62087.78125,62037.6015625,62041.41015625,22568960
2026-06-05 12:13:00+00:00,62109.5703125,62134.46875,62054.1015625,62054.1015625,0
2026-06-05 12:14:00+00:00,62084.1015625,62121.23046875,62084.1015625,62108.0390625,0
2026-06-05 12:15:00+00:00,62178.109375,62180.96875,62116.12890625,62116.12890625,0
2026-06-05 12:16:00+00:00,62151.5,62174.1796875,62092.1796875,62174.1796875,9056256
2026-06-05 12:17:00+00:00,62185.23046875,62205.98828125,62142.08984375,62142.08984375,52305920
2026-06-05 12:18:00+00:00,62246.0390625,62249.359375,62176.76953125,62214.83984375,0
2026-06-05 12:19:00+00:00,62286.98828125,62301.87109375,62269.98046875,62269.98046875,0
2026-06-05 12:20:00+00:00,62189.48046875,62268.30078125,62171.94921875,62261.078125,0
2026-06-05 12:21:00+00:00,62151.98828125,62184.01953125,62150.1015625,62183.08984375,173826048
2026-06-05 12:22:00+00:00,62214.83984375,62214.83984375,62119.0,62182.55859375,19910656
2026-06-05 12:23:00+00:00,62278.80859375,62278.80859375,62215.96875,62215.96875,0
2026-06-05 12:24:00+00:00,62333.71875,62365.28125,62262.80078125,62262.80078125,23318528
2026-06-05 12:25:00+00:00,62233.98828125,62271.41015625,62214.8515625,62271.41015625,0
2026-06-05 12:26:00+00:00,62236.0703125,62252.03125,62221.26953125,62227.5390625,0
2026-06-05 12:27:00+00:00,62164.30859375,62226.359375,62164.30859375,62226.359375,0
2026-06-05 12:28:00+00:00,62130.01171875,62177.328125,62104.9609375,62155.98046875,0
2026-06-05 12:29:00+00:00,62145.26171875,62175.01171875,62096.41015625,62131.4296875,0
2026-06-05 12:30:00+00:00,62000.01171875,62329.28125,62000.01171875,62329.28125,39899136
2026-06-05 12:31:00+00:00,61818.0703125,61925.0,61769.98046875,61925.0,0
2026-06-05 12:32:00+00:00,61884.8984375,61912.19921875,61763.01171875,61795.94140625,0
2026-06-05 12:33:00+00:00,61840.0,61893.37109375,61787.609375,61886.23828125,7405568
2026-06-05 12:34:00+00:00,61682.98828125,61870.51953125,61682.98828125,61804.0,5267456
2026-06-05 12:35:00+00:00,61633.4609375,61698.76953125,61633.4609375,61698.76953125,96731136
2026-06-05 12:36:00+00:00,61711.0,61711.0,61567.66015625,61635.96875,0
2026-06-05 12:37:00+00:00,61872.19921875,61872.19921875,61730.0,61730.0,0
2026-06-05 12:38:00+00:00,61872.01953125,61931.03125,61851.08984375,61924.69921875,0
2026-06-05 12:39:00+00:00,61859.94921875,61990.01953125,61859.94921875,61915.87890625,0
2026-06-05 12:40:00+00:00,61842.6015625,61870.19921875,61786.890625,61867.109375,0
2026-06-05 12:41:00+00:00,61929.609375,61961.30078125,61879.0703125,61879.0703125,0
2026-06-05 12:42:00+00:00,61871.98828125,61902.0,61859.921875,61902.0,0
2026-06-05 12:43:00+00:00,61999.37109375,61999.37109375,61845.51171875,61845.51171875,0
2026-06-05 12:44:00+00:00,61927.19140625,61998.671875,61889.12109375,61998.671875,476381184
2026-06-05 12:45:00+00:00,61970.0,62024.0390625,61922.21875,61939.890625,0
2026-06-05 12:46:00+00:00,61901.8203125,61940.51953125,61832.75,61940.51953125,22704128
2026-06-05 12:47:00+00:00,61867.26171875,61914.51171875,61824.55859375,61889.62109375,0
2026-06-05 12:48:00+00:00,61918.98828125,61951.671875,61852.71875,61852.71875,0
2026-06-05 12:49:00+00:00,61898.03125,61954.03125,61898.03125,61952.03125,974848
2026-06-05 12:50:00+00:00,61841.26953125,61931.4296875,61841.26953125,61922.98828125,0
2026-06-05 12:51:00+00:00,61842.6015625,61866.921875,61812.30859375,61866.921875,0
2026-06-05 12:52:00+00:00,61933.5,61946.12890625,61862.73046875,61862.73046875,0
2026-06-05 12:53:00+00:00,61893.37890625,61993.80078125,61885.26953125,61952.578125,0
2026-06-05 12:54:00+00:00,61870.1015625,61901.80859375,61859.51953125,61898.01171875,22224896
2026-06-05 12:55:00+00:00,61901.828125,61914.51171875,61820.0,61872.12890625,0
2026-06-05 12:56:00+00:00,61922.8984375,61952.578125,61883.828125,61937.12890625,0
2026-06-05 12:57:00+00:00,61893.359375,61961.9609375,61893.359375,61933.23046875,0
2026-06-05 12:58:00+00:00,61922.21875,61939.30859375,61861.37890625,61881.78125,1617920
2026-06-05 12:59:00+00:00,61910.8984375,61925.80859375,61891.01171875,61899.12109375,0
2026-06-05 13:00:00+00:00,61990.921875,61990.921875,61918.73828125,61927.21875,0
2026-06-05 13:01:00+00:00,62018.0,62018.0,61960.9296875,61982.01171875,58085376
2026-06-05 13:02:00+00:00,61877.98828125,61999.1015625,61877.98828125,61970.0,0
2026-06-05 13:03:00+00:00,62001.921875,62014.140625,61869.30078125,61880.01171875,13352960
2026-06-05 13:04:00+00:00,62014.390625,62022.140625,61943.1484375,61992.19921875,0
2026-06-05 13:05:00+00:00,61999.12109375,62111.98828125,61981.1484375,61984.30859375,108503040
2026-06-05 13:06:00+00:00,61973.25,61990.0,61914.5,61944.0703125,0
2026-06-05 13:07:00+00:00,61954.30859375,61978.33984375,61948.359375,61956.80859375,2052096
2026-06-05 13:08:00+00:00,61892.87109375,61981.26171875,61892.87109375,61924.0390625,0
2026-06-05 13:09:00+00:00,61901.828125,61939.8984375,61875.2109375,61939.8984375,51957760
2026-06-05 13:10:00+00:00,61943.23046875,61975.98828125,61912.0,61912.0,9166848
2026-06-05 13:11:00+00:00,61931.4296875,61932.98046875,61884.03125,61932.98046875,0
2026-06-05 13:12:00+00:00,61915.75,61999.12109375,61915.75,61928.0390625,0
2026-06-05 13:13:00+00:00,62004.08984375,62004.08984375,61908.828125,61908.828125,0
2026-06-05 13:14:00+00:00,61933.37109375,62018.83984375,61927.78125,61992.6796875,170549248
2026-06-05 13:15:00+00:00,61867.62890625,61937.859375,61866.0,61908.98828125,0
2026-06-05 13:16:00+00:00,61875.48046875,61902.1796875,61837.3515625,61902.1796875,11304960
2026-06-05 13:17:00+00:00,61944.16015625,61969.44921875,61863.76171875,61874.5390625,35520512
2026-06-05 13:18:00+00:00,62024.0,62024.0,61940.3984375,61940.3984375,0
2026-06-05 13:19:00+00:00,62016.41015625,62049.73046875,62008.96875,62044.69140625,0
2026-06-05 13:20:00+00:00,62220.859375,62241.01953125,62007.98046875,62016.0,0
2026-06-05 13:21:00+00:00,62201.828125,62236.921875,62142.9296875,62232.76953125,6254592
2026-06-05 13:22:00+00:00,62142.37109375,62155.62109375,62088.01171875,62155.62109375,0
2026-06-05 13:23:00+00:00,62042.01953125,62135.359375,62035.6484375,62135.359375,0
2026-06-05 13:24:00+00:00,62076.01171875,62109.41015625,62052.01171875,62055.1796875,197337088
2026-06-05 13:25:00+00:00,62161.1796875,62180.0703125,62052.62109375,62066.0703125,0
2026-06-05 13:26:00+00:00,62134.46875,62172.98828125,62134.46875,62139.640625,32993280
2026-06-05 13:27:00+00:00,62112.0390625,62170.03125,62096.16015625,62113.3203125,0
2026-06-05 13:28:00+00:00,62116.01171875,62171.75,62110.78125,62150.91015625,0
2026-06-05 13:29:00+00:00,62070.828125,62104.859375,62070.828125,62104.859375,0
2026-06-05 13:30:00+00:00,61875.0,61977.98046875,61875.0,61977.98046875,0
2026-06-05 13:31:00+00:00,62101.94140625,62101.94140625,61852.37109375,61910.19140625,0
2026-06-05 13:32:00+00:00,62079.91015625,62173.98828125,62062.55859375,62173.98828125,0
2026-06-05 13:33:00+00:00,62152.171875,62162.30078125,62083.44921875,62096.0703125,0
2026-06-05 13:34:00+00:00,62142.6015625,62244.4609375,62142.6015625,62147.0,0
2026-06-05 13:35:00+00:00,62155.98828125,62201.7890625,62096.98828125,62110.0,0
2026-06-05 13:36:00+00:00,62044.640625,62111.12890625,62019.98046875,62100.19921875,229363712
2026-06-05 13:37:00+00:00,61881.390625,62032.94140625,61881.390625,61976.05859375,9924608
2026-06-05 13:38:00+00:00,61762.23828125,61896.0,61762.23828125,61884.8984375,0
2026-06-05 13:39:00+00:00,61752.26953125,61805.48046875,61724.16015625,61758.05859375,0
2026-06-05 13:40:00+00:00,61714.859375,61815.0,61684.0703125,61772.76953125,0
2026-06-05 13:41:00+00:00,61643.55859375,61696.71875,61622.3984375,61674.0,0
2026-06-05 13:42:00+00:00,61657.859375,61706.0,61633.4609375,61633.4609375,679936
2026-06-05 13:43:00+00:00,61777.71875,61829.03125,61686.08984375,61686.08984375,0
2026-06-05 13:44:00+00:00,61790.5390625,61790.5390625,61676.44921875,61765.1484375,487206912
2026-06-05 13:45:00+00:00,61698.78125,61784.0,61665.48828125,61784.0,0
2026-06-05 13:46:00+00:00,61764.0,61813.9296875,61753.6796875,61753.6796875,0
2026-06-05 13:47:00+00:00,61625.62890625,61739.0703125,61625.62890625,61739.0703125,17113088
2026-06-05 13:48:00+00:00,61518.0390625,61606.05078125,61518.0390625,61581.078125,0
2026-06-05 13:49:00+00:00,61232.23046875,61508.37109375,61232.23046875,61492.91015625,74555392
2026-06-05 13:50:00+00:00,61236.2109375,61322.37109375,61228.859375,61231.48828125,0
2026-06-05 13:51:00+00:00,61177.94140625,61275.78125,61134.87109375,61271.5390625,0
2026-06-05 13:52:00+00:00,61105.94140625,61232.41015625,61087.5703125,61112.921875,25767936
2026-06-05 13:53:00+00:00,61104.30078125,61115.0390625,61072.73828125,61107.96875,153182208
2026-06-05 13:54:00+00:00,61162.41015625,61181.98828125,61076.0,61094.98046875,11440128
2026-06-05 13:55:00+00:00,61041.03125,61196.62109375,61041.03125,61196.62109375,0
2026-06-05 13:56:00+00:00,60910.9296875,61069.8515625,60906.98828125,61069.8515625,192221184
2026-06-05 13:57:00+00:00,60792.58984375,60883.69921875,60792.58984375,60881.08984375,0
2026-06-05 13:58:00+00:00,60759.05859375,60813.171875,60757.9296875,60809.98828125,139960320
2026-06-05 13:59:00+00:00,60693.46875,60747.6796875,60683.08984375,60747.6796875,188522496
2026-06-05 14:00:00+00:00,60869.75,60872.76171875,60665.3984375,60665.3984375,0
2026-06-05 14:01:00+00:00,60720.3515625,60871.98828125,60637.05859375,60871.98828125,28454912
2026-06-05 14:02:00+00:00,60829.98828125,60936.6015625,60780.25,60825.51171875,0
2026-06-05 14:03:00+00:00,60650.2109375,60802.16015625,60650.2109375,60802.16015625,82190336
2026-06-05 14:04:00+00:00,60573.328125,60627.94140625,60530.890625,60627.94140625,19599360
2026-06-05 14:05:00+00:00,60588.578125,60660.0,60570.8515625,60604.26953125,0
2026-06-05 14:06:00+00:00,60599.0703125,60599.21875,60420.0,60580.05859375,364883968
2026-06-05 14:07:00+00:00,60783.5390625,60861.5,60572.94921875,60572.94921875,37019648
2026-06-05 14:08:00+00:00,61011.6015625,61011.6015625,60788.69140625,60788.69140625,315617280
2026-06-05 14:09:00+00:00,61083.4296875,61153.12890625,61024.69921875,61030.0,48865280
2026-06-05 14:10:00+00:00,60877.21875,61095.6015625,60877.21875,61095.6015625,0
2026-06-05 14:11:00+00:00,60678.01171875,60889.19921875,60671.80078125,60889.19921875,0
2026-06-05 14:12:00+00:00,60705.921875,60709.98046875,60625.1015625,60709.98046875,0
2026-06-05 14:13:00+00:00,60783.73046875,60869.41015625,60680.19921875,60708.23828125,41357312
2026-06-05 14:14:00+00:00,60817.98046875,60817.98046875,60771.4609375,60796.26953125,67575808
2026-06-05 14:15:00+00:00,60900.25,60908.3515625,60815.9609375,60815.9609375,352247808
2026-06-05 14:16:00+00:00,60867.390625,60986.01171875,60867.390625,60912.9296875,0
2026-06-05 14:17:00+00:00,60815.98828125,60883.1796875,60757.0,60810.0,0
2026-06-05 14:18:00+00:00,60667.12109375,60789.578125,60667.12109375,60789.578125,32456704
2026-06-05 14:19:00+00:00,60750.46875,60776.83984375,60673.3203125,60707.01171875,335872
2026-06-05 14:20:00+00:00,60846.0703125,60862.41015625,60768.4296875,60768.4296875,348778496
2026-06-05 14:21:00+00:00,60743.8203125,60859.03125,60742.6796875,60859.03125,0
2026-06-05 14:22:00+00:00,60633.5703125,60731.08984375,60633.5703125,60729.53125,0
2026-06-05 14:23:00+00:00,60594.80078125,60653.37109375,60594.80078125,60653.37109375,29917184
2026-06-05 14:24:00+00:00,60532.01171875,60588.69921875,60456.25,60587.46875,300519424
2026-06-05 14:25:00+00:00,60440.0,60523.609375,60440.0,60505.26171875,0
2026-06-05 14:26:00+00:00,60359.01171875,60433.140625,60359.01171875,60419.98046875,0
2026-06-05 14:27:00+00:00,60393.98046875,60491.4609375,60348.66015625,60348.66015625,0
2026-06-05 14:28:00+00:00,60359.98828125,60370.87109375,60324.0,60370.87109375,31875072
2026-06-05 14:29:00+00:00,60353.5703125,60353.5703125,60312.03125,60346.01171875,0
2026-06-05 14:30:00+00:00,60412.0,60436.30078125,60321.859375,60436.30078125,0
2026-06-05 14:31:00+00:00,60330.03125,60423.80078125,60315.26953125,60423.80078125,0
2026-06-05 14:32:00+00:00,60348.6796875,60432.0,60309.41015625,60321.87890625,0
2026-06-05 14:33:00+00:00,60481.5390625,60484.26953125,60380.37890625,60380.37890625,1052835840
2026-06-05 14:34:00+00:00,60800.7890625,60800.7890625,60516.0,60536.609375,17453056
2026-06-05 14:35:00+00:00,60910.37109375,60910.37109375,60684.01171875,60765.421875,44621824
2026-06-05 14:36:00+00:00,61024.0,61032.16015625,60789.71875,60898.55078125,0
2026-06-05 14:37:00+00:00,61092.0,61120.3203125,60997.58984375,61005.62109375,0
2026-06-05 14:38:00+00:00,60865.109375,61121.8984375,60865.109375,61121.8984375,500129792
2026-06-05 14:39:00+00:00,60881.23046875,60931.51953125,60842.25,60871.12109375,22839296
2026-06-05 14:40:00+00:00,60914.01171875,60914.01171875,60831.359375,60846.62890625,31039488
2026-06-05 14:41:00+00:00,60914.96875,60944.859375,60862.05859375,60919.921875,273457152
2026-06-05 14:42:00+00:00,60959.8984375,61001.98046875,60883.19921875,60955.6796875,0
2026-06-05 14:43:00+00:00,60851.05859375,60985.4296875,60802.23046875,60968.03125,0
2026-06-05 14:44:00+00:00,60771.05078125,60816.1015625,60693.91015625,60816.1015625,31408128
2026-06-05 14:45:00+00:00,61007.1484375,61007.1484375,60831.98828125,60831.98828125,9322496
2026-06-05 14:46:00+00:00,60958.0,61058.0,60943.8984375,61052.3203125,1310720
2026-06-05 14:47:00+00:00,60883.19921875,60967.87109375,60883.19921875,60909.62890625,0
2026-06-05 14:48:00+00:00,60879.921875,61013.12890625,60879.921875,60901.21875,0
2026-06-05 14:49:00+00:00,60782.0,60894.0,60782.0,60881.98828125,265269248
2026-06-05 14:50:00+00:00,60871.109375,60889.328125,60735.78125,60744.33984375,794132480
2026-06-05 14:51:00+00:00,60996.01171875,61001.33984375,60909.98046875,60916.01171875,0
2026-06-05 14:52:00+00:00,60877.98046875,60955.69140625,60831.98828125,60955.69140625,0
2026-06-05 14:53:00+00:00,60808.98828125,60895.01953125,60808.98828125,60868.23046875,0
2026-06-05 14:54:00+00:00,60731.98046875,60820.01953125,60726.171875,60820.01953125,33550336
2026-06-05 14:55:00+00:00,60657.6015625,60711.1484375,60593.28125,60711.1484375,5509120
2026-06-05 14:56:00+00:00,60734.578125,60767.46875,60639.921875,60639.921875,223838208
2026-06-05 14:57:00+00:00,60853.0,60881.9609375,60734.62890625,60734.62890625,14790656
2026-06-05 14:58:00+00:00,60800.3515625,60828.0,60744.01953125,60828.0,438272
2026-06-05 14:59:00+00:00,60814.0,60856.01953125,60783.78125,60802.05078125,0
2026-06-05 15:00:00+00:00,60702.0,60875.8515625,60702.0,60779.109375,0
2026-06-05 15:01:00+00:00,60759.37890625,60791.44921875,60617.12109375,60713.19140625,46223360
2026-06-05 15:02:00+00:00,60695.87890625,60728.0,60648.26171875,60728.0,0
2026-06-05 15:03:00+00:00,60916.12890625,60949.640625,60901.3984375,60930.96875,0
2026-06-05 15:04:00+00:00,60953.421875,60960.0,60846.19921875,60960.0,0
2026-06-05 15:05:00+00:00,60796.0,60917.01171875,60796.0,60904.328125,0
2026-06-05 15:06:00+00:00,60843.94921875,60883.6484375,60769.76953125,60775.48046875,51113984
2026-06-05 15:07:00+00:00,60872.7109375,60886.44921875,60803.0,60836.94140625,0
2026-06-05 15:08:00+00:00,60753.66015625,60837.8984375,60753.66015625,60837.8984375,953118720
2026-06-05 15:09:00+00:00,60707.98046875,60777.5,60670.1484375,60777.5,0
2026-06-05 15:10:00+00:00,60646.98828125,60745.30078125,60646.98828125,60676.0,0
2026-06-05 15:11:00+00:00,60570.3203125,60678.1484375,60570.3203125,60649.44921875,0
2026-06-05 15:12:00+00:00,60520.80859375,60619.94140625,60520.80859375,60564.48046875,7311360
2026-06-05 15:13:00+00:00,60533.76171875,60560.01953125,60491.98828125,60546.96875,4665344
2026-06-05 15:14:00+00:00,60537.01953125,60545.05078125,60498.0,60508.71875,0
2026-06-05 15:15:00+00:00,60479.98828125,60561.55859375,60479.98828125,60558.0390625,409333760
2026-06-05 15:16:00+00:00,60532.87890625,60535.8984375,60466.51171875,60480.328125,0
2026-06-05 15:17:00+00:00,60721.5,60721.5,60476.0,60507.03125,19914752
2026-06-05 15:18:00+00:00,60765.109375,60816.3515625,60756.3515625,60768.48828125,0
2026-06-05 15:19:00+00:00,60806.01171875,60806.01171875,60700.0,60786.51953125,239857664
2026-06-05 15:20:00+00:00,60649.96875,60812.0,60649.96875,60794.44921875,0
2026-06-05 15:21:00+00:00,60722.8984375,60722.8984375,60606.01171875,60606.01171875,0
2026-06-05 15:22:00+00:00,60692.51171875,60759.3203125,60655.01171875,60698.98046875,17391616
2026-06-05 15:23:00+00:00,60822.609375,60905.0,60707.62890625,60707.62890625,0
2026-06-05 15:24:00+00:00,60854.91015625,60894.26953125,60827.51953125,60891.109375,221917184
2026-06-05 15:25:00+00:00,60970.83984375,60987.98046875,60871.08984375,60871.08984375,0
2026-06-05 15:26:00+00:00,60985.21875,61042.96875,60955.390625,60955.390625,208035840
2026-06-05 15:27:00+00:00,60846.69921875,60975.0,60832.01953125,60965.48046875,155742208
2026-06-05 15:28:00+00:00,60721.609375,60822.98046875,60694.48046875,60822.98046875,0
2026-06-05 15:29:00+00:00,60734.0,60759.078125,60662.55078125,60708.01953125,0
2026-06-05 15:30:00+00:00,60759.390625,60759.390625,60685.6796875,60711.1015625,0
2026-06-05 15:31:00+00:00,60728.98046875,60790.0,60686.8984375,60764.5390625,238792704
2026-06-05 15:32:00+00:00,60536.62890625,60725.5703125,60533.0,60725.5703125,83677184
2026-06-05 15:33:00+00:00,60520.80859375,60554.12890625,60491.71875,60535.80859375,7380992
2026-06-05 15:34:00+00:00,60572.2890625,60580.03125,60536.30078125,60538.94140625,0
2026-06-05 15:35:00+00:00,60514.26171875,60600.03125,60514.26171875,60577.359375,0
2026-06-05 15:36:00+00:00,60391.9609375,60532.87890625,60391.9609375,60532.87890625,0
2026-06-05 15:37:00+00:00,60333.62109375,60419.98828125,60279.0703125,60398.51953125,21880832
2026-06-05 15:38:00+00:00,60258.3515625,60351.6796875,60218.9609375,60351.6796875,353144832
2026-06-05 15:39:00+00:00,60180.0,60277.73828125,60146.96875,60276.98828125,143360
2026-06-05 15:40:00+00:00,60111.828125,60166.37109375,60089.890625,60153.98828125,0
2026-06-05 15:41:00+00:00,60085.109375,60085.109375,60015.96875,60059.37109375,22806528
2026-06-05 15:42:00+00:00,60319.08984375,60319.08984375,60107.96875,60142.0,0
2026-06-05 15:43:00+00:00,60399.6484375,60401.328125,60352.609375,60366.03125,320704512
2026-06-05 15:44:00+00:00,60321.48046875,60423.7890625,60267.51171875,60423.7890625,502956032
2026-06-05 15:45:00+00:00,60191.62890625,60318.4609375,60191.62890625,60318.4609375,45928448
2026-06-05 15:46:00+00:00,60239.05078125,60239.05078125,60182.0,60185.44921875,0
2026-06-05 15:47:00+00:00,60182.48828125,60295.73046875,60180.0,60257.98046875,445894656
2026-06-05 15:48:00+00:00,60242.0,60242.0,60168.9609375,60186.8203125,14290944
2026-06-05 15:49:00+00:00,60559.98828125,60559.98828125,60224.8515625,60224.8515625,8691712
2026-06-05 15:50:00+00:00,60472.8203125,60516.0,60378.23828125,60516.0,0
2026-06-05 15:51:00+00:00,60451.62890625,60507.21875,60451.62890625,60470.1015625,0
2026-06-05 15:52:00+00:00,60460.41015625,60514.83984375,60420.4609375,60436.23828125,15736832
2026-06-05 15:53:00+00:00,60488.3515625,60568.8984375,60488.3515625,60492.30859375,192753664
2026-06-05 15:54:00+00:00,60487.87109375,60551.140625,60477.01953125,60511.73828125,0
2026-06-05 15:55:00+00:00,60541.73046875,60562.73046875,60510.01171875,60510.01171875,29712384
2026-06-05 15:56:00+00:00,60488.66015625,60573.9609375,60488.66015625,60560.83984375,110706688
2026-06-05 15:57:00+00:00,60506.44921875,60515.03125,60446.8203125,60481.55078125,0
2026-06-05 15:58:00+00:00,60460.98046875,60528.3984375,60460.98046875,60528.3984375,19140608
2026-06-05 15:59:00+00:00,60417.80078125,60462.01171875,60388.69921875,60457.98828125,322088960
2026-06-05 16:00:00+00:00,60157.75,60359.12109375,60157.75,60359.12109375,15269888
2026-06-05 16:01:00+00:00,60152.2890625,60204.01953125,60150.98828125,60156.0,11780096
2026-06-05 16:02:00+00:00,60188.58984375,60190.01171875,60147.48828125,60161.4296875,0
2026-06-05 16:03:00+00:00,60221.3515625,60239.390625,60143.2890625,60168.98828125,0
2026-06-05 16:04:00+00:00,60203.5390625,60228.51953125,60162.66015625,60228.51953125,18374656
2026-06-05 16:05:00+00:00,60176.0,60188.609375,60130.30859375,60188.609375,219394048
2026-06-05 16:06:00+00:00,60369.6484375,60399.33984375,60140.94921875,60140.94921875,127979520
2026-06-05 16:07:00+00:00,60245.98046875,60453.91015625,60235.30078125,60387.44140625,0
2026-06-05 16:08:00+00:00,60120.0,60273.1484375,60120.0,60273.1484375,214233088
2026-06-05 16:09:00+00:00,60009.87890625,60113.98828125,60009.87890625,60050.9609375,52432896
2026-06-05 16:10:00+00:00,59948.390625,60115.48828125,59948.390625,60014.01953125,0
2026-06-05 16:11:00+00:00,59818.0,59954.87109375,59814.46875,59954.87109375,189222912
2026-06-05 16:12:00+00:00,60325.05078125,60378.140625,59772.98046875,59795.0,0
2026-06-05 16:13:00+00:00,60593.71875,60717.98828125,60253.51953125,60253.51953125,0
2026-06-05 16:14:00+00:00,60856.01953125,61015.4609375,60792.98828125,60829.80078125,694214656
2026-06-05 16:15:00+00:00,61019.44921875,61086.69921875,60729.94140625,60759.6015625,0
2026-06-05 16:16:00+00:00,60843.16015625,60934.01953125,60713.62109375,60934.01953125,163250176
2026-06-05 16:17:00+00:00,60870.8984375,60870.8984375,60716.12109375,60739.6015625,728694784
2026-06-05 16:18:00+00:00,61037.19921875,61075.328125,60938.3515625,60941.890625,0
2026-06-05 16:19:00+00:00,60924.0,61007.73828125,60913.94140625,60957.75,0
2026-06-05 16:20:00+00:00,60974.890625,61064.3984375,60915.98828125,60922.48828125,324370432
2026-06-05 16:21:00+00:00,61426.0,61426.0,61024.0,61024.0,46985216
2026-06-05 16:22:00+00:00,61374.80078125,61505.3515625,61304.0,61411.69921875,0
2026-06-05 16:23:00+00:00,61101.3203125,61394.37890625,61101.3203125,61391.94140625,0
2026-06-05 16:24:00+00:00,61217.8984375,61217.8984375,61058.0,61082.98828125,656326656
2026-06-05 16:25:00+00:00,61116.078125,61195.66015625,61075.48828125,61195.66015625,21835776
2026-06-05 16:26:00+00:00,61066.1015625,61132.53125,61055.0,61117.62109375,792784896
2026-06-05 16:27:00+00:00,61209.5390625,61210.171875,61086.140625,61101.5390625,22888448
2026-06-05 16:28:00+00:00,60951.3984375,61129.66015625,60943.58984375,61129.66015625,0
2026-06-05 16:29:00+00:00,60881.71875,60960.48828125,60864.8515625,60960.48828125,103968768
2026-06-05 16:30:00+00:00,60974.140625,60974.140625,60836.62109375,60871.23828125,0
2026-06-05 16:31:00+00:00,60937.3984375,61022.73046875,60903.9296875,60958.33984375,61317120
2026-06-05 16:32:00+00:00,60859.0390625,60934.828125,60859.0390625,60916.9296875,0
2026-06-05 16:33:00+00:00,60717.109375,60910.37890625,60717.109375,60874.08984375,0
2026-06-05 16:34:00+00:00,60742.69140625,60768.2890625,60682.37890625,60703.73046875,0
2026-06-05 16:35:00+00:00,60836.76953125,60872.48046875,60761.8203125,60761.8203125,243912704
2026-06-05 16:36:00+00:00,60871.0390625,60901.9609375,60807.69921875,60853.0,7643136
2026-06-05 16:37:00+00:00,60895.2890625,60914.1015625,60818.53125,60827.37109375,0
2026-06-05 16:38:00+00:00,60887.69140625,60924.8515625,60859.0390625,60900.9296875,187748352
2026-06-05 16:39:00+00:00,60941.19921875,60941.19921875,60821.58984375,60869.98046875,0
2026-06-05 16:40:00+00:00,60902.859375,60922.46875,60884.62109375,60912.828125,0
2026-06-05 16:41:00+00:00,60873.609375,60936.6015625,60844.55078125,60867.03125,0
2026-06-05 16:42:00+00:00,60772.21875,60860.140625,60770.08984375,60836.16015625,0
2026-06-05 16:43:00+00:00,60786.48828125,60819.7890625,60695.80859375,60724.8984375,26075136
2026-06-05 16:44:00+00:00,60774.48046875,60837.8203125,60763.66015625,60837.8203125,0
2026-06-05 16:45:00+00:00,60780.26953125,60875.0,60776.5,60793.44140625,324763648
2026-06-05 16:46:00+00:00,60856.03125,60900.0,60792.28125,60792.28125,9265152
2026-06-05 16:47:00+00:00,60910.73828125,60910.73828125,60790.66015625,60859.109375,92336128
2026-06-05 16:48:00+00:00,61000.0,61000.98046875,60892.26953125,60898.30078125,0
2026-06-05 16:49:00+00:00,61095.1484375,61113.62109375,60958.7109375,61060.55078125,8126464
2026-06-05 16:50:00+00:00,61195.3515625,61226.171875,61066.1796875,61094.6015625,0
2026-06-05 16:51:00+00:00,61233.51953125,61270.0,61178.23828125,61223.23828125,130215936
2026-06-05 16:52:00+00:00,61324.828125,61324.828125,61191.25,61201.328125,0
2026-06-05 16:53:00+00:00,61274.359375,61305.98828125,61252.0,61294.62109375,298594304
2026-06-05 16:54:00+00:00,61324.62109375,61324.62109375,61249.98828125,61270.0,0
2026-06-05 16:55:00+00:00,61285.12890625,61402.640625,61238.19921875,61381.5,0
2026-06-05 16:56:00+00:00,61318.08984375,61387.30078125,61277.03125,61277.03125,378634240
2026-06-05 16:57:00+00:00,61387.9609375,61405.33984375,61313.69140625,61313.69140625,0
2026-06-05 16:58:00+00:00,61423.78125,61423.78125,61353.96875,61388.0,0
2026-06-05 16:59:00+00:00,61340.28125,61408.6796875,61340.28125,61385.8203125,88133632
2026-06-05 17:00:00+00:00,61378.390625,61453.98046875,61351.30078125,61351.30078125,0
2026-06-05 17:01:00+00:00,61237.98828125,61389.01171875,61237.98828125,61370.01171875,14712832
2026-06-05 17:02:00+00:00,61185.171875,61240.69140625,61185.171875,61221.58984375,50040832
2026-06-05 17:03:00+00:00,61267.98828125,61316.640625,61163.98828125,61163.98828125,0
2026-06-05 17:04:00+00:00,61340.0,61356.0,61258.5703125,61270.0,0
2026-06-05 17:05:00+00:00,61266.0,61327.0,61239.55859375,61309.01953125,0
2026-06-05 17:06:00+00:00,61196.0,61239.55859375,61161.05078125,61239.55859375,5345280
2026-06-05 17:07:00+00:00,61246.03125,61256.0,61197.28125,61197.28125,0
2026-06-05 17:08:00+00:00,61348.26953125,61348.26953125,61223.96875,61264.3984375,0
2026-06-05 17:09:00+00:00,61293.640625,61386.8984375,61293.640625,61357.6484375,2248704
2026-06-05 17:10:00+00:00,61208.23828125,61312.19140625,61192.0,61312.19140625,0
2026-06-05 17:11:00+00:00,60952.94140625,61244.19921875,60952.94140625,61190.58984375,0
2026-06-05 17:12:00+00:00,60992.01171875,61038.98828125,60895.1484375,60922.87890625,450412544
2026-06-05 17:13:00+00:00,61033.01171875,61049.30078125,60976.1484375,60979.78125,104157184
2026-06-05 17:14:00+00:00,61003.921875,61036.91015625,61000.37890625,61034.109375,0
2026-06-05 17:15:00+00:00,60921.98828125,61026.4296875,60898.73046875,61001.58984375,131952640
2026-06-05 17:16:00+00:00,60845.9609375,60888.3984375,60811.8984375,60888.3984375,0
2026-06-05 17:17:00+00:00,60808.8984375,60857.078125,60760.28125,60857.078125,181534720
2026-06-05 17:18:00+00:00,60763.140625,60817.26171875,60748.0,60817.26171875,0
2026-06-05 17:19:00+00:00,60771.25,60810.7109375,60741.23046875,60741.23046875,83726336
2026-06-05 17:20:00+00:00,60756.671875,60824.0,60754.69140625,60790.26953125,0
2026-06-05 17:21:00+00:00,60828.05078125,60842.12109375,60766.8515625,60766.8515625,0
2026-06-05 17:22:00+00:00,60870.30078125,60890.62109375,60816.0,60816.0,5693440
2026-06-05 17:23:00+00:00,60763.87109375,60872.80078125,60763.87109375,60872.01953125,286195712
2026-06-05 17:24:00+00:00,60756.3515625,60765.421875,60677.91015625,60765.421875,0
2026-06-05 17:25:00+00:00,60680.859375,60777.94921875,60680.859375,60774.46875,6660096
2026-06-05 17:26:00+00:00,60680.0,60690.91015625,60631.87890625,60675.98046875,779329536
2026-06-05 17:27:00+00:00,60678.5,60678.5,60635.5703125,60667.30859375,0
2026-06-05 17:28:00+00:00,60674.8203125,60739.6015625,60674.8203125,60680.859375,0
2026-06-05 17:29:00+00:00,60635.9296875,60655.94140625,60618.8984375,60635.140625,0
2026-06-05 17:30:00+00:00,60737.8203125,60737.8203125,60648.01171875,60648.01171875,9580544
2026-06-05 17:31:00+00:00,60748.83984375,60755.01171875,60714.08984375,60722.0,0
2026-06-05 17:32:00+00:00,60717.1015625,60736.76953125,60652.19921875,60736.76953125,0
2026-06-05 17:33:00+00:00,60798.5,60798.5,60720.640625,60720.640625,0
2026-06-05 17:34:00+00:00,60821.23046875,60821.23046875,60769.01953125,60776.80859375,0
2026-06-05 17:35:00+00:00,60734.58984375,60816.578125,60723.1484375,60804.9296875,265453568
2026-06-05 17:36:00+00:00,60705.3203125,60801.66015625,60705.3203125,60736.51953125,80302080
2026-06-05 17:37:00+00:00,60784.91015625,60826.5703125,60732.109375,60732.109375,0
2026-06-05 17:38:00+00:00,60799.98828125,60824.01171875,60759.390625,60801.828125,3002368
2026-06-05 17:39:00+00:00,60827.78125,60848.98046875,60768.44140625,60786.51953125,633237504
2026-06-05 17:40:00+00:00,61068.62890625,61068.62890625,60830.51171875,60830.51171875,7462912
2026-06-05 17:41:00+00:00,60868.4609375,61022.12109375,60861.30078125,61022.12109375,20692992
2026-06-05 17:42:00+00:00,60904.3515625,60920.01171875,60855.0,60874.140625,0
2026-06-05 17:43:00+00:00,60915.8515625,60930.6796875,60870.0,60913.37890625,0
2026-06-05 17:44:00+00:00,60701.87109375,60908.8515625,60694.01171875,60889.23828125,0
2026-06-05 17:45:00+00:00,60743.19921875,60762.96875,60705.01171875,60706.37890625,245764096
2026-06-05 17:46:00+00:00,60654.01171875,60740.4296875,60650.66015625,60713.53125,0
2026-06-05 17:47:00+00:00,60711.0703125,60726.16015625,60650.66015625,60650.66015625,0
2026-06-05 17:48:00+00:00,60694.01953125,60726.16015625,60662.73828125,60726.16015625,0
2026-06-05 17:49:00+00:00,60601.109375,60695.94921875,60601.109375,60691.98828125,6848512
2026-06-05 17:50:00+00:00,60717.109375,60717.109375,60615.62890625,60615.62890625,0
2026-06-05 17:51:00+00:00,60676.98828125,60735.53125,60633.828125,60735.53125,0
2026-06-05 17:52:00+00:00,60732.109375,60732.109375,60664.4609375,60664.4609375,37130240
2026-06-05 17:53:00+00:00,60765.4296875,60786.05078125,60680.4296875,60725.859375,0
2026-06-05 17:54:00+00:00,60732.2109375,60756.37109375,60696.62109375,60756.37109375,105013248
2026-06-05 17:55:00+00:00,60638.5,60753.03125,60638.5,60733.359375,7815168
2026-06-05 17:56:00+00:00,60713.6796875,60745.62890625,60642.6484375,60642.6484375,229732352
2026-06-05 17:57:00+00:00,60746.05859375,60760.0,60714.05859375,60714.05859375,0
2026-06-05 17:58:00+00:00,60752.078125,60772.01171875,60737.96875,60742.01953125,0
2026-06-05 17:59:00+00:00,60756.359375,60756.359375,60713.98046875,60738.109375,1253376
2026-06-05 18:00:00+00:00,60877.0,60877.0,60732.2109375,60749.890625,32530432
2026-06-05 18:01:00+00:00,60865.05859375,60875.80078125,60823.9296875,60875.80078125,0
2026-06-05 18:02:00+00:00,60773.01171875,60884.73828125,60758.1484375,60856.2109375,0
2026-06-05 18:03:00+00:00,60679.5390625,60757.23046875,60647.640625,60757.23046875,0
2026-06-05 18:04:00+00:00,60691.9296875,60705.01953125,60668.78125,60668.78125,0
2026-06-05 18:05:00+00:00,60713.4609375,60757.01171875,60711.05859375,60755.3203125,58011648
2026-06-05 18:06:00+00:00,60797.55078125,60812.66015625,60741.26171875,60741.26171875,49229824
2026-06-05 18:07:00+00:00,60807.7109375,60822.80078125,60765.69921875,60806.76171875,6692864
2026-06-05 18:08:00+00:00,60726.171875,60783.55078125,60726.171875,60783.55078125,66641920
2026-06-05 18:09:00+00:00,60671.0703125,60772.98046875,60668.62890625,60758.01171875,0
2026-06-05 18:10:00+00:00,60627.91015625,60689.8203125,60626.5390625,60674.05859375,10833920
2026-06-05 18:11:00+00:00,60650.96875,60665.75,60609.96875,60641.05859375,0
2026-06-05 18:12:00+00:00,60638.9609375,60673.73828125,60617.44140625,60673.73828125,0
2026-06-05 18:13:00+00:00,60692.9296875,60731.1796875,60635.5703125,60635.5703125,0
2026-06-05 18:14:00+00:00,60561.98046875,60667.9609375,60561.98046875,60667.9609375,0
2026-06-05 18:15:00+00:00,60541.94140625,60580.0,60519.98828125,60549.91015625,596062208
2026-06-05 18:16:00+00:00,60566.98828125,60572.05859375,60511.66015625,60572.05859375,0
2026-06-05 18:17:00+00:00,60527.66015625,60566.1015625,60511.78125,60551.0,0
2026-06-05 18:18:00+00:00,60449.890625,60556.8515625,60449.890625,60520.76171875,7802880
2026-06-05 18:19:00+00:00,60381.890625,60448.3203125,60381.890625,60448.3203125,0
2026-06-05 18:20:00+00:00,60463.5,60463.5,60331.828125,60362.76171875,342712320
2026-06-05 18:21:00+00:00,60385.76171875,60475.94921875,60358.37109375,60475.94921875,8425472
2026-06-05 18:22:00+00:00,60335.94140625,60399.66015625,60335.94140625,60373.96875,8261632
2026-06-05 18:23:00+00:00,60298.0390625,60365.01953125,60298.0390625,60345.9609375,116793344
2026-06-05 18:24:00+00:00,60264.08984375,60305.1796875,60243.98046875,60294.0,0
2026-06-05 18:25:00+00:00,60281.75,60281.75,60250.0,60261.078125,0
2026-06-05 18:26:00+00:00,60161.9609375,60255.71875,60153.6015625,60245.19921875,23195648
2026-06-05 18:27:00+00:00,60166.609375,60175.0,60139.98828125,60163.0,0
2026-06-05 18:28:00+00:00,60148.05859375,60208.62109375,60124.9296875,60169.03125,217395200
2026-06-05 18:29:00+00:00,60095.28125,60133.44921875,60056.73828125,60133.44921875,0
2026-06-05 18:30:00+00:00,60047.1796875,60123.1484375,60047.1796875,60120.5390625,0
2026-06-05 18:31:00+00:00,60169.3515625,60229.9296875,60037.19140625,60037.19140625,0
2026-06-05 18:32:00+00:00,60103.8984375,60176.51953125,60062.01171875,60176.51953125,599564288
2026-06-05 18:33:00+00:00,60166.51171875,60197.91015625,60094.98046875,60121.01953125,0
2026-06-05 18:34:00+00:00,60193.16015625,60193.16015625,60125.140625,60179.87890625,0
2026-06-05 18:35:00+00:00,60117.12890625,60206.71875,60099.96875,60186.01171875,0
2026-06-05 18:36:00+00:00,60040.62890625,60096.9296875,60031.55859375,60077.609375,297455616
2026-06-05 18:37:00+00:00,60050.0,60050.0,59922.8515625,60034.73828125,0
2026-06-05 18:38:00+00:00,60032.3515625,60103.51171875,60032.0,60086.1015625,235991040
2026-06-05 18:39:00+00:00,60248.0,60258.01171875,60119.140625,60136.87890625,14966784
2026-06-05 18:40:00+00:00,60226.859375,60265.98046875,60226.859375,60245.98046875,0
2026-06-05 18:41:00+00:00,60029.76171875,60183.01953125,60029.76171875,60158.3984375,0
2026-06-05 18:42:00+00:00,59907.75,60033.0,59907.75,60017.69921875,0
2026-06-05 18:43:00+00:00,59851.9609375,59944.0,59844.98046875,59891.69140625,214052864
2026-06-05 18:44:00+00:00,59889.62109375,59889.62109375,59651.9609375,59766.1015625,955891712
2026-06-05 18:45:00+00:00,59771.171875,59895.98828125,59766.01171875,59895.98828125,208166912
2026-06-05 18:46:00+00:00,59685.25,59768.80859375,59684.41015625,59739.1015625,0
2026-06-05 18:47:00+00:00,59731.5,59759.76171875,59632.25,59689.83984375,214515712
2026-06-05 18:48:00+00:00,59632.609375,59718.0,59621.73828125,59718.0,27353088
2026-06-05 18:49:00+00:00,59721.1484375,59741.640625,59614.80078125,59614.80078125,24121344
2026-06-05 18:50:00+00:00,59726.01171875,59733.5703125,59683.94140625,59691.109375,149438464
2026-06-05 18:51:00+00:00,59511.66015625,59727.80859375,59502.12109375,59727.80859375,0
2026-06-05 18:52:00+00:00,59251.19140625,59567.33984375,59251.19140625,59567.33984375,0
2026-06-05 18:53:00+00:00,59234.28125,59309.98046875,59203.8515625,59214.96875,406429696
2026-06-05 18:54:00+00:00,59158.98046875,59241.62890625,59126.8515625,59189.9609375,178438144
2026-06-05 18:55:00+00:00,59347.1484375,59369.4296875,59095.640625,59199.26953125,61161472
2026-06-05 18:56:00+00:00,59585.37109375,59585.37109375,59303.8515625,59337.98828125,0
2026-06-05 18:57:00+00:00,59454.73828125,59565.98046875,59441.4296875,59512.12109375,0
2026-06-05 18:58:00+00:00,59306.76953125,59475.87890625,59285.0,59475.87890625,0
2026-06-05 18:59:00+00:00,59328.01171875,59392.0,59273.55078125,59273.55078125,790425600
2026-06-05 19:00:00+00:00,59219.98828125,59380.0,59127.8203125,59346.55859375,0
2026-06-05 19:01:00+00:00,59263.94140625,59263.94140625,59119.53125,59240.0,93589504
2026-06-05 19:02:00+00:00,59464.98828125,59477.96875,59324.75,59324.75,0
2026-06-05 19:03:00+00:00,59503.05859375,59557.421875,59484.0,59488.0,829595648
2026-06-05 19:04:00+00:00,59335.1796875,59497.0,59288.078125,59497.0,0
2026-06-05 19:05:00+00:00,59414.98828125,59468.328125,59281.640625,59339.76171875,0
2026-06-05 19:06:00+00:00,59306.0,59414.3515625,59291.75,59414.3515625,98181120
2026-06-05 19:07:00+00:00,59232.53125,59307.28125,59232.53125,59298.890625,0
2026-06-05 19:08:00+00:00,59254.5703125,59291.98828125,59234.2890625,59234.2890625,161153024
2026-06-05 19:09:00+00:00,59333.94140625,59357.23828125,59235.87890625,59235.87890625,0
2026-06-05 19:10:00+00:00,59403.078125,59403.078125,59331.9296875,59394.87109375,0
2026-06-05 19:11:00+00:00,59329.1015625,59502.01953125,59329.1015625,59378.640625,454742016
2026-06-05 19:12:00+00:00,59250.66015625,59387.66015625,59250.66015625,59371.96875,0
2026-06-05 19:13:00+00:00,59300.640625,59388.2890625,59264.03125,59264.03125,0
2026-06-05 19:14:00+00:00,59357.23828125,59365.390625,59257.01953125,59257.01953125,0
2026-06-05 19:15:00+00:00,59257.80078125,59334.171875,59250.94140625,59334.171875,127746048
2026-06-05 19:16:00+00:00,59327.890625,59327.890625,59174.0,59271.55859375,0
2026-06-05 19:17:00+00:00,59110.73828125,59325.98828125,59106.921875,59325.98828125,571822080
2026-06-05 19:18:00+00:00,59213.71875,59232.28125,59115.4609375,59161.44921875,0
2026-06-05 19:19:00+00:00,59196.19921875,59256.0,59145.78125,59256.0,23146496
2026-06-05 19:20:00+00:00,59422.0,59422.0,59169.98828125,59169.98828125,0
2026-06-05 19:21:00+00:00,59458.9609375,59458.9609375,59327.30859375,59354.4296875,4964352
2026-06-05 19:22:00+00:00,59447.58984375,59527.0390625,59378.48046875,59429.83984375,14266368
2026-06-05 19:23:00+00:00,59481.48046875,59516.26953125,59396.71875,59434.01171875,0
2026-06-05 19:24:00+00:00,59548.55078125,59558.01953125,59450.0390625,59450.0390625,780505088
2026-06-05 19:25:00+00:00,59615.75,59649.51953125,59540.0,59577.75,140660736
2026-06-05 19:26:00+00:00,59644.01953125,59678.21875,59623.1015625,59637.91015625,0
2026-06-05 19:27:00+00:00,59807.96875,59807.96875,59655.73828125,59655.73828125,26378240
2026-06-05 19:28:00+00:00,59804.03125,59811.08984375,59770.609375,59803.98828125,0
2026-06-05 19:29:00+00:00,59826.921875,59826.921875,59766.98828125,59792.58984375,0
2026-06-05 19:30:00+00:00,59737.91015625,59830.4296875,59737.91015625,59802.0390625,0
2026-06-05 19:31:00+00:00,59559.7109375,59693.44140625,59559.7109375,59693.44140625,218669056
2026-06-05 19:32:00+00:00,59490.0,59558.03125,59456.921875,59558.03125,250347520
2026-06-05 19:33:00+00:00,59572.51953125,59639.9296875,59481.91015625,59481.91015625,0
2026-06-05 19:34:00+00:00,59664.01953125,59664.01953125,59530.01171875,59565.58984375,0
2026-06-05 19:35:00+00:00,59714.46875,59739.44140625,59636.0,59639.9296875,168026112
2026-06-05 19:36:00+00:00,59652.671875,59727.58984375,59594.0,59727.58984375,0
2026-06-05 19:37:00+00:00,59718.33984375,59718.33984375,59602.98828125,59602.98828125,305385472
2026-06-05 19:38:00+00:00,59725.921875,59741.44921875,59677.69921875,59741.44921875,396836864
2026-06-05 19:39:00+00:00,59764.46875,59780.0,59715.91015625,59715.91015625,0
2026-06-05 19:40:00+00:00,59708.12890625,59848.0,59708.12890625,59796.0,0
2026-06-05 19:41:00+00:00,59619.96875,59697.98828125,59543.921875,59697.98828125,0
2026-06-05 19:42:00+00:00,59617.8203125,59643.87890625,59589.921875,59589.921875,26189824
2026-06-05 19:43:00+00:00,59572.75,59624.9296875,59554.41015625,59593.98828125,0
2026-06-05 19:44:00+00:00,59706.48828125,59712.91015625,59581.98828125,59616.01953125,0
2026-06-05 19:45:00+00:00,59849.23046875,59849.23046875,59695.30078125,59695.30078125,938713088
2026-06-05 19:46:00+00:00,60165.5703125,60215.6796875,59851.21875,59851.21875,0
2026-06-05 19:47:00+00:00,60276.71875,60283.48828125,60195.94921875,60195.94921875,357838848
2026-06-05 19:48:00+00:00,60261.46875,60396.05078125,60204.0,60291.390625,0
2026-06-05 19:49:00+00:00,60173.578125,60265.0,60173.578125,60241.76953125,0
2026-06-05 19:50:00+00:00,60268.109375,60271.55859375,60129.01171875,60129.01171875,24494080
2026-06-05 19:51:00+00:00,60257.26171875,60372.8203125,60249.4296875,60249.4296875,0
2026-06-05 19:52:00+00:00,60274.890625,60337.0,60242.0,60270.0,0
2026-06-05 19:53:00+00:00,60122.37890625,60292.8203125,60122.37890625,60292.8203125,275492864
2026-06-05 19:54:00+00:00,60179.55078125,60215.98828125,60134.23828125,60142.0703125,0
2026-06-05 19:55:00+00:00,60170.01171875,60170.01171875,60094.98046875,60149.33984375,0
2026-06-05 19:56:00+00:00,60206.7109375,60236.98828125,60205.19140625,60205.19140625,211087360
2026-06-05 19:57:00+00:00,60190.0,60221.8203125,60160.0,60191.9296875,12419072
2026-06-05 19:58:00+00:00,60301.01171875,60301.01171875,60187.98828125,60187.98828125,25784320
2026-06-05 19:59:00+00:00,60267.12890625,60420.0,60260.0,60420.0,169938944
2026-06-05 20:00:00+00:00,60415.1015625,60415.1015625,60256.921875,60256.921875,0
2026-06-05 20:01:00+00:00,60222.01171875,60408.0,60205.9609375,60408.0,0
2026-06-05 20:02:00+00:00,60164.44140625,60177.53125,60139.0390625,60174.44140625,15622144
2026-06-05 20:03:00+00:00,60010.96875,60164.58984375,60010.96875,60158.41015625,38502400
2026-06-05 20:04:00+00:00,60000.87890625,60039.609375,59984.5703125,60035.0,0
2026-06-05 20:05:00+00:00,59928.5703125,60032.98828125,59928.5703125,60032.98828125,0
2026-06-05 20:06:00+00:00,60129.0,60148.58984375,59924.26953125,59924.26953125,210472960
2026-06-05 20:07:00+00:00,60245.96875,60245.96875,60138.5703125,60138.5703125,0
2026-06-05 20:08:00+00:00,60573.5,60573.5,60246.109375,60255.0390625,259186688
2026-06-05 20:09:00+00:00,60848.0,60894.0,60577.83984375,60584.7109375,14245888
2026-06-05 20:10:00+00:00,60756.30859375,60880.01171875,60752.1796875,60831.859375,0
2026-06-05 20:11:00+00:00,60688.23046875,60725.0,60656.7109375,60720.5390625,48836608
2026-06-05 20:12:00+00:00,60706.71875,60761.26953125,60689.109375,60689.921875,84316160
2026-06-05 20:13:00+00:00,60710.0,60795.0,60688.7890625,60750.359375,0
2026-06-05 20:14:00+00:00,60789.37109375,60789.37109375,60727.19140625,60727.19140625,274030592
2026-06-05 20:15:00+00:00,61029.83984375,61029.83984375,60822.890625,60822.890625,0
2026-06-05 20:16:00+00:00,60753.421875,61004.0,60725.48828125,61004.0,0
2026-06-05 20:17:00+00:00,60774.48046875,60774.48046875,60688.96875,60688.96875,368750592
2026-06-05 20:18:00+00:00,60856.01953125,60938.0,60756.94921875,60783.51171875,16654336
2026-06-05 20:19:00+00:00,60938.921875,60938.921875,60842.0,60866.69921875,2482176
2026-06-05 20:20:00+00:00,60994.94140625,60994.94140625,60922.46875,60944.0,0
2026-06-05 20:21:00+00:00,60840.98046875,61027.48828125,60840.98046875,60975.328125,0
2026-06-05 20:22:00+00:00,60850.0,60850.0,60791.98828125,60808.58984375,11505664
2026-06-05 20:23:00+00:00,60810.078125,60875.0,60807.7109375,60847.01171875,79523840
2026-06-05 20:24:00+00:00,60854.03125,60854.03125,60796.0,60840.01953125,0
2026-06-05 20:25:00+00:00,61005.55859375,61022.01171875,60841.6015625,60843.96875,31985664
2026-06-05 20:26:00+00:00,60910.26953125,60979.859375,60887.23828125,60979.859375,0
2026-06-05 20:27:00+00:00,60884.48046875,60958.7890625,60884.48046875,60895.28125,95617024
2026-06-05 20:28:00+00:00,60973.78125,61002.0,60898.7890625,60898.7890625,0
2026-06-05 20:29:00+00:00,60903.5703125,60976.05078125,60903.5703125,60976.05078125,0
2026-06-05 20:30:00+00:00,61099.19921875,61099.19921875,60852.140625,60928.5,0
2026-06-05 20:31:00+00:00,61139.8984375,61200.0,61028.19921875,61074.19921875,334872576
2026-06-05 20:32:00+00:00,61139.7109375,61164.0703125,61086.921875,61164.0703125,0
2026-06-05 20:33:00+00:00,61001.58984375,61105.98828125,60980.28125,61097.19921875,0
2026-06-05 20:34:00+00:00,61025.98828125,61046.28125,60943.55078125,61016.0,175161344
2026-06-05 20:35:00+00:00,61142.921875,61142.921875,61035.05078125,61045.98828125,0
2026-06-05 20:36:00+00:00,61096.8203125,61153.44921875,61076.48046875,61136.0703125,135630848
2026-06-05 20:37:00+00:00,61131.98828125,61209.80078125,61130.83984375,61141.78125,0
2026-06-05 20:38:00+00:00,61190.0,61196.30078125,61104.76171875,61138.01171875,442359808
2026-06-05 20:39:00+00:00,61196.01171875,61220.0,61164.0703125,61164.0703125,26791936
2026-06-05 20:40:00+00:00,61196.01953125,61196.01953125,61138.3203125,61166.0,0
2026-06-05 20:41:00+00:00,61165.01171875,61194.0,61131.05078125,61194.0,0
2026-06-05 20:42:00+00:00,61172.8984375,61206.55078125,61168.0,61185.98046875,0
2026-06-05 20:43:00+00:00,61219.94140625,61228.19921875,61186.0,61190.51171875,223674368
2026-06-05 20:44:00+00:00,61244.0,61272.0,61233.98828125,61242.66015625,84197376
2026-06-05 20:45:00+00:00,61280.0,61303.01953125,61242.0,61242.0,0
2026-06-05 20:46:00+00:00,61222.16015625,61276.3515625,61182.0,61276.3515625,21405696
2026-06-05 20:47:00+00:00,61311.3515625,61395.03125,61236.0,61236.0,0
2026-06-05 20:48:00+00:00,61365.98046875,61370.51171875,61276.80859375,61309.98828125,257404928
2026-06-05 20:49:00+00:00,61406.609375,61406.609375,61316.0,61318.078125,0
2026-06-05 20:50:00+00:00,61678.0,61719.140625,61421.98828125,61428.44140625,0
2026-06-05 20:51:00+00:00,61583.8515625,61642.4296875,61579.3984375,61639.73046875,288387072
2026-06-05 20:52:00+00:00,61536.421875,61687.0,61505.0390625,61687.0,5316608
2026-06-05 20:53:00+00:00,61474.62109375,61586.0,61474.62109375,61547.0,0
2026-06-05 20:54:00+00:00,61476.6015625,61511.359375,61464.83984375,61464.83984375,101285888
2026-06-05 20:55:00+00:00,61545.98828125,61601.9609375,61493.23828125,61493.23828125,0
2026-06-05 20:56:00+00:00,61620.01171875,61624.62890625,61563.98828125,61563.98828125,207568896
2026-06-05 20:57:00+00:00,61613.98046875,61692.01953125,61613.98046875,61632.0,0
2026-06-05 20:58:00+00:00,61646.0,61668.3984375,61567.98046875,61655.05078125,0
2026-06-05 20:59:00+00:00,61630.76171875,61651.41015625,61603.01953125,61651.41015625,162279424
2026-06-05 21:00:00+00:00,61559.6796875,61625.69140625,61552.71875,61625.69140625,229646336
2026-06-05 21:01:00+00:00,61562.69921875,61629.98828125,61547.609375,61607.30859375,11747328
2026-06-05 21:02:00+00:00,61654.76171875,61654.76171875,61550.23046875,61595.53125,7823360
2026-06-05 21:03:00+00:00,61808.0390625,61820.96875,61665.98828125,61665.98828125,0
2026-06-05 21:04:00+00:00,61807.328125,61935.05078125,61790.73046875,61795.0703125,21577728
2026-06-05 21:05:00+00:00,61814.0,61886.01171875,61813.3515625,61813.3515625,0
2026-06-05 21:06:00+00:00,61731.8203125,61834.01953125,61692.3203125,61834.01953125,161009664
2026-06-05 21:07:00+00:00,61789.19921875,61789.19921875,61718.01171875,61740.55859375,0
2026-06-05 21:08:00+00:00,61785.1796875,61819.76953125,61777.3984375,61800.30859375,617181184
2026-06-05 21:09:00+00:00,61786.8984375,61839.1796875,61740.890625,61839.1796875,0
2026-06-05 21:10:00+00:00,61752.96875,61795.51953125,61734.12109375,61775.98046875,277757952
2026-06-05 21:11:00+00:00,61713.87890625,61739.359375,61645.94140625,61719.73828125,0
2026-06-05 21:12:00+00:00,61770.05859375,61774.12890625,61672.0,61768.98046875,13787136
2026-06-05 21:13:00+00:00,61786.0,61798.26171875,61717.578125,61770.0,13131776
2026-06-05 21:14:00+00:00,61834.5,61834.5,61755.98828125,61755.98828125,0
2026-06-05 21:15:00+00:00,61909.55078125,61954.6796875,61796.08984375,61824.640625,278274048
2026-06-05 21:16:00+00:00,61684.0,61870.73828125,61674.0,61870.73828125,51478528
2026-06-05 21:17:00+00:00,61771.78125,61802.0,61700.0,61700.0,0
2026-06-05 21:18:00+00:00,61777.62890625,61829.76953125,61755.01171875,61771.9609375,201760768
2026-06-05 21:19:00+00:00,61708.578125,61774.1015625,61692.5703125,61774.1015625,0
2026-06-05 21:20:00+00:00,61680.48046875,61719.73828125,61680.48046875,61707.109375,72876032
2026-06-05 21:21:00+00:00,61649.328125,61714.0390625,61649.328125,61709.16015625,622592
2026-06-05 21:22:00+00:00,61647.12890625,61664.05859375,61621.578125,61650.98828125,0
2026-06-05 21:23:00+00:00,61598.33984375,61608.01171875,61581.1484375,61608.01171875,49143808
2026-06-05 21:24:00+00:00,61552.91015625,61636.08984375,61552.91015625,61624.91015625,0
2026-06-05 21:25:00+00:00,61650.26953125,61650.26953125,61561.0390625,61562.23828125,0
2026-06-05 21:26:00+00:00,61586.62109375,61652.2109375,61533.5390625,61624.5703125,0
2026-06-05 21:27:00+00:00,61567.640625,61590.73046875,61557.73828125,61575.51953125,6103040
2026-06-05 21:28:00+00:00,61540.66015625,61586.05078125,61536.19921875,61586.05078125,0
2026-06-05 21:29:00+00:00,61550.62109375,61573.140625,61543.53125,61559.76171875,65126400
2026-06-05 21:30:00+00:00,61488.44921875,61548.0703125,61433.05859375,61548.0703125,0
2026-06-05 21:31:00+00:00,61463.69921875,61494.69140625,61435.55078125,61450.96875,0
2026-06-05 21:32:00+00:00,61490.140625,61555.03125,61463.03125,61463.03125,8486912
2026-06-05 21:33:00+00:00,61542.28125,61542.28125,61474.7890625,61475.4609375,33013760
2026-06-05 21:34:00+00:00,61473.8515625,61507.83984375,61457.05859375,61507.83984375,18046976
2026-06-05 21:35:00+00:00,61577.80078125,61577.80078125,61447.23828125,61470.4296875,0
2026-06-05 21:36:00+00:00,61695.26171875,61695.26171875,61569.87890625,61569.87890625,0
2026-06-05 21:37:00+00:00,61713.7109375,61746.91015625,61669.05078125,61733.94140625,227868672
2026-06-05 21:38:00+00:00,61737.4296875,61753.01171875,61716.55078125,61734.2890625,0
2026-06-05 21:39:00+00:00,61799.19921875,61824.96875,61714.53125,61725.7890625,266051584
2026-06-05 21:40:00+00:00,61765.55859375,61796.4609375,61764.69921875,61790.390625,0
2026-06-05 21:41:00+00:00,61864.69921875,61864.69921875,61754.12109375,61754.12109375,0
2026-06-05 21:42:00+00:00,61888.859375,61888.859375,61814.23828125,61871.109375,0
2026-06-05 21:43:00+00:00,61867.73046875,61908.1796875,61867.73046875,61891.6796875,0
2026-06-05 21:44:00+00:00,61850.16015625,61905.1484375,61819.41015625,61879.30078125,1711190016
2026-06-05 21:45:00+00:00,61825.51953125,61844.390625,61813.98828125,61818.08984375,0
2026-06-05 21:46:00+00:00,61765.0703125,61837.30859375,61765.0703125,61837.30859375,0
2026-06-05 21:47:00+00:00,61803.9609375,61821.6796875,61741.328125,61755.87109375,536289280
2026-06-05 21:48:00+00:00,61831.21875,61872.96875,61795.25,61795.25,21864448
2026-06-05 21:49:00+00:00,61764.2109375,61818.1484375,61764.2109375,61818.1484375,0
2026-06-05 21:50:00+00:00,61755.26953125,61768.21875,61752.890625,61752.890625,133029888
2026-06-05 21:51:00+00:00,61759.94921875,61776.19921875,61755.171875,61755.171875,0
2026-06-05 21:52:00+00:00,61784.5703125,61794.16015625,61758.0,61774.1015625,0
2026-06-05 21:53:00+00:00,61674.80859375,61777.109375,61674.80859375,61768.7109375,274751488
2026-06-05 21:54:00+00:00,61707.66015625,61708.30859375,61639.23828125,61672.5390625,2252800
2026-06-05 21:55:00+00:00,61699.76171875,61733.359375,61689.5390625,61689.5390625,0
2026-06-05 21:56:00+00:00,61653.890625,61703.80859375,61653.609375,61699.8515625,0
2026-06-05 21:57:00+00:00,61620.109375,61644.25,61620.08984375,61644.25,0
2026-06-05 21:58:00+00:00,61605.48046875,61641.2109375,61605.33984375,61629.05859375,0
2026-06-05 21:59:00+00:00,61656.0,61657.55078125,61630.0,61630.0,0
2026-06-05 22:00:00+00:00,61577.37890625,61630.859375,61571.33984375,61600.0,18186240
2026-06-05 22:01:00+00:00,61485.37890625,61565.94140625,61483.69140625,61565.94140625,0
2026-06-05 22:02:00+00:00,61517.46875,61563.421875,61493.23828125,61493.23828125,4571136
2026-06-05 22:03:00+00:00,61434.53125,61502.30078125,61434.53125,61502.26171875,0
2026-06-05 22:04:00+00:00,61401.21875,61433.01953125,61397.05078125,61426.80078125,0
2026-06-05 22:05:00+00:00,61343.05078125,61393.578125,61336.671875,61384.51171875,0
2026-06-05 22:06:00+00:00,61237.078125,61339.5,61236.4296875,61339.5,0
2026-06-05 22:07:00+00:00,61333.26953125,61333.26953125,61236.5390625,61240.19140625,0
2026-06-05 22:08:00+00:00,61411.7109375,61426.7890625,61324.12109375,61324.12109375,0
2026-06-05 22:09:00+00:00,61367.2109375,61447.94140625,61367.2109375,61447.94140625,0
2026-06-05 22:10:00+00:00,61340.71875,61384.328125,61340.71875,61354.328125,0
2026-06-05 22:11:00+00:00,61298.30859375,61424.44140625,61284.87109375,61351.30078125,357892096
2026-06-05 22:12:00+00:00,61312.23046875,61312.23046875,61266.75,61298.30859375,0
2026-06-05 22:13:00+00:00,61241.78125,61312.23046875,61241.78125,61312.23046875,0
2026-06-05 22:14:00+00:00,61360.98828125,61360.98828125,61280.0,61280.0,197500928
2026-06-05 22:15:00+00:00,61420.69140625,61420.69140625,61309.05078125,61323.87109375,0
2026-06-05 22:16:00+00:00,61486.390625,61506.75,61400.87890625,61455.0,5652480
2026-06-05 22:17:00+00:00,61562.98046875,61571.46875,61474.109375,61484.1796875,0
2026-06-05 22:18:00+00:00,61515.7890625,61579.69140625,61498.01953125,61556.66015625,170229760
2026-06-05 22:19:00+00:00,61580.8203125,61580.8203125,61429.8203125,61511.359375,16973824
2026-06-05 22:20:00+00:00,61584.6796875,61618.23828125,61494.890625,61618.23828125,0
2026-06-05 22:21:00+00:00,61558.7109375,61613.5,61535.5390625,61574.76953125,232079360
2026-06-05 22:22:00+00:00,61538.21875,61601.9609375,61490.0,61574.76953125,20307968
2026-06-05 22:23:00+00:00,61490.1015625,61577.80859375,61490.1015625,61568.69140625,0
2026-06-05 22:24:00+00:00,61503.640625,61503.640625,61401.0390625,61489.671875,170442752
2026-06-05 22:25:00+00:00,61480.0,61507.01171875,61396.609375,61507.01171875,8757248
2026-06-05 22:26:00+00:00,61483.98046875,61559.69140625,61483.98046875,61513.37890625,0
2026-06-05 22:27:00+00:00,61534.671875,61547.6015625,61442.48828125,61494.0,78241792
2026-06-05 22:28:00+00:00,61463.0390625,61567.1484375,61463.0390625,61545.0,0
2026-06-05 22:29:00+00:00,61457.0,61483.98828125,61437.26953125,61483.23046875,0
2026-06-05 22:30:00+00:00,61473.98828125,61544.0390625,61466.05859375,61513.609375,234659840
2026-06-05 22:31:00+00:00,61538.0,61581.359375,61376.30859375,61474.0,0
2026-06-05 22:32:00+00:00,61558.94140625,61593.05859375,61537.55078125,61561.94921875,360472576
2026-06-05 22:33:00+00:00,61586.859375,61620.078125,61547.58984375,61564.05078125,0
2026-06-05 22:34:00+00:00,61613.98046875,61634.01953125,61565.71875,61565.71875,113147904
2026-06-05 22:35:00+00:00,61605.76953125,61620.078125,61551.30859375,61612.62890625,55328768
2026-06-05 22:36:00+00:00,61608.01953125,61631.98828125,61574.53125,61586.01171875,0
2026-06-05 22:37:00+00:00,61616.2109375,61635.1796875,61589.890625,61589.890625,4358144
2026-06-05 22:38:00+00:00,61706.01953125,61708.23046875,61626.171875,61629.12890625,0
2026-06-05 22:39:00+00:00,61825.0,61840.0,61704.62890625,61760.359375,94052352
2026-06-05 22:40:00+00:00,61722.01171875,61816.69140625,61699.28125,61775.6796875,0
2026-06-05 22:41:00+00:00,61673.71875,61765.7109375,61669.640625,61690.0,0
2026-06-05 22:42:00+00:00,61842.5703125,61842.5703125,61683.03125,61683.03125,65249280
2026-06-05 22:43:00+00:00,61740.87890625,61830.73828125,61740.87890625,61830.73828125,8241152
2026-06-05 22:44:00+00:00,61734.8515625,61767.01953125,61734.8515625,61745.98828125,0
2026-06-05 22:45:00+00:00,61607.98046875,61716.0,61522.01171875,61716.0,81248256
2026-06-05 22:46:00+00:00,61638.78125,61686.98828125,61620.078125,61639.21875,0
2026-06-05 22:47:00+00:00,61617.80859375,61650.0,61610.01171875,61644.23046875,327499776
2026-06-05 22:48:00+00:00,61748.62109375,61748.62109375,61639.96875,61639.96875,0
2026-06-05 22:49:00+00:00,61800.2890625,61822.421875,61755.3515625,61755.3515625,0
2026-06-05 22:50:00+00:00,61775.5,61824.0,61734.8515625,61813.0,0
2026-06-05 22:51:00+00:00,61737.859375,61758.0,61660.94921875,61758.0,101122048
2026-06-05 22:52:00+00:00,61765.0390625,61792.0,61702.6796875,61757.16015625,0
2026-06-05 22:53:00+00:00,61824.30859375,61904.0,61803.30078125,61824.6015625,0
2026-06-05 22:54:00+00:00,61940.19140625,61944.58984375,61849.609375,61875.890625,0
2026-06-05 22:55:00+00:00,61741.2109375,61848.828125,61738.0703125,61848.828125,0
2026-06-05 22:56:00+00:00,61798.96875,61798.96875,61737.87890625,61742.1796875,0
2026-06-05 22:57:00+00:00,61721.0703125,61801.26171875,61721.0703125,61780.1484375,175177728
2026-06-05 22:58:00+00:00,61683.83984375,61717.96875,61638.19921875,61676.0390625,0
2026-06-05 22:59:00+00:00,61565.0,61683.48828125,61537.0,61683.48828125,112672768
2026-06-05 23:00:00+00:00,61555.0,61611.359375,61555.0,61611.359375,0
2026-06-05 23:01:00+00:00,61556.76953125,61742.8203125,61556.76953125,61598.01171875,227983360
2026-06-05 23:02:00+00:00,61469.8203125,61579.0,61469.8203125,61562.0,0
2026-06-05 23:03:00+00:00,61510.01953125,61635.46875,61460.03125,61460.03125,52199424
2026-06-05 23:04:00+00:00,61604.26171875,61604.26171875,61478.140625,61492.0,0
2026-06-05 23:05:00+00:00,61692.55078125,61716.01171875,61632.0,61641.21875,0
2026-06-05 23:06:00+00:00,61673.03125,61719.73828125,61673.03125,61710.0,0
2026-06-05 23:07:00+00:00,61587.01171875,61680.0703125,61571.76953125,61680.0703125,0
2026-06-05 23:08:00+00:00,61433.69921875,61594.26171875,61433.69921875,61573.98046875,115515392
2026-06-05 23:09:00+00:00,61385.98828125,61415.4296875,61373.37109375,61414.71875,209305600
2026-06-05 23:10:00+00:00,61378.0,61395.98828125,61329.0,61383.5390625,0
2026-06-05 23:11:00+00:00,61460.0,61460.0,61380.0,61380.0,147128320
2026-06-05 23:12:00+00:00,61430.0,61467.05859375,61406.51953125,61467.05859375,0
2026-06-05 23:13:00+00:00,61405.1015625,61462.66015625,61405.1015625,61419.8515625,20291584
2026-06-05 23:14:00+00:00,61281.4296875,61428.6015625,61281.4296875,61404.26953125,246816768
2026-06-05 23:15:00+00:00,61123.9296875,61260.21875,61113.83984375,61260.21875,0
2026-06-05 23:16:00+00:00,61121.78125,61200.2890625,61085.69921875,61160.0,0
2026-06-05 23:17:00+00:00,61184.01171875,61212.0,61144.0,61144.0,0
2026-06-05 23:18:00+00:00,61176.1484375,61203.96875,61154.0,61182.0,4988928
2026-06-05 23:19:00+00:00,61134.0,61176.12890625,61070.44140625,61162.0,0
2026-06-05 23:20:00+00:00,61107.609375,61131.73046875,61070.0,61131.73046875,226197504
2026-06-05 23:21:00+00:00,61143.69921875,61156.73828125,61107.30078125,61107.609375,0
2026-06-05 23:22:00+00:00,60946.0,61164.05859375,60946.0,61139.8984375,11960320
2026-06-05 23:23:00+00:00,60991.9296875,61014.2109375,60975.48046875,60975.48046875,0
2026-06-05 23:24:00+00:00,60946.05078125,61012.890625,60917.0,60997.9609375,40648704
2026-06-05 23:25:00+00:00,60860.0,60940.0,60850.0,60935.9296875,114688
2026-06-05 23:26:00+00:00,60850.03125,60861.98828125,60807.7109375,60845.19921875,0
2026-06-05 23:27:00+00:00,60929.33984375,60932.01171875,60837.8984375,60856.01171875,0
2026-06-05 23:28:00+00:00,60971.1484375,60971.1484375,60920.0,60926.44140625,244310016
2026-06-05 23:29:00+00:00,60916.4609375,60998.3984375,60916.4609375,60971.16015625,0
2026-06-05 23:30:00+00:00,60810.0,60915.390625,60793.73828125,60915.390625,0
2026-06-05 23:31:00+00:00,60735.0,60794.01171875,60727.44140625,60794.01171875,0
2026-06-05 23:32:00+00:00,60684.46875,60807.98828125,60684.46875,60773.578125,360161280
2026-06-05 23:33:00+00:00,60497.3984375,60641.6015625,60497.3984375,60641.6015625,0
2026-06-05 23:34:00+00:00,60553.171875,60575.73828125,60526.0,60526.0,25886720
2026-06-05 23:35:00+00:00,60765.8515625,60770.8203125,60598.8984375,60598.8984375,0
2026-06-05 23:36:00+00:00,60754.19921875,60766.01171875,60718.0,60766.01171875,20373504
2026-06-05 23:37:00+00:00,60828.0,60859.03125,60784.37109375,60784.37109375,0
2026-06-05 23:38:00+00:00,60835.98046875,60868.26953125,60817.98828125,60820.0,403914752
2026-06-05 23:39:00+00:00,60723.37890625,60810.73046875,60706.0,60810.73046875,0
2026-06-05 23:40:00+00:00,60717.078125,60720.109375,60630.0,60717.890625,0
2026-06-05 23:41:00+00:00,60735.21875,60774.33984375,60730.66015625,60741.26171875,0
2026-06-05 23:42:00+00:00,60760.0,60800.0,60719.609375,60751.078125,0
2026-06-05 23:43:00+00:00,60759.25,60760.01953125,60692.94921875,60760.01953125,164315136
2026-06-05 23:44:00+00:00,60792.6015625,60792.6015625,60738.23828125,60738.23828125,77824000
2026-06-05 23:45:00+00:00,60698.2109375,60782.48828125,60676.140625,60782.48828125,0
2026-06-05 23:46:00+00:00,60708.0,60759.0,60708.0,60708.0390625,13697024
2026-06-05 23:47:00+00:00,60786.80859375,60786.80859375,60689.890625,60720.37109375,0
2026-06-05 23:48:00+00:00,60792.890625,60811.5,60762.41015625,60798.640625,114425856
2026-06-05 23:49:00+00:00,60796.609375,60828.33984375,60754.01171875,60805.328125,0
2026-06-05 23:50:00+00:00,60917.98828125,60917.98828125,60795.0,60795.0,47742976
2026-06-05 23:51:00+00:00,60970.78125,60970.78125,60907.87109375,60915.25,2646016
2026-06-05 23:52:00+00:00,60991.921875,60997.94921875,60967.98828125,60970.4296875,0
2026-06-05 23:53:00+00:00,60955.69140625,61022.05859375,60942.01171875,61006.0,0
2026-06-05 23:54:00+00:00,60986.23828125,60986.23828125,60950.0,60952.94140625,2924544
2026-06-05 23:55:00+00:00,60949.62890625,60977.5703125,60919.44921875,60977.5703125,40607744
2026-06-05 23:56:00+00:00,60897.21875,60935.671875,60897.21875,60927.5,0
2026-06-05 23:57:00+00:00,60889.23828125,60927.4296875,60889.23828125,60916.41015625,9953280
2026-06-05 23:58:00+00:00,60913.44921875,60930.109375,60887.87890625,60887.87890625,0
2026-06-06 00:00:00+00:00,61182.19140625,61182.19140625,61048.19921875,61048.19921875,0
2026-06-06 00:01:00+00:00,61182.921875,61182.921875,61128.08984375,61148.51953125,223076352
2026-06-06 00:02:00+00:00,61215.6484375,61236.7890625,61167.578125,61167.578125,287989760
2026-06-06 00:03:00+00:00,61290.578125,61303.3203125,61152.76171875,61192.46875,0
2026-06-06 00:04:00+00:00,61369.6015625,61373.3984375,61291.30859375,61291.30859375,7217152
2026-06-06 00:05:00+00:00,61233.9296875,61335.609375,61224.4609375,61328.69921875,0
2026-06-06 00:06:00+00:00,61229.98828125,61263.640625,61220.01171875,61227.44921875,136929280
2026-06-06 00:07:00+00:00,61365.3203125,61365.3203125,61258.7890625,61258.7890625,15491072
2026-06-06 00:08:00+00:00,61417.8984375,61425.71875,61384.55078125,61384.55078125,0
2026-06-06 00:09:00+00:00,61424.0,61424.0,61381.51171875,61419.44921875,0
2026-06-06 00:10:00+00:00,61393.58984375,61419.5390625,61378.26171875,61419.5390625,273276928
2026-06-06 00:11:00+00:00,61342.0,61384.51953125,61342.0,61384.51953125,422346752
2026-06-06 00:12:00+00:00,61388.01171875,61388.01171875,61323.828125,61328.0,0
2026-06-06 00:13:00+00:00,61398.08984375,61403.98828125,61368.0,61368.0,230948864
2026-06-06 00:14:00+00:00,61396.48828125,61404.25,61382.0,61386.76953125,0
2026-06-06 00:15:00+00:00,61447.9296875,61447.9296875,61394.98828125,61394.98828125,334225408
2026-06-06 00:16:00+00:00,61463.0390625,61480.0,61436.0,61436.0,0
2026-06-06 00:17:00+00:00,61468.30078125,61496.26171875,61447.94921875,61466.05859375,324141056
2026-06-06 00:18:00+00:00,61296.01171875,61468.30078125,61287.87890625,61468.30078125,0
2026-06-06 00:19:00+00:00,61255.0,61296.01171875,61242.2890625,61293.91015625,0
2026-06-06 00:20:00+00:00,61251.640625,61277.73828125,61228.421875,61277.73828125,183689216
2026-06-06 00:21:00+00:00,61308.109375,61309.23046875,61263.7109375,61263.7109375,688128
2026-06-06 00:22:00+00:00,61202.01171875,61294.921875,61189.140625,61288.1484375,532480
2026-06-06 00:23:00+00:00,61179.12890625,61203.0,61158.58984375,61193.19921875,0
2026-06-06 00:24:00+00:00,61127.83984375,61188.140625,61127.83984375,61185.44140625,0
2026-06-06 00:25:00+00:00,61129.890625,61155.69140625,61124.80859375,61139.8984375,212811776
2026-06-06 00:26:00+00:00,61184.0703125,61184.0703125,61130.390625,61130.390625,0
2026-06-06 00:27:00+00:00,61193.87890625,61193.87890625,61147.98828125,61184.41015625,0
2026-06-06 00:28:00+00:00,61266.73046875,61280.0,61198.28125,61198.28125,8953856
2026-06-06 00:29:00+00:00,61283.96875,61296.91015625,61270.12890625,61284.51171875,0
2026-06-06 00:30:00+00:00,61303.03125,61303.03125,61242.58984375,61281.8515625,61636608
2026-06-06 00:31:00+00:00,61279.94921875,61301.23828125,61261.62109375,61301.23828125,0
2026-06-06 00:32:00+00:00,61361.71875,61395.0,61285.26953125,61288.0703125,0
2026-06-06 00:33:00+00:00,61351.2890625,61360.3515625,61287.87890625,61348.0,506552320
2026-06-06 00:34:00+00:00,61327.33984375,61356.0,61315.2890625,61346.58984375,0
2026-06-06 00:35:00+00:00,61181.890625,61318.55859375,61181.55078125,61307.28125,0
2026-06-06 00:36:00+00:00,61185.2109375,61218.3203125,61185.2109375,61203.7109375,0
2026-06-06 00:37:00+00:00,61236.55078125,61252.0,61230.5,61230.5,3670016
2026-06-06 00:38:00+00:00,61254.66015625,61254.66015625,61197.98046875,61226.0,145874944
2026-06-06 00:39:00+00:00,61280.6484375,61280.6484375,61232.01171875,61260.69921875,0
2026-06-06 00:40:00+00:00,61281.1484375,61322.44140625,61262.51171875,61311.7890625,0
2026-06-06 00:41:00+00:00,61182.19140625,61288.3203125,61182.19140625,61286.0,118341632
2026-06-06 00:42:00+00:00,61195.55078125,61200.01171875,61145.4296875,61175.8203125,12894208
2026-06-06 00:43:00+00:00,61183.6015625,61219.9609375,61167.98828125,61216.01953125,22675456
2026-06-06 00:44:00+00:00,61171.7109375,61224.0390625,61171.7109375,61199.2890625,0
2026-06-06 00:45:00+00:00,61209.98046875,61209.98046875,61158.0,61161.03125,0
2026-06-06 00:46:00+00:00,61249.8984375,61251.41015625,61211.94140625,61211.94140625,19726336
2026-06-06 00:47:00+00:00,61296.9609375,61326.37109375,61247.44921875,61247.44921875,14163968
2026-06-06 00:48:00+00:00,61272.9609375,61299.9609375,61267.3984375,61290.8984375,0
2026-06-06 00:49:00+00:00,61218.8984375,61280.01171875,61206.3203125,61275.87109375,212402176
2026-06-06 00:50:00+00:00,61215.3984375,61231.421875,61201.26953125,61221.80859375,0
2026-06-06 00:51:00+00:00,61196.0390625,61235.05078125,61185.8984375,61230.5,0
2026-06-06 00:52:00+00:00,61224.4609375,61232.55078125,61185.87890625,61185.87890625,76603392
2026-06-06 00:53:00+00:00,61250.01171875,61255.9296875,61217.66015625,61222.01171875,0
2026-06-06 00:54:00+00:00,61302.8203125,61306.98828125,61254.6484375,61254.6484375,0
2026-06-06 00:55:00+00:00,61339.21875,61349.30078125,61269.37109375,61308.05078125,0
2026-06-06 00:56:00+00:00,61296.37890625,61359.80859375,61296.37890625,61336.2109375,0
2026-06-06 00:57:00+00:00,61246.94140625,61296.1796875,61235.96875,61289.91015625,404398080
2026-06-06 00:58:00+00:00,61241.578125,61270.8203125,61235.1796875,61236.8515625,0
2026-06-06 00:59:00+00:00,61243.21875,61270.26953125,61239.55859375,61245.98046875,0
2026-06-06 01:00:00+00:00,61302.98828125,61302.98828125,61259.05859375,61260.69140625,0
2026-06-06 01:01:00+00:00,61310.87890625,61324.26171875,61281.98828125,61317.4609375,0
2026-06-06 01:02:00+00:00,61350.0,61353.421875,61303.19921875,61303.19921875,0
2026-06-06 01:03:00+00:00,61344.171875,61354.03125,61315.0703125,61348.37109375,221880320
2026-06-06 01:04:00+00:00,61342.3203125,61342.3203125,61321.109375,61341.91015625,0
2026-06-06 01:05:00+00:00,61327.140625,61347.328125,61327.140625,61329.94921875,0
2026-06-06 01:06:00+00:00,61337.6484375,61343.69140625,61314.19140625,61324.0,0
2026-06-06 01:07:00+00:00,61300.98046875,61342.421875,61300.98046875,61339.21875,0
2026-06-06 01:08:00+00:00,61309.7890625,61334.87109375,61293.5703125,61299.9609375,77381632
2026-06-06 01:09:00+00:00,61299.94921875,61311.87109375,61280.53125,61306.0,14180352
2026-06-06 01:10:00+00:00,61272.83984375,61299.578125,61272.83984375,61299.578125,8863744
2026-06-06 01:11:00+00:00,61233.53125,61280.359375,61233.53125,61280.359375,172769280
2026-06-06 01:12:00+00:00,61145.94140625,61262.0,61145.94140625,61248.6015625,0
2026-06-06 01:13:00+00:00,61122.58984375,61142.921875,61091.62109375,61142.921875,0
2026-06-06 01:14:00+00:00,61123.98828125,61127.0703125,61089.46875,61127.0703125,0
2026-06-06 01:15:00+00:00,61196.8515625,61199.19140625,61112.73828125,61130.8515625,0
2026-06-06 01:16:00+00:00,61088.55859375,61205.98828125,61088.55859375,61204.2890625,132063232
2026-06-06 01:17:00+00:00,61151.96875,61151.96875,61057.21875,61083.51953125,0
2026-06-06 01:18:00+00:00,61128.19921875,61151.96875,61124.8515625,61151.96875,0
2026-06-06 01:19:00+00:00,61073.9609375,61142.921875,61071.73046875,61142.921875,284114944
2026-06-06 01:20:00+00:00,60998.0,61063.30859375,60998.0,61063.30859375,0
2026-06-06 01:21:00+00:00,60958.94921875,61007.01171875,60951.55078125,61007.01171875,202768384
2026-06-06 01:22:00+00:00,60974.0,61004.01953125,60962.73046875,60988.890625,0
2026-06-06 01:23:00+00:00,60964.94921875,61006.9609375,60964.94921875,60992.03125,0
2026-06-06 01:24:00+00:00,60975.0,60988.8984375,60952.69921875,60973.140625,182370304
2026-06-06 01:25:00+00:00,60985.28125,61006.48046875,60964.75,60970.26171875,1794048
2026-06-06 01:26:00+00:00,61067.421875,61092.8984375,60990.98828125,60994.5,356974592
2026-06-06 01:27:00+00:00,61151.98828125,61165.51953125,61091.578125,61091.578125,0
2026-06-06 01:28:00+00:00,61262.05859375,61262.05859375,61139.98828125,61160.0,0
2026-06-06 01:29:00+00:00,61269.828125,61270.5,61236.5390625,61255.421875,0
2026-06-06 01:30:00+00:00,61186.9296875,61270.5,61186.9296875,61270.5,7782400
2026-06-06 01:31:00+00:00,61254.3984375,61254.3984375,61185.21875,61185.21875,22732800
2026-06-06 01:32:00+00:00,61170.078125,61245.58984375,61170.078125,61245.58984375,147013632
2026-06-06 01:33:00+00:00,61258.01171875,61258.01171875,61171.98828125,61171.98828125,0
2026-06-06 01:34:00+00:00,61249.08984375,61274.30078125,61242.0,61263.71875,16211968
2026-06-06 01:35:00+00:00,61195.96875,61254.328125,61192.30859375,61254.0,546004992
2026-06-06 01:36:00+00:00,61169.140625,61209.3515625,61169.140625,61181.44140625,0
2026-06-06 01:37:00+00:00,61061.078125,61172.0,61052.01171875,61170.03125,219316224
2026-06-06 01:38:00+00:00,61087.98828125,61106.94140625,61067.421875,61068.0,0
2026-06-06 01:39:00+00:00,61098.98828125,61121.98828125,61082.51953125,61090.62109375,0
2026-06-06 01:40:00+00:00,61073.94921875,61098.609375,61056.80859375,61098.609375,136609792
2026-06-06 01:41:00+00:00,61070.640625,61103.21875,61070.640625,61080.140625,0
2026-06-06 01:42:00+00:00,61012.12109375,61092.23828125,61009.0,61047.98046875,104759296
2026-06-06 01:43:00+00:00,61008.01953125,61029.08984375,60991.9296875,61016.01953125,0
2026-06-06 01:44:00+00:00,61027.0,61037.12890625,61010.01953125,61010.01953125,0
2026-06-06 01:45:00+00:00,61052.62890625,61060.01953125,61023.98828125,61034.05859375,0
2026-06-06 01:46:00+00:00,61108.609375,61142.91015625,61061.94140625,61061.94140625,0
2026-06-06 01:47:00+00:00,61061.9296875,61094.37890625,61049.3203125,61087.37890625,3170304
2026-06-06 01:48:00+00:00,61076.55078125,61099.91015625,61058.37109375,61073.71875,0
2026-06-06 01:49:00+00:00,61055.37109375,61078.3203125,61029.71875,61078.30859375,0
2026-06-06 01:50:00+00:00,60980.37890625,61030.01171875,60980.37890625,61029.75,371089408
2026-06-06 01:51:00+00:00,61034.0,61034.0,60929.4609375,60954.6484375,0
2026-06-06 01:52:00+00:00,61058.421875,61059.171875,61033.05859375,61036.19921875,248479744
2026-06-06 01:53:00+00:00,61073.4609375,61098.6796875,61046.8515625,61046.8515625,0
2026-06-06 01:54:00+00:00,61146.98828125,61146.98828125,61067.421875,61077.03125,0
2026-06-06 01:55:00+00:00,61070.44140625,61146.87109375,61070.44140625,61126.16015625,0
2026-06-06 01:56:00+00:00,61094.58984375,61112.71875,61046.2890625,61046.2890625,0
2026-06-06 01:57:00+00:00,61113.83984375,61128.171875,61084.5703125,61084.5703125,93741056
2026-06-06 01:58:00+00:00,61055.328125,61126.171875,61043.33984375,61121.3515625,0
2026-06-06 01:59:00+00:00,61025.8203125,61076.3515625,61025.8203125,61060.890625,0
2026-06-06 02:00:00+00:00,61022.12890625,61047.44921875,61019.109375,61026.46875,0
2026-06-06 02:01:00+00:00,60979.8203125,60991.9296875,60966.55078125,60984.1484375,0
2026-06-06 02:02:00+00:00,60949.98828125,61000.98046875,60949.98828125,60990.0,0
2026-06-06 02:03:00+00:00,60937.0,60979.66015625,60937.0,60979.66015625,0
2026-06-06 02:04:00+00:00,60958.69140625,60958.69140625,60937.98046875,60950.08984375,22200320
2026-06-06 02:05:00+00:00,60916.421875,60982.0,60916.421875,60966.0,0
2026-06-06 02:06:00+00:00,60890.0,60926.46875,60877.171875,60923.8203125,0
2026-06-06 02:07:00+00:00,60948.0,60977.0,60839.6015625,60908.0,0
2026-06-06 02:08:00+00:00,60954.0390625,60983.2890625,60931.51953125,60965.19921875,0
2026-06-06 02:09:00+00:00,60997.66015625,60997.66015625,60930.87890625,60930.87890625,32792576
2026-06-06 02:10:00+00:00,61009.1015625,61053.05859375,60997.98828125,61009.98828125,0
2026-06-06 02:11:00+00:00,60907.109375,60991.96875,60902.0390625,60991.96875,16818176
2026-06-06 02:12:00+00:00,60860.05078125,60895.2890625,60856.01953125,60895.2890625,325615616
2026-06-06 02:13:00+00:00,60852.75,60878.01171875,60852.75,60872.01953125,21184512
2026-06-06 02:14:00+00:00,60855.91015625,60877.1484375,60847.26953125,60847.26953125,0
2026-06-06 02:15:00+00:00,60884.0,60885.98828125,60839.109375,60851.0,0
2026-06-06 02:16:00+00:00,60823.359375,60892.25,60805.01171875,60892.25,253952
2026-06-06 02:17:00+00:00,60747.19921875,60819.4296875,60739.5,60799.98828125,18333696
2026-06-06 02:18:00+00:00,60704.0390625,60751.51953125,60683.8515625,60751.51953125,0
2026-06-06 02:19:00+00:00,60652.01171875,60753.55078125,60647.6484375,60741.26171875,20848640
2026-06-06 02:20:00+00:00,60719.0,60734.94921875,60646.03125,60646.03125,0
2026-06-06 02:21:00+00:00,60768.19921875,60768.19921875,60680.01171875,60695.98828125,0
2026-06-06 02:22:00+00:00,60827.98828125,60827.98828125,60798.640625,60799.0,7585792
2026-06-06 02:23:00+00:00,60928.0,60928.0,60822.8203125,60822.8203125,0
2026-06-06 02:24:00+00:00,60833.01953125,60952.94921875,60833.01953125,60937.55859375,0
2026-06-06 02:25:00+00:00,60835.0,60835.0,60792.609375,60811.921875,0
2026-06-06 02:26:00+00:00,60879.01171875,60886.21875,60834.83984375,60834.83984375,0
2026-06-06 02:27:00+00:00,60834.01171875,60859.0390625,60832.0,60858.05859375,0
2026-06-06 02:28:00+00:00,60814.0,60846.01953125,60814.0,60828.8515625,0
2026-06-06 02:29:00+00:00,60791.55078125,60827.98828125,60791.55078125,60813.98828125,0
2026-06-06 02:30:00+00:00,60802.44921875,60809.578125,60749.0,60787.7109375,45154304
2026-06-06 02:31:00+00:00,60906.8984375,60906.8984375,60824.01953125,60831.98046875,0
2026-06-06 02:32:00+00:00,60890.6796875,60921.98828125,60864.671875,60921.98828125,0
2026-06-06 02:33:00+00:00,60916.73046875,60916.73046875,60875.98046875,60886.23046875,0
2026-06-06 02:34:00+00:00,60955.3984375,60955.3984375,60908.01171875,60908.01171875,20013056
2026-06-06 02:35:00+00:00,60916.03125,60987.37109375,60890.80078125,60925.421875,290177024
2026-06-06 02:36:00+00:00,60926.01171875,60928.16015625,60898.671875,60900.0,0
2026-06-06 02:37:00+00:00,60899.98828125,60948.4609375,60891.48046875,60922.078125,11231232
2026-06-06 02:38:00+00:00,60925.48828125,60936.03125,60873.328125,60892.26953125,0
2026-06-06 02:39:00+00:00,60996.578125,61000.3203125,60942.109375,60952.8203125,1769472
2026-06-06 02:40:00+00:00,60931.0,61022.08984375,60922.4609375,61002.0,0
2026-06-06 02:41:00+00:00,60973.6015625,60973.6015625,60914.0,60919.44140625,13721600
2026-06-06 02:42:00+00:00,60947.98828125,60954.0,60905.0,60954.0,0
2026-06-06 02:43:00+00:00,60922.44921875,60951.98046875,60922.44921875,60951.98046875,0
2026-06-06 02:44:00+00:00,60916.421875,60931.53125,60905.66015625,60910.44921875,0
2026-06-06 02:45:00+00:00,60931.51171875,60931.51171875,60863.3984375,60898.0,7528448
2026-06-06 02:46:00+00:00,60982.859375,61003.640625,60940.98046875,60948.28125,2588672
2026-06-06 02:47:00+00:00,61002.30859375,61021.94140625,60975.98828125,60981.98828125,0
2026-06-06 02:48:00+00:00,61062.4609375,61070.421875,61001.5703125,61024.25,0
2026-06-06 02:49:00+00:00,61088.5,61097.78125,61053.828125,61053.828125,0
2026-06-06 02:50:00+00:00,61117.30859375,61117.30859375,61053.1796875,61088.51171875,0
2026-06-06 02:51:00+00:00,61133.8515625,61154.98828125,61085.55078125,61085.55078125,0
2026-06-06 02:52:00+00:00,61106.671875,61124.7890625,61100.0,61100.0,0
2026-06-06 02:53:00+00:00,61091.58984375,61120.6796875,61070.4609375,61110.0,0
2026-06-06 02:54:00+00:00,61049.30078125,61085.5390625,61033.4609375,61085.5390625,116318208
2026-06-06 02:55:00+00:00,60977.80859375,61043.26953125,60960.078125,61043.26953125,21651456
2026-06-06 02:56:00+00:00,60976.828125,61002.609375,60976.828125,60985.0,63815680
2026-06-06 02:57:00+00:00,60950.8203125,60986.01171875,60929.78125,60964.73828125,0
2026-06-06 02:58:00+00:00,60919.44921875,60941.8203125,60918.37890625,60937.55859375,0
2026-06-06 02:59:00+00:00,60922.4609375,60960.421875,60922.4609375,60932.01953125,0
2026-06-06 03:00:00+00:00,60882.62890625,60920.01171875,60881.55859375,60909.98828125,169984000
2026-06-06 03:01:00+00:00,60880.05859375,60910.37890625,60875.69921875,60886.0,46391296
2026-06-06 03:02:00+00:00,60924.3203125,60924.3203125,60861.66015625,60874.1484375,0
2026-06-06 03:03:00+00:00,60864.0,60943.6015625,60853.98828125,60943.6015625,0
2026-06-06 03:04:00+00:00,60804.69140625,60863.37890625,60804.69140625,60863.37890625,0
2026-06-06 03:05:00+00:00,60805.0,60807.48828125,60766.0,60806.01171875,236036096
2026-06-06 03:06:00+00:00,60822.21875,60831.69140625,60804.8515625,60815.1796875,2564096
2026-06-06 03:07:00+00:00,60860.48046875,60860.48046875,60797.828125,60824.80078125,0
2026-06-06 03:08:00+00:00,60789.96875,60836.05078125,60789.96875,60834.87890625,0
2026-06-06 03:09:00+00:00,60789.578125,60802.62890625,60772.01171875,60772.01171875,0
2026-06-06 03:10:00+00:00,60858.69140625,60858.69140625,60785.33984375,60789.58984375,91684864
2026-06-06 03:11:00+00:00,60803.8515625,60843.41015625,60801.66015625,60834.87890625,217464832
2026-06-06 03:12:00+00:00,60822.609375,60822.609375,60779.26171875,60787.98828125,0
2026-06-06 03:13:00+00:00,60865.98828125,60896.0,60802.0,60821.6015625,0
2026-06-06 03:14:00+00:00,60849.890625,60895.0,60833.41015625,60880.01171875,130129920
2026-06-06 03:15:00+00:00,60877.171875,60887.98046875,60861.05859375,60875.0,0
2026-06-06 03:16:00+00:00,60810.71875,60870.12890625,60810.71875,60851.98828125,0
2026-06-06 03:17:00+00:00,60839.6796875,60864.859375,60783.671875,60783.671875,27582464
2026-06-06 03:18:00+00:00,60825.8203125,60874.1015625,60819.73828125,60820.23046875,0
2026-06-06 03:19:00+00:00,60892.3515625,60913.390625,60815.62109375,60815.62109375,0
2026-06-06 03:20:00+00:00,60828.76953125,60913.2109375,60817.75,60913.2109375,136527872
2026-06-06 03:21:00+00:00,60830.6796875,60869.921875,60808.01171875,60838.01171875,9134080
2026-06-06 03:22:00+00:00,60808.6796875,60834.87109375,60804.6796875,60810.71875,0
2026-06-06 03:23:00+00:00,60810.75,60838.578125,60796.328125,60810.01171875,0
2026-06-06 03:24:00+00:00,60743.51171875,60812.828125,60705.671875,60791.0390625,0
2026-06-06 03:25:00+00:00,60703.421875,60733.25,60698.0,60723.140625,198893568
2026-06-06 03:26:00+00:00,60696.01953125,60735.19921875,60696.01953125,60722.1484375,0
2026-06-06 03:27:00+00:00,60724.01171875,60724.01171875,60696.0,60696.0,0
2026-06-06 03:28:00+00:00,60758.23828125,60769.05078125,60732.0,60752.7109375,0
2026-06-06 03:29:00+00:00,60772.140625,60777.48828125,60750.0,60750.78125,0
2026-06-06 03:30:00+00:00,60696.03125,60771.9609375,60696.03125,60717.80078125,0
2026-06-06 03:31:00+00:00,60590.19140625,60689.98046875,60590.19140625,60689.87890625,3571712
2026-06-06 03:32:00+00:00,60559.30859375,60613.03125,60559.30859375,60595.109375,0
2026-06-06 03:33:00+00:00,60525.98046875,60584.19921875,60525.98046875,60569.12890625,0
2026-06-06 03:34:00+00:00,60503.6484375,60538.0,60503.6484375,60527.98046875,0
2026-06-06 03:35:00+00:00,60657.80859375,60667.37109375,60503.53125,60517.3984375,10739712
2026-06-06 03:36:00+00:00,60691.671875,60708.0390625,60629.53125,60649.0,15155200
2026-06-06 03:37:00+00:00,60705.01953125,60705.01953125,60618.01953125,60662.75,3620864
2026-06-06 03:38:00+00:00,60653.87109375,60710.0,60653.87109375,60705.08984375,216276992
2026-06-06 03:39:00+00:00,60602.0,60662.0390625,60576.55859375,60662.0390625,83443712
2026-06-06 03:40:00+00:00,60594.75,60620.4609375,60578.1796875,60612.28125,0
2026-06-06 03:41:00+00:00,60594.8984375,60625.078125,60576.0,60605.3515625,0
2026-06-06 03:42:00+00:00,60621.30078125,60679.3515625,60597.96875,60615.0,0
2026-06-06 03:43:00+00:00,60584.0,60605.390625,60584.0,60590.26171875,0
2026-06-06 03:44:00+00:00,60662.76953125,60667.69921875,60581.9609375,60581.9609375,46645248
2026-06-06 03:45:00+00:00,60680.859375,60698.01171875,60671.73046875,60689.921875,0
2026-06-06 03:46:00+00:00,60638.6015625,60674.98046875,60614.421875,60659.71875,0
2026-06-06 03:47:00+00:00,60648.19140625,60653.0390625,60622.109375,60626.5,0
2026-06-06 03:48:00+00:00,60614.421875,60650.6015625,60608.37890625,60650.6015625,5963776
2026-06-06 03:49:00+00:00,60627.890625,60629.51953125,60608.390625,60610.48828125,0
2026-06-06 03:50:00+00:00,60688.01171875,60695.94921875,60627.37890625,60627.37890625,0
2026-06-06 03:51:00+00:00,60683.87890625,60774.01171875,60683.87890625,60689.62890625,0
2026-06-06 03:52:00+00:00,60640.12109375,60656.609375,60587.25,60656.609375,209534976
2026-06-06 03:53:00+00:00,60660.51953125,60671.12890625,60635.37890625,60640.1015625,86843392
2026-06-06 03:54:00+00:00,60627.671875,60692.94140625,60621.98828125,60673.8984375,0
2026-06-06 03:55:00+00:00,60664.0,60692.921875,60648.01171875,60648.01171875,6225920
2026-06-06 03:56:00+00:00,60699.140625,60719.03125,60667.01171875,60680.66015625,0
2026-06-06 03:57:00+00:00,60701.98828125,60711.05078125,60682.0,60682.0,0
2026-06-06 03:58:00+00:00,60650.80859375,60710.01171875,60634.80078125,60697.4296875,215302144
2026-06-06 03:59:00+00:00,60657.01953125,60665.75,60652.0,60662.73046875,0
2026-06-06 04:00:00+00:00,60687.91015625,60704.0390625,60647.640625,60647.640625,1310720
2026-06-06 04:01:00+00:00,60773.25,60783.5390625,60702.0,60712.921875,0
2026-06-06 04:02:00+00:00,60839.140625,60842.23046875,60770.03125,60770.03125,0
2026-06-06 04:03:00+00:00,60708.03125,60842.01953125,60668.28125,60842.01953125,0
2026-06-06 04:04:00+00:00,60686.8984375,60725.98828125,60638.51171875,60718.2109375,220602368
2026-06-06 04:05:00+00:00,60514.01953125,60626.48046875,60513.8984375,60626.48046875,0
2026-06-06 04:06:00+00:00,60449.859375,60502.69140625,60449.859375,60498.0,0
2026-06-06 04:07:00+00:00,60389.55078125,60505.69140625,60389.55078125,60493.30078125,0
2026-06-06 04:08:00+00:00,60378.19140625,60444.0,60376.640625,60415.109375,0
2026-06-06 04:09:00+00:00,60345.69921875,60384.890625,60340.0,60384.890625,0
2026-06-06 04:10:00+00:00,60387.8984375,60387.8984375,60338.0,60375.671875,211066880
2026-06-06 04:11:00+00:00,60266.6015625,60436.01171875,60266.6015625,60436.01171875,0
2026-06-06 04:12:00+00:00,60170.98828125,60261.078125,60170.98828125,60245.1484375,0
2026-06-06 04:13:00+00:00,60117.98046875,60187.3984375,60117.98046875,60186.98046875,14458880
2026-06-06 04:14:00+00:00,60099.98828125,60179.73828125,60076.4296875,60122.73828125,0
2026-06-06 04:15:00+00:00,60100.0,60105.23046875,60011.1015625,60105.23046875,0
2026-06-06 04:16:00+00:00,60249.25,60312.01171875,60138.1484375,60138.1484375,17022976
2026-06-06 04:17:00+00:00,60252.0390625,60280.0,60143.76953125,60280.0,0
2026-06-06 04:18:00+00:00,60142.01171875,60260.01953125,60142.01171875,60260.01953125,0
2026-06-06 04:19:00+00:00,60026.0,60209.25,60026.0,60143.03125,124002304
2026-06-06 04:20:00+00:00,60064.37890625,60065.828125,59964.3203125,60019.0703125,55009280
2026-06-06 04:21:00+00:00,60037.6015625,60077.98046875,59953.98828125,60061.94140625,0
2026-06-06 04:22:00+00:00,60012.6015625,60048.37109375,59976.3984375,60031.55859375,0
2026-06-06 04:23:00+00:00,60041.21875,60046.66015625,59998.33984375,60001.2109375,144580608
2026-06-06 04:24:00+00:00,60073.8515625,60168.01171875,60052.33984375,60052.33984375,5062656
2026-06-06 04:25:00+00:00,60118.98828125,60159.94921875,60057.7890625,60105.98828125,2269184
2026-06-06 04:26:00+00:00,60049.671875,60119.5390625,60014.01171875,60119.5390625,0
2026-06-06 04:27:00+00:00,59997.37109375,60064.76953125,59868.69140625,60064.76953125,0
2026-06-06 04:28:00+00:00,59934.98828125,60102.62109375,59934.98828125,60059.28125,107257856
2026-06-06 04:29:00+00:00,59960.0,59960.0,59889.0,59930.78125,219668480
2026-06-06 04:30:00+00:00,59835.98828125,60027.03125,59835.98828125,59955.0,0
2026-06-06 04:31:00+00:00,59765.62109375,59848.8203125,59738.0,59848.8203125,0
2026-06-06 04:32:00+00:00,59705.41015625,59787.4609375,59705.41015625,59787.4609375,0
2026-06-06 04:33:00+00:00,59629.87109375,59714.4609375,59614.0390625,59714.4609375,0
2026-06-06 04:34:00+00:00,59463.98828125,59632.921875,59463.98828125,59632.921875,119128064
2026-06-06 04:35:00+00:00,59675.19921875,59675.19921875,59527.03125,59534.0703125,194093056
2026-06-06 04:36:00+00:00,59789.96875,59814.0,59699.359375,59699.359375,0
2026-06-06 04:37:00+00:00,59729.9609375,59775.98828125,59711.96875,59759.76953125,40656896
2026-06-06 04:38:00+00:00,59598.0,59664.1015625,59500.01171875,59664.1015625,0
2026-06-06 04:39:00+00:00,59672.80078125,59714.4609375,59665.37890625,59665.37890625,0
2026-06-06 04:40:00+00:00,59768.83984375,59783.8984375,59642.0,59659.26953125,25747456
2026-06-06 04:41:00+00:00,59726.55078125,59796.1796875,59723.94921875,59774.0,340459520
2026-06-06 04:42:00+00:00,59723.0,59792.96875,59723.0,59768.80078125,62414848
2026-06-06 04:43:00+00:00,59814.12890625,59817.12890625,59765.7890625,59765.7890625,0
2026-06-06 04:44:00+00:00,59780.8984375,59812.0,59749.44921875,59811.109375,297754624
2026-06-06 04:45:00+00:00,59690.3203125,59790.0,59690.3203125,59790.0,0
2026-06-06 04:46:00+00:00,59846.0,59871.48828125,59697.578125,59697.578125,213934080
2026-06-06 04:47:00+00:00,59927.9296875,59953.03125,59885.51171875,59885.51171875,0
2026-06-06 04:48:00+00:00,59971.609375,59974.0,59909.4296875,59920.55859375,0
2026-06-06 04:49:00+00:00,59768.359375,59960.62890625,59768.26171875,59960.62890625,100696064
2026-06-06 04:50:00+00:00,59859.421875,59883.51953125,59755.2109375,59756.73828125,85073920
2026-06-06 04:51:00+00:00,60035.28125,60035.28125,59875.03125,59875.03125,0
2026-06-06 04:52:00+00:00,60208.16015625,60208.16015625,60048.6015625,60048.6015625,342458368
2026-06-06 04:53:00+00:00,60188.640625,60204.0,60152.37109375,60204.0,140206080
2026-06-06 04:54:00+00:00,60238.12109375,60261.91015625,60194.6015625,60194.6015625,0
2026-06-06 04:55:00+00:00,60172.0,60236.9296875,60170.48828125,60236.9296875,47669248
2026-06-06 04:56:00+00:00,60096.0,60198.4609375,60096.0,60198.4609375,0
2026-06-06 04:57:00+00:00,59981.5390625,60087.0703125,59958.12109375,60075.51171875,0
2026-06-06 04:58:00+00:00,60053.6796875,60055.7109375,59977.19140625,59986.01171875,6823936
2026-06-06 04:59:00+00:00,60072.05078125,60084.28125,60051.98828125,60051.98828125,0
2026-06-06 05:00:00+00:00,59967.98828125,60082.8984375,59967.98828125,60082.8984375,0
2026-06-06 05:01:00+00:00,59824.76953125,59956.359375,59824.05078125,59956.359375,0
2026-06-06 05:02:00+00:00,59780.0,59802.0390625,59596.6796875,59802.0390625,0
2026-06-06 05:03:00+00:00,59836.6015625,59854.0703125,59768.8203125,59773.30078125,0
2026-06-06 05:04:00+00:00,59873.890625,59881.41015625,59783.01171875,59808.46875,0
2026-06-06 05:05:00+00:00,59881.94921875,59923.828125,59824.0,59866.01953125,0
2026-06-06 05:06:00+00:00,60022.51953125,60022.51953125,59847.3515625,59847.3515625,23093248
2026-06-06 05:07:00+00:00,59860.8984375,59995.6484375,59740.25,59995.6484375,8069120
2026-06-06 05:08:00+00:00,59925.87109375,59967.7890625,59889.62109375,59889.62109375,433061888
2026-06-06 05:09:00+00:00,60023.87109375,60023.87109375,59930.01171875,59930.01171875,234987520
2026-06-06 05:10:00+00:00,60191.62109375,60194.12890625,60085.26171875,60117.640625,0
2026-06-06 05:11:00+00:00,60090.0,60210.48046875,60090.0,60208.98046875,22732800
2026-06-06 05:12:00+00:00,60005.4296875,60049.19921875,59987.5703125,60045.19921875,278937600
2026-06-06 05:13:00+00:00,59956.05078125,60065.0,59949.41015625,60040.01953125,0
2026-06-06 05:14:00+00:00,59859.4296875,59965.55859375,59859.4296875,59935.98828125,1706549248
2026-06-06 05:15:00+00:00,59954.94140625,60025.6484375,59851.01171875,59851.01171875,0
2026-06-06 05:16:00+00:00,60025.5390625,60032.9296875,59931.46875,59931.46875,0
2026-06-06 05:17:00+00:00,59982.12109375,60008.890625,59916.80859375,60008.890625,134537216
2026-06-06 05:18:00+00:00,60017.19921875,60092.55078125,59988.05859375,60004.0,17047552
2026-06-06 05:19:00+00:00,60112.58984375,60112.58984375,60023.8515625,60023.8515625,11321344
2026-06-06 05:20:00+00:00,60152.01171875,60152.01171875,60087.62890625,60123.6015625,0
2026-06-06 05:21:00+00:00,60262.08984375,60372.26953125,60179.5390625,60180.1015625,89948160
2026-06-06 05:22:00+00:00,60684.3984375,60795.6015625,60218.46875,60218.46875,0
2026-06-06 05:23:00+00:00,60843.94140625,60960.578125,60738.96875,60738.96875,0
2026-06-06 05:24:00+00:00,60791.44921875,60874.0,60752.01171875,60874.0,394256384
2026-06-06 05:25:00+00:00,60847.96875,60847.96875,60683.890625,60740.69921875,0
2026-06-06 05:26:00+00:00,60874.140625,60985.83984375,60816.76171875,60848.140625,0
2026-06-06 05:27:00+00:00,60733.078125,60843.94140625,60732.19921875,60843.94140625,334610432
2026-06-06 05:28:00+00:00,60691.859375,60741.62890625,60669.55078125,60732.2109375,43311104
2026-06-06 05:29:00+00:00,60717.98828125,60741.44921875,60690.78125,60741.44921875,0
2026-06-06 05:30:00+00:00,60683.30078125,60739.98828125,60650.51171875,60699.44921875,284205056
2026-06-06 05:31:00+00:00,60608.0,60701.6796875,60607.55078125,60669.8203125,0
2026-06-06 05:32:00+00:00,60608.390625,60623.12109375,60581.37890625,60587.55859375,227926016
2026-06-06 05:33:00+00:00,60605.3515625,60638.5703125,60583.0,60583.0,2580480
2026-06-06 05:34:00+00:00,60580.48828125,60623.80078125,60578.1796875,60609.91015625,0
2026-06-06 05:35:00+00:00,60796.0,60814.0,60602.33984375,60602.33984375,309846016
2026-06-06 05:36:00+00:00,60856.01171875,60925.98828125,60777.87109375,60777.87109375,0
2026-06-06 05:37:00+00:00,60880.1796875,60880.1796875,60821.94921875,60838.3984375,66093056
2026-06-06 05:38:00+00:00,60712.0,60865.16015625,60708.640625,60863.98828125,0
2026-06-06 05:39:00+00:00,60765.421875,60837.8984375,60709.1484375,60717.1015625,3407872
2026-06-06 05:40:00+00:00,60807.69140625,60820.01171875,60772.9609375,60772.9609375,0
2026-06-06 05:41:00+00:00,60753.33984375,60808.359375,60753.33984375,60795.62109375,0
2026-06-06 05:42:00+00:00,60789.578125,60865.26171875,60785.0390625,60785.0390625,598450176
2026-06-06 05:43:00+00:00,60730.98046875,60785.94140625,60713.98828125,60768.44921875,0
2026-06-06 05:44:00+00:00,60782.7109375,60792.58984375,60736.48828125,60736.48828125,0
2026-06-06 05:45:00+00:00,60735.21875,60798.9609375,60732.19921875,60798.9609375,0
2026-06-06 05:46:00+00:00,60807.69921875,60819.98828125,60722.19921875,60748.0,13393920
2026-06-06 05:47:00+00:00,60846.109375,60895.44140625,60831.8515625,60831.8515625,0
2026-06-06 05:48:00+00:00,60880.71875,60900.0,60830.23046875,60830.23046875,280576000
2026-06-06 05:49:00+00:00,60907.66015625,60988.890625,60863.3984375,60889.23828125,0
2026-06-06 05:50:00+00:00,60976.828125,61013.73828125,60920.0,60924.03125,197419008
2026-06-06 05:51:00+00:00,60922.53125,60998.12109375,60917.62109375,60958.01171875,17063936
2026-06-06 05:52:00+00:00,60886.21875,60930.7109375,60886.21875,60900.0,0
2026-06-06 05:53:00+00:00,60831.921875,60868.1015625,60831.921875,60868.1015625,7225344
2026-06-06 05:54:00+00:00,60864.0,60874.12890625,60804.0,60822.7890625,0
2026-06-06 05:55:00+00:00,60898.30078125,60908.7109375,60845.0,60849.98046875,0
2026-06-06 05:56:00+00:00,60908.69921875,60908.69921875,60874.140625,60898.30078125,0
2026-06-06 05:57:00+00:00,60846.0703125,60936.0390625,60843.9296875,60908.7109375,0
2026-06-06 05:58:00+00:00,60898.30859375,60911.5703125,60834.0,60834.0,4227072
2026-06-06 05:59:00+00:00,60910.3984375,60934.5390625,60895.12890625,60920.0,15908864
2026-06-06 06:00:00+00:00,60984.01171875,61037.44140625,60922.171875,60922.171875,0
2026-06-06 06:01:00+00:00,60982.140625,60990.0,60969.328125,60978.578125,0
2026-06-06 06:02:00+00:00,61059.94921875,61079.01171875,61022.96875,61049.2109375,0
2026-06-06 06:03:00+00:00,61198.05859375,61211.80078125,61075.8203125,61075.8203125,0
2026-06-06 06:04:00+00:00,61115.7109375,61197.51171875,61088.55859375,61143.48828125,17154048
2026-06-06 06:05:00+00:00,61103.66015625,61191.23828125,61103.66015625,61118.0,195616768
2026-06-06 06:06:00+00:00,61019.1015625,61065.2109375,61019.1015625,61058.3515625,0
2026-06-06 06:07:00+00:00,60989.078125,61028.12890625,60982.87109375,61028.12890625,0
2026-06-06 06:08:00+00:00,61044.6484375,61088.51953125,61005.98828125,61007.01171875,4907008
2026-06-06 06:09:00+00:00,61075.98828125,61099.19921875,61001.73828125,61025.1484375,0
2026-06-06 06:10:00+00:00,60979.83984375,61127.26953125,60961.80078125,61104.01171875,2269184
2026-06-06 06:11:00+00:00,61014.01171875,61014.01171875,60969.98828125,61000.98046875,0
2026-06-06 06:12:00+00:00,61055.33984375,61085.5390625,61016.25,61016.25,25886720
2026-06-06 06:13:00+00:00,61080.96875,61134.01171875,61076.48828125,61122.94140625,0
2026-06-06 06:14:00+00:00,61121.76953125,61121.98046875,61089.55859375,61091.5703125,0
2026-06-06 06:15:00+00:00,61124.80078125,61164.55078125,61110.12890625,61114.30078125,45604864
2026-06-06 06:16:00+00:00,61028.66015625,61140.171875,61028.66015625,61130.01171875,0
2026-06-06 06:17:00+00:00,60985.01171875,61043.25,60985.01171875,61040.23828125,67862528
2026-06-06 06:18:00+00:00,60971.0,61024.3984375,60971.0,61024.3984375,0
2026-06-06 06:19:00+00:00,61011.05859375,61028.33984375,60972.12109375,60972.12109375,0
2026-06-06 06:20:00+00:00,61096.01953125,61100.01171875,61004.19140625,61004.19140625,0
2026-06-06 06:21:00+00:00,61146.46875,61178.44140625,61074.21875,61091.91015625,0
2026-06-06 06:22:00+00:00,61188.23046875,61208.53125,61149.01953125,61151.98046875,0
2026-06-06 06:23:00+00:00,61105.109375,61164.05859375,61093.96875,61164.05859375,0
2026-06-06 06:24:00+00:00,61088.01171875,61097.62890625,61056.12890625,61097.62890625,0
2026-06-06 06:25:00+00:00,61066.0,61119.51953125,61066.0,61088.0390625,0
2026-06-06 06:26:00+00:00,61004.0,61064.8515625,60994.94921875,61064.8515625,236462080
2026-06-06 06:27:00+00:00,60982.859375,61013.05859375,60972.96875,61003.03125,7569408
2026-06-06 06:28:00+00:00,61013.05859375,61022.05859375,60969.37890625,60986.87890625,21602304
2026-06-06 06:29:00+00:00,60996.05859375,61014.44921875,60992.91015625,61014.44921875,0
2026-06-06 06:30:00+00:00,60985.578125,61007.01953125,60980.0,61007.0,0
2026-06-06 06:31:00+00:00,60949.30078125,60988.01953125,60949.30078125,60988.01953125,3940352
2026-06-06 06:32:00+00:00,61006.01171875,61006.01171875,60939.2890625,60976.80859375,0
2026-06-06 06:33:00+00:00,61004.0,61055.33984375,60994.94921875,61011.859375,0
2026-06-06 06:34:00+00:00,60946.62109375,60997.94140625,60946.62109375,60979.87890625,0
2026-06-06 06:35:00+00:00,61012.4296875,61031.19140625,60949.1796875,60961.71875,141975552
2026-06-06 06:36:00+00:00,61088.5703125,61098.671875,61018.37109375,61018.37109375,0
2026-06-06 06:37:00+00:00,61120.12109375,61139.890625,61091.5703125,61091.5703125,0
2026-06-06 06:38:00+00:00,61003.76171875,61113.08984375,61003.76171875,61095.0,0
2026-06-06 06:39:00+00:00,60967.76171875,61028.578125,60953.33984375,61018.8515625,0
2026-06-06 06:40:00+00:00,60971.0390625,60991.0390625,60951.76953125,60973.921875,0
2026-06-06 06:41:00+00:00,60948.23828125,60997.9609375,60942.109375,60973.7890625,175931392
2026-06-06 06:42:00+00:00,60913.390625,60961.26953125,60898.30078125,60961.26953125,0
2026-06-06 06:43:00+00:00,60782.1484375,60890.53125,60774.48046875,60890.53125,0
2026-06-06 06:44:00+00:00,60782.6015625,60814.19921875,60771.46875,60800.0,0
2026-06-06 06:45:00+00:00,60820.01171875,60820.01171875,60765.0390625,60794.0,0
2026-06-06 06:46:00+00:00,60808.0,60853.0,60803.6015625,60853.0,0
2026-06-06 06:47:00+00:00,60859.98828125,60880.1796875,60813.73046875,60819.78125,0
2026-06-06 06:48:00+00:00,60858.828125,60913.01171875,60846.96875,60880.171875,6918144
2026-06-06 06:49:00+00:00,60777.0703125,60874.08984375,60777.0703125,60874.08984375,0
2026-06-06 06:50:00+00:00,60738.23046875,60788.609375,60738.23046875,60783.359375,0
2026-06-06 06:51:00+00:00,60750.94140625,60750.94140625,60661.41015625,60732.0,313368576
2026-06-06 06:52:00+00:00,60830.890625,60830.890625,60747.76953125,60758.0,108302336
2026-06-06 06:53:00+00:00,60874.1484375,60930.01171875,60832.01171875,60834.66015625,0
2026-06-06 06:54:00+00:00,60795.6015625,60890.0390625,60782.01171875,60890.0390625,0
2026-06-06 06:55:00+00:00,60774.0,60780.421875,60732.4296875,60780.421875,0
2026-06-06 06:56:00+00:00,60756.96875,60812.44140625,60751.55078125,60800.0,811298816
2026-06-06 06:57:00+00:00,60719.98828125,60783.94921875,60692.94921875,60783.94921875,0
2026-06-06 06:58:00+00:00,60723.12890625,60729.0,60702.23828125,60717.5390625,0
2026-06-06 06:59:00+00:00,60755.69140625,60755.69140625,60723.5703125,60727.37890625,0
2026-06-06 07:00:00+00:00,60717.69921875,60756.01953125,60717.1015625,60756.01953125,110727168
2026-06-06 07:01:00+00:00,60702.0,60747.5,60699.94921875,60747.5,0
2026-06-06 07:02:00+00:00,60750.30859375,60750.30859375,60718.28125,60718.28125,82345984
2026-06-06 07:03:00+00:00,60789.578125,60789.578125,60744.921875,60752.01171875,0
2026-06-06 07:04:00+00:00,60735.23046875,60807.26953125,60735.23046875,60807.26953125,0
2026-06-06 07:05:00+00:00,60803.73828125,60803.73828125,60732.53125,60744.26953125,1550454784
2026-06-06 07:06:00+00:00,60798.26953125,60798.26953125,60779.609375,60789.578125,0
2026-06-06 07:07:00+00:00,60889.23828125,60908.01953125,60791.6015625,60791.6015625,1638400
2026-06-06 07:08:00+00:00,60967.7890625,61003.46875,60955.6796875,60961.71875,0
2026-06-06 07:09:00+00:00,61009.0703125,61054.01171875,60950.08984375,60950.08984375,0
2026-06-06 07:10:00+00:00,60982.859375,61020.890625,60925.8984375,61007.01953125,0
2026-06-06 07:11:00+00:00,61003.98828125,61029.98046875,60993.37890625,61004.390625,0
2026-06-06 07:12:00+00:00,60981.859375,61032.328125,60981.859375,61016.0,0
2026-06-06 07:13:00+00:00,60985.87890625,60985.890625,60949.6484375,60985.87890625,0
2026-06-06 07:14:00+00:00,61055.3515625,61093.26171875,60988.859375,60991.921875,0
2026-06-06 07:15:00+00:00,61114.3515625,61195.98046875,61049.28125,61049.28125,0
2026-06-06 07:16:00+00:00,61022.12109375,61085.41015625,61022.12109375,61082.51953125,0
2026-06-06 07:17:00+00:00,61008.3203125,61010.0,60996.01953125,60999.12890625,583602176
2026-06-06 07:18:00+00:00,61017.01171875,61055.33984375,60997.9609375,61000.37109375,0
2026-06-06 07:19:00+00:00,60964.73828125,61008.80859375,60949.640625,61000.0,0
2026-06-06 07:20:00+00:00,60927.37890625,61000.96875,60916.421875,60982.8515625,263081984
2026-06-06 07:21:00+00:00,60856.26953125,60941.71875,60856.26953125,60941.71875,0
2026-06-06 07:22:00+00:00,60883.1796875,60883.1796875,60819.98046875,60825.8203125,0
2026-06-06 07:23:00+00:00,60860.75,60894.640625,60846.0,60894.640625,0
2026-06-06 07:24:00+00:00,60892.25,60892.26171875,60852.48046875,60868.08984375,0
2026-06-06 07:25:00+00:00,60844.1484375,60865.078125,60837.8984375,60865.078125,0
2026-06-06 07:26:00+00:00,60863.171875,60871.1015625,60827.94921875,60837.8984375,0
2026-06-06 07:27:00+00:00,60868.44921875,60870.7109375,60843.80078125,60862.0703125,0
2026-06-06 07:28:00+00:00,60848.05859375,60870.12890625,60810.05859375,60870.12890625,0
2026-06-06 07:29:00+00:00,60860.01171875,60866.41015625,60844.01171875,60856.0,0
2026-06-06 07:30:00+00:00,60892.55078125,60892.55078125,60837.98828125,60857.5390625,180133888
2026-06-06 07:31:00+00:00,60885.98828125,60916.9296875,60865.66015625,60884.9609375,0
2026-06-06 07:32:00+00:00,60881.51171875,60890.7890625,60850.01171875,60863.4609375,0
2026-06-06 07:33:00+00:00,60916.2890625,60928.01953125,60896.01953125,60899.3203125,0
2026-06-06 07:34:00+00:00,60981.94921875,60981.94921875,60936.6015625,60936.6015625,170536960
2026-06-06 07:35:00+00:00,60983.0390625,61012.01171875,60977.1484375,61012.01171875,339087360
2026-06-06 07:36:00+00:00,60963.8984375,60994.0,60944.421875,60990.0,0
2026-06-06 07:37:00+00:00,60924.01953125,60965.03125,60910.78125,60944.5703125,25624576
2026-06-06 07:38:00+00:00,60912.01171875,60930.16015625,60888.3984375,60930.16015625,0
2026-06-06 07:39:00+00:00,60971.96875,60971.96875,60936.01171875,60936.01171875,0
2026-06-06 07:40:00+00:00,60986.0,60988.0,60948.69921875,60961.5703125,0
2026-06-06 07:41:00+00:00,61011.1484375,61011.1484375,60991.171875,60999.98828125,0
2026-06-06 07:42:00+00:00,61000.0,61003.83984375,60974.7109375,60995.94921875,0
2026-06-06 07:43:00+00:00,61023.08984375,61065.6796875,61020.9609375,61020.9609375,0
2026-06-06 07:44:00+00:00,61005.9609375,61028.16015625,61005.9609375,61027.0,0
2026-06-06 07:45:00+00:00,61028.16015625,61072.0,61025.4296875,61025.4296875,0
2026-06-06 07:46:00+00:00,60992.05859375,61024.98046875,60988.8984375,61019.1015625,0
2026-06-06 07:47:00+00:00,60998.01171875,61031.171875,60996.78125,60996.78125,0
2026-06-06 07:48:00+00:00,61042.0,61042.0,60994.94140625,60994.94140625,0
2026-06-06 07:49:00+00:00,61027.98828125,61045.0390625,61007.71875,61045.0390625,0
2026-06-06 07:50:00+00:00,61004.62109375,61013.05859375,60979.359375,61013.05859375,0
2026-06-06 07:51:00+00:00,60982.859375,61006.171875,60982.859375,60987.55859375,84832256
2026-06-06 07:52:00+00:00,61004.73828125,61004.73828125,60990.5390625,60990.5390625,176951296
2026-06-06 07:53:00+00:00,60942.46875,60981.890625,60940.578125,60979.83984375,0
2026-06-06 07:54:00+00:00,60958.0390625,60970.76171875,60931.53125,60948.01953125,0
2026-06-06 07:55:00+00:00,60970.0,61000.01953125,60961.73046875,60967.890625,267943936
2026-06-06 07:56:00+00:00,60958.69921875,60996.30859375,60958.69921875,60982.859375,0
2026-06-06 07:57:00+00:00,60966.87109375,60988.01171875,60958.7109375,60958.7109375,6008832
2026-06-06 07:58:00+00:00,60988.87109375,61002.0,60962.05078125,60962.05078125,180129792
2026-06-06 07:59:00+00:00,60970.76953125,60976.6484375,60952.671875,60967.76171875,0
2026-06-06 08:00:00+00:00,60894.55078125,60974.890625,60894.55078125,60974.890625,149176320
2026-06-06 08:01:00+00:00,60904.01171875,60949.01953125,60901.62890625,60916.421875,176951296
2026-06-06 08:02:00+00:00,60877.16015625,60898.5390625,60865.328125,60892.96875,0
2026-06-06 08:03:00+00:00,60854.2109375,60871.7109375,60851.62109375,60865.078125,0
2026-06-06 08:04:00+00:00,60859.0390625,60873.44921875,60846.9609375,60866.94921875,0
2026-06-06 08:05:00+00:00,60961.8984375,60961.8984375,60880.1796875,60910.23046875,0
2026-06-06 08:06:00+00:00,60940.58984375,60955.69140625,60915.0,60955.69140625,0
2026-06-06 08:07:00+00:00,60949.828125,60961.7109375,60907.359375,60941.12890625,178524160
2026-06-06 08:08:00+00:00,61004.98828125,61004.98828125,60945.73828125,60945.73828125,0
2026-06-06 08:09:00+00:00,61069.98828125,61069.98828125,60971.4609375,61001.01171875,0
2026-06-06 08:10:00+00:00,61060.98828125,61060.98828125,61018.05078125,61059.69140625,0
2026-06-06 08:11:00+00:00,61040.33984375,61120.01171875,61040.33984375,61099.19140625,0
2026-06-06 08:12:00+00:00,61094.5390625,61099.01953125,61049.2890625,61049.2890625,0
2026-06-06 08:13:00+00:00,61124.19140625,61124.19921875,61064.3984375,61112.23828125,8581120
2026-06-06 08:14:00+00:00,61110.8203125,61110.8203125,61078.30078125,61078.30078125,0
2026-06-06 08:15:00+00:00,61076.96875,61127.828125,61076.96875,61124.0,0
2026-06-06 08:16:00+00:00,61090.16015625,61090.16015625,61049.30859375,61079.140625,0
2026-06-06 08:17:00+00:00,61060.30859375,61130.0,61060.30859375,61124.140625,135389184
2026-06-06 08:18:00+00:00,61022.109375,61066.421875,61010.328125,61031.140625,0
2026-06-06 08:19:00+00:00,61053.08984375,61053.3984375,61007.8984375,61013.03125,0
2026-06-06 08:20:00+00:00,61105.9609375,61120.12890625,61058.26953125,61069.4296875,0
2026-06-06 08:21:00+00:00,61121.9609375,61124.19140625,61103.66015625,61108.73046875,944435200
2026-06-06 08:22:00+00:00,61082.51953125,61132.08984375,61082.51953125,61125.6484375,0
2026-06-06 08:23:00+00:00,61078.859375,61091.5703125,61038.0,61066.8984375,0
2026-06-06 08:24:00+00:00,61099.9296875,61118.76953125,61074.51953125,61074.51953125,222846976
2026-06-06 08:25:00+00:00,61123.01171875,61123.01171875,61088.6484375,61109.2890625,0
2026-06-06 08:26:00+00:00,61161.578125,61161.578125,61112.55859375,61118.76171875,0
2026-06-06 08:27:00+00:00,61189.62109375,61189.62109375,61136.58984375,61164.05859375,0
2026-06-06 08:28:00+00:00,61321.0,61321.0,61183.3515625,61183.3515625,187084800
2026-06-06 08:29:00+00:00,61399.62109375,61416.0,61287.609375,61374.01171875,0
2026-06-06 08:30:00+00:00,61296.94921875,61350.48046875,61296.94921875,61350.48046875,0
2026-06-06 08:31:00+00:00,61369.44140625,61406.9609375,61309.01953125,61315.0,228073472
2026-06-06 08:32:00+00:00,61360.578125,61449.3984375,61360.578125,61366.3984375,7446528
2026-06-06 08:33:00+00:00,61307.01171875,61342.25,61263.71875,61342.25,6033408
2026-06-06 08:34:00+00:00,61287.98046875,61318.0703125,61287.87890625,61312.0390625,0
2026-06-06 08:35:00+00:00,61274.359375,61298.0,61263.71875,61298.0,0
2026-06-06 08:36:00+00:00,61288.96875,61308.8515625,61262.76171875,61278.80859375,0
2026-06-06 08:37:00+00:00,61320.0,61320.0,61286.0,61286.0,16703488
2026-06-06 08:38:00+00:00,61312.05078125,61357.328125,61306.01953125,61330.16015625,0
2026-06-06 08:39:00+00:00,61309.3515625,61312.03125,61295.5,61295.98828125,0
2026-06-06 08:40:00+00:00,61291.80078125,61310.921875,61284.859375,61310.921875,0
2026-06-06 08:41:00+00:00,61293.91015625,61307.69140625,61290.8984375,61298.2890625,0
2026-06-06 08:42:00+00:00,61341.75,61363.37109375,61309.01953125,61309.01953125,86589440
2026-06-06 08:43:00+00:00,61342.23828125,61358.7890625,61318.828125,61339.21875,0
2026-06-06 08:44:00+00:00,61330.05078125,61360.28125,61318.828125,61332.44140625,150867968
2026-06-06 08:45:00+00:00,61298.0,61318.05859375,61272.0,61316.109375,356352
2026-06-06 08:46:00+00:00,61292.0,61325.62890625,61255.98828125,61303.0,0
2026-06-06 08:47:00+00:00,61348.26953125,61348.26953125,61294.25,61312.03125,0
2026-06-06 08:48:00+00:00,61321.1015625,61358.96875,61321.1015625,61358.96875,208687104
2026-06-06 08:49:00+00:00,61327.140625,61346.01953125,61325.80078125,61333.171875,0
2026-06-06 08:50:00+00:00,61377.94140625,61382.01953125,61335.6796875,61335.6796875,740343808
2026-06-06 08:51:00+00:00,61386.33984375,61389.75,61363.390625,61375.44921875,0
2026-06-06 08:52:00+00:00,61443.0390625,61444.91015625,61388.69921875,61388.69921875,0
2026-06-06 08:53:00+00:00,61420.01953125,61438.4296875,61404.2890625,61438.4296875,186093568
2026-06-06 08:54:00+00:00,61387.55078125,61434.91015625,61387.55078125,61428.7890625,271958016
2026-06-06 08:55:00+00:00,61398.01171875,61398.01171875,61353.0,61393.328125,0
2026-06-06 08:56:00+00:00,61383.1484375,61400.0,61363.98046875,61400.0,0
2026-06-06 08:57:00+00:00,61320.12109375,61383.21875,61309.01953125,61375.0,0
2026-06-06 08:58:00+00:00,61258.328125,61307.94921875,61256.87109375,61307.94921875,0
2026-06-06 08:59:00+00:00,61236.0,61248.62109375,61211.01953125,61248.62109375,0
2026-06-06 09:00:00+00:00,61185.19921875,61218.05859375,61185.19921875,61209.37109375,0
2026-06-06 09:01:00+00:00,61218.08984375,61218.08984375,61184.91015625,61218.0,35287040
2026-06-06 09:02:00+00:00,61232.78125,61278.359375,61217.98046875,61232.03125,0
2026-06-06 09:03:00+00:00,61130.8515625,61230.73046875,61130.8515625,61221.44140625,0
2026-06-06 09:04:00+00:00,61182.19921875,61182.19921875,61119.6015625,61123.98046875,3522560
2026-06-06 09:05:00+00:00,61097.62890625,61203.30859375,61097.62890625,61175.55859375,100413440
2026-06-06 09:06:00+00:00,61118.76171875,61133.3515625,61094.0,61094.0,183513088
2026-06-06 09:07:00+00:00,61146.0390625,61153.3203125,61130.83984375,61133.859375,0
2026-06-06 09:08:00+00:00,61191.21875,61198.12890625,61133.8203125,61139.91015625,0
2026-06-06 09:09:00+00:00,61179.98046875,61190.671875,61158.03125,61186.91015625,0
2026-06-06 09:10:00+00:00,61159.91015625,61185.19140625,61135.828125,61179.98046875,195817472
2026-06-06 09:11:00+00:00,61225.01953125,61230.48828125,61176.12890625,61176.12890625,485462016
2026-06-06 09:12:00+00:00,61151.98046875,61215.41015625,61151.98046875,61215.41015625,27410432
2026-06-06 09:13:00+00:00,61221.44921875,61226.87890625,61154.0,61155.3984375,0
2026-06-06 09:14:00+00:00,61191.12890625,61236.62890625,61191.12890625,61221.44921875,839680
2026-06-06 09:15:00+00:00,61162.12109375,61175.0,61162.12109375,61164.98046875,0
2026-06-06 09:16:00+00:00,61207.44921875,61227.421875,61164.7109375,61164.7109375,0
2026-06-06 09:17:00+00:00,61222.78125,61235.4296875,61187.51171875,61219.51953125,0
2026-06-06 09:18:00+00:00,61212.3984375,61228.8984375,61206.33984375,61220.01953125,0
2026-06-06 09:19:00+00:00,61164.05859375,61200.2890625,61164.05859375,61192.0,172765184
2026-06-06 09:20:00+00:00,61112.0390625,61166.01953125,61106.6796875,61166.01953125,0
2026-06-06 09:21:00+00:00,61114.51953125,61151.96875,61112.71875,61121.80078125,193675264
2026-06-06 09:22:00+00:00,61079.98828125,61111.28125,61066.37890625,61111.28125,0
2026-06-06 09:23:00+00:00,61128.16015625,61129.30078125,61081.91015625,61088.53125,0
2026-06-06 09:24:00+00:00,61146.48046875,61146.48046875,61124.80078125,61127.8203125,0
2026-06-06 09:25:00+00:00,61147.98046875,61161.0390625,61109.7109375,61128.01171875,26177536
2026-06-06 09:26:00+00:00,61232.87890625,61232.87890625,61136.890625,61160.83984375,0
2026-06-06 09:27:00+00:00,61234.78125,61234.78125,61188.1484375,61212.390625,298909696
2026-06-06 09:28:00+00:00,61268.98046875,61281.83984375,61212.37890625,61212.37890625,5058560
2026-06-06 09:29:00+00:00,61280.19140625,61287.41015625,61263.48828125,61269.76171875,0
2026-06-06 09:30:00+00:00,61251.640625,61265.109375,61200.7109375,61257.69140625,450822144
2026-06-06 09:31:00+00:00,61238.0390625,61257.6796875,61225.01953125,61257.6796875,0
2026-06-06 09:32:00+00:00,61230.98046875,61251.55859375,61224.19140625,61236.5390625,0
2026-06-06 09:33:00+00:00,61263.37109375,61263.37109375,61221.48046875,61236.51953125,71913472
2026-06-06 09:34:00+00:00,61232.01953125,61245.6015625,61206.359375,61245.6015625,0
2026-06-06 09:35:00+00:00,61215.3984375,61224.98828125,61197.28125,61218.4296875,172838912
2026-06-06 09:36:00+00:00,61212.37890625,61233.48828125,61203.328125,61203.328125,8634368
2026-06-06 09:37:00+00:00,61257.671875,61257.671875,61209.359375,61209.359375,0
2026-06-06 09:38:00+00:00,61236.5390625,61236.5390625,61212.37890625,61236.01171875,23080960
2026-06-06 09:39:00+00:00,61220.01953125,61248.69921875,61209.37109375,61236.53125,0
2026-06-06 09:40:00+00:00,61143.25,61216.01953125,61143.25,61216.01953125,0
2026-06-06 09:41:00+00:00,61081.0390625,61153.8515625,61069.0,61143.48046875,211091456
2026-06-06 09:42:00+00:00,61052.9296875,61088.55078125,61046.2890625,61088.55078125,0
2026-06-06 09:43:00+00:00,61029.80859375,61071.30078125,61029.80859375,61051.859375,152698880
2026-06-06 09:44:00+00:00,61063.98046875,61094.4296875,61055.41015625,61058.3515625,0
2026-06-06 09:45:00+00:00,61040.01171875,61072.640625,61020.01171875,61064.3984375,430067712
2026-06-06 09:46:00+00:00,61040.25,61082.51171875,61037.1015625,61039.5,185073664
2026-06-06 09:47:00+00:00,60946.609375,61041.98046875,60895.26953125,61041.98046875,0
2026-06-06 09:48:00+00:00,60904.58984375,60957.5,60886.21875,60957.5,0
2026-06-06 09:49:00+00:00,60873.578125,60912.0,60862.05078125,60912.0,0
2026-06-06 09:50:00+00:00,60933.921875,60934.421875,60862.0703125,60862.0703125,0
2026-06-06 09:51:00+00:00,60961.58984375,60961.58984375,60910.5390625,60928.640625,133677056
2026-06-06 09:52:00+00:00,60907.359375,60961.71875,60907.359375,60961.71875,184741888
2026-06-06 09:53:00+00:00,60898.640625,60905.73046875,60886.21875,60905.73046875,0
2026-06-06 09:54:00+00:00,60921.51171875,60924.98828125,60895.0,60903.5,175939584
2026-06-06 09:55:00+00:00,60922.4609375,60922.4609375,60871.98828125,60871.98828125,0
2026-06-06 09:56:00+00:00,60967.73828125,60969.890625,60933.73046875,60933.73046875,179802112
2026-06-06 09:57:00+00:00,60958.69921875,60985.6796875,60958.69921875,60976.0,0
2026-06-06 09:58:00+00:00,60975.66015625,60982.109375,60943.98828125,60960.37109375,0
2026-06-06 09:59:00+00:00,60940.5703125,60964.73046875,60928.7109375,60964.73046875,929898496
2026-06-06 10:00:00+00:00,60879.08984375,60944.609375,60868.1015625,60937.98828125,0
2026-06-06 10:01:00+00:00,60774.46875,60874.4296875,60765.890625,60874.4296875,0
2026-06-06 10:02:00+00:00,60732.2109375,60813.73828125,60720.12109375,60762.37890625,0
2026-06-06 10:03:00+00:00,60697.1015625,60707.6796875,60694.01171875,60700.3984375,123576320
2026-06-06 10:04:00+00:00,60810.2109375,60810.2109375,60702.0,60702.0,15495168
2026-06-06 10:05:00+00:00,60765.9609375,60819.76953125,60765.05859375,60819.76953125,0
2026-06-06 10:06:00+00:00,60797.05078125,60797.05078125,60756.3515625,60765.98828125,0
2026-06-06 10:07:00+00:00,60687.55078125,60801.6484375,60683.859375,60801.6484375,192094208
2026-06-06 10:08:00+00:00,60698.98046875,60718.21875,60680.828125,60714.08984375,0
2026-06-06 10:09:00+00:00,60712.01171875,60734.9609375,60705.03125,60705.03125,210599936
2026-06-06 10:10:00+00:00,60589.8203125,60702.0,60589.8203125,60698.94921875,0
2026-06-06 10:11:00+00:00,60665.75,60689.921875,60605.359375,60605.359375,0
2026-06-06 10:12:00+00:00,60674.69140625,60674.69140625,60607.94921875,60655.9609375,210403328
2026-06-06 10:13:00+00:00,60629.51953125,60695.94921875,60618.0,60671.98828125,36720640
2026-06-06 10:14:00+00:00,60587.48046875,60623.1796875,60578.53125,60614.51171875,268095488
2026-06-06 10:15:00+00:00,60671.98828125,60671.98828125,60616.0,60616.0,0
2026-06-06 10:16:00+00:00,60650.66015625,60706.69921875,60650.66015625,60662.71875,0
2026-06-06 10:17:00+00:00,60572.140625,60661.19921875,60569.01953125,60661.19921875,0
2026-06-06 10:18:00+00:00,60586.3984375,60599.4609375,60562.46875,60562.46875,0
2026-06-06 10:19:00+00:00,60499.7890625,60554.01953125,60457.55078125,60543.05078125,183439360
2026-06-06 10:20:00+00:00,60448.44140625,60481.5390625,60448.3203125,60481.5390625,446464
2026-06-06 10:21:00+00:00,60516.44140625,60532.640625,60456.0,60465.0,0
2026-06-06 10:22:00+00:00,60568.98828125,60568.98828125,60522.05859375,60536.98046875,0
2026-06-06 10:23:00+00:00,60635.55859375,60651.5390625,60567.80078125,60567.80078125,117911552
2026-06-06 10:24:00+00:00,60561.609375,60647.7890625,60557.0390625,60622.0,20803584
2026-06-06 10:25:00+00:00,60576.30078125,60608.0,60563.078125,60580.03125,0
2026-06-06 10:26:00+00:00,60590.26953125,60613.98828125,60566.16015625,60566.16015625,0
2026-06-06 10:27:00+00:00,60601.1015625,60607.078125,60597.26953125,60600.4609375,0
2026-06-06 10:28:00+00:00,60641.171875,60641.171875,60585.41015625,60587.23828125,56377344
2026-06-06 10:29:00+00:00,60501.359375,60623.48046875,60499.26171875,60623.48046875,38359040
2026-06-06 10:30:00+00:00,60288.25,60489.0390625,60252.01953125,60489.0390625,0
2026-06-06 10:31:00+00:00,60255.03125,60292.98828125,60194.0,60292.98828125,169447424
2026-06-06 10:32:00+00:00,60327.48828125,60339.5703125,60261.9609375,60274.73046875,0
2026-06-06 10:33:00+00:00,60325.30078125,60372.80859375,60321.48828125,60321.48828125,1297231872
2026-06-06 10:34:00+00:00,60325.46875,60339.140625,60294.0,60339.140625,198029312
2026-06-06 10:35:00+00:00,60377.98828125,60385.94140625,60309.41015625,60309.41015625,0
2026-06-06 10:36:00+00:00,60306.37890625,60372.8203125,60244.0,60372.8203125,205979648
2026-06-06 10:37:00+00:00,60269.96875,60351.1015625,60269.96875,60291.28125,0
2026-06-06 10:38:00+00:00,60290.12109375,60301.30078125,60253.23828125,60291.26953125,111161344
2026-06-06 10:39:00+00:00,60278.01953125,60289.87890625,60255.05078125,60279.19921875,28295168
2026-06-06 10:40:00+00:00,60297.12890625,60297.12890625,60261.078125,60287.4609375,0
2026-06-06 10:41:00+00:00,60324.48828125,60342.609375,60282.21875,60300.33984375,0
2026-06-06 10:42:00+00:00,60412.078125,60412.078125,60325.80859375,60340.0,0
2026-06-06 10:43:00+00:00,60371.98828125,60447.62890625,60354.48828125,60434.578125,0
2026-06-06 10:44:00+00:00,60387.921875,60387.921875,60358.96875,60360.12890625,302714880
2026-06-06 10:45:00+00:00,60346.828125,60387.91015625,60326.1484375,60387.91015625,0
2026-06-06 10:46:00+00:00,60424.62890625,60424.62890625,60321.48046875,60336.9609375,0
2026-06-06 10:47:00+00:00,60357.71875,60439.25,60339.609375,60414.9609375,0
2026-06-06 10:48:00+00:00,60333.55859375,60406.0390625,60333.55859375,60351.58984375,0
2026-06-06 10:49:00+00:00,60406.03125,60406.03125,60330.08984375,60339.58984375,43778048
2026-06-06 10:50:00+00:00,60403.01171875,60410.55078125,60369.80859375,60397.37109375,26107904
2026-06-06 10:51:00+00:00,60459.359375,60460.96875,60403.75,60403.75,0
2026-06-06 10:52:00+00:00,60452.01171875,60461.640625,60429.7890625,60461.640625,0
2026-06-06 10:53:00+00:00,60504.0,60526.83984375,60460.01171875,60460.01171875,0
2026-06-06 10:54:00+00:00,60511.73828125,60571.46875,60511.73828125,60518.140625,461869056
2026-06-06 10:55:00+00:00,60505.69140625,60505.69140625,60483.01953125,60496.640625,10444800
2026-06-06 10:56:00+00:00,60504.71875,60516.48828125,60463.69140625,60500.0,24604672
2026-06-06 10:57:00+00:00,60523.80859375,60544.01171875,60481.55078125,60481.55078125,0
2026-06-06 10:58:00+00:00,60518.7109375,60530.62109375,60505.7109375,60530.62109375,0
2026-06-06 10:59:00+00:00,60572.140625,60577.98828125,60512.2109375,60524.890625,92581888
2026-06-06 11:00:00+00:00,60523.8203125,60557.0703125,60523.8203125,60533.94140625,0
2026-06-06 11:01:00+00:00,60600.41015625,60600.41015625,60517.7890625,60521.98828125,262385664
2026-06-06 11:02:00+00:00,60759.328125,60759.328125,60623.1015625,60627.21875,0
2026-06-06 11:03:00+00:00,60671.80078125,60709.26171875,60638.87109375,60700.1015625,173199360
2026-06-06 11:04:00+00:00,60708.3515625,60708.3515625,60668.51953125,60675.94140625,0
2026-06-06 11:05:00+00:00,60650.671875,60711.05078125,60638.62109375,60702.328125,0
2026-06-06 11:06:00+00:00,60674.1015625,60686.328125,60656.05078125,60656.05078125,0
2026-06-06 11:07:00+00:00,60692.578125,60694.53125,60674.0,60680.75,4046848
2026-06-06 11:08:00+00:00,60669.01953125,60702.26171875,60665.01171875,60684.51953125,0
2026-06-06 11:09:00+00:00,60682.0703125,60695.0,60647.640625,60669.578125,0
2026-06-06 11:10:00+00:00,60630.7890625,60681.94140625,60623.48828125,60681.94140625,0
2026-06-06 11:11:00+00:00,60625.3203125,60643.21875,60606.19921875,60631.01953125,0
2026-06-06 11:12:00+00:00,60638.0,60661.8515625,60618.48828125,60618.48828125,0
2026-06-06 11:13:00+00:00,60595.94921875,60631.9609375,60573.0390625,60631.9609375,89055232
2026-06-06 11:14:00+00:00,60607.76171875,60614.19921875,60566.0,60595.94921875,0
2026-06-06 11:15:00+00:00,60573.9609375,60609.5703125,60569.01953125,60607.921875,50855936
2026-06-06 11:16:00+00:00,60646.83984375,60646.83984375,60568.8515625,60568.8515625,0
2026-06-06 11:17:00+00:00,60820.3203125,60820.3203125,60632.55859375,60632.55859375,0
2026-06-06 11:18:00+00:00,60737.9296875,60789.578125,60729.19140625,60789.578125,0
2026-06-06 11:19:00+00:00,60662.33984375,60729.03125,60656.69921875,60726.16015625,280768512
2026-06-06 11:20:00+00:00,60621.96875,60647.640625,60609.25,60644.25,0
2026-06-06 11:21:00+00:00,60686.8984375,60694.140625,60623.46875,60623.46875,0
2026-06-06 11:22:00+00:00,60697.05859375,60697.05859375,60663.98828125,60684.26171875,196702208
2026-06-06 11:23:00+00:00,60727.1015625,60727.1015625,60686.8984375,60686.8984375,0
2026-06-06 11:24:00+00:00,60692.19140625,60749.0,60692.19140625,60741.25,0
2026-06-06 11:25:00+00:00,60692.4296875,60704.5390625,60665.76171875,60698.91015625,0
2026-06-06 11:26:00+00:00,60686.91015625,60717.1015625,60678.01171875,60678.01171875,0
2026-06-06 11:27:00+00:00,60735.2109375,60735.2109375,60684.6015625,60697.9609375,194473984
2026-06-06 11:28:00+00:00,60757.44921875,60757.44921875,60720.109375,60752.0390625,9334784
2026-06-06 11:29:00+00:00,60771.98828125,60785.03125,60741.26953125,60741.26953125,0
2026-06-06 11:30:00+00:00,60741.2890625,60761.05859375,60726.16015625,60754.0,0
2026-06-06 11:31:00+00:00,60705.1015625,60723.1484375,60698.98046875,60723.1484375,12722176
2026-06-06 11:32:00+00:00,60740.25,60763.94921875,60707.19921875,60707.19921875,0
2026-06-06 11:33:00+00:00,60771.01171875,60771.01171875,60723.140625,60744.05859375,0
2026-06-06 11:34:00+00:00,60806.5,60824.0,60778.1015625,60778.1015625,183554048
2026-06-06 11:35:00+00:00,60816.76171875,60828.0390625,60794.1484375,60794.1484375,0
2026-06-06 11:36:00+00:00,60783.5390625,60808.03125,60783.5390625,60808.03125,488357888
2026-06-06 11:37:00+00:00,60738.890625,60786.6484375,60738.23828125,60786.6484375,380928
2026-06-06 11:38:00+00:00,60781.2890625,60789.578125,60752.12890625,60752.12890625,0
2026-06-06 11:39:00+00:00,60820.4609375,60820.4609375,60771.4609375,60785.9296875,182239232
2026-06-06 11:40:00+00:00,60787.23046875,60816.71875,60780.9296875,60801.69140625,0
2026-06-06 11:41:00+00:00,60833.390625,60833.390625,60771.4609375,60776.2109375,0
2026-06-06 11:42:00+00:00,60820.73828125,60836.5,60820.0,60827.05859375,0
2026-06-06 11:43:00+00:00,60790.03125,60808.609375,60770.4609375,60808.609375,0
2026-06-06 11:44:00+00:00,60798.62890625,60801.73046875,60783.6796875,60788.12109375,139493376
2026-06-06 11:45:00+00:00,60810.71875,60822.76171875,60790.08984375,60794.0,0
2026-06-06 11:46:00+00:00,60789.609375,60832.109375,60788.0,60794.8203125,0
2026-06-06 11:47:00+00:00,60874.1015625,60874.1015625,60781.98828125,60788.71875,0
2026-06-06 11:48:00+00:00,60868.1015625,60924.01171875,60859.05078125,60924.01171875,0
2026-06-06 11:49:00+00:00,60853.26171875,60886.26171875,60849.19921875,60865.078125,333815808
2026-06-06 11:50:00+00:00,60860.0703125,60876.1484375,60829.08984375,60850.23046875,0
2026-06-06 11:51:00+00:00,60880.41015625,60896.01953125,60867.21875,60867.21875,0
2026-06-06 11:52:00+00:00,60888.26953125,60891.19140625,60871.12109375,60880.55078125,114749440
2026-06-06 11:53:00+00:00,60874.0,60892.26171875,60865.08984375,60888.2890625,0
2026-06-06 11:54:00+00:00,60886.2109375,60886.2109375,60858.0,60870.9609375,0
2026-06-06 11:55:00+00:00,60867.3984375,60878.171875,60860.0,60878.171875,182513664
2026-06-06 11:56:00+00:00,60810.71875,60874.0390625,60810.71875,60863.37109375,1377038336
2026-06-06 11:57:00+00:00,60754.41015625,60816.75,60754.41015625,60810.78125,0
2026-06-06 11:58:00+00:00,60725.8984375,60757.98046875,60714.96875,60757.98046875,180715520
2026-06-06 11:59:00+00:00,60772.390625,60772.390625,60731.98828125,60744.28125,0
2026-06-06 12:00:00+00:00,60797.98046875,60855.44921875,60774.9296875,60774.9296875,0
2026-06-06 12:01:00+00:00,60853.3984375,60865.0703125,60791.1015625,60791.1015625,185290752
2026-06-06 12:02:00+00:00,60916.421875,60930.25,60843.21875,60846.0,0
2026-06-06 12:03:00+00:00,60928.71875,60972.609375,60928.0,60928.0,0
2026-06-06 12:04:00+00:00,60896.03125,60930.0,60895.28125,60924.5,0
2026-06-06 12:05:00+00:00,60925.0,60925.0,60849.98828125,60889.23828125,0
2026-06-06 12:06:00+00:00,60964.94140625,60964.94140625,60901.328125,60925.0,0
2026-06-06 12:07:00+00:00,60996.12890625,60996.12890625,60964.73828125,60977.23046875,0
2026-06-06 12:08:00+00:00,61055.33984375,61058.0,60989.94140625,60989.94140625,745512960
2026-06-06 12:09:00+00:00,61031.1796875,61061.83984375,60989.98828125,61061.83984375,0
2026-06-06 12:10:00+00:00,60963.30859375,61019.109375,60940.578125,61019.109375,33128448
2026-06-06 12:11:00+00:00,60946.390625,60963.5390625,60943.98828125,60958.8515625,0
2026-06-06 12:12:00+00:00,60961.71875,60992.7109375,60940.578125,60956.26171875,0
2026-06-06 12:13:00+00:00,60976.48046875,60976.48046875,60939.01171875,60955.6796875,0
2026-06-06 12:14:00+00:00,61010.859375,61025.12890625,60982.87109375,60993.0390625,282550272
2026-06-06 12:15:00+00:00,61016.078125,61061.83984375,61012.08984375,61012.08984375,0
2026-06-06 12:16:00+00:00,60964.1796875,61043.01171875,60964.1796875,61043.01171875,0
2026-06-06 12:17:00+00:00,60953.98828125,60964.51171875,60925.48828125,60964.51171875,501334016
2026-06-06 12:18:00+00:00,60935.98828125,60955.30078125,60915.80078125,60955.30078125,0
2026-06-06 12:19:00+00:00,60916.421875,60942.0,60916.421875,60926.6015625,0
2026-06-06 12:20:00+00:00,60910.37890625,60919.4296875,60890.4296875,60897.328125,0
2026-06-06 12:21:00+00:00,60907.359375,60937.55859375,60902.3515625,60919.421875,0
2026-06-06 12:22:00+00:00,60837.2890625,60898.640625,60835.96875,60890.3984375,3944448
2026-06-06 12:23:00+00:00,60829.98828125,60849.19921875,60829.078125,60841.98046875,0
2026-06-06 12:24:00+00:00,60846.6796875,60852.01171875,60803.73828125,60810.7109375,0
2026-06-06 12:25:00+00:00,60813.73828125,60860.12109375,60813.73828125,60825.98828125,0
2026-06-06 12:26:00+00:00,60844.66015625,60846.98046875,60816.76171875,60827.19140625,0
2026-06-06 12:27:00+00:00,60747.30078125,60858.66015625,60747.30078125,60858.66015625,0
2026-06-06 12:28:00+00:00,60735.921875,60775.6796875,60735.921875,60762.6484375,0
2026-06-06 12:29:00+00:00,60717.1015625,60726.44921875,60695.96875,60724.98828125,0
2026-06-06 12:30:00+00:00,60621.9609375,60732.19921875,60621.9609375,60695.94140625,2551808
2026-06-06 12:31:00+00:00,60644.62109375,60644.62109375,60620.4609375,60620.4609375,663552
2026-06-06 12:32:00+00:00,60736.5,60736.5,60638.578125,60648.5390625,141721600
2026-06-06 12:33:00+00:00,60744.83984375,60768.4296875,60744.01171875,60748.30078125,0
2026-06-06 12:34:00+00:00,60785.98828125,60796.37890625,60719.16015625,60746.26171875,0
2026-06-06 12:35:00+00:00,60812.3203125,60829.1796875,60753.76953125,60753.76953125,0
2026-06-06 12:36:00+00:00,60807.69921875,60829.9609375,60771.44921875,60811.98046875,206499840
2026-06-06 12:37:00+00:00,60710.80859375,60807.5390625,60683.87890625,60807.5390625,0
2026-06-06 12:38:00+00:00,60740.0,60740.0,60706.05859375,60706.05859375,159211520
2026-06-06 12:39:00+00:00,60709.98046875,60753.328125,60695.3984375,60744.859375,0
2026-06-06 12:40:00+00:00,60702.01171875,60726.1484375,60698.98828125,60706.109375,0
2026-06-06 12:41:00+00:00,60741.3203125,60744.48046875,60708.33984375,60708.33984375,352043008
2026-06-06 12:42:00+00:00,60751.328125,60751.328125,60714.078125,60737.01171875,0
2026-06-06 12:43:00+00:00,60802.0,60802.0,60753.328125,60753.328125,0
2026-06-06 12:44:00+00:00,60785.26953125,60804.33984375,60780.921875,60791.87890625,0
2026-06-06 12:45:00+00:00,60768.44921875,60809.3984375,60768.44921875,60793.0,0
2026-06-06 12:46:00+00:00,60792.6015625,60792.6015625,60756.390625,60765.83984375,0
2026-06-06 12:47:00+00:00,60932.609375,60932.609375,60805.44921875,60805.44921875,0
2026-06-06 12:48:00+00:00,60916.421875,60957.0390625,60910.37890625,60917.05859375,33107968
2026-06-06 12:49:00+00:00,61002.30859375,61002.30859375,60883.2109375,60883.2109375,0
2026-06-06 12:50:00+00:00,60960.44140625,60975.1015625,60931.53125,60975.1015625,0
2026-06-06 12:51:00+00:00,61022.05078125,61056.5703125,60922.0,60964.73046875,0
2026-06-06 12:52:00+00:00,61058.37109375,61126.0,61005.98828125,61005.98828125,200589312
2026-06-06 12:53:00+00:00,61062.9609375,61072.328125,61033.4296875,61035.0,0
2026-06-06 12:54:00+00:00,61085.5390625,61102.1015625,61061.37890625,61079.48828125,131670016
2026-06-06 12:55:00+00:00,61061.37109375,61079.9609375,61046.28125,61073.41015625,0
2026-06-06 12:56:00+00:00,61041.94140625,61097.8515625,61040.87109375,61080.83984375,0
2026-06-06 12:57:00+00:00,61003.8203125,61034.19140625,61000.0,61028.171875,0
2026-06-06 12:58:00+00:00,60985.87109375,61001.5703125,60981.921875,60982.859375,0
2026-06-06 12:59:00+00:00,60988.05078125,61004.8203125,60987.80859375,61001.0390625,252928000
2026-06-06 13:00:00+00:00,60963.78125,60985.890625,60951.96875,60976.6796875,0
2026-06-06 13:01:00+00:00,60929.08984375,60957.859375,60929.08984375,60952.66015625,0
2026-06-06 13:02:00+00:00,60955.6796875,60977.08984375,60931.6484375,60931.6484375,0
2026-06-06 13:03:00+00:00,60957.96875,60976.109375,60949.640625,60953.5703125,0
2026-06-06 13:04:00+00:00,61052.328125,61070.4296875,60961.71875,60961.71875,197042176
2026-06-06 13:05:00+00:00,61018.87109375,61036.87109375,60997.96875,61031.19140625,0
2026-06-06 13:06:00+00:00,61015.96875,61044.5,61006.0,61028.16015625,0
2026-06-06 13:07:00+00:00,60985.328125,61028.01171875,60985.328125,61007.03125,0
2026-06-06 13:08:00+00:00,60957.05859375,60976.6484375,60952.6796875,60975.80078125,353529856
2026-06-06 13:09:00+00:00,60997.12890625,60997.12890625,60943.6015625,60947.69140625,202711040
2026-06-06 13:10:00+00:00,61013.05859375,61013.05859375,60989.96875,60994.03125,0
2026-06-06 13:11:00+00:00,60995.55078125,61027.7109375,60978.0,61013.48828125,0
2026-06-06 13:12:00+00:00,61019.109375,61028.16015625,60993.26953125,60993.26953125,0
2026-06-06 13:13:00+00:00,60980.0,61013.140625,60980.0,61013.140625,0
2026-06-06 13:14:00+00:00,60974.01171875,60989.5703125,60972.01953125,60980.01171875,0
2026-06-06 13:15:00+00:00,60916.30859375,60973.0703125,60916.30859375,60967.76171875,22433792
2026-06-06 13:16:00+00:00,60907.37109375,60930.03125,60892.26171875,60930.03125,0
2026-06-06 13:17:00+00:00,60895.28125,60917.19921875,60884.73046875,60912.83984375,0
2026-06-06 13:18:00+00:00,60909.08984375,60940.578125,60904.01171875,60904.01171875,0
2026-06-06 13:19:00+00:00,60899.8984375,60908.0,60881.9296875,60893.8984375,12587008
2026-06-06 13:20:00+00:00,60950.33984375,60968.12109375,60888.08984375,60888.08984375,0
2026-06-06 13:21:00+00:00,61007.01953125,61008.71875,60952.98046875,60952.98046875,0
2026-06-06 13:22:00+00:00,60908.7109375,60996.0,60908.7109375,60996.0,0
2026-06-06 13:23:00+00:00,60896.0,60944.05078125,60896.0,60909.30859375,161140736
2026-06-06 13:24:00+00:00,60898.98828125,60914.8203125,60871.12890625,60895.609375,0
2026-06-06 13:25:00+00:00,60868.109375,60930.62109375,60868.109375,60911.3515625,0
2026-06-06 13:26:00+00:00,60865.05859375,60890.8203125,60858.69921875,60877.78125,0
2026-06-06 13:27:00+00:00,60902.0703125,60902.0703125,60874.01171875,60877.9609375,233615360
2026-06-06 13:28:00+00:00,60868.55078125,60902.0,60846.51171875,60902.0,0
2026-06-06 13:29:00+00:00,60846.359375,60881.73046875,60843.0390625,60881.73046875,0
2026-06-06 13:30:00+00:00,60750.98046875,60860.8203125,60750.98046875,60831.87109375,16801792
2026-06-06 13:31:00+00:00,60743.96875,60759.48046875,60739.1796875,60759.48046875,174776320
2026-06-06 13:32:00+00:00,60686.8984375,60743.37109375,60679.5,60743.37109375,0
2026-06-06 13:33:00+00:00,60734.55078125,60734.55078125,60677.0,60701.98828125,0
2026-06-06 13:34:00+00:00,60752.5390625,60756.3515625,60726.16015625,60729.7890625,0
2026-06-06 13:35:00+00:00,60802.2890625,60807.69140625,60774.55078125,60777.5,0
2026-06-06 13:36:00+00:00,60750.33984375,60822.46875,60745.98046875,60816.76171875,86396928
2026-06-06 13:37:00+00:00,60772.66015625,60786.5,60730.05078125,60735.23046875,0
2026-06-06 13:38:00+00:00,60802.01953125,60816.75,60781.28125,60781.28125,0
2026-06-06 13:39:00+00:00,60782.01171875,60792.08984375,60761.98828125,60781.26953125,0
2026-06-06 13:40:00+00:00,60825.9296875,60825.9296875,60782.8515625,60782.8515625,0
2026-06-06 13:41:00+00:00,60798.6484375,60833.19921875,60798.6484375,60814.8984375,193728512
2026-06-06 13:42:00+00:00,60809.44140625,60818.0,60787.0703125,60804.6796875,0
2026-06-06 13:43:00+00:00,60845.421875,60850.0390625,60813.75,60822.7890625,181456896
2026-06-06 13:44:00+00:00,60873.890625,60873.890625,60811.2890625,60843.98046875,0
2026-06-06 13:45:00+00:00,60998.98046875,60998.98046875,60895.26171875,60911.6015625,0
2026-06-06 13:46:00+00:00,60900.0,61016.73828125,60886.19140625,61016.73828125,0
2026-06-06 13:47:00+00:00,60820.078125,60908.01171875,60820.078125,60908.01171875,0
2026-06-06 13:48:00+00:00,60786.5703125,60822.890625,60759.91015625,60807.69921875,0
2026-06-06 13:49:00+00:00,60789.6015625,60789.6015625,60750.3203125,60782.0,11886592
2026-06-06 13:50:00+00:00,60779.96875,60816.73828125,60779.96875,60805.26953125,0
2026-06-06 13:51:00+00:00,60778.44140625,60792.58984375,60742.12890625,60788.98046875,0
2026-06-06 13:52:00+00:00,60786.55078125,60798.62109375,60770.1796875,60787.91015625,36614144
2026-06-06 13:53:00+00:00,60751.37890625,60783.5390625,60731.66015625,60765.421875,0
2026-06-06 13:54:00+00:00,60749.390625,60762.3984375,60744.30078125,60744.30078125,0
2026-06-06 13:55:00+00:00,60755.08984375,60765.421875,60750.328125,60754.96875,0
2026-06-06 13:56:00+00:00,60763.37890625,60775.0,60735.73046875,60755.44140625,0
2026-06-06 13:57:00+00:00,60780.51171875,60780.51171875,60750.30078125,60754.6015625,0
2026-06-06 13:58:00+00:00,60779.96875,60794.01953125,60774.0,60776.0,0
2026-06-06 13:59:00+00:00,60759.37890625,60798.0,60759.37890625,60781.01171875,0
2026-06-06 14:00:00+00:00,60770.48828125,60776.671875,60746.01171875,60776.671875,0
2026-06-06 14:01:00+00:00,60841.390625,60841.390625,60765.9609375,60777.5,0
2026-06-06 14:02:00+00:00,60903.3984375,60903.3984375,60844.71875,60870.71875,22753280
2026-06-06 14:03:00+00:00,60876.80859375,60917.03125,60871.12109375,60917.03125,0
2026-06-06 14:04:00+00:00,60910.03125,60910.03125,60838.01171875,60874.12109375,0
2026-06-06 14:05:00+00:00,60911.0390625,60954.03125,60900.9296875,60921.26953125,155295744
2026-06-06 14:06:00+00:00,60920.01953125,60922.44921875,60887.73046875,60904.5,0
2026-06-06 14:07:00+00:00,60922.44140625,60934.53125,60904.328125,60916.01171875,0
2026-06-06 14:08:00+00:00,60962.8203125,60962.8203125,60922.48046875,60935.73828125,0
2026-06-06 14:09:00+00:00,60856.01171875,60966.51953125,60856.01171875,60966.51953125,0
2026-06-06 14:10:00+00:00,60906.96875,60906.96875,60831.87109375,60831.87109375,0
2026-06-06 14:11:00+00:00,60916.30078125,60926.640625,60901.328125,60909.921875,0
2026-06-06 14:12:00+00:00,60904.33984375,60938.01953125,60896.0390625,60928.03125,0
2026-06-06 14:13:00+00:00,60865.05078125,60931.76171875,60865.05078125,60931.76171875,136978432
2026-06-06 14:14:00+00:00,60882.01953125,60884.76171875,60856.5390625,60882.0,0
2026-06-06 14:15:00+00:00,60872.0390625,60898.26171875,60860.87890625,60873.98828125,0
2026-06-06 14:16:00+00:00,60895.6484375,60918.01171875,60877.16015625,60877.16015625,316948480
2026-06-06 14:17:00+00:00,60860.0,60906.0,60856.01953125,60895.23046875,0
2026-06-06 14:18:00+00:00,60915.73046875,60915.73046875,60862.0703125,60862.0703125,146731008
2026-06-06 14:19:00+00:00,60956.671875,60956.671875,60880.1796875,60895.2890625,0
2026-06-06 14:20:00+00:00,60951.8515625,60982.01953125,60940.58984375,60962.8203125,0
2026-06-06 14:21:00+00:00,60941.80859375,60971.359375,60907.359375,60951.640625,162897920
2026-06-06 14:22:00+00:00,60955.03125,60956.890625,60925.73046875,60953.3203125,0
2026-06-06 14:23:00+00:00,60845.8984375,60910.390625,60845.8984375,60910.390625,0
2026-06-06 14:24:00+00:00,60878.0,60895.19140625,60844.98828125,60844.98828125,0
2026-06-06 14:25:00+00:00,60789.5703125,60862.0703125,60768.98046875,60862.0703125,0
2026-06-06 14:26:00+00:00,60765.4296875,60818.01171875,60765.4296875,60813.48046875,0
2026-06-06 14:27:00+00:00,60834.0,60834.0,60780.51171875,60780.51171875,157683712
2026-06-06 14:28:00+00:00,60824.98046875,60859.51171875,60824.98046875,60834.5390625,0
2026-06-06 14:29:00+00:00,60848.109375,60855.390625,60823.25,60843.53125,0
2026-06-06 14:30:00+00:00,60831.828125,60857.30078125,60826.0,60846.01171875,0
2026-06-06 14:31:00+00:00,60862.01171875,60863.98828125,60796.5,60798.01171875,0
2026-06-06 14:32:00+00:00,60937.26953125,60943.05078125,60865.94921875,60865.94921875,0
2026-06-06 14:33:00+00:00,60906.5,60933.21875,60895.98046875,60910.37890625,0
2026-06-06 14:34:00+00:00,60910.37890625,60925.6484375,60889.23828125,60910.0,0
2026-06-06 14:35:00+00:00,60932.0,60934.359375,60873.6015625,60879.51953125,0
2026-06-06 14:36:00+00:00,60940.01953125,60964.0,60934.12109375,60934.12109375,0
2026-06-06 14:37:00+00:00,60930.23046875,60966.01953125,60928.51171875,60940.16015625,156426240
2026-06-06 14:38:00+00:00,60907.37109375,60933.87890625,60891.0390625,60933.87890625,0
2026-06-06 14:39:00+00:00,60925.26171875,60942.390625,60909.98828125,60922.0,171384832
2026-06-06 14:40:00+00:00,60877.6484375,60919.44140625,60865.46875,60919.44140625,0
2026-06-06 14:41:00+00:00,60907.98828125,60940.30859375,60887.26953125,60887.26953125,0
2026-06-06 14:42:00+00:00,60906.01171875,60932.01171875,60889.62890625,60925.46875,0
2026-06-06 14:43:00+00:00,60918.0,60918.0,60886.23046875,60911.98828125,0
2026-06-06 14:44:00+00:00,60915.3203125,60949.640625,60915.3203125,60918.01953125,0
2026-06-06 14:45:00+00:00,60907.37109375,60932.2109375,60904.33984375,60917.96875,0
2026-06-06 14:46:00+00:00,60874.140625,60922.44921875,60874.140625,60914.21875,0
2026-06-06 14:47:00+00:00,60928.01953125,60928.03125,60867.83984375,60876.01953125,0
2026-06-06 14:48:00+00:00,60911.5390625,60940.23046875,60896.6015625,60931.53125,146436096
2026-06-06 14:49:00+00:00,60946.2890625,60959.76171875,60928.46875,60928.48046875,0
2026-06-06 14:50:00+00:00,60961.66015625,60974.08984375,60929.53125,60938.01953125,0
2026-06-06 14:51:00+00:00,60946.55078125,60961.69140625,60918.0,60961.69140625,0
2026-06-06 14:52:00+00:00,60934.5390625,60970.78125,60928.48828125,60949.390625,0
2026-06-06 14:53:00+00:00,60899.1484375,60924.0,60896.0,60910.390625,68108288
2026-06-06 14:54:00+00:00,60924.48828125,60953.75,60885.01171875,60885.01171875,0
2026-06-06 14:55:00+00:00,60881.0,60901.3203125,60875.69140625,60901.3203125,0
2026-06-06 14:56:00+00:00,60874.01953125,60884.71875,60864.1484375,60865.05078125,0
2026-06-06 14:57:00+00:00,60843.1484375,60889.25,60843.1484375,60888.01953125,0
2026-06-06 14:58:00+00:00,60780.0390625,60846.94921875,60765.0,60843.12890625,213450752
2026-06-06 14:59:00+00:00,60763.94140625,60783.359375,60760.0,60783.359375,0
2026-06-06 15:00:00+00:00,60828.19140625,60844.48828125,60777.5,60777.5,0
2026-06-06 15:01:00+00:00,60761.87109375,60831.37109375,60754.921875,60828.828125,0
2026-06-06 15:02:00+00:00,60647.87890625,60750.9296875,60640.21875,60744.2890625,0
2026-06-06 15:03:00+00:00,60624.98828125,60674.46875,60617.33984375,60650.58984375,0
2026-06-06 15:04:00+00:00,60602.328125,60630.0,60587.23828125,60630.0,151474176
2026-06-06 15:05:00+00:00,60534.359375,60599.80078125,60534.359375,60581.1015625,0
2026-06-06 15:06:00+00:00,60585.171875,60587.0390625,60531.078125,60533.9296875,11030528
2026-06-06 15:07:00+00:00,60608.48828125,60618.69921875,60568.94140625,60605.01953125,0
2026-06-06 15:08:00+00:00,60623.96875,60656.0,60564.0,60621.3203125,0
2026-06-06 15:09:00+00:00,60687.12890625,60687.12890625,60623.44140625,60632.0,216260608
2026-06-06 15:10:00+00:00,60641.80859375,60688.0390625,60641.6015625,60655.3203125,0
2026-06-06 15:11:00+00:00,60607.76953125,60635.0,60599.2890625,60633.12109375,0
2026-06-06 15:12:00+00:00,60598.01171875,60611.3515625,60550.98828125,60593.0390625,0
2026-06-06 15:13:00+00:00,60590.0,60622.26953125,60581.19921875,60596.03125,0
2026-06-06 15:14:00+00:00,60585.76171875,60599.328125,60566.890625,60578.19921875,0
2026-06-06 15:15:00+00:00,60558.51171875,60588.01953125,60541.9296875,60588.01953125,0
2026-06-06 15:16:00+00:00,60599.2890625,60599.2890625,60511.98828125,60528.03125,0
2026-06-06 15:17:00+00:00,60554.55078125,60648.9296875,60554.55078125,60641.58984375,0
2026-06-06 15:18:00+00:00,60430.19921875,60529.87109375,60414.21875,60529.87109375,0
2026-06-06 15:19:00+00:00,60433.5390625,60442.91015625,60383.98828125,60400.30859375,162947072
2026-06-06 15:20:00+00:00,60470.75,60470.75,60432.03125,60446.37890625,0
2026-06-06 15:21:00+00:00,60576.109375,60623.4609375,60468.0,60468.0,0
2026-06-06 15:22:00+00:00,60511.390625,60580.16015625,60511.390625,60566.51953125,114937856
2026-06-06 15:23:00+00:00,60487.578125,60513.390625,60472.83984375,60513.390625,0
2026-06-06 15:24:00+00:00,60517.7890625,60525.3984375,60482.71875,60491.0,130650112
2026-06-06 15:25:00+00:00,60602.0703125,60614.421875,60507.0703125,60521.421875,33398784
2026-06-06 15:26:00+00:00,60615.9609375,60635.51953125,60602.890625,60602.890625,0
2026-06-06 15:27:00+00:00,60626.51171875,60644.0,60608.37890625,60608.37890625,23388160
2026-06-06 15:28:00+00:00,60604.87890625,60611.390625,60589.16015625,60610.87890625,0
2026-06-06 15:29:00+00:00,60635.58984375,60641.58984375,60603.96875,60603.96875,298668032
2026-06-06 15:30:00+00:00,60629.80078125,60636.3515625,60603.37109375,60623.83984375,0
2026-06-06 15:31:00+00:00,60623.55859375,60705.1015625,60623.55859375,60638.5703125,0
2026-06-06 15:32:00+00:00,60576.46875,60626.48828125,60544.9609375,60626.48828125,0
2026-06-06 15:33:00+00:00,60641.30078125,60641.30078125,60541.94140625,60576.4609375,0
2026-06-06 15:34:00+00:00,60689.921875,60717.08984375,60640.94140625,60642.8984375,0
2026-06-06 15:35:00+00:00,60711.05078125,60711.05078125,60662.75,60677.8515625,55336960
2026-06-06 15:36:00+00:00,60709.05078125,60725.80078125,60690.30078125,60715.328125,0
2026-06-06 15:37:00+00:00,60720.0,60721.78125,60671.01953125,60695.9609375,171044864
2026-06-06 15:38:00+00:00,60689.9609375,60722.23046875,60667.98828125,60722.23046875,0
2026-06-06 15:39:00+00:00,60762.3984375,60769.0390625,60713.98828125,60713.98828125,0
2026-06-06 15:40:00+00:00,60775.19921875,60775.19921875,60742.87109375,60765.80859375,0
2026-06-06 15:41:00+00:00,60827.078125,60841.859375,60794.1484375,60794.1484375,0
2026-06-06 15:42:00+00:00,60795.62109375,60874.12890625,60795.62109375,60838.4296875,0
2026-06-06 15:43:00+00:00,60831.80859375,60850.03125,60813.44140625,60844.5390625,0
2026-06-06 15:44:00+00:00,60825.8203125,60848.08984375,60822.80859375,60825.828125,0
2026-06-06 15:45:00+00:00,60871.96875,60875.03125,60837.890625,60846.609375,0
2026-06-06 15:46:00+00:00,60831.859375,60883.890625,60831.859375,60874.0,143228928
2026-06-06 15:47:00+00:00,60782.0390625,60820.19921875,60782.0390625,60820.19921875,210833408
2026-06-06 15:48:00+00:00,60723.08984375,60765.87890625,60718.44921875,60765.87890625,150589440
2026-06-06 15:49:00+00:00,60767.94921875,60796.19140625,60732.19921875,60732.19921875,0
2026-06-06 15:50:00+00:00,60788.0390625,60820.0,60783.55078125,60787.33984375,35303424
2026-06-06 15:51:00+00:00,60791.3515625,60818.33984375,60784.390625,60790.01171875,0
2026-06-06 15:52:00+00:00,60744.2890625,60802.08984375,60744.2890625,60784.3984375,0
2026-06-06 15:53:00+00:00,60724.0390625,60729.19140625,60692.94140625,60729.19140625,0
2026-06-06 15:54:00+00:00,60732.73046875,60736.44140625,60720.4609375,60732.51953125,0
2026-06-06 15:55:00+00:00,60713.7109375,60726.171875,60690.48828125,60726.171875,0
2026-06-06 15:56:00+00:00,60777.44140625,60777.44140625,60705.01953125,60705.01953125,0
2026-06-06 15:57:00+00:00,60771.05859375,60771.05859375,60746.921875,60747.30078125,137850880
2026-06-06 15:58:00+00:00,60798.390625,60798.390625,60774.6484375,60783.5390625,21999616
2026-06-06 15:59:00+00:00,60748.12890625,60786.55859375,60744.4609375,60786.55859375,0
2026-06-06 16:00:00+00:00,60702.76171875,60716.94921875,60680.859375,60716.94921875,0
2026-06-06 16:01:00+00:00,60789.5703125,60789.5703125,60744.01953125,60753.03125,0
2026-06-06 16:02:00+00:00,60821.421875,60821.421875,60787.44140625,60787.44140625,0
2026-06-06 16:03:00+00:00,60812.578125,60838.9609375,60810.921875,60823.890625,0
2026-06-06 16:04:00+00:00,60877.171875,60892.26171875,60813.8984375,60817.19921875,0
2026-06-06 16:05:00+00:00,60816.76171875,60932.0,60816.76171875,60886.0,0
2026-06-06 16:06:00+00:00,60793.359375,60825.828125,60741.94140625,60823.8984375,0
2026-06-06 16:07:00+00:00,60794.98828125,60801.5703125,60763.109375,60793.3515625,2035712
2026-06-06 16:08:00+00:00,60816.62890625,60826.1484375,60792.6015625,60801.5390625,0
2026-06-06 16:09:00+00:00,60791.4609375,60826.19921875,60790.69921875,60822.7890625,520192
2026-06-06 16:10:00+00:00,60710.8515625,60774.48046875,60686.19140625,60774.48046875,0
2026-06-06 16:11:00+00:00,60761.28125,60761.28125,60708.0,60708.0,0
2026-06-06 16:12:00+00:00,60735.21875,60761.03125,60725.0390625,60761.03125,100450304
2026-06-06 16:13:00+00:00,60780.328125,60786.87890625,60750.3203125,60750.3203125,0
2026-06-06 16:14:00+00:00,60753.3515625,60777.48828125,60749.98046875,60777.48828125,0
2026-06-06 16:15:00+00:00,60772.0,60772.0,60704.359375,60736.4296875,0
2026-06-06 16:16:00+00:00,60778.98828125,60784.01953125,60750.3203125,60766.0703125,0
2026-06-06 16:17:00+00:00,60776.30078125,60786.3203125,60762.41015625,60762.41015625,0
2026-06-06 16:18:00+00:00,60774.44921875,60790.01953125,60753.33984375,60771.4609375,0
2026-06-06 16:19:00+00:00,60741.25,60774.25,60741.25,60762.01171875,0
2026-06-06 16:20:00+00:00,60704.01953125,60750.01171875,60681.0703125,60750.01171875,0
2026-06-06 16:21:00+00:00,60674.80859375,60701.94921875,60647.328125,60701.94921875,0
2026-06-06 16:22:00+00:00,60644.609375,60696.3984375,60638.5,60686.0,130310144
2026-06-06 16:23:00+00:00,60669.83984375,60673.26171875,60653.6796875,60653.69140625,0
2026-06-06 16:24:00+00:00,60680.87109375,60697.26171875,60638.578125,60662.7109375,0
2026-06-06 16:25:00+00:00,60713.171875,60713.171875,60668.44140625,60688.05859375,0
2026-06-06 16:26:00+00:00,60592.671875,60765.1796875,60592.671875,60750.3203125,0
2026-06-06 16:27:00+00:00,60601.46875,60619.4609375,60572.1484375,60615.98828125,0
2026-06-06 16:28:00+00:00,60628.58984375,60632.51953125,60600.0,60601.48046875,0
2026-06-06 16:29:00+00:00,60584.19921875,60618.55859375,60581.921875,60618.05078125,276738048
2026-06-06 16:30:00+00:00,60583.96875,60585.83984375,60538.01171875,60569.12890625,0
2026-06-06 16:31:00+00:00,60614.41015625,60629.62890625,60592.05859375,60614.3984375,0
2026-06-06 16:32:00+00:00,60600.21875,60621.80859375,60600.08984375,60619.05859375,0
2026-06-06 16:33:00+00:00,60544.6015625,60594.37109375,60515.0,60594.37109375,0
2026-06-06 16:34:00+00:00,60486.921875,60551.0,60464.0,60532.890625,6971392
2026-06-06 16:35:00+00:00,60543.37890625,60543.37890625,60476.6796875,60476.6796875,0
2026-06-06 16:36:00+00:00,60530.01171875,60560.640625,60520.80859375,60552.87890625,0
2026-06-06 16:37:00+00:00,60514.76953125,60541.94140625,60512.73046875,60536.140625,0
2026-06-06 16:38:00+00:00,60539.41015625,60546.0,60514.37890625,60514.37890625,33980416
2026-06-06 16:39:00+00:00,60561.41015625,60561.41015625,60512.25,60540.7890625,158236672
2026-06-06 16:40:00+00:00,60665.76171875,60675.5390625,60572.140625,60572.140625,0
2026-06-06 16:41:00+00:00,60671.828125,60708.01953125,60660.0,60686.3984375,81563648
2026-06-06 16:42:00+00:00,60659.69140625,60681.921875,60657.4609375,60670.03125,0
2026-06-06 16:43:00+00:00,60696.01171875,60698.98828125,60657.26953125,60676.01171875,0
2026-06-06 16:44:00+00:00,60735.87109375,60735.87109375,60684.01171875,60696.05859375,0
2026-06-06 16:45:00+00:00,60760.94921875,60761.46875,60698.55078125,60729.921875,0
2026-06-06 16:46:00+00:00,60823.98828125,60823.98828125,60756.359375,60782.0,0
2026-06-06 16:47:00+00:00,60789.19140625,60820.26171875,60777.51171875,60806.9609375,0
2026-06-06 16:48:00+00:00,60777.51171875,60794.078125,60775.73046875,60777.51171875,0
2026-06-06 16:49:00+00:00,60816.53125,60817.30859375,60775.78125,60775.78125,148148224
2026-06-06 16:50:00+00:00,60789.58984375,60808.51171875,60789.58984375,60804.69921875,0
2026-06-06 16:51:00+00:00,60825.0,60825.0,60782.609375,60789.58984375,1462272
2026-06-06 16:52:00+00:00,60792.58984375,60825.0,60792.0,60825.0,0
2026-06-06 16:53:00+00:00,60811.66015625,60814.890625,60777.5,60777.5,0
2026-06-06 16:54:00+00:00,60787.671875,60803.87890625,60781.83984375,60798.3203125,0
2026-06-06 16:55:00+00:00,60716.921875,60769.8984375,60716.921875,60769.8984375,0
2026-06-06 16:56:00+00:00,60667.8515625,60719.98828125,60666.0,60719.98828125,0
2026-06-06 16:57:00+00:00,60708.23046875,60708.76953125,60670.83984375,60670.859375,0
2026-06-06 16:58:00+00:00,60713.5703125,60732.0703125,60705.03125,60714.0703125,0
2026-06-06 16:59:00+00:00,60746.76171875,60747.2890625,60710.51171875,60712.171875,394641408
2026-06-06 17:00:00+00:00,60792.01171875,60792.01171875,60748.48828125,60761.5,512000
2026-06-06 17:01:00+00:00,60793.98828125,60804.6796875,60777.94921875,60788.1484375,151560192
2026-06-06 17:02:00+00:00,60759.859375,60816.76171875,60759.390625,60786.55859375,0
2026-06-06 17:03:00+00:00,60729.98828125,60759.98828125,60720.0,60750.30078125,0
2026-06-06 17:04:00+00:00,60751.98828125,60751.98828125,60700.01171875,60724.4296875,8105984
2026-06-06 17:05:00+00:00,60698.01171875,60757.12890625,60666.0,60757.12890625,229937152
2026-06-06 17:06:00+00:00,60695.96875,60716.6015625,60695.96875,60708.0390625,2547712
2026-06-06 17:07:00+00:00,60668.76953125,60679.30078125,60643.30859375,60679.30078125,0
2026-06-06 17:08:00+00:00,60644.03125,60672.55078125,60630.76953125,60659.2109375,0
2026-06-06 17:09:00+00:00,60601.87109375,60635.55859375,60601.87109375,60629.26953125,0
2026-06-06 17:10:00+00:00,60615.19140625,60615.19140625,60573.69140625,60614.44921875,0
2026-06-06 17:11:00+00:00,60659.7109375,60659.7109375,60618.55078125,60618.55078125,0
2026-06-06 17:12:00+00:00,60668.76953125,60671.80078125,60647.609375,60647.609375,0
2026-06-06 17:13:00+00:00,60696.01953125,60723.98828125,60686.87890625,60686.87890625,0
2026-06-06 17:14:00+00:00,60692.01953125,60698.01171875,60684.05859375,60688.859375,0
2026-06-06 17:15:00+00:00,60723.37109375,60723.37109375,60679.62109375,60681.05078125,68886528
2026-06-06 17:16:00+00:00,60660.0,60726.16015625,60660.0,60726.16015625,0
2026-06-06 17:17:00+00:00,60673.78125,60692.05859375,60652.4609375,60673.26953125,82071552
2026-06-06 17:18:00+00:00,60670.4609375,60674.03125,60650.94921875,60659.75,0
2026-06-06 17:19:00+00:00,60698.25,60698.25,60646.94921875,60677.69140625,0
2026-06-06 17:20:00+00:00,60724.53125,60724.53125,60683.890625,60698.26171875,0
2026-06-06 17:21:00+00:00,60680.7109375,60732.76171875,60680.7109375,60730.23046875,0
2026-06-06 17:22:00+00:00,60645.640625,60684.0,60645.48828125,60684.0,0
2026-06-06 17:23:00+00:00,60575.55078125,60659.78125,60568.33984375,60659.71875,37347328
2026-06-06 17:24:00+00:00,60583.1796875,60605.3515625,60576.75,60577.359375,0
2026-06-06 17:25:00+00:00,60629.53125,60632.53125,60593.109375,60593.109375,0
2026-06-06 17:26:00+00:00,60623.55078125,60626.46875,60596.33984375,60623.48828125,0
2026-06-06 17:27:00+00:00,60586.01171875,60611.3984375,60578.828125,60611.3984375,154968064
2026-06-06 17:28:00+00:00,60659.69140625,60659.69140625,60591.37890625,60591.37890625,0
2026-06-06 17:29:00+00:00,60644.62109375,60657.87890625,60612.0703125,60657.87890625,0
2026-06-06 17:30:00+00:00,60683.87109375,60683.87109375,60640.2109375,60654.03125,0
2026-06-06 17:31:00+00:00,60671.80859375,60687.98046875,60665.76953125,60687.98046875,144543744
2026-06-06 17:32:00+00:00,60681.30859375,60700.51953125,60664.671875,60674.8203125,0
2026-06-06 17:33:00+00:00,60714.08984375,60726.66015625,60683.8203125,60683.8203125,0
2026-06-06 17:34:00+00:00,60756.0,60756.0,60718.80859375,60718.80859375,154591232
2026-06-06 17:35:00+00:00,60756.37109375,60776.98828125,60746.23828125,60746.23828125,0
2026-06-06 17:36:00+00:00,60730.01953125,60745.98046875,60727.12109375,60738.30859375,0
2026-06-06 17:37:00+00:00,60678.58984375,60714.0390625,60667.62890625,60714.0390625,0
2026-06-06 17:38:00+00:00,60624.62109375,60678.28125,60611.98828125,60678.28125,98787328
2026-06-06 17:39:00+00:00,60603.921875,60627.19140625,60592.94140625,60603.3515625,0
2026-06-06 17:40:00+00:00,60607.26171875,60611.359375,60563.0703125,60608.48046875,0
2026-06-06 17:41:00+00:00,60601.01953125,60632.5390625,60589.37890625,60609.7109375,0
2026-06-06 17:42:00+00:00,60612.921875,60621.828125,60601.1484375,60603.609375,0
2026-06-06 17:43:00+00:00,60624.078125,60639.6796875,60610.2890625,60624.0,156401664
2026-06-06 17:44:00+00:00,60675.7109375,60688.8203125,60629.51953125,60629.51953125,0
2026-06-06 17:45:00+00:00,60643.98828125,60706.03125,60643.98828125,60676.890625,0
2026-06-06 17:46:00+00:00,60611.3203125,60635.80078125,60597.98828125,60635.44140625,0
2026-06-06 17:47:00+00:00,60593.26953125,60593.26953125,60541.94140625,60548.44140625,130121728
2026-06-06 17:48:00+00:00,60597.98828125,60606.0,60556.75,60593.96875,144080896
2026-06-06 17:49:00+00:00,60561.98828125,60609.5390625,60561.98828125,60607.98828125,0
2026-06-06 17:50:00+00:00,60560.0703125,60584.21875,60533.98828125,60563.109375,0
2026-06-06 17:51:00+00:00,60599.2890625,60599.2890625,60559.140625,60572.76171875,0
2026-06-06 17:52:00+00:00,60594.23046875,60614.44921875,60585.98828125,60614.44921875,0
2026-06-06 17:53:00+00:00,60602.328125,60602.328125,60582.51171875,60586.33984375,0
2026-06-06 17:54:00+00:00,60554.71875,60584.2109375,60554.71875,60584.01953125,0
2026-06-06 17:55:00+00:00,60509.94921875,60544.9609375,60507.73046875,60544.0,37498880
2026-06-06 17:56:00+00:00,60491.62109375,60532.0390625,60488.671875,60516.2890625,0
2026-06-06 17:57:00+00:00,60491.55078125,60496.6484375,60478.51953125,60481.7890625,586264576
2026-06-06 17:58:00+00:00,60571.01953125,60571.01953125,60516.890625,60518.48828125,145760256
2026-06-06 17:59:00+00:00,60548.12890625,60565.8984375,60530.359375,60556.8203125,0
2026-06-06 18:00:00+00:00,60562.75,60593.28125,60550.6015625,60557.08984375,180989952
2026-06-06 18:01:00+00:00,60558.7890625,60583.53125,60541.0,60583.53125,0
2026-06-06 18:02:00+00:00,60562.03125,60575.1484375,60543.87109375,60561.48046875,0
2026-06-06 18:03:00+00:00,60526.328125,60548.62109375,60523.94140625,60548.62109375,0
2026-06-06 18:04:00+00:00,60545.140625,60547.96875,60522.55859375,60541.3515625,176234496
2026-06-06 18:05:00+00:00,60516.41015625,60542.0,60516.41015625,60541.98046875,438272
2026-06-06 18:06:00+00:00,60480.80859375,60517.7890625,60456.80078125,60517.7890625,0
2026-06-06 18:07:00+00:00,60457.98828125,60496.62890625,60455.94921875,60493.609375,0
2026-06-06 18:08:00+00:00,60438.1484375,60474.0,60438.1484375,60474.0,0
2026-06-06 18:09:00+00:00,60439.5703125,60451.33984375,60420.01953125,60445.30078125,0
2026-06-06 18:10:00+00:00,60540.640625,60546.87109375,60426.98046875,60426.98046875,0
2026-06-06 18:11:00+00:00,60564.25,60581.98828125,60548.62890625,60548.62890625,458805248
2026-06-06 18:12:00+00:00,60542.0,60556.28125,60534.171875,60556.28125,0
2026-06-06 18:13:00+00:00,60475.48828125,60525.94921875,60469.33984375,60525.94921875,0
2026-06-06 18:14:00+00:00,60458.62890625,60487.33984375,60455.96875,60487.33984375,473071616
2026-06-06 18:15:00+00:00,60440.0,60480.6796875,60440.0,60454.19140625,0
2026-06-06 18:16:00+00:00,60434.5,60439.62109375,60426.26171875,60436.73828125,134270976
2026-06-06 18:17:00+00:00,60390.0,60433.44140625,60390.0,60431.01953125,0
2026-06-06 18:18:00+00:00,60432.30859375,60432.30859375,60368.96875,60398.0,0
2026-06-06 18:19:00+00:00,60400.0,60434.71875,60400.0,60419.30859375,0
2026-06-06 18:20:00+00:00,60433.23828125,60471.75,60406.01953125,60408.01171875,0
2026-06-06 18:21:00+00:00,60498.01953125,60498.01953125,60430.19140625,60433.23828125,0
2026-06-06 18:22:00+00:00,60481.98828125,60505.609375,60481.98828125,60505.609375,0
2026-06-06 18:23:00+00:00,60488.01171875,60508.0,60486.7890625,60492.4609375,0
2026-06-06 18:24:00+00:00,60487.80078125,60496.62890625,60477.859375,60492.23828125,0
2026-06-06 18:25:00+00:00,60532.0,60536.30078125,60482.48828125,60482.48828125,117129216
2026-06-06 18:26:00+00:00,60598.578125,60603.421875,60520.80078125,60520.80078125,0
2026-06-06 18:27:00+00:00,60656.69921875,60656.69921875,60596.30078125,60596.30078125,16719872
2026-06-06 18:28:00+00:00,60682.6796875,60682.6796875,60607.98828125,60648.0,0
2026-06-06 18:29:00+00:00,60679.44921875,60704.5390625,60679.44921875,60692.9296875,0
2026-06-06 18:30:00+00:00,60573.140625,60662.73828125,60568.0,60662.73828125,0
2026-06-06 18:31:00+00:00,60520.890625,60551.3984375,60518.9609375,60551.3984375,0
2026-06-06 18:32:00+00:00,60532.0,60532.0,60500.01171875,60521.44921875,0
2026-06-06 18:33:00+00:00,60548.30078125,60577.51953125,60530.01171875,60530.01171875,0
2026-06-06 18:34:00+00:00,60544.94140625,60547.83984375,60527.12109375,60533.75,79691776
2026-06-06 18:35:00+00:00,60521.96875,60548.98046875,60508.0,60547.98046875,0
2026-06-06 18:36:00+00:00,60527.91015625,60543.7890625,60502.6796875,60514.12109375,0
2026-06-06 18:37:00+00:00,60546.76953125,60555.51171875,60535.890625,60535.890625,0
2026-06-06 18:38:00+00:00,60593.41015625,60617.4296875,60536.69921875,60536.69921875,0
2026-06-06 18:39:00+00:00,60621.98828125,60623.98828125,60580.19921875,60590.421875,0
2026-06-06 18:40:00+00:00,60583.921875,60619.3203125,60580.78125,60619.3203125,147976192
2026-06-06 18:41:00+00:00,60549.46875,60606.01171875,60539.66015625,60585.33984375,0
2026-06-06 18:42:00+00:00,60568.53125,60587.23046875,60545.55859375,60547.7890625,4214784
2026-06-06 18:43:00+00:00,60571.23828125,60581.5703125,60555.44921875,60574.9296875,0
2026-06-06 18:44:00+00:00,60577.609375,60577.890625,60557.98828125,60559.98828125,0
2026-06-06 18:45:00+00:00,60603.9609375,60605.7890625,60568.2109375,60568.2109375,0
2026-06-06 18:46:00+00:00,60562.6015625,60592.01171875,60544.01171875,60592.01171875,0
2026-06-06 18:47:00+00:00,60529.6015625,60567.3203125,60506.08984375,60557.58984375,88485888
2026-06-06 18:48:00+00:00,60517.640625,60544.078125,60511.83984375,60540.9609375,0
2026-06-06 18:49:00+00:00,60505.69140625,60524.5390625,60493.98828125,60513.37109375,0
2026-06-06 18:50:00+00:00,60468.01953125,60515.75,60457.66015625,60496.37109375,0
2026-06-06 18:51:00+00:00,60515.890625,60515.890625,60477.98046875,60477.98046875,153317376
2026-06-06 18:52:00+00:00,60544.8515625,60544.8515625,60513.12109375,60513.12109375,0
2026-06-06 18:53:00+00:00,60552.0,60556.0,60541.9296875,60541.9296875,0
2026-06-06 18:54:00+00:00,60586.1484375,60587.23046875,60533.2890625,60541.94921875,0
2026-06-06 18:55:00+00:00,60600.91015625,60616.08984375,60569.48046875,60585.5,0
2026-06-06 18:56:00+00:00,60593.0,60607.921875,60585.109375,60585.109375,26124288
2026-06-06 18:57:00+00:00,60625.0390625,60632.0,60583.7109375,60599.4296875,0
2026-06-06 18:58:00+00:00,60634.73828125,60648.23046875,60621.83984375,60640.0,0
2026-06-06 18:59:00+00:00,60604.01171875,60634.62109375,60597.12109375,60634.62109375,0
2026-06-06 19:00:00+00:00,60555.98046875,60583.6796875,60549.87109375,60583.6796875,0
2026-06-06 19:01:00+00:00,60559.94140625,60595.4296875,60550.03125,60559.03125,161439744
2026-06-06 19:02:00+00:00,60586.01171875,60605.80078125,60562.37109375,60562.37109375,0
2026-06-06 19:03:00+00:00,60524.37890625,60572.140625,60524.37890625,60572.140625,0
2026-06-06 19:04:00+00:00,60541.94921875,60551.0,60523.609375,60523.609375,126115840
2026-06-06 19:05:00+00:00,60602.3203125,60602.3203125,60529.0703125,60538.44921875,0
2026-06-06 19:06:00+00:00,60679.01953125,60679.01953125,60606.109375,60606.109375,0
2026-06-06 19:07:00+00:00,60679.98046875,60683.87890625,60641.98828125,60672.0,0
2026-06-06 19:08:00+00:00,60689.5390625,60699.19921875,60674.8203125,60698.98046875,173043712
2026-06-06 19:09:00+00:00,60715.03125,60736.5,60684.94140625,60684.94140625,0
2026-06-06 19:10:00+00:00,60717.2890625,60734.359375,60700.05859375,60710.5703125,0
2026-06-06 19:11:00+00:00,60710.8984375,60734.3515625,60705.19140625,60734.3515625,0
2026-06-06 19:12:00+00:00,60728.73828125,60732.19140625,60701.76171875,60702.0,142811136
2026-06-06 19:13:00+00:00,60727.98046875,60747.30078125,60705.01953125,60736.0,0
2026-06-06 19:14:00+00:00,60690.23046875,60725.96875,60690.23046875,60723.55078125,0
2026-06-06 19:15:00+00:00,60677.828125,60703.109375,60660.05078125,60680.8203125,0
2026-06-06 19:16:00+00:00,60638.58984375,60666.69140625,60638.58984375,60664.1015625,0
2026-06-06 19:17:00+00:00,60657.640625,60657.640625,60626.5,60626.5,253747200
2026-06-06 19:18:00+00:00,60647.08984375,60669.578125,60642.0,60642.0,0
2026-06-06 19:19:00+00:00,60629.51171875,60660.0,60617.44140625,60657.4296875,0
2026-06-06 19:20:00+00:00,60626.28125,60626.28125,60587.23828125,60613.80078125,0
2026-06-06 19:21:00+00:00,60600.19921875,60619.01953125,60600.19921875,60605.359375,0
2026-06-06 19:22:00+00:00,60591.94921875,60610.0,60591.94921875,60599.3203125,0
2026-06-06 19:23:00+00:00,60620.0,60620.0,60584.1484375,60598.12890625,0
2026-06-06 19:24:00+00:00,60629.53125,60640.01171875,60611.3984375,60611.3984375,0
2026-06-06 19:25:00+00:00,60600.0,60618.23828125,60581.2109375,60608.3515625,0
2026-06-06 19:26:00+00:00,60575.1484375,60598.44140625,60564.609375,60584.0,0
2026-06-06 19:27:00+00:00,60566.37890625,60584.08984375,60564.6796875,60582.23828125,0
2026-06-06 19:28:00+00:00,60584.2109375,60587.578125,60570.0,60570.0,0
2026-06-06 19:29:00+00:00,60582.71875,60587.69921875,60578.8203125,60587.69921875,0
2026-06-06 19:30:00+00:00,60587.83984375,60595.66015625,60575.1796875,60582.828125,0
2026-06-06 19:31:00+00:00,60578.171875,60582.58984375,60562.0,60581.2109375,0
2026-06-06 19:32:00+00:00,60584.2109375,60584.21875,60563.19921875,60584.21875,0
2026-06-06 19:33:00+00:00,60599.328125,60606.62109375,60593.28125,60601.671875,138371072
2026-06-06 19:34:00+00:00,60587.23828125,60592.48828125,60557.05078125,60592.48828125,0
2026-06-06 19:35:00+00:00,60530.30078125,60587.23828125,60527.8203125,60587.23828125,0
2026-06-06 19:36:00+00:00,60514.75,60529.859375,60500.05859375,60517.7890625,0
2026-06-06 19:37:00+00:00,60585.98828125,60593.96875,60511.30078125,60511.30078125,139657216
2026-06-06 19:38:00+00:00,60569.12890625,60593.01953125,60569.12890625,60592.0,0
2026-06-06 19:39:00+00:00,60546.7890625,60546.7890625,60517.76953125,60541.94921875,0
2026-06-06 19:40:00+00:00,60548.01171875,60548.01171875,60527.53125,60538.51953125,0
2026-06-06 19:41:00+00:00,60539.94921875,60554.0,60533.078125,60554.0,69046272
2026-06-06 19:42:00+00:00,60559.76953125,60564.0,60533.640625,60533.640625,0
2026-06-06 19:43:00+00:00,60574.73046875,60574.73046875,60564.37109375,60571.609375,0
2026-06-06 19:44:00+00:00,60590.19921875,60591.9296875,60564.359375,60564.359375,0
2026-06-06 19:45:00+00:00,60610.80078125,60632.5390625,60589.53125,60589.53125,22978560
2026-06-06 19:46:00+00:00,60629.51171875,60629.51171875,60602.0,60614.16015625,0
2026-06-06 19:47:00+00:00,60619.0,60656.87890625,60618.0,60631.890625,0
2026-06-06 19:48:00+00:00,60588.80859375,60612.01171875,60579.78125,60612.01171875,73961472
2026-06-06 19:49:00+00:00,60585.0,60596.4296875,60572.1484375,60590.01171875,0
2026-06-06 19:50:00+00:00,60584.19140625,60608.9296875,60580.0,60585.0,0
2026-06-06 19:51:00+00:00,60575.0,60614.37890625,60575.0,60577.1796875,0
2026-06-06 19:52:00+00:00,60582.5703125,60604.05078125,60564.12890625,60574.1796875,0
2026-06-06 19:53:00+00:00,60582.640625,60595.98828125,60570.62109375,60581.96875,0
2026-06-06 19:54:00+00:00,60589.80859375,60593.26953125,60581.609375,60582.62890625,0
2026-06-06 19:55:00+00:00,60596.23046875,60596.23046875,60571.12890625,60589.80078125,0
2026-06-06 19:56:00+00:00,60626.0703125,60633.48828125,60591.640625,60599.3203125,0
2026-06-06 19:57:00+00:00,60632.5390625,60649.921875,60621.328125,60632.5390625,142094336
2026-06-06 19:58:00+00:00,60570.9609375,60628.30859375,60570.9609375,60621.30078125,0
2026-06-06 19:59:00+00:00,60570.08984375,60572.30859375,60562.55859375,60562.76171875,0
2026-06-06 20:00:00+00:00,60593.28125,60608.9609375,60551.98046875,60569.109375,0
2026-06-06 20:01:00+00:00,60546.4609375,60606.28125,60546.4609375,60588.0,0
2026-06-06 20:02:00+00:00,60529.46875,60532.6796875,60493.62109375,60526.87109375,0
2026-06-06 20:03:00+00:00,60531.76953125,60541.94140625,60520.80859375,60541.94140625,0
2026-06-06 20:04:00+00:00,60521.83984375,60560.05859375,60490.58984375,60541.94140625,0
2026-06-06 20:05:00+00:00,60502.69140625,60515.2890625,60492.53125,60502.6796875,0
2026-06-06 20:06:00+00:00,60514.03125,60518.05078125,60489.98046875,60489.98046875,0
2026-06-06 20:07:00+00:00,60523.9296875,60561.12890625,60523.9296875,60526.828125,0
2026-06-06 20:08:00+00:00,60527.76953125,60554.01171875,60510.91015625,60510.91015625,0
2026-06-06 20:09:00+00:00,60544.96875,60548.5,60520.80078125,60520.80078125,0
2026-06-06 20:10:00+00:00,60531.0703125,60563.078125,60528.0,60544.96875,10047488
2026-06-06 20:11:00+00:00,60547.609375,60549.109375,60512.01171875,60528.16015625,0
2026-06-06 20:12:00+00:00,60555.48828125,60566.1015625,60537.83984375,60547.5703125,0
2026-06-06 20:13:00+00:00,60546.12109375,60576.8203125,60541.8984375,60554.01953125,0
2026-06-06 20:14:00+00:00,60537.83984375,60553.6796875,60537.83984375,60542.01953125,0
2026-06-06 20:15:00+00:00,60536.01171875,60547.23046875,60520.80078125,60520.80078125,3371008
2026-06-06 20:16:00+00:00,60523.98828125,60529.1796875,60493.62890625,60526.83984375,128815104
2026-06-06 20:17:00+00:00,60551.0390625,60554.3515625,60513.1015625,60513.1015625,0
2026-06-06 20:18:00+00:00,60599.28125,60613.6796875,60560.0,60560.0,0
2026-06-06 20:19:00+00:00,60542.2890625,60608.37890625,60542.2890625,60608.37890625,0
2026-06-06 20:20:00+00:00,60533.328125,60537.171875,60511.73828125,60523.8984375,408567808
2026-06-06 20:21:00+00:00,60559.44140625,60559.44140625,60528.26953125,60528.26953125,133349376
2026-06-06 20:22:00+00:00,60598.6484375,60598.6484375,60557.62890625,60557.62890625,0
2026-06-06 20:23:00+00:00,60574.37109375,60588.828125,60574.37109375,60575.171875,0
2026-06-06 20:24:00+00:00,60572.05859375,60574.859375,60545.26953125,60558.98828125,0
2026-06-06 20:25:00+00:00,60582.0,60588.51953125,60572.05859375,60572.05859375,126476288
2026-06-06 20:26:00+00:00,60591.12109375,60597.96875,60585.0,60585.98046875,0
2026-06-06 20:27:00+00:00,60572.76171875,60597.4296875,60572.76171875,60593.98828125,134053888
2026-06-06 20:28:00+00:00,60556.83984375,60576.0,60556.83984375,60576.0,0
2026-06-06 20:29:00+00:00,60566.98828125,60566.98828125,60538.0,60551.58984375,0
2026-06-06 20:30:00+00:00,60551.0390625,60578.6015625,60543.8515625,60566.98046875,9265152
2026-06-06 20:31:00+00:00,60557.37109375,60567.69921875,60552.98828125,60567.69921875,0
2026-06-06 20:32:00+00:00,60591.109375,60597.96875,60559.23046875,60559.23046875,0
2026-06-06 20:33:00+00:00,60626.25,60626.25,60587.30078125,60587.421875,0
2026-06-06 20:34:00+00:00,60657.578125,60662.5390625,60615.58984375,60626.26171875,127729664
2026-06-06 20:35:00+00:00,60629.73828125,60660.87890625,60629.73828125,60660.87890625,0
2026-06-06 20:36:00+00:00,60630.359375,60643.66015625,60622.3984375,60629.9296875,0
2026-06-06 20:37:00+00:00,60626.421875,60672.0,60626.421875,60630.96875,189599744
2026-06-06 20:38:00+00:00,60642.26171875,60642.26171875,60619.1484375,60619.1484375,0
2026-06-06 20:39:00+00:00,60640.62109375,60642.26171875,60624.98046875,60642.26171875,146923520
2026-06-06 20:40:00+00:00,60629.98828125,60643.73828125,60620.0,60640.62890625,0
2026-06-06 20:41:00+00:00,60622.609375,60633.30859375,60596.80078125,60633.30859375,0
2026-06-06 20:42:00+00:00,60628.109375,60640.62109375,60610.3203125,60623.28125,0
2026-06-06 20:43:00+00:00,60703.3984375,60708.62109375,60625.921875,60640.58984375,136605696
2026-06-06 20:44:00+00:00,60705.359375,60720.01953125,60693.7890625,60699.51953125,393195520
2026-06-06 20:45:00+00:00,60687.578125,60719.71875,60687.578125,60700.30078125,0
2026-06-06 20:46:00+00:00,60718.87109375,60723.94921875,60676.19921875,60681.98046875,0
2026-06-06 20:47:00+00:00,60673.98828125,60710.76171875,60673.98828125,60710.76171875,93995008
2026-06-06 20:48:00+00:00,60622.0,60659.3984375,60612.6484375,60659.3984375,0
2026-06-06 20:49:00+00:00,60636.80859375,60645.140625,60621.98828125,60621.98828125,0
2026-06-06 20:50:00+00:00,60687.109375,60687.109375,60636.890625,60636.890625,0
2026-06-06 20:51:00+00:00,60681.30859375,60702.01171875,60679.51953125,60688.01171875,0
2026-06-06 20:52:00+00:00,60678.0390625,60678.0390625,60663.890625,60672.3984375,125849600
2026-06-06 20:53:00+00:00,60692.94140625,60702.23046875,60677.1796875,60677.1796875,0
2026-06-06 20:54:00+00:00,60656.26953125,60704.62890625,60656.26953125,60704.62890625,135041024
2026-06-06 20:55:00+00:00,60668.01953125,60676.26171875,60637.5,60660.55078125,0
2026-06-06 20:56:00+00:00,60654.8984375,60664.05078125,60650.03125,60659.41015625,0
2026-06-06 20:57:00+00:00,60665.6484375,60667.26171875,60659.33984375,60661.01171875,0
2026-06-06 20:58:00+00:00,60716.01171875,60718.859375,60666.1796875,60666.1796875,0
2026-06-06 20:59:00+00:00,60681.30859375,60723.98828125,60657.98828125,60723.98828125,0
2026-06-06 21:00:00+00:00,60690.21875,60692.5,60675.05078125,60681.76953125,0
2026-06-06 21:01:00+00:00,60703.23046875,60722.62890625,60678.0,60706.4296875,0
2026-06-06 21:02:00+00:00,60709.12109375,60718.859375,60696.96875,60696.96875,0
2026-06-06 21:03:00+00:00,60698.55859375,60706.390625,60692.078125,60696.9609375,0
2026-06-06 21:04:00+00:00,60687.30078125,60700.48046875,60677.8203125,60698.03125,15552512
2026-06-06 21:05:00+00:00,60702.1796875,60706.3203125,60700.12890625,60706.3203125,0
2026-06-06 21:06:00+00:00,60708.0,60709.9609375,60687.5703125,60704.0,0
2026-06-06 21:07:00+00:00,60697.109375,60727.44921875,60696.9609375,60703.23046875,0
2026-06-06 21:08:00+00:00,60702.26953125,60710.55078125,60694.08984375,60708.6796875,0
2026-06-06 21:09:00+00:00,60707.96875,60714.01171875,60700.1015625,60708.12109375,119373824
2026-06-06 21:10:00+00:00,60764.7890625,60764.7890625,60707.98828125,60707.98828125,0
2026-06-06 21:11:00+00:00,60851.5703125,60852.03125,60759.26171875,60759.26171875,0
2026-06-06 21:12:00+00:00,60796.37109375,60856.71875,60793.5703125,60852.140625,0
2026-06-06 21:13:00+00:00,60797.5,60837.80078125,60797.5,60818.96875,113074176
2026-06-06 21:14:00+00:00,60800.859375,60806.0,60794.7890625,60797.87109375,0
2026-06-06 21:15:00+00:00,60850.328125,60856.0,60821.80078125,60834.671875,110309376
2026-06-06 21:16:00+00:00,60840.66015625,60865.7109375,60838.08984375,60862.83984375,0
2026-06-06 21:17:00+00:00,60819.03125,60865.9609375,60819.03125,60839.8515625,0
2026-06-06 21:18:00+00:00,60818.55078125,60822.12109375,60797.12890625,60822.12109375,61714432
2026-06-06 21:19:00+00:00,60845.01953125,60845.01953125,60802.578125,60819.0390625,454656
2026-06-06 21:20:00+00:00,60851.7890625,60851.890625,60835.890625,60837.8203125,0
2026-06-06 21:21:00+00:00,60894.55859375,60894.55859375,60844.23828125,60851.94921875,0
2026-06-06 21:22:00+00:00,60904.4296875,60912.01953125,60888.19921875,60906.01171875,0
2026-06-06 21:23:00+00:00,60883.8984375,60908.48046875,60881.6484375,60905.98828125,0
2026-06-06 21:24:00+00:00,60871.41015625,60883.91015625,60852.5,60883.91015625,6938624
2026-06-06 21:25:00+00:00,60844.6015625,60882.44140625,60844.6015625,60882.44140625,0
2026-06-06 21:26:00+00:00,60856.640625,60856.640625,60840.9609375,60844.62890625,0
2026-06-06 21:27:00+00:00,60859.7109375,60865.98046875,60850.4609375,60858.46875,0
2026-06-06 21:28:00+00:00,60868.69140625,60868.69140625,60837.98828125,60844.0703125,0
2026-06-06 21:29:00+00:00,60861.390625,60872.30078125,60855.19140625,60872.23046875,0
2026-06-06 21:30:00+00:00,60897.28125,60898.9609375,60861.41015625,60861.41015625,0
2026-06-06 21:31:00+00:00,60902.03125,60916.05078125,60891.01953125,60916.05078125,1097728
2026-06-06 21:32:00+00:00,60911.26171875,60911.26171875,60891.03125,60904.0390625,70365184
2026-06-06 21:33:00+00:00,60915.3984375,60915.3984375,60911.26171875,60911.26171875,0
2026-06-06 21:34:00+00:00,60957.01171875,60971.828125,60908.30859375,60915.3984375,0
2026-06-06 21:35:00+00:00,60908.41015625,60963.98046875,60906.6796875,60957.0,52588544
2026-06-06 21:36:00+00:00,60856.640625,60884.78125,60856.640625,60878.55859375,0
2026-06-06 21:37:00+00:00,60849.16015625,60858.9296875,60830.8984375,60858.9296875,119754752
2026-06-06 21:38:00+00:00,60806.51171875,60850.91015625,60806.51171875,60850.91015625,0
2026-06-06 21:39:00+00:00,60765.828125,60804.25,60765.828125,60804.25,0
2026-06-06 21:40:00+00:00,60830.0703125,60836.94921875,60803.37890625,60803.37890625,124153856
2026-06-06 21:41:00+00:00,60834.75,60834.76171875,60819.05859375,60822.171875,0
2026-06-06 21:42:00+00:00,60791.05078125,60834.26171875,60791.05078125,60834.26171875,107929600
2026-06-06 21:43:00+00:00,60781.9609375,60813.8203125,60781.9609375,60791.05078125,0
2026-06-06 21:44:00+00:00,60790.859375,60829.87109375,60784.4296875,60784.4296875,0
2026-06-06 21:45:00+00:00,60719.33984375,60790.640625,60719.33984375,60790.640625,0
2026-06-06 21:46:00+00:00,60786.44921875,60786.44921875,60737.66015625,60737.66015625,23969792
2026-06-06 21:47:00+00:00,60812.0,60812.0,60790.33984375,60790.33984375,0
2026-06-06 21:48:00+00:00,60831.5390625,60831.5390625,60802.98828125,60812.05859375,124276736
2026-06-06 21:49:00+00:00,60826.51953125,60834.0390625,60801.8203125,60834.0390625,0
2026-06-06 21:50:00+00:00,60825.53125,60834.671875,60823.140625,60834.671875,0
2026-06-06 21:51:00+00:00,60837.7890625,60837.80078125,60803.390625,60809.640625,0
2026-06-06 21:52:00+00:00,60821.76953125,60822.53125,60813.62109375,60819.359375,0
2026-06-06 21:53:00+00:00,60803.9296875,60830.37890625,60803.9296875,60821.76953125,710262784
2026-06-06 21:54:00+00:00,60793.98046875,60835.83984375,60793.96875,60822.16015625,0
2026-06-06 21:55:00+00:00,60772.109375,60793.98828125,60772.109375,60793.98828125,0
2026-06-06 21:56:00+00:00,60753.30078125,60786.33984375,60753.30078125,60776.109375,0
2026-06-06 21:57:00+00:00,60730.6015625,60754.390625,60725.12109375,60743.91015625,4501504
2026-06-06 21:58:00+00:00,60727.96875,60754.48046875,60724.8984375,60730.62890625,0
2026-06-06 21:59:00+00:00,60725.1484375,60737.66015625,60709.48828125,60737.66015625,0
2026-06-06 22:00:00+00:00,60694.08984375,60711.01953125,60659.2109375,60711.01953125,0
2026-06-06 22:01:00+00:00,60741.6484375,60742.01953125,60695.109375,60695.109375,0
2026-06-06 22:02:00+00:00,60762.73828125,60784.58984375,60756.4296875,60756.4296875,0
2026-06-06 22:03:00+00:00,60621.83984375,60765.828125,60621.83984375,60755.578125,0
2026-06-06 22:04:00+00:00,60659.3984375,60659.3984375,60586.3984375,60610.19140625,0
2026-06-06 22:05:00+00:00,60584.23828125,60619.9609375,60583.96875,60618.7109375,126820352
2026-06-06 22:06:00+00:00,60597.0703125,60597.0703125,60559.7890625,60570.01953125,0
2026-06-06 22:07:00+00:00,60631.23046875,60650.30078125,60592.6484375,60609.96875,104546304
2026-06-06 22:08:00+00:00,60581.9609375,60635.0,60581.9609375,60635.0,0
2026-06-06 22:09:00+00:00,60554.6015625,60591.0703125,60552.0,60578.26171875,116469760
2026-06-06 22:10:00+00:00,60609.390625,60610.48046875,60568.69140625,60586.94921875,0
2026-06-06 22:11:00+00:00,60630.62109375,60630.62109375,60593.0,60610.01171875,0
2026-06-06 22:12:00+00:00,60599.55078125,60621.8515625,60599.55078125,60621.8515625,125001728
2026-06-06 22:13:00+00:00,60601.55859375,60608.9296875,60577.578125,60599.51953125,0
2026-06-06 22:14:00+00:00,60591.87890625,60615.578125,60571.91015625,60593.6796875,0
2026-06-06 22:15:00+00:00,60600.55859375,60607.2890625,60571.53125,60599.9296875,0
2026-06-06 22:16:00+00:00,60681.30078125,60686.62109375,60614.859375,60614.859375,1753088
2026-06-06 22:17:00+00:00,60722.03125,60722.03125,60655.66015625,60672.078125,79540224
2026-06-06 22:18:00+00:00,60723.26171875,60736.48828125,60702.0,60715.76953125,118128640
2026-06-06 22:19:00+00:00,60711.30859375,60728.25,60685.98828125,60693.98828125,0
2026-06-06 22:20:00+00:00,60703.21875,60716.25,60698.25,60700.08984375,0
2026-06-06 22:21:00+00:00,60604.8984375,60719.1015625,60604.8984375,60719.1015625,0
2026-06-06 22:22:00+00:00,60592.01953125,60592.01953125,60572.76171875,60587.41015625,0
2026-06-06 22:23:00+00:00,60574.4296875,60584.26953125,60564.0,60574.8984375,77963264
2026-06-06 22:24:00+00:00,60477.76171875,60568.37109375,60476.28125,60568.37109375,0
2026-06-06 22:25:00+00:00,60500.7109375,60517.21875,60475.2890625,60475.2890625,0
2026-06-06 22:26:00+00:00,60416.4296875,60496.140625,60416.4296875,60478.6015625,0
2026-06-06 22:27:00+00:00,60424.6484375,60429.0703125,60405.9609375,60419.19921875,0
2026-06-06 22:28:00+00:00,60446.51953125,60446.51953125,60429.19140625,60429.19140625,0
2026-06-06 22:29:00+00:00,60423.94921875,60430.8984375,60404.01953125,60412.8515625,0
2026-06-06 22:30:00+00:00,60427.76953125,60434.96875,60400.01953125,60430.921875,0
2026-06-06 22:31:00+00:00,60461.96875,60461.96875,60421.23046875,60423.98046875,0
2026-06-06 22:32:00+00:00,60478.19921875,60478.19921875,60447.26953125,60450.69140625,79380480
2026-06-06 22:33:00+00:00,60490.01953125,60533.5703125,60480.171875,60480.171875,0
2026-06-06 22:34:00+00:00,60481.0703125,60504.03125,60467.55078125,60494.83984375,0
2026-06-06 22:35:00+00:00,60509.1796875,60523.5390625,60484.01171875,60484.01171875,130871296
2026-06-06 22:36:00+00:00,60518.55859375,60528.4296875,60487.25,60503.96875,0
2026-06-06 22:37:00+00:00,60562.37890625,60562.37890625,60529.53125,60529.53125,0
2026-06-06 22:38:00+00:00,60568.62109375,60568.62109375,60540.3515625,60556.12109375,96368640
2026-06-06 22:39:00+00:00,60515.62109375,60559.23828125,60515.62109375,60559.23828125,0
2026-06-06 22:40:00+00:00,60539.390625,60549.23828125,60509.16015625,60509.16015625,0
2026-06-06 22:41:00+00:00,60559.23046875,60559.23046875,60542.0703125,60542.4609375,0
2026-06-06 22:42:00+00:00,60551.4296875,60572.58984375,60546.828125,60559.25,0
2026-06-06 22:43:00+00:00,60515.4296875,60543.58984375,60515.4296875,60543.58984375,0
2026-06-06 22:44:00+00:00,60554.87109375,60555.46875,60515.421875,60515.421875,0
2026-06-06 22:45:00+00:00,60594.76953125,60599.98828125,60565.5,60565.5,114051072
2026-06-06 22:46:00+00:00,60580.03125,60599.80859375,60579.98046875,60592.03125,0
2026-06-06 22:47:00+00:00,60605.0,60613.08984375,60587.3984375,60587.3984375,0
2026-06-06 22:48:00+00:00,60585.5390625,60615.578125,60585.5390625,60604.98828125,20617216
2026-06-06 22:49:00+00:00,60617.8984375,60633.94140625,60586.7890625,60586.7890625,16920576
2026-06-06 22:50:00+00:00,60628.140625,60639.01171875,60619.8984375,60621.91015625,0
2026-06-06 22:51:00+00:00,60619.1796875,60640.609375,60619.1796875,60628.12109375,0
2026-06-06 22:52:00+00:00,60614.73828125,60639.91015625,60612.4609375,60621.640625,119193600
2026-06-06 22:53:00+00:00,60646.9296875,60656.0,60621.828125,60621.828125,0
2026-06-06 22:54:00+00:00,60684.05078125,60687.8515625,60660.26171875,60660.26171875,0
2026-06-06 22:55:00+00:00,60671.921875,60686.359375,60669.55859375,60681.30859375,113700864
2026-06-06 22:56:00+00:00,60578.03125,60649.0,60578.03125,60649.0,0
2026-06-06 22:57:00+00:00,60574.890625,60583.19921875,60551.46875,60583.19921875,0
2026-06-06 22:58:00+00:00,60570.37890625,60588.71875,60554.44921875,60588.0,107071488
2026-06-06 22:59:00+00:00,60531.0703125,60581.62109375,60531.0703125,60570.37890625,0
2026-06-06 23:00:00+00:00,60528.140625,60532.0,60510.3203125,60518.26953125,118820864
2026-06-06 23:01:00+00:00,60571.609375,60574.87109375,60526.66015625,60526.66015625,0
2026-06-06 23:02:00+00:00,60632.0390625,60632.0390625,60580.21875,60580.21875,0
2026-06-06 23:03:00+00:00,60661.58984375,60678.1796875,60637.48828125,60637.48828125,0
2026-06-06 23:04:00+00:00,60650.01953125,60678.21875,60647.75,60647.75,95381504
2026-06-06 23:05:00+00:00,60659.671875,60670.08984375,60654.0,60664.01953125,0
2026-06-06 23:06:00+00:00,60651.46875,60673.2109375,60636.05078125,60665.671875,0
2026-06-06 23:07:00+00:00,60685.98046875,60685.98046875,60651.578125,60651.578125,0
2026-06-06 23:08:00+00:00,60676.2109375,60687.5703125,60664.0,60687.5703125,0
2026-06-06 23:09:00+00:00,60685.01953125,60691.08984375,60661.94140625,60661.94140625,0
2026-06-06 23:10:00+00:00,60697.96875,60697.96875,60674.0,60684.91015625,0
2026-06-06 23:11:00+00:00,60693.7890625,60700.0390625,60668.828125,60680.0,64933888
2026-06-06 23:12:00+00:00,60688.0,60700.0,60678.23046875,60695.62109375,0
2026-06-06 23:13:00+00:00,60710.4609375,60710.4609375,60686.26171875,60687.96875,0
2026-06-06 23:14:00+00:00,60687.640625,60736.44140625,60687.640625,60709.19921875,0
2026-06-06 23:15:00+00:00,60699.7109375,60713.140625,60669.55078125,60677.91015625,121198592
2026-06-06 23:16:00+00:00,60673.171875,60707.44140625,60666.0,60707.44140625,0
2026-06-06 23:17:00+00:00,60693.8203125,60700.25,60675.0,60696.94140625,129468416
2026-06-06 23:18:00+00:00,60651.55078125,60697.98828125,60650.4296875,60688.01171875,0
2026-06-06 23:19:00+00:00,60619.5703125,60658.0,60619.5703125,60653.8984375,0
2026-06-06 23:20:00+00:00,60665.6796875,60665.6796875,60617.08984375,60617.08984375,58152960
2026-06-06 23:21:00+00:00,60670.6484375,60675.1484375,60647.94140625,60650.01953125,0
2026-06-06 23:22:00+00:00,60652.12890625,60670.671875,60642.0,60670.671875,0
2026-06-06 23:23:00+00:00,60633.83984375,60639.859375,60628.7109375,60632.01171875,0
2026-06-06 23:24:00+00:00,60589.98828125,60650.0,60589.98828125,60635.8203125,0
2026-06-06 23:25:00+00:00,60584.83984375,60584.83984375,60559.98828125,60576.109375,0
2026-06-06 23:26:00+00:00,60624.98828125,60624.98828125,60590.53125,60590.53125,138020864
2026-06-06 23:27:00+00:00,60650.5703125,60654.87890625,60624.05078125,60624.05078125,0
2026-06-06 23:28:00+00:00,60666.33984375,60666.37109375,60638.03125,60643.0703125,0
2026-06-06 23:29:00+00:00,60679.37109375,60685.21875,60651.33984375,60651.6796875,0
2026-06-06 23:30:00+00:00,60671.9296875,60690.69140625,60671.9296875,60681.859375,0
2026-06-06 23:31:00+00:00,60656.73828125,60692.01171875,60647.640625,60689.01953125,5111808
2026-06-06 23:32:00+00:00,60665.578125,60669.80078125,60657.23828125,60659.66015625,85532672
2026-06-06 23:33:00+00:00,60681.30078125,60681.30078125,60665.0,60665.578125,0
2026-06-06 23:34:00+00:00,60709.30078125,60709.30078125,60685.0390625,60685.71875,0
2026-06-06 23:35:00+00:00,60693.98046875,60704.3203125,60693.83984375,60696.9609375,0
2026-06-06 23:36:00+00:00,60698.80078125,60707.1015625,60695.5,60698.26953125,0
2026-06-06 23:37:00+00:00,60728.71875,60734.51171875,60706.578125,60711.6484375,0
2026-06-06 23:38:00+00:00,60781.48046875,60803.37109375,60735.62109375,60735.62109375,59420672
2026-06-06 23:39:00+00:00,60798.98828125,60798.98828125,60770.0,60779.7109375,0
2026-06-06 23:40:00+00:00,60818.01953125,60818.01953125,60775.2109375,60802.078125,0
2026-06-06 23:41:00+00:00,60874.7109375,60883.7109375,60826.26171875,60826.26171875,0
2026-06-06 23:42:00+00:00,60865.30078125,60871.3515625,60859.94140625,60859.94140625,0
2026-06-06 23:43:00+00:00,60850.12109375,60861.96875,60843.46875,60847.19921875,116670464
2026-06-06 23:44:00+00:00,60827.19921875,60852.44140625,60821.9609375,60850.12890625,0
2026-06-06 23:45:00+00:00,60849.078125,60849.078125,60823.23046875,60840.8515625,0
2026-06-06 23:46:00+00:00,60778.01171875,60839.98046875,60778.01171875,60839.98046875,0
2026-06-06 23:47:00+00:00,60799.48046875,60824.48828125,60778.76171875,60778.76171875,0
2026-06-06 23:48:00+00:00,60817.2890625,60822.171875,60802.33984375,60815.890625,0
2026-06-06 23:49:00+00:00,60827.01953125,60831.0390625,60800.0,60806.25,22528
2026-06-06 23:50:00+00:00,60804.171875,60822.6484375,60804.171875,60822.6484375,0
2026-06-06 23:51:00+00:00,60793.73828125,60803.9609375,60781.5390625,60803.9609375,0
2026-06-06 23:52:00+00:00,60799.94140625,60799.96875,60781.7109375,60797.55859375,119015424
2026-06-06 23:53:00+00:00,60815.69140625,60815.69140625,60792.0,60799.1484375,0
2026-06-06 23:54:00+00:00,60862.8515625,60862.8515625,60812.78125,60812.78125,0
2026-06-06 23:55:00+00:00,60890.078125,60919.5,60869.109375,60869.109375,0
2026-06-06 23:56:00+00:00,60868.94921875,60890.1484375,60868.94921875,60890.140625,0
2026-06-06 23:57:00+00:00,60849.53125,60861.87109375,60847.2109375,60860.73828125,91885568
2026-06-06 23:58:00+00:00,60858.75,60864.0,60847.2109375,60860.80078125,0
2026-06-07 00:00:00+00:00,60855.58984375,60855.94140625,60824.7109375,60850.0,116885504
2026-06-07 00:01:00+00:00,60845.9609375,60864.80859375,60825.30078125,60864.80859375,0
2026-06-07 00:02:00+00:00,60886.2109375,60897.8515625,60865.98046875,60865.98046875,0
2026-06-07 00:03:00+00:00,60884.76953125,60884.76953125,60850.33984375,60872.23828125,6180864
2026-06-07 00:04:00+00:00,60897.359375,60901.0,60878.23828125,60886.2109375,0
2026-06-07 00:05:00+00:00,60844.1015625,60904.05859375,60818.05859375,60898.0,0
2026-06-07 00:06:00+00:00,60804.19140625,60828.41015625,60800.328125,60812.0,0
2026-06-07 00:07:00+00:00,60809.328125,60819.0390625,60797.23828125,60797.23828125,0
2026-06-07 00:08:00+00:00,60833.83984375,60848.01953125,60788.01171875,60800.01171875,432764928
2026-06-07 00:09:00+00:00,60830.83984375,60837.12890625,60812.78125,60822.75,118761472
2026-06-07 00:10:00+00:00,60769.05078125,60831.5703125,60768.9609375,60831.5703125,0
2026-06-07 00:11:00+00:00,60785.6015625,60794.98046875,60765.23828125,60766.26171875,0
2026-06-07 00:12:00+00:00,60783.9296875,60790.1484375,60775.94140625,60783.98046875,0
2026-06-07 00:13:00+00:00,60800.30859375,60804.3984375,60785.46875,60787.55859375,118018048
2026-06-07 00:14:00+00:00,60784.890625,60799.26953125,60783.94140625,60797.12890625,0
2026-06-07 00:15:00+00:00,60799.94921875,60803.37109375,60773.3984375,60784.6015625,124293120
2026-06-07 00:16:00+00:00,60819.8203125,60825.98828125,60806.48828125,60813.66015625,0
2026-06-07 00:17:00+00:00,60805.078125,60831.01171875,60802.76171875,60831.01171875,0
2026-06-07 00:18:00+00:00,60821.171875,60824.140625,60807.28125,60810.0,17360896
2026-06-07 00:19:00+00:00,60850.33984375,60856.578125,60821.171875,60821.1796875,0
2026-06-07 00:20:00+00:00,60782.859375,60830.0,60782.859375,60830.0,0
2026-06-07 00:21:00+00:00,60804.98046875,60809.640625,60793.01171875,60799.94140625,0
2026-06-07 00:22:00+00:00,60812.19140625,60823.51953125,60806.96875,60806.96875,0
2026-06-07 00:23:00+00:00,60782.03125,60805.44140625,60782.03125,60805.44140625,74745856
2026-06-07 00:24:00+00:00,60798.078125,60800.94921875,60780.01953125,60780.4296875,0
2026-06-07 00:25:00+00:00,60777.55859375,60800.0,60772.48046875,60798.0,0
2026-06-07 00:26:00+00:00,60768.75,60779.05078125,60756.078125,60779.05078125,0
2026-06-07 00:27:00+00:00,60756.4296875,60790.859375,60756.4296875,60768.91015625,0
2026-06-07 00:28:00+00:00,60760.01953125,60764.01171875,60743.44140625,60744.37890625,0
2026-06-07 00:29:00+00:00,60809.62890625,60809.62890625,60758.6015625,60759.671875,0
2026-06-07 00:30:00+00:00,60879.01953125,60879.01953125,60807.98046875,60814.98046875,0
2026-06-07 00:31:00+00:00,60893.19140625,60949.1015625,60892.01171875,60899.0390625,0
2026-06-07 00:32:00+00:00,60897.26953125,60908.0,60887.8984375,60890.0,0
2026-06-07 00:33:00+00:00,60900.6796875,60912.05078125,60861.08984375,60883.80078125,153696256
2026-06-07 00:34:00+00:00,60902.05078125,60914.91015625,60894.01171875,60894.01171875,2729984
2026-06-07 00:35:00+00:00,60909.80078125,60915.69921875,60878.53125,60904.5390625,0
2026-06-07 00:36:00+00:00,60912.9296875,60932.01171875,60890.0,60900.609375,0
2026-06-07 00:37:00+00:00,60904.71875,60930.0,60904.71875,60911.08984375,8873984
2026-06-07 00:38:00+00:00,60880.0,60910.30078125,60871.7890625,60907.69921875,0
2026-06-07 00:39:00+00:00,60897.28125,60900.390625,60873.62109375,60879.828125,0
2026-06-07 00:40:00+00:00,60800.91015625,60887.83984375,60800.91015625,60887.83984375,125204480
2026-06-07 00:41:00+00:00,60792.8203125,60819.03125,60781.48046875,60815.8984375,0
2026-06-07 00:42:00+00:00,60802.55859375,60802.55859375,60775.55078125,60787.7890625,126357504
2026-06-07 00:43:00+00:00,60791.30859375,60803.37109375,60787.640625,60799.98828125,0
2026-06-07 00:44:00+00:00,60765.1796875,60797.109375,60763.98828125,60796.0,0
2026-06-07 00:45:00+00:00,60736.0,60765.73046875,60736.0,60748.98828125,0
2026-06-07 00:46:00+00:00,60715.73828125,60753.28125,60715.73828125,60744.23828125,0
2026-06-07 00:47:00+00:00,60748.328125,60750.171875,60712.890625,60712.890625,125294592
2026-06-07 00:48:00+00:00,60762.0,60787.73046875,60756.41015625,60756.41015625,0
2026-06-07 00:49:00+00:00,60732.9609375,60775.2109375,60732.9609375,60753.30859375,0
2026-06-07 00:50:00+00:00,60763.12109375,60765.0,60736.0,60738.41015625,496924672
2026-06-07 00:51:00+00:00,60765.01171875,60778.3203125,60760.01171875,60773.19921875,9125888
2026-06-07 00:52:00+00:00,60753.98828125,60788.01953125,60753.98828125,60755.01171875,5144576
2026-06-07 00:53:00+00:00,60766.05078125,60769.2890625,60755.98828125,60756.16015625,171130880
2026-06-07 00:54:00+00:00,60770.23828125,60778.37109375,60754.0,60771.078125,0
2026-06-07 00:55:00+00:00,60741.0,60756.44140625,60731.53125,60756.44140625,0
2026-06-07 00:56:00+00:00,60748.01953125,60767.3984375,60737.37109375,60741.48046875,4521984
2026-06-07 00:57:00+00:00,60772.01171875,60784.78125,60756.73828125,60756.73828125,0
2026-06-07 00:58:00+00:00,60760.58984375,60769.16015625,60747.05078125,60765.890625,0
2026-06-07 00:59:00+00:00,60760.08984375,60765.96875,60747.05859375,60760.41015625,0
2026-06-07 01:00:00+00:00,60725.5703125,60749.859375,60725.12890625,60749.859375,108978176
2026-06-07 01:01:00+00:00,60755.0,60755.0,60732.421875,60744.1796875,0
2026-06-07 01:02:00+00:00,60856.58984375,60856.58984375,60758.44140625,60758.44140625,0
2026-06-07 01:03:00+00:00,61086.9609375,61086.9609375,60862.37109375,60889.98046875,0
2026-06-07 01:04:00+00:00,61031.87109375,61070.12109375,60992.12109375,61055.01953125,0
2026-06-07 01:05:00+00:00,60994.30859375,61032.23046875,60994.30859375,61032.23046875,0
2026-06-07 01:06:00+00:00,60981.80078125,60984.921875,60944.96875,60984.921875,147390464
2026-06-07 01:07:00+00:00,61113.12109375,61113.12109375,60992.05859375,60992.05859375,5115904
2026-06-07 01:08:00+00:00,61322.8984375,61354.91015625,61119.5,61119.5,571750400
2026-06-07 01:09:00+00:00,61301.48828125,61301.48828125,61200.46875,61294.80078125,0
2026-06-07 01:10:00+00:00,61246.48046875,61282.26953125,61229.05859375,61282.26953125,4700160
2026-06-07 01:11:00+00:00,61299.96875,61299.96875,61216.55859375,61216.55859375,0
2026-06-07 01:12:00+00:00,61307.8984375,61307.8984375,61260.98828125,61299.55859375,7145472
2026-06-07 01:13:00+00:00,61341.75,61354.171875,61299.33984375,61304.1796875,0
2026-06-07 01:14:00+00:00,61276.01953125,61326.1015625,61276.01953125,61326.1015625,334700544
2026-06-07 01:15:00+00:00,61296.94140625,61304.1796875,61228.1484375,61271.8515625,0
2026-06-07 01:16:00+00:00,61336.37890625,61350.01171875,61285.5390625,61287.9609375,0
2026-06-07 01:17:00+00:00,61400.01171875,61475.87890625,61363.5,61378.05078125,878514176
2026-06-07 01:18:00+00:00,61596.94140625,61596.94140625,61370.98046875,61370.98046875,4005888
2026-06-07 01:19:00+00:00,61482.0,61573.359375,61457.55859375,61573.359375,26476544
2026-06-07 01:20:00+00:00,61327.109375,61474.140625,61327.109375,61474.140625,0
2026-06-07 01:21:00+00:00,61395.98828125,61406.96875,61331.98046875,61331.98046875,0
2026-06-07 01:22:00+00:00,61501.109375,61501.109375,61414.0,61414.0,0
2026-06-07 01:23:00+00:00,61562.3515625,61578.0,61452.01171875,61500.0,26433536
2026-06-07 01:24:00+00:00,61441.8984375,61545.19921875,61441.8984375,61545.19921875,0
2026-06-07 01:25:00+00:00,61476.33984375,61501.8515625,61440.390625,61460.69140625,0
2026-06-07 01:26:00+00:00,61435.94140625,61512.69921875,61435.94140625,61512.69921875,155592704
2026-06-07 01:27:00+00:00,61488.1015625,61488.1015625,61435.98046875,61435.98046875,0
2026-06-07 01:28:00+00:00,61528.19921875,61544.890625,61482.6015625,61482.6015625,835584
2026-06-07 01:29:00+00:00,61604.66015625,61630.921875,61541.76953125,61541.76953125,127670272
2026-06-07 01:30:00+00:00,61548.01171875,61614.0,61548.01171875,61614.0,0
2026-06-07 01:31:00+00:00,61494.71875,61542.0703125,61488.0,61542.0703125,0
2026-06-07 01:32:00+00:00,61484.03125,61484.03125,61438.96875,61476.578125,15603712
2026-06-07 01:33:00+00:00,61470.0703125,61496.91015625,61463.44921875,61467.05078125,126681088
2026-06-07 01:34:00+00:00,61520.01171875,61528.80078125,61480.0,61480.8984375,0
2026-06-07 01:35:00+00:00,61568.75,61570.28125,61523.2890625,61526.0,0
2026-06-07 01:36:00+00:00,61544.01953125,61570.23046875,61538.94140625,61570.23046875,0
2026-06-07 01:37:00+00:00,61472.08984375,61526.44140625,61468.01171875,61526.44140625,132032512
2026-06-07 01:38:00+00:00,61394.87109375,61473.37109375,61386.171875,61473.37109375,0
2026-06-07 01:39:00+00:00,61407.46875,61437.96875,61407.46875,61425.0,107728896
2026-06-07 01:40:00+00:00,61425.30078125,61433.53125,61398.1484375,61401.03125,18755584
2026-06-07 01:41:00+00:00,61438.0,61438.0,61407.078125,61422.640625,0
2026-06-07 01:42:00+00:00,61370.69921875,61445.0390625,61370.05859375,61435.78125,69421056
2026-06-07 01:43:00+00:00,61427.0703125,61427.0703125,61368.0,61375.0,0
2026-06-07 01:44:00+00:00,61424.421875,61424.421875,61399.9296875,61415.21875,0
2026-06-07 01:45:00+00:00,61398.078125,61426.25,61391.8203125,61426.25,0
2026-06-07 01:46:00+00:00,61347.9296875,61376.859375,61340.0,61375.1796875,0
2026-06-07 01:47:00+00:00,61438.0,61438.0,61351.3203125,61359.05078125,0
2026-06-07 01:48:00+00:00,61518.58984375,61550.0,61420.0,61425.80078125,605118464
2026-06-07 01:49:00+00:00,61435.640625,61529.3515625,61423.140625,61529.3515625,0
2026-06-07 01:50:00+00:00,61398.078125,61425.62109375,61385.5703125,61425.62109375,59723776
2026-06-07 01:51:00+00:00,61385.75,61417.7109375,61385.75,61404.359375,118951936
2026-06-07 01:52:00+00:00,61378.3515625,61380.6796875,61370.03125,61374.23046875,0
2026-06-07 01:53:00+00:00,61392.0,61414.1796875,61368.0,61378.71875,0
2026-06-07 01:54:00+00:00,61407.5,61407.5,61369.87890625,61385.578125,119087104
2026-06-07 01:55:00+00:00,61404.73828125,61441.7109375,61388.69140625,61430.0,0
2026-06-07 01:56:00+00:00,61460.5703125,61460.5703125,61407.6015625,61407.6015625,81848320
2026-06-07 01:57:00+00:00,61458.37890625,61476.2890625,61446.62890625,61446.62890625,0
2026-06-07 01:58:00+00:00,61456.80078125,61482.58984375,61456.80078125,61482.01171875,131344384
2026-06-07 01:59:00+00:00,61441.9296875,61482.19140625,61441.9296875,61453.33984375,0
2026-06-07 02:00:00+00:00,61401.328125,61455.98046875,61401.328125,61432.140625,0
2026-06-07 02:01:00+00:00,61469.19921875,61482.58984375,61396.87109375,61408.91015625,0
2026-06-07 02:02:00+00:00,61489.98828125,61505.48828125,61479.01953125,61479.01953125,0
2026-06-07 02:03:00+00:00,61454.05078125,61495.75,61454.05078125,61485.73828125,490727424
2026-06-07 02:04:00+00:00,61427.98046875,61466.8203125,61427.98046875,61450.5,0
2026-06-07 02:05:00+00:00,61496.05078125,61501.37109375,61426.01953125,61426.01953125,608061440
2026-06-07 02:06:00+00:00,61479.46875,61483.78125,61474.5390625,61475.25,0
2026-06-07 02:07:00+00:00,61476.6796875,61490.05078125,61464.25,61473.2109375,576731136
2026-06-07 02:08:00+00:00,61515.51953125,61515.51953125,61460.69921875,61465.87109375,0
2026-06-07 02:09:00+00:00,61513.8984375,61518.05078125,61495.12109375,61515.48046875,0
2026-06-07 02:10:00+00:00,61494.53125,61503.4296875,61475.01953125,61501.12109375,0
2026-06-07 02:11:00+00:00,61425.890625,61488.859375,61423.12890625,61488.859375,98873344
2026-06-07 02:12:00+00:00,61415.8203125,61434.94921875,61384.01171875,61434.94921875,0
2026-06-07 02:13:00+00:00,61432.51171875,61434.05859375,61408.0,61419.62109375,0
2026-06-07 02:14:00+00:00,61385.5,61427.98828125,61385.5,61426.26953125,357685248
2026-06-07 02:15:00+00:00,61365.48046875,61400.87109375,61350.0,61376.19140625,0
2026-06-07 02:16:00+00:00,61304.5,61382.859375,61297.98828125,61382.859375,0
2026-06-07 02:17:00+00:00,61267.98046875,61326.01953125,61267.98046875,61307.30859375,620357632
2026-06-07 02:18:00+00:00,61252.0,61295.75,61252.0,61283.01171875,0
2026-06-07 02:19:00+00:00,61266.08984375,61285.2890625,61260.3515625,61260.3515625,0
2026-06-07 02:20:00+00:00,61208.62109375,61259.94921875,61208.62109375,61259.94921875,0
2026-06-07 02:21:00+00:00,61225.9296875,61239.08984375,61160.19921875,61160.19921875,0
2026-06-07 02:22:00+00:00,61249.01171875,61255.3515625,61210.0,61232.19140625,121767936
2026-06-07 02:23:00+00:00,61273.921875,61285.359375,61219.94921875,61238.44921875,0
2026-06-07 02:24:00+00:00,61274.01953125,61341.73046875,61274.01953125,61285.390625,0
2026-06-07 02:25:00+00:00,61229.05859375,61271.921875,61229.05859375,61271.921875,4896768
2026-06-07 02:26:00+00:00,61217.62109375,61237.859375,61213.19921875,61229.0703125,124801024
2026-06-07 02:27:00+00:00,61205.19921875,61234.71875,61205.19921875,61213.83984375,0
2026-06-07 02:28:00+00:00,61198.53125,61200.80859375,61157.98828125,61172.73828125,0
2026-06-07 02:29:00+00:00,61222.0390625,61222.0390625,61200.26171875,61202.640625,0
2026-06-07 02:30:00+00:00,61221.96875,61221.96875,61193.28125,61218.8203125,0
2026-06-07 02:31:00+00:00,61200.87890625,61219.78125,61162.80859375,61204.4609375,0
2026-06-07 02:32:00+00:00,61221.94921875,61230.8203125,61184.01953125,61194.5703125,1261891584
2026-06-07 02:33:00+00:00,61272.0390625,61272.0390625,61216.55078125,61219.671875,120879104
2026-06-07 02:34:00+00:00,61260.359375,61280.01953125,61258.23046875,61280.01953125,0
2026-06-07 02:35:00+00:00,61204.01953125,61282.828125,61204.01953125,61254.01171875,0
2026-06-07 02:36:00+00:00,61187.98828125,61194.640625,61169.6015625,61194.640625,121077760
2026-06-07 02:37:00+00:00,61197.3515625,61197.75,61173.30078125,61186.19921875,0
2026-06-07 02:38:00+00:00,61239.26953125,61251.78125,61204.01171875,61204.01171875,0
2026-06-07 02:39:00+00:00,61265.23828125,61272.76171875,61232.25,61232.25,0
2026-06-07 02:40:00+00:00,61250.9296875,61254.1015625,61232.28125,61254.1015625,10041344
2026-06-07 02:41:00+00:00,61250.46875,61250.46875,61216.5390625,61241.578125,0
2026-06-07 02:42:00+00:00,61259.48828125,61266.6015625,61232.19140625,61232.19140625,1081344
2026-06-07 02:43:00+00:00,61267.69921875,61268.69140625,61251.01953125,61268.69140625,0
2026-06-07 02:44:00+00:00,61288.53125,61288.53125,61246.0,61253.28125,0
2026-06-07 02:45:00+00:00,61342.8515625,61359.98046875,61285.62890625,61285.62890625,0
2026-06-07 02:46:00+00:00,61367.2890625,61373.0390625,61351.1484375,61351.1484375,0
2026-06-07 02:47:00+00:00,61410.58984375,61410.58984375,61350.9296875,61354.609375,114735104
2026-06-07 02:48:00+00:00,61468.5390625,61471.41015625,61404.578125,61434.6484375,0
2026-06-07 02:49:00+00:00,61468.26953125,61494.078125,61461.53125,61465.44921875,124168192
2026-06-07 02:50:00+00:00,61529.55078125,61536.890625,61451.30078125,61459.01953125,0
2026-06-07 02:51:00+00:00,61422.01953125,61488.8515625,61410.6015625,61488.8515625,0
2026-06-07 02:52:00+00:00,61396.46875,61412.44921875,61368.53125,61410.609375,0
2026-06-07 02:53:00+00:00,61420.94140625,61451.6796875,61414.66015625,61419.98046875,556046336
2026-06-07 02:54:00+00:00,61479.69921875,61503.55078125,61413.5703125,61413.5703125,0
2026-06-07 02:55:00+00:00,61475.19921875,61500.328125,61471.5703125,61500.328125,0
2026-06-07 02:56:00+00:00,61505.41015625,61511.8203125,61475.48046875,61476.03125,88078336
2026-06-07 02:57:00+00:00,61506.25,61506.25,61482.6015625,61495.109375,0
2026-06-07 02:58:00+00:00,61470.98046875,61515.80859375,61469.2109375,61508.01953125,0
2026-06-07 02:59:00+00:00,61473.1796875,61473.1796875,61463.98828125,61470.05859375,610545664
2026-06-07 03:00:00+00:00,61431.21875,61466.8203125,61431.21875,61466.8203125,0
2026-06-07 03:01:00+00:00,61436.62109375,61446.48046875,61411.7109375,61438.76171875,0
2026-06-07 03:02:00+00:00,61431.98828125,61451.41015625,61424.0,61448.1484375,531759104
2026-06-07 03:03:00+00:00,61400.0703125,61433.98046875,61400.0703125,61432.23828125,0
2026-06-07 03:04:00+00:00,61417.328125,61417.328125,61377.6796875,61396.01171875,0
2026-06-07 03:05:00+00:00,61443.0,61470.0703125,61391.96875,61424.0,0
2026-06-07 03:06:00+00:00,61465.46875,61467.69140625,61445.578125,61445.578125,0
2026-06-07 03:07:00+00:00,61448.73046875,61479.66015625,61448.328125,61467.96875,0
2026-06-07 03:08:00+00:00,61438.76953125,61464.828125,61438.76953125,61444.05859375,92708864
2026-06-07 03:09:00+00:00,61453.3984375,61461.76171875,61434.03125,61444.19140625,0
2026-06-07 03:10:00+00:00,61464.1015625,61464.1015625,61437.69140625,61452.51953125,4749312
2026-06-07 03:11:00+00:00,61456.37109375,61475.33984375,61456.37109375,61468.01953125,0
2026-06-07 03:12:00+00:00,61443.0,61460.6796875,61415.96875,61460.6796875,0
2026-06-07 03:13:00+00:00,61473.828125,61473.828125,61448.171875,61449.8203125,0
2026-06-07 03:14:00+00:00,61501.37109375,61501.37109375,61471.390625,61473.2109375,577116160
2026-06-07 03:15:00+00:00,61504.48828125,61504.48828125,61476.33984375,61497.7109375,124006400
2026-06-07 03:16:00+00:00,61479.44921875,61508.7890625,61470.0703125,61508.7890625,0
2026-06-07 03:17:00+00:00,61531.08984375,61531.08984375,61455.0390625,61488.12109375,0
2026-06-07 03:18:00+00:00,61580.390625,61582.05078125,61535.80078125,61546.44140625,515371008
2026-06-07 03:19:00+00:00,61724.0,61747.73046875,61583.7890625,61591.19921875,128833536
2026-06-07 03:20:00+00:00,61642.21875,61722.96875,61642.21875,61698.01171875,0
2026-06-07 03:21:00+00:00,61692.2890625,61692.2890625,61648.0,61651.609375,0
2026-06-07 03:22:00+00:00,61707.96875,61723.12109375,61700.0,61701.69140625,3725312
2026-06-07 03:23:00+00:00,61580.41015625,61682.91015625,61548.328125,61682.91015625,92616704
2026-06-07 03:24:00+00:00,61598.4296875,61598.4296875,61571.62109375,61582.16015625,5689344
2026-06-07 03:25:00+00:00,61613.0,61625.98828125,61598.37890625,61598.37890625,0
2026-06-07 03:26:00+00:00,61551.6796875,61604.66015625,61551.671875,61604.66015625,0
2026-06-07 03:27:00+00:00,61603.4609375,61608.12890625,61527.578125,61532.671875,0
2026-06-07 03:28:00+00:00,61632.05078125,61640.140625,61605.26171875,61614.8984375,424480768
2026-06-07 03:29:00+00:00,61636.0,61639.078125,61610.921875,61621.73046875,216229888
2026-06-07 03:30:00+00:00,61590.76171875,61636.0,61563.96875,61636.0,115044352
2026-06-07 03:31:00+00:00,61605.94921875,61610.44140625,61575.75,61590.0703125,0
2026-06-07 03:32:00+00:00,61650.69921875,61656.8984375,61635.94921875,61635.94921875,0
2026-06-07 03:33:00+00:00,61587.28125,61638.48046875,61587.0390625,61638.48046875,410992640
2026-06-07 03:34:00+00:00,61581.87109375,61622.0,61573.359375,61589.75,0
2026-06-07 03:35:00+00:00,61600.6015625,61605.0390625,61589.44921875,61605.0390625,117325824
2026-06-07 03:36:00+00:00,61576.7109375,61610.25,61570.23828125,61610.25,0
2026-06-07 03:37:00+00:00,61547.37109375,61573.37109375,61537.91015625,61573.37109375,0
2026-06-07 03:38:00+00:00,61576.0,61576.0,61547.30859375,61547.33984375,0
2026-06-07 03:39:00+00:00,61561.4296875,61589.01171875,61548.66015625,61589.01171875,203778048
2026-06-07 03:40:00+00:00,61535.12109375,61557.73046875,61529.55078125,61555.33984375,0
2026-06-07 03:41:00+00:00,61555.0,61568.03125,61520.1484375,61520.1484375,0
2026-06-07 03:42:00+00:00,61571.4296875,61571.4296875,61543.0703125,61550.12890625,0
2026-06-07 03:43:00+00:00,61614.05078125,61614.05078125,61566.671875,61566.671875,0
2026-06-07 03:44:00+00:00,61635.9609375,61635.9609375,61616.0,61621.30078125,247668736
2026-06-07 03:45:00+00:00,61551.30078125,61632.0,61551.23828125,61632.0,127385600
2026-06-07 03:46:00+00:00,61588.3515625,61605.91015625,61545.19921875,61545.19921875,0
2026-06-07 03:47:00+00:00,61602.078125,61612.01953125,61582.76171875,61582.76171875,544858112
2026-06-07 03:48:00+00:00,61590.7109375,61604.8203125,61587.1015625,61602.078125,0
2026-06-07 03:49:00+00:00,61601.51953125,61606.0,61582.75,61586.01171875,0
2026-06-07 03:50:00+00:00,61604.6484375,61604.6796875,61577.44140625,61604.6484375,68730880
2026-06-07 03:51:00+00:00,61599.55078125,61611.87890625,61589.01171875,61611.87890625,0
2026-06-07 03:52:00+00:00,61607.80078125,61607.80078125,61579.640625,61601.51953125,0
2026-06-07 03:53:00+00:00,61613.01953125,61614.0390625,61597.4296875,61612.55078125,0
2026-06-07 03:54:00+00:00,61598.3984375,61615.7890625,61598.3984375,61608.01171875,36671488
2026-06-07 03:55:00+00:00,61614.41015625,61617.21875,61592.171875,61595.28125,0
2026-06-07 03:56:00+00:00,61632.8203125,61642.01171875,61617.37109375,61617.37109375,0
2026-06-07 03:57:00+00:00,61646.8984375,61646.98828125,61636.12890625,61636.12890625,0
2026-06-07 03:58:00+00:00,61679.78125,61679.78125,61616.2890625,61644.0703125,16175104
2026-06-07 03:59:00+00:00,61673.76171875,61705.421875,61655.98828125,61678.91015625,0
2026-06-07 04:00:00+00:00,61654.94140625,61678.01171875,61643.828125,61661.0,115853312
2026-06-07 04:01:00+00:00,61551.44921875,61642.21875,61548.328125,61642.21875,0
2026-06-07 04:02:00+00:00,61553.19140625,61569.23046875,61544.421875,61569.01953125,0
2026-06-07 04:03:00+00:00,61534.0703125,61562.19140625,61534.0703125,61557.69921875,0
2026-06-07 04:04:00+00:00,61585.87109375,61585.87109375,61529.6484375,61534.05859375,0
2026-06-07 04:05:00+00:00,61579.62109375,61611.51171875,61579.62109375,61582.12890625,23121920
2026-06-07 04:06:00+00:00,61554.578125,61579.58984375,61547.390625,61579.58984375,0
2026-06-07 04:07:00+00:00,61565.98046875,61579.609375,61560.83984375,61560.83984375,0
2026-06-07 04:08:00+00:00,61598.3984375,61598.3984375,61570.73046875,61580.01953125,0
2026-06-07 04:09:00+00:00,61564.08984375,61610.41015625,61564.08984375,61600.01953125,0
2026-06-07 04:10:00+00:00,61493.1796875,61554.578125,61493.1796875,61554.578125,96696320
2026-06-07 04:11:00+00:00,61495.33984375,61518.1484375,61495.109375,61498.1015625,2850816
2026-06-07 04:12:00+00:00,61505.51171875,61517.5703125,61482.44921875,61498.0,0
2026-06-07 04:13:00+00:00,61487.98046875,61509.05859375,61483.44140625,61509.05859375,0
2026-06-07 04:14:00+00:00,61526.51953125,61526.51953125,61496.7109375,61504.48828125,0
2026-06-07 04:15:00+00:00,61548.30859375,61555.140625,61529.08984375,61529.08984375,0
2026-06-07 04:16:00+00:00,61577.140625,61577.140625,61529.55859375,61529.55859375,0
2026-06-07 04:17:00+00:00,61538.578125,61586.12109375,61535.0,61586.12109375,14112768
2026-06-07 04:18:00+00:00,61580.12890625,61594.01171875,61573.03125,61573.03125,114264064
2026-06-07 04:19:00+00:00,61597.390625,61607.78125,61576.48828125,61576.48828125,0
2026-06-07 04:20:00+00:00,61573.0,61598.921875,61570.21875,61598.921875,0
2026-06-07 04:21:00+00:00,61542.01953125,61579.28125,61542.01953125,61573.4296875,0
2026-06-07 04:22:00+00:00,61542.01953125,61546.671875,61525.1796875,61525.1796875,117020672
2026-06-07 04:23:00+00:00,61535.78125,61535.80859375,61500.01171875,61535.80859375,0
2026-06-07 04:24:00+00:00,61504.5390625,61535.98046875,61504.5390625,61535.80078125,0
2026-06-07 04:25:00+00:00,61485.01171875,61514.01953125,61474.8515625,61500.0,0
2026-06-07 04:26:00+00:00,61492.01953125,61498.0,61454.4296875,61482.58984375,0
2026-06-07 04:27:00+00:00,61483.51171875,61492.01953125,61474.19140625,61492.01953125,117526528
2026-06-07 04:28:00+00:00,61517.01953125,61536.08984375,61482.55078125,61482.55078125,0
2026-06-07 04:29:00+00:00,61535.578125,61537.921875,61513.890625,61513.890625,0
2026-06-07 04:30:00+00:00,61542.05078125,61549.98046875,61511.66015625,61511.66015625,0
2026-06-07 04:31:00+00:00,61557.69140625,61567.08984375,61542.05859375,61545.1796875,0
2026-06-07 04:32:00+00:00,61536.44140625,61560.03125,61520.16015625,61560.03125,0
2026-06-07 04:33:00+00:00,61567.08984375,61567.08984375,61532.30859375,61532.30859375,0
2026-06-07 04:34:00+00:00,61614.0390625,61614.0390625,61577.96875,61581.80078125,112850944
2026-06-07 04:35:00+00:00,61638.41015625,61638.41015625,61620.01171875,61620.01171875,0
2026-06-07 04:36:00+00:00,61632.48828125,61643.08984375,61628.6484375,61639.078125,0
2026-06-07 04:37:00+00:00,61622.55859375,61641.3203125,61621.94921875,61641.3203125,91043840
2026-06-07 04:38:00+00:00,61672.390625,61672.390625,61627.62890625,61627.62890625,185352192
2026-06-07 04:39:00+00:00,61677.16015625,61682.66015625,61664.3984375,61682.66015625,0
2026-06-07 04:40:00+00:00,61677.421875,61682.69921875,61668.01953125,61682.69921875,116144128
2026-06-07 04:41:00+00:00,61738.0,61739.23828125,61698.55078125,61698.55078125,0
2026-06-07 04:42:00+00:00,61745.7109375,61795.58984375,61731.9609375,61731.9609375,0
2026-06-07 04:43:00+00:00,61723.6015625,61733.98046875,61712.23046875,61725.28125,0
2026-06-07 04:44:00+00:00,61706.94140625,61721.859375,61692.078125,61718.01953125,0
2026-06-07 04:45:00+00:00,61688.80078125,61725.75,61663.828125,61723.58984375,0
2026-06-07 04:46:00+00:00,61720.4609375,61723.75,61686.94921875,61689.98046875,0
2026-06-07 04:47:00+00:00,61753.37890625,61753.37890625,61706.01171875,61720.4609375,130267136
2026-06-07 04:48:00+00:00,61796.01171875,61796.01171875,61754.01171875,61764.1796875,0
2026-06-07 04:49:00+00:00,61792.12890625,61792.12890625,61770.55078125,61783.0703125,0
2026-06-07 04:50:00+00:00,61817.5,61817.5,61754.91015625,61783.0703125,30937088
2026-06-07 04:51:00+00:00,61786.19921875,61828.5703125,61786.19921875,61792.4609375,0
2026-06-07 04:52:00+00:00,61800.03125,61808.0703125,61783.0703125,61783.0703125,0
2026-06-07 04:53:00+00:00,61801.73046875,61810.0,61779.94921875,61806.890625,0
2026-06-07 04:54:00+00:00,61809.98046875,61816.87890625,61798.71875,61811.21875,0
2026-06-07 04:55:00+00:00,61856.01953125,61856.01953125,61808.30859375,61808.30859375,0
2026-06-07 04:56:00+00:00,61848.80859375,61858.4609375,61840.01171875,61840.01171875,0
2026-06-07 04:57:00+00:00,61861.3203125,61873.37890625,61836.30859375,61839.3984375,0
2026-06-07 04:58:00+00:00,61864.94921875,61864.94921875,61852.0,61858.19921875,0
2026-06-07 04:59:00+00:00,61855.48046875,61876.98046875,61855.48046875,61858.19921875,608354304
2026-06-07 05:00:00+00:00,61806.0390625,61851.6015625,61806.0390625,61851.6015625,0
2026-06-07 05:01:00+00:00,61786.671875,61814.98828125,61786.671875,61802.73828125,2156544
2026-06-07 05:02:00+00:00,61795.16015625,61829.98046875,61792.46875,61805.578125,0
2026-06-07 05:03:00+00:00,61785.41015625,61789.33984375,61773.69140625,61789.33984375,0
2026-06-07 05:04:00+00:00,61790.3515625,61798.6796875,61773.6796875,61792.44140625,118740992
2026-06-07 05:05:00+00:00,61770.55078125,61782.01171875,61770.55078125,61782.0,0
2026-06-07 05:06:00+00:00,61814.37890625,61842.609375,61770.55078125,61770.55078125,0
2026-06-07 05:07:00+00:00,61782.1796875,61791.28125,61765.51171875,61791.28125,0
2026-06-07 05:08:00+00:00,61770.55078125,61797.94140625,61764.2890625,61770.78125,0
2026-06-07 05:09:00+00:00,61771.44140625,61797.23046875,61771.44140625,61782.0,0
2026-06-07 05:10:00+00:00,61783.46875,61783.46875,61767.44140625,61783.0703125,0
2026-06-07 05:11:00+00:00,61783.05859375,61783.48046875,61768.69140625,61783.48046875,118388736
2026-06-07 05:12:00+00:00,61767.0703125,61797.21875,61767.0703125,61785.8515625,0
2026-06-07 05:13:00+00:00,61930.33984375,61930.33984375,61767.0703125,61767.0703125,0
2026-06-07 05:14:00+00:00,61846.19921875,61900.46875,61845.671875,61876.96875,0
2026-06-07 05:15:00+00:00,61770.5703125,61836.28125,61770.5703125,61836.28125,121749504
2026-06-07 05:16:00+00:00,61795.48828125,61795.48828125,61761.16015625,61768.01171875,12077056
2026-06-07 05:17:00+00:00,61964.6015625,61964.6015625,61786.19921875,61786.19921875,0
2026-06-07 05:18:00+00:00,62037.19921875,62088.62109375,61928.05078125,61928.05078125,0
2026-06-07 05:19:00+00:00,61970.87109375,62040.01953125,61952.1015625,62040.01953125,122501120
2026-06-07 05:20:00+00:00,61823.7109375,61953.87890625,61823.7109375,61953.87890625,0
2026-06-07 05:21:00+00:00,61773.3515625,61811.98828125,61771.98046875,61795.58984375,9168896
2026-06-07 05:22:00+00:00,61788.19140625,61801.83984375,61780.0,61781.96875,0
2026-06-07 05:23:00+00:00,61848.8203125,61859.98828125,61791.94140625,61793.98828125,0
2026-06-07 05:24:00+00:00,61883.23046875,61883.23046875,61845.5,61851.51953125,0
2026-06-07 05:25:00+00:00,61885.41015625,61902.0,61864.44140625,61866.9609375,0
2026-06-07 05:26:00+00:00,61818.0,61870.69140625,61818.0,61851.94140625,0
2026-06-07 05:27:00+00:00,61809.69921875,61828.80859375,61809.69921875,61828.80859375,142755840
2026-06-07 05:28:00+00:00,61764.30078125,61808.12890625,61764.30078125,61808.12890625,0
2026-06-07 05:29:00+00:00,61702.05078125,61739.109375,61701.94921875,61739.109375,0
2026-06-07 05:30:00+00:00,61739.62109375,61739.62109375,61703.98828125,61709.94140625,0
2026-06-07 05:31:00+00:00,61670.71875,61770.5390625,61670.71875,61748.640625,0
2026-06-07 05:32:00+00:00,61648.48046875,61676.6484375,61638.48046875,61658.078125,0
2026-06-07 05:33:00+00:00,61627.73828125,61651.609375,61614.140625,61651.6015625,1746944
2026-06-07 05:34:00+00:00,61700.0390625,61704.80859375,61634.01171875,61634.01171875,0
2026-06-07 05:35:00+00:00,61719.48828125,61740.03125,61695.3984375,61724.5703125,4986880
2026-06-07 05:36:00+00:00,61740.30078125,61740.30078125,61702.6484375,61718.140625,121395200
2026-06-07 05:37:00+00:00,61749.91015625,61761.1484375,61738.37890625,61738.37890625,0
2026-06-07 05:38:00+00:00,61789.2890625,61798.4296875,61760.3984375,61760.3984375,0
2026-06-07 05:39:00+00:00,61810.01171875,61826.87890625,61785.23828125,61801.640625,0
2026-06-07 05:40:00+00:00,61790.01171875,61817.4609375,61779.44921875,61817.4609375,120440832
2026-06-07 05:41:00+00:00,61771.921875,61782.75,61758.4609375,61782.44921875,0
2026-06-07 05:42:00+00:00,61786.19921875,61795.58984375,61758.0,61771.921875,136511488
2026-06-07 05:43:00+00:00,61780.1015625,61801.140625,61780.1015625,61786.19921875,0
2026-06-07 05:44:00+00:00,61844.83984375,61844.83984375,61764.21875,61776.80859375,0
2026-06-07 05:45:00+00:00,61783.078125,61836.2890625,61783.078125,61836.2890625,0
2026-06-07 05:46:00+00:00,61795.578125,61795.578125,61726.73046875,61776.80859375,0
2026-06-07 05:47:00+00:00,61754.30078125,61789.3515625,61732.98828125,61789.3515625,0
2026-06-07 05:48:00+00:00,61755.66015625,61755.66015625,61739.25,61754.30859375,0
2026-06-07 05:49:00+00:00,61732.48046875,61751.4609375,61732.48046875,61745.51171875,1853440
2026-06-07 05:50:00+00:00,61679.2890625,61737.98828125,61679.2890625,61737.98828125,0
2026-06-07 05:51:00+00:00,61735.48046875,61735.48046875,61670.390625,61684.98046875,112291840
2026-06-07 05:52:00+00:00,61736.0,61755.37890625,61730.8984375,61734.921875,0
2026-06-07 05:53:00+00:00,61708.9609375,61726.73046875,61708.9609375,61726.73046875,0
2026-06-07 05:54:00+00:00,61734.609375,61734.609375,61676.6484375,61698.2109375,132634624
2026-06-07 05:55:00+00:00,61714.19921875,61723.6015625,61701.6015625,61723.53125,0
2026-06-07 05:56:00+00:00,61721.390625,61727.98046875,61690.62890625,61707.2109375,0
2026-06-07 05:57:00+00:00,61710.37109375,61729.98828125,61709.3515625,61726.6796875,133142528
2026-06-07 05:58:00+00:00,61736.12890625,61754.8984375,61726.69921875,61726.69921875,0
2026-06-07 05:59:00+00:00,61722.2890625,61733.9296875,61722.28125,61733.9296875,702982144
2026-06-07 06:00:00+00:00,61670.390625,61730.96875,61670.390625,61719.078125,0
2026-06-07 06:01:00+00:00,61630.05859375,61673.51171875,61630.05078125,61657.87109375,119851008
2026-06-07 06:02:00+00:00,61643.421875,61654.73046875,61626.58984375,61639.171875,0
2026-06-07 06:03:00+00:00,61628.37109375,61652.46875,61623.44140625,61641.6015625,87570432
2026-06-07 06:04:00+00:00,61595.26953125,61626.55859375,61593.4296875,61617.19140625,0
2026-06-07 06:05:00+00:00,61610.0390625,61639.078125,61604.98046875,61614.05078125,0
2026-06-07 06:06:00+00:00,61642.2109375,61642.2109375,61604.328125,61604.328125,0
2026-06-07 06:07:00+00:00,61688.01171875,61692.2890625,61648.46875,61648.46875,0
2026-06-07 06:08:00+00:00,61646.6484375,61691.6484375,61645.3515625,61682.8984375,0
2026-06-07 06:09:00+00:00,61661.01171875,61677.03125,61646.66015625,61646.66015625,472346624
2026-06-07 06:10:00+00:00,61652.08984375,61668.109375,61646.0,61667.46875,0
2026-06-07 06:11:00+00:00,61667.26171875,61671.3984375,61654.9296875,61660.01953125,0
2026-06-07 06:12:00+00:00,61699.4296875,61704.30078125,61673.01953125,61673.01953125,0
2026-06-07 06:13:00+00:00,61697.328125,61705.37109375,61696.69140625,61696.69921875,0
2026-06-07 06:14:00+00:00,61648.46875,61690.5703125,61645.3515625,61686.8984375,0
2026-06-07 06:15:00+00:00,61640.80859375,61675.03125,61640.80859375,61673.51953125,0
2026-06-07 06:16:00+00:00,61620.6015625,61657.69921875,61620.6015625,61642.76171875,0
2026-06-07 06:17:00+00:00,61725.87109375,61781.19140625,61629.12890625,61629.12890625,0
2026-06-07 06:18:00+00:00,61762.83984375,61762.83984375,61717.91015625,61720.46875,115421184
2026-06-07 06:19:00+00:00,61804.01953125,61804.26953125,61759.83984375,61762.83984375,4419584
2026-06-07 06:20:00+00:00,61745.51171875,61792.4609375,61745.51171875,61792.4609375,0
2026-06-07 06:21:00+00:00,61784.62890625,61784.62890625,61742.171875,61745.51953125,0
2026-06-07 06:22:00+00:00,61811.28125,61821.30859375,61777.01953125,61782.1796875,0
2026-06-07 06:23:00+00:00,61833.390625,61833.390625,61805.19140625,61820.62109375,0
2026-06-07 06:24:00+00:00,61836.30078125,61849.0390625,61823.6015625,61823.6015625,120246272
2026-06-07 06:25:00+00:00,61804.33984375,61846.87109375,61802.1484375,61846.05859375,2052096
2026-06-07 06:26:00+00:00,61822.0,61830.578125,61761.171875,61795.6015625,0
2026-06-07 06:27:00+00:00,61851.94140625,61870.0,61811.2109375,61813.16015625,0
2026-06-07 06:28:00+00:00,61946.01171875,61946.01171875,61856.8515625,61856.8515625,0
2026-06-07 06:29:00+00:00,61939.96875,61972.78125,61927.05078125,61927.05078125,675008512
2026-06-07 06:30:00+00:00,62018.1015625,62018.1015625,61933.30859375,61936.44140625,4122624
2026-06-07 06:31:00+00:00,62027.2109375,62027.2109375,61977.12890625,61995.8984375,5312512
2026-06-07 06:32:00+00:00,62031.21875,62050.53125,62002.1796875,62014.62109375,0
2026-06-07 06:33:00+00:00,62078.0,62089.33984375,62020.25,62020.25,0
2026-06-07 06:34:00+00:00,62117.98046875,62117.98046875,62066.55078125,62066.55078125,129024
2026-06-07 06:35:00+00:00,62102.328125,62111.7109375,62083.55859375,62096.0703125,0
2026-06-07 06:36:00+00:00,62224.98828125,62224.98828125,62098.8515625,62100.390625,120879104
2026-06-07 06:37:00+00:00,62112.69921875,62205.41015625,62112.69921875,62202.48828125,0
2026-06-07 06:38:00+00:00,62072.01171875,62117.98046875,62064.76953125,62117.98046875,0
2026-06-07 06:39:00+00:00,62162.30078125,62162.30078125,62064.46875,62064.78125,80482304
2026-06-07 06:40:00+00:00,62124.26953125,62206.0,62124.26953125,62187.2890625,479232
2026-06-07 06:41:00+00:00,62124.23046875,62126.08984375,62089.140625,62092.94140625,18688000
2026-06-07 06:42:00+00:00,62153.05859375,62158.671875,62110.87109375,62110.91015625,0
2026-06-07 06:43:00+00:00,62160.73828125,62182.23046875,62155.2890625,62155.2890625,6330368
2026-06-07 06:44:00+00:00,62175.37109375,62179.80078125,62155.5390625,62164.5390625,61390848
2026-06-07 06:45:00+00:00,62164.9296875,62199.98828125,62149.98828125,62162.0,0
2026-06-07 06:46:00+00:00,62102.3515625,62155.5390625,62096.05859375,62155.5390625,0
2026-06-07 06:47:00+00:00,62078.01171875,62096.078125,62074.171875,62096.078125,0
2026-06-07 06:48:00+00:00,62105.4609375,62108.58984375,62075.16015625,62075.16015625,0
2026-06-07 06:49:00+00:00,62097.46875,62097.46875,62078.05078125,62091.7890625,211212288
2026-06-07 06:50:00+00:00,62078.03125,62104.640625,62077.30078125,62104.640625,84318208
2026-06-07 06:51:00+00:00,62124.23828125,62138.0,62080.328125,62080.328125,32768
2026-06-07 06:52:00+00:00,62098.30078125,62121.2890625,62092.5390625,62119.9609375,0
2026-06-07 06:53:00+00:00,62028.51953125,62099.1796875,62028.51953125,62090.640625,0
2026-06-07 06:54:00+00:00,62037.640625,62042.26953125,62007.19140625,62008.23046875,34236416
2026-06-07 06:55:00+00:00,62021.08984375,62036.6015625,62017.8203125,62036.6015625,133931008
2026-06-07 06:56:00+00:00,62048.03125,62052.4609375,62009.98828125,62019.98828125,0
2026-06-07 06:57:00+00:00,62086.66015625,62086.671875,62043.1796875,62048.87890625,1845248
2026-06-07 06:58:00+00:00,62136.8203125,62136.8203125,62079.8984375,62082.4609375,0
2026-06-07 06:59:00+00:00,62076.26953125,62134.87890625,62074.1484375,62127.37109375,0
2026-06-07 07:00:00+00:00,62002.01171875,62056.91015625,61997.98046875,62049.12890625,191320064
2026-06-07 07:01:00+00:00,61969.2109375,61999.0390625,61968.140625,61999.0390625,4272128
2026-06-07 07:02:00+00:00,62055.96875,62055.96875,61980.26171875,61980.26171875,0
2026-06-07 07:03:00+00:00,62151.51953125,62151.51953125,62059.98828125,62059.98828125,59111424
2026-06-07 07:04:00+00:00,62114.8515625,62143.01953125,62105.46875,62143.01953125,0
2026-06-07 07:05:00+00:00,62124.23828125,62129.140625,62109.01953125,62121.1015625,0
2026-06-07 07:06:00+00:00,62126.71875,62126.71875,62092.94140625,62121.12109375,261560320
2026-06-07 07:07:00+00:00,62206.828125,62206.828125,62144.140625,62144.140625,0
2026-06-07 07:08:00+00:00,62142.48046875,62206.3984375,62138.01171875,62206.3984375,24940544
2026-06-07 07:09:00+00:00,62165.3515625,62165.3515625,62143.98046875,62143.98046875,0
2026-06-07 07:10:00+00:00,62139.890625,62155.5390625,62139.890625,62155.5390625,135131136
2026-06-07 07:11:00+00:00,62129.96875,62152.3984375,62117.98046875,62127.390625,682848256
2026-06-07 07:12:00+00:00,62130.53125,62136.75,62123.9609375,62123.9609375,0
2026-06-07 07:13:00+00:00,62095.2890625,62127.98046875,62085.98828125,62121.109375,0
2026-06-07 07:14:00+00:00,62106.140625,62108.578125,62103.140625,62103.140625,0
2026-06-07 07:15:00+00:00,62149.28125,62149.28125,62108.62890625,62116.7890625,89157632
2026-06-07 07:16:00+00:00,62130.66015625,62168.01171875,62129.91015625,62164.9296875,0
2026-06-07 07:17:00+00:00,62079.9609375,62108.58984375,62079.9609375,62108.58984375,0
2026-06-07 07:18:00+00:00,62058.62109375,62074.16015625,62034.0,62074.16015625,113573888
2026-06-07 07:19:00+00:00,62111.69921875,62111.69921875,62042.859375,62074.16015625,0
2026-06-07 07:20:00+00:00,62096.109375,62109.71875,62087.51171875,62109.71875,4526080
2026-06-07 07:21:00+00:00,62089.7890625,62094.98046875,62072.3984375,62093.96875,98189312
2026-06-07 07:22:00+00:00,62080.8984375,62086.12890625,62072.5703125,62086.12890625,6627328
2026-06-07 07:23:00+00:00,62117.0703125,62124.80078125,62058.578125,62081.3203125,0
2026-06-07 07:24:00+00:00,62165.94140625,62165.94140625,62121.6484375,62124.2109375,0
2026-06-07 07:25:00+00:00,62216.96875,62216.96875,62170.23828125,62190.01953125,0
2026-06-07 07:26:00+00:00,62204.12890625,62221.1796875,62202.890625,62213.3203125,147675136
2026-06-07 07:27:00+00:00,62180.58984375,62208.01171875,62162.80078125,62208.01171875,0
2026-06-07 07:28:00+00:00,62157.05859375,62180.5390625,62153.98828125,62180.53125,0
2026-06-07 07:29:00+00:00,62202.5,62202.5,62157.0703125,62160.0,0
2026-06-07 07:30:00+00:00,62205.640625,62224.8984375,62189.33984375,62203.51171875,96147456
2026-06-07 07:31:00+00:00,62232.01171875,62237.3984375,62208.75,62211.890625,0
2026-06-07 07:32:00+00:00,62215.0,62236.91015625,62205.62890625,62236.91015625,0
2026-06-07 07:33:00+00:00,62220.0,62227.51953125,62208.75,62227.51953125,0
2026-06-07 07:34:00+00:00,62180.83984375,62233.78125,62180.83984375,62218.19921875,119529472
2026-06-07 07:35:00+00:00,62220.12890625,62226.51953125,62208.73046875,62208.73046875,0
2026-06-07 07:36:00+00:00,62218.140625,62234.0,62218.140625,62218.80078125,0
2026-06-07 07:37:00+00:00,62199.3515625,62211.87890625,62179.69921875,62211.87890625,128718848
2026-06-07 07:38:00+00:00,62174.7109375,62221.26171875,62174.7109375,62206.46875,0
2026-06-07 07:39:00+00:00,62216.01171875,62221.75,62180.23828125,62180.23828125,121518080
2026-06-07 07:40:00+00:00,62186.83984375,62217.51171875,62171.55078125,62216.01953125,4780032
2026-06-07 07:41:00+00:00,62189.12890625,62194.1015625,62183.71875,62193.08984375,0
2026-06-07 07:42:00+00:00,62177.98828125,62193.05078125,62177.98828125,62189.1484375,94832640
2026-06-07 07:43:00+00:00,62168.05078125,62196.21875,62157.98828125,62175.9296875,114688
2026-06-07 07:44:00+00:00,62204.03125,62205.62109375,62181.80078125,62181.80078125,38488064
2026-06-07 07:45:00+00:00,62160.05859375,62203.51953125,62160.05859375,62203.51953125,0
2026-06-07 07:46:00+00:00,62190.53125,62190.91015625,62151.1796875,62160.01171875,0
2026-06-07 07:47:00+00:00,62205.98828125,62205.98828125,62173.55859375,62189.05078125,29296640
2026-06-07 07:48:00+00:00,62210.0,62221.26171875,62191.98828125,62215.30859375,0
2026-06-07 07:49:00+00:00,62198.05859375,62222.37890625,62198.05859375,62205.62890625,6105088
2026-06-07 07:50:00+00:00,62193.94140625,62204.98828125,62189.96875,62196.48046875,0
2026-06-07 07:51:00+00:00,62196.71875,62214.25,62190.578125,62198.3203125,0
2026-06-07 07:52:00+00:00,62215.0,62221.98828125,62180.03125,62196.71875,9852928
2026-06-07 07:53:00+00:00,62233.78125,62233.80078125,62215.01171875,62215.01171875,37060608
2026-06-07 07:54:00+00:00,62282.6484375,62282.6484375,62236.921875,62236.921875,3115008
2026-06-07 07:55:00+00:00,62261.01171875,62290.69140625,62249.44140625,62281.0703125,0
2026-06-07 07:56:00+00:00,62342.0,62342.0,62268.21875,62268.5,0
2026-06-07 07:57:00+00:00,62355.4609375,62360.16015625,62321.44140625,62345.76171875,0
2026-06-07 07:58:00+00:00,62341.5390625,62351.7109375,62326.3984375,62349.96875,132452352
2026-06-07 07:59:00+00:00,62373.0703125,62384.0,62346.44921875,62346.44921875,0
2026-06-07 08:00:00+00:00,62374.62890625,62375.37890625,62346.46875,62374.5,7567360
2026-06-07 08:01:00+00:00,62344.7890625,62383.94140625,62343.44140625,62374.640625,0
2026-06-07 08:02:00+00:00,62407.9296875,62407.9296875,62347.5,62347.5,0
2026-06-07 08:03:00+00:00,62379.7109375,62414.6015625,62339.51171875,62414.6015625,166191104
2026-06-07 08:04:00+00:00,62338.359375,62359.0,62320.0,62359.0,0
2026-06-07 08:05:00+00:00,62302.640625,62341.140625,62230.0,62341.140625,137713664
2026-06-07 08:06:00+00:00,62239.69921875,62297.390625,62236.9296875,62297.390625,0
2026-06-07 08:07:00+00:00,62280.73046875,62288.25,62236.9296875,62236.9296875,0
2026-06-07 08:08:00+00:00,62317.94921875,62321.4296875,62274.0,62285.8515625,0
2026-06-07 08:09:00+00:00,62326.7890625,62346.4609375,62324.8984375,62324.8984375,1466368
2026-06-07 08:10:00+00:00,62312.0390625,62346.46875,62312.0390625,62340.19921875,0
2026-06-07 08:11:00+00:00,62280.0,62306.7109375,62280.0,62295.62109375,20672512
2026-06-07 08:12:00+00:00,62288.01953125,62302.640625,62285.87109375,62289.33984375,0
2026-06-07 08:13:00+00:00,62327.0390625,62327.8984375,62291.9609375,62297.01953125,132812800
2026-06-07 08:14:00+00:00,62355.8515625,62355.890625,62324.6484375,62325.96875,9523200
2026-06-07 08:15:00+00:00,62302.6484375,62346.69921875,62302.6484375,62346.69921875,389120
2026-06-07 08:16:00+00:00,62282.0,62308.83984375,62278.3515625,62302.62890625,0
2026-06-07 08:17:00+00:00,62305.76953125,62305.76953125,62279.30859375,62281.96875,17483776
2026-06-07 08:18:00+00:00,62333.01953125,62333.01953125,62299.46875,62303.3203125,0
2026-06-07 08:19:00+00:00,62360.0,62373.390625,62324.5703125,62331.96875,0
2026-06-07 08:20:00+00:00,62348.66015625,62360.73046875,62316.05078125,62360.73046875,221493248
2026-06-07 08:21:00+00:00,62363.609375,62373.98828125,62362.12890625,62362.94921875,0
2026-06-07 08:22:00+00:00,62395.5,62397.26953125,62355.859375,62364.0703125,125853696
2026-06-07 08:23:00+00:00,62440.55078125,62455.109375,62394.0,62394.0,0
2026-06-07 08:24:00+00:00,62421.609375,62437.23828125,62404.01171875,62437.23828125,23050240
2026-06-07 08:25:00+00:00,62430.98046875,62449.75,62420.0,62420.0,8306688
2026-06-07 08:26:00+00:00,62458.44921875,62458.44921875,62402.80859375,62419.109375,0
2026-06-07 08:27:00+00:00,62461.640625,62487.48828125,62456.05078125,62461.0,3307520
2026-06-07 08:28:00+00:00,62518.08984375,62539.5703125,62479.80078125,62484.1796875,0
2026-06-07 08:29:00+00:00,62501.01171875,62516.01953125,62493.578125,62506.109375,49422336
2026-06-07 08:30:00+00:00,62510.0,62523.98828125,62491.98046875,62502.6484375,11503616
2026-06-07 08:31:00+00:00,62475.03125,62498.05078125,62475.03125,62498.05078125,0
2026-06-07 08:32:00+00:00,62451.98046875,62474.05859375,62443.5,62474.05859375,0
2026-06-07 08:33:00+00:00,62462.26953125,62470.0,62443.5,62452.80859375,0
2026-06-07 08:34:00+00:00,62461.23046875,62461.23046875,62443.5,62450.0703125,0
2026-06-07 08:35:00+00:00,62495.76953125,62495.76953125,62454.08984375,62459.2109375,0
2026-06-07 08:36:00+00:00,62576.44921875,62576.44921875,62496.6484375,62496.6484375,1427456
2026-06-07 08:37:00+00:00,62593.5390625,62606.30078125,62569.69921875,62580.0,14936064
2026-06-07 08:38:00+00:00,62625.0390625,62633.73046875,62598.69921875,62598.69921875,87541760
2026-06-07 08:39:00+00:00,62530.0,62631.98046875,62530.0,62624.58984375,0
2026-06-07 08:40:00+00:00,62373.7890625,62495.01953125,62373.7890625,62494.05078125,0
2026-06-07 08:41:00+00:00,62423.4609375,62434.05859375,62406.76171875,62415.0,162066432
2026-06-07 08:42:00+00:00,62415.359375,62462.26953125,62396.55078125,62440.05859375,0
2026-06-07 08:43:00+00:00,62502.37109375,62502.37109375,62415.328125,62423.671875,6576128
2026-06-07 08:44:00+00:00,62531.96875,62532.73828125,62495.94140625,62509.7109375,0
2026-06-07 08:45:00+00:00,62568.69921875,62607.01171875,62531.12890625,62531.12890625,167270400
2026-06-07 08:46:00+00:00,62708.1796875,62708.1796875,62580.01171875,62580.01171875,3020800
2026-06-07 08:47:00+00:00,62765.859375,62768.66015625,62704.0,62731.078125,41017344
2026-06-07 08:48:00+00:00,62789.51171875,62900.87109375,62754.421875,62754.421875,7151616
2026-06-07 08:49:00+00:00,62750.23828125,62780.0,62731.4609375,62759.62890625,0
2026-06-07 08:50:00+00:00,62774.30078125,62787.7890625,62743.91015625,62750.5703125,138772480
2026-06-07 08:51:00+00:00,62769.75,62787.7890625,62745.109375,62769.03125,15149056
2026-06-07 08:52:00+00:00,62731.4609375,62784.66015625,62731.4609375,62784.66015625,2813952
2026-06-07 08:53:00+00:00,62709.83984375,62755.23828125,62702.51171875,62702.51171875,136695808
2026-06-07 08:54:00+00:00,62825.3515625,62825.3515625,62706.421875,62706.421875,4608000
2026-06-07 08:55:00+00:00,62842.91015625,62848.5,62797.03125,62797.53125,0
2026-06-07 08:56:00+00:00,62790.01171875,62831.6796875,62784.01171875,62831.6796875,143620096
2026-06-07 08:57:00+00:00,62837.87109375,62837.87109375,62742.01171875,62779.98046875,6582272
2026-06-07 08:58:00+00:00,62803.23046875,62831.62109375,62796.140625,62831.62109375,18774016
2026-06-07 08:59:00+00:00,62826.8515625,62834.73828125,62783.98828125,62797.19140625,232536064
2026-06-07 09:00:00+00:00,62753.390625,62821.94921875,62753.359375,62821.94921875,0
2026-06-07 09:01:00+00:00,62815.5703125,62815.5703125,62753.9609375,62753.9609375,3420160
2026-06-07 09:02:00+00:00,62834.01171875,62847.26953125,62807.671875,62812.9609375,55982080
2026-06-07 09:03:00+00:00,62762.75,62824.78125,62756.5,62815.96875,0
2026-06-07 09:04:00+00:00,62794.05859375,62827.91015625,62768.0,62768.0,505856
2026-06-07 09:05:00+00:00,62825.3515625,62825.3515625,62777.96875,62777.96875,0
2026-06-07 09:06:00+00:00,62831.62109375,62856.76171875,62831.62109375,62833.421875,78708736
2026-06-07 09:07:00+00:00,62843.01171875,62872.30859375,62830.0390625,62830.05078125,3176448
2026-06-07 09:08:00+00:00,62778.41015625,62846.109375,62778.3984375,62830.0,36057088
2026-06-07 09:09:00+00:00,62775.26171875,62783.37890625,62765.890625,62780.1484375,9170944
2026-06-07 09:10:00+00:00,62817.87109375,62817.87109375,62769.390625,62769.390625,0
2026-06-07 09:11:00+00:00,62784.671875,62820.5703125,62784.671875,62816.640625,5971968
2026-06-07 09:12:00+00:00,62718.0,62779.1484375,62709.55078125,62779.1484375,72022016
2026-06-07 09:13:00+00:00,62746.3203125,62746.3203125,62689.44140625,62710.01953125,0
2026-06-07 09:14:00+00:00,62800.46875,62804.9296875,62740.6015625,62740.6015625,198189056
2026-06-07 09:15:00+00:00,62856.66015625,62856.66015625,62778.41015625,62797.30859375,2424832
2026-06-07 09:16:00+00:00,62722.0703125,62831.62109375,62722.0703125,62831.62109375,0
2026-06-07 09:17:00+00:00,62782.1484375,62799.01953125,62722.3984375,62736.0703125,0
2026-06-07 09:18:00+00:00,62782.26171875,62799.01953125,62769.03125,62787.58984375,9715712
2026-06-07 09:19:00+00:00,62757.3515625,62785.98828125,62757.3515625,62785.98828125,0
2026-06-07 09:20:00+00:00,62718.9609375,62740.8515625,62711.0,62740.8515625,0
2026-06-07 09:21:00+00:00,62706.44921875,62740.83984375,62706.44921875,62722.078125,0
2026-06-07 09:22:00+00:00,62701.76171875,62722.109375,62691.48046875,62708.87890625,3280896
2026-06-07 09:23:00+00:00,62631.30078125,62677.26953125,62617.87890625,62677.26953125,49729536
2026-06-07 09:24:00+00:00,62634.671875,62637.01953125,62583.12109375,62637.01953125,2152448
2026-06-07 09:25:00+00:00,62621.890625,62638.03125,62603.12890625,62636.78125,0
2026-06-07 09:26:00+00:00,62600.96875,62625.0,62574.96875,62625.0,1773568
2026-06-07 09:27:00+00:00,62609.01171875,62638.4609375,62603.05078125,62604.5390625,490135552
2026-06-07 09:28:00+00:00,62626.94921875,62636.62890625,62615.3203125,62615.3203125,0
2026-06-07 09:29:00+00:00,62665.71875,62666.78125,62632.76953125,62635.0703125,217804800
2026-06-07 09:30:00+00:00,62606.62109375,62662.83984375,62606.62109375,62661.46875,0
2026-06-07 09:31:00+00:00,62553.0703125,62588.0390625,62548.26953125,62588.0390625,50298880
2026-06-07 09:32:00+00:00,62590.62109375,62600.01171875,62550.23046875,62550.23046875,0
2026-06-07 09:33:00+00:00,62540.44921875,62571.828125,62527.96875,62571.828125,0
2026-06-07 09:34:00+00:00,62531.12890625,62553.2109375,62520.01171875,62540.078125,59609088
2026-06-07 09:35:00+00:00,62511.28125,62558.2109375,62511.28125,62550.0,64135168
2026-06-07 09:36:00+00:00,62471.98046875,62524.87109375,62471.98046875,62518.98046875,544768
2026-06-07 09:37:00+00:00,62496.4296875,62503.828125,62482.98828125,62482.98828125,0
2026-06-07 09:38:00+00:00,62524.51953125,62526.03125,62499.8515625,62502.9609375,3164160
2026-06-07 09:39:00+00:00,62571.7890625,62578.01171875,62534.26171875,62534.26171875,0
2026-06-07 09:40:00+00:00,62496.7109375,62569.91015625,62496.7109375,62564.19921875,0
2026-06-07 09:41:00+00:00,62504.01171875,62512.12109375,62493.01953125,62506.08984375,0
2026-06-07 09:42:00+00:00,62536.01953125,62540.87890625,62496.71875,62496.71875,0
2026-06-07 09:43:00+00:00,62534.03125,62548.140625,62528.26171875,62540.69140625,3045376
2026-06-07 09:44:00+00:00,62502.0,62548.28125,62500.0,62534.03125,443412480
2026-06-07 09:45:00+00:00,62518.609375,62521.5390625,62509.23046875,62512.62890625,0
2026-06-07 09:46:00+00:00,62492.9296875,62518.609375,62492.9296875,62513.05078125,42950656
2026-06-07 09:47:00+00:00,62396.5390625,62484.578125,62385.28125,62484.578125,0
2026-06-07 09:48:00+00:00,62398.078125,62425.80859375,62397.98828125,62407.5390625,133206016
2026-06-07 09:49:00+00:00,62434.859375,62443.48046875,62397.3515625,62397.3515625,0
2026-06-07 09:50:00+00:00,62503.0703125,62503.0703125,62434.109375,62434.109375,966656
2026-06-07 09:51:00+00:00,62568.6796875,62568.6796875,62493.578125,62493.578125,11327488
2026-06-07 09:52:00+00:00,62592.55859375,62593.73046875,62560.83984375,62564.01171875,0
2026-06-07 09:53:00+00:00,62596.859375,62596.859375,62571.171875,62581.01953125,0
2026-06-07 09:54:00+00:00,62540.05078125,62587.48046875,62537.3984375,62587.48046875,0
2026-06-07 09:55:00+00:00,62520.08984375,62544.03125,62510.3515625,62540.03125,7813120
2026-06-07 09:56:00+00:00,62498.78125,62526.33984375,62498.78125,62519.03125,129945600
2026-06-07 09:57:00+00:00,62522.46875,62524.5,62500.26171875,62508.01953125,0
2026-06-07 09:58:00+00:00,62535.6796875,62535.6796875,62506.109375,62515.48828125,0
2026-06-07 09:59:00+00:00,62504.25,62518.62109375,62479.01953125,62518.62109375,14485504
2026-06-07 10:00:00+00:00,62487.328125,62534.26171875,62487.328125,62508.671875,0
2026-06-07 10:01:00+00:00,62390.55859375,62468.41015625,62390.37890625,62462.26953125,3299328
2026-06-07 10:02:00+00:00,62379.98828125,62393.41015625,62358.98828125,62381.140625,0
2026-06-07 10:03:00+00:00,62386.21875,62390.30078125,62368.37890625,62372.0,0
2026-06-07 10:04:00+00:00,62407.69140625,62427.30078125,62390.7890625,62390.7890625,0
2026-06-07 10:05:00+00:00,62373.21875,62405.921875,62373.21875,62403.94921875,0
2026-06-07 10:06:00+00:00,62375.48046875,62392.3203125,62368.37890625,62368.37890625,1933312
2026-06-07 10:07:00+00:00,62378.51953125,62392.05859375,62368.390625,62368.390625,0
2026-06-07 10:08:00+00:00,62384.01171875,62399.671875,62380.890625,62380.890625,602574848
2026-06-07 10:09:00+00:00,62355.109375,62377.76953125,62354.01171875,62377.76953125,0
2026-06-07 10:10:00+00:00,62354.390625,62371.12890625,62354.390625,62362.109375,0
2026-06-07 10:11:00+00:00,62390.26953125,62390.26953125,62372.73046875,62377.0703125,0
2026-06-07 10:12:00+00:00,62420.4296875,62425.578125,62396.5390625,62396.5390625,300484608
2026-06-07 10:13:00+00:00,62402.7890625,62435.16015625,62402.7890625,62416.98828125,0
2026-06-07 10:14:00+00:00,62376.80859375,62404.0,62355.69140625,62402.76953125,0
2026-06-07 10:15:00+00:00,62431.16015625,62431.16015625,62377.76953125,62377.76953125,0
2026-06-07 10:16:00+00:00,62420.01953125,62446.421875,62377.76953125,62446.30078125,1339392
2026-06-07 10:17:00+00:00,62419.19140625,62419.19140625,62384.03125,62402.80859375,21360640
2026-06-07 10:18:00+00:00,62402.80859375,62437.23046875,62402.80859375,62430.0703125,0
2026-06-07 10:19:00+00:00,62390.75,62405.9296875,62387.0390625,62399.6796875,0
2026-06-07 10:20:00+00:00,62390.28125,62396.5390625,62369.05859375,62374.91015625,0
2026-06-07 10:21:00+00:00,62406.62109375,62418.44921875,62385.76953125,62385.76953125,398829568
2026-06-07 10:22:00+00:00,62481.05078125,62481.05078125,62399.7109375,62399.7109375,0
2026-06-07 10:23:00+00:00,62484.16015625,62484.16015625,62456.03125,62478.12890625,18640896
2026-06-07 10:24:00+00:00,62512.51953125,62517.30859375,62490.44140625,62490.44140625,0
2026-06-07 10:25:00+00:00,62542.921875,62542.921875,62496.71875,62512.51953125,0
2026-06-07 10:26:00+00:00,62503.28125,62512.37109375,62484.19140625,62512.37109375,0
2026-06-07 10:27:00+00:00,62469.859375,62496.26953125,62459.1484375,62496.26953125,12052480
2026-06-07 10:28:00+00:00,62477.1484375,62477.1484375,62445.859375,62456.01953125,0
2026-06-07 10:29:00+00:00,62489.2109375,62492.58984375,62474.0703125,62477.1484375,0
2026-06-07 10:30:00+00:00,62504.7890625,62513.69140625,62468.01171875,62468.01171875,0
2026-06-07 10:31:00+00:00,62500.37890625,62529.98828125,62497.73046875,62512.3515625,0
2026-06-07 10:32:00+00:00,62443.48828125,62490.44921875,62418.4609375,62490.44921875,85268480
2026-06-07 10:33:00+00:00,62364.28125,62428.62109375,62348.640625,62427.8515625,0
2026-06-07 10:34:00+00:00,62436.19921875,62436.19921875,62367.98046875,62367.98046875,16263168
2026-06-07 10:35:00+00:00,62446.640625,62462.5,62430.98046875,62442.0,0
2026-06-07 10:36:00+00:00,62390.2890625,62445.3984375,62379.98046875,62434.109375,0
2026-06-07 10:37:00+00:00,62334.0,62406.390625,62334.0,62401.1796875,0
2026-06-07 10:38:00+00:00,62312.2890625,62346.4609375,62302.5,62340.19921875,683235328
2026-06-07 10:39:00+00:00,62333.94921875,62342.3984375,62314.80859375,62314.80859375,0
2026-06-07 10:40:00+00:00,62299.51171875,62336.26953125,62285.66015625,62333.55078125,0
2026-06-07 10:41:00+00:00,62293.58984375,62306.4296875,62290.0,62299.48828125,0
2026-06-07 10:42:00+00:00,62314.1015625,62314.1015625,62305.76953125,62305.76953125,0
2026-06-07 10:43:00+00:00,62308.91015625,62340.19921875,62302.6484375,62318.2890625,0
2026-06-07 10:44:00+00:00,62339.609375,62339.609375,62302.6484375,62308.91015625,0
2026-06-07 10:45:00+00:00,62327.6796875,62336.109375,62321.96875,62336.109375,0
2026-06-07 10:46:00+00:00,62294.6484375,62331.21875,62294.6484375,62323.6015625,0
2026-06-07 10:47:00+00:00,62305.76171875,62305.76953125,62280.73828125,62296.578125,64690176
2026-06-07 10:48:00+00:00,62283.859375,62305.96875,62277.609375,62305.96875,0
2026-06-07 10:49:00+00:00,62385.76171875,62400.0,62283.859375,62283.859375,116195328
2026-06-07 10:50:00+00:00,62324.5703125,62362.83984375,62324.5703125,62362.83984375,0
2026-06-07 10:51:00+00:00,62336.0390625,62336.05078125,62296.390625,62318.30078125,0
2026-06-07 10:52:00+00:00,62374.0,62398.12109375,62346.4609375,62346.4609375,315392
2026-06-07 10:53:00+00:00,62355.87109375,62371.98828125,62346.46875,62365.25,13535232
2026-06-07 10:54:00+00:00,62360.3984375,62362.30859375,62340.98828125,62343.3515625,15562752
2026-06-07 10:55:00+00:00,62368.80859375,62371.5,62350.87109375,62367.96875,0
2026-06-07 10:56:00+00:00,62393.44921875,62394.41015625,62368.80859375,62368.80859375,0
2026-06-07 10:57:00+00:00,62428.76953125,62434.1015625,62397.91015625,62397.91015625,558659584
2026-06-07 10:58:00+00:00,62355.83984375,62421.6015625,62337.53125,62420.03125,0
2026-06-07 10:59:00+00:00,62345.37109375,62355.83984375,62330.0,62344.0,0
2026-06-07 11:00:00+00:00,62395.01171875,62409.5,62345.76953125,62345.76953125,132055040
2026-06-07 11:01:00+00:00,62395.98046875,62409.05859375,62380.87109375,62409.05859375,0
2026-06-07 11:02:00+00:00,62369.12890625,62402.30859375,62368.390625,62395.98046875,0
2026-06-07 11:03:00+00:00,62376.828125,62376.828125,62349.6015625,62349.6015625,0
2026-06-07 11:04:00+00:00,62348.01171875,62388.12890625,62334.0,62388.12890625,0
2026-06-07 11:05:00+00:00,62393.96875,62398.9609375,62346.55078125,62346.55078125,52770816
2026-06-07 11:06:00+00:00,62386.5,62436.48828125,62380.8984375,62380.8984375,0
2026-06-07 11:07:00+00:00,62372.73046875,62379.2890625,62342.109375,62371.3203125,0
2026-06-07 11:08:00+00:00,62443.5,62443.5,62377.41015625,62377.41015625,0
2026-06-07 11:09:00+00:00,62493.5703125,62493.5703125,62433.671875,62444.53125,121217024
2026-06-07 11:10:00+00:00,62493.578125,62496.0,62452.890625,62492.0,0
2026-06-07 11:11:00+00:00,62482.83984375,62499.7890625,62477.5703125,62492.01171875,0
2026-06-07 11:12:00+00:00,62430.0,62482.83984375,62430.0,62482.83984375,0
2026-06-07 11:13:00+00:00,62444.80859375,62454.98828125,62410.0,62415.328125,4347904
2026-06-07 11:14:00+00:00,62443.421875,62459.12109375,62434.62890625,62447.98828125,0
2026-06-07 11:15:00+00:00,62400.76171875,62439.69140625,62396.109375,62427.8515625,0
2026-06-07 11:16:00+00:00,62446.0,62450.46875,62406.8984375,62406.8984375,768000
2026-06-07 11:17:00+00:00,62490.44140625,62490.44140625,62448.78125,62448.78125,0
2026-06-07 11:18:00+00:00,62464.03125,62484.19921875,62459.171875,62484.19921875,0
2026-06-07 11:19:00+00:00,62436.0,62459.1484375,62409.33984375,62459.1484375,0
2026-06-07 11:20:00+00:00,62468.5390625,62475.80859375,62432.4296875,62442.01171875,545662976
2026-06-07 11:21:00+00:00,62442.5,62471.6015625,62442.5,62468.5390625,0
2026-06-07 11:22:00+00:00,62490.44140625,62495.0,62459.12890625,62459.12890625,0
2026-06-07 11:23:00+00:00,62499.98828125,62499.98828125,62485.48046875,62490.44921875,0
2026-06-07 11:24:00+00:00,62521.5703125,62521.75,62496.16015625,62499.98828125,115576832
2026-06-07 11:25:00+00:00,62509.23046875,62530.69921875,62502.03125,62521.5703125,0
2026-06-07 11:26:00+00:00,62498.80859375,62533.98828125,62498.80859375,62506.1015625,0
2026-06-07 11:27:00+00:00,62487.3203125,62515.48046875,62487.3203125,62493.58984375,0
2026-06-07 11:28:00+00:00,62516.94921875,62516.94921875,62487.3203125,62487.3203125,0
2026-06-07 11:29:00+00:00,62501.1796875,62524.87109375,62501.1796875,62511.4609375,141258752
2026-06-07 11:30:00+00:00,62493.578125,62506.98828125,62484.19140625,62493.578125,0
2026-06-07 11:31:00+00:00,62527.12109375,62534.78125,62491.98828125,62491.98828125,196608
2026-06-07 11:32:00+00:00,62504.73046875,62539.05078125,62504.73046875,62529.98828125,0
2026-06-07 11:33:00+00:00,62475.2109375,62502.9609375,62462.28125,62498.859375,0
2026-06-07 11:34:00+00:00,62454.80078125,62472.01953125,62429.01171875,62472.01953125,0
2026-06-07 11:35:00+00:00,62506.109375,62514.3984375,62474.62890625,62474.62890625,0
2026-06-07 11:36:00+00:00,62606.08984375,62612.21875,62521.75,62521.75,0
2026-06-07 11:37:00+00:00,62600.0,62606.26171875,62590.6015625,62593.75,0
2026-06-07 11:38:00+00:00,62621.94921875,62636.08984375,62593.73828125,62593.73828125,0
2026-06-07 11:39:00+00:00,62609.3984375,62637.6015625,62607.62890625,62626.640625,0
2026-06-07 11:40:00+00:00,62621.890625,62625.03125,62607.62890625,62618.76953125,3708928
2026-06-07 11:41:00+00:00,62615.6484375,62637.5390625,62615.6484375,62618.78125,0
2026-06-07 11:42:00+00:00,62628.1015625,62638.76953125,62619.98046875,62619.98828125,0
2026-06-07 11:43:00+00:00,62646.44921875,62646.44921875,62628.3984375,62631.6015625,110596096
2026-06-07 11:44:00+00:00,62653.19921875,62653.19921875,62646.23828125,62650.87109375,0
2026-06-07 11:45:00+00:00,62661.73828125,62662.76953125,62645.01171875,62661.828125,0
2026-06-07 11:46:00+00:00,62691.33984375,62691.33984375,62647.16015625,62655.98828125,121364480
2026-06-07 11:47:00+00:00,62716.01953125,62732.140625,62685.98828125,62685.98828125,1339392
2026-06-07 11:48:00+00:00,62684.51171875,62716.30859375,62676.01953125,62716.30859375,6055936
2026-06-07 11:49:00+00:00,62726.01171875,62726.01171875,62680.578125,62682.33984375,0
2026-06-07 11:50:00+00:00,62637.37109375,62714.9296875,62637.37109375,62714.9296875,126117888
2026-06-07 11:51:00+00:00,62593.73828125,62643.76171875,62577.078125,62643.76171875,0
2026-06-07 11:52:00+00:00,62574.0390625,62599.98828125,62567.44140625,62590.62109375,122961920
2026-06-07 11:53:00+00:00,62586.01953125,62598.1484375,62563.44921875,62588.1015625,0
2026-06-07 11:54:00+00:00,62639.44140625,62639.44140625,62582.01171875,62583.98046875,0
2026-06-07 11:55:00+00:00,62544.37109375,62639.44140625,62544.37109375,62639.44140625,9549824
2026-06-07 11:56:00+00:00,62587.46875,62587.46875,62548.80859375,62548.80859375,208168960
2026-06-07 11:57:00+00:00,62571.7109375,62591.62890625,62571.7109375,62586.66015625,2433024
2026-06-07 11:58:00+00:00,62588.03125,62634.4296875,62574.25,62581.75,0
2026-06-07 11:59:00+00:00,62599.98828125,62618.76953125,62590.98046875,62590.98046875,69507072
2026-06-07 12:00:00+00:00,62596.859375,62600.98046875,62574.109375,62600.0390625,0
2026-06-07 12:01:00+00:00,62603.140625,62612.51171875,62590.609375,62594.078125,356352
2026-06-07 12:02:00+00:00,62543.12109375,62603.140625,62540.5390625,62603.140625,41281536
2026-06-07 12:03:00+00:00,62568.69921875,62603.21875,62543.69921875,62553.0390625,0
2026-06-07 12:04:00+00:00,62608.98828125,62618.83984375,62571.8203125,62571.8203125,175187968
2026-06-07 12:05:00+00:00,62619.609375,62622.94921875,62600.01953125,62609.01953125,0
2026-06-07 12:06:00+00:00,62564.890625,62612.51953125,62562.44140625,62612.51953125,13651968
2026-06-07 12:07:00+00:00,62552.1796875,62602.6015625,62552.1796875,62564.890625,430080
2026-06-07 12:08:00+00:00,62534.26953125,62574.8203125,62534.26953125,62562.4296875,0
2026-06-07 12:09:00+00:00,62399.73828125,62543.6484375,62370.0,62521.73828125,0
2026-06-07 12:10:00+00:00,62265.08984375,62419.30078125,62221.44921875,62412.03125,0
2026-06-07 12:11:00+00:00,62210.5,62315.16015625,62190.01171875,62315.16015625,0
2026-06-07 12:12:00+00:00,62164.66015625,62272.6484375,62133.01953125,62218.0703125,6699008
2026-06-07 12:13:00+00:00,62068.0,62168.05078125,62068.0,62121.109375,0
2026-06-07 12:14:00+00:00,62063.9296875,62137.359375,62049.44921875,62094.03125,200065024
2026-06-07 12:15:00+00:00,62189.98046875,62198.0,62096.0703125,62096.0703125,0
2026-06-07 12:16:00+00:00,62097.23828125,62202.48046875,62080.62890625,62189.96875,11274240
2026-06-07 12:17:00+00:00,61919.19140625,62118.609375,61919.19140625,62118.609375,59951104
2026-06-07 12:18:00+00:00,61938.0,61991.62109375,61936.8203125,61991.62109375,5818368
2026-06-07 12:19:00+00:00,61970.87109375,62031.91015625,61939.4296875,61986.51953125,2697216
2026-06-07 12:20:00+00:00,62047.30859375,62071.01953125,62036.6015625,62062.3203125,0
2026-06-07 12:21:00+00:00,62074.16015625,62117.9609375,62052.171875,62052.171875,0
2026-06-07 12:22:00+00:00,61940.01171875,62061.640625,61938.109375,62049.12890625,152467456
2026-06-07 12:23:00+00:00,61920.7890625,61985.01171875,61920.7890625,61954.66015625,133756928
2026-06-07 12:24:00+00:00,61936.44921875,61970.05078125,61913.83984375,61913.83984375,14520320
2026-06-07 12:25:00+00:00,61937.26953125,61948.55078125,61902.01171875,61948.01171875,1980416
2026-06-07 12:26:00+00:00,61926.98046875,61952.08984375,61917.41015625,61936.4296875,0
2026-06-07 12:27:00+00:00,61939.5703125,61944.33984375,61911.3984375,61911.3984375,0
2026-06-07 12:28:00+00:00,61950.0,61994.91015625,61929.98828125,61929.98828125,121993216
2026-06-07 12:29:00+00:00,61913.30859375,61955.2109375,61898.890625,61939.5703125,0
2026-06-07 12:30:00+00:00,61886.3515625,61926.0,61858.19921875,61926.0,5572608
2026-06-07 12:31:00+00:00,61883.55078125,61893.55078125,61861.3203125,61876.96875,0
2026-06-07 12:32:00+00:00,61861.328125,61918.0,61861.328125,61877.98828125,43499520
2026-06-07 12:33:00+00:00,61775.0,61861.2890625,61775.0,61847.05859375,2226176
2026-06-07 12:34:00+00:00,61744.01953125,61795.0,61691.578125,61795.0,0
2026-06-07 12:35:00+00:00,61811.76171875,61861.4296875,61765.98046875,61765.98046875,659040256
2026-06-07 12:36:00+00:00,61801.8515625,61820.98828125,61786.30859375,61797.98828125,23795712
2026-06-07 12:37:00+00:00,61789.3203125,61798.7109375,61758.5390625,61767.421875,0
2026-06-07 12:38:00+00:00,61871.8203125,61873.12890625,61754.8984375,61788.69921875,51243008
2026-06-07 12:39:00+00:00,61861.48046875,61883.0,61830.41015625,61866.1484375,0
2026-06-07 12:40:00+00:00,61826.890625,61893.62109375,61818.05859375,61867.5703125,114685952
2026-06-07 12:41:00+00:00,61764.28125,61818.01171875,61737.8984375,61818.01171875,267059200
2026-06-07 12:42:00+00:00,61596.0,61779.9296875,61596.0,61779.9296875,0
2026-06-07 12:43:00+00:00,61661.98828125,61686.0,61598.91015625,61602.30859375,5609472
2026-06-07 12:44:00+00:00,61621.53125,61659.6484375,61573.98828125,61657.859375,25192448
2026-06-07 12:45:00+00:00,61700.01171875,61710.01171875,61608.12890625,61608.12890625,18522112
2026-06-07 12:46:00+00:00,61774.01171875,61774.01171875,61712.01171875,61714.19921875,0
2026-06-07 12:47:00+00:00,61797.05859375,61797.05859375,61771.98828125,61771.98828125,0
2026-06-07 12:48:00+00:00,61786.19140625,61801.26171875,61769.96875,61795.23828125,242120704
2026-06-07 12:49:00+00:00,61824.98046875,61824.98046875,61786.0,61791.0,0
2026-06-07 12:50:00+00:00,61818.03125,61820.390625,61794.76953125,61817.5,92563456
2026-06-07 12:51:00+00:00,61833.140625,61839.3984375,61820.0,61820.0,804864
2026-06-07 12:52:00+00:00,61776.80859375,61816.9609375,61772.859375,61811.23828125,0
2026-06-07 12:53:00+00:00,61717.98828125,61768.75,61717.98828125,61768.75,119193600
2026-06-07 12:54:00+00:00,61831.19140625,61831.19140625,61736.12109375,61736.12109375,0
2026-06-07 12:55:00+00:00,61801.37890625,61830.7890625,61798.71875,61830.7890625,4018176
2026-06-07 12:56:00+00:00,61793.98046875,61805.37109375,61787.98046875,61803.69921875,69259264
2026-06-07 12:57:00+00:00,61918.05078125,61928.80078125,61801.8515625,61801.8515625,1173504
2026-06-07 12:58:00+00:00,61916.73828125,61972.78125,61908.26953125,61917.66015625,0
2026-06-07 12:59:00+00:00,61873.640625,61908.26953125,61867.2109375,61908.26953125,165562368
2026-06-07 13:00:00+00:00,61801.51953125,61860.16015625,61792.4609375,61860.16015625,0
2026-06-07 13:01:00+00:00,61838.48046875,61838.48046875,61795.921875,61811.23046875,0
2026-06-07 13:02:00+00:00,61798.73046875,61836.26953125,61798.73046875,61833.16015625,93775872
2026-06-07 13:03:00+00:00,61770.5703125,61794.0,61758.87890625,61794.0,0
2026-06-07 13:04:00+00:00,61754.8984375,61792.44921875,61754.8984375,61776.98828125,0
2026-06-07 13:05:00+00:00,61725.7890625,61761.16015625,61725.7890625,61737.98828125,52916224
2026-06-07 13:06:00+00:00,61716.0,61747.078125,61716.0,61718.7890625,0
2026-06-07 13:07:00+00:00,61708.1015625,61729.01953125,61686.0390625,61729.01953125,117727232
2026-06-07 13:08:00+00:00,61715.94140625,61774.0,61707.94921875,61707.94921875,0
2026-06-07 13:09:00+00:00,61713.98046875,61721.03125,61678.671875,61698.55859375,11503616
2026-06-07 13:10:00+00:00,61695.53125,61698.0,61677.9609375,61682.91015625,8247296
2026-06-07 13:11:00+00:00,61725.53125,61753.73828125,61690.30078125,61714.19921875,166782976
2026-06-07 13:12:00+00:00,61642.62890625,61717.33984375,61636.55078125,61717.33984375,194560
2026-06-07 13:13:00+00:00,61664.12109375,61670.01953125,61634.0,61634.0,9054208
2026-06-07 13:14:00+00:00,61744.0,61744.0,61673.96875,61677.98828125,0
2026-06-07 13:15:00+00:00,61679.7890625,61776.671875,61679.7890625,61758.80859375,158150656
2026-06-07 13:16:00+00:00,61675.98046875,61687.12109375,61639.58984375,61678.6015625,4159488
2026-06-07 13:17:00+00:00,61655.6796875,61667.26171875,61636.921875,61667.26171875,100593664
2026-06-07 13:18:00+00:00,61686.0390625,61714.19921875,61669.921875,61670.37890625,882688
2026-06-07 13:19:00+00:00,61664.12109375,61711.01953125,61637.98828125,61701.69140625,0
2026-06-07 13:20:00+00:00,61657.859375,61661.01171875,61639.98046875,61639.98046875,0
2026-06-07 13:21:00+00:00,61662.30078125,61687.109375,61644.859375,61675.0,0
2026-06-07 13:22:00+00:00,61674.1796875,61699.578125,61663.44140625,61663.44140625,53164032
2026-06-07 13:23:00+00:00,61679.76953125,61679.76953125,61662.44140625,61670.53125,39004160
2026-06-07 13:24:00+00:00,61698.6015625,61702.0390625,61692.2890625,61692.2890625,0
2026-06-07 13:25:00+00:00,61680.12890625,61698.6015625,61663.671875,61698.6015625,1673216
2026-06-07 13:26:00+00:00,61723.5703125,61725.0,61688.4609375,61688.4609375,558200832
2026-06-07 13:27:00+00:00,61753.890625,61753.890625,61720.05859375,61722.1796875,0
2026-06-07 13:28:00+00:00,61808.109375,61822.21875,61786.19140625,61786.19140625,0
2026-06-07 13:29:00+00:00,61816.03125,61820.62109375,61786.01171875,61801.87109375,0
2026-06-07 13:30:00+00:00,61770.5390625,61813.98828125,61764.53125,61813.44921875,0
2026-06-07 13:31:00+00:00,61830.05078125,61830.05078125,61774.48828125,61774.48828125,7407616
2026-06-07 13:32:00+00:00,61803.0703125,61873.828125,61803.0703125,61839.3984375,0
2026-06-07 13:33:00+00:00,61801.8515625,61815.98046875,61770.55859375,61786.55078125,11304960
2026-06-07 13:34:00+00:00,61823.26953125,61823.26953125,61801.8515625,61808.01171875,2312192
2026-06-07 13:35:00+00:00,61769.2890625,61811.25,61764.30078125,61811.25,0
2026-06-07 13:36:00+00:00,61700.0390625,61783.98046875,61700.0390625,61770.25,75186176
2026-06-07 13:37:00+00:00,61643.9609375,61701.26171875,61643.9609375,61701.26171875,331776
2026-06-07 13:38:00+00:00,61690.921875,61701.6796875,61652.62109375,61660.01953125,0
2026-06-07 13:39:00+00:00,61707.96875,61707.96875,61692.30078125,61704.80859375,115746816
2026-06-07 13:40:00+00:00,61673.53125,61713.28125,61673.53125,61710.9609375,0
2026-06-07 13:41:00+00:00,61672.1796875,61696.55078125,61664.1484375,61677.33984375,55748608
2026-06-07 13:42:00+00:00,61711.0703125,61714.0,61686.078125,61694.3515625,0
2026-06-07 13:43:00+00:00,61703.26953125,61704.37890625,61681.4296875,61698.9609375,0
2026-06-07 13:44:00+00:00,61713.62890625,61723.76953125,61707.9609375,61713.890625,0
2026-06-07 13:45:00+00:00,61716.3984375,61735.5,61714.21875,61720.4609375,0
2026-06-07 13:46:00+00:00,61742.37109375,61742.37109375,61714.21875,61714.21875,3020800
2026-06-07 13:47:00+00:00,61721.671875,61746.62890625,61717.33984375,61746.62890625,0
2026-06-07 13:48:00+00:00,61688.01953125,61710.0,61684.26171875,61710.0,111181824
2026-06-07 13:49:00+00:00,61682.0,61710.03125,61662.8984375,61694.3984375,0
2026-06-07 13:50:00+00:00,61754.859375,61754.859375,61680.62109375,61680.62109375,217948160
2026-06-07 13:51:00+00:00,61748.44921875,61773.98828125,61745.51171875,61748.6484375,0
2026-06-07 13:52:00+00:00,61781.33984375,61795.578125,61745.01953125,61750.53125,8998912
2026-06-07 13:53:00+00:00,61747.2109375,61789.3203125,61734.01171875,61789.3203125,0
2026-06-07 13:54:00+00:00,61698.55859375,61751.75,61698.55859375,61747.2109375,0
2026-06-07 13:55:00+00:00,61745.51953125,61761.44140625,61694.98046875,61694.98046875,0
2026-06-07 13:56:00+00:00,61755.75,61755.75,61727.26171875,61747.3203125,0
2026-06-07 13:57:00+00:00,61736.12890625,61748.640625,61735.421875,61736.5,29147136
2026-06-07 13:58:00+00:00,61698.55078125,61748.62890625,61695.421875,61745.51171875,0
2026-06-07 13:59:00+00:00,61676.6484375,61705.421875,61676.6484375,61702.46875,604215296
2026-06-07 14:00:00+00:00,61710.44921875,61714.1796875,61671.109375,61673.53125,0
2026-06-07 14:01:00+00:00,61732.01953125,61742.01171875,61711.01953125,61711.01953125,0
2026-06-07 14:02:00+00:00,61764.53125,61770.5390625,61711.78125,61735.94140625,0
2026-06-07 14:03:00+00:00,61745.23828125,61763.7109375,61730.28125,61762.75,67776512
2026-06-07 14:04:00+00:00,61729.8515625,61758.03125,61723.609375,61745.5390625,1853440
2026-06-07 14:05:00+00:00,61766.0,61766.0,61719.87890625,61734.41015625,81190912
2026-06-07 14:06:00+00:00,61743.80078125,61766.12109375,61729.94921875,61765.2109375,0
2026-06-07 14:07:00+00:00,61749.83984375,61759.421875,61732.98828125,61742.921875,0
2026-06-07 14:08:00+00:00,61739.26171875,61761.98828125,61733.9296875,61751.76953125,162686976
2026-06-07 14:09:00+00:00,61740.0390625,61749.08984375,61736.12109375,61742.37109375,0
2026-06-07 14:10:00+00:00,61739.26171875,61761.1484375,61732.98828125,61732.98828125,0
2026-06-07 14:11:00+00:00,61759.87109375,61763.80859375,61742.37109375,61742.37109375,0
2026-06-07 14:12:00+00:00,61773.37109375,61778.75,61768.91015625,61768.921875,0
2026-06-07 14:13:00+00:00,61794.0,61794.0,61773.69921875,61784.2109375,0
2026-06-07 14:14:00+00:00,61761.171875,61794.01171875,61761.16015625,61794.0,0
2026-06-07 14:15:00+00:00,61736.01953125,61748.0,61724.19140625,61729.87109375,1157120
2026-06-07 14:16:00+00:00,61785.98046875,61785.98046875,61757.98828125,61758.0,0
2026-06-07 14:17:00+00:00,61870.69921875,61870.69921875,61785.98828125,61785.98828125,0
2026-06-07 14:18:00+00:00,61909.08984375,61909.08984375,61858.19921875,61858.19921875,115277824
2026-06-07 14:19:00+00:00,61899.8984375,61899.8984375,61842.5390625,61889.48828125,0
2026-06-07 14:20:00+00:00,61997.96875,62039.71875,61871.4296875,61886.359375,0
2026-06-07 14:21:00+00:00,61898.87109375,61950.30078125,61884.01953125,61950.30078125,108339200
2026-06-07 14:22:00+00:00,62027.19921875,62027.19921875,61883.5390625,61893.03125,0
2026-06-07 14:23:00+00:00,61995.921875,62027.2109375,61964.62109375,62005.30078125,108503040
2026-06-07 14:24:00+00:00,62015.53125,62026.0,61970.87109375,62008.05078125,7553024
2026-06-07 14:25:00+00:00,62100.94921875,62102.78125,62029.51171875,62029.51171875,6045696
2026-06-07 14:26:00+00:00,62041.8515625,62077.2890625,62041.8515625,62077.2890625,0
2026-06-07 14:27:00+00:00,62043.390625,62105.4609375,62043.37890625,62077.28125,114956288
2026-06-07 14:28:00+00:00,62021.05078125,62040.16015625,62002.12890625,62040.0,0
2026-06-07 14:29:00+00:00,62053.2890625,62054.62109375,62017.3515625,62022.01171875,9383936
2026-06-07 14:30:00+00:00,62193.37109375,62197.05078125,62064.76171875,62064.76171875,111259648
2026-06-07 14:31:00+00:00,62199.51171875,62214.69140625,62171.05078125,62192.12109375,4059136
2026-06-07 14:32:00+00:00,62219.69140625,62250.01171875,62188.01171875,62250.01171875,22607872
2026-06-07 14:33:00+00:00,62249.4296875,62252.5703125,62205.96875,62211.87890625,0
2026-06-07 14:34:00+00:00,62210.01171875,62238.8203125,62187.44140625,62230.3984375,13133824
2026-06-07 14:35:00+00:00,62193.08984375,62206.05859375,62174.390625,62206.05859375,0
2026-06-07 14:36:00+00:00,62223.2109375,62240.25,62173.078125,62197.3515625,118880256
2026-06-07 14:37:00+00:00,62207.98046875,62226.0,62189.96875,62226.0,1306624
2026-06-07 14:38:00+00:00,62154.6484375,62215.0,62154.6484375,62199.3984375,0
2026-06-07 14:39:00+00:00,62117.96875,62149.26953125,62116.578125,62130.6484375,35397632
2026-06-07 14:40:00+00:00,62027.2109375,62114.01171875,62001.921875,62114.01171875,0
2026-06-07 14:41:00+00:00,61945.828125,62027.2109375,61933.30078125,62022.21875,0
2026-06-07 14:42:00+00:00,61961.71875,61998.9609375,61945.828125,61945.828125,125353984
2026-06-07 14:43:00+00:00,61951.359375,61951.359375,61909.5703125,61913.0703125,0
2026-06-07 14:44:00+00:00,61964.16015625,61980.26171875,61946.140625,61946.140625,0
2026-06-07 14:45:00+00:00,61902.01171875,61970.26171875,61902.01171875,61970.25,159559680
2026-06-07 14:46:00+00:00,61797.171875,61920.41015625,61797.171875,61914.0,0
2026-06-07 14:47:00+00:00,61828.5703125,61828.5703125,61773.6796875,61779.94140625,130971648
2026-06-07 14:48:00+00:00,61795.58984375,61842.37109375,61795.58984375,61833.1484375,0
2026-06-07 14:49:00+00:00,61774.9609375,61786.2109375,61740.03125,61786.2109375,0
2026-06-07 14:50:00+00:00,61792.46875,61808.078125,61719.58984375,61758.03125,59162624
2026-06-07 14:51:00+00:00,61861.4609375,61880.0,61806.0,61806.0,3411968
2026-06-07 14:52:00+00:00,61883.23046875,61889.21875,61848.80078125,61868.828125,8116224
2026-06-07 14:53:00+00:00,61836.19921875,61889.3203125,61828.87109375,61889.3203125,0
2026-06-07 14:54:00+00:00,61851.78125,61855.05859375,61826.8984375,61849.16015625,0
2026-06-07 14:55:00+00:00,61858.1796875,61878.69140625,61842.53125,61855.05078125,75956224
2026-06-07 14:56:00+00:00,61889.48828125,61889.48828125,61867.578125,61867.578125,0
2026-06-07 14:57:00+00:00,61892.390625,61898.87890625,61873.8515625,61880.1015625,118044672
2026-06-07 14:58:00+00:00,61858.76171875,61867.58984375,61851.9296875,61867.58984375,0
2026-06-07 14:59:00+00:00,61880.0703125,61882.69921875,61856.16015625,61862.23046875,0
2026-06-07 15:00:00+00:00,61808.62890625,61862.83984375,61808.62890625,61862.83984375,116498432
2026-06-07 15:01:00+00:00,61791.62109375,61824.03125,61791.62109375,61824.03125,0
2026-06-07 15:02:00+00:00,61766.0,61801.8515625,61766.0,61790.87890625,0
2026-06-07 15:03:00+00:00,61751.76171875,61792.421875,61739.25,61776.80078125,24741888
2026-06-07 15:04:00+00:00,61718.4296875,61754.98046875,61707.9609375,61754.98046875,0
2026-06-07 15:05:00+00:00,61661.19140625,61712.19921875,61655.98828125,61707.94921875,0
2026-06-07 15:06:00+00:00,61649.2890625,61684.26953125,61647.1796875,61673.55078125,0
2026-06-07 15:07:00+00:00,61660.44921875,61672.0,61648.48046875,61672.0,450560
2026-06-07 15:08:00+00:00,61781.48828125,61783.2109375,61654.73828125,61654.73828125,0
2026-06-07 15:09:00+00:00,61773.6484375,61806.76953125,61767.390625,61773.6796875,0
2026-06-07 15:10:00+00:00,61758.0390625,61767.4296875,61730.62890625,61767.4296875,0
2026-06-07 15:11:00+00:00,61784.98046875,61786.37890625,61754.8984375,61754.91015625,24115200
2026-06-07 15:12:00+00:00,61818.140625,61820.01171875,61771.51953125,61784.96875,46176256
2026-06-07 15:13:00+00:00,61776.03125,61821.0390625,61776.03125,61808.109375,0
2026-06-07 15:14:00+00:00,61810.12890625,61810.12890625,61758.3203125,61768.0,0
2026-06-07 15:15:00+00:00,61832.9609375,61832.9609375,61783.078125,61798.73046875,39059456
2026-06-07 15:16:00+00:00,61804.859375,61856.58984375,61804.859375,61826.19140625,8509440
2026-06-07 15:17:00+00:00,61698.55859375,61805.6015625,61698.55859375,61805.6015625,0
2026-06-07 15:18:00+00:00,61745.51171875,61745.51171875,61712.4296875,61712.4296875,348160
2026-06-07 15:19:00+00:00,61743.390625,61770.5390625,61736.0,61741.98046875,2435072
2026-06-07 15:20:00+00:00,61720.48046875,61723.6015625,61699.3203125,61717.328125,457109504
2026-06-07 15:21:00+00:00,61728.01953125,61729.8515625,61707.94921875,61707.94921875,0
2026-06-07 15:22:00+00:00,61773.6796875,61805.03125,61758.55078125,61758.55078125,2019328
2026-06-07 15:23:00+00:00,61775.44140625,61786.0390625,61771.6796875,61785.609375,28098560
2026-06-07 15:24:00+00:00,61815.2109375,61815.2109375,61782.01171875,61784.7109375,0
2026-06-07 15:25:00+00:00,61826.890625,61851.9296875,61812.0,61837.609375,168642560
2026-06-07 15:26:00+00:00,61848.0,61848.0,61823.76953125,61833.62890625,0
2026-06-07 15:27:00+00:00,61842.0,61842.0,61798.69921875,61836.28125,0
2026-06-07 15:28:00+00:00,61919.44921875,61919.44921875,61828.328125,61839.98046875,0
2026-06-07 15:29:00+00:00,61920.0,61930.328125,61905.109375,61920.890625,0
2026-06-07 15:30:00+00:00,61977.94140625,61980.26171875,61928.16015625,61932.37890625,0
2026-06-07 15:31:00+00:00,62052.23828125,62054.98828125,61966.0,61980.0,0
2026-06-07 15:32:00+00:00,62016.19140625,62073.25,62016.19140625,62055.0703125,26707968
2026-06-07 15:33:00+00:00,61947.80859375,61999.66015625,61930.01171875,61999.66015625,118145024
2026-06-07 15:34:00+00:00,62024.078125,62024.078125,61942.30078125,61942.30078125,0
2026-06-07 15:35:00+00:00,62027.05859375,62064.19140625,62021.98046875,62049.08984375,229595136
2026-06-07 15:36:00+00:00,62008.01171875,62034.140625,61981.01171875,62027.78125,0
2026-06-07 15:37:00+00:00,62026.08984375,62026.08984375,61998.28125,61998.28125,0
2026-06-07 15:38:00+00:00,62039.73046875,62055.08984375,62024.078125,62029.890625,0
2026-06-07 15:39:00+00:00,62069.4609375,62069.4609375,62037.83984375,62040.5,0
2026-06-07 15:40:00+00:00,62058.0390625,62072.4296875,62052.62109375,62061.640625,107634688
2026-06-07 15:41:00+00:00,62124.01953125,62129.96875,62059.12109375,62059.12109375,0
2026-06-07 15:42:00+00:00,62089.80859375,62119.23828125,62089.80859375,62119.23828125,0
2026-06-07 15:43:00+00:00,62050.1796875,62077.2890625,62042.859375,62077.2890625,128507904
2026-06-07 15:44:00+00:00,62076.69140625,62102.328125,62050.16015625,62050.16015625,0
2026-06-07 15:45:00+00:00,61977.12890625,62059.94140625,61977.12890625,62059.94140625,0
2026-06-07 15:46:00+00:00,62019.98046875,62030.421875,62002.16015625,62002.16015625,4622336
2026-06-07 15:47:00+00:00,62032.5,62033.98828125,62000.55859375,62000.55859375,0
2026-06-07 15:48:00+00:00,61988.76171875,62053.359375,61951.890625,62039.73046875,54583296
2026-06-07 15:49:00+00:00,62011.55078125,62011.55078125,61989.1015625,61992.76953125,30990336
2026-06-07 15:50:00+00:00,62027.98828125,62049.62109375,62011.98046875,62011.98046875,0
2026-06-07 15:51:00+00:00,62080.609375,62090.41015625,62024.671875,62024.671875,0
2026-06-07 15:52:00+00:00,62128.01171875,62130.48828125,62071.03125,62071.03125,0
2026-06-07 15:53:00+00:00,62139.69140625,62185.26953125,62139.69140625,62159.578125,13795328
2026-06-07 15:54:00+00:00,62055.98828125,62128.98828125,62018.01953125,62128.98828125,0
2026-06-07 15:55:00+00:00,61974.05078125,62056.0,61964.71875,62056.0,9496576
2026-06-07 15:56:00+00:00,62017.80859375,62018.5703125,61961.48046875,61961.48046875,50495488
2026-06-07 15:57:00+00:00,62024.140625,62027.171875,62005.30078125,62019.890625,3241984
2026-06-07 15:58:00+00:00,62034.21875,62044.46875,62019.3984375,62019.3984375,0
2026-06-07 15:59:00+00:00,62058.5,62062.671875,62040.3984375,62040.3984375,0
2026-06-07 16:00:00+00:00,62046.0390625,62086.6796875,62046.0390625,62074.171875,0
2026-06-07 16:01:00+00:00,62049.12109375,62064.78125,62042.859375,62046.51171875,87982080
2026-06-07 16:02:00+00:00,61995.96875,62046.05859375,61979.19140625,62046.05859375,0
2026-06-07 16:03:00+00:00,62010.03125,62010.03125,61992.78125,61999.03125,0
2026-06-07 16:04:00+00:00,61980.37890625,62014.671875,61980.37890625,62011.5390625,0
2026-06-07 16:05:00+00:00,61953.33984375,62000.01171875,61953.12109375,61989.640625,81129472
2026-06-07 16:06:00+00:00,61933.390625,61980.73046875,61933.390625,61962.12890625,571392
2026-06-07 16:07:00+00:00,61989.6484375,61989.6484375,61933.390625,61940.7109375,0
2026-06-07 16:08:00+00:00,61945.8203125,61972.71875,61939.5703125,61968.2890625,55240704
2026-06-07 16:09:00+00:00,61989.58984375,61989.58984375,61961.16015625,61961.16015625,0
2026-06-07 16:10:00+00:00,62039.71875,62039.71875,61991.98828125,61992.76953125,121024512
2026-06-07 16:11:00+00:00,61943.7890625,62020.94921875,61938.01171875,62020.94921875,0
2026-06-07 16:12:00+00:00,62005.83984375,62005.83984375,61945.83984375,61952.078125,0
2026-06-07 16:13:00+00:00,62127.640625,62131.73828125,62021.94921875,62021.94921875,115343360
2026-06-07 16:14:00+00:00,62129.421875,62135.28125,62092.37890625,62121.12109375,0
2026-06-07 16:15:00+00:00,62118.5,62129.421875,62071.03125,62129.421875,0
2026-06-07 16:16:00+00:00,62158.671875,62175.98828125,62132.0390625,62132.0390625,74557440
2026-06-07 16:17:00+00:00,62161.7890625,62161.7890625,62124.23828125,62146.12890625,0
2026-06-07 16:18:00+00:00,62155.671875,62155.671875,62122.51953125,62144.0703125,126701568
2026-06-07 16:19:00+00:00,62168.01171875,62184.8984375,62146.16015625,62149.2890625,0
2026-06-07 16:20:00+00:00,62224.01171875,62224.01171875,62152.83984375,62152.83984375,0
2026-06-07 16:21:00+00:00,62239.73828125,62239.73828125,62193.76953125,62218.140625,784384
2026-06-07 16:22:00+00:00,62218.140625,62244.33984375,62203.359375,62233.12890625,0
2026-06-07 16:23:00+00:00,62221.28125,62232.48046875,62199.37109375,62221.8515625,0
2026-06-07 16:24:00+00:00,62238.078125,62247.12890625,62232.0,62234.578125,40701952
2026-06-07 16:25:00+00:00,62255.69921875,62262.55078125,62234.01171875,62234.01171875,3457024
2026-06-07 16:26:00+00:00,62202.48828125,62299.1484375,62202.48828125,62262.0390625,0
2026-06-07 16:27:00+00:00,62138.6484375,62187.01953125,62129.359375,62174.62890625,489472
2026-06-07 16:28:00+00:00,62164.9296875,62167.890625,62123.9609375,62124.0,0
2026-06-07 16:29:00+00:00,62146.171875,62167.8984375,62131.96875,62167.01953125,0
2026-06-07 16:30:00+00:00,62149.2890625,62149.2890625,62122.01953125,62138.2890625,0
2026-06-07 16:31:00+00:00,62206.94921875,62218.140625,62161.7890625,62161.7890625,117688320
2026-06-07 16:32:00+00:00,62238.0,62255.69140625,62196.23828125,62196.23828125,0
2026-06-07 16:33:00+00:00,62236.921875,62255.671875,62202.48828125,62233.7890625,0
2026-06-07 16:34:00+00:00,62227.5390625,62243.171875,62221.2890625,62236.4609375,0
2026-06-07 16:35:00+00:00,62193.1015625,62228.828125,62193.1015625,62228.55078125,126308352
2026-06-07 16:36:00+00:00,62220.16015625,62220.16015625,62183.7109375,62196.23046875,0
2026-06-07 16:37:00+00:00,62174.3203125,62223.2109375,62174.3203125,62214.0,108439552
2026-06-07 16:38:00+00:00,62208.73828125,62213.8984375,62186.80078125,62186.80078125,0
2026-06-07 16:39:00+00:00,62202.19140625,62213.05078125,62189.98046875,62211.96875,0
2026-06-07 16:40:00+00:00,62160.4609375,62223.19921875,62160.4609375,62193.03125,108025856
2026-06-07 16:41:00+00:00,62140.91015625,62197.48828125,62140.91015625,62175.0,0
2026-06-07 16:42:00+00:00,62170.23828125,62184.1015625,62150.8515625,62150.8515625,0
2026-06-07 16:43:00+00:00,62167.171875,62179.98828125,62158.671875,62170.26171875,479232
2026-06-07 16:44:00+00:00,62129.25,62164.921875,62129.25,62164.921875,0
2026-06-07 16:45:00+00:00,62157.94140625,62157.94140625,62130.4609375,62131.5390625,0
2026-06-07 16:46:00+00:00,62172.76171875,62199.33984375,62161.7890625,62161.7890625,94208
2026-06-07 16:47:00+00:00,62139.890625,62198.5703125,62139.890625,62175.6015625,90087424
2026-06-07 16:48:00+00:00,62149.26953125,62156.53125,62133.62890625,62136.76171875,0
2026-06-07 16:49:00+00:00,62173.21875,62173.21875,62149.23828125,62149.23828125,0
2026-06-07 16:50:00+00:00,62171.98828125,62199.359375,62159.05078125,62176.671875,0
2026-06-07 16:51:00+00:00,62189.94921875,62205.91015625,62180.5703125,62180.5703125,0
2026-06-07 16:52:00+00:00,62177.4609375,62204.26953125,62168.05859375,62204.26953125,6068224
2026-06-07 16:53:00+00:00,62157.26953125,62194.0,62157.26953125,62177.1015625,196890624
2026-06-07 16:54:00+00:00,62152.87890625,62178.73828125,62152.87890625,62161.78125,0
2026-06-07 16:55:00+00:00,62083.859375,62158.4609375,62050.2890625,62157.83984375,0
2026-06-07 16:56:00+00:00,62004.41015625,62077.44921875,61972.7890625,62077.44921875,0
2026-06-07 16:57:00+00:00,61967.75,62012.33984375,61967.75,62012.33984375,119418880
2026-06-07 16:58:00+00:00,62014.62109375,62033.46875,61988.8515625,61992.76953125,4419584
2026-06-07 16:59:00+00:00,62054.05859375,62054.05859375,62013.03125,62014.62109375,452659200
2026-06-07 17:00:00+00:00,62037.140625,62042.8515625,62024.7890625,62031.640625,0
2026-06-07 17:01:00+00:00,62057.44140625,62059.171875,62020.9609375,62020.9609375,0
2026-06-07 17:02:00+00:00,62092.109375,62108.58984375,62079.8984375,62079.8984375,197980160
2026-06-07 17:03:00+00:00,62104.73828125,62114.83984375,62088.23046875,62092.921875,0
2026-06-07 17:04:00+00:00,62210.01953125,62220.73046875,62105.4609375,62105.4609375,0
2026-06-07 17:05:00+00:00,62164.94140625,62200.0,62164.94140625,62200.0,0
2026-06-07 17:06:00+00:00,62207.08984375,62211.73046875,62155.76171875,62158.671875,0
2026-06-07 17:07:00+00:00,62234.87109375,62234.87109375,62189.94140625,62202.87890625,111247360
2026-06-07 17:08:00+00:00,62267.23828125,62267.37109375,62236.921875,62243.01171875,481406976
2026-06-07 17:09:00+00:00,62235.96875,62274.55859375,62231.2890625,62267.359375,0
2026-06-07 17:10:00+00:00,62216.71875,62223.4609375,62208.4296875,62223.4609375,0
2026-06-07 17:11:00+00:00,62202.5,62220.01171875,62202.5,62217.69921875,1728512
2026-06-07 17:12:00+00:00,62243.37109375,62243.37109375,62220.80859375,62220.80859375,244500480
2026-06-07 17:13:00+00:00,62258.828125,62296.44921875,62255.44921875,62255.44921875,0
2026-06-07 17:14:00+00:00,62257.1484375,62257.1484375,62240.12109375,62255.7109375,0
2026-06-07 17:15:00+00:00,62231.96875,62290.12109375,62231.96875,62260.01953125,0
2026-06-07 17:16:00+00:00,62284.01171875,62292.0,62240.390625,62240.390625,0
2026-06-07 17:17:00+00:00,62230.0,62277.8515625,62230.0,62277.8515625,113178624
2026-06-07 17:18:00+00:00,62252.5703125,62261.9609375,62233.58984375,62240.05078125,160577536
2026-06-07 17:19:00+00:00,62258.828125,62271.33984375,62249.4296875,62249.4296875,0
2026-06-07 17:20:00+00:00,62255.140625,62275.98828125,62240.05078125,62240.05078125,0
2026-06-07 17:21:00+00:00,62234.6484375,62255.1484375,62211.2109375,62255.1484375,0
2026-06-07 17:22:00+00:00,62271.01953125,62285.328125,62237.7890625,62237.7890625,110297088
2026-06-07 17:23:00+00:00,62269.98828125,62296.37890625,62266.4609375,62280.5703125,184676352
2026-06-07 17:24:00+00:00,62243.98046875,62258.0703125,62230.671875,62258.0703125,350208
2026-06-07 17:25:00+00:00,62220.33984375,62248.58984375,62220.33984375,62228.0,3774464
2026-06-07 17:26:00+00:00,62221.28125,62230.6484375,62205.171875,62215.03125,0
2026-06-07 17:27:00+00:00,62221.609375,62224.69140625,62212.421875,62212.421875,0
2026-06-07 17:28:00+00:00,62224.01171875,62240.48046875,62216.73828125,62218.1484375,0
2026-06-07 17:29:00+00:00,62215.98828125,62233.21875,62215.98828125,62223.859375,0
2026-06-07 17:30:00+00:00,62242.66015625,62242.66015625,62216.421875,62233.78125,144951296
2026-06-07 17:31:00+00:00,62236.94921875,62262.3515625,62205.62109375,62261.94921875,1050624
2026-06-07 17:32:00+00:00,62246.28125,62261.921875,62242.01171875,62246.01171875,0
2026-06-07 17:33:00+00:00,62223.421875,62248.05078125,62210.03125,62248.05078125,0
2026-06-07 17:34:00+00:00,62232.44921875,62251.96875,62202.859375,62208.76171875,2699264
2026-06-07 17:35:00+00:00,62244.19921875,62268.21875,62222.23046875,62243.171875,586295296
2026-06-07 17:36:00+00:00,62249.4296875,62275.609375,62240.05078125,62246.25,0
2026-06-07 17:37:00+00:00,62284.0,62284.21875,62261.9609375,62271.6796875,0
2026-06-07 17:38:00+00:00,62253.98828125,62280.73828125,62253.98828125,62280.73828125,0
2026-06-07 17:39:00+00:00,62230.66015625,62277.6015625,62230.66015625,62265.0703125,3944448
2026-06-07 17:40:00+00:00,62227.328125,62236.1796875,62202.55859375,62227.5390625,0
2026-06-07 17:41:00+00:00,62259.87109375,62262.0,62201.0,62224.3984375,5054464
2026-06-07 17:42:00+00:00,62279.01171875,62288.12890625,62272.78125,62276.671875,0
2026-06-07 17:43:00+00:00,62243.1796875,62274.0,62243.1796875,62274.0,101890048
2026-06-07 17:44:00+00:00,62243.51953125,62252.87890625,62227.5390625,62235.6484375,0
2026-06-07 17:45:00+00:00,62199.37109375,62233.80078125,62199.37109375,62233.80078125,114407424
2026-06-07 17:46:00+00:00,62208.75,62234.73046875,62205.73828125,62205.73828125,0
2026-06-07 17:47:00+00:00,62184.1015625,62221.26953125,62184.1015625,62207.3515625,0
2026-06-07 17:48:00+00:00,62102.3203125,62177.44921875,62090.53125,62177.44921875,61708288
2026-06-07 17:49:00+00:00,62195.37109375,62202.37890625,62102.328125,62127.359375,0
2026-06-07 17:50:00+00:00,62177.44140625,62191.890625,62164.96875,62191.890625,0
2026-06-07 17:51:00+00:00,62155.55078125,62203.48046875,62155.55078125,62203.48046875,0
2026-06-07 17:52:00+00:00,62099.171875,62168.03125,62067.08984375,62159.87890625,116453376
2026-06-07 17:53:00+00:00,62122.0703125,62127.3515625,62091.76953125,62092.94140625,0
2026-06-07 17:54:00+00:00,62142.8203125,62142.8203125,62123.3515625,62123.3515625,0
2026-06-07 17:55:00+00:00,62145.80859375,62145.80859375,62136.76171875,62142.8203125,109873152
2026-06-07 17:56:00+00:00,62144.01171875,62177.44921875,62144.01171875,62155.0,8237056
2026-06-07 17:57:00+00:00,62139.94140625,62153.0390625,62139.94140625,62148.0,0
2026-06-07 17:58:00+00:00,62134.55078125,62134.55078125,62118.7890625,62132.3203125,0
2026-06-07 17:59:00+00:00,62130.48046875,62133.62109375,62121.109375,62127.37109375,85749760
2026-06-07 18:00:00+00:00,62153.44140625,62153.44140625,62120.1796875,62128.01953125,1480704
2026-06-07 18:01:00+00:00,62189.37109375,62189.390625,62164.921875,62164.921875,0
2026-06-07 18:02:00+00:00,62191.44140625,62217.94921875,62183.7109375,62212.3984375,0
2026-06-07 18:03:00+00:00,62174.3203125,62196.171875,62174.3203125,62190.109375,0
2026-06-07 18:04:00+00:00,62146.6484375,62166.8515625,62142.7109375,62165.01953125,0
2026-06-07 18:05:00+00:00,62146.1796875,62156.4609375,62130.5,62130.5,0
2026-06-07 18:06:00+00:00,62150.5703125,62157.01171875,62143.01953125,62143.01953125,0
2026-06-07 18:07:00+00:00,62172.01171875,62185.21875,62164.9296875,62169.37109375,110532608
2026-06-07 18:08:00+00:00,62196.21875,62196.21875,62161.80078125,62161.80078125,0
2026-06-07 18:09:00+00:00,62192.05078125,62205.609375,62189.37109375,62197.640625,0
2026-06-07 18:10:00+00:00,62186.890625,62218.12890625,62185.26171875,62201.76953125,0
2026-06-07 18:11:00+00:00,62197.859375,62202.01953125,62181.73046875,62186.87109375,0
2026-06-07 18:12:00+00:00,62177.75,62197.859375,62177.75,62197.859375,104843264
2026-06-07 18:13:00+00:00,62222.16015625,62227.51953125,62189.96875,62189.96875,0
2026-06-07 18:14:00+00:00,62246.6015625,62265.078125,62227.51953125,62227.51953125,0
2026-06-07 18:15:00+00:00,62190.28125,62238.5703125,62190.28125,62238.5703125,477444096
2026-06-07 18:16:00+00:00,62122.05859375,62199.3515625,62120.98828125,62199.3515625,0
2026-06-07 18:17:00+00:00,62114.859375,62133.62109375,62108.578125,62112.44140625,100331520
2026-06-07 18:18:00+00:00,62125.33984375,62129.078125,62110.5390625,62114.87890625,0
2026-06-07 18:19:00+00:00,62133.62890625,62149.44921875,62129.0703125,62129.0703125,0
2026-06-07 18:20:00+00:00,62153.46875,62153.46875,62133.62890625,62133.62890625,0
2026-06-07 18:21:00+00:00,62177.44921875,62184.01171875,62151.16015625,62151.98046875,0
2026-06-07 18:22:00+00:00,62172.3203125,62175.671875,62149.9609375,62155.5390625,3133440
2026-06-07 18:23:00+00:00,62153.01953125,62178.390625,62149.9296875,62178.0,15650816
2026-06-07 18:24:00+00:00,62169.1015625,62174.01953125,62157.4609375,62157.4609375,0
2026-06-07 18:25:00+00:00,62174.28125,62174.390625,62156.19140625,62169.2109375,106575872
2026-06-07 18:26:00+00:00,62181.08984375,62184.1015625,62158.671875,62172.44921875,0
2026-06-07 18:27:00+00:00,62192.0390625,62192.0390625,62174.05859375,62181.08984375,104378368
2026-06-07 18:28:00+00:00,62199.73828125,62199.78125,62187.078125,62192.0390625,0
2026-06-07 18:29:00+00:00,62195.0703125,62208.75,62193.98828125,62195.5703125,0
2026-06-07 18:30:00+00:00,62178.69140625,62205.44140625,62177.4609375,62205.44140625,0
2026-06-07 18:31:00+00:00,62221.98828125,62221.98828125,62188.6015625,62188.6015625,6936576
2026-06-07 18:32:00+00:00,62256.03125,62256.03125,62219.94140625,62222.76171875,0
2026-06-07 18:33:00+00:00,62211.890625,62261.44140625,62211.890625,62248.0,105613312
2026-06-07 18:34:00+00:00,62200.87890625,62236.08984375,62200.87890625,62233.05859375,0
2026-06-07 18:35:00+00:00,62224.01953125,62224.01953125,62196.21875,62208.75,0
2026-06-07 18:36:00+00:00,62218.12890625,62229.9296875,62195.01171875,62217.98046875,0
2026-06-07 18:37:00+00:00,62151.98828125,62220.609375,62145.96875,62220.609375,106457088
2026-06-07 18:38:00+00:00,62155.4609375,62158.48046875,62133.62109375,62146.48828125,0
2026-06-07 18:39:00+00:00,62172.37109375,62172.37109375,62152.75,62156.23046875,157696
2026-06-07 18:40:00+00:00,62171.58984375,62171.58984375,62143.03125,62168.48828125,0
2026-06-07 18:41:00+00:00,62159.91015625,62173.41015625,62155.96875,62169.25,98052096
2026-06-07 18:42:00+00:00,62166.421875,62166.421875,62149.28125,62149.28125,0
2026-06-07 18:43:00+00:00,62169.359375,62180.1796875,62161.98046875,62161.98046875,9461760
2026-06-07 18:44:00+00:00,62170.28125,62180.5703125,62168.0703125,62170.578125,620449792
2026-06-07 18:45:00+00:00,62191.4296875,62191.4296875,62170.26953125,62170.26953125,0
2026-06-07 18:46:00+00:00,62192.9296875,62203.859375,62174.328125,62199.359375,0
2026-06-07 18:47:00+00:00,62184.01953125,62194.609375,62184.01171875,62190.05078125,12967936
2026-06-07 18:48:00+00:00,62202.26171875,62205.83984375,62192.4296875,62192.4296875,2267136
2026-06-07 18:49:00+00:00,62100.01171875,62186.83984375,62090.01171875,62186.83984375,0
2026-06-07 18:50:00+00:00,62071.0390625,62099.140625,62071.0390625,62098.0390625,119883776
2026-06-07 18:51:00+00:00,62048.01171875,62083.5390625,62027.5390625,62063.66015625,0
2026-06-07 18:52:00+00:00,62070.58984375,62074.01171875,62043.9609375,62050.19140625,0
2026-06-07 18:53:00+00:00,62059.53125,62077.109375,62059.53125,62070.5390625,0
2026-06-07 18:54:00+00:00,62077.7109375,62077.94140625,62059.53125,62067.890625,0
2026-06-07 18:55:00+00:00,62072.05859375,62083.5390625,62067.8984375,62083.5390625,108838912
2026-06-07 18:56:00+00:00,62086.671875,62086.671875,62067.0390625,62072.4609375,0
2026-06-07 18:57:00+00:00,62105.4609375,62121.109375,62081.359375,62084.921875,0
2026-06-07 18:58:00+00:00,62061.3984375,62102.33984375,62061.3984375,62100.828125,105981952
2026-06-07 18:59:00+00:00,61998.26171875,62061.3984375,61985.609375,62061.3984375,0
2026-06-07 19:00:00+00:00,61970.87890625,62006.2890625,61970.87890625,62006.2890625,0
2026-06-07 19:01:00+00:00,61811.25,61893.98828125,61811.25,61893.98828125,0
2026-06-07 19:02:00+00:00,61698.8984375,61798.0,61698.8984375,61798.0,164452352
2026-06-07 19:03:00+00:00,61745.51171875,61754.94921875,61661.12890625,61715.94921875,27031552
2026-06-07 19:04:00+00:00,61825.7890625,61849.48828125,61727.0703125,61727.0703125,0
2026-06-07 19:05:00+00:00,61700.0,61805.03125,61700.0,61805.03125,0
2026-06-07 19:06:00+00:00,61615.6015625,61697.96875,61613.98046875,61697.96875,5318656
2026-06-07 19:07:00+00:00,61659.23046875,61672.8515625,61635.80859375,61635.80859375,0
2026-06-07 19:08:00+00:00,61582.76171875,61676.640625,61582.76171875,61669.55078125,0
2026-06-07 19:09:00+00:00,61555.87890625,61598.73046875,61555.87890625,61589.94921875,75448320
2026-06-07 19:10:00+00:00,61625.98046875,61625.98046875,61558.0,61558.0,0
2026-06-07 19:11:00+00:00,61695.44140625,61718.9609375,61649.5,61649.5,117338112
2026-06-07 19:12:00+00:00,61684.01953125,61708.0,61672.7109375,61708.0,0
2026-06-07 19:13:00+00:00,61686.05078125,61722.8984375,61669.390625,61676.6484375,10940416
2026-06-07 19:14:00+00:00,61614.05859375,61671.2890625,61614.05859375,61671.2890625,502325248
2026-06-07 19:15:00+00:00,61415.21875,61619.28125,61415.21875,61619.28125,113004544
2026-06-07 19:16:00+00:00,61361.80859375,61410.73046875,61361.80859375,61404.9296875,5353472
2026-06-07 19:17:00+00:00,61334.96875,61432.51953125,61334.96875,61363.6484375,0
2026-06-07 19:18:00+00:00,61260.359375,61381.328125,61260.359375,61364.0,77295616
2026-06-07 19:19:00+00:00,61254.0703125,61282.26171875,61233.55078125,61270.87890625,5451776
2026-06-07 19:20:00+00:00,61325.98828125,61334.96875,61260.26171875,61260.26171875,0
2026-06-07 19:21:00+00:00,61410.6015625,61424.0703125,61329.8515625,61329.8515625,0
2026-06-07 19:22:00+00:00,61426.0,61474.390625,61402.69140625,61402.69140625,120217600
2026-06-07 19:23:00+00:00,61460.01171875,61476.328125,61423.12109375,61426.01171875,0
2026-06-07 19:24:00+00:00,61449.5,61480.0,61439.0,61460.0390625,192071680
2026-06-07 19:25:00+00:00,61320.0,61458.0,61277.171875,61458.0,0
2026-06-07 19:26:00+00:00,61355.6796875,61376.16015625,61316.69921875,61316.69921875,65708032
2026-06-07 19:27:00+00:00,61363.7109375,61363.7109375,61317.8515625,61356.16015625,0
2026-06-07 19:28:00+00:00,61435.421875,61435.421875,61361.19921875,61361.19921875,0
2026-06-07 19:29:00+00:00,61448.16015625,61464.62109375,61419.71875,61426.25,318154752
2026-06-07 19:30:00+00:00,61423.12109375,61460.6796875,61423.12109375,61451.98046875,0
2026-06-07 19:31:00+00:00,61332.0,61421.26171875,61329.25,61419.7109375,64153600
2026-06-07 19:32:00+00:00,61326.140625,61341.19921875,61318.48046875,61326.08984375,0
2026-06-07 19:33:00+00:00,61372.0,61372.0,61329.3984375,61334.4296875,0
2026-06-07 19:34:00+00:00,61323.03125,61407.4609375,61323.03125,61390.26171875,0
2026-06-07 19:35:00+00:00,61285.5,61308.8203125,61269.859375,61308.8203125,63182848
2026-06-07 19:36:00+00:00,61317.96875,61319.8203125,61276.87109375,61281.1484375,109115392
2026-06-07 19:37:00+00:00,61294.53125,61341.03125,61294.53125,61340.48828125,0
2026-06-07 19:38:00+00:00,61296.1015625,61296.109375,61270.0,61293.9609375,0
2026-06-07 19:39:00+00:00,61266.62109375,61291.76171875,61261.7890625,61278.5703125,590827520
2026-06-07 19:40:00+00:00,61233.390625,61262.0,61233.390625,61261.140625,583680
2026-06-07 19:41:00+00:00,61291.69921875,61307.3203125,61263.48828125,61265.0,0
2026-06-07 19:42:00+00:00,61224.828125,61294.78125,61224.828125,61294.78125,0
2026-06-07 19:43:00+00:00,61183.8984375,61222.73046875,61183.8984375,61222.73046875,0
2026-06-07 19:44:00+00:00,61188.30859375,61218.51171875,61173.9296875,61181.96875,0
2026-06-07 19:45:00+00:00,61235.3203125,61265.62890625,61222.05859375,61222.05859375,256419840
2026-06-07 19:46:00+00:00,61149.359375,61229.0703125,61149.359375,61229.0703125,10512384
2026-06-07 19:47:00+00:00,61185.44921875,61222.05859375,61160.19921875,61182.0703125,33785856
2026-06-07 19:48:00+00:00,61205.98046875,61218.859375,61187.23828125,61191.48828125,0
2026-06-07 19:49:00+00:00,61389.12890625,61418.73046875,61199.51953125,61199.51953125,0
2026-06-07 19:50:00+00:00,61288.51953125,61363.6484375,61282.671875,61363.6484375,0
2026-06-07 19:51:00+00:00,61381.83984375,61396.6015625,61279.46875,61282.28125,121165824
2026-06-07 19:52:00+00:00,61338.609375,61409.5703125,61321.3203125,61371.96875,3287040
2026-06-07 19:53:00+00:00,61272.08984375,61344.859375,61272.08984375,61333.8203125,23924736
2026-06-07 19:54:00+00:00,61286.2109375,61310.44140625,61275.87890625,61275.87890625,0
2026-06-07 19:55:00+00:00,61322.91015625,61328.0,61281.08984375,61301.05078125,26019840
2026-06-07 19:56:00+00:00,61279.5,61331.73046875,61279.5,61304.19140625,372285440
2026-06-07 19:57:00+00:00,61299.3515625,61299.55078125,61276.01953125,61278.91015625,4225024
2026-06-07 19:58:00+00:00,61259.609375,61297.359375,61238.44921875,61297.359375,0
2026-06-07 19:59:00+00:00,61297.9609375,61297.9609375,61263.46875,61263.46875,204568576
2026-06-07 20:00:00+00:00,61209.25,61292.96875,61192.37890625,61292.96875,0
2026-06-07 20:01:00+00:00,61263.8203125,61263.828125,61207.140625,61207.140625,0
2026-06-07 20:02:00+00:00,61322.96875,61322.96875,61269.359375,61269.359375,123551744
2026-06-07 20:03:00+00:00,61395.609375,61404.3203125,61333.2890625,61333.2890625,0
2026-06-07 20:04:00+00:00,61478.0,61478.0,61398.41015625,61398.41015625,0
2026-06-07 20:05:00+00:00,61479.37890625,61510.0,61454.421875,61480.01171875,0
2026-06-07 20:06:00+00:00,61530.859375,61530.859375,61477.0,61477.0,224518144
2026-06-07 20:07:00+00:00,61508.0,61540.578125,61504.5,61540.578125,4907008
2026-06-07 20:08:00+00:00,61495.87890625,61511.3515625,61484.1484375,61510.05078125,151111680
2026-06-07 20:09:00+00:00,61550.19921875,61550.19921875,61495.12109375,61495.87890625,4374528
2026-06-07 20:10:00+00:00,61640.0,61678.3984375,61553.98828125,61553.98828125,0
2026-06-07 20:11:00+00:00,61595.30078125,61623.01171875,61595.30078125,61613.9296875,0
2026-06-07 20:12:00+00:00,61577.12109375,61584.26171875,61570.01953125,61571.0,0
2026-06-07 20:13:00+00:00,61534.6796875,61585.87109375,61526.41015625,61575.1796875,73531392
2026-06-07 20:14:00+00:00,61557.71875,61557.71875,61530.98828125,61534.6796875,0
2026-06-07 20:15:00+00:00,61430.0,61535.890625,61430.0,61535.890625,0
2026-06-07 20:16:00+00:00,61492.41015625,61492.41015625,61438.2890625,61455.26953125,2170880
2026-06-07 20:17:00+00:00,61488.5390625,61503.98046875,61468.44921875,61497.98828125,756758528
2026-06-07 20:18:00+00:00,61548.23828125,61557.69921875,61515.62109375,61515.62109375,0
2026-06-07 20:19:00+00:00,61548.671875,61584.2890625,61535.80078125,61557.69921875,2893824
2026-06-07 20:20:00+00:00,61604.671875,61639.8984375,61556.0703125,61560.83984375,132067328
2026-06-07 20:21:00+00:00,61782.5,61799.98828125,61596.7890625,61598.75,0
2026-06-07 20:22:00+00:00,61814.37109375,61822.0,61769.87109375,61769.87109375,0
2026-06-07 20:23:00+00:00,61783.0703125,61814.37109375,61780.23828125,61814.37109375,56856576
2026-06-07 20:24:00+00:00,61732.98046875,61786.19921875,61732.98046875,61786.19921875,10524672
2026-06-07 20:25:00+00:00,61684.66015625,61732.98828125,61683.25,61732.98828125,0
2026-06-07 20:26:00+00:00,61782.140625,61785.12109375,61712.87109375,61712.87109375,0
2026-06-07 20:27:00+00:00,61751.76953125,61776.8203125,61748.640625,61776.8203125,0
2026-06-07 20:28:00+00:00,61705.859375,61751.609375,61705.859375,61748.83984375,9584640
2026-06-07 20:29:00+00:00,61713.23046875,61732.73828125,61712.30078125,61732.73828125,527446016
2026-06-07 20:30:00+00:00,61717.3515625,61749.37890625,61710.62109375,61710.62109375,0
2026-06-07 20:31:00+00:00,61753.41015625,61775.6796875,61738.328125,61747.98828125,0
2026-06-07 20:32:00+00:00,61740.8984375,61779.9296875,61740.8984375,61753.3984375,35678208
2026-06-07 20:33:00+00:00,61773.69140625,61786.19140625,61736.12890625,61736.12890625,0
2026-06-07 20:34:00+00:00,61775.75,61795.578125,61770.6484375,61781.80859375,0
2026-06-07 20:35:00+00:00,61779.94140625,61792.44921875,61776.3203125,61792.44921875,155596800
2026-06-07 20:36:00+00:00,61693.609375,61748.640625,61686.109375,61748.640625,0
2026-06-07 20:37:00+00:00,61722.0,61739.23828125,61695.6796875,61696.7109375,0
2026-06-07 20:38:00+00:00,61701.69921875,61724.96875,61701.69921875,61721.6015625,140509184
2026-06-07 20:39:00+00:00,61710.46875,61714.2109375,61681.96875,61705.26171875,0
2026-06-07 20:40:00+00:00,61693.01171875,61716.98046875,61666.0,61704.8203125,4071424
2026-06-07 20:41:00+00:00,61701.3203125,61715.91015625,61693.01953125,61701.28125,0
2026-06-07 20:42:00+00:00,61742.390625,61767.4296875,61695.44921875,61695.44921875,0
2026-06-07 20:43:00+00:00,61746.44140625,61766.12890625,61740.76953125,61740.9296875,4745216
2026-06-07 20:44:00+00:00,61756.21875,61756.21875,61736.12109375,61736.12109375,206325760
2026-06-07 20:45:00+00:00,61770.5390625,61770.5390625,61739.25,61748.828125,0
2026-06-07 20:46:00+00:00,61773.6796875,61773.6796875,61732.98828125,61765.58984375,0
2026-06-07 20:47:00+00:00,61784.87890625,61788.7890625,61758.078125,61770.671875,0
2026-06-07 20:48:00+00:00,61783.109375,61788.69140625,61767.4296875,61784.171875,105496576
2026-06-07 20:49:00+00:00,61809.87890625,61809.890625,61758.0390625,61773.6796875,0
2026-06-07 20:50:00+00:00,61848.80078125,61862.1015625,61788.69921875,61804.96875,0
2026-06-07 20:51:00+00:00,61922.41015625,61937.37890625,61837.98828125,61850.01171875,686080
2026-06-07 20:52:00+00:00,61904.48828125,61917.62109375,61896.8203125,61914.23046875,0
2026-06-07 20:53:00+00:00,61851.94921875,61899.91015625,61834.19921875,61899.91015625,2308096
2026-06-07 20:54:00+00:00,61821.859375,61862.0,61817.5,61851.9609375,0
2026-06-07 20:55:00+00:00,61849.98828125,61849.98828125,61811.30078125,61826.87890625,0
2026-06-07 20:56:00+00:00,61849.98046875,61849.98828125,61833.98828125,61849.98828125,26824704
2026-06-07 20:57:00+00:00,61886.98046875,61916.75,61842.23046875,61846.23828125,106649600
2026-06-07 20:58:00+00:00,61893.671875,61893.671875,61865.3203125,61886.8984375,0
2026-06-07 20:59:00+00:00,61839.98828125,61890.48046875,61839.98828125,61890.05859375,120725504
2026-06-07 21:00:00+00:00,61859.44921875,61863.23828125,61848.94140625,61853.98046875,0
2026-06-07 21:01:00+00:00,61890.9296875,61896.28125,61863.78125,61870.69921875,45662208
2026-06-07 21:02:00+00:00,61829.98046875,61877.44921875,61829.98046875,61876.96875,0
2026-06-07 21:03:00+00:00,61738.1484375,61787.01171875,61723.6015625,61787.01171875,0
2026-06-07 21:04:00+00:00,61688.8203125,61758.01953125,61669.171875,61758.01953125,5220352
2026-06-07 21:05:00+00:00,61741.5703125,61741.5703125,61670.3984375,61682.3203125,0
2026-06-07 21:06:00+00:00,61742.78125,61761.140625,61737.01171875,61751.76953125,8173568
2026-06-07 21:07:00+00:00,61742.69921875,61745.0,61723.73828125,61742.78125,0
2026-06-07 21:08:00+00:00,61717.33984375,61742.69921875,61695.96875,61742.69921875,0
2026-06-07 21:09:00+00:00,61729.828125,61729.828125,61701.69140625,61723.58984375,614619136
2026-06-07 21:10:00+00:00,61782.16015625,61795.171875,61758.0703125,61767.41015625,118857728
2026-06-07 21:11:00+00:00,61812.1015625,61812.1015625,61764.78125,61795.1796875,0
2026-06-07 21:12:00+00:00,61960.03125,61960.03125,61823.671875,61823.671875,121120768
2026-06-07 21:13:00+00:00,61919.12890625,61968.16015625,61902.0,61968.16015625,0
2026-06-07 21:14:00+00:00,61925.23828125,61925.23828125,61902.01171875,61917.671875,0
2026-06-07 21:15:00+00:00,61909.98046875,61960.03125,61909.98046875,61921.98046875,122259456
2026-06-07 21:16:00+00:00,61867.578125,61908.5703125,61867.578125,61905.71875,8624128
2026-06-07 21:17:00+00:00,61849.78125,61864.4609375,61836.2890625,61864.4609375,0
2026-06-07 21:18:00+00:00,61886.03125,61902.0,61864.44921875,61886.37109375,0
2026-06-07 21:19:00+00:00,61826.21875,61868.73828125,61825.9609375,61868.03125,0
2026-06-07 21:20:00+00:00,61767.48828125,61830.609375,61767.48828125,61830.578125,0
2026-06-07 21:21:00+00:00,61705.01953125,61744.3203125,61689.0703125,61742.37890625,117739520
2026-06-07 21:22:00+00:00,61758.30859375,61779.4296875,61720.05078125,61720.05078125,0
2026-06-07 21:23:00+00:00,61772.19140625,61772.19140625,61755.01953125,61761.98828125,181032960
2026-06-07 21:24:00+00:00,61761.87890625,61773.98828125,61756.01171875,61772.1796875,0
2026-06-07 21:25:00+00:00,61786.19140625,61805.98828125,61760.80078125,61761.890625,0
2026-06-07 21:26:00+00:00,61776.0,61786.19140625,61762.578125,61786.19140625,0
2026-06-07 21:27:00+00:00,61834.6484375,61834.6484375,61776.2109375,61792.44921875,9984000
2026-06-07 21:28:00+00:00,61761.16015625,61819.25,61761.16015625,61817.5703125,0
2026-06-07 21:29:00+00:00,61753.98046875,61761.16015625,61743.66015625,61761.16015625,0
2026-06-07 21:30:00+00:00,61797.53125,61814.359375,61742.328125,61745.51171875,34179072
2026-06-07 21:31:00+00:00,61783.44140625,61794.4296875,61773.69921875,61794.4296875,0
2026-06-07 21:32:00+00:00,61764.94140625,61787.0390625,61764.87890625,61785.91015625,791912448
2026-06-07 21:33:00+00:00,61746.0,61786.19140625,61729.859375,61764.9296875,0
2026-06-07 21:34:00+00:00,61696.23046875,61734.33984375,61696.23046875,61734.33984375,5298176
2026-06-07 21:35:00+00:00,61754.8984375,61760.76953125,61654.98046875,61694.69140625,0
2026-06-07 21:36:00+00:00,61714.2109375,61774.23828125,61712.5390625,61765.62890625,0
2026-06-07 21:37:00+00:00,61769.109375,61769.109375,61707.94921875,61714.21875,12087296
2026-06-07 21:38:00+00:00,61763.80078125,61799.78125,61759.578125,61779.94140625,23642112
2026-06-07 21:39:00+00:00,61779.3515625,61783.0703125,61761.62890625,61761.62890625,112711680
2026-06-07 21:40:00+00:00,61704.76171875,61803.671875,61700.41015625,61775.25,0
2026-06-07 21:41:00+00:00,61688.37109375,61708.859375,61688.37109375,61695.4296875,0
2026-06-07 21:42:00+00:00,61679.7890625,61697.30078125,61679.7890625,61687.8984375,113068032
2026-06-07 21:43:00+00:00,61711.51171875,61711.51171875,61677.05078125,61679.78125,0
2026-06-07 21:44:00+00:00,61677.78125,61706.859375,61677.66015625,61706.859375,0
2026-06-07 21:45:00+00:00,61725.3984375,61729.69921875,61703.80078125,61711.078125,0
2026-06-07 21:46:00+00:00,61689.94140625,61733.1796875,61689.94140625,61729.87109375,15958016
2026-06-07 21:47:00+00:00,61684.76171875,61712.55859375,61684.76171875,61705.109375,98828288
2026-06-07 21:48:00+00:00,61691.80078125,61707.94140625,61677.4296875,61684.78125,0
2026-06-07 21:49:00+00:00,61699.16015625,61716.94921875,61688.23828125,61696.12109375,2457600
2026-06-07 21:50:00+00:00,61635.9609375,61699.19921875,61632.828125,61699.19921875,20510720
2026-06-07 21:51:00+00:00,61648.48046875,61672.0703125,61646.5390625,61650.26171875,0
2026-06-07 21:52:00+00:00,61639.55859375,61654.80078125,61639.51171875,61645.3515625,3649536
2026-06-07 21:53:00+00:00,61630.58984375,61658.109375,61630.30078125,61648.44921875,0
2026-06-07 21:54:00+00:00,61623.5,61648.1015625,61623.5,61630.0390625,0
2026-06-07 21:55:00+00:00,61660.98828125,61660.98828125,61621.16015625,61623.51953125,2031616
2026-06-07 21:56:00+00:00,61685.609375,61708.03125,61685.58984375,61693.4609375,0
2026-06-07 21:57:00+00:00,61719.1796875,61742.37890625,61685.609375,61685.609375,7026688
2026-06-07 21:58:00+00:00,61742.9609375,61754.8984375,61714.0390625,61719.171875,0
2026-06-07 21:59:00+00:00,61748.62890625,61750.0,61726.62109375,61732.98828125,632541184
2026-06-07 22:00:00+00:00,61779.94140625,61837.05859375,61779.94140625,61824.6015625,109539328
2026-06-07 22:01:00+00:00,61726.71875,61793.0390625,61696.03125,61784.51171875,0
2026-06-07 22:02:00+00:00,61828.55859375,61828.55859375,61737.640625,61737.640625,0
2026-06-07 22:03:00+00:00,61820.01171875,61870.0,61798.58984375,61835.87109375,0
2026-06-07 22:04:00+00:00,61786.23828125,61825.4609375,61776.80859375,61811.890625,18186240
2026-06-07 22:05:00+00:00,61784.671875,61818.80859375,61777.5703125,61777.5703125,0
2026-06-07 22:06:00+00:00,61744.078125,61764.19921875,61714.21875,61754.0,0
2026-06-07 22:07:00+00:00,61834.359375,61851.55078125,61739.23828125,61739.578125,0
2026-06-07 22:08:00+00:00,61838.0,61848.0,61801.75,61831.05859375,0
2026-06-07 22:09:00+00:00,61851.08984375,61851.08984375,61824.0,61833.1484375,0
2026-06-07 22:10:00+00:00,61877.94140625,61877.94140625,61837.890625,61839.53125,76818432
2026-06-07 22:11:00+00:00,61981.8203125,61981.8203125,61874.30859375,61883.23828125,613951488
2026-06-07 22:12:00+00:00,62157.3984375,62248.48046875,62033.1484375,62033.1484375,0
2026-06-07 22:13:00+00:00,62589.98828125,62659.98046875,62212.3984375,62212.3984375,3747840
2026-06-07 22:14:00+00:00,63527.73046875,63527.73046875,62549.6484375,62549.6484375,0
2026-06-07 22:15:00+00:00,63664.390625,64102.69140625,63559.21875,63622.1796875,28194816
2026-06-07 22:16:00+00:00,63445.98046875,63588.0,63421.98828125,63576.23828125,139710464
2026-06-07 22:17:00+00:00,63428.44140625,63428.44140625,63241.62890625,63391.96875,0
2026-06-07 22:18:00+00:00,63313.26171875,63499.109375,63285.05078125,63421.98828125,518021120
2026-06-07 22:19:00+00:00,63161.0,63333.1484375,63161.0,63280.0,0
2026-06-07 22:20:00+00:00,63122.2109375,63196.26953125,63075.98828125,63093.2890625,1572603904
2026-06-07 22:21:00+00:00,63122.73046875,63183.171875,63096.578125,63106.890625,114264064
2026-06-07 22:22:00+00:00,62969.140625,63100.0,62969.140625,63076.0,0
2026-06-07 22:23:00+00:00,62972.44921875,62991.25,62949.859375,62960.0,385601536
2026-06-07 22:24:00+00:00,62923.75,63015.890625,62893.0,62966.01171875,23048192
2026-06-07 22:25:00+00:00,62896.76171875,62999.6796875,62896.76171875,62926.75,32737280
2026-06-07 22:26:00+00:00,63018.69921875,63022.3984375,62860.19921875,62895.98828125,252794880
2026-06-07 22:27:00+00:00,63049.98046875,63061.69921875,62966.2109375,63010.51953125,8493056
2026-06-07 22:28:00+00:00,62893.19140625,63031.05859375,62893.19140625,63024.0,0
2026-06-07 22:29:00+00:00,62963.01171875,62963.01171875,62894.87890625,62894.87890625,627152896
2026-06-07 22:30:00+00:00,62909.87109375,63013.16015625,62909.87109375,62947.1484375,0
2026-06-07 22:31:00+00:00,62891.0,62906.73828125,62832.01171875,62906.73828125,181805056
2026-06-07 22:32:00+00:00,62776.0,62872.3203125,62774.80859375,62872.3203125,161765376
2026-06-07 22:33:00+00:00,62822.25,62822.25,62749.91015625,62778.01171875,0
2026-06-07 22:34:00+00:00,63009.98828125,63025.30078125,62813.328125,62813.328125,0
2026-06-07 22:35:00+00:00,63066.80859375,63068.828125,62974.44921875,62978.80859375,27758592
2026-06-07 22:36:00+00:00,63244.7890625,63244.7890625,63066.0390625,63092.05859375,8992768
2026-06-07 22:37:00+00:00,63350.0,63350.5,63240.0,63251.5,0
2026-06-07 22:38:00+00:00,63236.01171875,63332.421875,63208.03125,63332.421875,0
2026-06-07 22:39:00+00:00,63007.05859375,63248.01171875,63007.05859375,63248.01171875,162762752
2026-06-07 22:40:00+00:00,63110.0,63138.0,63005.66015625,63005.66015625,13096960
2026-06-07 22:41:00+00:00,63031.1484375,63141.48828125,63011.4609375,63141.48828125,473427968
2026-06-07 22:42:00+00:00,63087.30078125,63090.0,63002.19140625,63011.69921875,0
2026-06-07 22:43:00+00:00,63086.109375,63091.73828125,63054.0,63089.12109375,0
2026-06-07 22:44:00+00:00,63123.01171875,63138.3515625,63106.4296875,63106.4296875,75661312
2026-06-07 22:45:00+00:00,63156.01953125,63156.01953125,63117.51953125,63141.37109375,0
2026-06-07 22:46:00+00:00,63257.6796875,63268.0,63165.46875,63176.0,0
2026-06-07 22:47:00+00:00,63128.73046875,63253.26171875,63128.73046875,63241.9609375,784297984
2026-06-07 22:48:00+00:00,63070.0,63177.0,63070.0,63125.83984375,0
2026-06-07 22:49:00+00:00,63132.1015625,63183.171875,63050.51171875,63050.51171875,0
2026-06-07 22:50:00+00:00,63128.48046875,63133.01171875,63062.1015625,63120.0,416604160
2026-06-07 22:51:00+00:00,63110.19921875,63170.16015625,63108.1484375,63113.73828125,6864896
2026-06-07 22:52:00+00:00,63091.96875,63121.5,63091.96875,63121.5,0
2026-06-07 22:53:00+00:00,63102.37109375,63125.83984375,63072.1484375,63085.1484375,25346048
2026-06-07 22:54:00+00:00,62993.0703125,63099.87890625,62993.0703125,63093.21875,0
2026-06-07 22:55:00+00:00,62906.98828125,63020.51171875,62894.6015625,63020.51171875,6246400
2026-06-07 22:56:00+00:00,62873.80078125,62893.87109375,62820.0,62885.3203125,178466816
2026-06-07 22:57:00+00:00,62954.7890625,62958.0,62862.71875,62862.71875,0
2026-06-07 22:58:00+00:00,62878.3203125,62943.98828125,62862.921875,62943.98828125,0
2026-06-07 22:59:00+00:00,62831.609375,62905.5,62821.73828125,62884.83984375,0
2026-06-07 23:00:00+00:00,62929.1015625,62929.1015625,62788.62890625,62822.0,94019584
2026-06-07 23:01:00+00:00,62987.4296875,63018.73046875,62925.01171875,62925.01171875,1413120
2026-06-07 23:02:00+00:00,62950.55859375,63024.55859375,62950.55859375,62975.828125,0
2026-06-07 23:03:00+00:00,62825.359375,62963.19921875,62825.359375,62961.421875,13402112
2026-06-07 23:04:00+00:00,62830.80859375,62831.12109375,62786.0,62809.71875,21893120
2026-06-07 23:05:00+00:00,62834.75,62862.921875,62789.578125,62818.0,0
2026-06-07 23:06:00+00:00,62790.26953125,62843.96875,62790.26953125,62800.30078125,150831104
2026-06-07 23:07:00+00:00,62843.48046875,62843.48046875,62785.98828125,62799.98828125,0
2026-06-07 23:08:00+00:00,62828.48046875,62828.48046875,62783.6796875,62802.01171875,10686464
2026-06-07 23:09:00+00:00,62777.62890625,62836.0,62775.96875,62788.1796875,8032256
2026-06-07 23:10:00+00:00,62839.12890625,62861.19140625,62806.01171875,62806.01171875,0
2026-06-07 23:11:00+00:00,62881.69921875,62891.078125,62817.05859375,62824.76953125,0
2026-06-07 23:12:00+00:00,62874.80859375,62874.80859375,62803.5,62865.98046875,132456448
2026-06-07 23:13:00+00:00,62934.4296875,62944.328125,62875.44140625,62881.80859375,0
2026-06-07 23:14:00+00:00,62976.05859375,62977.98828125,62946.0,62963.9609375,207925248
2026-06-07 23:15:00+00:00,62912.94921875,62991.390625,62889.44921875,62991.390625,0
2026-06-07 23:16:00+00:00,62834.94140625,62901.73828125,62828.48828125,62901.73828125,0
2026-06-07 23:17:00+00:00,62796.0,62870.0,62778.41015625,62870.0,0
2026-06-07 23:18:00+00:00,62794.25,62834.0,62790.23828125,62795.98046875,0
2026-06-07 23:19:00+00:00,62844.0,62848.23046875,62780.94140625,62787.8203125,3805184
2026-06-07 23:20:00+00:00,62890.98046875,62909.05078125,62831.609375,62834.75,0
2026-06-07 23:21:00+00:00,62922.1015625,62953.4296875,62906.62890625,62918.01953125,0
2026-06-07 23:22:00+00:00,62884.76953125,62922.01171875,62823.98828125,62922.01171875,0
2026-06-07 23:23:00+00:00,62889.21875,62900.48046875,62862.01171875,62885.05859375,0
2026-06-07 23:24:00+00:00,62922.87890625,62941.16015625,62881.12890625,62881.12890625,129093632
2026-06-07 23:25:00+00:00,63029.51171875,63030.01171875,62906.73828125,62930.640625,2007040
2026-06-07 23:26:00+00:00,63154.0,63160.98828125,63047.23828125,63047.23828125,0
2026-06-07 23:27:00+00:00,63185.30859375,63221.73828125,63157.98828125,63157.98828125,99999744
2026-06-07 23:28:00+00:00,63216.609375,63225.25,63166.8203125,63180.0,21204992
2026-06-07 23:29:00+00:00,63239.98828125,63244.01953125,63194.69921875,63203.55859375,0
2026-06-07 23:30:00+00:00,63277.7109375,63283.9609375,63228.7109375,63228.7109375,0
2026-06-07 23:31:00+00:00,63189.171875,63268.0,63164.01171875,63268.0,0
2026-06-07 23:32:00+00:00,63287.98828125,63287.98828125,63179.0390625,63179.0390625,0
2026-06-07 23:33:00+00:00,63202.19140625,63282.328125,63197.828125,63282.328125,129134592
2026-06-07 23:34:00+00:00,63197.828125,63210.328125,63175.921875,63202.37109375,0
2026-06-07 23:35:00+00:00,63096.7890625,63197.828125,63096.7890625,63196.328125,83632128
2026-06-07 23:36:00+00:00,63126.03125,63132.1015625,63097.171875,63097.171875,0
2026-06-07 23:37:00+00:00,63138.359375,63163.03125,63119.578125,63119.578125,148516864
2026-06-07 23:38:00+00:00,63191.109375,63213.46875,63152.05078125,63152.05078125,14295040
2026-06-07 23:39:00+00:00,63182.78125,63193.390625,63149.12109375,63192.01171875,3723264
2026-06-07 23:40:00+00:00,63204.16015625,63214.25,63146.01953125,63170.5,129654784
2026-06-07 23:41:00+00:00,63163.140625,63211.98046875,63160.3515625,63211.98046875,40255488
2026-06-07 23:42:00+00:00,63220.55859375,63220.55859375,63162.05859375,63163.75,0
2026-06-07 23:43:00+00:00,63276.0703125,63276.0703125,63206.48828125,63207.21875,1822720
2026-06-07 23:44:00+00:00,63266.51953125,63269.80859375,63219.9296875,63260.96875,173641728
2026-06-07 23:45:00+00:00,63235.98046875,63279.2109375,63232.890625,63252.0,2322432
2026-06-07 23:46:00+00:00,63263.08984375,63263.08984375,63226.01171875,63257.2890625,6033408
2026-06-07 23:47:00+00:00,63348.4609375,63375.26171875,63282.30078125,63282.30078125,0
2026-06-07 23:48:00+00:00,63379.23046875,63379.23046875,63304.96875,63319.8984375,11444224
2026-06-07 23:49:00+00:00,63188.44140625,63413.28125,63188.44140625,63389.578125,0
2026-06-07 23:50:00+00:00,63199.0390625,63228.01953125,63199.0390625,63207.21875,0
2026-06-07 23:51:00+00:00,63086.87109375,63227.28125,63086.87109375,63227.28125,149893120
2026-06-07 23:52:00+00:00,63116.9296875,63169.76953125,63076.01171875,63088.01171875,0
2026-06-07 23:53:00+00:00,63136.01171875,63166.53125,63095.859375,63095.859375,78110720
2026-06-07 23:54:00+00:00,63117.16015625,63162.12890625,63117.16015625,63137.640625,3813376
2026-06-07 23:55:00+00:00,63183.05859375,63183.05859375,63128.9296875,63128.9296875,4673536
2026-06-07 23:56:00+00:00,63186.0,63187.8984375,63136.94921875,63157.51953125,1449984
2026-06-07 23:57:00+00:00,63219.53125,63235.98828125,63182.1796875,63188.01171875,0
2026-06-07 23:58:00+00:00,63236.41015625,63242.0,63215.55859375,63215.55859375,0
2026-06-08 00:00:00+00:00,63230.0390625,63302.0,63229.26171875,63300.01953125,0
2026-06-08 00:01:00+00:00,63203.96875,63238.51171875,63193.2109375,63233.83984375,6410240
2026-06-08 00:02:00+00:00,63171.7109375,63203.71875,63168.0,63194.69921875,83779584
2026-06-08 00:03:00+00:00,63194.0,63244.78125,63165.98828125,63171.94140625,0
2026-06-08 00:04:00+00:00,63275.03125,63275.03125,63185.30859375,63210.2109375,0
2026-06-08 00:05:00+00:00,63127.8515625,63248.0,63127.8515625,63248.0,30691328
2026-06-08 00:06:00+00:00,63200.9609375,63212.0,63135.21875,63135.21875,380928
2026-06-08 00:07:00+00:00,63228.23828125,63230.0,63177.98046875,63197.83984375,10645504
2026-06-08 00:08:00+00:00,63191.6484375,63257.55859375,63186.0,63257.30078125,0
2026-06-08 00:09:00+00:00,63232.96875,63245.0,63194.83984375,63194.83984375,96972800
2026-06-08 00:10:00+00:00,63126.0,63216.609375,63124.6015625,63216.609375,130756608
2026-06-08 00:11:00+00:00,63144.01171875,63166.1796875,63132.08984375,63132.08984375,61038592
2026-06-08 00:12:00+00:00,63218.19921875,63219.73828125,63152.171875,63152.171875,0
2026-06-08 00:13:00+00:00,63216.609375,63223.53125,63179.51953125,63218.21875,0
2026-06-08 00:14:00+00:00,63202.3203125,63207.23046875,63159.421875,63207.23046875,0
2026-06-08 00:15:00+00:00,63140.05078125,63207.21875,63139.87890625,63207.21875,131653632
2026-06-08 00:16:00+00:00,63200.76953125,63223.01171875,63149.48828125,63149.48828125,0
2026-06-08 00:17:00+00:00,63245.48046875,63246.7109375,63194.69921875,63194.69921875,6803456
2026-06-08 00:18:00+00:00,63207.98828125,63250.48828125,63207.98828125,63250.46875,4890624
2026-06-08 00:19:00+00:00,63150.890625,63225.4296875,63119.16015625,63225.4296875,0
2026-06-08 00:20:00+00:00,63203.98828125,63203.98828125,63150.171875,63150.171875,0
2026-06-08 00:21:00+00:00,63169.66015625,63264.98828125,63169.66015625,63203.98046875,122519552
2026-06-08 00:22:00+00:00,63208.3984375,63210.05859375,63139.44140625,63144.62109375,20520960
2026-06-08 00:23:00+00:00,63221.859375,63249.98828125,63199.98046875,63208.390625,87052288
2026-06-08 00:24:00+00:00,63235.390625,63264.578125,63216.01171875,63216.01171875,0
2026-06-08 00:25:00+00:00,63312.01953125,63312.01953125,63236.0,63236.0,0
2026-06-08 00:26:00+00:00,63372.0,63414.69921875,63324.51953125,63324.51953125,25477120
2026-06-08 00:27:00+00:00,63476.80078125,63480.37109375,63379.359375,63379.359375,6037504
2026-06-08 00:28:00+00:00,63441.2109375,63442.23046875,63400.0,63438.83984375,0
2026-06-08 00:29:00+00:00,63472.98046875,63472.98046875,63398.1484375,63436.78125,0
2026-06-08 00:30:00+00:00,63567.98828125,63575.05078125,63441.96875,63460.80859375,143945728
2026-06-08 00:31:00+00:00,63466.0,63582.75,63466.0,63544.98828125,5206016
2026-06-08 00:32:00+00:00,63416.921875,63444.0,63379.37109375,63440.46875,0
2026-06-08 00:33:00+00:00,63454.0,63454.0,63387.2109375,63418.05078125,0
2026-06-08 00:34:00+00:00,63412.0,63438.03125,63391.98046875,63423.19921875,0
2026-06-08 00:35:00+00:00,63475.73828125,63490.0,63398.828125,63398.828125,141283328
2026-06-08 00:36:00+00:00,63618.0,63618.0,63479.53125,63479.53125,0
2026-06-08 00:37:00+00:00,63688.26953125,63688.26953125,63599.98828125,63599.98828125,0
2026-06-08 00:38:00+00:00,63660.0,63668.83984375,63614.87109375,63664.03125,122974208
2026-06-08 00:39:00+00:00,63795.6484375,63795.6484375,63674.1796875,63674.1796875,43941888
2026-06-08 00:40:00+00:00,63670.46875,63817.55859375,63670.46875,63783.140625,0
2026-06-08 00:41:00+00:00,63682.30078125,63743.01171875,63672.5390625,63704.19140625,202825728
2026-06-08 00:42:00+00:00,63704.87890625,63704.87890625,63663.5703125,63682.98046875,15138816
2026-06-08 00:43:00+00:00,63763.23046875,63763.23046875,63704.98828125,63707.98828125,19623936
2026-06-08 00:44:00+00:00,63689.23046875,63773.98828125,63681.0,63773.98828125,145342464
2026-06-08 00:45:00+00:00,63620.37890625,63686.109375,63620.37890625,63686.109375,0
2026-06-08 00:46:00+00:00,63538.98828125,63604.73046875,63535.87109375,63604.73046875,0
2026-06-08 00:47:00+00:00,63551.51953125,63598.01953125,63542.55078125,63542.55078125,201805824
2026-06-08 00:48:00+00:00,63619.30859375,63619.30859375,63530.0,63567.16015625,0
2026-06-08 00:49:00+00:00,63706.33984375,63708.01171875,63622.3203125,63622.3203125,150478848
2026-06-08 00:50:00+00:00,63657.94140625,63711.05859375,63657.94140625,63711.05859375,0
2026-06-08 00:51:00+00:00,63726.7890625,63726.7890625,63664.359375,63664.78125,0
2026-06-08 00:52:00+00:00,63746.421875,63759.46875,63717.41015625,63730.03125,174866432
2026-06-08 00:53:00+00:00,63714.19921875,63756.33984375,63702.25,63735.609375,0
2026-06-08 00:54:00+00:00,63670.0,63724.4609375,63629.12890625,63724.4609375,140263424
2026-06-08 00:55:00+00:00,63619.7890625,63684.0,63608.01953125,63676.7109375,4239360
2026-06-08 00:56:00+00:00,63564.0390625,63621.12890625,63564.0390625,63621.12890625,0
2026-06-08 00:57:00+00:00,63622.0,63622.0,63523.3515625,63554.6484375,56156160
2026-06-08 00:58:00+00:00,63601.58984375,63629.76171875,63585.94921875,63617.25,0
2026-06-08 00:59:00+00:00,63607.859375,63632.01953125,63579.69140625,63590.0390625,0
2026-06-08 01:00:00+00:00,63570.2890625,63620.9296875,63557.7890625,63620.9296875,24518656
2026-06-08 01:01:00+00:00,63517.08984375,63590.44140625,63517.08984375,63570.359375,0
2026-06-08 01:02:00+00:00,63488.05078125,63512.16015625,63454.48828125,63500.0,377679872
2026-06-08 01:03:00+00:00,63400.609375,63479.62109375,63382.0,63479.62109375,106045440
2026-06-08 01:04:00+00:00,63341.8203125,63416.91015625,63341.8203125,63416.91015625,0
2026-06-08 01:05:00+00:00,63318.03125,63342.25,63307.390625,63340.2109375,83992576
2026-06-08 01:06:00+00:00,63313.921875,63346.2890625,63294.94921875,63318.5703125,0
2026-06-08 01:07:00+00:00,63332.890625,63332.890625,63294.62890625,63316.76171875,0
2026-06-08 01:08:00+00:00,63310.03125,63311.21875,63276.359375,63308.01953125,0
2026-06-08 01:09:00+00:00,63280.0,63329.30859375,63249.96875,63315.26171875,129748992
2026-06-08 01:10:00+00:00,63185.828125,63231.9296875,63172.6484375,63231.9296875,0
2026-06-08 01:11:00+00:00,63202.01171875,63236.71875,63182.80078125,63182.80078125,0
2026-06-08 01:12:00+00:00,63163.98046875,63234.01171875,63148.78125,63234.01171875,1380487168
2026-06-08 01:13:00+00:00,63158.16015625,63205.0,63146.03125,63175.91015625,0
2026-06-08 01:14:00+00:00,63034.0,63172.01171875,63034.0,63172.01171875,65789952
2026-06-08 01:15:00+00:00,63000.0,63013.55859375,62935.76171875,63013.55859375,136966144
2026-06-08 01:16:00+00:00,62951.44921875,63003.5,62950.0,62990.19140625,3129344
2026-06-08 01:17:00+00:00,63026.5,63026.5,62945.01171875,62966.5,0
2026-06-08 01:18:00+00:00,63072.62890625,63129.08984375,63055.9296875,63071.83984375,0
2026-06-08 01:19:00+00:00,63053.75,63088.0,63045.80859375,63068.0,0
2026-06-08 01:20:00+00:00,62958.109375,63030.12890625,62947.3984375,63013.16015625,422526976
2026-06-08 01:21:00+00:00,62976.01953125,63000.640625,62948.01171875,62960.0,0
2026-06-08 01:22:00+00:00,63079.0,63079.0,63017.98046875,63035.05859375,0
2026-06-08 01:23:00+00:00,62994.37109375,63080.69140625,62988.5390625,63080.69140625,0
2026-06-08 01:24:00+00:00,62850.0,62993.28125,62834.62109375,62993.28125,164880384
2026-06-08 01:25:00+00:00,62824.0,62874.0,62822.28125,62855.0,0
2026-06-08 01:26:00+00:00,62902.0,62902.0,62794.05078125,62795.48828125,85712896
2026-06-08 01:27:00+00:00,62947.2890625,62978.71875,62920.87890625,62920.87890625,0
2026-06-08 01:28:00+00:00,62858.0,62931.76953125,62816.44921875,62931.76953125,4091904
2026-06-08 01:29:00+00:00,62793.12890625,62856.9296875,62725.69921875,62856.9296875,0
2026-06-08 01:30:00+00:00,62722.05859375,62800.19140625,62702.0,62772.1484375,0
2026-06-08 01:31:00+00:00,62950.55859375,62970.0,62687.30078125,62687.30078125,0
2026-06-08 01:32:00+00:00,62936.21875,62940.01171875,62877.98828125,62916.55859375,655847424
2026-06-08 01:33:00+00:00,62914.78125,62942.390625,62891.1015625,62934.0,0
2026-06-08 01:34:00+00:00,62988.078125,62988.078125,62856.66015625,62856.66015625,10162176
2026-06-08 01:35:00+00:00,63034.16015625,63049.0,62972.46875,62972.46875,0
2026-06-08 01:36:00+00:00,62931.6484375,63000.640625,62931.6484375,63000.640625,0
2026-06-08 01:37:00+00:00,62958.0,62982.62109375,62924.0,62924.0,3977216
2026-06-08 01:38:00+00:00,63007.94921875,63007.94921875,62975.98046875,62984.0,0
2026-06-08 01:39:00+00:00,62995.109375,63015.94921875,62959.96875,63015.94921875,626827264
2026-06-08 01:40:00+00:00,62990.0,63041.3203125,62990.0,63034.0,0
2026-06-08 01:41:00+00:00,63050.44140625,63050.44140625,62973.94921875,63013.140625,185225216
2026-06-08 01:42:00+00:00,63082.66015625,63091.19140625,63016.30078125,63038.96875,0
2026-06-08 01:43:00+00:00,63052.01171875,63082.01953125,63032.6015625,63069.51171875,0
2026-06-08 01:44:00+00:00,63088.01171875,63091.94921875,63053.8515625,63056.9609375,0
2026-06-08 01:45:00+00:00,63132.08984375,63152.421875,63086.890625,63086.890625,0
2026-06-08 01:46:00+00:00,63104.01171875,63132.44921875,63087.98828125,63132.44921875,20557824
2026-06-08 01:47:00+00:00,63067.859375,63112.171875,63067.859375,63087.5390625,0
2026-06-08 01:48:00+00:00,63075.58984375,63103.9296875,63061.71875,63061.71875,0
2026-06-08 01:49:00+00:00,63048.76953125,63100.76953125,63038.21875,63088.26953125,0
2026-06-08 01:50:00+00:00,62975.58984375,63028.80859375,62960.8203125,63028.80859375,111456256
2026-06-08 01:51:00+00:00,63060.109375,63078.859375,62985.37890625,62985.37890625,15892480
2026-06-08 01:52:00+00:00,63107.078125,63141.4609375,63101.0,63103.9296875,129196032
2026-06-08 01:53:00+00:00,63004.05078125,63113.30859375,62991.25,63113.30859375,0
2026-06-08 01:54:00+00:00,63032.80078125,63032.80078125,62988.1484375,63010.9296875,0
2026-06-08 01:55:00+00:00,63125.828125,63125.828125,63058.8984375,63062.19140625,136232960
2026-06-08 01:56:00+00:00,63207.21875,63207.21875,63123.28125,63141.48046875,470016000
2026-06-08 01:57:00+00:00,63145.98046875,63204.08984375,63145.98046875,63204.08984375,142548992
2026-06-08 01:58:00+00:00,63125.83984375,63150.0,63125.83984375,63134.7109375,0
2026-06-08 01:59:00+00:00,63182.44921875,63182.44921875,63102.9296875,63102.9296875,0
2026-06-08 02:00:00+00:00,63182.1796875,63232.25,63182.1796875,63183.9609375,0
2026-06-08 02:01:00+00:00,63096.12890625,63164.91015625,63088.28125,63164.91015625,46399488
2026-06-08 02:02:00+00:00,63110.1796875,63125.828125,63082.01953125,63088.5,146415616
2026-06-08 02:03:00+00:00,63103.921875,63151.03125,63072.62890625,63117.23828125,6545408
2026-06-08 02:04:00+00:00,63041.01953125,63094.53125,63041.01953125,63091.41015625,0
2026-06-08 02:05:00+00:00,63035.73828125,63037.12890625,62994.37890625,63027.0,0
2026-06-08 02:06:00+00:00,63066.80859375,63094.51953125,63046.62890625,63047.578125,561152
2026-06-08 02:07:00+00:00,63075.75,63132.08984375,63067.19140625,63085.01953125,0
2026-06-08 02:08:00+00:00,62984.98828125,63086.78125,62984.98828125,63076.05859375,257056768
2026-06-08 02:09:00+00:00,62987.37890625,62997.109375,62969.3515625,62991.671875,14655488
2026-06-08 02:10:00+00:00,63001.171875,63035.05078125,62978.87109375,62993.5,0
2026-06-08 02:11:00+00:00,63033.48828125,63074.2890625,63010.01953125,63010.01953125,0
2026-06-08 02:12:00+00:00,63100.37890625,63100.37890625,63026.94140625,63026.94140625,146358272
2026-06-08 02:13:00+00:00,63096.078125,63134.69140625,63082.01953125,63117.48046875,5726208
2026-06-08 02:14:00+00:00,63096.78125,63113.6015625,63082.03125,63082.03125,103960576
2026-06-08 02:15:00+00:00,63003.03125,63085.16015625,63003.03125,63085.16015625,0
2026-06-08 02:16:00+00:00,63014.30859375,63022.5390625,62984.98828125,62990.0,0
2026-06-08 02:17:00+00:00,63041.890625,63052.0,63004.01171875,63004.01171875,147668992
2026-06-08 02:18:00+00:00,62949.69921875,63022.55078125,62949.69921875,63022.55078125,0
2026-06-08 02:19:00+00:00,62942.44921875,62969.01953125,62938.01171875,62969.01953125,115851264
2026-06-08 02:20:00+00:00,62995.578125,63013.1796875,62942.01953125,62942.01953125,0
2026-06-08 02:21:00+00:00,63031.9296875,63038.19921875,63003.421875,63003.421875,0
2026-06-08 02:22:00+00:00,63060.5703125,63061.66015625,63035.05859375,63035.05859375,5947392
2026-06-08 02:23:00+00:00,63035.05859375,63053.98046875,63000.6484375,63053.98046875,0
2026-06-08 02:24:00+00:00,63128.37109375,63128.37109375,63032.0,63056.98046875,0
2026-06-08 02:25:00+00:00,63140.0,63168.26171875,63125.98046875,63160.5390625,138764288
2026-06-08 02:26:00+00:00,63168.98046875,63191.30078125,63147.73828125,63147.73828125,0
2026-06-08 02:27:00+00:00,63135.23046875,63173.390625,63135.23046875,63173.390625,684662784
2026-06-08 02:28:00+00:00,63028.80859375,63117.12109375,63007.0,63117.12109375,0
2026-06-08 02:29:00+00:00,63074.48828125,63087.98046875,63041.328125,63041.328125,18845696
2026-06-08 02:30:00+00:00,63108.48828125,63154.16015625,63078.87890625,63078.87890625,7667712
2026-06-08 02:31:00+00:00,63041.3203125,63098.078125,62997.3984375,63098.078125,0
2026-06-08 02:32:00+00:00,63019.421875,63035.0,62971.3984375,63016.2890625,23846912
2026-06-08 02:33:00+00:00,62988.078125,63014.0,62952.01171875,63014.0,0
2026-06-08 02:34:00+00:00,62950.55859375,62987.96875,62950.55859375,62969.3515625,0
2026-06-08 02:35:00+00:00,62931.98828125,63001.6484375,62931.98828125,62953.578125,0
2026-06-08 02:36:00+00:00,62941.46875,62944.7109375,62885.98828125,62891.2890625,0
2026-06-08 02:37:00+00:00,62973.6796875,62973.6796875,62917.98046875,62934.91015625,0
2026-06-08 02:38:00+00:00,63025.69140625,63041.3203125,62980.98828125,62984.23046875,188821504
2026-06-08 02:39:00+00:00,63043.58984375,63089.0703125,63029.5,63029.5,13164544
2026-06-08 02:40:00+00:00,63031.9296875,63031.9296875,62980.01171875,62988.12109375,0
2026-06-08 02:41:00+00:00,62995.83984375,63033.05078125,62984.98828125,63033.05078125,0
2026-06-08 02:42:00+00:00,63013.83984375,63019.3984375,62990.01953125,63000.6484375,134561792
2026-06-08 02:43:00+00:00,63030.30859375,63034.3515625,62988.12109375,63011.5,2732032
2026-06-08 02:44:00+00:00,63028.8515625,63033.98046875,63016.30078125,63016.30078125,0
2026-06-08 02:45:00+00:00,63012.30078125,63035.421875,63004.7890625,63035.421875,0
2026-06-08 02:46:00+00:00,63013.71875,63029.9296875,63005.328125,63015.01953125,0
2026-06-08 02:47:00+00:00,62988.76953125,63026.7890625,62979.46875,63024.03125,0
2026-06-08 02:48:00+00:00,62952.078125,63016.76953125,62952.078125,62985.0,209629184
2026-06-08 02:49:00+00:00,63018.328125,63038.37109375,62914.30859375,62934.91015625,4653056
2026-06-08 02:50:00+00:00,63091.41015625,63091.41015625,63023.5,63035.05859375,125476864
2026-06-08 02:51:00+00:00,63062.80859375,63105.671875,63057.05078125,63105.671875,1937408
2026-06-08 02:52:00+00:00,63074.44921875,63091.3984375,63065.421875,63082.01171875,0
2026-06-08 02:53:00+00:00,63050.03125,63085.98828125,63048.0,63077.3203125,0
2026-06-08 02:54:00+00:00,63056.98828125,63065.94921875,63035.0703125,63043.96875,0
2026-06-08 02:55:00+00:00,63053.8515625,63069.48828125,63046.859375,63057.328125,0
2026-06-08 02:56:00+00:00,63048.3515625,63085.140625,63048.3515625,63050.0,96620544
2026-06-08 02:57:00+00:00,63048.01171875,63060.390625,63044.91015625,63049.0,0
2026-06-08 02:58:00+00:00,63088.2109375,63088.2109375,63049.98828125,63050.46875,0
2026-06-08 02:59:00+00:00,63095.0,63100.7890625,63082.01171875,63082.01171875,249376768
2026-06-08 03:00:00+00:00,63082.41015625,63110.01171875,63073.9296875,63093.0,132067328
2026-06-08 03:01:00+00:00,63066.46875,63088.26953125,63066.359375,63088.26953125,0
2026-06-08 03:02:00+00:00,63045.109375,63107.94140625,63045.109375,63078.75,43675648
2026-06-08 03:03:00+00:00,62991.98046875,63045.7109375,62989.1484375,63036.5703125,0
2026-06-08 03:04:00+00:00,62983.66015625,63012.109375,62977.41015625,62977.41015625,117682176
2026-06-08 03:05:00+00:00,62959.94921875,63000.6484375,62941.0703125,62982.26171875,0
2026-06-08 03:06:00+00:00,63007.6015625,63007.6015625,62956.8203125,62971.078125,2990080
2026-06-08 03:07:00+00:00,63025.6484375,63044.03125,63000.0,63000.0,0
2026-06-08 03:08:00+00:00,63110.01171875,63110.01171875,63031.94140625,63031.94140625,0
2026-06-08 03:09:00+00:00,63206.98046875,63211.3515625,63100.80078125,63100.80078125,1814528
2026-06-08 03:10:00+00:00,63357.328125,63408.03125,63191.5703125,63191.5703125,0
2026-06-08 03:11:00+00:00,63279.1015625,63323.03125,63234.01171875,63323.03125,68595712
2026-06-08 03:12:00+00:00,63260.44921875,63282.9296875,63247.91015625,63276.87890625,0
2026-06-08 03:13:00+00:00,63216.609375,63272.0,63216.609375,63260.44921875,0
2026-06-08 03:14:00+00:00,63253.30078125,63253.30078125,63215.62109375,63244.44140625,0
2026-06-08 03:15:00+00:00,63273.96875,63281.140625,63246.4296875,63260.671875,0
2026-06-08 03:16:00+00:00,63246.0,63277.6015625,63219.73046875,63276.0703125,8417280
2026-06-08 03:17:00+00:00,63230.05078125,63243.609375,63227.55078125,63238.51953125,135512064
2026-06-08 03:18:00+00:00,63183.5,63215.55859375,63183.5,63215.55859375,0
2026-06-08 03:19:00+00:00,63187.73828125,63190.73828125,63165.01171875,63183.48046875,0
2026-06-08 03:20:00+00:00,63237.609375,63237.609375,63141.80859375,63145.01171875,37175296
2026-06-08 03:21:00+00:00,63264.96875,63264.96875,63210.9609375,63222.87890625,0
2026-06-08 03:22:00+00:00,63246.98046875,63325.98046875,63244.0390625,63277.9609375,843776
2026-06-08 03:23:00+00:00,63196.01171875,63260.421875,63196.01171875,63260.421875,219869184
2026-06-08 03:24:00+00:00,63242.140625,63242.140625,63185.30859375,63196.01171875,0
2026-06-08 03:25:00+00:00,63170.05859375,63242.1796875,63170.05859375,63242.1796875,0
2026-06-08 03:26:00+00:00,63185.1796875,63204.7109375,63179.0390625,63179.0390625,0
2026-06-08 03:27:00+00:00,63211.26953125,63211.26953125,63154.98828125,63172.7890625,104050688
2026-06-08 03:28:00+00:00,63147.8984375,63213.26953125,63147.8984375,63213.26953125,0
2026-06-08 03:29:00+00:00,63120.37109375,63166.5390625,63113.3203125,63166.0703125,0
2026-06-08 03:30:00+00:00,63172.7890625,63199.98828125,63114.0,63120.05078125,122781696
2026-06-08 03:31:00+00:00,63146.828125,63186.01171875,63144.609375,63172.7890625,0
2026-06-08 03:32:00+00:00,63163.37890625,63170.01171875,63139.0390625,63141.76171875,0
2026-06-08 03:33:00+00:00,63154.01953125,63168.76171875,63144.3984375,63168.76171875,65482752
2026-06-08 03:34:00+00:00,63155.25,63160.01953125,63141.48046875,63141.48828125,0
2026-06-08 03:35:00+00:00,63154.640625,63178.01953125,63147.76953125,63156.44921875,605569024
2026-06-08 03:36:00+00:00,63131.01171875,63155.98046875,63131.01171875,63154.609375,0
2026-06-08 03:37:00+00:00,63068.4296875,63138.3515625,63068.4296875,63134.98828125,136970240
2026-06-08 03:38:00+00:00,63042.01171875,63071.171875,63038.2109375,63071.171875,16441344
2026-06-08 03:39:00+00:00,63066.359375,63066.359375,63039.23828125,63043.98046875,1351680
2026-06-08 03:40:00+00:00,63123.26171875,63123.26171875,63060.01953125,63060.01953125,0
2026-06-08 03:41:00+00:00,63153.98046875,63157.96875,63122.83984375,63122.83984375,0
2026-06-08 03:42:00+00:00,63158.0,63172.44921875,63143.98828125,63153.98046875,12242944
2026-06-08 03:43:00+00:00,63069.51171875,63147.9609375,63069.51171875,63147.9609375,0
2026-06-08 03:44:00+00:00,63095.48046875,63110.1015625,63078.87890625,63078.87890625,0
2026-06-08 03:45:00+00:00,63128.640625,63128.640625,63107.05859375,63115.83984375,40210432
2026-06-08 03:46:00+00:00,63102.05859375,63128.83984375,63102.05859375,63128.83984375,10551296
2026-06-08 03:47:00+00:00,63072.05078125,63109.08984375,63072.05078125,63109.08984375,0
2026-06-08 03:48:00+00:00,63046.6015625,63069.5,63044.46875,63069.5,0
2026-06-08 03:49:00+00:00,63070.05078125,63079.51953125,63066.37109375,63066.37109375,831488
2026-06-08 03:50:00+00:00,63061.4296875,63063.19140625,63040.0,63060.12890625,0
2026-06-08 03:51:00+00:00,63059.4609375,63074.828125,63053.8203125,63074.828125,38641664
2026-06-08 03:52:00+00:00,63066.359375,63069.48828125,63037.80078125,63057.98046875,1810432
2026-06-08 03:53:00+00:00,63090.58984375,63094.53125,63063.25,63066.359375,0
2026-06-08 03:54:00+00:00,63094.51171875,63108.66015625,63066.37109375,63082.01953125,133001216
2026-06-08 03:55:00+00:00,63122.19140625,63122.19140625,63073.0703125,63086.62109375,0
2026-06-08 03:56:00+00:00,63131.75,63131.76171875,63105.0,63131.76171875,0
2026-06-08 03:57:00+00:00,63118.01953125,63144.609375,63110.19140625,63141.03125,0
2026-06-08 03:58:00+00:00,63090.0,63108.0703125,63088.0703125,63102.78125,1175552
2026-06-08 03:59:00+00:00,63088.0390625,63088.0390625,63072.578125,63083.828125,0
2026-06-08 04:00:00+00:00,63121.0703125,63121.0703125,63096.0,63096.0,0
2026-06-08 04:01:00+00:00,63132.12109375,63132.12109375,63114.0,63125.83984375,0
2026-06-08 04:02:00+00:00,63076.98046875,63130.33984375,63076.98046875,63124.8203125,0
2026-06-08 04:03:00+00:00,62966.2109375,63083.78125,62966.2109375,63076.0,0
2026-06-08 04:04:00+00:00,62934.91015625,62968.12109375,62922.390625,62968.12109375,3538944
2026-06-08 04:05:00+00:00,62906.75,62920.12890625,62906.75,62920.12890625,249872384
2026-06-08 04:06:00+00:00,62844.12890625,62896.51953125,62790.80859375,62896.51953125,0
2026-06-08 04:07:00+00:00,62885.21875,62897.3203125,62815.08984375,62839.12109375,0
2026-06-08 04:08:00+00:00,62894.21875,62927.55859375,62891.078125,62913.0,0
2026-06-08 04:09:00+00:00,62934.0,62934.0,62896.5,62900.46875,1052672
2026-06-08 04:10:00+00:00,62932.0,62962.0703125,62908.0,62950.30078125,0
2026-06-08 04:11:00+00:00,62927.3203125,62941.05859375,62927.3203125,62938.5,0
2026-06-08 04:12:00+00:00,62887.109375,62929.96875,62863.0,62928.8984375,451366912
2026-06-08 04:13:00+00:00,62922.01171875,62922.01171875,62877.05078125,62877.05078125,0
2026-06-08 04:14:00+00:00,62960.0,62966.19921875,62930.01171875,62930.01171875,445386752
2026-06-08 04:15:00+00:00,62919.25,62980.48046875,62909.859375,62974.3515625,0
2026-06-08 04:16:00+00:00,62986.3515625,62986.3515625,62919.51953125,62941.66015625,0
2026-06-08 04:17:00+00:00,63006.890625,63006.890625,62975.6015625,62975.6015625,0
2026-06-08 04:18:00+00:00,62978.01171875,63003.76953125,62975.6015625,62996.0,0
2026-06-08 04:19:00+00:00,62876.4609375,62978.73046875,62876.4609375,62978.73046875,0
2026-06-08 04:20:00+00:00,62818.69921875,62887.51953125,62818.69921875,62887.51953125,0
2026-06-08 04:21:00+00:00,62818.0390625,62828.48046875,62801.05859375,62823.98828125,134955008
2026-06-08 04:22:00+00:00,62902.01171875,62910.01171875,62824.53125,62828.48046875,0
2026-06-08 04:23:00+00:00,62850.390625,62897.30078125,62836.4296875,62897.30078125,125390848
2026-06-08 04:24:00+00:00,62872.30078125,62872.30078125,62840.25,62855.94921875,18845696
2026-06-08 04:25:00+00:00,62885.9609375,62899.46875,62862.9296875,62876.6796875,0
2026-06-08 04:26:00+00:00,62922.3984375,62931.78125,62907.1015625,62907.1015625,0
2026-06-08 04:27:00+00:00,62892.421875,62906.73046875,62882.2109375,62894.6796875,0
2026-06-08 04:28:00+00:00,62917.51953125,62926.05078125,62886.69921875,62904.05859375,0
2026-06-08 04:29:00+00:00,62900.87109375,62913.01171875,62895.21875,62913.01171875,52736000
2026-06-08 04:30:00+00:00,62872.87890625,62922.390625,62872.87890625,62905.05078125,172032
2026-06-08 04:31:00+00:00,62869.01171875,62869.01171875,62838.76953125,62847.28125,1966080
2026-06-08 04:32:00+00:00,62925.51953125,62951.3203125,62883.4609375,62883.4609375,0
2026-06-08 04:33:00+00:00,62835.0,62913.0,62835.0,62913.0,0
2026-06-08 04:34:00+00:00,62802.01953125,62856.671875,62770.80078125,62856.671875,0
2026-06-08 04:35:00+00:00,62764.25,62800.0,62763.578125,62790.5,117534720
2026-06-08 04:36:00+00:00,62771.671875,62792.71875,62753.37109375,62765.390625,726020096
2026-06-08 04:37:00+00:00,62768.01171875,62781.7109375,62764.08984375,62772.140625,0
2026-06-08 04:38:00+00:00,62756.5,62784.66015625,62756.5,62776.28125,0
2026-06-08 04:39:00+00:00,62762.75,62765.87109375,62735.3984375,62756.48046875,16433152
2026-06-08 04:40:00+00:00,62705.890625,62775.26953125,62705.83984375,62770.48828125,0
2026-06-08 04:41:00+00:00,62710.12109375,62712.1015625,62705.01171875,62705.01171875,204615680
2026-06-08 04:42:00+00:00,62671.80078125,62712.03125,62645.859375,62712.03125,0
2026-06-08 04:43:00+00:00,62652.578125,62667.98046875,62617.62890625,62667.98046875,0
2026-06-08 04:44:00+00:00,62662.8984375,62688.05859375,62648.421875,62656.33984375,0
2026-06-08 04:45:00+00:00,62743.71875,62743.71875,62663.01953125,62672.0,79618048
2026-06-08 04:46:00+00:00,62788.0,62800.3203125,62734.55859375,62734.55859375,132534272
2026-06-08 04:47:00+00:00,62775.98828125,62790.01171875,62763.01171875,62784.6796875,0
2026-06-08 04:48:00+00:00,62778.41015625,62797.171875,62773.58984375,62773.58984375,0
2026-06-08 04:49:00+00:00,62806.578125,62828.48828125,62773.328125,62773.328125,11583488
2026-06-08 04:50:00+00:00,62787.98828125,62847.26953125,62787.98828125,62812.828125,73846784
2026-06-08 04:51:00+00:00,62756.5,62773.578125,62723.94140625,62773.578125,124858368
2026-06-08 04:52:00+00:00,62812.83984375,62859.78125,62761.421875,62761.421875,2736128
2026-06-08 04:53:00+00:00,62793.3515625,62803.44921875,62775.3203125,62803.44921875,44285952
2026-06-08 04:54:00+00:00,62762.41015625,62797.3515625,62731.4609375,62797.3515625,0
2026-06-08 04:55:00+00:00,62775.98046875,62775.98046875,62738.01171875,62757.23828125,86048768
2026-06-08 04:56:00+00:00,62765.921875,62796.4296875,62743.2109375,62778.3984375,60170240
2026-06-08 04:57:00+00:00,62745.83984375,62769.01171875,62745.83984375,62762.76171875,0
2026-06-08 04:58:00+00:00,62734.62109375,62740.859375,62720.25,62740.859375,1196032
2026-06-08 04:59:00+00:00,62697.03125,62740.83984375,62692.12890625,62734.6015625,0
2026-06-08 05:00:00+00:00,62722.01171875,62734.578125,62655.9609375,62655.9609375,0
2026-06-08 05:01:00+00:00,62731.44921875,62753.359375,62714.55078125,62731.44921875,430080
2026-06-08 05:02:00+00:00,62788.3515625,62792.01171875,62725.98828125,62740.83984375,0
2026-06-08 05:03:00+00:00,62776.0,62793.96875,62741.98828125,62790.30859375,114012160
2026-06-08 05:04:00+00:00,62712.37890625,62768.7890625,62712.37890625,62765.98828125,0
2026-06-08 05:05:00+00:00,62668.87109375,62716.0,62668.87109375,62716.0,0
2026-06-08 05:06:00+00:00,62583.98828125,62646.96875,62583.98828125,62634.4296875,495616
2026-06-08 05:07:00+00:00,62535.859375,62574.94921875,62535.859375,62548.12890625,0
2026-06-08 05:08:00+00:00,62587.48046875,62614.26953125,62559.76171875,62559.76171875,0
2026-06-08 05:09:00+00:00,62640.6796875,62640.6796875,62571.87890625,62587.44921875,0
2026-06-08 05:10:00+00:00,62637.109375,62700.16015625,62637.109375,62651.94921875,15896576
2026-06-08 05:11:00+00:00,62611.51171875,62656.3203125,62611.51171875,62635.01953125,56934400
2026-06-08 05:12:00+00:00,62536.0,62611.51171875,62536.0,62611.51171875,0
2026-06-08 05:13:00+00:00,62517.9296875,62553.0390625,62515.48828125,62540.51953125,5779456
2026-06-08 05:14:00+00:00,62540.48046875,62549.48828125,62513.01953125,62517.44140625,10641408
2026-06-08 05:15:00+00:00,62569.2109375,62578.08984375,62460.0,62552.3515625,0
2026-06-08 05:16:00+00:00,62568.0703125,62568.0703125,62524.8515625,62543.66015625,0
2026-06-08 05:17:00+00:00,62595.30859375,62600.6484375,62540.53125,62577.6796875,111091712
2026-06-08 05:18:00+00:00,62632.94140625,62635.37890625,62593.98828125,62602.0,1196032
2026-06-08 05:19:00+00:00,62617.33984375,62617.33984375,62582.01171875,62615.66015625,0
2026-06-08 05:20:00+00:00,62584.3515625,62593.1796875,62568.80078125,62571.828125,0
2026-06-08 05:21:00+00:00,62605.9609375,62625.0,62593.73828125,62603.12890625,0
2026-06-08 05:22:00+00:00,62635.98828125,62640.671875,62621.8984375,62621.8984375,118071296
2026-06-08 05:23:00+00:00,62594.96875,62637.55078125,62594.96875,62637.55078125,0
2026-06-08 05:24:00+00:00,62578.08984375,62591.19921875,62572.0703125,62590.98046875,0
2026-06-08 05:25:00+00:00,62543.71875,62611.98828125,62543.71875,62611.98828125,0
2026-06-08 05:26:00+00:00,62581.21875,62593.73046875,62528.01171875,62547.2890625,1638400
2026-06-08 05:27:00+00:00,62705.30859375,62705.30859375,62576.98828125,62576.98828125,156999680
2026-06-08 05:28:00+00:00,62656.3984375,62699.1796875,62656.3984375,62699.1796875,0
2026-06-08 05:29:00+00:00,62684.98828125,62684.98828125,62656.33984375,62660.05078125,0
2026-06-08 05:30:00+00:00,62631.98828125,62684.0,62631.2890625,62684.0,3973120
2026-06-08 05:31:00+00:00,62611.55078125,62661.98828125,62609.390625,62631.30859375,0
2026-06-08 05:32:00+00:00,62599.98828125,62599.98828125,62577.98046875,62599.8984375,0
2026-06-08 05:33:00+00:00,62634.4296875,62653.2109375,62604.6796875,62604.6796875,126386176
2026-06-08 05:34:00+00:00,62583.05859375,62628.19921875,62567.0,62619.62890625,0
2026-06-08 05:35:00+00:00,62493.921875,62587.46875,62493.921875,62587.46875,434008064
2026-06-08 05:36:00+00:00,62547.609375,62553.05078125,62457.98828125,62493.46875,0
2026-06-08 05:37:00+00:00,62459.23046875,62543.66015625,62415.05859375,62536.5,0
2026-06-08 05:38:00+00:00,62507.94140625,62507.94140625,62447.421875,62447.421875,0
2026-06-08 05:39:00+00:00,62481.05078125,62521.73046875,62451.71875,62499.69140625,133402624
2026-06-08 05:40:00+00:00,62444.0703125,62490.44140625,62444.0703125,62487.30078125,0
2026-06-08 05:41:00+00:00,62390.71875,62455.16015625,62379.37109375,62448.75,0
2026-06-08 05:42:00+00:00,62434.109375,62434.109375,62373.921875,62387.55859375,896626688
2026-06-08 05:43:00+00:00,62477.9296875,62496.7109375,62443.48046875,62446.62109375,0
2026-06-08 05:44:00+00:00,62439.44921875,62471.6796875,62406.55078125,62471.6796875,0
2026-06-08 05:45:00+00:00,62446.62890625,62446.62890625,62417.26953125,62430.98046875,0
2026-06-08 05:46:00+00:00,62493.578125,62543.48828125,62459.140625,62459.140625,0
2026-06-08 05:47:00+00:00,62495.98828125,62503.87109375,62459.1484375,62468.01171875,169902080
2026-06-08 05:48:00+00:00,62530.03125,62533.2890625,62474.80078125,62494.0390625,124047360
2026-06-08 05:49:00+00:00,62476.96875,62538.01953125,62476.96875,62524.8984375,2224128
2026-06-08 05:50:00+00:00,62574.94921875,62574.94921875,62477.9296875,62493.578125,0
2026-06-08 05:51:00+00:00,62656.69921875,62656.69921875,62550.55859375,62565.5703125,880640
2026-06-08 05:52:00+00:00,62646.9296875,62646.9296875,62622.0,62640.69140625,0
2026-06-08 05:53:00+00:00,62564.01171875,62641.1015625,62564.01171875,62641.1015625,0
2026-06-08 05:54:00+00:00,62693.87890625,62693.87890625,62577.41015625,62585.109375,28897280
2026-06-08 05:55:00+00:00,62681.37890625,62698.0,62665.7890625,62690.828125,0
2026-06-08 05:56:00+00:00,62713.41015625,62725.53125,62674.69140625,62674.69140625,18489344
2026-06-08 05:57:00+00:00,62684.5,62733.01953125,62680.0,62709.55078125,0
2026-06-08 05:58:00+00:00,62662.01171875,62674.44921875,62653.2109375,62670.671875,129617920
2026-06-08 05:59:00+00:00,62728.3203125,62728.3203125,62675.12109375,62684.5,0
2026-06-08 06:00:00+00:00,62843.96875,62843.96875,62690.98828125,62703.359375,0
2026-06-08 06:01:00+00:00,62854.87890625,62858.5390625,62787.80859375,62832.01171875,0
2026-06-08 06:02:00+00:00,62809.828125,62915.08984375,62809.828125,62891.078125,0
2026-06-08 06:03:00+00:00,62868.01171875,62898.0,62809.7109375,62817.94921875,357064704
2026-06-08 06:04:00+00:00,62862.5,62866.05078125,62821.8984375,62866.05078125,0
2026-06-08 06:05:00+00:00,62799.9609375,62847.26953125,62799.9609375,62847.26953125,0
2026-06-08 06:06:00+00:00,62854.01953125,62854.01953125,62806.609375,62806.609375,2146304
2026-06-08 06:07:00+00:00,62828.01171875,62873.140625,62820.0,62873.140625,2424832
2026-06-08 06:08:00+00:00,62842.0,62851.03125,62819.1015625,62822.23046875,0
2026-06-08 06:09:00+00:00,62925.76171875,62925.76171875,62840.0,62840.0,0
2026-06-08 06:10:00+00:00,62934.01171875,62934.01171875,62872.30859375,62927.62109375,0
2026-06-08 06:11:00+00:00,62910.30859375,62921.9296875,62900.48046875,62903.609375,122806272
2026-06-08 06:12:00+00:00,62897.5703125,62906.75,62880.0,62906.75,148049920
2026-06-08 06:13:00+00:00,62919.26171875,62920.0,62876.96875,62884.828125,0
2026-06-08 06:14:00+00:00,62907.53125,62917.01171875,62907.53125,62913.0,0
2026-06-08 06:15:00+00:00,62851.37109375,62913.98828125,62851.37109375,62903.609375,6262784
2026-06-08 06:16:00+00:00,62859.78125,62873.98046875,62848.0,62859.5703125,0
2026-06-08 06:17:00+00:00,62904.55078125,62915.578125,62859.98828125,62859.98828125,13099008
2026-06-08 06:18:00+00:00,63035.0703125,63048.421875,62906.01171875,62906.01171875,0
2026-06-08 06:19:00+00:00,63082.73828125,63107.05078125,63028.23046875,63028.23046875,0
2026-06-08 06:20:00+00:00,63008.0,63032.0390625,62961.671875,63011.58984375,97484800
2026-06-08 06:21:00+00:00,63030.96875,63033.828125,62978.71875,62995.94921875,0
2026-06-08 06:22:00+00:00,63073.5,63073.5,63022.96875,63031.921875,141832192
2026-06-08 06:23:00+00:00,63002.01953125,63084.3515625,62994.37890625,63084.3515625,0
2026-06-08 06:24:00+00:00,62922.87890625,62997.51953125,62919.2890625,62997.51953125,0
2026-06-08 06:25:00+00:00,62972.4609375,62972.62109375,62922.87109375,62928.94140625,0
2026-06-08 06:26:00+00:00,62998.03125,63027.73828125,62975.98828125,62982.328125,0
2026-06-08 06:27:00+00:00,63023.4609375,63060.08984375,63003.76171875,63006.71875,154259456
2026-06-08 06:28:00+00:00,63028.25,63028.25,62993.0,63000.640625,0
2026-06-08 06:29:00+00:00,63038.46875,63050.87890625,63022.01953125,63024.01953125,0
2026-06-08 06:30:00+00:00,63025.671875,63041.01171875,63010.73828125,63023.640625,0
2026-06-08 06:31:00+00:00,63013.98046875,63031.94140625,63002.0390625,63031.94140625,0
2026-06-08 06:32:00+00:00,63022.55078125,63048.01171875,63022.55078125,63031.859375,195731456
2026-06-08 06:33:00+00:00,63064.0,63064.0,63022.55078125,63024.25,0
2026-06-08 06:34:00+00:00,62984.328125,63059.37890625,62984.328125,63059.37890625,0
2026-06-08 06:35:00+00:00,62972.53125,63016.28125,62972.53125,63007.8984375,0
2026-06-08 06:36:00+00:00,62983.30078125,62984.01171875,62956.80078125,62975.58984375,124784640
2026-06-08 06:37:00+00:00,62930.0,63004.80859375,62930.0,62988.3984375,0
2026-06-08 06:38:00+00:00,62899.98046875,62936.9609375,62883.21875,62936.9609375,0
2026-06-08 06:39:00+00:00,62913.3984375,62916.109375,62892.03125,62902.0390625,0
2026-06-08 06:40:00+00:00,62942.03125,62942.03125,62910.9296875,62913.3984375,0
2026-06-08 06:41:00+00:00,62922.390625,62953.69140625,62922.390625,62938.0390625,0
2026-06-08 06:42:00+00:00,62938.03125,62938.03125,62898.359375,62913.01171875,0
2026-06-08 06:43:00+00:00,62983.19921875,63005.76953125,62947.421875,62947.421875,0
2026-06-08 06:44:00+00:00,62991.23828125,63000.62109375,62981.859375,62984.98046875,0
2026-06-08 06:45:00+00:00,62963.078125,63001.62890625,62963.078125,63000.640625,0
2026-06-08 06:46:00+00:00,62944.8515625,62981.83984375,62944.30078125,62975.28125,174510080
2026-06-08 06:47:00+00:00,62959.94140625,62959.94140625,62937.140625,62953.6796875,0
2026-06-08 06:48:00+00:00,62934.12109375,62950.55078125,62934.12109375,62944.30078125,0
2026-06-08 06:49:00+00:00,62951.76953125,62951.76953125,62909.87109375,62939.37890625,0
2026-06-08 06:50:00+00:00,62931.08984375,62956.80078125,62894.87890625,62956.80078125,0
2026-06-08 06:51:00+00:00,62945.078125,62950.55078125,62929.78125,62929.78125,36003840
2026-06-08 06:52:00+00:00,62958.0,62973.0390625,62941.1796875,62941.1796875,0
2026-06-08 06:53:00+00:00,62971.01171875,62971.01171875,62942.0,62956.80859375,0
2026-06-08 06:54:00+00:00,62972.421875,62978.71875,62963.078125,62971.01171875,0
2026-06-08 06:55:00+00:00,62953.21875,62972.3984375,62937.53125,62970.921875,0
2026-06-08 06:56:00+00:00,62963.8515625,62963.8515625,62944.30078125,62953.21875,0
2026-06-08 06:57:00+00:00,62947.421875,62956.828125,62913.0,62956.828125,126861312
2026-06-08 06:58:00+00:00,62949.7109375,62970.69140625,62947.44140625,62956.76171875,0
2026-06-08 06:59:00+00:00,62947.890625,62963.0703125,62944.30859375,62949.73046875,53714944
2026-06-08 07:00:00+00:00,62974.21875,62978.6484375,62944.30078125,62944.30078125,0
2026-06-08 07:01:00+00:00,62904.859375,62978.71875,62894.23828125,62969.33984375,0
2026-06-08 07:02:00+00:00,62883.12109375,62910.03125,62872.44140625,62897.37109375,0
2026-06-08 07:03:00+00:00,62910.8984375,62941.1484375,62856.66015625,62883.12890625,101376000
2026-06-08 07:04:00+00:00,62822.23046875,62909.87890625,62822.23046875,62909.87890625,0
2026-06-08 07:05:00+00:00,62792.12109375,62827.921875,62789.9609375,62827.921875,193904640
2026-06-08 07:06:00+00:00,62787.5390625,62812.01171875,62784.671875,62812.01171875,0
2026-06-08 07:07:00+00:00,62828.1796875,62835.5390625,62813.62890625,62815.9609375,121012224
2026-06-08 07:08:00+00:00,62896.390625,62913.0,62834.73828125,62834.73828125,0
2026-06-08 07:09:00+00:00,62894.2109375,62906.73046875,62875.44140625,62906.078125,3489792
2026-06-08 07:10:00+00:00,62907.2109375,62907.2109375,62878.5703125,62883.3203125,119099392
2026-06-08 07:11:00+00:00,63009.80859375,63009.80859375,62904.05078125,62908.01171875,0
2026-06-08 07:12:00+00:00,63084.01171875,63089.46875,63003.03125,63007.9296875,0
2026-06-08 07:13:00+00:00,63152.890625,63152.890625,63076.3515625,63077.55859375,0
2026-06-08 07:14:00+00:00,63038.69140625,63121.30859375,63028.80859375,63121.30859375,106418176
2026-06-08 07:15:00+00:00,62963.1796875,63044.46875,62934.921875,63044.46875,6029312
2026-06-08 07:16:00+00:00,63063.0,63067.78125,62975.58984375,62975.58984375,0
2026-06-08 07:17:00+00:00,63078.87890625,63108.921875,63072.62890625,63073.37109375,95731712
2026-06-08 07:18:00+00:00,63017.9609375,63066.37890625,63004.75,63066.37890625,130846720
2026-06-08 07:19:00+00:00,63065.94140625,63065.94140625,63019.37890625,63019.37890625,0
2026-06-08 07:20:00+00:00,63108.96875,63122.69921875,63071.98046875,63071.98046875,107266048
2026-06-08 07:21:00+00:00,63166.51953125,63168.51171875,63095.01171875,63116.44140625,0
2026-06-08 07:22:00+00:00,63119.5703125,63161.01171875,63103.9296875,63154.69921875,0
2026-06-08 07:23:00+00:00,63129.62890625,63143.2109375,63111.6015625,63113.30859375,0
2026-06-08 07:24:00+00:00,63153.0,63166.51953125,63122.0,63147.30078125,21508096
2026-06-08 07:25:00+00:00,63157.69140625,63157.69140625,63103.94140625,63152.96875,120635392
2026-06-08 07:26:00+00:00,63165.3515625,63168.87109375,63146.26953125,63159.08984375,0
2026-06-08 07:27:00+00:00,63206.01953125,63206.01953125,63157.1796875,63161.03125,302157824
2026-06-08 07:28:00+00:00,63157.1796875,63197.87890625,63157.1796875,63197.87890625,0
2026-06-08 07:29:00+00:00,63138.0,63161.76171875,63126.98828125,63161.76171875,0
2026-06-08 07:30:00+00:00,63194.69140625,63194.69140625,63135.2109375,63141.48828125,0
2026-06-08 07:31:00+00:00,63187.19921875,63216.0,63185.30859375,63188.44140625,1269760
2026-06-08 07:32:00+00:00,63128.96875,63182.171875,63128.96875,63172.80078125,0
2026-06-08 07:33:00+00:00,63166.51953125,63169.6484375,63118.4609375,63132.0,152711168
2026-06-08 07:34:00+00:00,63172.8203125,63185.9296875,63129.0703125,63169.25,351756288
2026-06-08 07:35:00+00:00,63162.25,63176.48046875,63143.2890625,63170.9296875,144224256
2026-06-08 07:36:00+00:00,63148.98828125,63188.421875,63139.37109375,63162.21875,2691072
2026-06-08 07:37:00+00:00,63182.0,63182.0,63143.6015625,63150.87109375,0
2026-06-08 07:38:00+00:00,63175.8984375,63186.01171875,63165.01953125,63182.01171875,116752384
2026-06-08 07:39:00+00:00,63222.01171875,63222.01171875,63147.75,63150.890625,123990016
2026-06-08 07:40:00+00:00,63188.2890625,63223.0390625,63173.609375,63223.0390625,0
2026-06-08 07:41:00+00:00,63136.0703125,63185.30078125,63128.96875,63185.30078125,94756864
2026-06-08 07:42:00+00:00,63064.28125,63128.0,63059.828125,63122.71875,0
2026-06-08 07:43:00+00:00,63064.0,63084.03125,63053.8515625,63066.6484375,0
2026-06-08 07:44:00+00:00,63063.21875,63063.21875,63048.5703125,63053.8515625,5521408
2026-06-08 07:45:00+00:00,63072.6015625,63107.05078125,63053.80078125,63066.0,0
2026-06-08 07:46:00+00:00,63144.62109375,63160.51953125,63116.0390625,63116.0390625,5382144
2026-06-08 07:47:00+00:00,63171.98828125,63171.98828125,63126.94921875,63135.23046875,0
2026-06-08 07:48:00+00:00,63270.0,63282.33984375,63171.5390625,63171.5390625,0
2026-06-08 07:49:00+00:00,63294.71875,63296.1484375,63272.94921875,63276.26171875,145412096
2026-06-08 07:50:00+00:00,63254.1796875,63294.75,63254.1796875,63294.75,142307328
2026-06-08 07:51:00+00:00,63188.44140625,63255.171875,63188.44140625,63255.171875,10932224
2026-06-08 07:52:00+00:00,63210.3515625,63226.03125,63188.44921875,63188.44921875,0
2026-06-08 07:53:00+00:00,63214.80078125,63235.37890625,63213.44921875,63215.69921875,0
2026-06-08 07:54:00+00:00,63202.0,63230.19921875,63194.69921875,63230.19921875,0
2026-06-08 07:55:00+00:00,63265.0,63279.48828125,63204.16015625,63204.16015625,3268608
2026-06-08 07:56:00+00:00,63262.1796875,63263.55078125,63244.08984375,63251.0390625,134295552
2026-06-08 07:57:00+00:00,63264.0390625,63268.3515625,63252.421875,63252.44140625,0
2026-06-08 07:58:00+00:00,63263.5390625,63276.0703125,63257.30078125,63276.0703125,0
2026-06-08 07:59:00+00:00,63237.23046875,63263.5390625,63213.48046875,63263.5390625,0
2026-06-08 08:00:00+00:00,63182.55078125,63229.51953125,63173.9609375,63229.51953125,29351936
2026-06-08 08:01:00+00:00,63072.62890625,63188.4296875,63072.62890625,63188.4296875,0
2026-06-08 08:02:00+00:00,63128.9609375,63128.9609375,63028.0,63077.28125,0
2026-06-08 08:03:00+00:00,63124.01171875,63146.078125,63114.30078125,63146.078125,0
2026-06-08 08:04:00+00:00,63089.78125,63128.1484375,63085.1484375,63119.578125,0
2026-06-08 08:05:00+00:00,63118.0,63150.390625,63100.78125,63100.78125,0
2026-06-08 08:06:00+00:00,63183.48828125,63183.48828125,63118.0,63118.0,0
2026-06-08 08:07:00+00:00,63088.26953125,63172.7890625,63072.0,63172.7890625,0
2026-06-08 08:08:00+00:00,63089.94921875,63110.1796875,63041.33984375,63088.26953125,59195392
2026-06-08 08:09:00+00:00,63185.44921875,63185.44921875,63062.05078125,63069.5,0
2026-06-08 08:10:00+00:00,63082.01953125,63158.01171875,63070.3203125,63158.01171875,64335872
2026-06-08 08:11:00+00:00,63116.44921875,63116.44921875,63081.078125,63103.140625,11120640
2026-06-08 08:12:00+00:00,63107.05078125,63132.98046875,63089.8203125,63107.05859375,22364160
2026-06-08 08:13:00+00:00,63109.83984375,63122.69921875,63100.01171875,63111.19140625,0
2026-06-08 08:14:00+00:00,63144.609375,63144.609375,63106.12890625,63109.8515625,165027840
2026-06-08 08:15:00+00:00,63162.0,63172.7890625,63134.96875,63135.828125,0
2026-06-08 08:16:00+00:00,63056.0,63156.3515625,63056.0,63147.75,0
2026-06-08 08:17:00+00:00,63027.05078125,63056.96875,63010.01953125,63050.71875,0
2026-06-08 08:18:00+00:00,63063.30078125,63063.30078125,63029.078125,63038.19140625,20848640
2026-06-08 08:19:00+00:00,63082.01953125,63106.78125,63050.71875,63072.62890625,0
2026-06-08 08:20:00+00:00,63000.33984375,63082.01171875,63000.33984375,63076.26953125,0
2026-06-08 08:21:00+00:00,62970.03125,63007.21875,62941.171875,63002.0,190472192
2026-06-08 08:22:00+00:00,62977.94921875,62991.23828125,62966.0,62969.37890625,10461184
2026-06-08 08:23:00+00:00,63002.0,63002.0,62943.9609375,62946.0,0
2026-06-08 08:24:00+00:00,63016.28125,63022.5390625,63005.23828125,63005.23828125,2007040
2026-06-08 08:25:00+00:00,63044.44921875,63044.44921875,63015.671875,63016.28125,0
2026-06-08 08:26:00+00:00,63056.98046875,63072.62890625,63046.0,63046.0,0
2026-06-08 08:27:00+00:00,63012.2890625,63059.25,63012.05859375,63059.25,0
2026-06-08 08:28:00+00:00,63012.30859375,63024.1484375,62990.0,63003.76953125,0
2026-06-08 08:29:00+00:00,63058.7109375,63058.890625,63023.98046875,63047.2890625,0
2026-06-08 08:30:00+00:00,63066.94140625,63078.87890625,63048.1484375,63064.1796875,0
2026-06-08 08:31:00+00:00,63006.71875,63067.23828125,62999.01171875,63067.23828125,117547008
2026-06-08 08:32:00+00:00,63065.328125,63065.328125,63013.12109375,63013.12109375,0
2026-06-08 08:33:00+00:00,63079.828125,63081.98046875,63060.109375,63075.75,0
2026-06-08 08:34:00+00:00,63144.01953125,63146.44921875,63077.12890625,63079.8515625,0
2026-06-08 08:35:00+00:00,63117.71875,63150.2109375,63100.80078125,63144.03125,0
2026-06-08 08:36:00+00:00,63094.8203125,63116.3203125,63072.62890625,63094.12109375,0
2026-06-08 08:37:00+00:00,63105.26171875,63122.0,63085.1484375,63099.1015625,0
2026-06-08 08:38:00+00:00,63126.6015625,63140.08984375,63093.69921875,63125.859375,0
2026-06-08 08:39:00+00:00,63103.921875,63130.0,63103.8984375,63128.9609375,130494464
2026-06-08 08:40:00+00:00,63066.37109375,63115.53125,63066.37109375,63109.140625,0
2026-06-08 08:41:00+00:00,63078.390625,63080.0,63056.98046875,63072.609375,0
2026-06-08 08:42:00+00:00,63097.2890625,63110.2109375,63087.2109375,63105.62109375,0
2026-06-08 08:43:00+00:00,63103.9296875,63138.73046875,63103.9296875,63110.1796875,0
2026-06-08 08:44:00+00:00,63116.51171875,63128.94921875,63107.51953125,63107.51953125,0
2026-06-08 08:45:00+00:00,63122.0,63134.01953125,63102.73828125,63103.9296875,0
2026-06-08 08:46:00+00:00,63051.078125,63112.0,63048.6015625,63112.0,0
2026-06-08 08:47:00+00:00,63022.51953125,63053.8515625,63012.359375,63047.01171875,0
2026-06-08 08:48:00+00:00,63093.87890625,63100.98046875,63025.33984375,63025.33984375,0
2026-06-08 08:49:00+00:00,63054.2109375,63101.3984375,63054.2109375,63101.3984375,0
2026-06-08 08:50:00+00:00,63042.0703125,63074.28125,63028.12109375,63065.6015625,0
2026-06-08 08:51:00+00:00,62982.0390625,63017.98046875,62977.5,63017.98046875,0
2026-06-08 08:52:00+00:00,62991.98046875,63018.01171875,62986.359375,62991.80078125,0
2026-06-08 08:53:00+00:00,63019.328125,63040.0,62993.6484375,63015.30078125,0
2026-06-08 08:54:00+00:00,63044.08984375,63045.96875,63014.87890625,63023.3203125,0
2026-06-08 08:55:00+00:00,63021.41015625,63035.12890625,63008.26953125,63035.12890625,0
2026-06-08 08:56:00+00:00,63046.98828125,63046.98828125,63020.01953125,63028.0,2992128
2026-06-08 08:57:00+00:00,63046.01953125,63050.4609375,63030.51953125,63050.4609375,0
2026-06-08 08:58:00+00:00,63116.359375,63119.94140625,63041.16015625,63041.16015625,0
2026-06-08 08:59:00+00:00,63078.9609375,63127.078125,63078.9609375,63127.078125,0
2026-06-08 09:00:00+00:00,63089.8203125,63109.44921875,63075.6796875,63086.0,195158016
2026-06-08 09:01:00+00:00,63142.41015625,63148.55078125,63089.23828125,63089.23828125,139075584
2026-06-08 09:02:00+00:00,63149.140625,63156.0,63135.23828125,63138.4296875,0
2026-06-08 09:03:00+00:00,63212.96875,63212.96875,63165.1015625,63180.0,0
2026-06-08 09:04:00+00:00,63204.0,63234.05078125,63202.48828125,63221.0,0
2026-06-08 09:05:00+00:00,63233.328125,63247.98046875,63188.91015625,63188.91015625,0
2026-06-08 09:06:00+00:00,63226.390625,63265.1015625,63215.03125,63237.30078125,0
2026-06-08 09:07:00+00:00,63161.01953125,63212.640625,63161.01953125,63193.3203125,0
2026-06-08 09:08:00+00:00,63178.96875,63200.01171875,63160.0,63160.0,123727872
2026-06-08 09:09:00+00:00,63108.0390625,63181.890625,63108.0390625,63181.890625,0
2026-06-08 09:10:00+00:00,63187.75,63187.75,63084.171875,63106.33984375,0
2026-06-08 09:11:00+00:00,63198.62890625,63215.03125,63183.8203125,63207.05078125,0
2026-06-08 09:12:00+00:00,63218.33984375,63226.80859375,63202.0,63210.94140625,0
2026-06-08 09:13:00+00:00,63231.3203125,63231.3203125,63199.83984375,63216.03125,41951232
2026-06-08 09:14:00+00:00,63284.5703125,63284.58984375,63219.16015625,63219.16015625,0
2026-06-08 09:15:00+00:00,63260.01953125,63288.05859375,63244.0,63268.41015625,4552704
2026-06-08 09:16:00+00:00,63418.0,63418.0,63241.0703125,63268.171875,0
2026-06-08 09:17:00+00:00,63386.8203125,63487.55859375,63386.8203125,63487.55859375,259983360
2026-06-08 09:18:00+00:00,63429.98828125,63444.078125,63372.01171875,63398.828125,0
2026-06-08 09:19:00+00:00,63409.28125,63434.62109375,63409.28125,63433.171875,0
2026-06-08 09:20:00+00:00,63476.30859375,63484.078125,63429.01953125,63441.1796875,0
2026-06-08 09:21:00+00:00,63484.98046875,63501.2890625,63470.01171875,63472.7109375,0
2026-06-08 09:22:00+00:00,63459.80078125,63501.73828125,63452.2890625,63488.5,0
2026-06-08 09:23:00+00:00,63450.01171875,63458.33984375,63439.98828125,63452.26953125,0
2026-06-08 09:24:00+00:00,63354.109375,63444.12890625,63354.109375,63444.12890625,578721792
2026-06-08 09:25:00+00:00,63374.53125,63378.80078125,63348.03125,63348.03125,5408768
2026-06-08 09:26:00+00:00,63340.55078125,63372.12890625,63337.76171875,63372.12890625,459511808
2026-06-08 09:27:00+00:00,63358.19921875,63368.80859375,63334.98828125,63334.98828125,0
2026-06-08 09:28:00+00:00,63349.921875,63354.08984375,63333.6484375,63338.01171875,0
2026-06-08 09:29:00+00:00,63330.03125,63374.73046875,63330.03125,63366.359375,0
2026-06-08 09:30:00+00:00,63327.69140625,63340.01953125,63294.0,63309.140625,0
2026-06-08 09:31:00+00:00,63329.55859375,63356.1796875,63329.55859375,63333.30078125,1519616
2026-06-08 09:32:00+00:00,63290.890625,63309.109375,63264.58984375,63309.109375,123627520
2026-06-08 09:33:00+00:00,63255.94140625,63268.16015625,63240.01171875,63268.16015625,0
2026-06-08 09:34:00+00:00,63137.328125,63239.58984375,63137.0,63239.58984375,0
2026-06-08 09:35:00+00:00,63116.0390625,63176.96875,63112.8203125,63149.6015625,204271616
2026-06-08 09:36:00+00:00,63294.0,63334.890625,63122.078125,63128.19140625,0
2026-06-08 09:37:00+00:00,63252.078125,63345.91015625,63252.078125,63280.48828125,0
2026-06-08 09:38:00+00:00,63185.08984375,63253.80078125,63174.0,63233.76171875,0
2026-06-08 09:39:00+00:00,63239.96875,63276.390625,63197.9609375,63197.9609375,0
2026-06-08 09:40:00+00:00,63205.1796875,63255.9296875,63205.1796875,63235.8203125,15378432
2026-06-08 09:41:00+00:00,63157.78125,63219.12109375,63149.921875,63219.12109375,339345408
2026-06-08 09:42:00+00:00,63264.109375,63264.109375,63165.94921875,63165.94921875,0
2026-06-08 09:43:00+00:00,63282.671875,63282.671875,63251.30859375,63260.03125,0
2026-06-08 09:44:00+00:00,63312.37890625,63321.53125,63272.55859375,63280.08984375,0
2026-06-08 09:45:00+00:00,63342.87109375,63342.87109375,63287.6484375,63306.0,88367104
2026-06-08 09:46:00+00:00,63313.2890625,63376.16015625,63313.2890625,63338.5703125,0
2026-06-08 09:47:00+00:00,63349.30859375,63349.30859375,63310.359375,63321.37109375,0
2026-06-08 09:48:00+00:00,63396.23828125,63408.30859375,63329.55078125,63329.55078125,132243456
2026-06-08 09:49:00+00:00,63406.0,63424.6015625,63398.19921875,63399.078125,0
2026-06-08 09:50:00+00:00,63416.828125,63420.03125,63382.73046875,63411.05859375,0
2026-06-08 09:51:00+00:00,63412.3515625,63414.0390625,63390.890625,63412.0,0
2026-06-08 09:52:00+00:00,63374.3984375,63419.390625,63374.3984375,63410.05078125,55201792
2026-06-08 09:53:00+00:00,63366.01171875,63390.890625,63362.28125,63374.421875,0
2026-06-08 09:54:00+00:00,63374.48828125,63387.16015625,63371.30078125,63371.30078125,0
2026-06-08 09:55:00+00:00,63410.91015625,63410.91015625,63362.28125,63394.01171875,0
2026-06-08 09:56:00+00:00,63390.91015625,63405.2890625,63368.171875,63399.12109375,84097024
2026-06-08 09:57:00+00:00,63396.0,63423.62109375,63396.0,63402.01171875,0
2026-06-08 09:58:00+00:00,63422.0,63422.01953125,63378.640625,63394.359375,6647808
2026-06-08 09:59:00+00:00,63448.328125,63452.0,63419.98828125,63424.7109375,134629376
2026-06-08 10:00:00+00:00,63500.140625,63500.140625,63435.12109375,63435.12109375,0
2026-06-08 10:01:00+00:00,63432.0703125,63491.66015625,63423.96875,63491.66015625,0
2026-06-08 10:02:00+00:00,63425.8984375,63425.8984375,63361.12109375,63386.8984375,0
2026-06-08 10:03:00+00:00,63395.0,63450.0,63395.0,63450.0,122957824
2026-06-08 10:04:00+00:00,63373.3515625,63407.26171875,63366.37109375,63407.26171875,0
2026-06-08 10:05:00+00:00,63390.8984375,63401.98828125,63365.26171875,63400.2109375,0
2026-06-08 10:06:00+00:00,63431.03125,63431.03125,63374.8984375,63392.01953125,0
2026-06-08 10:07:00+00:00,63407.2890625,63431.0390625,63407.2890625,63431.03125,88348672
2026-06-08 10:08:00+00:00,63382.03125,63426.4296875,63370.21875,63422.05859375,163299328
2026-06-08 10:09:00+00:00,63349.87890625,63399.078125,63345.0703125,63378.8515625,0
2026-06-08 10:10:00+00:00,63340.0703125,63374.5390625,63340.0703125,63350.6484375,128004096
2026-06-08 10:11:00+00:00,63344.1796875,63357.94921875,63336.1484375,63340.53125,0
2026-06-08 10:12:00+00:00,63350.01171875,63357.80859375,63338.76953125,63354.05859375,0
2026-06-08 10:13:00+00:00,63329.5703125,63369.01171875,63329.5703125,63350.01953125,0
2026-06-08 10:14:00+00:00,63337.140625,63337.16015625,63315.98828125,63318.98828125,122042368
2026-06-08 10:15:00+00:00,63331.01171875,63335.05859375,63317.25,63334.80078125,0
2026-06-08 10:16:00+00:00,63292.01953125,63325.98046875,63292.01953125,63325.58984375,0
2026-06-08 10:17:00+00:00,63257.98046875,63293.98046875,63257.98046875,63284.578125,50335744
2026-06-08 10:18:00+00:00,63242.26171875,63268.48828125,63237.98046875,63268.48828125,0
2026-06-08 10:19:00+00:00,63194.58984375,63243.5703125,63194.58984375,63237.51171875,3387392
2026-06-08 10:20:00+00:00,63234.55078125,63234.55078125,63194.609375,63194.609375,0
2026-06-08 10:21:00+00:00,63230.75,63239.5703125,63223.73046875,63228.26171875,0
2026-06-08 10:22:00+00:00,63172.55078125,63229.05078125,63171.98828125,63227.80078125,132849664
2026-06-08 10:23:00+00:00,63186.109375,63186.109375,63172.98046875,63172.98046875,2910208
2026-06-08 10:24:00+00:00,63137.3203125,63197.921875,63125.3984375,63184.05078125,0
2026-06-08 10:25:00+00:00,63115.5,63145.5390625,63108.69921875,63141.421875,0
2026-06-08 10:26:00+00:00,63071.87890625,63114.33984375,63060.21875,63100.51953125,438118400
2026-06-08 10:27:00+00:00,63066.23046875,63078.16015625,63056.26171875,63075.94140625,0
2026-06-08 10:28:00+00:00,63058.05078125,63087.19140625,63056.26171875,63075.96875,6772736
2026-06-08 10:29:00+00:00,63102.30078125,63102.30859375,63057.05078125,63058.05078125,0
2026-06-08 10:30:00+00:00,63098.55078125,63108.9609375,63096.4296875,63098.1015625,0
2026-06-08 10:31:00+00:00,63089.3203125,63103.16015625,63082.0,63103.16015625,0
2026-06-08 10:32:00+00:00,63084.16015625,63102.0703125,63084.16015625,63089.3203125,0
2026-06-08 10:33:00+00:00,63117.30078125,63117.30078125,63076.3515625,63086.76953125,91482112
2026-06-08 10:34:00+00:00,63263.0703125,63367.91015625,63129.1484375,63129.1484375,8671232
2026-06-08 10:35:00+00:00,63215.03125,63267.98046875,63194.859375,63264.0,0
2026-06-08 10:36:00+00:00,63220.7109375,63220.7109375,63174.140625,63200.078125,68182016
2026-06-08 10:37:00+00:00,63187.140625,63230.73046875,63187.140625,63213.98828125,0
2026-06-08 10:38:00+00:00,63187.98828125,63202.76171875,63175.9609375,63184.01171875,0
2026-06-08 10:39:00+00:00,63186.01171875,63198.5703125,63180.01953125,63183.98046875,3962880
2026-06-08 10:40:00+00:00,63189.671875,63189.671875,63154.0,63180.859375,127866880
2026-06-08 10:41:00+00:00,63167.1484375,63174.140625,63158.1796875,63174.140625,0
2026-06-08 10:42:00+00:00,63147.1796875,63168.7109375,63133.75,63168.21875,130435072
2026-06-08 10:43:00+00:00,63196.03125,63208.69921875,63150.58984375,63155.0,0
2026-06-08 10:44:00+00:00,63157.78125,63191.578125,63157.78125,63191.578125,727992320
2026-06-08 10:45:00+00:00,63140.01171875,63182.30859375,63134.05859375,63159.8515625,0
2026-06-08 10:46:00+00:00,63049.48828125,63115.71875,63049.48828125,63115.71875,129355776
2026-06-08 10:47:00+00:00,63088.078125,63097.16015625,63063.69140625,63063.69140625,4102144
2026-06-08 10:48:00+00:00,63115.1484375,63122.73046875,63071.890625,63071.890625,0
2026-06-08 10:49:00+00:00,63088.26171875,63126.73046875,63088.25,63116.98828125,127414272
2026-06-08 10:50:00+00:00,63116.7890625,63116.7890625,63081.51953125,63081.91015625,0
2026-06-08 10:51:00+00:00,63057.76953125,63101.6015625,63057.76953125,63073.98046875,128643072
2026-06-08 10:52:00+00:00,63098.83984375,63098.83984375,63059.05078125,63067.7890625,0
2026-06-08 10:53:00+00:00,63112.80078125,63123.05859375,63096.4296875,63096.4296875,0
2026-06-08 10:54:00+00:00,63108.7109375,63120.9609375,63088.75,63110.73046875,256000000
2026-06-08 10:55:00+00:00,63100.51953125,63102.26171875,63088.76953125,63102.26171875,143251456
2026-06-08 10:56:00+00:00,63063.890625,63098.609375,63063.890625,63098.609375,0
2026-06-08 10:57:00+00:00,63069.73828125,63080.01953125,63061.30078125,63063.21875,17485824
2026-06-08 10:58:00+00:00,63096.03125,63096.03125,63066.62109375,63066.62109375,0
2026-06-08 10:59:00+00:00,63108.69140625,63108.69140625,63084.421875,63096.03125,127956992
2026-06-08 11:00:00+00:00,63042.0,63113.51171875,63040.3515625,63088.25,16052224
2026-06-08 11:01:00+00:00,63016.0,63055.8984375,63015.94921875,63051.3203125,130703360
2026-06-08 11:02:00+00:00,63032.94140625,63032.94140625,62995.33984375,63022.80078125,0
2026-06-08 11:03:00+00:00,63025.6796875,63043.26171875,63015.76953125,63034.01171875,22904832
2026-06-08 11:04:00+00:00,63034.0390625,63035.0703125,63014.58984375,63018.87890625,0
2026-06-08 11:05:00+00:00,63062.7890625,63083.1796875,63034.03125,63034.03125,42928128
2026-06-08 11:06:00+00:00,63066.37109375,63092.0,63034.4296875,63063.23828125,0
2026-06-08 11:07:00+00:00,63155.73828125,63168.109375,63066.01171875,63066.01171875,11991040
2026-06-08 11:08:00+00:00,63145.859375,63153.6796875,63129.1484375,63145.6015625,0
2026-06-08 11:09:00+00:00,63191.62109375,63191.62109375,63145.859375,63145.859375,0
2026-06-08 11:10:00+00:00,63306.58984375,63306.58984375,63174.140625,63188.26953125,23146496
2026-06-08 11:11:00+00:00,63296.23046875,63408.0390625,63291.0,63408.0390625,59707392
2026-06-08 11:12:00+00:00,63359.01171875,63366.05859375,63296.828125,63305.01171875,55099392
2026-06-08 11:13:00+00:00,63345.91015625,63358.3515625,63318.0,63356.0703125,144758784
2026-06-08 11:14:00+00:00,63358.1796875,63358.1796875,63326.359375,63339.9296875,0
2026-06-08 11:15:00+00:00,63444.078125,63448.71875,63392.96875,63408.3984375,130715648
2026-06-08 11:16:00+00:00,63354.08984375,63431.80859375,63312.01171875,63431.80859375,0
2026-06-08 11:17:00+00:00,63369.98046875,63392.0,63340.73828125,63340.73828125,155013120
2026-06-08 11:18:00+00:00,63433.30859375,63433.30859375,63370.0,63370.0,0
2026-06-08 11:19:00+00:00,63504.0,63504.0,63431.80859375,63448.0,77541376
2026-06-08 11:20:00+00:00,63450.171875,63523.94921875,63439.98046875,63495.05859375,0
2026-06-08 11:21:00+00:00,63558.05859375,63558.05859375,63458.44921875,63458.44921875,104327168
2026-06-08 11:22:00+00:00,63568.33984375,63607.6796875,63555.51171875,63570.01953125,139589632
2026-06-08 11:23:00+00:00,63603.1015625,63603.1015625,63560.01171875,63583.12890625,0
2026-06-08 11:24:00+00:00,63521.78125,63596.76953125,63521.78125,63596.76953125,146544640
2026-06-08 11:25:00+00:00,63579.609375,63579.609375,63509.51953125,63509.51953125,0
2026-06-08 11:26:00+00:00,63585.91015625,63598.58984375,63530.55078125,63582.12109375,79185920
2026-06-08 11:27:00+00:00,63562.76953125,63585.0,63560.0,63570.890625,0
2026-06-08 11:28:00+00:00,63557.5703125,63574.96875,63523.3515625,63574.96875,154644480
2026-06-08 11:29:00+00:00,63560.44140625,63566.23046875,63542.76171875,63558.75,244482048
2026-06-08 11:30:00+00:00,63542.7890625,63593.62890625,63531.94921875,63585.96875,0
2026-06-08 11:31:00+00:00,63600.69921875,63600.69921875,63536.5390625,63548.0,0
2026-06-08 11:32:00+00:00,63608.4296875,63612.5,63564.37109375,63591.33984375,181917696
2026-06-08 11:33:00+00:00,63531.98828125,63591.3203125,63531.98828125,63591.3203125,7770112
2026-06-08 11:34:00+00:00,63536.01171875,63538.1484375,63491.05078125,63508.19921875,1183744
2026-06-08 11:35:00+00:00,63642.0,63642.0,63534.0,63534.0,34869248
2026-06-08 11:36:00+00:00,63707.53125,63723.23828125,63641.2109375,63641.2109375,0
2026-06-08 11:37:00+00:00,63767.19140625,63788.0,63730.69921875,63730.69921875,14266368
2026-06-08 11:38:00+00:00,63804.30078125,63827.3515625,63726.73828125,63827.3515625,57790464
2026-06-08 11:39:00+00:00,63694.0,63799.078125,63694.0,63796.05078125,10870784
2026-06-08 11:40:00+00:00,63700.2890625,63722.19140625,63642.98828125,63681.30078125,14196736
2026-06-08 11:41:00+00:00,63664.4296875,63702.03125,63660.859375,63698.0390625,0
2026-06-08 11:42:00+00:00,63673.28125,63686.01171875,63666.1484375,63666.1484375,0
2026-06-08 11:43:00+00:00,63624.0390625,63672.0,63624.0390625,63662.55859375,0
2026-06-08 11:44:00+00:00,63580.0,63616.26953125,63580.0,63607.6796875,207919104
2026-06-08 11:45:00+00:00,63589.51171875,63612.7109375,63579.98828125,63579.98828125,8847360
2026-06-08 11:46:00+00:00,63529.96875,63583.140625,63529.96875,63583.140625,0
2026-06-08 11:47:00+00:00,63470.87109375,63487.55078125,63452.26953125,63481.16015625,0
2026-06-08 11:48:00+00:00,63441.62890625,63465.46875,63441.62890625,63454.26953125,0
2026-06-08 11:49:00+00:00,63450.58984375,63462.48046875,63422.16015625,63439.98828125,0
2026-06-08 11:50:00+00:00,63480.8984375,63513.0,63452.26171875,63452.26171875,351985664
2026-06-08 11:51:00+00:00,63440.578125,63473.01171875,63419.71875,63473.01171875,0
2026-06-08 11:52:00+00:00,63452.30859375,63472.69921875,63449.0703125,63452.25,0
2026-06-08 11:53:00+00:00,63468.0,63468.0,63432.859375,63448.1796875,0
2026-06-08 11:54:00+00:00,63423.62890625,63446.62890625,63394.37109375,63446.62890625,127504384
2026-06-08 11:55:00+00:00,63375.8984375,63417.98828125,63375.8984375,63417.98828125,0
2026-06-08 11:56:00+00:00,63424.6484375,63424.6484375,63370.609375,63380.4296875,0
2026-06-08 11:57:00+00:00,63407.26171875,63412.0,63370.62109375,63412.0,0
2026-06-08 11:58:00+00:00,63414.55078125,63425.98828125,63402.26171875,63402.26171875,0
2026-06-08 11:59:00+00:00,63419.5390625,63458.0,63404.66015625,63410.98828125,1006401536
2026-06-08 12:00:00+00:00,63529.96875,63540.578125,63404.8984375,63431.80859375,0
2026-06-08 12:01:00+00:00,63261.53125,63605.98046875,63261.53125,63605.98046875,134340608
2026-06-08 12:02:00+00:00,63230.98828125,63295.7109375,63197.921875,63249.5703125,0
2026-06-08 12:03:00+00:00,63014.62890625,63207.80078125,63014.62890625,63168.0,0
2026-06-08 12:04:00+00:00,62846.4296875,63042.33984375,62846.4296875,63042.33984375,223215616
2026-06-08 12:05:00+00:00,62746.62109375,62980.0,62740.01953125,62833.05859375,0
2026-06-08 12:06:00+00:00,62883.75,62884.3515625,62750.75,62758.01171875,0
2026-06-08 12:07:00+00:00,62956.94140625,62956.94140625,62850.19140625,62900.30078125,0
2026-06-08 12:08:00+00:00,62986.0,63020.01171875,62958.921875,62964.0,0
2026-06-08 12:09:00+00:00,62966.51953125,63014.62890625,62936.9296875,63001.28125,13350912
2026-06-08 12:10:00+00:00,62979.75,62983.859375,62925.1484375,62972.5703125,3840000
2026-06-08 12:11:00+00:00,63022.80078125,63022.80078125,62962.0,62978.0,1051187200
2026-06-08 12:12:00+00:00,62964.1015625,62988.66015625,62944.0,62981.91015625,0
2026-06-08 12:13:00+00:00,62939.26953125,62959.01953125,62931.98046875,62949.98046875,5005312
2026-06-08 12:14:00+00:00,62687.33984375,62951.78125,62687.33984375,62951.78125,0
2026-06-08 12:15:00+00:00,62871.48046875,62908.91015625,62770.01171875,62770.01171875,0
2026-06-08 12:16:00+00:00,62870.7109375,62878.73828125,62841.8984375,62867.3515625,0
2026-06-08 12:17:00+00:00,62900.01953125,62904.19921875,62871.7109375,62874.0,0
2026-06-08 12:18:00+00:00,62852.0,62932.83984375,62851.41015625,62912.83984375,0
2026-06-08 12:19:00+00:00,62817.0,62883.0,62817.0,62846.9296875,9666560
2026-06-08 12:20:00+00:00,62880.0,62890.0,62787.30078125,62814.2109375,108175360
2026-06-08 12:21:00+00:00,62874.46875,62925.2890625,62858.4609375,62891.921875,196395008
2026-06-08 12:22:00+00:00,62910.48828125,62917.98828125,62813.5390625,62868.51171875,0
2026-06-08 12:23:00+00:00,62896.7890625,62932.01171875,62883.78125,62927.98046875,0
2026-06-08 12:24:00+00:00,62929.3203125,62930.01171875,62892.9296875,62892.9296875,0
2026-06-08 12:25:00+00:00,62967.05859375,62981.8984375,62935.9609375,62935.9609375,0
2026-06-08 12:26:00+00:00,62964.0,62983.26171875,62964.0,62964.1015625,0
2026-06-08 12:27:00+00:00,62977.80859375,62977.80859375,62951.359375,62969.640625,0
2026-06-08 12:28:00+00:00,63012.4609375,63012.80078125,62965.55078125,62969.640625,0
2026-06-08 12:29:00+00:00,63051.44140625,63062.8984375,63021.30859375,63023.5703125,0
2026-06-08 12:30:00+00:00,63206.96875,63206.96875,63052.66015625,63071.859375,0
2026-06-08 12:31:00+00:00,63153.69921875,63225.5,63153.69921875,63215.03125,0
2026-06-08 12:32:00+00:00,63147.98828125,63153.6796875,63124.53125,63136.73828125,0
2026-06-08 12:33:00+00:00,63137.7109375,63198.30078125,63137.7109375,63182.03125,0
2026-06-08 12:34:00+00:00,63162.75,63194.58984375,63148.578125,63165.9609375,0
2026-06-08 12:35:00+00:00,63201.75,63201.75,63159.98828125,63179.83984375,139907072
2026-06-08 12:36:00+00:00,63386.421875,63386.421875,63194.58984375,63194.58984375,0
2026-06-08 12:37:00+00:00,63412.01953125,63440.4296875,63382.71875,63390.6484375,127062016
2026-06-08 12:38:00+00:00,63305.01953125,63399.08984375,63305.01953125,63399.08984375,0
2026-06-08 12:39:00+00:00,63419.5390625,63419.5390625,63305.890625,63305.890625,0
2026-06-08 12:40:00+00:00,63340.78125,63385.0,63329.9609375,63385.0,235128832
2026-06-08 12:41:00+00:00,63371.8515625,63393.33984375,63342.03125,63342.03125,54980608
2026-06-08 12:42:00+00:00,63534.05859375,63534.05859375,63374.55078125,63374.55078125,31232000
2026-06-08 12:43:00+00:00,63604.921875,63604.921875,63494.16015625,63531.58984375,180224
2026-06-08 12:44:00+00:00,63586.28125,63597.140625,63517.69921875,63591.30859375,0
2026-06-08 12:45:00+00:00,63502.2109375,63593.01171875,63497.9296875,63593.01171875,9310208
2026-06-08 12:46:00+00:00,63554.51171875,63568.03125,63489.2109375,63506.8515625,119697408
2026-06-08 12:47:00+00:00,63535.859375,63546.0,63530.8984375,63542.23828125,0
2026-06-08 12:48:00+00:00,63542.76953125,63562.55078125,63533.3203125,63548.01953125,76570624
2026-06-08 12:49:00+00:00,63528.0390625,63584.859375,63500.75,63562.6796875,0
2026-06-08 12:50:00+00:00,63497.94140625,63527.98828125,63497.94140625,63522.9609375,0
2026-06-08 12:51:00+00:00,63484.98828125,63516.7109375,63484.98828125,63504.69140625,66846720
2026-06-08 12:52:00+00:00,63476.80078125,63499.98828125,63472.7109375,63476.80078125,12107776
2026-06-08 12:53:00+00:00,63563.44921875,63567.0703125,63492.71875,63492.71875,0
2026-06-08 12:54:00+00:00,63521.7890625,63583.12890625,63521.7890625,63558.5,0
2026-06-08 12:55:00+00:00,63570.73046875,63570.73046875,63520.5,63520.5,0
2026-06-08 12:56:00+00:00,63616.921875,63616.921875,63570.87890625,63588.87890625,317044736
2026-06-08 12:57:00+00:00,63811.98828125,63811.98828125,63617.87890625,63617.87890625,9129984
2026-06-08 12:58:00+00:00,63792.01171875,63873.62109375,63720.01171875,63873.62109375,0
2026-06-08 12:59:00+00:00,63765.73828125,63810.44140625,63765.73828125,63795.80859375,0
2026-06-08 13:00:00+00:00,63748.171875,63832.05859375,63748.171875,63811.98828125,0
2026-06-08 13:01:00+00:00,63734.01171875,63749.91015625,63704.44921875,63747.98828125,44978176
2026-06-08 13:02:00+00:00,63707.01953125,63734.0,63702.0390625,63734.0,303394816
2026-06-08 13:03:00+00:00,63730.0390625,63776.0,63719.7109375,63719.7109375,139964416
2026-06-08 13:04:00+00:00,63685.8203125,63701.1484375,63665.87890625,63701.1484375,0
2026-06-08 13:05:00+00:00,63692.2109375,63737.859375,63688.3203125,63690.96875,0
2026-06-08 13:06:00+00:00,63766.96875,63766.96875,63674.5390625,63674.5390625,0
2026-06-08 13:07:00+00:00,63779.19140625,63798.25,63735.8984375,63770.26953125,194191360
2026-06-08 13:08:00+00:00,63759.9609375,63772.0390625,63733.5703125,63755.2890625,0
2026-06-08 13:09:00+00:00,63800.33984375,63861.30859375,63760.23046875,63760.23046875,0
2026-06-08 13:10:00+00:00,63752.4609375,63832.140625,63750.71875,63800.328125,5505024
2026-06-08 13:11:00+00:00,63793.98046875,63793.98046875,63734.0703125,63738.0,0
2026-06-08 13:12:00+00:00,63876.66015625,63876.66015625,63813.9609375,63836.25,0
2026-06-08 13:13:00+00:00,63894.0703125,63894.0703125,63832.16015625,63893.26171875,0
2026-06-08 13:14:00+00:00,63729.0,63854.1796875,63729.0,63854.1796875,91711488
2026-06-08 13:15:00+00:00,63733.5390625,63756.0,63733.5390625,63750.0,83021824
2026-06-08 13:16:00+00:00,63753.21875,63780.421875,63750.0,63774.8984375,0
2026-06-08 13:17:00+00:00,63666.76953125,63730.4609375,63664.0,63728.8515625,65290240
2026-06-08 13:18:00+00:00,63636.55859375,63660.421875,63629.98828125,63660.421875,46215168
2026-06-08 13:19:00+00:00,63682.6796875,63708.1015625,63625.44140625,63636.53125,0
2026-06-08 13:20:00+00:00,63701.75,63734.859375,63683.4296875,63704.8984375,28868608
2026-06-08 13:21:00+00:00,63752.0,63835.26953125,63702.08984375,63702.08984375,0
2026-06-08 13:22:00+00:00,63798.12109375,63870.23046875,63745.01953125,63745.01953125,145960960
2026-06-08 13:23:00+00:00,63726.0703125,63802.66015625,63717.69140625,63796.44140625,0
2026-06-08 13:24:00+00:00,63682.69140625,63723.44921875,63682.69140625,63723.44921875,153473024
2026-06-08 13:25:00+00:00,63594.91015625,63683.109375,63594.91015625,63666.76953125,0
2026-06-08 13:26:00+00:00,63568.0,63603.96875,63568.0,63599.7109375,33423360
2026-06-08 13:27:00+00:00,63533.2109375,63607.44140625,63528.83984375,63571.390625,0
2026-06-08 13:28:00+00:00,63535.94921875,63557.8984375,63533.19921875,63538.0,0
2026-06-08 13:29:00+00:00,63548.0,63561.0703125,63525.0,63526.859375,111140864
2026-06-08 13:30:00+00:00,63604.55859375,63604.55859375,63519.0,63519.0,0
2026-06-08 13:31:00+00:00,63425.0703125,63609.6796875,63425.0703125,63603.78125,1728512
2026-06-08 13:32:00+00:00,63364.01953125,63441.94921875,63310.62109375,63441.94921875,0
2026-06-08 13:33:00+00:00,63332.87890625,63434.62890625,63332.87890625,63389.98828125,0
2026-06-08 13:34:00+00:00,63415.55078125,63425.1015625,63307.4296875,63352.05859375,283582464
2026-06-08 13:35:00+00:00,63647.640625,63647.640625,63408.5703125,63408.5703125,0
2026-06-08 13:36:00+00:00,63610.16015625,63703.7109375,63603.1796875,63654.6484375,143808512
2026-06-08 13:37:00+00:00,63472.8203125,63577.73828125,63466.4296875,63577.73828125,0
2026-06-08 13:38:00+00:00,63545.66015625,63604.87109375,63501.41015625,63501.41015625,0
2026-06-08 13:39:00+00:00,63412.0,63565.98828125,63412.0,63536.8515625,0
2026-06-08 13:40:00+00:00,63512.94921875,63550.01953125,63428.08984375,63436.0,548063232
2026-06-08 13:41:00+00:00,63453.7109375,63501.1484375,63402.01171875,63456.8984375,142589952
2026-06-08 13:42:00+00:00,63538.0,63544.359375,63456.0,63456.0,0
2026-06-08 13:43:00+00:00,63453.51171875,63486.0,63402.0,63447.98828125,0
2026-06-08 13:44:00+00:00,63434.328125,63494.0,63406.2109375,63494.0,0
2026-06-08 13:45:00+00:00,63558.6484375,63558.6484375,63436.21875,63440.80078125,200556544
2026-06-08 13:46:00+00:00,63593.640625,63628.62109375,63549.98828125,63558.0,2633728
2026-06-08 13:47:00+00:00,63456.890625,63609.53125,63456.890625,63609.53125,0
2026-06-08 13:48:00+00:00,63383.75,63496.37109375,63383.75,63496.37109375,0
2026-06-08 13:49:00+00:00,63528.1015625,63528.1015625,63390.12890625,63392.51171875,73723904
2026-06-08 13:50:00+00:00,63504.94921875,63542.76171875,63488.76171875,63542.76171875,452886528
2026-06-08 13:51:00+00:00,63630.0,63634.96875,63550.0,63567.55078125,11448320
2026-06-08 13:52:00+00:00,63688.03125,63688.03125,63596.8203125,63596.8203125,0
2026-06-08 13:53:00+00:00,63766.359375,63804.640625,63707.1484375,63735.26953125,0
2026-06-08 13:54:00+00:00,63653.69140625,63780.01171875,63653.69140625,63748.98828125,0
2026-06-08 13:55:00+00:00,63645.96875,63724.01171875,63645.96875,63696.26171875,0
2026-06-08 13:56:00+00:00,63759.98828125,63759.98828125,63648.21875,63648.21875,0
2026-06-08 13:57:00+00:00,63647.62890625,63765.421875,63647.62890625,63750.08984375,6004736
2026-06-08 13:58:00+00:00,63679.48828125,63697.62890625,63657.71875,63657.71875,0
2026-06-08 13:59:00+00:00,63714.75,63768.73046875,63686.98828125,63686.98828125,8286208
2026-06-08 14:00:00+00:00,63719.76953125,63743.2109375,63689.37109375,63727.96875,93659136
2026-06-08 14:01:00+00:00,63782.6796875,63782.6796875,63680.109375,63699.3515625,158535680
2026-06-08 14:02:00+00:00,63653.96875,63806.69921875,63653.96875,63784.4296875,49655808
2026-06-08 14:03:00+00:00,63619.25,63706.0,63607.94140625,63646.2890625,0
2026-06-08 14:04:00+00:00,63590.73046875,63615.9609375,63533.03125,63615.9609375,0
2026-06-08 14:05:00+00:00,63583.6484375,63591.98828125,63535.98828125,63591.98828125,0
2026-06-08 14:06:00+00:00,63757.41015625,63757.41015625,63568.19921875,63568.19921875,0
2026-06-08 14:07:00+00:00,63697.4296875,63734.578125,63667.78125,63734.578125,228515840
2026-06-08 14:08:00+00:00,63762.171875,63762.171875,63663.78125,63704.5703125,134217728
2026-06-08 14:09:00+00:00,63776.75,63806.69140625,63745.98046875,63745.98046875,0
2026-06-08 14:10:00+00:00,63764.71875,63768.55078125,63700.1015625,63762.0,0
2026-06-08 14:11:00+00:00,63800.98828125,63813.94921875,63724.01953125,63773.05859375,0
2026-06-08 14:12:00+00:00,63792.3203125,63819.421875,63770.51171875,63778.078125,113475584
2026-06-08 14:13:00+00:00,63837.08984375,63838.578125,63765.359375,63794.01171875,0
2026-06-08 14:14:00+00:00,63832.66015625,63869.12109375,63794.609375,63812.640625,0
2026-06-08 14:15:00+00:00,63641.9609375,63832.44921875,63641.9609375,63832.44921875,75964416
2026-06-08 14:16:00+00:00,63711.28125,63749.44921875,63685.859375,63685.859375,132542464
2026-06-08 14:17:00+00:00,63658.48828125,63790.01953125,63573.94921875,63711.2890625,125698048
2026-06-08 14:18:00+00:00,63707.37109375,63707.37109375,63630.3984375,63659.171875,1691648
2026-06-08 14:19:00+00:00,63750.58984375,63776.0,63693.66015625,63711.87890625,0
2026-06-08 14:20:00+00:00,63728.390625,63786.0,63728.390625,63758.98828125,207695872
2026-06-08 14:21:00+00:00,63800.078125,63800.078125,63710.609375,63736.73828125,0
2026-06-08 14:22:00+00:00,63727.19921875,63802.671875,63701.9296875,63802.671875,100352000
2026-06-08 14:23:00+00:00,63832.62890625,63832.62890625,63758.01953125,63758.01953125,184856576
2026-06-08 14:24:00+00:00,63745.421875,63835.5390625,63745.421875,63835.5390625,4186112
2026-06-08 14:25:00+00:00,63744.76953125,63757.0,63712.41015625,63743.109375,0
2026-06-08 14:26:00+00:00,63717.96875,63741.12890625,63646.62890625,63717.66015625,0
2026-06-08 14:27:00+00:00,63806.19140625,63806.19140625,63707.08984375,63707.08984375,17260544
2026-06-08 14:28:00+00:00,63822.6015625,63827.44140625,63765.37109375,63809.87890625,0
2026-06-08 14:29:00+00:00,63724.01953125,63808.21875,63724.01953125,63808.21875,173776896
2026-06-08 14:30:00+00:00,63806.6484375,63821.0703125,63726.01171875,63726.01171875,0
2026-06-08 14:31:00+00:00,63803.51953125,63829.05859375,63756.98828125,63813.23046875,8413184
2026-06-08 14:32:00+00:00,63863.0,63863.30078125,63813.55078125,63813.55078125,50282496
2026-06-08 14:33:00+00:00,63853.03125,63895.05859375,63847.98828125,63847.98828125,0
2026-06-08 14:34:00+00:00,63873.48046875,63876.921875,63819.44140625,63838.51171875,150740992
2026-06-08 14:35:00+00:00,63799.0703125,63844.859375,63786.0390625,63844.859375,0
2026-06-08 14:36:00+00:00,63841.6796875,63857.69921875,63753.69140625,63795.5,0
2026-06-08 14:37:00+00:00,63767.05078125,63798.55078125,63743.109375,63798.55078125,10731520
2026-06-08 14:38:00+00:00,63795.0,63816.23046875,63746.2890625,63778.12890625,121245696
2026-06-08 14:39:00+00:00,63793.05859375,63870.8203125,63749.4609375,63790.83984375,11481088
2026-06-08 14:40:00+00:00,63828.98046875,63830.4609375,63796.51953125,63796.51953125,0
2026-06-08 14:41:00+00:00,63852.8984375,63889.01171875,63810.33984375,63810.33984375,0
2026-06-08 14:42:00+00:00,63755.03125,63844.859375,63755.03125,63817.98828125,3383296
2026-06-08 14:43:00+00:00,63809.7890625,63820.109375,63780.37890625,63780.37890625,4595712
2026-06-08 14:44:00+00:00,63875.2890625,63887.5703125,63816.109375,63816.109375,78991360
2026-06-08 14:45:00+00:00,63865.23828125,63873.46875,63849.80859375,63870.0,0
2026-06-08 14:46:00+00:00,63895.75,63902.25,63857.87890625,63872.98046875,0
2026-06-08 14:47:00+00:00,63901.98828125,63916.0,63877.19140625,63894.7890625,0
2026-06-08 14:48:00+00:00,63873.48046875,63890.62109375,63851.23828125,63890.62109375,0
2026-06-08 14:49:00+00:00,63827.98046875,63901.671875,63827.98046875,63901.671875,153788416
2026-06-08 14:50:00+00:00,63833.6015625,63854.01953125,63803.51953125,63838.5,68784128
2026-06-08 14:51:00+00:00,63889.51953125,63906.03125,63834.0390625,63834.0390625,0
2026-06-08 14:52:00+00:00,63871.96875,63912.01953125,63871.96875,63912.01953125,4521984
2026-06-08 14:53:00+00:00,63863.94140625,63870.05078125,63813.05859375,63867.12109375,0
2026-06-08 14:54:00+00:00,63847.87890625,63873.48828125,63843.8984375,63867.109375,0
2026-06-08 14:55:00+00:00,63919.30859375,63919.6796875,63835.4296875,63857.421875,167743488
2026-06-08 14:56:00+00:00,63913.828125,63919.46875,63899.19140625,63914.26953125,0
2026-06-08 14:57:00+00:00,64026.890625,64032.76171875,63911.37109375,63911.37109375,0
2026-06-08 14:58:00+00:00,63955.28125,64059.05859375,63939.98828125,64059.05859375,152780800
2026-06-08 14:59:00+00:00,63930.7109375,63977.23828125,63930.7109375,63966.01953125,0
2026-06-08 15:00:00+00:00,63932.87890625,63966.87890625,63914.8203125,63946.25,0
2026-06-08 15:01:00+00:00,64011.12890625,64019.359375,63969.55859375,63972.05078125,3665920
2026-06-08 15:02:00+00:00,64050.01171875,64056.05078125,64000.6796875,64009.609375,0
2026-06-08 15:03:00+00:00,63975.26171875,64045.5,63961.23046875,64045.5,569708544
2026-06-08 15:04:00+00:00,63939.25,63988.73046875,63939.25,63988.73046875,0
2026-06-08 15:05:00+00:00,63980.94140625,63980.94140625,63855.73828125,63915.578125,0
2026-06-08 15:06:00+00:00,64018.76953125,64018.76953125,63963.01171875,63969.2890625,323584
2026-06-08 15:07:00+00:00,64000.0,64016.5703125,63997.5,64012.5390625,0
2026-06-08 15:08:00+00:00,64035.26171875,64035.26171875,63987.9609375,63998.0,672817152
2026-06-08 15:09:00+00:00,64038.83984375,64057.12890625,64008.0,64029.2890625,22458368
2026-06-08 15:10:00+00:00,64080.01171875,64086.37890625,64000.01171875,64049.4609375,2658304
2026-06-08 15:11:00+00:00,64074.01953125,64081.328125,64066.0,64081.328125,0
2026-06-08 15:12:00+00:00,64155.421875,64162.69921875,64090.01171875,64090.01171875,0
2026-06-08 15:13:00+00:00,64180.0,64180.0,64143.7890625,64156.01953125,7892992
2026-06-08 15:14:00+00:00,64159.7109375,64180.0,64139.98046875,64163.30078125,0
2026-06-08 15:15:00+00:00,64024.0,64172.6015625,64024.0,64172.6015625,161427456
2026-06-08 15:16:00+00:00,64018.0,64059.96875,64018.0,64020.0,315392
2026-06-08 15:17:00+00:00,63922.7109375,63994.0,63922.7109375,63986.66015625,15757312
2026-06-08 15:18:00+00:00,64034.30859375,64055.7109375,63924.3515625,63931.80078125,0
2026-06-08 15:19:00+00:00,64162.390625,64170.0,64057.921875,64074.01171875,17723392
2026-06-08 15:20:00+00:00,64078.0,64184.28125,64068.0,64144.0,109498368
2026-06-08 15:21:00+00:00,64051.37109375,64105.33984375,64051.37109375,64092.8984375,5529600
2026-06-08 15:22:00+00:00,64067.44921875,64108.671875,64035.671875,64070.62109375,14266368
2026-06-08 15:23:00+00:00,64062.01171875,64079.5703125,64032.48046875,64064.55078125,0
2026-06-08 15:24:00+00:00,64104.671875,64123.98046875,64063.8203125,64063.8203125,265351168
2026-06-08 15:25:00+00:00,64064.30078125,64111.2890625,64038.83984375,64105.3203125,0
2026-06-08 15:26:00+00:00,63996.828125,64070.62890625,63996.828125,64063.0,968732672
2026-06-08 15:27:00+00:00,64072.0390625,64072.0390625,63984.78125,64002.578125,0
2026-06-08 15:28:00+00:00,64023.19140625,64084.0,64023.19140625,64045.19921875,0
2026-06-08 15:29:00+00:00,63965.69921875,64004.73828125,63965.5390625,64004.73828125,0
2026-06-08 15:30:00+00:00,63853.96875,63978.01953125,63838.0,63978.01953125,178188288
2026-06-08 15:31:00+00:00,63882.05859375,63940.03125,63856.0,63856.0,1572864
2026-06-08 15:32:00+00:00,63914.921875,63933.96875,63881.4296875,63881.4296875,96088064
2026-06-08 15:33:00+00:00,63883.01953125,63921.1796875,63880.03125,63914.0,0
2026-06-08 15:34:00+00:00,63821.0,63895.98828125,63821.0,63895.98828125,21073920
2026-06-08 15:35:00+00:00,63803.62109375,63844.578125,63771.91015625,63844.578125,0
2026-06-08 15:36:00+00:00,63821.0,63821.0,63773.3515625,63787.37890625,0
2026-06-08 15:37:00+00:00,63845.98828125,63845.98828125,63796.0,63816.73828125,61440
2026-06-08 15:38:00+00:00,63799.109375,63933.7890625,63799.109375,63839.01171875,114339840
2026-06-08 15:39:00+00:00,63811.01171875,63811.01171875,63766.0,63808.6484375,0
2026-06-08 15:40:00+00:00,63825.75,63842.1484375,63806.80078125,63806.80078125,12914688
2026-06-08 15:41:00+00:00,63796.140625,63817.76953125,63778.078125,63817.76953125,260108288
2026-06-08 15:42:00+00:00,63788.0703125,63803.23828125,63767.6796875,63791.7890625,0
2026-06-08 15:43:00+00:00,63828.80078125,63831.5703125,63803.0703125,63806.69140625,162197504
2026-06-08 15:44:00+00:00,63834.0,63835.3203125,63793.3203125,63828.80078125,0
2026-06-08 15:45:00+00:00,63786.859375,63834.0,63786.859375,63832.01171875,21598208
2026-06-08 15:46:00+00:00,63829.640625,63833.96875,63784.44921875,63784.44921875,12333056
2026-06-08 15:47:00+00:00,63811.98828125,63851.55859375,63789.8984375,63851.55859375,12824576
2026-06-08 15:48:00+00:00,63766.80078125,63815.98828125,63766.80078125,63803.98828125,0
2026-06-08 15:49:00+00:00,63787.26953125,63790.7890625,63761.94140625,63784.9609375,0
2026-06-08 15:50:00+00:00,63804.6484375,63821.6484375,63779.98828125,63813.05859375,0
2026-06-08 15:51:00+00:00,63845.078125,63845.078125,63788.0,63801.75,163790848
2026-06-08 15:52:00+00:00,63981.30078125,63981.30078125,63828.3203125,63831.55078125,12701696
2026-06-08 15:53:00+00:00,63883.48046875,63987.6796875,63883.48046875,63987.6796875,89194496
2026-06-08 15:54:00+00:00,63858.69140625,63895.01171875,63812.0,63895.01171875,0
2026-06-08 15:55:00+00:00,63812.0,63850.6484375,63799.98828125,63850.6484375,0
2026-06-08 15:56:00+00:00,63777.87890625,63835.3203125,63773.8984375,63835.3203125,13594624
2026-06-08 15:57:00+00:00,63735.37890625,63770.21875,63696.98046875,63761.94140625,0
2026-06-08 15:58:00+00:00,63714.37890625,63758.98828125,63714.37890625,63747.01953125,7348224
2026-06-08 15:59:00+00:00,63742.94140625,63742.94140625,63694.0,63726.26953125,0
2026-06-08 16:00:00+00:00,63662.8203125,63744.16015625,63659.8203125,63744.16015625,0
2026-06-08 16:01:00+00:00,63691.2890625,63706.0,63656.66015625,63659.01171875,17330176
2026-06-08 16:02:00+00:00,63798.58984375,63798.58984375,63682.6796875,63682.6796875,0
2026-06-08 16:03:00+00:00,63762.8984375,63816.23046875,63762.8984375,63787.62109375,0
2026-06-08 16:04:00+00:00,63825.80078125,63825.80078125,63772.28125,63772.28125,0
2026-06-08 16:05:00+00:00,63852.01171875,63862.0,63810.4609375,63822.23828125,0
2026-06-08 16:06:00+00:00,63905.26953125,63905.26953125,63854.37890625,63854.37890625,225574912
2026-06-08 16:07:00+00:00,63830.01171875,63876.66015625,63776.19921875,63876.66015625,618496
2026-06-08 16:08:00+00:00,63770.0,63832.12890625,63770.0,63832.12890625,0
2026-06-08 16:09:00+00:00,63790.78125,63793.140625,63760.08984375,63779.640625,0
2026-06-08 16:10:00+00:00,63773.3203125,63790.01953125,63752.69140625,63790.01953125,0
2026-06-08 16:11:00+00:00,63838.0,63844.51953125,63764.0,63764.0,151797760
2026-06-08 16:12:00+00:00,63860.75,63860.75,63805.87890625,63832.140625,167886848
2026-06-08 16:13:00+00:00,63844.80859375,63856.8984375,63834.05859375,63856.8984375,0
2026-06-08 16:14:00+00:00,63771.71875,63808.0,63757.5390625,63808.0,0
2026-06-08 16:15:00+00:00,63816.25,63828.0,63762.1796875,63762.1796875,46280704
2026-06-08 16:16:00+00:00,63824.8515625,63836.78125,63785.828125,63800.33984375,0
2026-06-08 16:17:00+00:00,63867.921875,63880.91015625,63819.4609375,63824.8515625,0
2026-06-08 16:18:00+00:00,63900.890625,63938.0,63866.48046875,63866.48046875,146206720
2026-06-08 16:19:00+00:00,63907.87109375,63927.53125,63894.28125,63894.28125,0
2026-06-08 16:20:00+00:00,63932.0,63932.0,63880.25,63909.2109375,6914048
2026-06-08 16:21:00+00:00,63956.1796875,63963.23046875,63930.76171875,63950.8984375,0
2026-06-08 16:22:00+00:00,63894.0,63934.421875,63892.73046875,63934.421875,3272704
2026-06-08 16:23:00+00:00,63902.21875,63913.30078125,63881.08984375,63904.0,0
2026-06-08 16:24:00+00:00,64004.609375,64004.609375,63921.5703125,63921.5703125,0
2026-06-08 16:25:00+00:00,63987.71875,64001.421875,63949.80859375,63988.76953125,5750784
2026-06-08 16:26:00+00:00,63986.94921875,63999.96875,63970.75,63993.91015625,0
2026-06-08 16:27:00+00:00,63896.0,63967.98828125,63879.83984375,63967.98828125,171253760
2026-06-08 16:28:00+00:00,63851.2109375,63895.73046875,63825.78125,63886.23046875,5271552
2026-06-08 16:29:00+00:00,63839.96875,63862.0703125,63832.16015625,63850.1796875,165728256
2026-06-08 16:30:00+00:00,63815.55078125,63844.8515625,63805.12890625,63844.8515625,0
2026-06-08 16:31:00+00:00,63801.7890625,63825.76953125,63787.62109375,63819.390625,0
2026-06-08 16:32:00+00:00,63758.0,63786.01171875,63743.1015625,63781.26171875,103206912
2026-06-08 16:33:00+00:00,63706.87890625,63774.890625,63704.94140625,63774.890625,54628352
2026-06-08 16:34:00+00:00,63627.12890625,63700.98046875,63627.12890625,63693.80859375,0
2026-06-08 16:35:00+00:00,63613.71875,63647.98046875,63611.421875,63647.98046875,0
2026-06-08 16:36:00+00:00,63618.01171875,63666.75,63615.6796875,63620.0,0
2026-06-08 16:37:00+00:00,63613.73046875,63646.5703125,63613.73046875,63615.8203125,0
2026-06-08 16:38:00+00:00,63549.109375,63613.73828125,63549.078125,63607.9609375,79020032
2026-06-08 16:39:00+00:00,63651.859375,63654.328125,63563.87109375,63563.87109375,2605056
2026-06-08 16:40:00+00:00,63689.03125,63689.03125,63638.171875,63661.98828125,0
2026-06-08 16:41:00+00:00,63716.69921875,63719.328125,63663.6015625,63679.4609375,82022400
2026-06-08 16:42:00+00:00,63640.62890625,63711.62109375,63640.62890625,63711.62109375,0
2026-06-08 16:43:00+00:00,63603.19140625,63649.76171875,63603.19140625,63649.76171875,0
2026-06-08 16:44:00+00:00,63634.828125,63634.828125,63598.44921875,63602.1015625,43225088
2026-06-08 16:45:00+00:00,63631.7890625,63651.12109375,63603.1796875,63650.87109375,0
2026-06-08 16:46:00+00:00,63552.0,63626.69921875,63539.98828125,63626.69921875,0
2026-06-08 16:47:00+00:00,63604.4296875,63604.4296875,63555.91015625,63555.91015625,0
2026-06-08 16:48:00+00:00,63609.55078125,63621.37109375,63598.01953125,63598.01953125,145186816
2026-06-08 16:49:00+00:00,63568.2109375,63600.0,63554.4296875,63597.94921875,7430144
2026-06-08 16:50:00+00:00,63581.98046875,63594.51953125,63571.94921875,63582.05078125,54255616
2026-06-08 16:51:00+00:00,63555.98828125,63574.55078125,63542.75,63559.01171875,0
2026-06-08 16:52:00+00:00,63522.94921875,63555.19140625,63522.94921875,63549.46875,0
2026-06-08 16:53:00+00:00,63537.9609375,63552.4609375,63523.859375,63552.4609375,177369088
2026-06-08 16:54:00+00:00,63524.0,63538.0,63509.48828125,63538.0,0
2026-06-08 16:55:00+00:00,63514.1484375,63520.48828125,63491.2109375,63520.48828125,3080192
2026-06-08 16:56:00+00:00,63484.98828125,63515.8515625,63455.98828125,63514.109375,0
2026-06-08 16:57:00+00:00,63468.80078125,63495.0,63458.609375,63486.76953125,34099200
2026-06-08 16:58:00+00:00,63459.94140625,63468.80078125,63453.73046875,63463.671875,0
2026-06-08 16:59:00+00:00,63493.96875,63508.55078125,63433.98828125,63433.98828125,301309952
2026-06-08 17:00:00+00:00,63415.0390625,63517.890625,63415.0390625,63501.328125,0
2026-06-08 17:01:00+00:00,63410.51953125,63445.98828125,63405.578125,63421.0703125,0
2026-06-08 17:02:00+00:00,63357.328125,63406.01171875,63353.98828125,63406.01171875,85385216
2026-06-08 17:03:00+00:00,63291.01171875,63370.0,63278.25,63370.0,0
2026-06-08 17:04:00+00:00,63432.91015625,63433.37109375,63288.3515625,63288.3515625,0
2026-06-08 17:05:00+00:00,63514.1484375,63523.66015625,63435.3515625,63435.3515625,0
2026-06-08 17:06:00+00:00,63536.30078125,63536.30078125,63472.80078125,63504.94921875,2179072
2026-06-08 17:07:00+00:00,63507.98046875,63542.671875,63507.98046875,63542.671875,0
2026-06-08 17:08:00+00:00,63480.73046875,63491.87890625,63458.140625,63476.98828125,241385472
2026-06-08 17:09:00+00:00,63431.44921875,63486.01171875,63409.19921875,63482.1484375,0
2026-06-08 17:10:00+00:00,63425.08984375,63439.671875,63406.03125,63439.671875,8359936
2026-06-08 17:11:00+00:00,63393.2890625,63400.0,63335.4296875,63400.0,0
2026-06-08 17:12:00+00:00,63408.25,63412.37109375,63371.0390625,63398.0,0
2026-06-08 17:13:00+00:00,63346.3203125,63409.71875,63283.62109375,63409.71875,1724416
2026-06-08 17:14:00+00:00,63323.30078125,63345.44921875,63294.9296875,63333.01171875,2019328
2026-06-08 17:15:00+00:00,63357.80078125,63361.03125,63338.0,63341.41015625,4296704
2026-06-08 17:16:00+00:00,63415.30859375,63415.30859375,63340.609375,63354.6484375,15925248
2026-06-08 17:17:00+00:00,63451.98828125,63458.0,63415.16015625,63415.16015625,0
2026-06-08 17:18:00+00:00,63393.578125,63444.1796875,63375.98828125,63444.1796875,38457344
2026-06-08 17:19:00+00:00,63414.01953125,63415.55859375,63397.26953125,63402.69140625,0
2026-06-08 17:20:00+00:00,63460.078125,63460.078125,63414.0,63414.0,169689088
2026-06-08 17:21:00+00:00,63493.01171875,63509.609375,63483.71875,63488.69921875,17219584
2026-06-08 17:22:00+00:00,63510.9609375,63510.9609375,63470.6484375,63490.4609375,0
2026-06-08 17:23:00+00:00,63489.76171875,63506.3515625,63476.0,63492.01171875,14819328
2026-06-08 17:24:00+00:00,63504.58984375,63504.58984375,63466.44140625,63481.76171875,0
2026-06-08 17:25:00+00:00,63570.9609375,63583.69921875,63503.96875,63503.96875,0
2026-06-08 17:26:00+00:00,63542.76953125,63575.98046875,63536.3984375,63569.98046875,167038976
2026-06-08 17:27:00+00:00,63539.578125,63574.7109375,63524.109375,63565.05078125,0
2026-06-08 17:28:00+00:00,63584.1015625,63603.1796875,63536.109375,63536.109375,0
2026-06-08 17:29:00+00:00,63602.1484375,63623.83984375,63583.96875,63590.578125,0
2026-06-08 17:30:00+00:00,63574.01171875,63602.23828125,63556.08984375,63602.0,4984832
2026-06-08 17:31:00+00:00,63446.140625,63573.96875,63446.140625,63573.96875,348160
2026-06-08 17:32:00+00:00,63424.640625,63444.609375,63380.58984375,63444.609375,37523456
2026-06-08 17:33:00+00:00,63380.578125,63409.578125,63374.19140625,63409.578125,0
2026-06-08 17:34:00+00:00,63407.16015625,63409.19921875,63370.66015625,63380.58984375,2359296
2026-06-08 17:35:00+00:00,63320.23046875,63402.83984375,63320.23046875,63402.83984375,0
2026-06-08 17:36:00+00:00,63388.53125,63388.53125,63316.98046875,63321.80078125,4878336
2026-06-08 17:37:00+00:00,63364.75,63390.109375,63351.9609375,63390.109375,7024640
2026-06-08 17:38:00+00:00,63414.05078125,63414.05078125,63371.0390625,63380.578125,0
2026-06-08 17:39:00+00:00,63394.62109375,63424.6484375,63375.01953125,63424.6484375,0
2026-06-08 17:40:00+00:00,63365.0703125,63397.6796875,63352.33984375,63397.66015625,5677056
2026-06-08 17:41:00+00:00,63288.359375,63364.98828125,63271.12109375,63364.98828125,240005120
2026-06-08 17:42:00+00:00,63276.73046875,63310.609375,63256.23828125,63285.80859375,0
2026-06-08 17:43:00+00:00,63337.6484375,63337.6484375,63268.37109375,63271.12890625,180514816
2026-06-08 17:44:00+00:00,63350.01171875,63364.41015625,63340.01953125,63342.41015625,0
2026-06-08 17:45:00+00:00,63370.078125,63375.6015625,63350.0,63361.5,70045696
2026-06-08 17:46:00+00:00,63425.69921875,63425.69921875,63388.19140625,63390.12109375,0
2026-06-08 17:47:00+00:00,63414.8203125,63447.3515625,63408.6015625,63420.66015625,281468928
2026-06-08 17:48:00+00:00,63403.01171875,63447.3515625,63403.01171875,63421.921875,0
2026-06-08 17:49:00+00:00,63447.359375,63447.359375,63399.671875,63399.671875,0
2026-06-08 17:50:00+00:00,63453.62109375,63472.76171875,63442.2109375,63454.55859375,581394432
2026-06-08 17:51:00+00:00,63464.33984375,63468.4296875,63443.109375,63447.359375,0
2026-06-08 17:52:00+00:00,63480.01171875,63482.01171875,63453.71875,63460.01953125,0
2026-06-08 17:53:00+00:00,63496.1015625,63499.69921875,63477.2109375,63478.73046875,65126400
2026-06-08 17:54:00+00:00,63475.98046875,63495.30078125,63470.94140625,63495.30078125,0
2026-06-08 17:55:00+00:00,63434.828125,63454.05859375,63431.48046875,63454.05859375,2617344
2026-06-08 17:56:00+00:00,63467.91015625,63474.0,63441.41015625,63451.98828125,1671168
2026-06-08 17:57:00+00:00,63479.171875,63482.328125,63467.87890625,63467.8984375,0
2026-06-08 17:58:00+00:00,63484.140625,63491.87109375,63469.62109375,63475.44921875,168321024
2026-06-08 17:59:00+00:00,63520.5,63530.4296875,63485.51171875,63485.51171875,0
2026-06-08 18:00:00+00:00,63552.0390625,63559.16015625,63528.7109375,63528.7109375,0
2026-06-08 18:01:00+00:00,63600.0,63601.62109375,63542.51953125,63558.26953125,0
2026-06-08 18:02:00+00:00,63612.921875,63618.359375,63587.41015625,63616.0390625,0
2026-06-08 18:03:00+00:00,63557.96875,63605.3515625,63555.1484375,63605.3515625,267886592
2026-06-08 18:04:00+00:00,63558.671875,63564.53125,63557.8984375,63559.69921875,0
2026-06-08 18:05:00+00:00,63592.73046875,63592.73046875,63561.1796875,63563.76171875,0
2026-06-08 18:06:00+00:00,63602.26171875,63603.171875,63569.44921875,63584.0,45735936
2026-06-08 18:07:00+00:00,63557.62109375,63612.01171875,63557.62109375,63612.01171875,0
2026-06-08 18:08:00+00:00,63518.76953125,63552.30078125,63488.69921875,63552.30078125,25382912
2026-06-08 18:09:00+00:00,63576.03125,63588.19140625,63516.0,63521.51953125,0
2026-06-08 18:10:00+00:00,63558.66015625,63605.80078125,63558.66015625,63588.19921875,0
2026-06-08 18:11:00+00:00,63517.5703125,63564.55859375,63517.5703125,63558.671875,172265472
2026-06-08 18:12:00+00:00,63487.78125,63513.69921875,63486.80078125,63509.98046875,7188480
2026-06-08 18:13:00+00:00,63589.62109375,63589.62109375,63489.9609375,63489.9609375,6754304
2026-06-08 18:14:00+00:00,63565.05078125,63586.83984375,63558.53125,63568.19921875,137457664
2026-06-08 18:15:00+00:00,63566.69140625,63600.0390625,63566.69140625,63584.1015625,0
2026-06-08 18:16:00+00:00,63528.98046875,63570.01953125,63516.25,63570.01953125,0
2026-06-08 18:17:00+00:00,63499.78125,63548.03125,63499.78125,63533.19921875,0
2026-06-08 18:18:00+00:00,63508.55078125,63518.96875,63503.01953125,63503.359375,173543424
2026-06-08 18:19:00+00:00,63536.3984375,63547.9609375,63507.19140625,63516.640625,0
2026-06-08 18:20:00+00:00,63512.78125,63538.0703125,63504.640625,63538.0703125,177094656
2026-06-08 18:21:00+00:00,63552.30078125,63552.859375,63509.37109375,63511.890625,0
2026-06-08 18:22:00+00:00,63560.76171875,63586.3984375,63533.21875,63568.48828125,9576448
2026-06-08 18:23:00+00:00,63539.890625,63556.6015625,63526.8984375,63539.578125,0
2026-06-08 18:24:00+00:00,63514.1484375,63548.0390625,63514.1484375,63539.890625,0
2026-06-08 18:25:00+00:00,63546.01171875,63557.640625,63513.4296875,63513.4296875,89632768
2026-06-08 18:26:00+00:00,63549.140625,63560.80078125,63549.140625,63552.6796875,0
2026-06-08 18:27:00+00:00,63565.01171875,63565.01171875,63536.859375,63540.890625,419459072
2026-06-08 18:28:00+00:00,63610.0390625,63630.0703125,63572.55078125,63586.01171875,172208128
2026-06-08 18:29:00+00:00,63617.73828125,63620.0,63609.51953125,63620.0,0
2026-06-08 18:30:00+00:00,63656.359375,63664.0703125,63644.01171875,63644.01171875,0
2026-06-08 18:31:00+00:00,63544.0,63646.03125,63539.578125,63646.03125,0
2026-06-08 18:32:00+00:00,63566.8984375,63566.8984375,63496.0,63533.21875,0
2026-06-08 18:33:00+00:00,63577.8515625,63582.53125,63556.69140625,63560.671875,189333504
2026-06-08 18:34:00+00:00,63498.23828125,63564.9609375,63494.859375,63564.9609375,0
2026-06-08 18:35:00+00:00,63488.19921875,63521.44140625,63475.98828125,63504.58984375,0
2026-06-08 18:36:00+00:00,63447.98828125,63493.4296875,63447.98828125,63486.55078125,0
2026-06-08 18:37:00+00:00,63421.9609375,63471.41015625,63421.9609375,63452.08984375,0
2026-06-08 18:38:00+00:00,63460.8984375,63460.8984375,63427.94921875,63427.94921875,119795712
2026-06-08 18:39:00+00:00,63437.8203125,63472.7890625,63428.87890625,63472.7890625,0
2026-06-08 18:40:00+00:00,63438.0390625,63440.7109375,63402.71875,63402.71875,0
2026-06-08 18:41:00+00:00,63455.98828125,63473.98046875,63450.5390625,63470.828125,10424320
2026-06-08 18:42:00+00:00,63498.19921875,63498.19921875,63462.58984375,63462.58984375,0
2026-06-08 18:43:00+00:00,63490.21875,63515.98828125,63489.94921875,63507.0,0
2026-06-08 18:44:00+00:00,63467.390625,63501.41015625,63463.62890625,63495.12109375,586043392
2026-06-08 18:45:00+00:00,63471.0703125,63490.05078125,63463.26953125,63489.71875,175808512
2026-06-08 18:46:00+00:00,63408.41015625,63475.8203125,63406.26171875,63467.62109375,4943872
2026-06-08 18:47:00+00:00,63381.3984375,63423.828125,63371.828125,63423.828125,0
2026-06-08 18:48:00+00:00,63347.25,63390.0,63342.421875,63380.73828125,0
2026-06-08 18:49:00+00:00,63349.8515625,63352.0,63345.87109375,63350.71875,167387136
2026-06-08 18:50:00+00:00,63313.75,63353.83984375,63308.87890625,63353.83984375,30420992
2026-06-08 18:51:00+00:00,63379.171875,63400.6015625,63324.0,63332.87109375,0
2026-06-08 18:52:00+00:00,63424.921875,63428.01171875,63384.94921875,63384.94921875,0
2026-06-08 18:53:00+00:00,63390.12109375,63403.62890625,63374.23046875,63399.66015625,240939008
2026-06-08 18:54:00+00:00,63373.921875,63397.890625,63373.921875,63393.98828125,76873728
2026-06-08 18:55:00+00:00,63395.87890625,63395.87890625,63377.51171875,63379.98828125,1060864
2026-06-08 18:56:00+00:00,63475.96875,63475.96875,63402.83984375,63402.83984375,0
2026-06-08 18:57:00+00:00,63447.359375,63489.98828125,63441.01171875,63476.01171875,167047168
2026-06-08 18:58:00+00:00,63433.078125,63457.66015625,63426.03125,63445.87109375,0
2026-06-08 18:59:00+00:00,63442.01171875,63447.5703125,63416.05859375,63428.5,0
2026-06-08 19:00:00+00:00,63421.19921875,63431.4609375,63403.48828125,63431.4609375,156848128
2026-06-08 19:01:00+00:00,63455.171875,63462.26953125,63415.55078125,63421.9296875,13041664
2026-06-08 19:02:00+00:00,63501.1484375,63501.1484375,63455.76953125,63459.44921875,0
2026-06-08 19:03:00+00:00,63514.98828125,63525.6015625,63490.66015625,63490.66015625,0
2026-06-08 19:04:00+00:00,63487.921875,63513.37109375,63487.921875,63508.78125,0
2026-06-08 19:05:00+00:00,63463.23828125,63501.41015625,63441.0,63490.6484375,43225088
2026-06-08 19:06:00+00:00,63476.01171875,63516.01171875,63471.73046875,63471.73046875,0
2026-06-08 19:07:00+00:00,63475.98828125,63506.859375,63475.98828125,63476.98046875,0
2026-06-08 19:08:00+00:00,63453.80859375,63469.62890625,63434.640625,63469.62890625,0
2026-06-08 19:09:00+00:00,63415.5703125,63453.83984375,63414.05859375,63453.83984375,61865984
2026-06-08 19:10:00+00:00,63376.19140625,63382.1484375,63351.9609375,63382.1484375,0
2026-06-08 19:11:00+00:00,63399.8203125,63420.30078125,63369.0,63376.1796875,87912448
2026-06-08 19:12:00+00:00,63407.98828125,63409.19140625,63392.01171875,63405.55859375,0
2026-06-08 19:13:00+00:00,63469.37890625,63469.37890625,63409.08984375,63409.08984375,0
2026-06-08 19:14:00+00:00,63391.44921875,63465.66015625,63391.44921875,63465.66015625,0
2026-06-08 19:15:00+00:00,63358.30859375,63386.94140625,63338.08984375,63386.94140625,168349696
2026-06-08 19:16:00+00:00,63364.6796875,63396.44921875,63348.6484375,63372.01953125,442368
2026-06-08 19:17:00+00:00,63377.6796875,63386.9296875,63366.28125,63371.03125,101105664
2026-06-08 19:18:00+00:00,63391.5703125,63391.5703125,63336.05859375,63363.5,0
2026-06-08 19:19:00+00:00,63435.16015625,63436.828125,63399.6484375,63399.6484375,0
2026-06-08 19:20:00+00:00,63481.30859375,63500.48828125,63465.01171875,63465.01171875,0
2026-06-08 19:21:00+00:00,63497.51171875,63500.73046875,63477.73828125,63485.51171875,0
2026-06-08 19:22:00+00:00,63488.1796875,63539.51171875,63488.1796875,63501.58984375,0
2026-06-08 19:23:00+00:00,63431.4296875,63491.12890625,63425.12109375,63491.12890625,0
2026-06-08 19:24:00+00:00,63425.078125,63439.73828125,63419.078125,63433.4609375,0
2026-06-08 19:25:00+00:00,63407.30078125,63472.3203125,63407.30078125,63437.0,0
2026-06-08 19:26:00+00:00,63451.26953125,63451.26953125,63407.1796875,63407.1796875,0
2026-06-08 19:27:00+00:00,63524.3203125,63524.3203125,63455.94921875,63462.0390625,18624512
2026-06-08 19:28:00+00:00,63505.94140625,63524.98046875,63479.94921875,63504.6484375,0
2026-06-08 19:29:00+00:00,63494.921875,63508.44921875,63475.12109375,63508.44921875,0
2026-06-08 19:30:00+00:00,63473.87109375,63520.5,63473.87109375,63502.0703125,73117696
2026-06-08 19:31:00+00:00,63514.51953125,63525.0,63486.73828125,63497.41015625,0
2026-06-08 19:32:00+00:00,63472.19140625,63565.05078125,63472.19140625,63521.328125,0
2026-06-08 19:33:00+00:00,63484.55078125,63488.37109375,63466.98828125,63469.1015625,0
2026-06-08 19:34:00+00:00,63515.51953125,63515.51953125,63484.55859375,63484.55859375,0
2026-06-08 19:35:00+00:00,63504.58984375,63529.3984375,63485.53125,63518.1484375,0
2026-06-08 19:36:00+00:00,63468.26953125,63501.41015625,63450.3984375,63501.41015625,482734080
2026-06-08 19:37:00+00:00,63490.69921875,63500.78125,63457.78125,63461.25,0
2026-06-08 19:38:00+00:00,63475.98046875,63501.23046875,63466.44140625,63494.75,169574400
2026-06-08 19:39:00+00:00,63437.8203125,63476.44140625,63437.8203125,63476.44140625,327680
2026-06-08 19:40:00+00:00,63437.640625,63442.609375,63405.75,63429.91015625,0
2026-06-08 19:41:00+00:00,63450.359375,63450.359375,63427.26953125,63440.37890625,0
2026-06-08 19:42:00+00:00,63467.73046875,63470.8984375,63453.7109375,63453.7109375,0
2026-06-08 19:43:00+00:00,63484.6796875,63494.87890625,63468.5703125,63472.80859375,0
2026-06-08 19:44:00+00:00,63464.859375,63479.16015625,63459.19140625,63478.94140625,0
2026-06-08 19:45:00+00:00,63467.26953125,63471.23828125,63450.0,63456.8984375,0
2026-06-08 19:46:00+00:00,63463.25,63463.25,63431.4609375,63455.4296875,3936256
2026-06-08 19:47:00+00:00,63488.69921875,63494.98828125,63453.5390625,63468.16015625,0
2026-06-08 19:48:00+00:00,63469.87890625,63480.6015625,63460.08984375,63480.6015625,1560576
2026-06-08 19:49:00+00:00,63489.46875,63495.0390625,63456.8984375,63467.171875,0
2026-06-08 19:50:00+00:00,63493.3203125,63504.98828125,63474.91015625,63486.78125,0
2026-06-08 19:51:00+00:00,63415.0,63482.33984375,63412.87109375,63482.33984375,0
2026-06-08 19:52:00+00:00,63379.75,63433.9609375,63371.0390625,63423.9609375,5812224
2026-06-08 19:53:00+00:00,63401.33984375,63401.33984375,63374.0,63374.0,0
2026-06-08 19:54:00+00:00,63380.76171875,63427.69140625,63374.41015625,63397.87890625,0
2026-06-08 19:55:00+00:00,63399.66015625,63428.26171875,63364.69140625,63364.69140625,0
2026-06-08 19:56:00+00:00,63387.23828125,63405.96875,63386.9296875,63403.6796875,0
2026-06-08 19:57:00+00:00,63359.41015625,63398.23828125,63359.41015625,63380.578125,0
2026-06-08 19:58:00+00:00,63375.609375,63390.1015625,63352.8984375,63364.890625,1056768
2026-06-08 19:59:00+00:00,63352.51953125,63373.37890625,63335.94921875,63358.94140625,0
2026-06-08 20:00:00+00:00,63404.19921875,63410.25,63365.1796875,63373.80078125,0
2026-06-08 20:01:00+00:00,63345.5390625,63396.46875,63329.69921875,63396.46875,0
2026-06-08 20:02:00+00:00,63345.2890625,63357.8203125,63336.98828125,63336.98828125,0
2026-06-08 20:03:00+00:00,63355.12890625,63368.7890625,63345.6015625,63356.96875,6479872
2026-06-08 20:04:00+00:00,63344.08984375,63368.28125,63339.25,63366.25,0
2026-06-08 20:05:00+00:00,63378.578125,63396.48046875,63357.05859375,63358.3203125,0
2026-06-08 20:06:00+00:00,63379.37890625,63402.28125,63361.5,63367.46875,0
2026-06-08 20:07:00+00:00,63347.66015625,63384.109375,63345.6015625,63384.109375,159203328
2026-06-08 20:08:00+00:00,63342.44921875,63361.48828125,63338.73046875,63351.28125,0
2026-06-08 20:09:00+00:00,63332.3203125,63365.26171875,63304.890625,63358.30859375,0
2026-06-08 20:10:00+00:00,63288.359375,63309.140625,63277.48046875,63305.05078125,0
2026-06-08 20:11:00+00:00,63313.7109375,63316.96875,63287.05078125,63287.05078125,0
2026-06-08 20:12:00+00:00,63215.578125,63353.23828125,63215.578125,63338.48046875,0
2026-06-08 20:13:00+00:00,63187.7109375,63231.69921875,63187.6484375,63230.12109375,0
2026-06-08 20:14:00+00:00,63220.58984375,63231.6484375,63199.7890625,63199.7890625,0
2026-06-08 20:15:00+00:00,63243.8203125,63255.30078125,63224.76171875,63238.98828125,8790016
2026-06-08 20:16:00+00:00,63234.30859375,63256.3984375,63234.30078125,63247.01171875,11927552
2026-06-08 20:17:00+00:00,63157.0,63218.3984375,63148.44921875,63218.3984375,0
2026-06-08 20:18:00+00:00,63172.51953125,63178.359375,63155.80078125,63155.80078125,0
2026-06-08 20:19:00+00:00,63219.98828125,63224.80078125,63172.71875,63172.71875,0
2026-06-08 20:20:00+00:00,63215.19921875,63215.21875,63192.37890625,63215.21875,0
2026-06-08 20:21:00+00:00,63224.05078125,63224.05078125,63186.6015625,63193.26171875,2437120
2026-06-08 20:22:00+00:00,63257.7890625,63273.51953125,63225.5,63225.5,0
2026-06-08 20:23:00+00:00,63288.0,63293.58984375,63258.7109375,63258.7109375,49446912
2026-06-08 20:24:00+00:00,63251.51171875,63269.28125,63238.30078125,63269.28125,4186112
2026-06-08 20:25:00+00:00,63238.30078125,63250.8203125,63238.30078125,63249.30078125,540672
2026-06-08 20:26:00+00:00,63243.83984375,63259.2109375,63208.859375,63238.30078125,421322752
2026-06-08 20:27:00+00:00,63232.0,63272.609375,63231.96875,63233.23828125,0
2026-06-08 20:28:00+00:00,63153.03125,63222.6015625,63153.03125,63221.578125,0
2026-06-08 20:29:00+00:00,63151.890625,63162.30078125,63143.08984375,63143.08984375,107794432
2026-06-08 20:30:00+00:00,63189.80078125,63192.71875,63160.0,63160.0,8581120
2026-06-08 20:31:00+00:00,63221.578125,63245.0,63197.5390625,63200.0,0
2026-06-08 20:32:00+00:00,63222.8203125,63239.98828125,63222.26171875,63232.6015625,14942208
2026-06-08 20:33:00+00:00,63250.5,63250.5,63213.37890625,63223.921875,0
2026-06-08 20:34:00+00:00,63237.46875,63237.48046875,63215.3515625,63237.48046875,864256
2026-06-08 20:35:00+00:00,63249.1484375,63269.26953125,63234.0,63234.0,0
2026-06-08 20:36:00+00:00,63285.140625,63285.140625,63256.5703125,63257.7109375,4136960
2026-06-08 20:37:00+00:00,63276.109375,63277.69921875,63262.921875,63274.359375,9273344
2026-06-08 20:38:00+00:00,63293.96875,63293.98828125,63277.6796875,63277.69140625,0
2026-06-08 20:39:00+00:00,63338.5,63338.5,63293.96875,63293.96875,615804928
2026-06-08 20:40:00+00:00,63386.3515625,63386.921875,63330.890625,63330.890625,1294336
2026-06-08 20:41:00+00:00,63385.0390625,63391.87890625,63350.01171875,63374.16015625,4034560
2026-06-08 20:42:00+00:00,63373.05078125,63385.6484375,63363.078125,63385.6484375,28880896
2026-06-08 20:43:00+00:00,63339.26953125,63355.33984375,63332.87890625,63355.33984375,0
2026-06-08 20:44:00+00:00,63372.171875,63374.30859375,63339.26953125,63339.26953125,40808448
2026-06-08 20:45:00+00:00,63382.2890625,63399.98828125,63364.25,63364.25,0
2026-06-08 20:46:00+00:00,63371.87109375,63381.58984375,63362.109375,63381.5703125,3710976
2026-06-08 20:47:00+00:00,63345.4296875,63374.58984375,63345.4296875,63374.58984375,17547264
2026-06-08 20:48:00+00:00,63387.71875,63387.71875,63351.03125,63352.28125,1445888
2026-06-08 20:49:00+00:00,63405.87109375,63408.62890625,63386.23828125,63387.30859375,0
2026-06-08 20:50:00+00:00,63376.46875,63397.9296875,63376.46875,63394.62890625,0
2026-06-08 20:51:00+00:00,63398.421875,63398.421875,63376.46875,63376.46875,0
2026-06-08 20:52:00+00:00,63375.828125,63404.1015625,63375.828125,63404.1015625,0
2026-06-08 20:53:00+00:00,63393.55859375,63405.87109375,63371.05078125,63371.05078125,34054144
2026-06-08 20:54:00+00:00,63396.6796875,63416.9609375,63394.26171875,63395.62890625,0
2026-06-08 20:55:00+00:00,63413.98828125,63417.30859375,63393.30078125,63395.2890625,135168
2026-06-08 20:56:00+00:00,63435.5,63439.96875,63408.359375,63417.140625,0
2026-06-08 20:57:00+00:00,63434.140625,63447.390625,63431.28125,63441.03125,4616192
2026-06-08 20:58:00+00:00,63435.6484375,63444.140625,63413.171875,63426.69140625,458752
2026-06-08 20:59:00+00:00,63466.71875,63466.71875,63432.671875,63432.671875,0
2026-06-08 21:00:00+00:00,63480.921875,63519.7890625,63458.73828125,63475.96875,0
2026-06-08 21:01:00+00:00,63497.98828125,63500.55078125,63468.58984375,63474.390625,200704
2026-06-08 21:02:00+00:00,63543.109375,63551.05859375,63501.4296875,63501.4296875,0
2026-06-08 21:03:00+00:00,63570.73046875,63575.69921875,63535.078125,63555.44140625,0
2026-06-08 21:04:00+00:00,63587.609375,63610.05859375,63571.1015625,63587.0703125,0
2026-06-08 21:05:00+00:00,63587.28125,63612.7109375,63584.12109375,63591.6484375,2568192
2026-06-08 21:06:00+00:00,63571.6015625,63587.05859375,63566.328125,63571.078125,7933952
2026-06-08 21:07:00+00:00,63696.76171875,63704.94921875,63565.03125,63570.8984375,5910528
2026-06-08 21:08:00+00:00,63686.9296875,63701.75,63676.33984375,63695.0,13787136
2026-06-08 21:09:00+00:00,63774.21875,63775.80078125,63679.51171875,63679.51171875,0
2026-06-08 21:10:00+00:00,63698.5703125,63753.23828125,63692.23046875,63746.2890625,0
2026-06-08 21:11:00+00:00,63696.98828125,63703.76171875,63693.9609375,63694.37890625,87715840
2026-06-08 21:12:00+00:00,63735.91015625,63735.91015625,63687.390625,63698.33984375,0
2026-06-08 21:13:00+00:00,63707.83984375,63738.26171875,63706.48046875,63733.671875,13205504
2026-06-08 21:14:00+00:00,63704.94140625,63714.44921875,63699.828125,63701.78125,12042240
2026-06-08 21:15:00+00:00,63692.2109375,63719.80859375,63687.078125,63704.94921875,0
2026-06-08 21:16:00+00:00,63717.73046875,63729.421875,63711.2890625,63711.2890625,4083712
2026-06-08 21:17:00+00:00,63644.51953125,63736.19921875,63644.51953125,63728.94921875,0
2026-06-08 21:18:00+00:00,63596.828125,63649.7109375,63596.828125,63647.69921875,0
2026-06-08 21:19:00+00:00,63625.05859375,63625.05859375,63593.640625,63608.921875,626688
2026-06-08 21:20:00+00:00,63714.46875,63722.44140625,63654.109375,63663.9609375,0
2026-06-08 21:21:00+00:00,63691.87890625,63717.6484375,63688.890625,63717.6484375,134746112
2026-06-08 21:22:00+00:00,63663.6015625,63692.8984375,63657.23046875,63692.8984375,0
2026-06-08 21:23:00+00:00,63676.30859375,63676.30859375,63631.80078125,63670.0,23068672
2026-06-08 21:24:00+00:00,63696.1484375,63700.69921875,63678.62890625,63679.3984375,344064
2026-06-08 21:25:00+00:00,63687.2109375,63699.58984375,63676.4609375,63689.9296875,786432
2026-06-08 21:26:00+00:00,63730.390625,63750.80078125,63698.5703125,63698.5703125,0
2026-06-08 21:27:00+00:00,63697.1796875,63724.359375,63686.91015625,63724.03125,15208448
2026-06-08 21:28:00+00:00,63694.19921875,63694.19921875,63682.37890625,63690.69140625,10297344
2026-06-08 21:29:00+00:00,63703.7890625,63705.578125,63694.19921875,63694.19921875,0
2026-06-08 21:30:00+00:00,63651.16015625,63714.46875,63651.16015625,63709.140625,75485184
2026-06-08 21:31:00+00:00,63628.6015625,63648.01171875,63619.5390625,63648.01171875,0
2026-06-08 21:32:00+00:00,63661.48828125,63667.98828125,63636.26953125,63636.26953125,5988352
2026-06-08 21:33:00+00:00,63678.9609375,63689.7109375,63660.8984375,63660.8984375,9154560
2026-06-08 21:34:00+00:00,63673.12109375,63679.171875,63658.96875,63679.171875,35512320
2026-06-08 21:35:00+00:00,63709.8203125,63726.9296875,63672.94140625,63672.94140625,0
2026-06-08 21:36:00+00:00,63732.2890625,63733.96875,63715.609375,63720.828125,0
2026-06-08 21:37:00+00:00,63757.01171875,63762.1796875,63720.8515625,63733.5703125,0
2026-06-08 21:38:00+00:00,63721.7109375,63768.6796875,63721.7109375,63750.37890625,0
2026-06-08 21:39:00+00:00,63729.51171875,63730.37109375,63705.51953125,63721.44921875,0
2026-06-08 21:40:00+00:00,63771.7109375,63771.7109375,63717.8203125,63727.328125,8314880
2026-06-08 21:41:00+00:00,63758.05859375,63780.94140625,63755.80078125,63775.98828125,0
2026-06-08 21:42:00+00:00,63788.25,63788.25,63764.58984375,63766.640625,33374208
2026-06-08 21:43:00+00:00,63789.62890625,63832.12109375,63783.3203125,63796.01953125,0
2026-06-08 21:44:00+00:00,63816.26171875,63827.91015625,63787.359375,63790.109375,0
2026-06-08 21:45:00+00:00,63793.8515625,63828.6796875,63787.62109375,63816.87890625,4870144
2026-06-08 21:46:00+00:00,63774.05859375,63782.8984375,63768.94921875,63780.26953125,2535424
2026-06-08 21:47:00+00:00,63750.71875,63778.0703125,63730.87890625,63778.0703125,0
2026-06-08 21:48:00+00:00,63768.19921875,63768.53125,63744.76953125,63744.76953125,0
2026-06-08 21:49:00+00:00,63768.96875,63770.16015625,63748.4296875,63770.16015625,0
2026-06-08 21:50:00+00:00,63762.2109375,63781.51171875,63743.109375,63768.9609375,5545984
2026-06-08 21:51:00+00:00,63755.1015625,63777.37890625,63744.0,63771.7109375,11411456
2026-06-08 21:52:00+00:00,63730.83984375,63755.08984375,63727.328125,63755.08984375,0
2026-06-08 21:53:00+00:00,63730.671875,63735.0,63725.33984375,63734.7890625,32555008
2026-06-08 21:54:00+00:00,63732.0,63736.8515625,63717.66015625,63730.66015625,4354048
2026-06-08 21:55:00+00:00,63742.390625,63747.30859375,63724.01953125,63727.2109375,978944
2026-06-08 21:56:00+00:00,63725.30078125,63740.109375,63712.30859375,63740.01171875,0
2026-06-08 21:57:00+00:00,63762.01171875,63762.01171875,63727.69921875,63730.69921875,0
2026-06-08 21:58:00+00:00,63782.8203125,63782.8203125,63765.359375,63773.73046875,6569984
2026-06-08 21:59:00+00:00,63707.62109375,63769.44921875,63707.62109375,63746.28125,10133504
2026-06-08 22:00:00+00:00,63567.05859375,63678.1015625,63567.05859375,63676.30859375,1163264
2026-06-08 22:01:00+00:00,63538.98828125,63555.2109375,63506.76171875,63549.30078125,1417216
2026-06-08 22:02:00+00:00,63533.21875,63574.9609375,63533.21875,63542.0390625,0
2026-06-08 22:03:00+00:00,63526.859375,63546.08984375,63525.0,63543.08984375,0
2026-06-08 22:04:00+00:00,63538.2890625,63545.9296875,63501.0,63507.859375,0
2026-06-08 22:05:00+00:00,63507.80078125,63568.19140625,63507.80078125,63538.19140625,0
2026-06-08 22:06:00+00:00,63487.1015625,63526.87109375,63477.640625,63526.87109375,1671168
2026-06-08 22:07:00+00:00,63462.01953125,63502.0,63461.66015625,63478.2890625,0
2026-06-08 22:08:00+00:00,63465.98828125,63474.078125,63444.19921875,63463.73046875,0
2026-06-08 22:09:00+00:00,63413.98828125,63463.26953125,63413.98828125,63463.26953125,2998272
2026-06-08 22:10:00+00:00,63415.87109375,63435.671875,63391.3203125,63430.0,3264512
2026-06-08 22:11:00+00:00,63408.01953125,63456.8984375,63400.94921875,63409.19921875,134709248
2026-06-08 22:12:00+00:00,63369.94140625,63433.30078125,63369.94140625,63411.921875,0
2026-06-08 22:13:00+00:00,63298.19921875,63346.921875,63298.19921875,63346.578125,0
2026-06-08 22:14:00+00:00,63275.1484375,63310.96875,63269.2890625,63304.01171875,0
2026-06-08 22:15:00+00:00,63250.23828125,63300.0,63250.23828125,63275.44921875,0
2026-06-08 22:16:00+00:00,63315.48828125,63317.03125,63254.5390625,63259.73046875,0
2026-06-08 22:17:00+00:00,63272.4609375,63315.48828125,63258.08984375,63315.48828125,0
2026-06-08 22:18:00+00:00,63212.1015625,63280.359375,63191.98046875,63268.0,0
2026-06-08 22:19:00+00:00,63250.19140625,63250.19140625,63193.1484375,63199.3203125,0
2026-06-08 22:20:00+00:00,63283.890625,63297.08984375,63247.01171875,63247.01171875,0
2026-06-08 22:21:00+00:00,63335.53125,63335.53125,63275.6015625,63284.1484375,0
2026-06-08 22:22:00+00:00,63389.359375,63391.08984375,63323.05078125,63351.94921875,0
2026-06-08 22:23:00+00:00,63383.05859375,63412.37890625,63375.23828125,63389.359375,0
2026-06-08 22:24:00+00:00,63325.5,63377.41015625,63307.23046875,63377.41015625,0
2026-06-08 22:25:00+00:00,63307.44140625,63342.05078125,63300.0,63326.51171875,0
2026-06-08 22:26:00+00:00,63313.80078125,63313.80078125,63271.83984375,63287.0,0
2026-06-08 22:27:00+00:00,63303.98046875,63342.41015625,63303.98046875,63308.01953125,0
2026-06-08 22:28:00+00:00,63333.109375,63333.109375,63300.3984375,63310.62109375,0
2026-06-08 22:29:00+00:00,63342.91015625,63362.0,63342.421875,63345.6015625,0
2026-06-08 22:30:00+00:00,63343.83984375,63367.859375,63335.26953125,63348.55078125,0
2026-06-08 22:31:00+00:00,63297.890625,63336.078125,63288.5390625,63336.05859375,0
2026-06-08 22:32:00+00:00,63359.0,63364.28125,63319.96875,63319.96875,0
2026-06-08 22:33:00+00:00,63224.5,63352.19140625,63224.5,63352.19140625,0
2026-06-08 22:34:00+00:00,63280.0,63280.640625,63232.48828125,63232.48828125,0
2026-06-08 22:35:00+00:00,63323.3515625,63342.41015625,63275.98828125,63287.46875,0
2026-06-08 22:36:00+00:00,63329.30859375,63347.01953125,63323.33984375,63333.33984375,0
2026-06-08 22:37:00+00:00,63334.53125,63335.98828125,63307.44921875,63316.98046875,0
2026-06-08 22:38:00+00:00,63329.69140625,63340.16015625,63319.5703125,63336.6796875,0
2026-06-08 22:39:00+00:00,63302.41015625,63322.48828125,63300.01171875,63310.01171875,40046592
2026-06-08 22:40:00+00:00,63290.8984375,63316.98046875,63290.8984375,63300.98828125,0
2026-06-08 22:41:00+00:00,63282.80859375,63304.55078125,63282.80859375,63285.48046875,26988544
2026-06-08 22:42:00+00:00,63270.08984375,63297.890625,63270.0,63284.2890625,0
2026-06-08 22:43:00+00:00,63269.421875,63282.078125,63254.578125,63277.94921875,0
2026-06-08 22:44:00+00:00,63284.1484375,63290.28125,63269.48828125,63269.48828125,0
2026-06-08 22:45:00+00:00,63267.87890625,63300.0,63252.03125,63284.5,0
2026-06-08 22:46:00+00:00,63254.69921875,63289.98828125,63254.69921875,63275.640625,0
2026-06-08 22:47:00+00:00,63234.21875,63267.078125,63234.21875,63266.1015625,540692480
2026-06-08 22:48:00+00:00,63252.12890625,63256.55078125,63212.0,63234.69140625,0
2026-06-08 22:49:00+00:00,63323.30859375,63323.30859375,63260.26171875,63260.26171875,0
2026-06-08 22:50:00+00:00,63314.23828125,63316.5703125,63303.33984375,63309.05078125,0
2026-06-08 22:51:00+00:00,63302.08984375,63312.05859375,63301.8203125,63304.28125,0
2026-06-08 22:52:00+00:00,63315.46875,63316.76953125,63283.8203125,63302.08984375,5701632
2026-06-08 22:53:00+00:00,63309.30078125,63323.328125,63298.94140625,63315.4609375,0
2026-06-08 22:54:00+00:00,63310.98828125,63313.80078125,63304.26953125,63307.44140625,0
2026-06-08 22:55:00+00:00,63327.12109375,63327.12109375,63313.890625,63313.890625,0
2026-06-08 22:56:00+00:00,63350.01171875,63380.578125,63326.421875,63330.01953125,0
2026-06-08 22:57:00+00:00,63380.37109375,63380.37109375,63313.80859375,63336.05859375,0
2026-06-08 22:58:00+00:00,63421.76953125,63421.76953125,63366.98046875,63367.98828125,0
2026-06-08 22:59:00+00:00,63420.69921875,63440.51171875,63412.37890625,63426.55859375,0
2026-06-08 23:00:00+00:00,63418.890625,63422.0,63386.6015625,63419.08984375,905216
2026-06-08 23:01:00+00:00,63462.0,63462.0,63412.37890625,63412.37890625,0
2026-06-08 23:02:00+00:00,63399.7109375,63494.55859375,63399.7109375,63459.96875,0
2026-06-08 23:03:00+00:00,63399.80859375,63399.80859375,63386.94140625,63393.609375,0
2026-06-08 23:04:00+00:00,63403.98828125,63443.26953125,63390.01953125,63390.01953125,2830336
2026-06-08 23:05:00+00:00,63390.12109375,63444.171875,63390.12109375,63405.8984375,0
2026-06-08 23:06:00+00:00,63447.19140625,63447.19140625,63390.12109375,63393.2890625,0
2026-06-08 23:07:00+00:00,63453.98046875,63460.0703125,63428.55859375,63452.01953125,0
2026-06-08 23:08:00+00:00,63506.08984375,63506.08984375,63459.51953125,63459.51953125,0
2026-06-08 23:09:00+00:00,63531.5,63558.1015625,63523.6796875,63530.03125,0
2026-06-08 23:10:00+00:00,63468.98828125,63529.98046875,63447.390625,63529.98046875,0
2026-06-08 23:11:00+00:00,63479.1484375,63480.7109375,63441.01953125,63468.0703125,0
2026-06-08 23:12:00+00:00,63547.75,63547.75,63467.48046875,63469.62890625,0
2026-06-08 23:13:00+00:00,63526.87109375,63541.2890625,63515.94140625,63539.578125,57909248
2026-06-08 23:14:00+00:00,63565.48046875,63566.83984375,63535.1015625,63535.1015625,31109120
2026-06-08 23:15:00+00:00,63488.69140625,63575.3203125,63485.51953125,63565.96875,0
2026-06-08 23:16:00+00:00,63361.5,63497.390625,63351.9609375,63497.390625,5476352
2026-06-08 23:17:00+00:00,63275.0,63352.140625,63275.0,63352.140625,0
2026-06-08 23:18:00+00:00,63215.23046875,63268.01171875,63215.23046875,63263.98828125,0
2026-06-08 23:19:00+00:00,63123.01171875,63216.76171875,63082.98828125,63216.76171875,7925760
2026-06-08 23:20:00+00:00,63116.6484375,63142.51953125,63090.48046875,63095.6484375,0
2026-06-08 23:21:00+00:00,63149.8984375,63160.8984375,63054.03125,63110.3203125,9187328
2026-06-08 23:22:00+00:00,63191.4609375,63191.4609375,63155.05859375,63155.05859375,0
2026-06-08 23:23:00+00:00,63154.80078125,63200.3984375,63146.05078125,63191.7890625,12234752
2026-06-08 23:24:00+00:00,63178.0,63182.75,63132.4609375,63132.4609375,0
2026-06-08 23:25:00+00:00,63103.921875,63180.23828125,63081.94921875,63176.62890625,14180352
2026-06-08 23:26:00+00:00,63107.1015625,63113.44921875,63074.0390625,63100.171875,9428992
2026-06-08 23:27:00+00:00,63108.71875,63111.23046875,63096.7890625,63097.5703125,0
2026-06-08 23:28:00+00:00,63152.0,63153.1015625,63106.05078125,63106.05078125,0
2026-06-08 23:29:00+00:00,63123.23828125,63151.05078125,63123.23828125,63149.58984375,0
2026-06-08 23:30:00+00:00,63116.62890625,63138.8984375,63106.51171875,63113.4609375,0
2026-06-08 23:31:00+00:00,63043.5,63107.12109375,63041.30078125,63107.12109375,10895360
2026-06-08 23:32:00+00:00,63055.98828125,63083.98828125,63016.69921875,63040.3203125,0
2026-06-08 23:33:00+00:00,63021.30078125,63085.87109375,63021.30078125,63084.83984375,0
2026-06-08 23:34:00+00:00,63053.05078125,63062.1796875,63020.75,63020.75,0
2026-06-08 23:35:00+00:00,63057.71875,63084.828125,63055.5390625,63055.5390625,67309568
2026-06-08 23:36:00+00:00,63115.28125,63122.05078125,63062.69140625,63062.69140625,3624960
2026-06-08 23:37:00+00:00,63156.71875,63159.48046875,63123.98046875,63123.98046875,0
2026-06-08 23:38:00+00:00,63140.671875,63175.48046875,63135.71875,63160.6796875,0
2026-06-08 23:39:00+00:00,63084.83984375,63138.0390625,63078.48046875,63138.0390625,0
2026-06-08 23:40:00+00:00,63119.078125,63126.171875,63077.01953125,63077.01953125,0
2026-06-08 23:41:00+00:00,63163.1796875,63163.1796875,63103.96875,63126.21875,36446208
2026-06-08 23:42:00+00:00,63139.78125,63174.140625,63139.78125,63156.30859375,0
2026-06-08 23:43:00+00:00,63132.5390625,63160.94140625,63116.01953125,63144.91015625,0
2026-06-08 23:44:00+00:00,63101.98828125,63129.3515625,63097.44140625,63129.3515625,0
2026-06-08 23:45:00+00:00,63005.46875,63075.01953125,63000.01171875,63075.01953125,0
2026-06-08 23:46:00+00:00,63027.6015625,63063.98046875,63002.640625,63002.640625,0
2026-06-08 23:47:00+00:00,63000.12890625,63027.58984375,62998.98046875,63002.76171875,0
2026-06-08 23:48:00+00:00,62996.890625,63007.2890625,62987.4609375,63005.3515625,0
2026-06-08 23:49:00+00:00,62989.98046875,63005.33984375,62970.48046875,62995.80078125,0
2026-06-08 23:50:00+00:00,63028.01171875,63033.2109375,62998.98828125,63024.421875,0
2026-06-08 23:51:00+00:00,63044.0,63054.078125,63000.03125,63000.03125,0
2026-06-08 23:52:00+00:00,63021.23828125,63051.03125,63021.23828125,63048.80078125,0
2026-06-08 23:53:00+00:00,63023.08984375,63053.01953125,63018.01953125,63024.01171875,0
2026-06-08 23:54:00+00:00,63004.01171875,63026.01953125,62990.51953125,63001.71875,0
2026-06-08 23:55:00+00:00,63053.80859375,63053.80859375,62986.48828125,63014.87109375,0
2026-06-08 23:56:00+00:00,63057.8203125,63060.87109375,63027.609375,63050.5703125,0
2026-06-08 23:57:00+00:00,63084.98828125,63094.37109375,63049.859375,63054.890625,66078720
2026-06-08 23:58:00+00:00,63087.98046875,63093.98828125,63077.171875,63085.921875,0
2026-06-09 00:00:00+00:00,63061.48828125,63075.2890625,63046.6796875,63050.7109375,60164096
2026-06-09 00:01:00+00:00,63074.0,63074.0,63037.1484375,63040.30859375,8747008
2026-06-09 00:02:00+00:00,63122.5703125,63126.171875,63062.0,63088.01953125,0
2026-06-09 00:03:00+00:00,63063.12109375,63106.5390625,63063.12109375,63106.5390625,4712448
2026-06-09 00:04:00+00:00,63008.51953125,63065.01171875,62990.75,63065.01171875,0
2026-06-09 00:05:00+00:00,63034.0390625,63054.3515625,63001.98828125,63009.48046875,0
2026-06-09 00:06:00+00:00,63030.98046875,63075.37109375,63029.80859375,63029.80859375,0
2026-06-09 00:07:00+00:00,63010.98046875,63065.76171875,63005.33984375,63044.30859375,0
2026-06-09 00:08:00+00:00,63065.33984375,63103.91015625,63014.87109375,63014.87109375,0
2026-06-09 00:09:00+00:00,62993.69921875,63040.328125,62993.69921875,63040.328125,160280576
2026-06-09 00:10:00+00:00,63049.1796875,63049.1796875,63005.26171875,63005.26171875,2045952
2026-06-09 00:11:00+00:00,63015.25,63030.7890625,63011.9609375,63030.7890625,0
2026-06-09 00:12:00+00:00,63018.0390625,63036.578125,63008.73828125,63014.87890625,0
2026-06-09 00:13:00+00:00,63005.33984375,63030.69921875,62982.2890625,63028.98828125,0
2026-06-09 00:14:00+00:00,62976.71875,62997.51171875,62970.37109375,62997.51171875,46770176
2026-06-09 00:15:00+00:00,62961.76171875,62986.25,62961.76171875,62978.69921875,1009664
2026-06-09 00:16:00+00:00,63141.87109375,63141.87109375,62961.76171875,62961.76171875,4868096
2026-06-09 00:17:00+00:00,63076.28125,63144.73046875,63058.01171875,63144.73046875,0
2026-06-09 00:18:00+00:00,63023.98046875,63103.0,63002.171875,63081.66015625,10747904
2026-06-09 00:19:00+00:00,62977.609375,63020.98046875,62970.359375,63020.98046875,0
2026-06-09 00:20:00+00:00,63009.48828125,63029.98828125,62979.8984375,62988.1015625,0
2026-06-09 00:21:00+00:00,62888.0,63015.0390625,62869.98828125,63008.51953125,0
2026-06-09 00:22:00+00:00,62993.87109375,62994.05078125,62908.3203125,62908.3203125,2093056
2026-06-09 00:23:00+00:00,62947.05078125,62973.5390625,62867.1484375,62973.5390625,0
2026-06-09 00:24:00+00:00,62862.23828125,62925.828125,62862.23828125,62922.671875,0
2026-06-09 00:25:00+00:00,62827.2890625,62913.30078125,62827.2890625,62878.140625,0
2026-06-09 00:26:00+00:00,62932.19921875,62932.19921875,62833.5,62836.58984375,85700608
2026-06-09 00:27:00+00:00,62822.05859375,62888.55859375,62805.01953125,62887.6796875,47063040
2026-06-09 00:28:00+00:00,62728.671875,62835.01953125,62728.671875,62835.01953125,0
2026-06-09 00:29:00+00:00,62696.87109375,62743.98828125,62689.671875,62743.98828125,0
2026-06-09 00:30:00+00:00,62690.51171875,62739.3515625,62664.05859375,62730.9296875,0
2026-06-09 00:31:00+00:00,62540.0,62687.62109375,62540.0,62687.62109375,107360256
2026-06-09 00:32:00+00:00,62572.48828125,62650.1015625,62572.01171875,62572.01171875,0
2026-06-09 00:33:00+00:00,62603.21875,62614.01953125,62569.69921875,62575.2890625,0
2026-06-09 00:34:00+00:00,62712.78125,62725.5,62604.8984375,62604.8984375,0
2026-06-09 00:35:00+00:00,62648.69140625,62709.6015625,62635.55859375,62706.41015625,307255296
2026-06-09 00:36:00+00:00,62610.94921875,62682.87890625,62574.8984375,62645.98828125,0
2026-06-09 00:37:00+00:00,62624.01171875,62644.0703125,62571.609375,62585.0,13856768
2026-06-09 00:38:00+00:00,62559.2890625,62601.48046875,62553.98046875,62588.140625,0
2026-06-09 00:39:00+00:00,62580.01171875,62613.01171875,62579.2109375,62579.2109375,0
2026-06-09 00:40:00+00:00,62630.98828125,62634.0,62604.25,62604.25,0
2026-06-09 00:41:00+00:00,62669.3203125,62669.3203125,62617.3984375,62617.3984375,202600448
2026-06-09 00:42:00+00:00,62631.98828125,62727.859375,62625.26171875,62725.4609375,0
2026-06-09 00:43:00+00:00,62636.01953125,62639.62109375,62634.7109375,62636.4609375,0
2026-06-09 00:44:00+00:00,62684.26171875,62711.73828125,62643.4296875,62643.4296875,0
2026-06-09 00:45:00+00:00,62580.01171875,62652.01171875,62580.01171875,62646.01171875,0
2026-06-09 00:46:00+00:00,62546.640625,62576.0390625,62503.8984375,62567.69921875,49152
2026-06-09 00:47:00+00:00,62528.328125,62567.01953125,62507.48828125,62552.91015625,0
2026-06-09 00:48:00+00:00,62474.26953125,62489.6796875,62455.98828125,62470.5390625,0
2026-06-09 00:49:00+00:00,62417.98828125,62483.80859375,62391.890625,62461.55859375,16642048
2026-06-09 00:50:00+00:00,62399.98828125,62427.98046875,62395.3984375,62427.98046875,0
2026-06-09 00:51:00+00:00,62518.7890625,62518.7890625,62399.98828125,62399.98828125,0
2026-06-09 00:52:00+00:00,62480.640625,62485.98046875,62415.28125,62485.98046875,6170624
2026-06-09 00:53:00+00:00,62550.08984375,62550.08984375,62477.98828125,62481.9296875,58683392
2026-06-09 00:54:00+00:00,62512.16015625,62545.51953125,62512.16015625,62537.87890625,0
2026-06-09 00:55:00+00:00,62563.66015625,62568.53125,62517.4609375,62517.4609375,18630656
2026-06-09 00:56:00+00:00,62550.62890625,62591.0703125,62550.6015625,62550.6015625,0
2026-06-09 00:57:00+00:00,62508.58984375,62553.03125,62496.0,62534.7109375,10428416
2026-06-09 00:58:00+00:00,62550.2109375,62550.2109375,62455.75,62536.0,0
2026-06-09 00:59:00+00:00,62539.8984375,62545.98828125,62495.3203125,62545.98828125,763269120
2026-06-09 01:00:00+00:00,62616.48046875,62623.73046875,62529.98828125,62529.98828125,6586368
2026-06-09 01:01:00+00:00,62654.01171875,62660.6796875,62617.37890625,62626.9296875,0
2026-06-09 01:02:00+00:00,62657.98046875,62675.8515625,62623.73828125,62646.37109375,0
2026-06-09 01:03:00+00:00,62648.01953125,62674.62109375,62648.01953125,62666.0,5341184
2026-06-09 01:04:00+00:00,62610.66015625,62645.98046875,62610.66015625,62640.01171875,2056192
2026-06-09 01:05:00+00:00,62649.78125,62649.78125,62603.25,62610.30078125,0
2026-06-09 01:06:00+00:00,62594.30078125,62695.73046875,62594.30078125,62639.640625,0
2026-06-09 01:07:00+00:00,62556.8203125,62611.01953125,62542.0703125,62591.94921875,0
2026-06-09 01:08:00+00:00,62558.0,62558.0,62524.2890625,62544.23828125,136781824
2026-06-09 01:09:00+00:00,62595.12109375,62649.171875,62590.0,62590.0,0
2026-06-09 01:10:00+00:00,62628.140625,62652.359375,62607.8515625,62629.609375,1880064
2026-06-09 01:11:00+00:00,62623.73828125,62662.58984375,62623.73828125,62623.87109375,0
2026-06-09 01:12:00+00:00,62656.03125,62667.55078125,62620.55859375,62642.80859375,0
2026-06-09 01:13:00+00:00,62672.12890625,62674.1015625,62641.28125,62646.66015625,0
2026-06-09 01:14:00+00:00,62641.4296875,62684.0,62641.4296875,62668.44140625,7786496
2026-06-09 01:15:00+00:00,62665.0,62670.26953125,62602.0,62602.0,0
2026-06-09 01:16:00+00:00,62678.5390625,62714.0,62671.44921875,62676.21875,135583744
2026-06-09 01:17:00+00:00,62696.87109375,62696.87109375,62658.71875,62678.01171875,0
2026-06-09 01:18:00+00:00,62696.8984375,62703.21875,62689.8984375,62696.87109375,0
2026-06-09 01:19:00+00:00,62648.890625,62700.05859375,62644.0,62700.05859375,4096000
2026-06-09 01:20:00+00:00,62704.69140625,62704.69140625,62645.98046875,62649.9296875,0
2026-06-09 01:21:00+00:00,62708.0,62709.58984375,62677.80859375,62702.0390625,0
2026-06-09 01:22:00+00:00,62805.0,62844.76171875,62714.55078125,62714.55078125,0
2026-06-09 01:23:00+00:00,62755.98046875,62814.8515625,62740.66015625,62814.12109375,0
2026-06-09 01:24:00+00:00,62763.66015625,62792.26953125,62750.25,62765.19921875,0
2026-06-09 01:25:00+00:00,62741.390625,62776.3984375,62736.01953125,62757.53125,0
2026-06-09 01:26:00+00:00,62769.73828125,62770.01171875,62746.76171875,62746.76171875,0
2026-06-09 01:27:00+00:00,62819.08984375,62837.2890625,62772.01171875,62772.01171875,0
2026-06-09 01:28:00+00:00,62808.7109375,62833.62109375,62806.7890625,62809.23828125,0
2026-06-09 01:29:00+00:00,62763.94921875,62824.23828125,62763.94921875,62804.66015625,0
2026-06-09 01:30:00+00:00,62792.30078125,62799.80859375,62744.55859375,62767.05078125,958464
2026-06-09 01:31:00+00:00,62779.55078125,62790.62890625,62760.48046875,62790.62890625,0
2026-06-09 01:32:00+00:00,62766.8515625,62803.51171875,62766.8515625,62777.55078125,0
2026-06-09 01:33:00+00:00,62787.0,62789.109375,62769.0390625,62769.0390625,0
2026-06-09 01:34:00+00:00,62837.98046875,62843.1484375,62787.37890625,62787.37890625,85704704
2026-06-09 01:35:00+00:00,62766.828125,62855.87109375,62754.12109375,62847.12109375,0
2026-06-09 01:36:00+00:00,62801.8203125,62807.921875,62768.71875,62768.71875,1390592
2026-06-09 01:37:00+00:00,62719.30078125,62827.25,62719.30078125,62808.140625,604160
2026-06-09 01:38:00+00:00,62687.609375,62732.3203125,62687.30859375,62732.0,0
2026-06-09 01:39:00+00:00,62759.6796875,62759.6796875,62686.0,62696.87109375,0
2026-06-09 01:40:00+00:00,62747.75,62789.75,62739.66015625,62772.8203125,0
2026-06-09 01:41:00+00:00,62757.2890625,62757.2890625,62731.87109375,62753.98046875,0
2026-06-09 01:42:00+00:00,62721.75,62773.19140625,62718.0,62750.94140625,0
2026-06-09 01:43:00+00:00,62642.921875,62710.6796875,62642.921875,62710.6796875,0
2026-06-09 01:44:00+00:00,62684.87109375,62686.55859375,62647.9296875,62647.9296875,0
2026-06-09 01:45:00+00:00,62701.609375,62747.55859375,62701.609375,62717.98046875,18982912
2026-06-09 01:46:00+00:00,62750.94140625,62750.94140625,62703.98046875,62706.421875,0
2026-06-09 01:47:00+00:00,62765.30078125,62771.0,62738.21875,62749.83984375,0
2026-06-09 01:48:00+00:00,62794.12890625,62828.26953125,62774.5703125,62775.1015625,0
2026-06-09 01:49:00+00:00,62735.0390625,62776.37890625,62735.0390625,62776.37890625,0
2026-06-09 01:50:00+00:00,62715.96875,62754.26171875,62715.96875,62731.8515625,52953088
2026-06-09 01:51:00+00:00,62710.37109375,62716.0703125,62677.80078125,62716.0703125,0
2026-06-09 01:52:00+00:00,62755.55859375,62755.55859375,62718.7109375,62718.7109375,6844416
2026-06-09 01:53:00+00:00,62770.6484375,62772.0703125,62747.98046875,62766.83984375,16713728
2026-06-09 01:54:00+00:00,62769.0,62769.0,62736.03125,62747.75,0
2026-06-09 01:55:00+00:00,62731.87109375,62768.01953125,62731.87109375,62761.71875,0
2026-06-09 01:56:00+00:00,62750.94140625,62760.78125,62740.16015625,62742.4296875,0
2026-06-09 01:57:00+00:00,62761.94140625,62779.12890625,62755.08984375,62755.08984375,8435712
2026-06-09 01:58:00+00:00,62754.1484375,62762.44140625,62753.01171875,62759.98828125,0
2026-06-09 01:59:00+00:00,62737.4609375,62784.69140625,62734.05859375,62758.0,0
2026-06-09 02:00:00+00:00,62754.08984375,62767.01171875,62740.0,62740.0,0
2026-06-09 02:01:00+00:00,62776.37890625,62787.7109375,62753.3984375,62753.3984375,303104
2026-06-09 02:02:00+00:00,62795.4609375,62834.01171875,62785.37109375,62785.37109375,0
2026-06-09 02:03:00+00:00,62839.96875,62839.96875,62817.71875,62820.890625,688128
2026-06-09 02:04:00+00:00,62792.28125,62842.328125,62792.28125,62837.41015625,0
2026-06-09 02:05:00+00:00,62741.390625,62789.1015625,62706.4296875,62789.1015625,0
2026-06-09 02:06:00+00:00,62726.8203125,62745.4296875,62716.3984375,62745.4296875,1249280
2026-06-09 02:07:00+00:00,62794.05859375,62798.62890625,62738.2109375,62738.2109375,0
2026-06-09 02:08:00+00:00,62805.609375,62805.609375,62779.1484375,62792.28125,24119296
2026-06-09 02:09:00+00:00,62794.23828125,62809.73828125,62777.859375,62786.87109375,0
2026-06-09 02:10:00+00:00,62766.921875,62814.53125,62766.83984375,62801.80859375,0
2026-06-09 02:11:00+00:00,62773.01171875,62773.01171875,62719.140625,62757.30078125,0
2026-06-09 02:12:00+00:00,62735.0390625,62772.96875,62735.0390625,62772.96875,7387136
2026-06-09 02:13:00+00:00,62728.6796875,62752.01953125,62728.6796875,62735.0390625,0
2026-06-09 02:14:00+00:00,62709.23046875,62727.69921875,62709.23046875,62721.23046875,41881600
2026-06-09 02:15:00+00:00,62626.30078125,62710.96875,62626.03125,62710.96875,0
2026-06-09 02:16:00+00:00,62614.19921875,62630.1015625,62590.75,62626.30078125,0
2026-06-09 02:17:00+00:00,62665.0703125,62670.078125,62620.0,62620.0,0
2026-06-09 02:18:00+00:00,62607.83984375,62666.91015625,62607.83984375,62666.91015625,0
2026-06-09 02:19:00+00:00,62569.6796875,62614.19140625,62567.33984375,62585.78125,0
2026-06-09 02:20:00+00:00,62552.30859375,62576.05078125,62551.46875,62570.76953125,0
2026-06-09 02:21:00+00:00,62623.98828125,62626.171875,62559.98828125,62559.98828125,0
2026-06-09 02:22:00+00:00,62617.98828125,62641.48828125,62602.140625,62627.41015625,0
2026-06-09 02:23:00+00:00,62661.4296875,62671.328125,62605.55859375,62605.55859375,1769472
2026-06-09 02:24:00+00:00,62680.94140625,62715.94921875,62669.7109375,62677.7890625,0
2026-06-09 02:25:00+00:00,62694.94921875,62701.16015625,62680.94140625,62680.94140625,0
2026-06-09 02:26:00+00:00,62631.98828125,62688.0,62615.46875,62688.0,1916928
2026-06-09 02:27:00+00:00,62685.109375,62685.109375,62636.0,62636.0,0
2026-06-09 02:28:00+00:00,62733.4609375,62733.4609375,62685.69921875,62685.69921875,839680
2026-06-09 02:29:00+00:00,62754.12109375,62754.12109375,62722.9296875,62722.9296875,0
2026-06-09 02:30:00+00:00,62749.73046875,62800.19921875,62736.2109375,62754.69140625,0
2026-06-09 02:31:00+00:00,62720.01171875,62757.2890625,62720.01171875,62744.578125,0
2026-06-09 02:32:00+00:00,62742.98046875,62747.01953125,62724.23046875,62744.19140625,263419904
2026-06-09 02:33:00+00:00,62754.12109375,62754.12109375,62737.4296875,62750.9296875,0
2026-06-09 02:34:00+00:00,62715.98046875,62758.0,62715.98046875,62758.0,0
2026-06-09 02:35:00+00:00,62612.55078125,62712.7890625,62604.66015625,62712.7890625,10369024
2026-06-09 02:36:00+00:00,62563.94921875,62625.98828125,62563.94921875,62611.44140625,0
2026-06-09 02:37:00+00:00,62579.26953125,62612.0,62572.73828125,62572.73828125,0
2026-06-09 02:38:00+00:00,62534.58984375,62594.44140625,62512.94921875,62585.578125,0
2026-06-09 02:39:00+00:00,62581.9296875,62581.9296875,62530.3984375,62530.3984375,0
2026-06-09 02:40:00+00:00,62597.80859375,62625.078125,62583.98046875,62591.7109375,0
2026-06-09 02:41:00+00:00,62622.01171875,62641.0,62597.98046875,62597.98046875,0
2026-06-09 02:42:00+00:00,62600.0,62644.94140625,62600.0,62634.01171875,0
2026-06-09 02:43:00+00:00,62588.76953125,62607.8515625,62579.21875,62579.21875,655360
2026-06-09 02:44:00+00:00,62633.12109375,62633.12109375,62585.9609375,62594.328125,0
2026-06-09 02:45:00+00:00,62691.01171875,62709.58984375,62658.578125,62658.578125,0
2026-06-09 02:46:00+00:00,62716.94140625,62716.94140625,62682.0,62692.53125,2377728
2026-06-09 02:47:00+00:00,62701.3515625,62744.5703125,62701.3515625,62731.41015625,0
2026-06-09 02:48:00+00:00,62722.30859375,62722.30859375,62675.1015625,62675.1015625,73959424
2026-06-09 02:49:00+00:00,62715.21875,62738.05078125,62706.421875,62738.05078125,0
2026-06-09 02:50:00+00:00,62668.26953125,62696.87890625,62668.26171875,62696.87890625,303104
2026-06-09 02:51:00+00:00,62636.0,62650.0,62626.921875,62650.0,0
2026-06-09 02:52:00+00:00,62658.7109375,62658.7109375,62639.640625,62639.640625,0
2026-06-09 02:53:00+00:00,62693.69140625,62708.0,62658.0,62658.7109375,0
2026-06-09 02:54:00+00:00,62768.01171875,62768.01171875,62703.7890625,62703.7890625,0
2026-06-09 02:55:00+00:00,62785.9296875,62793.71875,62766.83984375,62768.08984375,14348288
2026-06-09 02:56:00+00:00,62795.08984375,62797.55859375,62779.55859375,62788.01953125,44896256
2026-06-09 02:57:00+00:00,62825.19140625,62825.19140625,62782.73828125,62782.73828125,0
2026-06-09 02:58:00+00:00,62817.75,62826.1796875,62804.4609375,62826.1796875,5715968
2026-06-09 02:59:00+00:00,62847.3515625,62847.3515625,62817.75,62817.75,0
2026-06-09 03:00:00+00:00,62884.53125,62895.30859375,62846.5703125,62846.5703125,5588992
2026-06-09 03:01:00+00:00,62836.8984375,62905.19140625,62827.23828125,62905.19140625,1765376
2026-06-09 03:02:00+00:00,62819.66015625,62832.4609375,62810.0,62832.4609375,0
2026-06-09 03:03:00+00:00,62803.921875,62822.80859375,62794.8984375,62820.890625,793147392
2026-06-09 03:04:00+00:00,62842.4609375,62842.4609375,62782.73828125,62806.76953125,1576960
2026-06-09 03:05:00+00:00,62835.0390625,62835.0390625,62794.890625,62830.44140625,102766592
2026-06-09 03:06:00+00:00,62847.91015625,62852.01953125,62808.1796875,62846.328125,12199936
2026-06-09 03:07:00+00:00,62846.3515625,62859.0703125,62836.76953125,62859.0703125,11728896
2026-06-09 03:08:00+00:00,62820.8984375,62843.01171875,62808.1796875,62836.80859375,0
2026-06-09 03:09:00+00:00,62809.9296875,62809.94921875,62797.8984375,62809.94921875,35907584
2026-06-09 03:10:00+00:00,62824.0703125,62824.0703125,62784.5,62814.53125,0
2026-06-09 03:11:00+00:00,62836.640625,62836.640625,62820.91015625,62826.0390625,17934336
2026-06-09 03:12:00+00:00,62866.078125,62875.30078125,62833.37109375,62847.9296875,6875136
2026-06-09 03:13:00+00:00,62898.1484375,62898.1484375,62862.25,62866.0,0
2026-06-09 03:14:00+00:00,62886.01953125,62894.109375,62881.3203125,62894.109375,0
2026-06-09 03:15:00+00:00,62922.671875,62942.51171875,62896.28125,62896.28125,139288576
2026-06-09 03:16:00+00:00,62938.3984375,62940.2109375,62900.3984375,62922.66015625,12298240
2026-06-09 03:17:00+00:00,62904.859375,62946.0,62904.0,62946.0,0
2026-06-09 03:18:00+00:00,62942.94921875,62942.94921875,62905.1015625,62905.1015625,0
2026-06-09 03:19:00+00:00,62864.26953125,62948.08984375,62856.0,62948.08984375,2541568
2026-06-09 03:20:00+00:00,62884.51171875,62892.3515625,62843.171875,62849.51953125,15689728
2026-06-09 03:21:00+00:00,62805.01171875,62887.53125,62805.01171875,62884.51171875,643072
2026-06-09 03:22:00+00:00,62823.078125,62831.98046875,62779.5703125,62805.01953125,0
2026-06-09 03:23:00+00:00,62804.48828125,62830.5703125,62797.12109375,62826.96875,0
2026-06-09 03:24:00+00:00,62766.828125,62797.12109375,62749.19921875,62797.12109375,0
2026-06-09 03:25:00+00:00,62755.44921875,62782.71875,62744.578125,62760.55078125,0
2026-06-09 03:26:00+00:00,62795.890625,62798.62890625,62751.62890625,62751.62890625,144465920
2026-06-09 03:27:00+00:00,62799.3515625,62799.3515625,62775.1015625,62788.8515625,0
2026-06-09 03:28:00+00:00,62801.671875,62817.69921875,62788.01953125,62799.91015625,5791744
2026-06-09 03:29:00+00:00,62780.76171875,62803.19921875,62776.671875,62801.671875,0
2026-06-09 03:30:00+00:00,62775.0,62824.16015625,62775.0,62776.671875,16637952
2026-06-09 03:31:00+00:00,62710.0,62763.66015625,62693.921875,62763.66015625,0
2026-06-09 03:32:00+00:00,62734.87109375,62740.421875,62715.19140625,62715.94921875,0
2026-06-09 03:33:00+00:00,62703.23828125,62722.0,62703.23828125,62722.0,0
2026-06-09 03:34:00+00:00,62677.98828125,62693.9296875,62676.03125,62693.9296875,0
2026-06-09 03:35:00+00:00,62735.078125,62738.2109375,62676.0390625,62676.0390625,10391552
2026-06-09 03:36:00+00:00,62722.3203125,62747.75,62722.3203125,62735.0390625,0
2026-06-09 03:37:00+00:00,62683.26171875,62715.94921875,62680.98046875,62709.62109375,6336512
2026-06-09 03:38:00+00:00,62680.421875,62696.87109375,62680.421875,62683.26171875,0
2026-06-09 03:39:00+00:00,62705.890625,62746.1484375,62680.4296875,62680.4296875,0
2026-06-09 03:40:00+00:00,62734.9609375,62741.390625,62700.8515625,62700.8515625,0
2026-06-09 03:41:00+00:00,62757.23828125,62757.23828125,62728.6796875,62728.6796875,553715712
2026-06-09 03:42:00+00:00,62731.8515625,62753.3984375,62721.98828125,62753.3984375,0
2026-06-09 03:43:00+00:00,62737.859375,62743.19921875,62732.828125,62735.03125,194140160
2026-06-09 03:44:00+00:00,62791.98046875,62803.25,62744.0390625,62747.75,0
2026-06-09 03:45:00+00:00,62765.98828125,62791.98046875,62747.76171875,62791.98046875,0
2026-06-09 03:46:00+00:00,62753.359375,62770.01171875,62736.640625,62770.01171875,0
2026-06-09 03:47:00+00:00,62754.109375,62761.98046875,62743.109375,62757.1015625,10409984
2026-06-09 03:48:00+00:00,62757.30078125,62770.01171875,62739.98046875,62748.53125,0
2026-06-09 03:49:00+00:00,62812.5390625,62812.5390625,62760.48828125,62766.828125,315392
2026-06-09 03:50:00+00:00,62765.98828125,62807.140625,62757.48046875,62807.140625,0
2026-06-09 03:51:00+00:00,62732.80859375,62776.37890625,62732.80859375,62763.3203125,93906944
2026-06-09 03:52:00+00:00,62723.46875,62731.96875,62723.44921875,62731.96875,32145408
2026-06-09 03:53:00+00:00,62732.98046875,62754.0,62719.140625,62754.0,34580480
2026-06-09 03:54:00+00:00,62725.5,62732.98828125,62720.7890625,62732.98046875,0
2026-06-09 03:55:00+00:00,62721.140625,62729.23046875,62718.62109375,62724.6015625,0
2026-06-09 03:56:00+00:00,62732.23828125,62736.98046875,62721.140625,62721.140625,16754688
2026-06-09 03:57:00+00:00,62768.53125,62778.0,62730.3203125,62732.25,7749632
2026-06-09 03:58:00+00:00,62836.80078125,62862.23046875,62792.26953125,62792.26953125,0
2026-06-09 03:59:00+00:00,62842.078125,62849.08984375,62839.98046875,62843.390625,136921088
2026-06-09 04:00:00+00:00,62820.0,62852.0,62819.578125,62839.98046875,0
2026-06-09 04:01:00+00:00,62811.3515625,62814.5390625,62785.921875,62814.5390625,0
2026-06-09 04:02:00+00:00,62814.51953125,62822.01953125,62800.328125,62813.98828125,0
2026-06-09 04:03:00+00:00,62805.0,62849.51953125,62805.0,62817.7109375,0
2026-06-09 04:04:00+00:00,62735.0390625,62812.08984375,62735.0390625,62811.3515625,0
2026-06-09 04:05:00+00:00,62742.01171875,62750.01171875,62726.921875,62728.55078125,197838848
2026-06-09 04:06:00+00:00,62769.73828125,62772.03125,62757.30078125,62766.0,0
2026-06-09 04:07:00+00:00,62736.6796875,62770.0,62716.0,62769.75,0
2026-06-09 04:08:00+00:00,62854.78125,62854.78125,62770.01953125,62770.01953125,0
2026-06-09 04:09:00+00:00,62887.66015625,62887.66015625,62850.16015625,62854.03125,18171904
2026-06-09 04:10:00+00:00,62916.8984375,62944.921875,62916.8984375,62927.01953125,0
2026-06-09 04:11:00+00:00,62932.2109375,62935.19140625,62910.73828125,62916.8984375,0
2026-06-09 04:12:00+00:00,62913.109375,62932.01953125,62913.109375,62923.98828125,0
2026-06-09 04:13:00+00:00,62912.140625,62918.01953125,62900.0,62913.109375,4300800
2026-06-09 04:14:00+00:00,62878.640625,62917.0390625,62878.640625,62917.0390625,126306304
2026-06-09 04:15:00+00:00,62863.828125,62870.0,62843.16015625,62868.6015625,1787904
2026-06-09 04:16:00+00:00,62860.2109375,62866.0,62839.01171875,62862.390625,0
2026-06-09 04:17:00+00:00,62854.44921875,62873.03125,62852.69921875,62873.03125,35928064
2026-06-09 04:18:00+00:00,62841.58984375,62853.0390625,62835.390625,62846.33984375,0
2026-06-09 04:19:00+00:00,62827.4296875,62849.51953125,62822.19921875,62843.1015625,0
2026-06-09 04:20:00+00:00,62831.828125,62831.828125,62805.0390625,62820.91015625,45334528
2026-06-09 04:21:00+00:00,62863.98828125,62882.6015625,62851.7890625,62882.6015625,0
2026-06-09 04:22:00+00:00,62861.08984375,62867.83984375,62854.578125,62864.48828125,0
2026-06-09 04:23:00+00:00,62831.46875,62862.23828125,62830.44140625,62855.98828125,0
2026-06-09 04:24:00+00:00,62811.359375,62831.05859375,62811.359375,62823.01953125,0
2026-06-09 04:25:00+00:00,62828.75,62833.609375,62811.359375,62811.359375,143343616
2026-06-09 04:26:00+00:00,62811.421875,62824.21875,62808.1796875,62818.421875,0
2026-06-09 04:27:00+00:00,62795.4609375,62811.41015625,62795.4609375,62811.41015625,0
2026-06-09 04:28:00+00:00,62768.96875,62788.0,62768.96875,62788.0,5158912
2026-06-09 04:29:00+00:00,62761.890625,62775.80859375,62761.890625,62771.98828125,58896384
2026-06-09 04:30:00+00:00,62766.83984375,62816.328125,62766.83984375,62773.19140625,241664
2026-06-09 04:31:00+00:00,62731.87109375,62774.33984375,62731.87109375,62769.12109375,0
2026-06-09 04:32:00+00:00,62794.48046875,62794.48046875,62732.6796875,62741.0703125,0
2026-06-09 04:33:00+00:00,62849.51953125,62872.9609375,62782.71875,62795.44921875,0
2026-06-09 04:34:00+00:00,63137.41015625,63137.41015625,62876.9296875,62876.9296875,0
2026-06-09 04:35:00+00:00,63180.25,63255.51171875,63167.51953125,63167.51953125,75988992
2026-06-09 04:36:00+00:00,63259.76171875,63259.76171875,63139.75,63173.890625,0
2026-06-09 04:37:00+00:00,63262.921875,63292.48828125,63256.5703125,63280.0,69642240
2026-06-09 04:38:00+00:00,63259.6484375,63306.01171875,63210.6484375,63272.0,0
2026-06-09 04:39:00+00:00,63289.25,63297.53125,63212.890625,63248.96875,0
2026-06-09 04:40:00+00:00,63283.25,63355.12109375,63262.921875,63282.01171875,145168384
2026-06-09 04:41:00+00:00,63218.3203125,63283.03125,63218.3203125,63283.03125,167745536
2026-06-09 04:42:00+00:00,63198.12890625,63217.8515625,63198.12890625,63215.91015625,0
2026-06-09 04:43:00+00:00,63173.05078125,63186.12890625,63162.0,63183.421875,0
2026-06-09 04:44:00+00:00,63206.01953125,63218.41015625,63170.9609375,63180.23046875,83507200
2026-06-09 04:45:00+00:00,63224.01171875,63238.6484375,63206.80859375,63206.80859375,4599808
2026-06-09 04:46:00+00:00,63316.96875,63316.96875,63183.078125,63183.078125,0
2026-06-09 04:47:00+00:00,63286.03125,63336.05078125,63275.41015625,63299.96875,0
2026-06-09 04:48:00+00:00,63304.41015625,63307.390625,63263.76171875,63277.609375,0
2026-06-09 04:49:00+00:00,63380.578125,63386.5703125,63286.41015625,63297.91015625,0
2026-06-09 04:50:00+00:00,63337.05078125,63374.21875,63297.16015625,63356.03125,654788608
2026-06-09 04:51:00+00:00,63234.5703125,63298.0,63234.5703125,63298.0,6604800
2026-06-09 04:52:00+00:00,63224.75,63246.640625,63214.0,63218.421875,0
2026-06-09 04:53:00+00:00,63294.7109375,63294.7109375,63218.3984375,63231.109375,0
2026-06-09 04:54:00+00:00,63260.2109375,63290.01953125,63257.08984375,63290.01953125,91418624
2026-06-09 04:55:00+00:00,63298.03125,63298.0390625,63258.12890625,63258.12890625,10784768
2026-06-09 04:56:00+00:00,63253.37890625,63305.66015625,63253.37890625,63305.66015625,25798656
2026-06-09 04:57:00+00:00,63249.3984375,63253.37890625,63247.03125,63253.37890625,5967872
2026-06-09 04:58:00+00:00,63224.87109375,63249.3984375,63224.76171875,63249.3984375,0
2026-06-09 04:59:00+00:00,63212.05078125,63237.48046875,63212.05078125,63215.23046875,0
2026-06-09 05:00:00+00:00,63211.98046875,63231.109375,63208.01171875,63208.859375,0
2026-06-09 05:01:00+00:00,63186.609375,63231.109375,63186.6015625,63224.75,0
2026-06-09 05:02:00+00:00,63170.69921875,63192.94921875,63168.25,63181.26953125,0
2026-06-09 05:03:00+00:00,63192.03125,63192.03125,63157.98828125,63164.33984375,0
2026-06-09 05:04:00+00:00,63242.51171875,63266.1015625,63202.5,63220.05078125,0
2026-06-09 05:05:00+00:00,63221.58984375,63262.8984375,63221.58984375,63248.87109375,175849472
2026-06-09 05:06:00+00:00,63143.44140625,63221.58984375,63143.44140625,63221.58984375,1794048
2026-06-09 05:07:00+00:00,63126.5390625,63142.05859375,63116.6484375,63142.05859375,1318912
2026-06-09 05:08:00+00:00,63097.5390625,63129.359375,63077.21875,63113.4609375,179462144
2026-06-09 05:09:00+00:00,63097.53125,63112.671875,63097.51953125,63103.9296875,0
2026-06-09 05:10:00+00:00,63116.5703125,63126.1796875,63084.8203125,63094.37890625,0
2026-06-09 05:11:00+00:00,63115.0,63129.26171875,63114.390625,63126.19921875,0
2026-06-09 05:12:00+00:00,63140.71875,63140.71875,63103.9296875,63107.109375,140824576
2026-06-09 05:13:00+00:00,63202.48828125,63202.48828125,63113.53125,63124.8203125,0
2026-06-09 05:14:00+00:00,63202.5390625,63238.0,63202.5390625,63216.94921875,0
2026-06-09 05:15:00+00:00,63294.7109375,63297.7890625,63227.9296875,63227.9296875,0
2026-06-09 05:16:00+00:00,63319.4609375,63325.53125,63285.1796875,63300.0,132521984
2026-06-09 05:17:00+00:00,63300.19140625,63318.66015625,63287.48046875,63314.37890625,53420032
2026-06-09 05:18:00+00:00,63302.87890625,63307.51171875,63294.359375,63295.921875,0
2026-06-09 05:19:00+00:00,63284.140625,63294.7109375,63282.01171875,63291.5390625,0
2026-06-09 05:20:00+00:00,63282.2109375,63304.25,63282.2109375,63304.25,0
2026-06-09 05:21:00+00:00,63297.87890625,63297.87890625,63259.0703125,63284.1015625,80560128
2026-06-09 05:22:00+00:00,63307.4296875,63307.4296875,63275.640625,63281.578125,229376
2026-06-09 05:23:00+00:00,63294.7109375,63306.87109375,63290.0,63306.859375,46612480
2026-06-09 05:24:00+00:00,63305.51171875,63305.51171875,63275.640625,63283.25,1292288
2026-06-09 05:25:00+00:00,63288.359375,63310.08984375,63288.359375,63310.08984375,0
2026-06-09 05:26:00+00:00,63291.53125,63291.53125,63269.28125,63272.4609375,0
2026-06-09 05:27:00+00:00,63300.0390625,63300.0390625,63278.8203125,63291.53125,3688448
2026-06-09 05:28:00+00:00,63277.05078125,63294.3984375,63275.58984375,63294.3984375,141053952
2026-06-09 05:29:00+00:00,63278.8203125,63291.921875,63277.0390625,63277.0390625,0
2026-06-09 05:30:00+00:00,63275.6484375,63307.609375,63275.6484375,63288.359375,0
2026-06-09 05:31:00+00:00,63360.6484375,63360.6484375,63272.859375,63277.98828125,5191680
2026-06-09 05:32:00+00:00,63367.98046875,63386.94140625,63332.87890625,63345.6015625,0
2026-06-09 05:33:00+00:00,63374.1015625,63391.76953125,63363.609375,63383.76171875,0
2026-06-09 05:34:00+00:00,63490.48828125,63490.48828125,63390.12109375,63390.12109375,989184
2026-06-09 05:35:00+00:00,63437.83984375,63476.21875,63420.9609375,63474.0,0
2026-06-09 05:36:00+00:00,63441.01953125,63485.51171875,63441.01953125,63453.71875,0
2026-06-09 05:37:00+00:00,63409.98046875,63430.7109375,63409.98046875,63425.0,150517760
2026-06-09 05:38:00+00:00,63394.0,63413.19921875,63367.98046875,63413.19921875,0
2026-06-09 05:39:00+00:00,63399.6484375,63421.921875,63380.03125,63383.76171875,0
2026-06-09 05:40:00+00:00,63384.94921875,63405.98828125,63372.98828125,63405.98828125,19376128
2026-06-09 05:41:00+00:00,63373.94140625,63386.859375,63364.671875,63367.859375,0
2026-06-09 05:42:00+00:00,63348.7890625,63418.578125,63348.7890625,63377.390625,89231360
2026-06-09 05:43:00+00:00,63358.3203125,63383.75,63329.7109375,63346.19140625,55353344
2026-06-09 05:44:00+00:00,63336.0703125,63369.828125,63336.0703125,63358.9296875,46614528
2026-06-09 05:45:00+00:00,63355.98828125,63377.390625,63329.69921875,63329.69921875,0
2026-06-09 05:46:00+00:00,63364.6796875,63374.2109375,63336.1015625,63355.98828125,0
2026-06-09 05:47:00+00:00,63380.5703125,63380.5703125,63348.78125,63370.21875,0
2026-06-09 05:48:00+00:00,63406.01171875,63406.01171875,63377.3984375,63377.3984375,0
2026-06-09 05:49:00+00:00,63393.96875,63408.28125,63380.66015625,63387.98046875,262144
2026-06-09 05:50:00+00:00,63341.83984375,63386.46875,63325.94921875,63386.46875,91541504
2026-06-09 05:51:00+00:00,63348.76953125,63376.25,63336.05859375,63341.98046875,2668544
2026-06-09 05:52:00+00:00,63344.80078125,63348.51953125,63326.51953125,63348.19140625,0
2026-06-09 05:53:00+00:00,63396.01171875,63410.0,63344.80859375,63349.80078125,165869568
2026-06-09 05:54:00+00:00,63327.26171875,63396.46875,63317.53125,63390.12109375,0
2026-06-09 05:55:00+00:00,63309.2109375,63320.16015625,63292.0,63320.16015625,0
2026-06-09 05:56:00+00:00,63289.609375,63297.8984375,63271.12890625,63297.8984375,210669568
2026-06-09 05:57:00+00:00,63298.87109375,63305.96875,63277.4609375,63281.98828125,0
2026-06-09 05:58:00+00:00,63311.01171875,63320.05078125,63302.03125,63302.03125,0
2026-06-09 05:59:00+00:00,63306.1796875,63327.671875,63304.37890625,63311.05859375,9748480
2026-06-09 06:00:00+00:00,63266.1015625,63334.28125,63266.1015625,63316.96875,3665920
2026-06-09 06:01:00+00:00,63272.0,63291.91015625,63243.921875,63243.921875,2453504
2026-06-09 06:02:00+00:00,63274.0,63291.53125,63253.37890625,63268.19921875,0
2026-06-09 06:03:00+00:00,63279.98828125,63291.53125,63266.25,63281.98828125,35962880
2026-06-09 06:04:00+00:00,63320.171875,63341.1796875,63259.75,63279.98828125,0
2026-06-09 06:05:00+00:00,63362.98828125,63362.98828125,63321.80078125,63330.01171875,176480256
2026-06-09 06:06:00+00:00,63345.6015625,63386.5390625,63345.6015625,63373.19921875,0
2026-06-09 06:07:00+00:00,63335.30859375,63373.21875,63330.03125,63339.921875,0
2026-06-09 06:08:00+00:00,63351.9609375,63374.0,63315.0,63335.98828125,0
2026-06-09 06:09:00+00:00,63297.73828125,63351.96875,63297.73828125,63351.96875,0
2026-06-09 06:10:00+00:00,63325.8203125,63332.78125,63274.01171875,63285.1796875,54026240
2026-06-09 06:11:00+00:00,63361.5,63375.6015625,63332.87109375,63332.87109375,208211968
2026-06-09 06:12:00+00:00,63335.05078125,63361.5,63335.05078125,63361.5,1982464
2026-06-09 06:13:00+00:00,63325.140625,63340.0,63316.98046875,63340.0,0
2026-06-09 06:14:00+00:00,63334.6484375,63335.91015625,63323.98828125,63323.98828125,0
2026-06-09 06:15:00+00:00,63336.7890625,63361.98828125,63332.98828125,63336.05859375,0
2026-06-09 06:16:00+00:00,63302.91015625,63333.0,63302.91015625,63332.98828125,126976
2026-06-09 06:17:00+00:00,63365.328125,63374.2109375,63302.91015625,63302.91015625,0
2026-06-09 06:18:00+00:00,63383.75,63383.75,63336.05859375,63372.69140625,0
2026-06-09 06:19:00+00:00,63388.0,63396.46875,63367.859375,63396.46875,442368
2026-06-09 06:20:00+00:00,63396.4609375,63396.4609375,63381.2890625,63383.76953125,0
2026-06-09 06:21:00+00:00,63414.0,63418.73046875,63396.48046875,63403.421875,0
2026-06-09 06:22:00+00:00,63440.94140625,63441.0,63400.03125,63417.109375,0
2026-06-09 06:23:00+00:00,63461.55859375,63461.55859375,63436.8515625,63439.41015625,0
2026-06-09 06:24:00+00:00,63382.37890625,63472.7890625,63382.37890625,63461.55859375,0
2026-06-09 06:25:00+00:00,63409.98828125,63411.16015625,63377.30859375,63384.01953125,0
2026-06-09 06:26:00+00:00,63413.71875,63415.5390625,63406.03125,63412.0,0
2026-06-09 06:27:00+00:00,63404.01953125,63413.71875,63377.3984375,63413.71875,13602816
2026-06-09 06:28:00+00:00,63399.66015625,63412.0703125,63398.28125,63402.828125,4241408
2026-06-09 06:29:00+00:00,63394.0,63394.0,63382.3984375,63386.94140625,0
2026-06-09 06:30:00+00:00,63384.0,63428.26953125,63384.0,63406.01171875,192059392
2026-06-09 06:31:00+00:00,63345.6015625,63383.76171875,63345.6015625,63383.76171875,0
2026-06-09 06:32:00+00:00,63334.87890625,63350.05859375,63332.87890625,63345.58984375,94208
2026-06-09 06:33:00+00:00,63355.140625,63363.4296875,63335.96875,63335.96875,548864
2026-06-09 06:34:00+00:00,63329.69921875,63357.140625,63329.69921875,63357.140625,0
2026-06-09 06:35:00+00:00,63348.109375,63350.078125,63329.71875,63335.9296875,0
2026-06-09 06:36:00+00:00,63343.19921875,63348.7890625,63332.87890625,63342.421875,145479680
2026-06-09 06:37:00+00:00,63375.98046875,63380.23046875,63336.05859375,63345.58984375,5885952
2026-06-09 06:38:00+00:00,63365.98828125,63375.73828125,63358.328125,63367.91015625,0
2026-06-09 06:39:00+00:00,63371.96875,63371.96875,63365.94140625,63368.44921875,0
2026-06-09 06:40:00+00:00,63320.91015625,63396.46875,63320.16015625,63389.1796875,0
2026-06-09 06:41:00+00:00,63297.08984375,63320.91015625,63287.94140625,63320.91015625,0
2026-06-09 06:42:00+00:00,63308.78125,63316.640625,63299.98828125,63307.4296875,2650112
2026-06-09 06:43:00+00:00,63294.71875,63308.76171875,63294.71875,63308.76171875,0
2026-06-09 06:44:00+00:00,63313.7890625,63313.7890625,63293.98828125,63294.69921875,0
2026-06-09 06:45:00+00:00,63364.9609375,63373.328125,63327.98828125,63327.98828125,0
2026-06-09 06:46:00+00:00,63339.23828125,63382.0,63339.23828125,63375.58984375,0
2026-06-09 06:47:00+00:00,63346.01171875,63346.01171875,63332.890625,63338.94140625,830922752
2026-06-09 06:48:00+00:00,63340.01171875,63365.578125,63340.01171875,63346.01171875,0
2026-06-09 06:49:00+00:00,63275.640625,63348.76953125,63275.640625,63340.01171875,76148736
2026-06-09 06:50:00+00:00,63252.0,63266.890625,63248.0,63259.73828125,0
2026-06-09 06:51:00+00:00,63242.1484375,63251.01171875,63224.01171875,63251.01171875,62251008
2026-06-09 06:52:00+00:00,63227.94140625,63262.91015625,63227.94140625,63244.05859375,0
2026-06-09 06:53:00+00:00,63204.1015625,63227.9296875,63193.078125,63218.41015625,0
2026-06-09 06:54:00+00:00,63218.30078125,63222.12109375,63198.66015625,63198.66015625,13799424
2026-06-09 06:55:00+00:00,63269.19140625,63269.19140625,63225.98828125,63225.98828125,0
2026-06-09 06:56:00+00:00,63241.37890625,63271.55078125,63241.37890625,63271.55078125,0
2026-06-09 06:57:00+00:00,63244.1015625,63247.96875,63237.12109375,63237.48828125,147968000
2026-06-09 06:58:00+00:00,63246.41015625,63249.30859375,63243.578125,63249.30859375,0
2026-06-09 06:59:00+00:00,63263.98046875,63263.98046875,63243.83984375,63246.41015625,28987392
2026-06-09 07:00:00+00:00,63313.94140625,63345.98828125,63279.96875,63279.96875,0
2026-06-09 07:01:00+00:00,63298.0,63326.48046875,63298.0,63326.48046875,2412544
2026-06-09 07:02:00+00:00,63292.5390625,63302.75,63282.01171875,63296.01953125,0
2026-06-09 07:03:00+00:00,63347.3515625,63371.03125,63294.3515625,63294.3515625,0
2026-06-09 07:04:00+00:00,63332.6796875,63345.58984375,63307.96875,63342.421875,0
2026-06-09 07:05:00+00:00,63303.01171875,63339.171875,63301.19921875,63332.87109375,1597440
2026-06-09 07:06:00+00:00,63291.5390625,63311.98828125,63291.5390625,63303.7109375,0
2026-06-09 07:07:00+00:00,63358.73046875,63361.44921875,63288.359375,63291.5390625,0
2026-06-09 07:08:00+00:00,63380.578125,63386.2109375,63358.73828125,63358.73828125,0
2026-06-09 07:09:00+00:00,63394.890625,63402.828125,63380.58984375,63380.58984375,155648
2026-06-09 07:10:00+00:00,63393.2890625,63399.80078125,63380.578125,63399.7890625,0
2026-06-09 07:11:00+00:00,63374.23046875,63399.640625,63374.23046875,63387.62890625,0
2026-06-09 07:12:00+00:00,63339.23828125,63379.98046875,63330.1796875,63374.21875,0
2026-06-09 07:13:00+00:00,63303.2890625,63334.73828125,63302.73828125,63334.73828125,0
2026-06-09 07:14:00+00:00,63259.73828125,63302.75,63259.73828125,63302.75,174245888
2026-06-09 07:15:00+00:00,63246.01171875,63259.46875,63226.12109375,63259.46875,0
2026-06-09 07:16:00+00:00,63289.3515625,63294.7109375,63231.12109375,63240.671875,0
2026-06-09 07:17:00+00:00,63281.3203125,63310.6015625,63277.9296875,63289.359375,0
2026-06-09 07:18:00+00:00,63316.96875,63320.109375,63281.03125,63281.91015625,139350016
2026-06-09 07:19:00+00:00,63309.390625,63331.140625,63301.01171875,63329.69140625,0
2026-06-09 07:20:00+00:00,63289.05859375,63309.3984375,63289.05859375,63309.390625,156590080
2026-06-09 07:21:00+00:00,63278.80859375,63290.73046875,63274.80859375,63290.73046875,0
2026-06-09 07:22:00+00:00,63311.171875,63311.171875,63284.3515625,63284.3515625,1615872
2026-06-09 07:23:00+00:00,63291.01953125,63313.80859375,63287.98828125,63313.7890625,519868416
2026-06-09 07:24:00+00:00,63259.6484375,63291.01953125,63259.6484375,63291.01953125,0
2026-06-09 07:25:00+00:00,63231.12109375,63266.08984375,63231.109375,63266.08984375,128051200
2026-06-09 07:26:00+00:00,63183.421875,63231.12109375,63183.421875,63231.12109375,117202944
2026-06-09 07:27:00+00:00,63110.0703125,63174.5,63097.98828125,63174.5,0
2026-06-09 07:28:00+00:00,63059.98046875,63113.4609375,63059.98046875,63108.62890625,0
2026-06-09 07:29:00+00:00,62994.9609375,63001.44140625,62979.98828125,62997.98828125,0
2026-06-09 07:30:00+00:00,63064.5703125,63066.48828125,63015.98828125,63015.98828125,7755776
2026-06-09 07:31:00+00:00,63092.0390625,63092.0390625,63040.01171875,63068.9296875,10891264
2026-06-09 07:32:00+00:00,63119.8203125,63139.94140625,63092.109375,63092.109375,0
2026-06-09 07:33:00+00:00,63112.859375,63132.53125,63112.859375,63118.0,12058624
2026-06-09 07:34:00+00:00,63103.9296875,63113.3984375,63103.9296875,63112.859375,1159168
2026-06-09 07:35:00+00:00,63078.6015625,63113.390625,63070.0,63113.390625,147589120
2026-06-09 07:36:00+00:00,63084.828125,63084.828125,63053.05078125,63072.12109375,421888
2026-06-09 07:37:00+00:00,63046.6796875,63099.98828125,63046.6796875,63094.37109375,0
2026-06-09 07:38:00+00:00,63094.66015625,63094.66015625,63043.5,63043.5,0
2026-06-09 07:39:00+00:00,63129.98828125,63140.609375,63094.66015625,63094.66015625,1015808
2026-06-09 07:40:00+00:00,63150.390625,63150.390625,63129.9609375,63129.9609375,0
2026-06-09 07:41:00+00:00,63167.51171875,63167.51171875,63150.390625,63150.3984375,395794432
2026-06-09 07:42:00+00:00,63150.0,63166.87109375,63144.859375,63157.98046875,161548288
2026-06-09 07:43:00+00:00,63163.03125,63163.03125,63139.9296875,63149.87109375,0
2026-06-09 07:44:00+00:00,63145.640625,63164.0,63145.640625,63164.0,0
2026-06-09 07:45:00+00:00,63175.37890625,63175.37890625,63145.640625,63148.12109375,0
2026-06-09 07:46:00+00:00,63136.08984375,63175.390625,63136.08984375,63175.390625,0
2026-06-09 07:47:00+00:00,63150.0390625,63150.0390625,63128.01171875,63136.1015625,290598912
2026-06-09 07:48:00+00:00,63147.41015625,63155.30859375,63147.41015625,63150.05859375,0
2026-06-09 07:49:00+00:00,63140.609375,63151.640625,63132.55078125,63147.41015625,0
2026-06-09 07:50:00+00:00,63154.7890625,63154.7890625,63138.8984375,63138.8984375,107259904
2026-06-09 07:51:00+00:00,63156.9609375,63167.28125,63145.26171875,63154.7890625,0
2026-06-09 07:52:00+00:00,63094.37109375,63158.76953125,63082.62109375,63158.76953125,0
2026-06-09 07:53:00+00:00,63151.609375,63151.609375,63099.98046875,63099.98046875,0
2026-06-09 07:54:00+00:00,63157.96875,63160.0,63150.62890625,63150.62890625,62087168
2026-06-09 07:55:00+00:00,63154.98046875,63161.109375,63151.62109375,63161.109375,0
2026-06-09 07:56:00+00:00,63153.859375,63155.578125,63135.98828125,63155.578125,0
2026-06-09 07:57:00+00:00,63147.01171875,63154.51171875,63142.078125,63153.859375,0
2026-06-09 07:58:00+00:00,63158.44921875,63158.4609375,63142.1796875,63149.8984375,0
2026-06-09 07:59:00+00:00,63155.98828125,63158.51953125,63151.62890625,63158.44921875,0
2026-06-09 08:00:00+00:00,63123.05078125,63176.98046875,63123.05078125,63158.55859375,360448
2026-06-09 08:01:00+00:00,63103.91015625,63107.01953125,63074.94140625,63105.62109375,0
2026-06-09 08:02:00+00:00,63081.69140625,63110.44140625,63075.78125,63109.26953125,246740992
2026-06-09 08:03:00+00:00,63107.1015625,63115.859375,63079.0,63081.69140625,53921792
2026-06-09 08:04:00+00:00,63038.6796875,63094.37109375,63035.03125,63094.37109375,0
2026-06-09 08:05:00+00:00,62960.0,62998.96875,62935.58984375,62998.96875,0
2026-06-09 08:06:00+00:00,62920.01171875,62955.98046875,62918.4609375,62955.98046875,0
2026-06-09 08:07:00+00:00,62855.87890625,62932.19921875,62830.33984375,62918.51171875,0
2026-06-09 08:08:00+00:00,62890.8515625,62903.71875,62865.4296875,62865.4296875,0
2026-06-09 08:09:00+00:00,62843.16015625,62900.3984375,62840.578125,62900.3984375,0
2026-06-09 08:10:00+00:00,62801.80859375,62842.33984375,62782.73046875,62842.33984375,0
2026-06-09 08:11:00+00:00,62788.08984375,62788.08984375,62738.23046875,62760.91015625,164083712
2026-06-09 08:12:00+00:00,62862.16015625,62867.98828125,62789.1015625,62794.41015625,3442688
2026-06-09 08:13:00+00:00,62887.671875,62905.05859375,62860.890625,62860.890625,0
2026-06-09 08:14:00+00:00,62887.30859375,62890.8515625,62868.921875,62883.7109375,0
2026-06-09 08:15:00+00:00,62920.9296875,62920.9296875,62889.21875,62890.859375,222838784
2026-06-09 08:16:00+00:00,62919.46875,62925.8203125,62902.69921875,62922.6484375,0
2026-06-09 08:17:00+00:00,62862.7109375,62916.30078125,62862.7109375,62916.30078125,31795200
2026-06-09 08:18:00+00:00,62887.6796875,62887.6796875,62852.69921875,62855.98828125,2039808
2026-06-09 08:19:00+00:00,62886.0,62886.0,62850.01171875,62881.3203125,2048
2026-06-09 08:20:00+00:00,62908.0,62908.0,62887.6796875,62887.6796875,0
2026-06-09 08:21:00+00:00,62871.7890625,62904.0703125,62867.671875,62900.421875,257220608
2026-06-09 08:22:00+00:00,62871.76953125,62871.7890625,62852.69921875,62871.7890625,0
2026-06-09 08:23:00+00:00,62916.2890625,62922.6484375,62886.8515625,62886.8515625,0
2026-06-09 08:24:00+00:00,62897.21875,62919.46875,62897.21875,62913.12109375,0
2026-06-09 08:25:00+00:00,62935.98828125,62940.01171875,62878.3515625,62889.48046875,11075584
2026-06-09 08:26:00+00:00,62896.0,62919.48046875,62890.859375,62919.48046875,0
2026-06-09 08:27:00+00:00,62886.80078125,62913.109375,62886.80078125,62906.76953125,3358720
2026-06-09 08:28:00+00:00,62878.140625,62890.8515625,62869.7109375,62882.0,4698112
2026-06-09 08:29:00+00:00,62843.16015625,62873.98046875,62843.16015625,62873.98046875,94281728
2026-06-09 08:30:00+00:00,62809.98828125,62827.25,62801.8203125,62817.71875,0
2026-06-09 08:31:00+00:00,62804.55078125,62820.87890625,62773.30078125,62815.55859375,0
2026-06-09 08:32:00+00:00,62862.23828125,62890.8515625,62805.05078125,62805.05078125,0
2026-06-09 08:33:00+00:00,62874.94921875,62878.12890625,62846.328125,62852.69921875,0
2026-06-09 08:34:00+00:00,62881.3203125,62910.0,62881.3203125,62887.671875,19972096
2026-06-09 08:35:00+00:00,62883.96875,62886.05078125,62870.0,62886.05078125,0
2026-06-09 08:36:00+00:00,62900.3984375,62912.80078125,62868.6484375,62883.96875,2695168
2026-06-09 08:37:00+00:00,62862.23046875,62904.890625,62852.69921875,62897.21875,0
2026-06-09 08:38:00+00:00,62900.23046875,62900.23046875,62856.87890625,62856.87890625,50581504
2026-06-09 08:39:00+00:00,62926.80078125,62943.8203125,62902.9296875,62902.9296875,0
2026-06-09 08:40:00+00:00,62930.7109375,62930.7109375,62899.3515625,62924.2109375,61882368
2026-06-09 08:41:00+00:00,62944.0,62944.0,62891.921875,62925.83984375,0
2026-06-09 08:42:00+00:00,62970.359375,62970.359375,62941.69921875,62945.80078125,35590144
2026-06-09 08:43:00+00:00,62944.9296875,62979.91015625,62944.9296875,62975.69921875,1208320
2026-06-09 08:44:00+00:00,62944.37890625,62968.80078125,62941.41015625,62944.9296875,0
2026-06-09 08:45:00+00:00,62951.2890625,62970.359375,62948.1015625,62948.1015625,0
2026-06-09 08:46:00+00:00,62960.01953125,62963.44921875,62948.109375,62948.109375,0
2026-06-09 08:47:00+00:00,62899.98828125,62963.421875,62891.98828125,62963.421875,0
2026-06-09 08:48:00+00:00,62836.7890625,62846.33984375,62824.6796875,62846.33984375,137654272
2026-06-09 08:49:00+00:00,62850.3515625,62853.44140625,62836.7890625,62836.7890625,0
2026-06-09 08:50:00+00:00,62868.0,62868.6015625,62830.44921875,62844.0,0
2026-06-09 08:51:00+00:00,62909.94921875,62926.03125,62867.37890625,62867.37890625,19312640
2026-06-09 08:52:00+00:00,62939.58984375,62941.73828125,62897.578125,62922.66015625,12369920
2026-06-09 08:53:00+00:00,62876.0,62933.578125,62865.25,62933.578125,0
2026-06-09 08:54:00+00:00,62905.9609375,62906.76171875,62881.3203125,62881.3203125,184320
2026-06-09 08:55:00+00:00,62855.640625,62858.3203125,62836.62890625,62854.12109375,0
2026-06-09 08:56:00+00:00,62807.8515625,62853.171875,62805.01171875,62853.171875,0
2026-06-09 08:57:00+00:00,62810.6484375,62810.6484375,62792.2890625,62804.30078125,10539008
2026-06-09 08:58:00+00:00,62818.87890625,62818.87890625,62802.01171875,62809.05859375,10137600
2026-06-09 08:59:00+00:00,62808.1796875,62827.26171875,62808.1796875,62827.26171875,220745728
2026-06-09 09:00:00+00:00,62807.98046875,62820.87890625,62798.3515625,62820.87890625,0
2026-06-09 09:01:00+00:00,62816.48828125,62816.48828125,62807.8515625,62807.98046875,0
2026-06-09 09:02:00+00:00,62860.0,62860.0,62820.8984375,62820.8984375,0
2026-06-09 09:03:00+00:00,62801.8203125,62813.69921875,62798.640625,62811.87890625,0
2026-06-09 09:04:00+00:00,62786.6484375,62811.328125,62785.921875,62801.8203125,0
2026-06-09 09:05:00+00:00,62811.33984375,62811.9609375,62790.01953125,62790.01953125,125822976
2026-06-09 09:06:00+00:00,62814.55078125,62817.7109375,62795.4609375,62809.26171875,745472
2026-06-09 09:07:00+00:00,62747.73828125,62814.5390625,62742.3515625,62814.5390625,0
2026-06-09 09:08:00+00:00,62687.55859375,62741.41015625,62681.48046875,62741.41015625,0
2026-06-09 09:09:00+00:00,62730.359375,62735.0390625,62695.5,62695.5,111570944
2026-06-09 09:10:00+00:00,62744.078125,62771.41015625,62732.16015625,62732.16015625,0
2026-06-09 09:11:00+00:00,62733.921875,62744.01171875,62706.44921875,62744.01171875,0
2026-06-09 09:12:00+00:00,62754.109375,62757.12890625,62731.859375,62736.66015625,0
2026-06-09 09:13:00+00:00,62756.921875,62765.73828125,62744.578125,62760.46875,7045120
2026-06-09 09:14:00+00:00,62817.08984375,62825.19140625,62763.62109375,62763.62109375,0
2026-06-09 09:15:00+00:00,62859.05859375,62859.05859375,62821.05078125,62827.98046875,43417600
2026-06-09 09:16:00+00:00,62873.3203125,62886.98046875,62847.51171875,62855.98046875,962560
2026-06-09 09:17:00+00:00,62853.41015625,62876.01953125,62853.41015625,62875.1015625,0
2026-06-09 09:18:00+00:00,62886.5703125,62886.5703125,62853.421875,62853.421875,0
2026-06-09 09:19:00+00:00,62910.0390625,62910.0390625,62877.0,62885.69921875,0
2026-06-09 09:20:00+00:00,62855.87109375,62906.9609375,62855.87109375,62906.9609375,158507008
2026-06-09 09:21:00+00:00,62890.55078125,62890.9609375,62848.2890625,62848.2890625,0
2026-06-09 09:22:00+00:00,62875.078125,62878.140625,62850.25,62878.140625,137621504
2026-06-09 09:23:00+00:00,62843.16015625,62881.30859375,62843.16015625,62868.609375,172032
2026-06-09 09:24:00+00:00,62816.51953125,62843.1484375,62812.2109375,62833.6796875,0
2026-06-09 09:25:00+00:00,62825.98828125,62825.98828125,62814.5390625,62814.5390625,8212480
2026-06-09 09:26:00+00:00,62829.05859375,62833.609375,62825.98046875,62825.98046875,100470784
2026-06-09 09:27:00+00:00,62829.01953125,62830.4296875,62792.28125,62824.51953125,0
2026-06-09 09:28:00+00:00,62805.91015625,62829.01171875,62779.640625,62829.01171875,0
2026-06-09 09:29:00+00:00,62782.73828125,62808.609375,62782.73828125,62805.91015625,0
2026-06-09 09:30:00+00:00,62739.5,62777.05078125,62739.48046875,62776.37890625,0
2026-06-09 09:31:00+00:00,62757.8515625,62757.8515625,62703.23828125,62731.94140625,0
2026-06-09 09:32:00+00:00,62720.6484375,62774.1796875,62720.6484375,62760.46875,13795328
2026-06-09 09:33:00+00:00,62618.01171875,62720.6484375,62600.0,62720.6484375,1343488
2026-06-09 09:34:00+00:00,62618.01953125,62633.28125,62593.96875,62626.03125,0
2026-06-09 09:35:00+00:00,62653.96875,62661.87890625,62645.01171875,62645.01171875,0
2026-06-09 09:36:00+00:00,62699.48828125,62699.48828125,62654.26953125,62654.26953125,25772032
2026-06-09 09:37:00+00:00,62573.421875,62703.23046875,62573.421875,62703.23046875,0
2026-06-09 09:38:00+00:00,62600.33984375,62600.33984375,62569.671875,62569.671875,67555328
2026-06-09 09:39:00+00:00,62579.19140625,62614.19140625,62576.0390625,62614.19140625,0
2026-06-09 09:40:00+00:00,62588.75,62604.62109375,62585.46875,62591.9296875,0
2026-06-09 09:41:00+00:00,62629.87109375,62629.87109375,62598.2890625,62598.2890625,0
2026-06-09 09:42:00+00:00,62630.1015625,62642.51953125,62614.19921875,62642.51953125,127848448
2026-06-09 09:43:00+00:00,62613.51953125,62614.21875,62602.26953125,62611.12890625,8495104
2026-06-09 09:44:00+00:00,62635.98828125,62635.98828125,62629.37890625,62630.078125,0
2026-06-09 09:45:00+00:00,62635.69921875,62640.0390625,62633.28125,62636.4609375,0
2026-06-09 09:46:00+00:00,62647.01953125,62662.6015625,62633.2890625,62633.2890625,9928704
2026-06-09 09:47:00+00:00,62649.9609375,62661.890625,62639.62890625,62639.62890625,0
2026-06-09 09:48:00+00:00,62620.55078125,62649.9609375,62617.55078125,62649.9609375,140001280
2026-06-09 09:49:00+00:00,62631.26171875,62633.28125,62611.01953125,62611.01953125,3571712
2026-06-09 09:50:00+00:00,62636.44921875,62652.76171875,62623.73046875,62652.76171875,114835456
2026-06-09 09:51:00+00:00,62646.80859375,62646.80859375,62629.9296875,62637.2109375,0
2026-06-09 09:52:00+00:00,62647.5,62647.5,62637.46875,62646.80859375,0
2026-06-09 09:53:00+00:00,62657.4296875,62666.98046875,62636.4609375,62636.4609375,0
2026-06-09 09:54:00+00:00,62640.0,62657.421875,62640.0,62657.421875,133984256
2026-06-09 09:55:00+00:00,62640.0,62642.8203125,62633.28125,62633.28125,3219456
2026-06-09 09:56:00+00:00,62667.01953125,62671.8203125,62649.1796875,62655.51953125,0
2026-06-09 09:57:00+00:00,62680.98046875,62696.390625,62668.26171875,62668.26171875,0
2026-06-09 09:58:00+00:00,62688.671875,62690.76953125,62683.609375,62686.87109375,278528
2026-06-09 09:59:00+00:00,62681.91015625,62690.76953125,62677.80078125,62690.76953125,0
2026-06-09 10:00:00+00:00,62705.98828125,62705.98828125,62665.12109375,62684.30859375,137015296
2026-06-09 10:01:00+00:00,62720.0,62734.87890625,62715.9609375,62724.9609375,0
2026-06-09 10:02:00+00:00,62700.28125,62725.48828125,62700.28125,62722.23046875,0
2026-06-09 10:03:00+00:00,62738.21875,62738.21875,62716.421875,62716.421875,0
2026-06-09 10:04:00+00:00,62728.6796875,62748.0,62728.6796875,62748.0,136843264
2026-06-09 10:05:00+00:00,62760.46875,62760.46875,62728.6796875,62728.6796875,0
2026-06-09 10:06:00+00:00,62605.1015625,62751.3203125,62605.1015625,62750.9609375,131960832
2026-06-09 10:07:00+00:00,62638.671875,62668.16015625,62566.44921875,62614.96875,0
2026-06-09 10:08:00+00:00,62604.66015625,62669.12109375,62604.66015625,62640.30078125,0
2026-06-09 10:09:00+00:00,62601.30078125,62613.0,62577.75,62609.26953125,6262784
2026-06-09 10:10:00+00:00,62640.0,62642.7109375,62618.37890625,62618.37890625,8708096
2026-06-09 10:11:00+00:00,62666.96875,62666.96875,62637.48828125,62637.48828125,0
2026-06-09 10:12:00+00:00,62658.73828125,62671.2109375,62639.6484375,62653.75,0
2026-06-09 10:13:00+00:00,62649.98828125,62657.9609375,62646.0,62657.91015625,2142208
2026-06-09 10:14:00+00:00,62749.48828125,62749.48828125,62670.1796875,62670.1796875,128688128
2026-06-09 10:15:00+00:00,62717.671875,62741.41015625,62715.9609375,62741.41015625,0
2026-06-09 10:16:00+00:00,62690.51171875,62712.19140625,62679.9609375,62712.19140625,15470592
2026-06-09 10:17:00+00:00,62716.0,62724.0,62702.5703125,62706.421875,0
2026-06-09 10:18:00+00:00,62691.8203125,62707.12890625,62677.80078125,62707.12890625,0
2026-06-09 10:19:00+00:00,62703.2109375,62708.58984375,62684.16015625,62692.48828125,7286784
2026-06-09 10:20:00+00:00,62732.98046875,62732.98046875,62701.25,62703.23828125,98258944
2026-06-09 10:21:00+00:00,62707.94921875,62740.26171875,62707.94921875,62740.26171875,20918272
2026-06-09 10:22:00+00:00,62670.2890625,62706.421875,62670.2890625,62706.421875,0
2026-06-09 10:23:00+00:00,62687.94140625,62687.94140625,62676.19921875,62680.05859375,0
2026-06-09 10:24:00+00:00,62688.51171875,62703.23046875,62681.01953125,62690.890625,131235840
2026-06-09 10:25:00+00:00,62720.01171875,62720.01171875,62687.33984375,62690.5,0
2026-06-09 10:26:00+00:00,62731.859375,62742.0,62719.140625,62719.140625,0
2026-06-09 10:27:00+00:00,62719.140625,62733.01953125,62719.140625,62728.69140625,0
2026-06-09 10:28:00+00:00,62703.23828125,62721.30859375,62703.2109375,62719.140625,0
2026-06-09 10:29:00+00:00,62711.16015625,62711.16015625,62693.69921875,62706.05078125,0
2026-06-09 10:30:00+00:00,62724.01171875,62724.01171875,62704.828125,62711.16015625,0
2026-06-09 10:31:00+00:00,62668.26171875,62724.05078125,62668.26171875,62724.05078125,9482240
2026-06-09 10:32:00+00:00,62680.109375,62680.109375,62655.5390625,62655.5390625,0
2026-06-09 10:33:00+00:00,62635.51953125,62670.0,62627.62890625,62670.0,0
2026-06-09 10:34:00+00:00,62613.05078125,62636.2890625,62594.01953125,62630.53125,0
2026-06-09 10:35:00+00:00,62652.01171875,62655.0,62611.01953125,62613.05859375,189585408
2026-06-09 10:36:00+00:00,62645.26171875,62697.4609375,62645.26171875,62658.7109375,0
2026-06-09 10:37:00+00:00,62633.98046875,62647.0390625,62626.921875,62645.26171875,0
2026-06-09 10:38:00+00:00,62649.19140625,62651.9609375,62633.98046875,62633.98046875,0
2026-06-09 10:39:00+00:00,62645.98828125,62649.1796875,62625.12109375,62649.1796875,0
2026-06-09 10:40:00+00:00,62641.83984375,62649.171875,62633.28125,62639.62890625,40554496
2026-06-09 10:41:00+00:00,62650.2109375,62650.30078125,62641.98046875,62641.98046875,0
2026-06-09 10:42:00+00:00,62637.609375,62650.2109375,62636.46875,62650.2109375,0
2026-06-09 10:43:00+00:00,62674.3515625,62681.98828125,62660.0,62660.0,208896
2026-06-09 10:44:00+00:00,62666.71875,62680.44921875,62665.078125,62674.3984375,0
2026-06-09 10:45:00+00:00,62636.01953125,62656.1015625,62611.98828125,62656.1015625,0
2026-06-09 10:46:00+00:00,62680.69140625,62680.69140625,62654.0,62654.0,0
2026-06-09 10:47:00+00:00,62663.21875,62674.109375,62662.9296875,62673.0703125,204240896
2026-06-09 10:48:00+00:00,62632.05078125,62655.5390625,62631.05078125,62655.5390625,21512192
2026-06-09 10:49:00+00:00,62657.30859375,62661.890625,62635.94140625,62635.94140625,0
2026-06-09 10:50:00+00:00,62630.8984375,62671.4296875,62630.8984375,62660.578125,0
2026-06-09 10:51:00+00:00,62647.078125,62659.1484375,62643.0390625,62643.0390625,0
2026-06-09 10:52:00+00:00,62715.12109375,62744.55859375,62667.16015625,62667.16015625,0
2026-06-09 10:53:00+00:00,62654.98828125,62709.6015625,62654.98828125,62709.6015625,0
2026-06-09 10:54:00+00:00,62712.76953125,62735.05078125,62654.98828125,62654.98828125,0
2026-06-09 10:55:00+00:00,62747.23046875,62747.23046875,62711.33984375,62711.33984375,132745216
2026-06-09 10:56:00+00:00,62789.0390625,62789.0390625,62752.19140625,62752.19140625,0
2026-06-09 10:57:00+00:00,62759.73828125,62770.26171875,62759.73828125,62770.01953125,0
2026-06-09 10:58:00+00:00,62762.69140625,62762.69140625,62752.05859375,62757.0,0
2026-06-09 10:59:00+00:00,62748.73828125,62766.828125,62744.96875,62762.69140625,0
2026-06-09 11:00:00+00:00,62754.390625,62756.91015625,62738.21875,62748.21875,0
2026-06-09 11:01:00+00:00,62682.66015625,62742.01953125,62682.66015625,62742.01953125,4728832
2026-06-09 11:02:00+00:00,62649.171875,62676.4609375,62642.7890625,62676.4609375,0
2026-06-09 11:03:00+00:00,62558.44140625,62649.171875,62540.58984375,62649.171875,0
2026-06-09 11:04:00+00:00,62571.03125,62584.98828125,62558.390625,62584.98828125,1243136
2026-06-09 11:05:00+00:00,62562.46875,62587.98828125,62544.0,62563.98828125,0
2026-06-09 11:06:00+00:00,62590.78125,62590.78125,62545.2890625,62562.4609375,0
2026-06-09 11:07:00+00:00,62637.6015625,62637.6015625,62589.05078125,62589.05078125,3039232
2026-06-09 11:08:00+00:00,62621.98828125,62641.69140625,62616.37890625,62641.69140625,0
2026-06-09 11:09:00+00:00,62624.5703125,62627.98828125,62609.171875,62621.98828125,128817152
2026-06-09 11:10:00+00:00,62605.69140625,62622.0,62583.98828125,62618.08984375,0
2026-06-09 11:11:00+00:00,62571.80078125,62591.98046875,62555.73828125,62591.98046875,0
2026-06-09 11:12:00+00:00,62571.7890625,62583.73828125,62571.7890625,62571.80078125,10323968
2026-06-09 11:13:00+00:00,62554.01171875,62571.7890625,62545.640625,62571.7890625,0
2026-06-09 11:14:00+00:00,62489.96875,62553.96875,62489.96875,62553.96875,21571584
2026-06-09 11:15:00+00:00,62525.0,62532.0,62498.51953125,62505.01171875,0
2026-06-09 11:16:00+00:00,62510.6484375,62521.6484375,62503.609375,62516.30859375,0
2026-06-09 11:17:00+00:00,62507.33984375,62521.33984375,62493.53125,62496.1484375,0
2026-06-09 11:18:00+00:00,62509.98828125,62509.98828125,62493.66015625,62503.609375,0
2026-06-09 11:19:00+00:00,62500.4296875,62510.0,62496.80078125,62510.0,1433600
2026-06-09 11:20:00+00:00,62493.6796875,62514.8203125,62493.6796875,62500.4296875,0
2026-06-09 11:21:00+00:00,62462.578125,62497.83984375,62462.578125,62495.66015625,0
2026-06-09 11:22:00+00:00,62512.48828125,62512.5,62457.12890625,62467.30078125,38981632
2026-06-09 11:23:00+00:00,62553.8515625,62553.8515625,62498.8203125,62512.48828125,0
2026-06-09 11:24:00+00:00,62567.03125,62600.08984375,62559.37109375,62559.37109375,0
2026-06-09 11:25:00+00:00,62585.671875,62598.75,62571.69921875,62571.69921875,0
2026-06-09 11:26:00+00:00,62545.19140625,62585.671875,62534.78125,62585.671875,0
2026-06-09 11:27:00+00:00,62558.98046875,62558.98046875,62541.01953125,62548.359375,645707776
2026-06-09 11:28:00+00:00,62573.7890625,62574.46875,62551.96875,62558.98046875,985088
2026-06-09 11:29:00+00:00,62562.578125,62567.3984375,62554.12109375,62567.3984375,0
2026-06-09 11:30:00+00:00,62578.28125,62593.109375,62554.12109375,62554.12109375,0
2026-06-09 11:31:00+00:00,62550.53125,62600.30078125,62541.0,62574.1015625,0
2026-06-09 11:32:00+00:00,62564.7890625,62570.609375,62548.37890625,62550.5390625,0
2026-06-09 11:33:00+00:00,62571.55859375,62591.921875,62571.55859375,62581.9296875,0
2026-06-09 11:34:00+00:00,62581.2890625,62593.12109375,62576.41015625,62585.48828125,0
2026-06-09 11:35:00+00:00,62581.37890625,62581.37890625,62555.98046875,62581.2890625,8056832
2026-06-09 11:36:00+00:00,62562.0,62573.76953125,62554.19921875,62573.76953125,0
2026-06-09 11:37:00+00:00,62576.0,62578.19921875,62555.23046875,62558.390625,127631360
2026-06-09 11:38:00+00:00,62518.51953125,62553.2890625,62487.3984375,62553.2890625,14645248
2026-06-09 11:39:00+00:00,62542.05078125,62546.01171875,62514.0390625,62514.0390625,0
2026-06-09 11:40:00+00:00,62582.23046875,62582.23046875,62527.76171875,62527.76171875,0
2026-06-09 11:41:00+00:00,62588.1015625,62593.12109375,62575.078125,62582.58984375,0
2026-06-09 11:42:00+00:00,62608.05078125,62634.12109375,62598.01171875,62598.01171875,0
2026-06-09 11:43:00+00:00,62594.1015625,62615.98046875,62593.12890625,62610.4296875,0
2026-06-09 11:44:00+00:00,62595.41015625,62612.78125,62594.1015625,62594.1015625,0
2026-06-09 11:45:00+00:00,62604.30859375,62615.5,62592.80859375,62599.0703125,128190464
2026-06-09 11:46:00+00:00,62604.3203125,62620.30078125,62603.0,62615.51171875,0
2026-06-09 11:47:00+00:00,62606.7890625,62613.87109375,62596.41015625,62602.0,0
2026-06-09 11:48:00+00:00,62599.109375,62600.01171875,62578.80859375,62600.01171875,0
2026-06-09 11:49:00+00:00,62560.7109375,62599.1484375,62560.7109375,62599.1484375,0
2026-06-09 11:50:00+00:00,62593.359375,62593.359375,62556.390625,62557.7890625,0
2026-06-09 11:51:00+00:00,62605.98046875,62608.0390625,62595.6796875,62602.578125,0
2026-06-09 11:52:00+00:00,62591.12890625,62600.671875,62581.94140625,62600.671875,0
2026-06-09 11:53:00+00:00,62605.7890625,62605.7890625,62582.1015625,62582.71875,70850560
2026-06-09 11:54:00+00:00,62599.16015625,62609.98828125,62593.30078125,62609.98828125,0
2026-06-09 11:55:00+00:00,62557.0,62589.3984375,62556.01953125,62581.94140625,0
2026-06-09 11:56:00+00:00,62568.75,62568.75,62537.1796875,62554.26171875,0
2026-06-09 11:57:00+00:00,62605.390625,62605.390625,62577.30078125,62577.30078125,0
2026-06-09 11:58:00+00:00,62674.3515625,62674.3515625,62615.7890625,62615.7890625,0
2026-06-09 11:59:00+00:00,62673.3203125,62692.96875,62657.55078125,62675.98046875,0
2026-06-09 12:00:00+00:00,62661.62890625,62668.44921875,62657.55859375,62657.55859375,0
2026-06-09 12:01:00+00:00,62747.41015625,62748.08984375,62661.62109375,62661.62109375,54589440
2026-06-09 12:02:00+00:00,62735.19140625,62746.96875,62697.58984375,62736.5390625,0
2026-06-09 12:03:00+00:00,62809.73828125,62820.66015625,62731.109375,62731.109375,0
2026-06-09 12:04:00+00:00,62776.8203125,62809.73046875,62776.8203125,62805.73828125,0
2026-06-09 12:05:00+00:00,62754.44140625,62780.1796875,62727.3984375,62780.1796875,0
2026-06-09 12:06:00+00:00,62828.23828125,62828.23828125,62748.6796875,62753.91015625,0
2026-06-09 12:07:00+00:00,62831.859375,62858.0390625,62813.19921875,62820.01171875,0
2026-06-09 12:08:00+00:00,62811.828125,62860.109375,62809.078125,62829.890625,0
2026-06-09 12:09:00+00:00,62782.0,62824.5,62776.4296875,62817.98828125,0
2026-06-09 12:10:00+00:00,62778.12890625,62790.80859375,62761.03125,62785.48046875,0
2026-06-09 12:11:00+00:00,62771.078125,62786.08984375,62768.44921875,62786.08984375,0
2026-06-09 12:12:00+00:00,62721.91015625,62771.08984375,62706.0,62771.078125,0
2026-06-09 12:13:00+00:00,62696.0,62708.76171875,62690.12109375,62708.76171875,0
2026-06-09 12:14:00+00:00,62804.48046875,62804.48046875,62696.01171875,62696.01171875,0
2026-06-09 12:15:00+00:00,62786.30859375,62811.23046875,62772.828125,62811.23046875,0
2026-06-09 12:16:00+00:00,62723.6796875,62778.19140625,62723.6796875,62778.19140625,0
2026-06-09 12:17:00+00:00,62749.78125,62749.98828125,62708.76171875,62708.76171875,0
2026-06-09 12:18:00+00:00,62753.2890625,62757.03125,62731.98046875,62749.7890625,0
2026-06-09 12:19:00+00:00,62750.0,62765.66015625,62734.87890625,62750.0390625,0
2026-06-09 12:20:00+00:00,62727.41015625,62748.0,62727.41015625,62738.609375,355336192
2026-06-09 12:21:00+00:00,62701.03125,62725.0390625,62693.83984375,62721.25,0
2026-06-09 12:22:00+00:00,62705.03125,62708.75,62680.01171875,62704.16015625,124872704
2026-06-09 12:23:00+00:00,62630.01171875,62686.37890625,62628.62890625,62686.37890625,0
2026-06-09 12:24:00+00:00,62704.9609375,62704.9609375,62628.6015625,62631.0,0
2026-06-09 12:25:00+00:00,62697.55078125,62708.01171875,62674.5,62703.6015625,0
2026-06-09 12:26:00+00:00,62706.921875,62716.19921875,62694.578125,62702.0703125,0
2026-06-09 12:27:00+00:00,62637.01171875,62703.30859375,62637.01171875,62703.30859375,0
2026-06-09 12:28:00+00:00,62614.828125,62630.5703125,62603.87109375,62630.5703125,128577536
2026-06-09 12:29:00+00:00,62616.62890625,62629.08984375,62609.640625,62623.98828125,0
2026-06-09 12:30:00+00:00,62590.55859375,62609.1484375,62589.3984375,62597.578125,0
2026-06-09 12:31:00+00:00,62630.4296875,62630.4296875,62579.51953125,62588.2890625,0
2026-06-09 12:32:00+00:00,62607.0,62630.1484375,62593.25,62630.1484375,0
2026-06-09 12:33:00+00:00,62568.01953125,62606.9609375,62568.01953125,62606.9609375,0
2026-06-09 12:34:00+00:00,62541.0,62556.75,62529.3984375,62556.75,125442048
2026-06-09 12:35:00+00:00,62532.96875,62548.33984375,62505.98046875,62548.33984375,0
2026-06-09 12:36:00+00:00,62608.0390625,62626.01171875,62547.671875,62547.671875,81098752
2026-06-09 12:37:00+00:00,62549.7109375,62608.05859375,62544.640625,62608.0,122880
2026-06-09 12:38:00+00:00,62549.3203125,62564.69140625,62522.26953125,62549.6796875,0
2026-06-09 12:39:00+00:00,62555.3515625,62559.55859375,62540.0,62559.55078125,2832384
2026-06-09 12:40:00+00:00,62556.0703125,62574.48046875,62548.37109375,62555.8203125,0
2026-06-09 12:41:00+00:00,62543.80078125,62562.69140625,62519.28125,62562.69140625,0
2026-06-09 12:42:00+00:00,62529.71875,62546.609375,62529.71875,62543.80078125,0
2026-06-09 12:43:00+00:00,62481.328125,62537.171875,62481.328125,62529.12109375,126797824
2026-06-09 12:44:00+00:00,62480.5,62493.69921875,62480.01171875,62480.01171875,0
2026-06-09 12:45:00+00:00,62414.76953125,62473.12890625,62414.76953125,62469.5390625,0
2026-06-09 12:46:00+00:00,62486.37890625,62508.0,62403.94140625,62408.08984375,0
2026-06-09 12:47:00+00:00,62492.421875,62517.2890625,62477.51171875,62486.2109375,0
2026-06-09 12:48:00+00:00,62537.1484375,62546.1484375,62511.83984375,62511.83984375,0
2026-06-09 12:49:00+00:00,62532.6484375,62544.44140625,62501.7109375,62544.44140625,12431360
2026-06-09 12:50:00+00:00,62560.0,62560.0,62529.328125,62537.94140625,0
2026-06-09 12:51:00+00:00,62563.28125,62578.19921875,62537.80859375,62560.01171875,188108800
2026-06-09 12:52:00+00:00,62532.12890625,62547.73046875,62531.1484375,62545.5,0
2026-06-09 12:53:00+00:00,62535.69921875,62547.37109375,62514.80078125,62533.109375,0
2026-06-09 12:54:00+00:00,62543.140625,62555.2109375,62527.80859375,62540.8984375,8005632
2026-06-09 12:55:00+00:00,62552.7890625,62555.28125,62545.859375,62551.19140625,3543040
2026-06-09 12:56:00+00:00,62538.9296875,62559.55859375,62519.98828125,62552.78125,0
2026-06-09 12:57:00+00:00,62536.83984375,62547.73828125,62518.53125,62525.640625,0
2026-06-09 12:58:00+00:00,62517.671875,62539.078125,62514.80078125,62536.8203125,841728
2026-06-09 12:59:00+00:00,62589.48046875,62614.26171875,62529.9609375,62529.9609375,0
2026-06-09 13:00:00+00:00,62605.30078125,62696.9296875,62605.30078125,62634.1484375,0
2026-06-09 13:01:00+00:00,62583.98046875,62667.80078125,62568.6796875,62632.0,0
2026-06-09 13:02:00+00:00,62598.671875,62613.94140625,62590.0,62590.0,0
2026-06-09 13:03:00+00:00,62600.578125,62600.578125,62549.0703125,62591.26953125,0
2026-06-09 13:04:00+00:00,62552.6796875,62595.9609375,62546.4296875,62595.9609375,0
2026-06-09 13:05:00+00:00,62653.8984375,62653.8984375,62556.01171875,62556.01171875,30773248
2026-06-09 13:06:00+00:00,62651.48828125,62652.75,62628.578125,62652.75,0
2026-06-09 13:07:00+00:00,62621.26171875,62649.1015625,62601.98828125,62641.98046875,0
2026-06-09 13:08:00+00:00,62645.8984375,62649.0703125,62615.46875,62615.55859375,0
2026-06-09 13:09:00+00:00,62644.23046875,62645.8984375,62613.80078125,62645.8984375,3479552
2026-06-09 13:10:00+00:00,62637.890625,62647.359375,62624.421875,62629.671875,1814528
2026-06-09 13:11:00+00:00,62611.421875,62637.80078125,62610.0,62637.80078125,4007936
2026-06-09 13:12:00+00:00,62598.0,62614.19140625,62588.62890625,62614.19140625,0
2026-06-09 13:13:00+00:00,62524.7109375,62599.6015625,62522.41015625,62599.6015625,0
2026-06-09 13:14:00+00:00,62516.01171875,62522.26953125,62509.23828125,62522.26953125,81702912
2026-06-09 13:15:00+00:00,62477.5703125,62527.890625,62475.69140625,62518.640625,0
2026-06-09 13:16:00+00:00,62489.609375,62504.0,62488.75,62499.87890625,0
2026-06-09 13:17:00+00:00,62453.1796875,62502.01171875,62453.1796875,62489.51953125,0
2026-06-09 13:18:00+00:00,62416.6015625,62454.1015625,62412.5,62454.1015625,0
2026-06-09 13:19:00+00:00,62335.76953125,62411.4609375,62286.01171875,62409.328125,0
2026-06-09 13:20:00+00:00,62345.01953125,62386.41015625,62323.28125,62323.28125,0
2026-06-09 13:21:00+00:00,62309.8515625,62359.01953125,62309.8515625,62358.01171875,0
2026-06-09 13:22:00+00:00,62298.01953125,62312.3203125,62276.078125,62311.96875,0
2026-06-09 13:23:00+00:00,62258.4609375,62291.0,62238.76953125,62279.80859375,28686336
2026-06-09 13:24:00+00:00,62271.5703125,62298.46875,62267.01953125,62268.62109375,32686080
2026-06-09 13:25:00+00:00,62245.4296875,62266.01171875,62222.87890625,62265.16015625,11438080
2026-06-09 13:26:00+00:00,62234.25,62279.76171875,62234.23828125,62243.44140625,21209088
2026-06-09 13:27:00+00:00,62283.55078125,62308.0,62282.0,62282.0,0
2026-06-09 13:28:00+00:00,62269.96875,62285.91015625,62265.98046875,62271.98046875,0
2026-06-09 13:29:00+00:00,62295.8984375,62309.171875,62279.80859375,62279.80859375,38178816
2026-06-09 13:30:00+00:00,62282.30859375,62294.73046875,62242.51171875,62272.3515625,0
2026-06-09 13:31:00+00:00,62395.12890625,62395.12890625,62287.26171875,62308.80859375,10698752
2026-06-09 13:32:00+00:00,62405.98046875,62464.0,62397.01171875,62397.01171875,0
2026-06-09 13:33:00+00:00,62276.96875,62393.30859375,62276.96875,62389.05078125,0
2026-06-09 13:34:00+00:00,62265.30078125,62320.0,62251.109375,62286.6484375,108199936
2026-06-09 13:35:00+00:00,62267.23046875,62288.91015625,62253.69921875,62274.4609375,0
2026-06-09 13:36:00+00:00,62164.0,62283.98828125,62155.83984375,62283.98828125,0
2026-06-09 13:37:00+00:00,62137.83984375,62195.0,62117.30078125,62168.01171875,68173824
2026-06-09 13:38:00+00:00,62225.01171875,62225.01171875,62129.16015625,62129.16015625,0
2026-06-09 13:39:00+00:00,62160.44921875,62205.98828125,62160.44921875,62205.98828125,21325824
2026-06-09 13:40:00+00:00,62200.19140625,62201.46875,62123.30078125,62164.1796875,7890944
2026-06-09 13:41:00+00:00,62223.0703125,62236.0390625,62182.828125,62219.28125,16670720
2026-06-09 13:42:00+00:00,62356.21875,62373.05078125,62242.48046875,62242.48046875,3647488
2026-06-09 13:43:00+00:00,62317.48828125,62421.12890625,62317.48828125,62368.12109375,0
2026-06-09 13:44:00+00:00,62390.0,62399.96875,62333.66015625,62333.66015625,0
2026-06-09 13:45:00+00:00,62320.859375,62395.98828125,62320.01171875,62394.98828125,0
2026-06-09 13:46:00+00:00,62346.94140625,62365.58984375,62306.51953125,62323.62890625,0
2026-06-09 13:47:00+00:00,62354.01953125,62367.421875,62316.0,62355.3203125,735481856
2026-06-09 13:48:00+00:00,62431.8203125,62431.8203125,62365.98046875,62370.0,0
2026-06-09 13:49:00+00:00,62410.3515625,62484.94921875,62386.53125,62443.1796875,0
2026-06-09 13:50:00+00:00,62300.0,62396.26953125,62300.0,62396.26953125,14262272
2026-06-09 13:51:00+00:00,62379.1015625,62390.0,62285.9609375,62285.9609375,6520832
2026-06-09 13:52:00+00:00,62450.01171875,62480.55859375,62402.8984375,62421.5390625,0
2026-06-09 13:53:00+00:00,62362.5,62446.08984375,62362.5,62446.08984375,9193472
2026-06-09 13:54:00+00:00,62251.08984375,62358.0,62241.8515625,62356.69921875,0
2026-06-09 13:55:00+00:00,62294.73828125,62318.05859375,62272.37109375,62272.37109375,9410560
2026-06-09 13:56:00+00:00,62307.328125,62352.01953125,62291.0,62330.44921875,0
2026-06-09 13:57:00+00:00,62303.83984375,62317.0703125,62282.171875,62317.0703125,0
2026-06-09 13:58:00+00:00,62311.1015625,62346.109375,62311.1015625,62324.5703125,185796608
2026-06-09 13:59:00+00:00,62238.69140625,62339.48828125,62238.69140625,62328.28125,0
2026-06-09 14:00:00+00:00,62302.19140625,62302.19140625,62226.609375,62229.0,32499712
2026-06-09 14:01:00+00:00,62337.62890625,62354.12890625,62305.921875,62319.83984375,9984000
2026-06-09 14:02:00+00:00,62276.19140625,62328.01171875,62223.859375,62328.01171875,0
2026-06-09 14:03:00+00:00,62237.5,62310.01171875,62237.5,62292.0,0
2026-06-09 14:04:00+00:00,62158.33984375,62215.0,62100.33984375,62215.0,0
2026-06-09 14:05:00+00:00,62150.66015625,62181.0703125,62111.96875,62130.609375,125546496
2026-06-09 14:06:00+00:00,62093.98828125,62136.01171875,62072.94921875,62126.87890625,145250304
2026-06-09 14:07:00+00:00,62087.96875,62135.33984375,62067.69921875,62110.01171875,0
2026-06-09 14:08:00+00:00,62168.0390625,62204.5390625,62093.98828125,62121.1484375,47114240
2026-06-09 14:09:00+00:00,62092.73046875,62179.0703125,62089.78125,62179.0703125,0
2026-06-09 14:10:00+00:00,62040.01171875,62091.8984375,62040.01171875,62091.8984375,0
2026-06-09 14:11:00+00:00,62055.8984375,62079.96875,61972.4296875,62030.140625,0
2026-06-09 14:12:00+00:00,62063.46875,62064.0,61984.75,62060.01171875,120438784
2026-06-09 14:13:00+00:00,62000.05859375,62115.69140625,61970.21875,62080.01171875,24543232
2026-06-09 14:14:00+00:00,61966.44921875,62013.58984375,61955.69921875,61998.4296875,0
2026-06-09 14:15:00+00:00,61939.5,62034.30859375,61939.5,61958.0,0
2026-06-09 14:16:00+00:00,61879.0,61938.0,61867.421875,61938.0,0
2026-06-09 14:17:00+00:00,61839.3515625,61870.03125,61809.828125,61854.01171875,298919936
2026-06-09 14:18:00+00:00,61752.9609375,61844.0,61740.0,61844.0,5236736
2026-06-09 14:19:00+00:00,61784.01171875,61817.62890625,61727.87890625,61787.44140625,0
2026-06-09 14:20:00+00:00,61692.0,61780.98046875,61685.91015625,61758.01171875,0
2026-06-09 14:21:00+00:00,61631.98828125,61690.4609375,61606.0,61683.0703125,299044864
2026-06-09 14:22:00+00:00,61787.0,61787.0,61628.921875,61658.28125,56655872
2026-06-09 14:23:00+00:00,61733.0,61791.01171875,61709.1484375,61763.5390625,81129472
2026-06-09 14:24:00+00:00,61755.0,61755.0,61680.01171875,61750.0,58779648
2026-06-09 14:25:00+00:00,61802.0,61802.0,61684.0,61757.609375,6395904
2026-06-09 14:26:00+00:00,61769.71875,61858.3203125,61763.48046875,61795.12890625,0
2026-06-09 14:27:00+00:00,61711.0,61752.1796875,61700.01171875,61745.23046875,0
2026-06-09 14:28:00+00:00,61645.9609375,61763.890625,61645.9609375,61720.0,0
2026-06-09 14:29:00+00:00,61551.76953125,61663.0,61520.0,61653.2890625,529795072
2026-06-09 14:30:00+00:00,61463.1796875,61550.0,61463.1796875,61550.0,5140480
2026-06-09 14:31:00+00:00,61522.609375,61522.609375,61463.48046875,61465.01953125,0
2026-06-09 14:32:00+00:00,61575.05078125,61584.01171875,61505.28125,61506.1796875,5828608
2026-06-09 14:33:00+00:00,61543.05078125,61584.80859375,61525.921875,61584.80859375,10563584
2026-06-09 14:34:00+00:00,61503.921875,61623.328125,61503.921875,61537.5390625,65536
2026-06-09 14:35:00+00:00,61412.25,61509.78125,61404.01171875,61509.78125,0
2026-06-09 14:36:00+00:00,61441.7890625,61441.7890625,61363.98828125,61422.1484375,0
2026-06-09 14:37:00+00:00,61457.859375,61457.859375,61388.33984375,61442.80859375,83326976
2026-06-09 14:38:00+00:00,61392.01953125,61476.0,61362.21875,61476.0,145367040
2026-06-09 14:39:00+00:00,61386.08984375,61425.0,61337.21875,61405.41015625,18350080
2026-06-09 14:40:00+00:00,61456.01171875,61456.01171875,61348.0,61406.98046875,5439488
2026-06-09 14:41:00+00:00,61456.01953125,61479.8984375,61410.078125,61479.8984375,0
2026-06-09 14:42:00+00:00,61378.0,61449.1796875,61378.0,61417.53125,0
2026-06-09 14:43:00+00:00,61299.8203125,61365.03125,61299.8203125,61365.03125,0
2026-06-09 14:44:00+00:00,61312.1484375,61348.73828125,61273.30859375,61312.0,0
2026-06-09 14:45:00+00:00,61291.890625,61306.30078125,61281.26171875,61281.26171875,100644864
2026-06-09 14:46:00+00:00,61249.62109375,61298.078125,61216.9609375,61286.0,74295296
2026-06-09 14:47:00+00:00,61112.01171875,61258.171875,61112.01171875,61217.0,0
2026-06-09 14:48:00+00:00,61160.21875,61210.01953125,61145.8203125,61149.4296875,186867712
2026-06-09 14:49:00+00:00,61172.578125,61205.0,61152.75,61168.26953125,10170368
2026-06-09 14:50:00+00:00,61172.12890625,61179.4609375,61145.76953125,61145.76953125,0
2026-06-09 14:51:00+00:00,61248.28125,61248.28125,61183.19140625,61227.94140625,179519488
2026-06-09 14:52:00+00:00,61262.01953125,61310.01171875,61262.01953125,61278.51171875,0
2026-06-09 14:53:00+00:00,61234.98828125,61274.66015625,61208.171875,61272.671875,145635328
2026-06-09 14:54:00+00:00,61280.12890625,61321.26953125,61245.44921875,61245.44921875,0
2026-06-09 14:55:00+00:00,61294.30859375,61300.0,61281.96875,61285.98046875,12584960
2026-06-09 14:56:00+00:00,61279.8203125,61373.83984375,61279.8203125,61307.05078125,10584064
2026-06-09 14:57:00+00:00,61382.46875,61388.6484375,61317.03125,61317.03125,0
2026-06-09 14:58:00+00:00,61423.640625,61423.640625,61358.921875,61377.51171875,29612032
2026-06-09 14:59:00+00:00,61490.421875,61490.421875,61415.98828125,61418.12109375,39761920
2026-06-09 15:00:00+00:00,61413.12109375,61503.9609375,61391.421875,61503.9609375,696320
2026-06-09 15:01:00+00:00,61345.2109375,61400.05078125,61345.2109375,61400.05078125,4048896
2026-06-09 15:02:00+00:00,61324.9296875,61355.46875,61284.08984375,61355.46875,0
2026-06-09 15:03:00+00:00,61399.53125,61455.48046875,61332.46875,61332.46875,0
2026-06-09 15:04:00+00:00,61392.0703125,61418.171875,61365.4609375,61407.640625,0
2026-06-09 15:05:00+00:00,61360.69140625,61408.890625,61336.171875,61395.7890625,151187456
2026-06-09 15:06:00+00:00,61426.0,61466.66015625,61360.859375,61366.0,0
2026-06-09 15:07:00+00:00,61500.23046875,61500.23046875,61397.98828125,61435.4609375,12967936
2026-06-09 15:08:00+00:00,61540.75,61546.53125,61508.0,61517.890625,0
2026-06-09 15:09:00+00:00,61641.23046875,61641.23046875,61545.0,61552.78125,167903232
2026-06-09 15:10:00+00:00,61605.96875,61650.421875,61580.0390625,61650.421875,0
2026-06-09 15:11:00+00:00,61582.30078125,61623.3203125,61562.890625,61610.8203125,0
2026-06-09 15:12:00+00:00,61508.03125,61570.03125,61495.12890625,61570.03125,15857664
2026-06-09 15:13:00+00:00,61626.03125,61626.03125,61504.37109375,61504.37109375,0
2026-06-09 15:14:00+00:00,61593.5,61650.8515625,61593.5,61630.78125,161376256
2026-06-09 15:15:00+00:00,61586.03125,61649.66015625,61586.03125,61586.03125,0
2026-06-09 15:16:00+00:00,61582.30078125,61630.73828125,61580.0,61627.05078125,0
2026-06-09 15:17:00+00:00,61547.62890625,61610.01953125,61543.98046875,61610.01953125,0
2026-06-09 15:18:00+00:00,61537.5703125,61597.25,61537.5703125,61558.9296875,0
2026-06-09 15:19:00+00:00,61518.890625,61569.98828125,61518.890625,61535.5,0
2026-06-09 15:20:00+00:00,61574.87109375,61600.94921875,61518.91015625,61529.1796875,0
2026-06-09 15:21:00+00:00,61557.9296875,61567.9609375,61534.0,61560.7890625,116144128
2026-06-09 15:22:00+00:00,61402.12890625,61529.98828125,61402.12890625,61529.98828125,0
2026-06-09 15:23:00+00:00,61345.28125,61436.828125,61338.1015625,61422.0,0
2026-06-09 15:24:00+00:00,61395.75,61421.8984375,61375.5,61375.5,0
2026-06-09 15:25:00+00:00,61410.71875,61444.48046875,61369.921875,61389.8515625,0
2026-06-09 15:26:00+00:00,61403.46875,61431.859375,61398.390625,61414.08984375,0
2026-06-09 15:27:00+00:00,61382.55078125,61403.328125,61313.75,61403.328125,0
2026-06-09 15:28:00+00:00,61312.87109375,61370.78125,61310.01953125,61347.30859375,0
2026-06-09 15:29:00+00:00,61265.25,61306.28125,61251.96875,61306.28125,0
2026-06-09 15:30:00+00:00,61352.5703125,61368.66015625,61293.96875,61314.609375,90759168
2026-06-09 15:31:00+00:00,61257.75,61318.01171875,61246.6015625,61315.98828125,0
2026-06-09 15:32:00+00:00,61193.6796875,61315.98828125,61193.6796875,61308.171875,0
2026-06-09 15:33:00+00:00,61224.23046875,61248.3203125,61182.76953125,61194.37109375,0
2026-06-09 15:34:00+00:00,61324.9296875,61324.9296875,61272.76171875,61272.76171875,0
2026-06-09 15:35:00+00:00,61365.9296875,61365.9296875,61280.16015625,61312.0,0
2026-06-09 15:36:00+00:00,61286.25,61317.30078125,61250.0,61298.8203125,0
2026-06-09 15:37:00+00:00,61238.0703125,61283.87109375,61232.640625,61270.140625,122314752
2026-06-09 15:38:00+00:00,61188.01953125,61239.12890625,61174.0,61239.12890625,104222720
2026-06-09 15:39:00+00:00,61286.8984375,61311.9296875,61220.48046875,61220.48046875,0
2026-06-09 15:40:00+00:00,61285.01953125,61363.08984375,61284.08984375,61284.08984375,0
2026-06-09 15:41:00+00:00,61312.0,61312.0,61257.25,61257.25,0
2026-06-09 15:42:00+00:00,61364.140625,61369.62890625,61300.109375,61300.109375,0
2026-06-09 15:43:00+00:00,61320.01171875,61369.69140625,61306.01171875,61369.69140625,0
2026-06-09 15:44:00+00:00,61261.53125,61324.890625,61258.28125,61324.890625,0
2026-06-09 15:45:00+00:00,61209.98828125,61329.6015625,61209.91015625,61295.01171875,0
2026-06-09 15:46:00+00:00,61209.328125,61236.91015625,61181.078125,61224.2109375,115005440
2026-06-09 15:47:00+00:00,61198.55078125,61261.62109375,61198.55078125,61209.2890625,0
2026-06-09 15:48:00+00:00,61238.87109375,61244.0,61209.890625,61220.48046875,0
2026-06-09 15:49:00+00:00,61295.6015625,61297.98046875,61247.96875,61247.96875,187858944
2026-06-09 15:50:00+00:00,61218.0,61286.0,61207.078125,61283.8984375,0
2026-06-09 15:51:00+00:00,61327.3984375,61327.3984375,61207.44140625,61227.46875,0
2026-06-09 15:52:00+00:00,61262.0,61362.30078125,61262.0,61324.9296875,113831936
2026-06-09 15:53:00+00:00,61231.6796875,61262.4296875,61210.0,61247.6015625,0
2026-06-09 15:54:00+00:00,61163.19921875,61231.69921875,61163.19921875,61231.69921875,129148928
2026-06-09 15:55:00+00:00,61101.12890625,61168.4296875,61101.12890625,61158.33984375,0
2026-06-09 15:56:00+00:00,61036.48828125,61181.4296875,61036.48828125,61121.62890625,0
2026-06-09 15:57:00+00:00,61022.78125,61037.7109375,60979.80078125,61037.7109375,25593856
2026-06-09 15:58:00+00:00,61077.5703125,61077.5703125,61025.98046875,61025.98046875,17346560
2026-06-09 15:59:00+00:00,61076.51953125,61117.30859375,61076.51953125,61088.87890625,0
2026-06-09 16:00:00+00:00,61143.6796875,61144.0,61063.0,61063.0,10967040
2026-06-09 16:01:00+00:00,61106.9609375,61158.44140625,61089.94140625,61149.62109375,0
2026-06-09 16:02:00+00:00,61057.75,61135.62890625,61054.0390625,61100.140625,6156288
2026-06-09 16:03:00+00:00,61020.01171875,61076.0,61020.01171875,61035.51171875,18487296
2026-06-09 16:04:00+00:00,60998.44140625,61024.0,60994.0,61015.33984375,10059776
2026-06-09 16:05:00+00:00,60946.0,60982.1015625,60927.69140625,60964.0,3454976
2026-06-09 16:06:00+00:00,60941.83984375,60956.3515625,60895.0,60956.3515625,0
2026-06-09 16:07:00+00:00,60948.4296875,61010.0,60936.41015625,61000.0,27072512
2026-06-09 16:08:00+00:00,60886.0,60948.01171875,60886.0,60948.01171875,57004032
2026-06-09 16:09:00+00:00,60949.98046875,60983.1484375,60881.37109375,60910.890625,19277824
2026-06-09 16:10:00+00:00,60922.16015625,60975.1015625,60898.01171875,60951.94140625,1282048
2026-06-09 16:11:00+00:00,61058.0,61058.0,60940.73828125,60940.73828125,0
2026-06-09 16:12:00+00:00,61010.01171875,61074.51171875,61010.01171875,61057.609375,109295616
2026-06-09 16:13:00+00:00,61040.5,61043.75,60986.9296875,61026.12890625,0
2026-06-09 16:14:00+00:00,60946.05859375,61020.44921875,60938.62890625,61020.44921875,345567232
2026-06-09 16:15:00+00:00,60911.19921875,60964.98828125,60911.19921875,60957.3984375,15026176
2026-06-09 16:16:00+00:00,60948.80078125,60959.578125,60918.30078125,60932.73828125,12414976
2026-06-09 16:17:00+00:00,60889.21875,60937.37109375,60868.0,60937.37109375,0
2026-06-09 16:18:00+00:00,60942.98046875,60972.01171875,60917.98046875,60922.03125,132046848
2026-06-09 16:19:00+00:00,60818.55078125,60935.98046875,60818.55078125,60935.98046875,11626496
2026-06-09 16:20:00+00:00,60892.0390625,60892.0390625,60795.26953125,60838.87890625,166680576
2026-06-09 16:21:00+00:00,60928.78125,60933.41015625,60841.0,60875.0390625,0
2026-06-09 16:22:00+00:00,60942.5,60952.48828125,60896.2890625,60932.0,0
2026-06-09 16:23:00+00:00,60974.921875,60999.71875,60910.0,60937.01171875,356210688
2026-06-09 16:24:00+00:00,60966.8515625,61026.0,60959.390625,60971.58984375,0
2026-06-09 16:25:00+00:00,60987.9609375,61052.01953125,60966.83984375,60966.83984375,0
2026-06-09 16:26:00+00:00,60861.1484375,60962.0,60861.1484375,60962.0,254109696
2026-06-09 16:27:00+00:00,60920.0703125,60939.98046875,60864.0,60864.0,0
2026-06-09 16:28:00+00:00,60959.01953125,60986.55859375,60915.48046875,60927.98828125,14995456
2026-06-09 16:29:00+00:00,60979.890625,60987.03125,60949.98828125,60965.03125,0
2026-06-09 16:30:00+00:00,60987.171875,60987.171875,60948.19921875,60965.91015625,13615104
2026-06-09 16:31:00+00:00,60989.23828125,61034.23046875,60960.01953125,61004.0,6797312
2026-06-09 16:32:00+00:00,61080.0,61096.0,60996.0,60996.0,0
2026-06-09 16:33:00+00:00,61109.91015625,61127.30859375,61088.171875,61088.171875,45969408
2026-06-09 16:34:00+00:00,61078.62109375,61125.76171875,61065.98046875,61107.30859375,0
2026-06-09 16:35:00+00:00,61179.98828125,61179.98828125,61071.0,61073.96875,86040576
2026-06-09 16:36:00+00:00,61239.19140625,61262.0,61138.0,61138.0,0
2026-06-09 16:37:00+00:00,61231.12109375,61255.1015625,61208.53125,61238.16015625,140068864
2026-06-09 16:38:00+00:00,60851.21875,61222.0,60846.44921875,61222.0,0
2026-06-09 16:39:00+00:00,60774.328125,60855.01171875,60743.05078125,60855.01171875,275118080
2026-06-09 16:40:00+00:00,60840.03125,60840.03125,60745.23046875,60759.8515625,150585344
2026-06-09 16:41:00+00:00,60974.0,60992.0,60835.23046875,60835.23046875,5347328
2026-06-09 16:42:00+00:00,61030.390625,61066.3984375,60946.12890625,60972.12109375,170881024
2026-06-09 16:43:00+00:00,61119.19921875,61119.19921875,61017.96875,61017.96875,0
2026-06-09 16:44:00+00:00,61200.03125,61200.03125,61067.51953125,61112.96875,165292032
2026-06-09 16:45:00+00:00,61302.01171875,61358.890625,61198.37890625,61200.828125,18010112
2026-06-09 16:46:00+00:00,61244.01171875,61280.16015625,61219.48046875,61275.33984375,142018560
2026-06-09 16:47:00+00:00,61355.0,61355.0,61223.05859375,61259.390625,0
2026-06-09 16:48:00+00:00,61272.9296875,61311.109375,61249.3984375,61283.8984375,0
2026-06-09 16:49:00+00:00,61292.51953125,61305.23828125,61215.23046875,61258.53125,112275456
2026-06-09 16:50:00+00:00,61269.8203125,61317.46875,61254.05859375,61317.46875,209903616
2026-06-09 16:51:00+00:00,61291.37109375,61321.19921875,61261.51953125,61290.01953125,0
2026-06-09 16:52:00+00:00,61130.96875,61289.33984375,61130.96875,61289.33984375,126738432
2026-06-09 16:53:00+00:00,61227.1015625,61227.1015625,61131.9609375,61132.0,0
2026-06-09 16:54:00+00:00,61129.12890625,61216.0,61122.0,61216.0,0
2026-06-09 16:55:00+00:00,61274.0,61274.0,61117.1796875,61142.0,0
2026-06-09 16:56:00+00:00,61260.0,61286.96875,61230.01171875,61270.01171875,561528832
2026-06-09 16:57:00+00:00,61298.8203125,61326.48828125,61265.25,61275.01171875,0
2026-06-09 16:58:00+00:00,61381.1796875,61384.55859375,61291.12109375,61291.12109375,29569024
2026-06-09 16:59:00+00:00,61336.078125,61408.0,61331.890625,61400.0,0
2026-06-09 17:00:00+00:00,61357.5703125,61373.94921875,61342.37109375,61342.37109375,0
2026-06-09 17:01:00+00:00,61424.41015625,61436.9296875,61397.1015625,61398.828125,12300288
2026-06-09 17:02:00+00:00,61448.16015625,61470.390625,61435.01171875,61435.01171875,191037440
2026-06-09 17:03:00+00:00,61549.921875,61562.078125,61462.0,61462.0,107548672
2026-06-09 17:04:00+00:00,61591.1796875,61619.6015625,61531.87109375,61540.01953125,0
2026-06-09 17:05:00+00:00,61526.33984375,61619.58984375,61492.78125,61578.578125,0
2026-06-09 17:06:00+00:00,61488.87109375,61530.46875,61474.0,61530.46875,86872064
2026-06-09 17:07:00+00:00,61437.73828125,61503.96875,61437.73828125,61486.01171875,9953280
2026-06-09 17:08:00+00:00,61395.80859375,61424.859375,61388.0,61423.98828125,77856768
2026-06-09 17:09:00+00:00,61471.33984375,61471.609375,61395.28125,61407.5703125,0
2026-06-09 17:10:00+00:00,61362.69140625,61468.6796875,61351.03125,61468.6796875,153284608
2026-06-09 17:11:00+00:00,61489.94140625,61489.94140625,61389.87109375,61389.87109375,128057344
2026-06-09 17:12:00+00:00,61464.08984375,61494.0,61449.96875,61485.3203125,8318976
2026-06-09 17:13:00+00:00,61528.78125,61528.78125,61485.3203125,61485.3203125,17690624
2026-06-09 17:14:00+00:00,61557.01171875,61604.01953125,61522.73046875,61540.01171875,7073792
2026-06-09 17:15:00+00:00,61548.73828125,61582.12890625,61537.55078125,61551.46875,0
2026-06-09 17:16:00+00:00,61608.6015625,61617.98828125,61539.23828125,61539.23828125,0
2026-06-09 17:17:00+00:00,61706.44921875,61737.0,61592.25,61592.25,52137984
2026-06-09 17:18:00+00:00,61799.69921875,61811.73046875,61708.0,61727.23046875,137756672
2026-06-09 17:19:00+00:00,61784.01171875,61806.01171875,61754.328125,61804.0390625,0
2026-06-09 17:20:00+00:00,61761.328125,61817.2890625,61753.46875,61765.890625,0
2026-06-09 17:21:00+00:00,61776.25,61824.0,61735.23046875,61785.98828125,232083456
2026-06-09 17:22:00+00:00,61698.01171875,61792.078125,61683.01171875,61792.078125,22003712
2026-06-09 17:23:00+00:00,61691.1484375,61742.9296875,61691.1484375,61692.01171875,53456896
2026-06-09 17:24:00+00:00,61705.21875,61743.33984375,61683.01171875,61716.48046875,45338624
2026-06-09 17:25:00+00:00,61635.3203125,61695.1015625,61627.05859375,61695.1015625,0
2026-06-09 17:26:00+00:00,61667.5390625,61695.87890625,61634.51171875,61634.51171875,16654336
2026-06-09 17:27:00+00:00,61738.94921875,61738.94921875,61675.87109375,61675.87109375,179445760
2026-06-09 17:28:00+00:00,61710.98046875,61746.41015625,61710.98046875,61735.1796875,2416640
2026-06-09 17:29:00+00:00,61696.69140625,61715.7109375,61679.26953125,61705.3984375,71204864
2026-06-09 17:30:00+00:00,61661.8515625,61735.1796875,61661.8515625,61699.91015625,0
2026-06-09 17:31:00+00:00,61683.01171875,61711.94921875,61641.98046875,61649.05078125,0
2026-06-09 17:32:00+00:00,61717.37109375,61717.37109375,61678.28125,61679.30859375,198471680
2026-06-09 17:33:00+00:00,61752.05859375,61752.05859375,61718.859375,61718.859375,3657728
2026-06-09 17:34:00+00:00,61761.328125,61786.58984375,61738.9609375,61762.05859375,0
2026-06-09 17:35:00+00:00,61701.671875,61757.62109375,61686.73828125,61757.62109375,402259968
2026-06-09 17:36:00+00:00,61710.83984375,61710.83984375,61675.55078125,61708.76953125,0
2026-06-09 17:37:00+00:00,61697.96875,61748.5703125,61697.96875,61710.87890625,33312768
2026-06-09 17:38:00+00:00,61708.53125,61716.5703125,61669.96875,61671.98046875,56979456
2026-06-09 17:39:00+00:00,61679.2890625,61712.8515625,61670.03125,61712.8515625,0
2026-06-09 17:40:00+00:00,61754.53125,61756.8203125,61680.640625,61682.140625,132489216
2026-06-09 17:41:00+00:00,61742.83984375,61768.80078125,61731.8515625,61750.1015625,0
2026-06-09 17:42:00+00:00,61729.4609375,61753.87109375,61697.9296875,61743.4609375,100491264
2026-06-09 17:43:00+00:00,61716.578125,61761.05859375,61716.578125,61745.48828125,0
2026-06-09 17:44:00+00:00,61637.8984375,61724.01953125,61637.8984375,61716.58984375,126775296
2026-06-09 17:45:00+00:00,61641.76953125,61641.76953125,61613.0,61640.78125,0
2026-06-09 17:46:00+00:00,61598.30859375,61647.25,61598.30859375,61641.578125,0
2026-06-09 17:47:00+00:00,61587.41015625,61609.8984375,61585.5390625,61597.7890625,87552000
2026-06-09 17:48:00+00:00,61546.890625,61596.359375,61546.5390625,61596.359375,15851520
2026-06-09 17:49:00+00:00,61577.8984375,61577.8984375,61545.69921875,61559.921875,14163968
2026-06-09 17:50:00+00:00,61645.6796875,61645.6796875,61588.12109375,61588.12109375,0
2026-06-09 17:51:00+00:00,61797.76953125,61799.98828125,61649.44140625,61660.62109375,124821504
2026-06-09 17:52:00+00:00,61718.28125,61772.53125,61712.83984375,61772.53125,0
2026-06-09 17:53:00+00:00,61627.01953125,61690.46875,61611.5390625,61690.46875,0
2026-06-09 17:54:00+00:00,61664.359375,61676.828125,61618.109375,61639.98828125,332828672
2026-06-09 17:55:00+00:00,61671.8203125,61701.51171875,61671.8203125,61671.921875,0
2026-06-09 17:56:00+00:00,61679.26953125,61686.1015625,61653.2109375,61680.05859375,155045888
2026-06-09 17:57:00+00:00,61664.05078125,61691.26953125,61645.73046875,61664.359375,0
2026-06-09 17:58:00+00:00,61668.12109375,61689.69140625,61668.08984375,61683.078125,25329664
2026-06-09 17:59:00+00:00,61637.71875,61676.58984375,61630.80078125,61659.21875,0
2026-06-09 18:00:00+00:00,61669.05859375,61684.3203125,61646.578125,61658.3515625,141705216
2026-06-09 18:01:00+00:00,61675.55078125,61705.41015625,61666.44140625,61666.44140625,0
2026-06-09 18:02:00+00:00,61632.69921875,61649.44140625,61626.71875,61633.66015625,0
2026-06-09 18:03:00+00:00,61562.41015625,61605.5,61559.9296875,61601.0,184238080
2026-06-09 18:04:00+00:00,61656.91015625,61664.359375,61572.8203125,61572.8203125,120668160
2026-06-09 18:05:00+00:00,61660.62109375,61660.62109375,61637.1484375,61651.23046875,29609984
2026-06-09 18:06:00+00:00,61704.1015625,61706.78125,61636.1484375,61649.48828125,15253504
2026-06-09 18:07:00+00:00,61779.91015625,61779.91015625,61689.9296875,61697.9296875,0
2026-06-09 18:08:00+00:00,61758.28125,61767.609375,61730.0,61757.58984375,0
2026-06-09 18:09:00+00:00,61764.0,61764.0,61732.41015625,61755.21875,0
2026-06-09 18:10:00+00:00,61671.8984375,61756.73828125,61665.55859375,61756.73828125,37433344
2026-06-09 18:11:00+00:00,61652.6015625,61681.5,61619.6015625,61672.078125,0
2026-06-09 18:12:00+00:00,61670.7109375,61677.98828125,61634.51953125,61634.51953125,0
2026-06-09 18:13:00+00:00,61671.8515625,61671.8515625,61645.921875,61669.6796875,0
2026-06-09 18:14:00+00:00,61699.73828125,61710.0,61664.359375,61664.359375,247984128
2026-06-09 18:15:00+00:00,61683.30859375,61694.80078125,61664.359375,61687.80859375,0
2026-06-09 18:16:00+00:00,61669.53125,61697.921875,61669.53125,61690.4609375,0
2026-06-09 18:17:00+00:00,61709.1015625,61742.9296875,61658.55078125,61678.87109375,131321856
2026-06-09 18:18:00+00:00,61868.8984375,61868.8984375,61709.05078125,61709.05078125,0
2026-06-09 18:19:00+00:00,61888.12890625,61893.16015625,61856.91015625,61873.83984375,135831552
2026-06-09 18:20:00+00:00,61789.390625,61897.08984375,61789.390625,61897.08984375,0
2026-06-09 18:21:00+00:00,61723.55078125,61821.01171875,61723.55078125,61820.46875,0
2026-06-09 18:22:00+00:00,61793.87890625,61809.8203125,61719.98828125,61738.94921875,157085696
2026-06-09 18:23:00+00:00,61732.78125,61782.3984375,61698.98828125,61782.3984375,0
2026-06-09 18:24:00+00:00,61738.76953125,61768.2890625,61733.609375,61733.609375,175226880
2026-06-09 18:25:00+00:00,61671.828125,61748.37890625,61671.828125,61748.37890625,23388160
2026-06-09 18:26:00+00:00,61619.640625,61681.23046875,61618.7890625,61677.76171875,175628288
2026-06-09 18:27:00+00:00,61685.83984375,61685.83984375,61618.16015625,61623.3203125,0
2026-06-09 18:28:00+00:00,61701.671875,61720.30078125,61660.58984375,61675.76953125,0
2026-06-09 18:29:00+00:00,61676.80078125,61712.08984375,61675.55078125,61709.41015625,0
2026-06-09 18:30:00+00:00,61694.16015625,61750.140625,61673.73046875,61673.73046875,76185600
2026-06-09 18:31:00+00:00,61697.69921875,61724.03125,61689.359375,61708.55078125,0
2026-06-09 18:32:00+00:00,61629.30078125,61679.28125,61629.30078125,61679.28125,209522688
2026-06-09 18:33:00+00:00,61705.7890625,61712.828125,61645.53125,61645.53125,73728
2026-06-09 18:34:00+00:00,61695.53125,61710.2890625,61671.8203125,61701.69921875,0
2026-06-09 18:35:00+00:00,61683.8203125,61710.2890625,61683.8203125,61710.2890625,0
2026-06-09 18:36:00+00:00,61757.6015625,61757.6015625,61683.51953125,61683.51953125,135917568
2026-06-09 18:37:00+00:00,61717.01171875,61757.4296875,61716.4296875,61746.421875,9818112
2026-06-09 18:38:00+00:00,61702.19140625,61734.171875,61688.76171875,61731.48828125,0
2026-06-09 18:39:00+00:00,61696.05078125,61734.05078125,61696.05078125,61707.3984375,0
2026-06-09 18:40:00+00:00,61683.8984375,61704.01953125,61664.4609375,61695.078125,16310272
2026-06-09 18:41:00+00:00,61657.05859375,61686.73046875,61653.4296875,61675.55859375,31973376
2026-06-09 18:42:00+00:00,61619.25,61665.28125,61619.25,61662.6796875,138530816
2026-06-09 18:43:00+00:00,61626.83984375,61626.83984375,61607.921875,61617.921875,0
2026-06-09 18:44:00+00:00,61539.94140625,61624.01171875,61539.94140625,61624.01171875,128344064
2026-06-09 18:45:00+00:00,61611.3984375,61611.3984375,61557.05859375,61557.05859375,0
2026-06-09 18:46:00+00:00,61587.078125,61602.76953125,61587.078125,61597.21875,10264576
2026-06-09 18:47:00+00:00,61600.9296875,61627.1015625,61584.2109375,61584.2109375,0
2026-06-09 18:48:00+00:00,61600.1796875,61630.171875,61598.69921875,61608.3984375,33484800
2026-06-09 18:49:00+00:00,61604.671875,61615.859375,61600.6484375,61605.44921875,0
2026-06-09 18:50:00+00:00,61623.28125,61633.75,61608.5,61615.859375,0
2026-06-09 18:51:00+00:00,61675.55078125,61689.66015625,61623.28125,61623.28125,160456704
2026-06-09 18:52:00+00:00,61683.3203125,61696.5703125,61650.98046875,61656.8984375,9252864
2026-06-09 18:53:00+00:00,61676.78125,61679.26171875,61638.25,61658.19140625,0
2026-06-09 18:54:00+00:00,61615.80859375,61694.73046875,61612.6015625,61676.87109375,36392960
2026-06-09 18:55:00+00:00,61660.62890625,61673.828125,61628.1796875,61628.1796875,0
2026-06-09 18:56:00+00:00,61686.73046875,61689.8203125,61660.5,61663.9296875,65241088
2026-06-09 18:57:00+00:00,61729.1796875,61740.4609375,61724.03125,61724.0390625,393216
2026-06-09 18:58:00+00:00,61739.80078125,61753.87109375,61733.44140625,61733.44140625,0
2026-06-09 18:59:00+00:00,61731.5,61774.58984375,61731.5,61750.140625,0
2026-06-09 19:00:00+00:00,61701.69921875,61724.0390625,61685.0,61724.0390625,0
2026-06-09 19:01:00+00:00,61724.6015625,61724.6015625,61683.609375,61711.6015625,163143680
2026-06-09 19:02:00+00:00,61737.80859375,61750.1484375,61723.51953125,61723.51953125,905220096
2026-06-09 19:03:00+00:00,61736.51171875,61736.51953125,61722.94140625,61726.3984375,0
2026-06-09 19:04:00+00:00,61823.640625,61823.640625,61750.3515625,61750.3515625,0
2026-06-09 19:05:00+00:00,61813.1484375,61862.0390625,61812.33984375,61819.37109375,366772224
2026-06-09 19:06:00+00:00,61754.87890625,61793.0703125,61747.53125,61793.0703125,0
2026-06-09 19:07:00+00:00,61794.91015625,61809.8203125,61765.96875,61787.44140625,7000064
2026-06-09 19:08:00+00:00,61785.609375,61813.26171875,61776.26171875,61796.5,26677248
2026-06-09 19:09:00+00:00,61777.359375,61815.5,61768.87890625,61806.1015625,14733312
2026-06-09 19:10:00+00:00,61742.87109375,61769.96875,61738.9296875,61769.96875,0
2026-06-09 19:11:00+00:00,61736.5390625,61763.921875,61733.73046875,61748.05078125,0
2026-06-09 19:12:00+00:00,61757.08984375,61777.140625,61757.08984375,61757.6015625,43855872
2026-06-09 19:13:00+00:00,61752.58984375,61779.98046875,61752.58984375,61753.8984375,5033984
2026-06-09 19:14:00+00:00,61720.26953125,61754.87109375,61720.26953125,61754.87109375,12529664
2026-06-09 19:15:00+00:00,61689.55859375,61732.51953125,61686.62109375,61728.328125,0
2026-06-09 19:16:00+00:00,61667.9609375,61726.55078125,61658.19140625,61688.23046875,0
2026-06-09 19:17:00+00:00,61705.98828125,61729.3984375,61680.5703125,61691.48828125,0
2026-06-09 19:18:00+00:00,61711.53125,61752.37109375,61711.53125,61715.28125,3395584
2026-06-09 19:19:00+00:00,61704.87890625,61740.05078125,61692.55859375,61731.390625,1286144
2026-06-09 19:20:00+00:00,61767.6796875,61794.91015625,61686.4296875,61694.578125,0
2026-06-09 19:21:00+00:00,61759.19921875,61795.62890625,61748.609375,61771.5390625,131616768
2026-06-09 19:22:00+00:00,61769.21875,61779.98046875,61736.23046875,61779.98046875,0
2026-06-09 19:23:00+00:00,61799.8515625,61817.94921875,61759.16015625,61759.16015625,445939712
2026-06-09 19:24:00+00:00,61824.75,61837.87890625,61795.62109375,61795.62109375,4919296
2026-06-09 19:25:00+00:00,61830.62109375,61862.0390625,61830.62109375,61839.671875,0
2026-06-09 19:26:00+00:00,61751.6015625,61843.05859375,61751.6015625,61836.94140625,0
2026-06-09 19:27:00+00:00,61764.55859375,61782.62890625,61722.05859375,61724.0390625,0
2026-06-09 19:28:00+00:00,61779.2890625,61791.51953125,61765.0703125,61782.1015625,137965568
2026-06-09 19:29:00+00:00,61816.55078125,61819.41015625,61781.53125,61787.62890625,0
2026-06-09 19:30:00+00:00,61850.76171875,61853.48046875,61802.37109375,61824.98828125,0
2026-06-09 19:31:00+00:00,61926.69140625,61926.69140625,61863.6484375,61874.30859375,6279168
2026-06-09 19:32:00+00:00,61904.6484375,61980.28125,61901.08984375,61944.109375,0
2026-06-09 19:33:00+00:00,61896.19921875,61908.73828125,61873.23828125,61908.73828125,773046272
2026-06-09 19:34:00+00:00,61921.76171875,61921.76171875,61882.421875,61888.16015625,16494592
2026-06-09 19:35:00+00:00,61930.0,61966.4296875,61909.76171875,61924.33984375,0
2026-06-09 19:36:00+00:00,61885.51171875,61919.28125,61885.51171875,61919.28125,23027712
2026-06-09 19:37:00+00:00,61858.28125,61886.80859375,61837.80078125,61883.71875,0
2026-06-09 19:38:00+00:00,61837.96875,61861.2890625,61832.21875,61850.87109375,372903936
2026-06-09 19:39:00+00:00,61818.96875,61843.0703125,61815.73046875,61837.98046875,1810432
2026-06-09 19:40:00+00:00,61723.1484375,61809.83984375,61710.140625,61809.83984375,4952064
2026-06-09 19:41:00+00:00,61752.94921875,61771.76171875,61724.03125,61724.03125,166354944
2026-06-09 19:42:00+00:00,61790.12109375,61800.5,61731.5,61759.921875,1024000
2026-06-09 19:43:00+00:00,61813.75,61838.96875,61801.37109375,61806.0390625,0
2026-06-09 19:44:00+00:00,61829.609375,61834.7109375,61810.01953125,61810.01953125,0
2026-06-09 19:45:00+00:00,61825.0,61839.328125,61809.828125,61839.328125,130375680
2026-06-09 19:46:00+00:00,61770.58984375,61800.01171875,61759.30859375,61800.01171875,0
2026-06-09 19:47:00+00:00,61741.03125,61780.26171875,61741.03125,61779.98828125,0
2026-06-09 19:48:00+00:00,61734.83984375,61739.5703125,61718.62890625,61720.30859375,0
2026-06-09 19:49:00+00:00,61779.44921875,61784.94921875,61746.41015625,61746.41015625,120606720
2026-06-09 19:50:00+00:00,61947.01953125,61947.01953125,61816.91015625,61816.91015625,0
2026-06-09 19:51:00+00:00,61943.76171875,61959.7890625,61925.46875,61925.46875,238874624
2026-06-09 19:52:00+00:00,61962.75,61969.96875,61929.19140625,61938.7109375,0
2026-06-09 19:53:00+00:00,61962.76171875,62022.44921875,61962.76171875,61974.98828125,0
2026-06-09 19:54:00+00:00,61973.94921875,61973.94921875,61936.66015625,61962.76171875,0
2026-06-09 19:55:00+00:00,61990.03125,62002.58984375,61965.671875,61979.83984375,6275072
2026-06-09 19:56:00+00:00,62017.609375,62033.91015625,61979.859375,61979.859375,267845632
2026-06-09 19:57:00+00:00,62015.73828125,62028.25,62004.03125,62010.1796875,14794752
2026-06-09 19:58:00+00:00,62010.26171875,62028.48828125,62004.1484375,62006.6015625,2449408
2026-06-09 19:59:00+00:00,62044.828125,62051.8203125,62008.12109375,62034.328125,0
2026-06-09 20:00:00+00:00,62022.3515625,62070.0,62022.3515625,62060.37109375,52752384
2026-06-09 20:01:00+00:00,61997.0703125,62025.109375,61985.140625,62025.109375,8388608
2026-06-09 20:02:00+00:00,61907.80078125,61996.3203125,61907.58984375,61990.9609375,0
2026-06-09 20:03:00+00:00,61953.359375,61963.1015625,61910.55078125,61910.55078125,3026944
2026-06-09 20:04:00+00:00,62022.4296875,62027.44921875,61957.921875,61957.921875,0
2026-06-09 20:05:00+00:00,62012.8515625,62056.890625,62012.8515625,62020.94921875,108130304
2026-06-09 20:06:00+00:00,62015.75,62033.19140625,62000.0703125,62003.7890625,0
2026-06-09 20:07:00+00:00,61996.30078125,62018.6015625,61983.140625,62010.140625,208035840
2026-06-09 20:08:00+00:00,61979.3984375,62018.69921875,61975.19921875,62000.05859375,31354880
2026-06-09 20:09:00+00:00,62014.51953125,62020.4296875,61981.96875,61981.96875,0
2026-06-09 20:10:00+00:00,61990.98046875,62023.0703125,61975.859375,62007.6015625,7557120
2026-06-09 20:11:00+00:00,62065.1484375,62065.1484375,62000.0390625,62003.78125,0
2026-06-09 20:12:00+00:00,62086.671875,62101.55078125,62064.1796875,62064.1796875,128262144
2026-06-09 20:13:00+00:00,62132.1796875,62134.33984375,62105.73046875,62105.73046875,0
2026-06-09 20:14:00+00:00,62146.5703125,62152.62890625,62117.53125,62131.96875,0
2026-06-09 20:15:00+00:00,62149.80078125,62221.421875,62149.80078125,62160.671875,0
2026-06-09 20:16:00+00:00,62119.421875,62152.98828125,62119.421875,62129.16015625,129466368
2026-06-09 20:17:00+00:00,62108.21875,62112.890625,62100.2109375,62112.87890625,0
2026-06-09 20:18:00+00:00,62105.7890625,62151.30859375,62097.37109375,62134.26171875,2564096
2026-06-09 20:19:00+00:00,62053.1484375,62097.390625,62053.1484375,62097.390625,0
2026-06-09 20:20:00+00:00,62000.0703125,62053.1796875,62000.0703125,62053.1796875,0
2026-06-09 20:21:00+00:00,61994.44140625,62001.55078125,61973.859375,62001.55078125,200826880
2026-06-09 20:22:00+00:00,61966.55078125,61984.26953125,61966.55078125,61979.9296875,0
2026-06-09 20:23:00+00:00,61955.37890625,61971.53125,61955.37890625,61969.05078125,688459776
2026-06-09 20:24:00+00:00,61955.30078125,61967.55859375,61955.30078125,61957.94140625,127574016
2026-06-09 20:25:00+00:00,61987.26171875,61990.78125,61961.69140625,61963.87109375,0
2026-06-09 20:26:00+00:00,61985.1015625,61986.51171875,61981.2109375,61983.23046875,0
2026-06-09 20:27:00+00:00,61995.171875,61998.0390625,61983.7890625,61985.12109375,3923968
2026-06-09 20:28:00+00:00,62005.1484375,62008.55078125,61987.23046875,61995.171875,954368
2026-06-09 20:29:00+00:00,62043.48828125,62057.390625,62004.21875,62005.640625,0
2026-06-09 20:30:00+00:00,61982.859375,62038.08984375,61981.87890625,62038.08984375,0
2026-06-09 20:31:00+00:00,61942.23046875,61971.5,61942.23046875,61971.5,0
2026-06-09 20:32:00+00:00,61955.26953125,61955.26953125,61932.328125,61940.12890625,0
2026-06-09 20:33:00+00:00,62006.2109375,62006.2109375,61955.26953125,61955.26953125,0
2026-06-09 20:34:00+00:00,62003.78125,62006.2109375,61989.19140625,62006.2109375,153415680
2026-06-09 20:35:00+00:00,61992.4296875,62005.7890625,61983.6015625,61983.6015625,0
2026-06-09 20:36:00+00:00,62006.0390625,62008.109375,61988.87890625,61992.44140625,0
2026-06-09 20:37:00+00:00,62040.98828125,62041.0,62001.3984375,62006.0390625,135155712
2026-06-09 20:38:00+00:00,62052.28125,62090.53125,62036.75,62036.75,0
2026-06-09 20:39:00+00:00,62037.359375,62052.2890625,62023.53125,62052.2890625,1097728
2026-06-09 20:40:00+00:00,62033.62890625,62047.8515625,62033.62890625,62037.3515625,0
2026-06-09 20:41:00+00:00,62070.75,62070.75,62044.8203125,62044.8203125,0
2026-06-09 20:42:00+00:00,62117.171875,62117.3984375,62082.109375,62082.109375,4956160
2026-06-09 20:43:00+00:00,62119.53125,62137.828125,62117.171875,62122.578125,0
2026-06-09 20:44:00+00:00,62082.2890625,62113.3203125,62075.0390625,62110.8515625,0
2026-06-09 20:45:00+00:00,62056.01953125,62085.8984375,62052.2890625,62085.8984375,29114368
2026-06-09 20:46:00+00:00,62022.7890625,62052.6015625,62013.2890625,62052.6015625,0
2026-06-09 20:47:00+00:00,62026.8984375,62042.16015625,62026.5390625,62031.5390625,329916416
2026-06-09 20:48:00+00:00,62037.87890625,62044.28125,62024.73046875,62033.21875,0
2026-06-09 20:49:00+00:00,62028.71875,62033.73046875,62011.140625,62029.91015625,6955008
2026-06-09 20:50:00+00:00,62007.55078125,62038.19140625,62006.69140625,62030.37109375,0
2026-06-09 20:51:00+00:00,62039.08984375,62039.1015625,62000.21875,62007.53125,0
2026-06-09 20:52:00+00:00,62033.58984375,62039.08984375,62019.87109375,62029.8984375,13504512
2026-06-09 20:53:00+00:00,62033.6015625,62033.609375,62026.171875,62033.58984375,27955200
2026-06-09 20:54:00+00:00,62035.76953125,62036.05078125,62029.8984375,62033.6015625,0
2026-06-09 20:55:00+00:00,62063.4609375,62063.4609375,62031.0,62032.98046875,0
2026-06-09 20:56:00+00:00,62044.7890625,62051.83984375,62026.171875,62047.03125,202420224
2026-06-09 20:57:00+00:00,62074.6484375,62074.6484375,62041.23828125,62041.23828125,0
2026-06-09 20:58:00+00:00,62081.87109375,62082.48046875,62065.421875,62072.2109375,1032192
2026-06-09 20:59:00+00:00,62109.640625,62109.640625,62080.5,62080.5,0
2026-06-09 21:00:00+00:00,62127.5390625,62130.12890625,62113.46875,62113.46875,119492608
2026-06-09 21:01:00+00:00,62067.44140625,62133.4609375,62067.44140625,62133.4609375,0
2026-06-09 21:02:00+00:00,62041.08984375,62073.9609375,62041.08984375,62073.9609375,0
2026-06-09 21:03:00+00:00,62006.7109375,62057.62109375,62006.7109375,62039.87890625,417792
2026-06-09 21:04:00+00:00,62010.51953125,62013.6796875,61990.5390625,62005.25,0
2026-06-09 21:05:00+00:00,62021.3203125,62024.87890625,62011.19140625,62011.19140625,0
2026-06-09 21:06:00+00:00,62052.26953125,62052.26953125,62021.328125,62021.328125,128090112
2026-06-09 21:07:00+00:00,62071.58984375,62092.98046875,62050.62109375,62052.26953125,0
2026-06-09 21:08:00+00:00,62046.80078125,62067.2109375,62046.80078125,62067.2109375,0
2026-06-09 21:09:00+00:00,62074.26953125,62074.26953125,62055.28125,62055.28125,0
2026-06-09 21:10:00+00:00,62078.69140625,62078.69921875,62074.26171875,62074.26171875,12431360
2026-06-09 21:11:00+00:00,62074.48828125,62092.8984375,62074.48828125,62078.69140625,6840320
2026-06-09 21:12:00+00:00,62086.69140625,62092.2890625,62078.94140625,62078.94140625,3690496
2026-06-09 21:13:00+00:00,62076.51953125,62104.12890625,62066.25,62086.6484375,0
2026-06-09 21:14:00+00:00,62089.578125,62089.578125,62054.87109375,62076.51953125,0
2026-06-09 21:15:00+00:00,62050.28125,62097.98046875,62050.01171875,62092.26171875,18882560
2026-06-09 21:16:00+00:00,62012.2890625,62047.37890625,62006.26171875,62047.37890625,0
2026-06-09 21:17:00+00:00,61987.69921875,62014.08984375,61987.69921875,62012.2890625,153489408
2026-06-09 21:18:00+00:00,61959.03125,61996.28125,61959.03125,61996.28125,0
2026-06-09 21:19:00+00:00,61924.96875,61950.37890625,61924.96875,61950.37890625,0
2026-06-09 21:20:00+00:00,61867.91015625,61920.98828125,61859.4296875,61920.98046875,55959552
2026-06-09 21:21:00+00:00,61850.859375,61887.421875,61850.859375,61881.0390625,0
2026-06-09 21:22:00+00:00,61870.4296875,61870.4296875,61821.53125,61840.2109375,6017024
2026-06-09 21:23:00+00:00,61870.4609375,61880.69921875,61870.4609375,61880.69921875,0
2026-06-09 21:24:00+00:00,61862.53125,61888.0,61861.2109375,61862.390625,0
2026-06-09 21:25:00+00:00,61801.12890625,61865.8984375,61794.87890625,61865.8984375,0
2026-06-09 21:26:00+00:00,61792.3203125,61819.140625,61792.3203125,61802.37109375,317280256
2026-06-09 21:27:00+00:00,61760.83984375,61794.76953125,61757.859375,61794.76953125,14925824
2026-06-09 21:28:00+00:00,61749.21875,61769.8984375,61749.21875,61756.609375,0
2026-06-09 21:29:00+00:00,61757.19921875,61757.19921875,61718.0,61754.19921875,0
2026-06-09 21:30:00+00:00,61812.41015625,61815.37890625,61770.921875,61770.921875,180633600
2026-06-09 21:31:00+00:00,61744.48828125,61793.140625,61744.48828125,61793.140625,0
2026-06-09 21:32:00+00:00,61756.4296875,61757.609375,61742.6796875,61745.359375,3915776
2026-06-09 21:33:00+00:00,61793.55859375,61793.55859375,61756.4296875,61756.4296875,172441600
2026-06-09 21:34:00+00:00,61777.76171875,61794.69921875,61777.76171875,61792.6484375,0
2026-06-09 21:35:00+00:00,61766.671875,61820.4609375,61766.671875,61766.8984375,41500672
2026-06-09 21:36:00+00:00,61831.859375,61831.859375,61774.12890625,61774.12890625,0
2026-06-09 21:37:00+00:00,61842.80859375,61842.80859375,61831.71875,61832.73046875,2011136
2026-06-09 21:38:00+00:00,61841.01953125,61842.80859375,61832.0390625,61842.80859375,135364608
2026-06-09 21:39:00+00:00,61821.01953125,61862.44921875,61821.01953125,61841.01953125,0
2026-06-09 21:40:00+00:00,61812.0390625,61824.390625,61801.421875,61824.390625,0
2026-06-09 21:41:00+00:00,61834.3984375,61838.5,61809.921875,61809.921875,48140288
2026-06-09 21:42:00+00:00,61795.21875,61834.41015625,61795.01953125,61834.41015625,143740928
2026-06-09 21:43:00+00:00,61753.3984375,61807.609375,61735.140625,61795.23828125,0
2026-06-09 21:44:00+00:00,61745.23828125,61763.671875,61744.6796875,61755.33984375,0
2026-06-09 21:45:00+00:00,61735.53125,61755.05078125,61727.76953125,61753.921875,0
2026-06-09 21:46:00+00:00,61709.12109375,61751.7890625,61707.3984375,61731.7109375,1892352
2026-06-09 21:47:00+00:00,61777.828125,61784.390625,61717.01953125,61717.01953125,0
2026-06-09 21:48:00+00:00,61750.5390625,61777.9296875,61750.5390625,61761.33984375,6995968
2026-06-09 21:49:00+00:00,61764.859375,61776.26171875,61749.51171875,61749.51171875,17825792
2026-06-09 21:50:00+00:00,61759.2890625,61765.83984375,61746.12890625,61765.83984375,0
2026-06-09 21:51:00+00:00,61745.2890625,61767.23828125,61742.421875,61757.01171875,0
2026-06-09 21:52:00+00:00,61698.26171875,61744.7109375,61698.26171875,61744.7109375,0
2026-06-09 21:53:00+00:00,61650.19140625,61705.359375,61650.19140625,61696.05078125,258387968
2026-06-09 21:54:00+00:00,61652.171875,61672.08984375,61649.44921875,61667.671875,0
2026-06-09 21:55:00+00:00,61657.87109375,61662.37109375,61646.8515625,61654.3984375,0
2026-06-09 21:56:00+00:00,61658.6796875,61659.80859375,61642.3203125,61650.8984375,0
2026-06-09 21:57:00+00:00,61669.890625,61678.9296875,61667.12109375,61667.51953125,14766080
2026-06-09 21:58:00+00:00,61649.48046875,61667.75,61641.98046875,61666.6015625,4317184
2026-06-09 21:59:00+00:00,61708.921875,61724.03125,61665.19140625,61665.19140625,0
2026-06-09 22:00:00+00:00,61713.828125,61728.609375,61710.01953125,61720.08984375,0
2026-06-09 22:01:00+00:00,61675.55078125,61713.828125,61671.8203125,61713.828125,31223808
2026-06-09 22:02:00+00:00,61660.62890625,61676.359375,61645.71875,61676.359375,136273920
2026-06-09 22:03:00+00:00,61653.1484375,61653.1484375,61633.69921875,61641.62109375,0
2026-06-09 22:04:00+00:00,61636.21875,61669.94921875,61614.91015625,61663.19140625,27373568
2026-06-09 22:05:00+00:00,61655.80859375,61665.48828125,61634.51171875,61635.75,0
2026-06-09 22:06:00+00:00,61626.3515625,61652.73828125,61617.0,61652.73828125,0
2026-06-09 22:07:00+00:00,61682.6796875,61684.58984375,61634.1484375,61634.1484375,6799360
2026-06-09 22:08:00+00:00,61687.921875,61687.921875,61674.2109375,61674.2109375,18690048
2026-06-09 22:09:00+00:00,61689.140625,61694.19140625,61684.7109375,61688.83984375,0
2026-06-09 22:10:00+00:00,61694.19921875,61703.1015625,61689.55859375,61689.55859375,129978368
2026-06-09 22:11:00+00:00,61701.80078125,61701.80078125,61675.94140625,61687.359375,0
2026-06-09 22:12:00+00:00,61711.51953125,61711.51953125,61697.2890625,61697.2890625,0
2026-06-09 22:13:00+00:00,61770.73828125,61770.73828125,61720.30078125,61720.30078125,0
2026-06-09 22:14:00+00:00,61786.421875,61802.5,61763.9609375,61769.48828125,13651968
2026-06-09 22:15:00+00:00,61815.21875,61834.87109375,61787.3203125,61788.8203125,6242304
2026-06-09 22:16:00+00:00,61829.8515625,61849.26171875,61824.55078125,61824.75,0
2026-06-09 22:17:00+00:00,61765.078125,61835.48828125,61765.078125,61835.48828125,10858496
2026-06-09 22:18:00+00:00,61778.98828125,61802.359375,61766.7890625,61766.7890625,0
2026-06-09 22:19:00+00:00,61846.4609375,61846.4609375,61775.30078125,61775.30078125,82415616
2026-06-09 22:20:00+00:00,61899.0,61899.0,61850.01953125,61850.01953125,241139712
2026-06-09 22:21:00+00:00,61862.05078125,61900.01953125,61858.328125,61900.01953125,0
2026-06-09 22:22:00+00:00,61828.08984375,61862.05078125,61821.01953125,61862.05078125,10346496
2026-06-09 22:23:00+00:00,61832.33984375,61851.12109375,61827.19140625,61832.01953125,41160704
2026-06-09 22:24:00+00:00,61833.76171875,61852.359375,61831.98046875,61839.640625,0
2026-06-09 22:25:00+00:00,61770.03125,61833.87890625,61770.03125,61833.87890625,0
2026-06-09 22:26:00+00:00,61749.890625,61779.98046875,61741.98828125,61779.9296875,35577856
2026-06-09 22:27:00+00:00,61746.26171875,61749.98828125,61742.69921875,61749.8984375,0
2026-06-09 22:28:00+00:00,61753.171875,61754.0703125,61741.0390625,61745.98046875,2936832
2026-06-09 22:29:00+00:00,61756.51953125,61756.51953125,61751.05078125,61752.0,0
2026-06-09 22:30:00+00:00,61746.4296875,61802.359375,61746.4296875,61768.80859375,0
2026-06-09 22:31:00+00:00,61783.73046875,61785.5390625,61731.98828125,61753.98046875,27480064
2026-06-09 22:32:00+00:00,61864.3515625,61864.3515625,61798.62890625,61798.62890625,0
2026-06-09 22:33:00+00:00,61854.01171875,61893.30078125,61835.44921875,61873.23046875,57290752
2026-06-09 22:34:00+00:00,61917.98828125,61917.98828125,61858.30859375,61858.30859375,11104256
2026-06-09 22:35:00+00:00,61895.609375,61923.58984375,61884.4296875,61923.58984375,150945792
2026-06-09 22:36:00+00:00,61823.33984375,61912.03125,61823.33984375,61901.98828125,0
2026-06-09 22:37:00+00:00,61768.80078125,61833.8203125,61768.80078125,61830.01171875,0
2026-06-09 22:38:00+00:00,61821.0,61821.0,61761.33984375,61761.33984375,0
2026-06-09 22:39:00+00:00,61851.01171875,61851.01171875,61811.19140625,61812.33984375,0
2026-06-09 22:40:00+00:00,61762.69921875,61854.41015625,61762.69921875,61854.41015625,0
2026-06-09 22:41:00+00:00,61744.8203125,61766.73828125,61736.0,61762.41015625,60710912
2026-06-09 22:42:00+00:00,61776.30078125,61783.7109375,61744.5,61747.6484375,0
2026-06-09 22:43:00+00:00,61789.0390625,61802.37109375,61764.3203125,61794.91015625,0
2026-06-09 22:44:00+00:00,61812.0,61822.421875,61788.48046875,61788.48046875,0
2026-06-09 22:45:00+00:00,61822.0,61840.671875,61806.01171875,61813.109375,0
2026-06-09 22:46:00+00:00,61820.58984375,61834.0,61809.828125,61830.0,3334144
2026-06-09 22:47:00+00:00,61819.51171875,61820.98046875,61809.578125,61818.0,50552832
2026-06-09 22:48:00+00:00,61779.98046875,61816.5390625,61753.921875,61816.3984375,0
2026-06-09 22:49:00+00:00,61776.26171875,61814.109375,61771.37890625,61790.171875,0
2026-06-09 22:50:00+00:00,61719.2890625,61775.28125,61715.73828125,61775.28125,277098496
2026-06-09 22:51:00+00:00,61726.0,61746.41015625,61676.03125,61687.73046875,5169152
2026-06-09 22:52:00+00:00,61690.0,61750.140625,61682.30859375,61715.05859375,0
2026-06-09 22:53:00+00:00,61650.94140625,61688.6796875,61650.94140625,61688.6796875,0
2026-06-09 22:54:00+00:00,61717.12109375,61717.12109375,61664.3515625,61664.3515625,13443072
2026-06-09 22:55:00+00:00,61744.03125,61748.578125,61712.0,61717.12109375,2797568
2026-06-09 22:56:00+00:00,61671.8203125,61727.80859375,61671.8203125,61727.80859375,215838720
2026-06-09 22:57:00+00:00,61660.2109375,61686.73828125,61660.2109375,61671.8203125,1785856
2026-06-09 22:58:00+00:00,61634.51953125,61674.0390625,61634.51953125,61674.0390625,0
2026-06-09 22:59:00+00:00,61678.03125,61679.28125,61641.0,61641.0,49049600
2026-06-09 23:00:00+00:00,61705.390625,61724.0390625,61679.28125,61682.05078125,0
2026-06-09 23:01:00+00:00,61646.23828125,61705.390625,61644.0,61705.390625,0
2026-06-09 23:02:00+00:00,61727.140625,61727.140625,61644.5390625,61646.23046875,0
2026-06-09 23:03:00+00:00,61742.78125,61746.421875,61674.0,61718.0,0
2026-06-09 23:04:00+00:00,61730.19921875,61745.28125,61725.2890625,61745.28125,0
2026-06-09 23:05:00+00:00,61705.390625,61738.94921875,61705.390625,61738.94921875,11796480
2026-06-09 23:06:00+00:00,61682.73828125,61701.66015625,61662.83984375,61694.19921875,2146304
2026-06-09 23:07:00+00:00,61723.30859375,61727.01171875,61677.98828125,61682.76171875,3383296
2026-06-09 23:08:00+00:00,61759.359375,61761.3515625,61723.94921875,61723.94921875,0
2026-06-09 23:09:00+00:00,61720.30078125,61754.73828125,61711.9609375,61754.73828125,0
2026-06-09 23:10:00+00:00,61679.30078125,61716.640625,61671.828125,61716.640625,0
2026-06-09 23:11:00+00:00,61636.23046875,61664.359375,61612.1484375,61664.359375,762961920
2026-06-09 23:12:00+00:00,61679.26953125,61690.4609375,61627.328125,61627.328125,0
2026-06-09 23:13:00+00:00,61724.359375,61724.359375,61678.4609375,61678.4609375,0
2026-06-09 23:14:00+00:00,61701.66015625,61727.76953125,61701.66015625,61722.0,0
2026-06-09 23:15:00+00:00,61742.6796875,61742.6796875,61684.05078125,61702.94140625,32043008
2026-06-09 23:16:00+00:00,61801.98828125,61801.98828125,61746.80078125,61746.80078125,0
2026-06-09 23:17:00+00:00,61786.76171875,61817.2890625,61786.76171875,61795.8515625,34328576
2026-06-09 23:18:00+00:00,61747.3203125,61794.8984375,61735.87890625,61790.328125,0
2026-06-09 23:19:00+00:00,61789.8515625,61798.01171875,61752.7109375,61752.7109375,0
2026-06-09 23:20:00+00:00,61824.75,61839.01171875,61798.62890625,61798.62890625,0
2026-06-09 23:21:00+00:00,61786.609375,61828.48046875,61765.98828125,61828.48046875,0
2026-06-09 23:22:00+00:00,61761.98828125,61770.0,61752.0,61770.0,0
2026-06-09 23:23:00+00:00,61703.01171875,61783.98828125,61703.01171875,61768.7890625,0
2026-06-09 23:24:00+00:00,61755.98828125,61755.98828125,61700.01171875,61703.96875,0
2026-06-09 23:25:00+00:00,61750.76171875,61766.0,61743.71875,61765.6796875,0
2026-06-09 23:26:00+00:00,61754.48046875,61768.0,61754.01171875,61765.05859375,161652736
2026-06-09 23:27:00+00:00,61747.66015625,61758.73828125,61743.8984375,61754.48828125,0
2026-06-09 23:28:00+00:00,61683.01171875,61742.69140625,61679.98828125,61742.69140625,17014784
2026-06-09 23:29:00+00:00,61649.98046875,61675.3984375,61639.390625,61675.3984375,0
2026-06-09 23:30:00+00:00,61621.98046875,61679.26953125,61620.6015625,61670.01171875,0
2026-06-09 23:31:00+00:00,61635.828125,61635.98828125,61608.41015625,61627.05859375,0
2026-06-09 23:32:00+00:00,61654.7109375,61677.30078125,61621.0,61621.0,11464704
2026-06-09 23:33:00+00:00,61681.98046875,61684.98046875,61675.55078125,61684.98046875,0
2026-06-09 23:34:00+00:00,61630.171875,61693.96875,61627.1015625,61686.12890625,5705728
2026-06-09 23:35:00+00:00,61521.98828125,61617.94921875,61518.890625,61607.66015625,0
2026-06-09 23:36:00+00:00,61549.53125,61586.01953125,61531.9296875,61539.30078125,149544960
2026-06-09 23:37:00+00:00,61510.96875,61550.0,61507.16015625,61534.48828125,1142784
2026-06-09 23:38:00+00:00,61534.0,61547.98828125,61532.76171875,61544.23828125,0
2026-06-09 23:39:00+00:00,61551.98828125,61556.1796875,61545.51171875,61545.51171875,3371008
2026-06-09 23:40:00+00:00,61557.98046875,61578.26171875,61551.94140625,61558.1015625,0
2026-06-09 23:41:00+00:00,61547.9609375,61569.2109375,61540.0,61559.2890625,0
2026-06-09 23:42:00+00:00,61547.76171875,61549.3984375,61543.12109375,61545.4609375,94236672
2026-06-09 23:43:00+00:00,61582.30859375,61596.1015625,61546.7890625,61546.7890625,0
2026-06-09 23:44:00+00:00,61587.7890625,61587.7890625,61549.12109375,61567.37890625,0
2026-06-09 23:45:00+00:00,61593.0703125,61602.05078125,61567.96875,61592.6484375,15757312
2026-06-09 23:46:00+00:00,61626.44140625,61626.9296875,61595.98828125,61598.0,0
2026-06-09 23:47:00+00:00,61592.76953125,61630.76171875,61589.76171875,61626.91015625,249856
2026-06-09 23:48:00+00:00,61576.23828125,61607.921875,61576.05859375,61582.30859375,178671616
2026-06-09 23:49:00+00:00,61567.25,61577.91015625,61539.078125,61576.21875,0
2026-06-09 23:50:00+00:00,61566.48046875,61566.48046875,61553.0,61564.828125,0
2026-06-09 23:51:00+00:00,61631.91015625,61635.8515625,61561.98046875,61561.98046875,0
2026-06-09 23:52:00+00:00,61639.6796875,61641.87890625,61631.98828125,61631.98828125,0
2026-06-09 23:53:00+00:00,61679.25,61702.23046875,61651.96875,61663.98828125,0
2026-06-09 23:54:00+00:00,61647.5,61656.8984375,61634.53125,61656.8984375,0
2026-06-09 23:55:00+00:00,61671.80859375,61690.48828125,61661.05859375,61667.78125,4653056
2026-06-09 23:56:00+00:00,61664.3515625,61679.26953125,61657.0,61675.5390625,0
2026-06-09 23:57:00+00:00,61655.98828125,61666.75,61641.0,61666.75,9371648
2026-06-09 23:58:00+00:00,61639.9609375,61662.19921875,61635.55859375,61655.98046875,0
2026-06-10 00:00:00+00:00,61683.01171875,61707.9296875,61674.48046875,61699.21875,761856
2026-06-10 00:01:00+00:00,61663.078125,61693.58984375,61663.078125,61683.0,0
2026-06-10 00:02:00+00:00,61750.37109375,61754.33984375,61677.28125,61677.28125,0
2026-06-10 00:03:00+00:00,61765.0703125,61801.01171875,61740.98046875,61748.3203125,0
2026-06-10 00:04:00+00:00,61787.44921875,61787.44921875,61751.94140625,61753.87890625,2043904
2026-06-10 00:05:00+00:00,61839.390625,61839.390625,61780.0,61793.71875,0
2026-06-10 00:06:00+00:00,61849.9609375,61849.9609375,61812.0,61828.48046875,0
2026-06-10 00:07:00+00:00,61798.640625,61852.78125,61798.640625,61839.671875,0
2026-06-10 00:08:00+00:00,61750.1484375,61824.73828125,61742.69140625,61819.33984375,20926464
2026-06-10 00:09:00+00:00,61788.44921875,61788.44921875,61720.671875,61750.1484375,2711552
2026-06-10 00:10:00+00:00,61776.6484375,61808.01171875,61750.1484375,61808.01171875,0
2026-06-10 00:11:00+00:00,61785.98046875,61798.62890625,61775.19140625,61778.921875,0
2026-06-10 00:12:00+00:00,61765.23046875,61815.078125,61765.0703125,61788.55078125,0
2026-06-10 00:13:00+00:00,61724.03125,61761.859375,61704.58984375,61761.859375,5193728
2026-06-10 00:14:00+00:00,61793.1484375,61793.1484375,61731.3203125,61731.3203125,0
2026-06-10 00:15:00+00:00,61727.76171875,61800.0,61727.76171875,61789.609375,1773568
2026-06-10 00:16:00+00:00,61705.98828125,61738.96875,61703.62109375,61735.21875,0
2026-06-10 00:17:00+00:00,61727.76953125,61761.30859375,61699.01953125,61699.01953125,0
2026-06-10 00:18:00+00:00,61741.23046875,61749.01953125,61720.30859375,61733.98046875,0
2026-06-10 00:19:00+00:00,61778.03125,61779.98046875,61709.6484375,61741.2109375,9228288
2026-06-10 00:20:00+00:00,61708.71875,61769.98046875,61707.890625,61769.98046875,0
2026-06-10 00:21:00+00:00,61719.69140625,61719.69140625,61682.01171875,61709.3203125,0
2026-06-10 00:22:00+00:00,61742.6796875,61742.6796875,61710.76171875,61719.671875,0
2026-06-10 00:23:00+00:00,61707.94140625,61747.44921875,61700.7890625,61747.44921875,0
2026-06-10 00:24:00+00:00,61747.25,61747.25,61712.71875,61712.71875,0
2026-06-10 00:25:00+00:00,61735.94921875,61759.26953125,61731.87109375,61754.890625,3100672
2026-06-10 00:26:00+00:00,61730.53125,61735.98828125,61706.71875,61735.98828125,0
2026-06-10 00:27:00+00:00,61753.73828125,61757.23046875,61712.83984375,61718.0,0
2026-06-10 00:28:00+00:00,61802.359375,61802.359375,61748.5390625,61753.890625,0
2026-06-10 00:29:00+00:00,61806.1015625,61828.44140625,61806.1015625,61816.03125,440434688
2026-06-10 00:30:00+00:00,61785.94140625,61832.19921875,61772.53125,61802.37109375,0
2026-06-10 00:31:00+00:00,61762.62890625,61804.96875,61761.3515625,61791.9609375,0
2026-06-10 00:32:00+00:00,61671.8203125,61767.98828125,61671.8203125,61742.0,0
2026-06-10 00:33:00+00:00,61606.48046875,61634.51953125,61587.94921875,61634.51953125,0
2026-06-10 00:34:00+00:00,61550.5390625,61631.75,61550.5390625,61631.0703125,0
2026-06-10 00:35:00+00:00,61556.19140625,61607.37890625,61556.19140625,61586.03125,0
2026-06-10 00:36:00+00:00,61489.05078125,61562.87109375,61489.05078125,61552.609375,0
2026-06-10 00:37:00+00:00,61544.98828125,61544.98828125,61489.01171875,61489.01171875,0
2026-06-10 00:38:00+00:00,61594.05078125,61621.76171875,61559.91015625,61559.91015625,0
2026-06-10 00:39:00+00:00,61541.26953125,61589.671875,61515.44921875,61589.671875,0
2026-06-10 00:40:00+00:00,61515.78125,61549.98828125,61512.69921875,61533.828125,0
2026-06-10 00:41:00+00:00,61484.12890625,61543.98828125,61484.12890625,61510.01171875,0
2026-06-10 00:42:00+00:00,61494.98828125,61529.96875,61465.6015625,61477.8515625,134799360
2026-06-10 00:43:00+00:00,61427.30078125,61499.98828125,61427.30078125,61499.98828125,0
2026-06-10 00:44:00+00:00,61470.78125,61478.0,61413.171875,61417.44140625,13455360
2026-06-10 00:45:00+00:00,61492.7890625,61507.7109375,61453.96875,61483.37109375,0
2026-06-10 00:46:00+00:00,61517.51953125,61517.51953125,61477.859375,61498.41015625,0
2026-06-10 00:47:00+00:00,61563.671875,61567.98828125,61497.8515625,61499.3203125,0
2026-06-10 00:48:00+00:00,61577.98828125,61577.98828125,61518.0,61556.98828125,0
2026-06-10 00:49:00+00:00,61647.359375,61647.359375,61562.21875,61563.66015625,16797696
2026-06-10 00:50:00+00:00,61579.71875,61641.96875,61556.19921875,61641.96875,144306176
2026-06-10 00:51:00+00:00,61595.23828125,61595.23828125,61572.01171875,61586.0,0
2026-06-10 00:52:00+00:00,61640.26171875,61641.98046875,61608.390625,61620.8984375,1024000
2026-06-10 00:53:00+00:00,61666.62109375,61666.62890625,61615.87109375,61615.87109375,0
2026-06-10 00:54:00+00:00,61697.16015625,61697.16015625,61673.98046875,61673.98046875,0
2026-06-10 00:55:00+00:00,61701.69921875,61743.44921875,61694.19921875,61699.98828125,0
2026-06-10 00:56:00+00:00,61766.87890625,61772.48828125,61708.0,61708.0,0
2026-06-10 00:57:00+00:00,61808.01953125,61815.19140625,61796.0,61803.76171875,0
2026-06-10 00:58:00+00:00,61832.21875,61872.3515625,61811.1484375,61811.1484375,176128
2026-06-10 00:59:00+00:00,61877.94140625,61890.05078125,61828.62109375,61844.16015625,0
2026-06-10 01:00:00+00:00,61869.51171875,61911.03125,61865.76953125,61865.76953125,0
2026-06-10 01:01:00+00:00,61854.58984375,61880.16015625,61848.0703125,61875.71875,0
2026-06-10 01:02:00+00:00,61864.609375,61895.609375,61843.671875,61850.9296875,0
2026-06-10 01:03:00+00:00,61876.96875,61876.96875,61834.66015625,61873.23046875,0
2026-06-10 01:04:00+00:00,61931.9609375,61931.9609375,61874.73046875,61894.921875,0
2026-06-10 01:05:00+00:00,61824.9296875,61923.98828125,61824.9296875,61923.98828125,0
2026-06-10 01:06:00+00:00,61810.03125,61828.51171875,61806.1015625,61806.1015625,0
2026-06-10 01:07:00+00:00,61727.76953125,61802.37109375,61716.578125,61802.37109375,5894144
2026-06-10 01:08:00+00:00,61731.5,61756.23046875,61715.87109375,61722.94140625,0
2026-06-10 01:09:00+00:00,61671.44140625,61761.328125,61671.44140625,61753.87109375,0
2026-06-10 01:10:00+00:00,61709.109375,61713.8984375,61643.01171875,61650.3984375,0
2026-06-10 01:11:00+00:00,61718.0,61757.62890625,61718.0,61728.6015625,0
2026-06-10 01:12:00+00:00,61805.66015625,61805.66015625,61722.0,61722.0,50429952
2026-06-10 01:13:00+00:00,61754.578125,61798.37890625,61750.19140625,61791.1796875,5148672
2026-06-10 01:14:00+00:00,61783.71875,61783.71875,61747.69140625,61761.328125,189919232
2026-06-10 01:15:00+00:00,61798.25,61828.4609375,61749.5703125,61788.171875,0
2026-06-10 01:16:00+00:00,61834.0390625,61834.0390625,61777.80859375,61794.91015625,0
2026-06-10 01:17:00+00:00,61824.76171875,61843.0390625,61794.0,61834.0703125,0
2026-06-10 01:18:00+00:00,61806.1015625,61835.0,61806.1015625,61817.23828125,0
2026-06-10 01:19:00+00:00,61847.12109375,61847.12109375,61794.91015625,61807.96875,9408512
2026-06-10 01:20:00+00:00,61756.71875,61852.19140625,61753.91015625,61852.19140625,0
2026-06-10 01:21:00+00:00,61738.19140625,61767.19140625,61736.44140625,61748.80078125,0
2026-06-10 01:22:00+00:00,61731.4609375,61750.01171875,61718.0,61729.58984375,0
2026-06-10 01:23:00+00:00,61731.48828125,61770.828125,61727.78125,61731.4609375,651264
2026-06-10 01:24:00+00:00,61718.41015625,61735.98828125,61714.0,61735.98828125,0
2026-06-10 01:25:00+00:00,61746.421875,61746.421875,61712.8515625,61724.01953125,0
2026-06-10 01:26:00+00:00,61775.37109375,61794.8984375,61746.51953125,61748.98828125,44720128
2026-06-10 01:27:00+00:00,61804.69140625,61804.69140625,61751.37109375,61781.98828125,0
2026-06-10 01:28:00+00:00,61799.51171875,61832.44140625,61799.51171875,61810.12890625,0
2026-06-10 01:29:00+00:00,61790.03125,61809.96875,61760.0,61809.96875,77557760
2026-06-10 01:30:00+00:00,61728.73828125,61804.01171875,61708.37890625,61804.01171875,0
2026-06-10 01:31:00+00:00,61778.1796875,61778.1796875,61720.8203125,61748.71875,0
2026-06-10 01:32:00+00:00,61828.4609375,61828.4609375,61757.2109375,61775.58984375,25153536
2026-06-10 01:33:00+00:00,61788.359375,61826.01171875,61778.28125,61826.01171875,22671360
2026-06-10 01:34:00+00:00,61847.51171875,61852.01171875,61773.23046875,61809.78125,0
2026-06-10 01:35:00+00:00,61830.0,61854.3515625,61830.0,61843.55859375,0
2026-06-10 01:36:00+00:00,61690.46875,61809.828125,61690.46875,61809.828125,0
2026-06-10 01:37:00+00:00,61664.0703125,61689.83984375,61645.7109375,61689.83984375,0
2026-06-10 01:38:00+00:00,61641.23046875,61669.3984375,61600.5,61669.3984375,0
2026-06-10 01:39:00+00:00,61704.0703125,61716.9296875,61646.9609375,61646.9609375,0
2026-06-10 01:40:00+00:00,61664.359375,61715.80078125,61658.328125,61697.9296875,3956736
2026-06-10 01:41:00+00:00,61623.83984375,61656.73828125,61608.96875,61645.9296875,0
2026-06-10 01:42:00+00:00,61564.30078125,61623.328125,61564.30078125,61615.91015625,0
2026-06-10 01:43:00+00:00,61586.01953125,61590.76171875,61550.5,61550.5,0
2026-06-10 01:44:00+00:00,61601.7109375,61614.25,61589.76953125,61590.76171875,2699264
2026-06-10 01:45:00+00:00,61601.578125,61645.69921875,61593.9609375,61607.53125,0
2026-06-10 01:46:00+00:00,61628.46875,61628.46875,61575.01171875,61582.30859375,0
2026-06-10 01:47:00+00:00,61604.8203125,61634.51953125,61600.9609375,61634.51953125,1413120
2026-06-10 01:48:00+00:00,61705.37890625,61705.37890625,61608.26953125,61608.26953125,0
2026-06-10 01:49:00+00:00,61783.7109375,61783.7109375,61711.3515625,61711.3515625,495616
2026-06-10 01:50:00+00:00,61746.421875,61806.05078125,61746.421875,61774.6796875,2232320
2026-06-10 01:51:00+00:00,61716.578125,61731.5,61711.98046875,61731.5,0
2026-06-10 01:52:00+00:00,61702.71875,61727.078125,61683.01171875,61700.0,0
2026-06-10 01:53:00+00:00,61717.76953125,61721.16015625,61686.78125,61695.2109375,5558272
2026-06-10 01:54:00+00:00,61736.01953125,61746.421875,61724.01171875,61724.01171875,14508032
2026-06-10 01:55:00+00:00,61736.01171875,61741.01171875,61702.0,61702.0,0
2026-06-10 01:56:00+00:00,61705.98046875,61754.98828125,61705.98046875,61746.41015625,0
2026-06-10 01:57:00+00:00,61664.359375,61705.98046875,61664.359375,61705.98046875,0
2026-06-10 01:58:00+00:00,61651.48046875,61664.37109375,61646.69921875,61664.37109375,8257536
2026-06-10 01:59:00+00:00,61677.98046875,61677.98046875,61655.73046875,61655.73046875,191840256
2026-06-10 02:00:00+00:00,61697.41015625,61708.359375,61671.8203125,61679.26953125,0
2026-06-10 02:01:00+00:00,61734.37109375,61738.078125,61686.73828125,61686.73828125,5390336
2026-06-10 02:02:00+00:00,61771.5390625,61798.609375,61738.078125,61738.078125,0
2026-06-10 02:03:00+00:00,61737.69140625,61766.23828125,61728.19140625,61766.23828125,0
2026-06-10 02:04:00+00:00,61660.62890625,61750.140625,61660.62890625,61750.140625,13238272
2026-06-10 02:05:00+00:00,61628.640625,61663.078125,61605.0,61663.078125,0
2026-06-10 02:06:00+00:00,61637.37890625,61649.4296875,61630.94921875,61630.94921875,8269824
2026-06-10 02:07:00+00:00,61664.3515625,61664.3515625,61625.66015625,61637.390625,0
2026-06-10 02:08:00+00:00,61594.0,61684.98046875,61594.0,61653.171875,0
2026-06-10 02:09:00+00:00,61597.2109375,61597.2109375,61567.37890625,61594.73828125,0
2026-06-10 02:10:00+00:00,61561.98828125,61618.01953125,61552.69140625,61608.3984375,5922816
2026-06-10 02:11:00+00:00,61541.28125,61569.48046875,61541.28125,61562.0,714813440
2026-06-10 02:12:00+00:00,61532.66015625,61548.71875,61517.96875,61548.71875,0
2026-06-10 02:13:00+00:00,61532.62109375,61552.48828125,61527.30078125,61541.26171875,0
2026-06-10 02:14:00+00:00,61522.0,61523.640625,61503.69140625,61517.98828125,0
2026-06-10 02:15:00+00:00,61483.98828125,61526.26953125,61483.48046875,61523.03125,757760
2026-06-10 02:16:00+00:00,61407.87109375,61472.01171875,61407.87109375,61472.01171875,20418560
2026-06-10 02:17:00+00:00,61350.171875,61384.62890625,61304.0,61384.62890625,176660480
2026-06-10 02:18:00+00:00,61389.98828125,61393.19921875,61324.9296875,61388.33984375,0
2026-06-10 02:19:00+00:00,61383.98828125,61392.0,61364.87890625,61391.26171875,0
2026-06-10 02:20:00+00:00,61418.171875,61429.37109375,61384.05078125,61384.05078125,0
2026-06-10 02:21:00+00:00,61433.1015625,61460.0390625,61420.6796875,61420.6796875,24383488
2026-06-10 02:22:00+00:00,61433.1015625,61473.7109375,61429.6484375,61450.0,0
2026-06-10 02:23:00+00:00,61422.62109375,61457.98046875,61418.19140625,61434.01171875,0
2026-06-10 02:24:00+00:00,61384.609375,61466.0390625,61384.609375,61420.98046875,18100224
2026-06-10 02:25:00+00:00,61398.98046875,61409.94921875,61365.96875,61365.96875,6619136
2026-06-10 02:26:00+00:00,61331.23828125,61385.96875,61327.78125,61384.96875,0
2026-06-10 02:27:00+00:00,61418.30078125,61421.91015625,61318.0390625,61318.0390625,204800
2026-06-10 02:28:00+00:00,61381.828125,61444.0,61381.828125,61411.98046875,0
2026-06-10 02:29:00+00:00,61445.05078125,61445.05078125,61379.6796875,61379.6796875,0
2026-06-10 02:30:00+00:00,61440.55859375,61501.76171875,61436.859375,61478.23046875,0
2026-06-10 02:31:00+00:00,61403.26171875,61433.1015625,61403.26171875,61433.1015625,3977216
2026-06-10 02:32:00+00:00,61306.7109375,61403.26171875,61287.62109375,61403.26171875,0
2026-06-10 02:33:00+00:00,61293.87109375,61321.98828125,61278.01953125,61321.98828125,0
2026-06-10 02:34:00+00:00,61304.0,61331.23828125,61260.69921875,61287.98828125,0
2026-06-10 02:35:00+00:00,61280.140625,61293.390625,61263.94921875,61288.6484375,0
2026-06-10 02:36:00+00:00,61317.46875,61342.01171875,61254.05859375,61280.171875,2351104
2026-06-10 02:37:00+00:00,61349.94921875,61357.8203125,61295.71875,61317.48046875,0
2026-06-10 02:38:00+00:00,61369.94140625,61390.0,61344.01171875,61351.5703125,0
2026-06-10 02:39:00+00:00,61292.8515625,61378.078125,61287.078125,61372.0703125,0
2026-06-10 02:40:00+00:00,61317.46875,61328.23046875,61276.44140625,61302.5390625,45469696
2026-06-10 02:41:00+00:00,61315.96875,61321.98828125,61287.6484375,61302.01171875,209985536
2026-06-10 02:42:00+00:00,61323.98828125,61355.98828125,61320.0,61320.0,0
2026-06-10 02:43:00+00:00,61276.4296875,61315.9296875,61272.0,61315.9296875,5492736
2026-06-10 02:44:00+00:00,61325.0,61325.0,61268.0,61290.0,0
2026-06-10 02:45:00+00:00,61321.1796875,61333.98046875,61302.87109375,61324.859375,0
2026-06-10 02:46:00+00:00,61273.03125,61345.9609375,61273.03125,61327.0,6369280
2026-06-10 02:47:00+00:00,61274.2109375,61274.2109375,61234.05859375,61268.98046875,0
2026-06-10 02:48:00+00:00,61257.21875,61257.21875,61208.6484375,61235.41015625,0
2026-06-10 02:49:00+00:00,61292.05859375,61295.078125,61254.03125,61257.21875,8900608
2026-06-10 02:50:00+00:00,61219.12890625,61298.23046875,61219.01171875,61292.0,0
2026-06-10 02:51:00+00:00,61217.98828125,61233.0,61214.01171875,61214.01171875,0
2026-06-10 02:52:00+00:00,61211.58984375,61228.609375,61211.58984375,61224.78125,0
2026-06-10 02:53:00+00:00,61208.05859375,61231.0390625,61194.421875,61223.94140625,3063808
2026-06-10 02:54:00+00:00,61200.21875,61204.28125,61192.390625,61204.28125,214130688
2026-06-10 02:55:00+00:00,61245.51953125,61246.25,61220.48046875,61220.48046875,0
2026-06-10 02:56:00+00:00,61249.19140625,61260.109375,61216.76171875,61240.94140625,2195456
2026-06-10 02:57:00+00:00,61285.98046875,61294.21875,61258.03125,61258.03125,19742720
2026-06-10 02:58:00+00:00,61290.44140625,61297.98828125,61275.640625,61275.640625,0
2026-06-10 02:59:00+00:00,61258.6796875,61297.98828125,61258.6796875,61297.98828125,43704320
2026-06-10 03:00:00+00:00,61268.0,61268.98046875,61235.41015625,61256.0,0
2026-06-10 03:01:00+00:00,61291.37109375,61306.30078125,61257.7890625,61280.0,4153344
2026-06-10 03:02:00+00:00,61313.98828125,61332.3984375,61302.01171875,61302.01171875,0
2026-06-10 03:03:00+00:00,61322.0,61336.03125,61299.078125,61328.0,0
2026-06-10 03:04:00+00:00,61347.48828125,61349.9609375,61321.96875,61321.96875,0
2026-06-10 03:05:00+00:00,61412.01953125,61412.01953125,61347.48046875,61347.48046875,0
2026-06-10 03:06:00+00:00,61422.48046875,61434.6796875,61414.421875,61414.421875,0
2026-06-10 03:07:00+00:00,61384.0,61422.91015625,61353.98046875,61422.91015625,0
2026-06-10 03:08:00+00:00,61414.98046875,61414.98046875,61359.96875,61377.98828125,0
2026-06-10 03:09:00+00:00,61432.0390625,61434.0,61419.23828125,61425.01953125,20299776
2026-06-10 03:10:00+00:00,61378.01171875,61429.1015625,61375.94921875,61429.1015625,0
2026-06-10 03:11:00+00:00,61402.03125,61410.75,61370.3203125,61375.96875,0
2026-06-10 03:12:00+00:00,61386.671875,61393.28125,61378.640625,61393.28125,0
2026-06-10 03:13:00+00:00,61394.98046875,61407.98828125,61384.609375,61390.76171875,0
2026-06-10 03:14:00+00:00,61391.73828125,61394.96875,61363.890625,61385.05078125,25927680
2026-06-10 03:15:00+00:00,61380.87109375,61406.0390625,61355.9296875,61390.30078125,0
2026-06-10 03:16:00+00:00,61429.37890625,61433.0703125,61362.6484375,61362.6484375,0
2026-06-10 03:17:00+00:00,61373.4296875,61443.98828125,61373.4296875,61443.98828125,547024896
2026-06-10 03:18:00+00:00,61336.48828125,61376.0,61332.66015625,61376.0,0
2026-06-10 03:19:00+00:00,61320.33984375,61345.87109375,61298.0,61317.46875,1687552
2026-06-10 03:20:00+00:00,61300.51171875,61326.609375,61291.75,61326.609375,167198720
2026-06-10 03:21:00+00:00,61335.8203125,61335.8203125,61306.3203125,61324.9296875,0
2026-06-10 03:22:00+00:00,61337.421875,61372.2890625,61336.12890625,61338.0,0
2026-06-10 03:23:00+00:00,61351.9296875,61351.9296875,61329.91015625,61332.0,0
2026-06-10 03:24:00+00:00,61357.921875,61364.0,61349.98828125,61364.0,5877760
2026-06-10 03:25:00+00:00,61383.98828125,61399.53125,61348.609375,61348.609375,0
2026-06-10 03:26:00+00:00,61389.12109375,61389.98828125,61373.421875,61383.01171875,0
2026-06-10 03:27:00+00:00,61433.08984375,61433.08984375,61389.12109375,61389.12109375,0
2026-06-10 03:28:00+00:00,61484.98828125,61485.0,61430.44140625,61433.08984375,15831040
2026-06-10 03:29:00+00:00,61523.73046875,61533.98046875,61511.4296875,61515.890625,166137856
2026-06-10 03:30:00+00:00,61489.8515625,61515.16015625,61477.859375,61496.7890625,0
2026-06-10 03:31:00+00:00,61433.0,61511.390625,61425.69921875,61511.390625,0
2026-06-10 03:32:00+00:00,61407.6484375,61459.6796875,61404.3515625,61444.2890625,0
2026-06-10 03:33:00+00:00,61433.109375,61467.0,61404.3515625,61404.3515625,14909440
2026-06-10 03:34:00+00:00,61415.0390625,61421.9609375,61395.80078125,61421.9609375,0
2026-06-10 03:35:00+00:00,61420.0,61429.37109375,61398.0390625,61398.0390625,0
2026-06-10 03:36:00+00:00,61426.96875,61427.671875,61413.87890625,61414.94140625,62099456
2026-06-10 03:37:00+00:00,61461.0390625,61462.9296875,61401.578125,61401.578125,0
2026-06-10 03:38:00+00:00,61503.76953125,61503.76953125,61448.05859375,61448.05859375,0
2026-06-10 03:39:00+00:00,61466.671875,61503.9609375,61466.671875,61503.76953125,17039360
2026-06-10 03:40:00+00:00,61433.12109375,61457.01171875,61421.91015625,61457.01171875,3706880
2026-06-10 03:41:00+00:00,61419.5390625,61433.109375,61419.5390625,61433.109375,0
2026-06-10 03:42:00+00:00,61425.640625,61440.55859375,61419.5390625,61419.5390625,0
2026-06-10 03:43:00+00:00,61472.87109375,61481.578125,61425.640625,61425.6484375,0
2026-06-10 03:44:00+00:00,61480.25,61488.62890625,61472.87109375,61472.87109375,47505408
2026-06-10 03:45:00+00:00,61506.8203125,61506.8203125,61480.23828125,61480.23828125,0
2026-06-10 03:46:00+00:00,61518.87890625,61518.87890625,61500.4609375,61506.1015625,0
2026-06-10 03:47:00+00:00,61495.0,61525.8515625,61481.58984375,61524.98828125,0
2026-06-10 03:48:00+00:00,61511.01953125,61542.6484375,61496.0,61496.0,0
2026-06-10 03:49:00+00:00,61512.03125,61526.33984375,61496.51171875,61514.30078125,1187840
2026-06-10 03:50:00+00:00,61449.828125,61518.87890625,61449.828125,61518.87890625,0
2026-06-10 03:51:00+00:00,61469.26953125,61471.98046875,61446.4296875,61446.4296875,0
2026-06-10 03:52:00+00:00,61462.0,61488.359375,61459.2109375,61467.48828125,0
2026-06-10 03:53:00+00:00,61474.140625,61485.30078125,61472.0,61472.0,0
2026-06-10 03:54:00+00:00,61507.421875,61507.421875,61465.0390625,61483.0390625,0
2026-06-10 03:55:00+00:00,61477.73046875,61500.0,61470.41015625,61500.0,0
2026-06-10 03:56:00+00:00,61478.3515625,61483.80859375,61472.890625,61474.0,574300160
2026-06-10 03:57:00+00:00,61487.05078125,61487.05078125,61464.62109375,61480.140625,0
2026-06-10 03:58:00+00:00,61499.640625,61506.921875,61489.76171875,61498.6015625,0
2026-06-10 03:59:00+00:00,61503.9609375,61503.96875,61484.0,61496.69140625,0
2026-06-10 04:00:00+00:00,61511.421875,61519.7890625,61496.51171875,61503.9609375,0
2026-06-10 04:01:00+00:00,61506.140625,61514.78125,61504.03125,61514.78125,0
2026-06-10 04:02:00+00:00,61474.12109375,61506.140625,61461.921875,61506.140625,0
2026-06-10 04:03:00+00:00,61459.94140625,61481.828125,61459.94140625,61481.828125,0
2026-06-10 04:04:00+00:00,61452.30859375,61456.6015625,61415.0,61456.6015625,0
2026-06-10 04:05:00+00:00,61463.421875,61463.421875,61438.28125,61451.75,4632576
2026-06-10 04:06:00+00:00,61448.8984375,61478.0,61448.8984375,61463.4296875,0
2026-06-10 04:07:00+00:00,61470.76171875,61485.30859375,61440.5703125,61443.25,0
2026-06-10 04:08:00+00:00,61492.76953125,61496.44921875,61474.2890625,61484.640625,0
2026-06-10 04:09:00+00:00,61504.5390625,61515.1484375,61502.23046875,61502.23046875,0
2026-06-10 04:10:00+00:00,61492.78125,61520.96875,61492.78125,61515.1484375,10633216
2026-06-10 04:11:00+00:00,61429.37109375,61493.91015625,61429.359375,61492.78125,0
2026-06-10 04:12:00+00:00,61401.98828125,61433.98046875,61401.98828125,61433.98046875,0
2026-06-10 04:13:00+00:00,61428.9609375,61428.9609375,61402.0,61402.0,1908736
2026-06-10 04:14:00+00:00,61459.8515625,61477.859375,61436.8203125,61436.8203125,0
2026-06-10 04:15:00+00:00,61475.30859375,61475.3203125,61454.91015625,61454.91015625,0
2026-06-10 04:16:00+00:00,61460.859375,61485.87890625,61455.48046875,61475.30859375,1634304
2026-06-10 04:17:00+00:00,61459.2109375,61483.98046875,61459.2109375,61465.6484375,0
2026-06-10 04:18:00+00:00,61470.390625,61470.390625,61451.75,61459.2109375,0
2026-06-10 04:19:00+00:00,61460.0703125,61489.05078125,61460.0703125,61479.98828125,1208320
2026-06-10 04:20:00+00:00,61489.05078125,61500.01953125,61460.078125,61460.078125,0
2026-06-10 04:21:00+00:00,61437.359375,61490.96875,61437.05078125,61489.05078125,0
2026-06-10 04:22:00+00:00,61455.48046875,61462.7890625,61414.44921875,61418.19140625,3870720
2026-06-10 04:23:00+00:00,61459.55078125,61476.76953125,61456.078125,61462.9296875,0
2026-06-10 04:24:00+00:00,61453.21875,61459.91015625,61444.30078125,61459.03125,0
2026-06-10 04:25:00+00:00,61468.578125,61477.859375,61462.9296875,61462.9296875,0
2026-06-10 04:26:00+00:00,61466.6796875,61481.5703125,61466.6796875,61468.5,0
2026-06-10 04:27:00+00:00,61436.828125,61459.2109375,61427.0390625,61459.2109375,0
2026-06-10 04:28:00+00:00,61418.1484375,61436.828125,61418.1484375,61436.828125,0
2026-06-10 04:29:00+00:00,61425.62890625,61428.48828125,61406.98046875,61418.16015625,7692288
2026-06-10 04:30:00+00:00,61383.96875,61420.8203125,61336.12109375,61420.80859375,0
2026-06-10 04:31:00+00:00,61306.28125,61369.69140625,61306.28125,61369.69140625,0
2026-06-10 04:32:00+00:00,61278.609375,61315.05859375,61278.609375,61315.05859375,0
2026-06-10 04:33:00+00:00,61286.0,61302.671875,61285.62890625,61288.7890625,0
2026-06-10 04:34:00+00:00,61304.98828125,61308.5390625,61275.8515625,61286.01171875,0
2026-06-10 04:35:00+00:00,61307.78125,61314.98828125,61293.96875,61295.05859375,0
2026-06-10 04:36:00+00:00,61209.87890625,61307.78125,61209.87890625,61307.78125,0
2026-06-10 04:37:00+00:00,61166.53125,61219.48828125,61166.53125,61207.23046875,0
2026-06-10 04:38:00+00:00,61189.0703125,61189.0703125,61152.80859375,61182.5390625,0
2026-06-10 04:39:00+00:00,61220.0,61220.0,61142.16015625,61170.0,0
2026-06-10 04:40:00+00:00,61244.0,61255.76953125,61214.98828125,61214.98828125,0
2026-06-10 04:41:00+00:00,61174.1015625,61231.6796875,61168.26953125,61231.6796875,0
2026-06-10 04:42:00+00:00,61172.6796875,61190.9296875,61172.6796875,61174.1015625,0
2026-06-10 04:43:00+00:00,61183.19140625,61183.19140625,61172.6796875,61172.6796875,0
2026-06-10 04:44:00+00:00,61179.58984375,61196.91015625,61163.0390625,61182.1015625,99913728
2026-06-10 04:45:00+00:00,61179.96875,61179.96875,61145.890625,61179.640625,0
2026-06-10 04:46:00+00:00,61232.25,61232.25,61184.98828125,61184.98828125,0
2026-06-10 04:47:00+00:00,61243.98046875,61261.69921875,61228.4609375,61228.4609375,0
2026-06-10 04:48:00+00:00,61307.98828125,61307.98828125,61253.98046875,61254.30859375,1794048
2026-06-10 04:49:00+00:00,61300.41015625,61319.25,61287.76171875,61307.98046875,0
2026-06-10 04:50:00+00:00,61289.859375,61294.01171875,61261.51953125,61291.359375,0
2026-06-10 04:51:00+00:00,61268.98046875,61298.4296875,61265.25,61287.1484375,0
2026-06-10 04:52:00+00:00,61288.80078125,61290.05859375,61268.98046875,61268.98046875,4820992
2026-06-10 04:53:00+00:00,61238.171875,61280.171875,61238.01171875,61280.171875,0
2026-06-10 04:54:00+00:00,61233.0,61254.05078125,61233.0,61241.609375,0
2026-06-10 04:55:00+00:00,61194.48046875,61233.01953125,61194.37890625,61233.01953125,0
2026-06-10 04:56:00+00:00,61191.12109375,61215.6015625,61186.9296875,61194.48046875,0
2026-06-10 04:57:00+00:00,61200.12890625,61226.01953125,61200.12890625,61205.55859375,0
2026-06-10 04:58:00+00:00,61212.94921875,61212.94921875,61199.8515625,61200.12890625,0
2026-06-10 04:59:00+00:00,61248.1796875,61248.1796875,61213.03125,61213.03125,0
2026-06-10 05:00:00+00:00,61268.96875,61268.96875,61256.578125,61257.7890625,0
2026-06-10 05:01:00+00:00,61157.078125,61261.51953125,61145.890625,61261.51953125,8953856
2026-06-10 05:02:00+00:00,61198.3203125,61209.9296875,61162.5703125,61179.4609375,0
2026-06-10 05:03:00+00:00,61227.94921875,61239.12890625,61207.71875,61207.71875,1654784
2026-06-10 05:04:00+00:00,61230.98046875,61242.859375,61215.51953125,61239.12890625,0
2026-06-10 05:05:00+00:00,61236.7890625,61236.7890625,61201.83984375,61220.5,0
2026-06-10 05:06:00+00:00,61265.421875,61266.9296875,61203.21875,61224.21875,0
2026-06-10 05:07:00+00:00,61193.640625,61246.6015625,61193.640625,61246.6015625,0
2026-06-10 05:08:00+00:00,61130.73046875,61189.94140625,61101.73828125,61189.94140625,0
2026-06-10 05:09:00+00:00,61133.0,61138.390625,61106.73828125,61129.73046875,4722688
2026-06-10 05:10:00+00:00,61115.51171875,61145.0,61115.3515625,61142.16015625,0
2026-06-10 05:11:00+00:00,61117.3984375,61141.3203125,61117.3984375,61117.9296875,80388096
2026-06-10 05:12:00+00:00,61100.12109375,61124.7109375,61100.03125,61121.0,0
2026-06-10 05:13:00+00:00,61112.3203125,61134.69140625,61099.62890625,61100.12109375,0
2026-06-10 05:14:00+00:00,61120.0,61120.0,61080.328125,61112.28125,3784704
2026-06-10 05:15:00+00:00,61081.48828125,61104.87109375,61071.30078125,61104.87109375,41652224
2026-06-10 05:16:00+00:00,61074.30078125,61076.48828125,61061.3984375,61063.828125,1572864
2026-06-10 05:17:00+00:00,61118.0,61118.0,61047.9296875,61071.578125,43565056
2026-06-10 05:18:00+00:00,61068.4609375,61124.0,61068.4609375,61116.578125,0
2026-06-10 05:19:00+00:00,61060.08984375,61060.08984375,61030.08984375,61037.71875,3338240
2026-06-10 05:20:00+00:00,61071.171875,61071.28125,61056.37109375,61071.28125,24559616
2026-06-10 05:21:00+00:00,61089.9296875,61089.9296875,61052.58984375,61071.171875,0
2026-06-10 05:22:00+00:00,61084.98046875,61125.109375,61068.96875,61094.73828125,0
2026-06-10 05:23:00+00:00,61118.0,61119.78125,61089.671875,61112.30078125,0
2026-06-10 05:24:00+00:00,61113.98828125,61113.98828125,61078.75,61111.01171875,0
2026-06-10 05:25:00+00:00,61171.98828125,61171.98828125,61113.98828125,61113.98828125,0
2026-06-10 05:26:00+00:00,61164.5390625,61186.0,61164.5390625,61165.6484375,751841280
2026-06-10 05:27:00+00:00,61188.1015625,61188.1015625,61164.5390625,61164.5390625,0
2026-06-10 05:28:00+00:00,61181.171875,61213.03125,61176.6015625,61205.5703125,0
2026-06-10 05:29:00+00:00,61211.37109375,61211.37890625,61169.98046875,61186.03125,0
2026-06-10 05:30:00+00:00,61194.37890625,61243.98828125,61186.01171875,61225.0,2695168
2026-06-10 05:31:00+00:00,61176.171875,61198.1015625,61146.0,61198.1015625,0
2026-06-10 05:32:00+00:00,61246.578125,61246.578125,61176.2109375,61176.2109375,0
2026-06-10 05:33:00+00:00,61274.171875,61276.01171875,61232.0,61242.25,0
2026-06-10 05:34:00+00:00,61232.03125,61274.171875,61232.03125,61274.171875,0
2026-06-10 05:35:00+00:00,61216.75,61226.0,61198.46875,61226.0,0
2026-06-10 05:36:00+00:00,61209.2890625,61218.328125,61198.109375,61216.75,0
2026-06-10 05:37:00+00:00,61172.0,61209.2890625,61172.0,61209.2890625,0
2026-06-10 05:38:00+00:00,61174.16015625,61179.2890625,61142.171875,61178.01171875,0
2026-06-10 05:39:00+00:00,61190.6796875,61190.6796875,61175.73046875,61180.03125,0
2026-06-10 05:40:00+00:00,61224.0,61224.0,61193.30859375,61197.1484375,0
2026-06-10 05:41:00+00:00,61225.0,61241.8984375,61224.76171875,61225.3203125,0
2026-06-10 05:42:00+00:00,61223.98828125,61225.01171875,61195.87890625,61225.01171875,0
2026-06-10 05:43:00+00:00,61223.44140625,61234.0,61223.44140625,61224.0,0
2026-06-10 05:44:00+00:00,61232.37109375,61232.37109375,61209.30078125,61228.48046875,0
2026-06-10 05:45:00+00:00,61239.12890625,61243.66015625,61229.171875,61232.37109375,0
2026-06-10 05:46:00+00:00,61234.53125,61235.41015625,61224.21875,61229.41015625,0
2026-06-10 05:47:00+00:00,61232.26953125,61237.25,61222.91015625,61224.21875,118325248
2026-06-10 05:48:00+00:00,61166.19140625,61201.8515625,61164.5390625,61201.8515625,6742016
2026-06-10 05:49:00+00:00,61170.0,61194.0390625,61170.0,61178.30078125,0
2026-06-10 05:50:00+00:00,61231.55078125,61239.12890625,61174.2890625,61174.2890625,0
2026-06-10 05:51:00+00:00,61220.48046875,61239.140625,61183.16015625,61239.140625,0
2026-06-10 05:52:00+00:00,61241.9296875,61241.9296875,61198.6484375,61221.33984375,0
2026-06-10 05:53:00+00:00,61270.7890625,61270.7890625,61244.921875,61253.98046875,0
2026-06-10 05:54:00+00:00,61321.98828125,61330.19921875,61276.25,61276.25,0
2026-06-10 05:55:00+00:00,61323.98046875,61330.19140625,61321.19921875,61322.94921875,0
2026-06-10 05:56:00+00:00,61334.73828125,61334.73828125,61313.578125,61323.98046875,0
2026-06-10 05:57:00+00:00,61339.28125,61350.0,61337.96875,61340.921875,0
2026-06-10 05:58:00+00:00,61291.671875,61317.48046875,61287.94921875,61317.46875,2838528
2026-06-10 05:59:00+00:00,61301.98828125,61301.98828125,61291.48828125,61291.6796875,0
2026-06-10 06:00:00+00:00,61301.98828125,61313.73046875,61293.98828125,61310.51171875,0
2026-06-10 06:01:00+00:00,61283.890625,61302.0,61268.98046875,61302.0,0
2026-06-10 06:02:00+00:00,61263.69140625,61300.16015625,61263.69140625,61280.51953125,0
2026-06-10 06:03:00+00:00,61261.51953125,61283.8984375,61247.75,61276.2109375,0
2026-06-10 06:04:00+00:00,61342.69140625,61342.69140625,61276.44140625,61276.44140625,0
2026-06-10 06:05:00+00:00,61321.2109375,61349.44140625,61311.30859375,61349.44140625,0
2026-06-10 06:06:00+00:00,61310.01171875,61325.21875,61302.55859375,61321.19921875,0
2026-06-10 06:07:00+00:00,61324.9296875,61324.9296875,61283.91015625,61307.12890625,0
2026-06-10 06:08:00+00:00,61351.0390625,61379.05078125,61339.890625,61339.890625,0
2026-06-10 06:09:00+00:00,61329.80078125,61352.33984375,61302.55078125,61332.98046875,5189632
2026-06-10 06:10:00+00:00,61324.87890625,61324.890625,61298.75,61310.01953125,0
2026-06-10 06:11:00+00:00,61338.80078125,61340.01171875,61324.25,61324.71875,0
2026-06-10 06:12:00+00:00,61332.37890625,61334.62109375,61306.28125,61324.9296875,3264512
2026-06-10 06:13:00+00:00,61340.98828125,61340.98828125,61313.4296875,61332.37890625,0
2026-06-10 06:14:00+00:00,61339.8515625,61343.98828125,61332.390625,61340.98828125,0
2026-06-10 06:15:00+00:00,61377.12109375,61377.12109375,61332.390625,61337.62109375,0
2026-06-10 06:16:00+00:00,61360.12890625,61373.421875,61354.76953125,61373.421875,0
2026-06-10 06:17:00+00:00,61393.890625,61399.53125,61363.98828125,61365.94921875,0
2026-06-10 06:18:00+00:00,61414.44921875,61419.30078125,61399.98828125,61399.98828125,0
2026-06-10 06:19:00+00:00,61425.62890625,61425.62890625,61412.1484375,61425.0,4325376
2026-06-10 06:20:00+00:00,61339.828125,61416.41015625,61339.828125,61393.98828125,394027008
2026-06-10 06:21:00+00:00,61313.73828125,61361.21875,61311.98828125,61361.21875,0
2026-06-10 06:22:00+00:00,61339.98828125,61342.62890625,61321.80859375,61321.80859375,21319680
2026-06-10 06:23:00+00:00,61327.73046875,61347.2890625,61313.5,61347.2890625,180006912
2026-06-10 06:24:00+00:00,61302.0,61324.859375,61280.171875,61324.859375,0
2026-06-10 06:25:00+00:00,61289.76953125,61315.96875,61285.96875,61315.96875,12673024
2026-06-10 06:26:00+00:00,61357.98828125,61358.0,61303.8984375,61303.8984375,0
2026-06-10 06:27:00+00:00,61302.55078125,61362.21875,61302.55078125,61362.21875,0
2026-06-10 06:28:00+00:00,61288.73046875,61309.98046875,61287.62890625,61302.55078125,0
2026-06-10 06:29:00+00:00,61295.62109375,61300.87890625,61270.0,61288.71875,82636800
2026-06-10 06:30:00+00:00,61277.73828125,61306.28125,61277.73828125,61306.28125,0
2026-06-10 06:31:00+00:00,61209.2890625,61277.7109375,61198.640625,61277.7109375,0
2026-06-10 06:32:00+00:00,61153.3203125,61209.26171875,61123.51171875,61209.26171875,0
2026-06-10 06:33:00+00:00,61116.05859375,61167.71875,61116.05859375,61135.98828125,59195392
2026-06-10 06:34:00+00:00,61123.3203125,61134.05859375,61115.01171875,61115.01171875,3977216
2026-06-10 06:35:00+00:00,61127.23828125,61140.08984375,61094.671875,61130.9609375,0
2026-06-10 06:36:00+00:00,61254.44921875,61254.44921875,61144.01171875,61144.01171875,0
2026-06-10 06:37:00+00:00,61242.8984375,61274.19140625,61231.98046875,61255.19140625,0
2026-06-10 06:38:00+00:00,61332.37890625,61332.37890625,61272.7109375,61276.4296875,71454720
2026-06-10 06:39:00+00:00,61377.140625,61378.01953125,61358.5,61367.80078125,0
2026-06-10 06:40:00+00:00,61349.46875,61403.25,61349.46875,61380.0,9207808
2026-06-10 06:41:00+00:00,61332.390625,61378.44921875,61332.390625,61343.578125,0
2026-06-10 06:42:00+00:00,61355.421875,61369.6796875,61332.3984375,61332.3984375,0
2026-06-10 06:43:00+00:00,61358.48828125,61361.51953125,61336.12109375,61352.0390625,1732608
2026-06-10 06:44:00+00:00,61384.6015625,61388.328125,61358.8515625,61358.8515625,263114752
2026-06-10 06:45:00+00:00,61409.51953125,61409.51953125,61382.2890625,61384.6015625,126976
2026-06-10 06:46:00+00:00,61395.98046875,61419.98046875,61395.98046875,61410.7109375,0
2026-06-10 06:47:00+00:00,61455.46875,61455.46875,61384.609375,61395.98046875,165531648
2026-06-10 06:48:00+00:00,61422.0390625,61470.9296875,61422.01171875,61470.9296875,0
2026-06-10 06:49:00+00:00,61422.0,61445.0,61418.1796875,61432.37109375,0
2026-06-10 06:50:00+00:00,61370.6796875,61420.140625,61367.921875,61420.140625,0
2026-06-10 06:51:00+00:00,61403.578125,61403.578125,61379.078125,61379.140625,5251072
2026-06-10 06:52:00+00:00,61417.41015625,61431.78125,61417.37890625,61421.73046875,0
2026-06-10 06:53:00+00:00,61431.78125,61431.78125,61418.21875,61418.21875,0
2026-06-10 06:54:00+00:00,61438.859375,61438.87109375,61421.05078125,61431.98828125,0
2026-06-10 06:55:00+00:00,61444.2890625,61462.640625,61444.2890625,61459.19921875,0
2026-06-10 06:56:00+00:00,61425.16015625,61437.3203125,61416.0,61433.1015625,108158976
2026-06-10 06:57:00+00:00,61414.0,61425.16015625,61410.140625,61425.16015625,0
2026-06-10 06:58:00+00:00,61426.140625,61429.078125,61410.140625,61414.0,0
2026-06-10 06:59:00+00:00,61418.1796875,61428.21875,61418.1796875,61427.55078125,84451328
2026-06-10 07:00:00+00:00,61403.96875,61423.23828125,61403.9609375,61423.23828125,0
2026-06-10 07:01:00+00:00,61394.05078125,61406.98046875,61379.94921875,61406.98046875,0
2026-06-10 07:02:00+00:00,61436.8515625,61436.8515625,61404.3515625,61405.21875,0
2026-06-10 07:03:00+00:00,61507.69921875,61518.01171875,61444.28125,61444.28125,0
2026-06-10 07:04:00+00:00,61486.0,61515.37109375,61485.3203125,61509.23046875,0
2026-06-10 07:05:00+00:00,61466.671875,61509.4296875,61464.109375,61464.109375,7782400
2026-06-10 07:06:00+00:00,61462.9296875,61477.87109375,61444.2890625,61468.19140625,0
2026-06-10 07:07:00+00:00,61491.1015625,61498.51953125,61465.4609375,61470.390625,1024000
2026-06-10 07:08:00+00:00,61470.76171875,61489.87109375,61467.62890625,61477.859375,0
2026-06-10 07:09:00+00:00,61515.421875,61515.421875,61477.8515625,61477.8515625,0
2026-06-10 07:10:00+00:00,61518.6484375,61533.80078125,61511.421875,61511.421875,6758400
2026-06-10 07:11:00+00:00,61504.0,61530.41015625,61500.25,61530.41015625,115142656
2026-06-10 07:12:00+00:00,61514.0,61530.0390625,61508.328125,61520.01171875,1855488
2026-06-10 07:13:00+00:00,61474.12890625,61513.96875,61474.12890625,61513.96875,0
2026-06-10 07:14:00+00:00,61520.0,61532.30859375,61492.76953125,61492.76953125,0
2026-06-10 07:15:00+00:00,61538.98046875,61538.98046875,61514.7890625,61520.0,5820416
2026-06-10 07:16:00+00:00,61563.640625,61563.640625,61522.640625,61536.19140625,0
2026-06-10 07:17:00+00:00,61599.6796875,61600.109375,61562.37890625,61563.640625,187289600
2026-06-10 07:18:00+00:00,61594.73046875,61630.78125,61594.73046875,61620.0390625,0
2026-06-10 07:19:00+00:00,61608.41015625,61632.73046875,61608.41015625,61623.05078125,0
2026-06-10 07:20:00+00:00,61641.98828125,61655.62109375,61615.578125,61615.578125,11456512
2026-06-10 07:21:00+00:00,61622.12890625,61654.0,61602.7890625,61641.98828125,0
2026-06-10 07:22:00+00:00,61601.71875,61630.69921875,61598.01171875,61627.48046875,3686400
2026-06-10 07:23:00+00:00,61608.5,61626.0390625,61589.76953125,61593.48828125,0
2026-06-10 07:24:00+00:00,61626.0,61626.0,61563.6484375,61608.26953125,2805760
2026-06-10 07:25:00+00:00,61585.16015625,61625.2890625,61575.01171875,61625.2890625,0
2026-06-10 07:26:00+00:00,61594.01171875,61594.01953125,61572.98828125,61587.2109375,14102528
2026-06-10 07:27:00+00:00,61573.30078125,61607.7109375,61567.37890625,61597.2109375,19181568
2026-06-10 07:28:00+00:00,61594.19140625,61594.19140625,61563.3203125,61573.30078125,77824
2026-06-10 07:29:00+00:00,61593.390625,61604.7109375,61591.98828125,61591.98828125,674725888
2026-06-10 07:30:00+00:00,61564.109375,61591.98828125,61559.921875,61591.98828125,0
2026-06-10 07:31:00+00:00,61540.55859375,61579.359375,61540.55859375,61579.359375,0
2026-06-10 07:32:00+00:00,61517.609375,61545.76953125,61508.19921875,61545.76953125,96059392
2026-06-10 07:33:00+00:00,61556.01953125,61559.91015625,61516.69140625,61518.890625,0
2026-06-10 07:34:00+00:00,61720.30859375,61730.01953125,61559.05078125,61559.05078125,0
2026-06-10 07:35:00+00:00,61679.2890625,61738.94921875,61679.2890625,61738.94921875,0
2026-06-10 07:36:00+00:00,61695.30859375,61697.8984375,61661.76171875,61665.55078125,0
2026-06-10 07:37:00+00:00,61694.19140625,61705.3984375,61675.55859375,61698.0,34607104
2026-06-10 07:38:00+00:00,61649.21875,61732.23046875,61647.76171875,61693.609375,0
2026-06-10 07:39:00+00:00,61665.6015625,61676.6484375,61634.0,61634.0,0
2026-06-10 07:40:00+00:00,61698.9609375,61698.9609375,61658.03125,61673.96875,6762496
2026-06-10 07:41:00+00:00,61674.46875,61698.96875,61674.4609375,61698.96875,0
2026-06-10 07:42:00+00:00,61682.7890625,61690.4296875,61674.4609375,61677.9609375,33517568
2026-06-10 07:43:00+00:00,61700.0390625,61700.0390625,61669.94921875,61685.37890625,7176192
2026-06-10 07:44:00+00:00,61706.01171875,61708.0,61688.44140625,61691.78125,0
2026-06-10 07:45:00+00:00,61686.23828125,61707.98828125,61669.3984375,61707.98828125,630784
2026-06-10 07:46:00+00:00,61659.5390625,61686.23828125,61659.5390625,61686.23828125,0
2026-06-10 07:47:00+00:00,61701.98046875,61701.98046875,61665.828125,61665.9296875,8896512
2026-06-10 07:48:00+00:00,61660.75,61700.58984375,61643.80078125,61699.87109375,0
2026-06-10 07:49:00+00:00,61665.98828125,61665.98828125,61617.80859375,61644.01171875,0
2026-06-10 07:50:00+00:00,61639.5390625,61668.12109375,61619.8984375,61668.12109375,160641024
2026-06-10 07:51:00+00:00,61671.9609375,61671.9609375,61635.94140625,61635.94140625,0
2026-06-10 07:52:00+00:00,61724.96875,61724.96875,61651.94140625,61672.609375,0
2026-06-10 07:53:00+00:00,61693.8203125,61712.66015625,61693.8203125,61712.66015625,194113536
2026-06-10 07:54:00+00:00,61684.828125,61684.828125,61626.94921875,61673.98828125,0
2026-06-10 07:55:00+00:00,61667.98828125,61697.69140625,61657.66015625,61679.12890625,0
2026-06-10 07:56:00+00:00,61633.0,61661.76171875,61633.0,61661.76171875,0
2026-06-10 07:57:00+00:00,61652.4609375,61656.671875,61639.12890625,61641.98828125,20733952
2026-06-10 07:58:00+00:00,61634.5390625,61655.91015625,61628.62890625,61645.2109375,16068608
2026-06-10 07:59:00+00:00,61621.44921875,61644.80859375,61609.98828125,61641.1015625,39383040
2026-06-10 08:00:00+00:00,61606.76953125,61641.08984375,61606.76953125,61641.08984375,606208
2026-06-10 08:01:00+00:00,61615.05078125,61653.98046875,61603.01953125,61607.23828125,1515520
2026-06-10 08:02:00+00:00,61605.609375,61631.98828125,61601.01171875,61603.94921875,0
2026-06-10 08:03:00+00:00,61577.7109375,61600.78125,61545.26171875,61600.78125,0
2026-06-10 08:04:00+00:00,61598.94140625,61598.94140625,61557.98828125,61557.98828125,4399104
2026-06-10 08:05:00+00:00,61603.96875,61615.46875,61570.05078125,61615.4609375,0
2026-06-10 08:06:00+00:00,61559.19140625,61603.0703125,61559.19140625,61594.8203125,0
2026-06-10 08:07:00+00:00,61568.171875,61581.55859375,61520.48046875,61559.98828125,9949184
2026-06-10 08:08:00+00:00,61524.609375,61557.6484375,61512.94140625,61557.6484375,0
2026-06-10 08:09:00+00:00,61528.73046875,61528.73046875,61488.0390625,61524.6015625,0
2026-06-10 08:10:00+00:00,61616.0,61616.0,61549.390625,61549.390625,0
2026-06-10 08:11:00+00:00,61661.08984375,61661.08984375,61615.4609375,61615.4609375,0
2026-06-10 08:12:00+00:00,61591.30078125,61655.69140625,61568.4609375,61655.69140625,0
2026-06-10 08:13:00+00:00,61578.30859375,61595.73828125,61578.30078125,61595.73828125,0
2026-06-10 08:14:00+00:00,61568.01171875,61574.1484375,61561.12109375,61572.58984375,0
2026-06-10 08:15:00+00:00,61590.6796875,61590.6796875,61565.98828125,61578.2890625,0
2026-06-10 08:16:00+00:00,61638.94140625,61638.94140625,61605.12109375,61605.12109375,0
2026-06-10 08:17:00+00:00,61659.98046875,61684.87890625,61629.98046875,61638.9296875,0
2026-06-10 08:18:00+00:00,61574.16015625,61668.30859375,61565.96875,61668.30859375,0
2026-06-10 08:19:00+00:00,61565.8984375,61608.1796875,61557.6484375,61598.94140625,17772544
2026-06-10 08:20:00+00:00,61586.671875,61619.58984375,61582.2109375,61582.2109375,0
2026-06-10 08:21:00+00:00,61546.0,61594.80859375,61538.0,61587.98046875,0
2026-06-10 08:22:00+00:00,61532.87109375,61565.3984375,61532.87109375,61554.0,0
2026-06-10 08:23:00+00:00,61542.30078125,61554.8984375,61528.73828125,61543.01171875,0
2026-06-10 08:24:00+00:00,61468.0,61540.01171875,61467.30078125,61537.0,0
2026-06-10 08:25:00+00:00,61482.94921875,61517.8515625,61475.98046875,61475.98046875,115171328
2026-06-10 08:26:00+00:00,61436.8203125,61483.6015625,61436.8203125,61483.6015625,123584512
2026-06-10 08:27:00+00:00,61437.140625,61450.26953125,61436.75,61442.859375,0
2026-06-10 08:28:00+00:00,61450.26953125,61466.78125,61442.01171875,61442.01171875,0
2026-06-10 08:29:00+00:00,61467.8203125,61473.94921875,61451.828125,61451.828125,0
2026-06-10 08:30:00+00:00,61501.6796875,61515.23828125,61480.48046875,61492.01953125,3133440
2026-06-10 08:31:00+00:00,61557.640625,61557.640625,61508.0703125,61508.0703125,8572928
2026-06-10 08:32:00+00:00,61428.73828125,61548.21875,61404.359375,61548.21875,21303296
2026-06-10 08:33:00+00:00,61437.890625,61459.5,61425.48828125,61433.62109375,0
2026-06-10 08:34:00+00:00,61363.55859375,61450.26171875,61363.55859375,61441.19140625,0
2026-06-10 08:35:00+00:00,61364.23828125,61364.23828125,61322.23828125,61345.58984375,177434624
2026-06-10 08:36:00+00:00,61375.9296875,61400.69921875,61374.1796875,61380.05078125,0
2026-06-10 08:37:00+00:00,61384.19140625,61386.01171875,61352.8203125,61371.80078125,3092480
2026-06-10 08:38:00+00:00,61372.01171875,61406.0,61369.98828125,61384.76171875,46489600
2026-06-10 08:39:00+00:00,61276.01171875,61379.76953125,61276.01171875,61370.921875,0
2026-06-10 08:40:00+00:00,61272.6796875,61289.1796875,61268.91015625,61271.12890625,0
2026-06-10 08:41:00+00:00,61271.0,61271.0,61242.26171875,61263.859375,20250624
2026-06-10 08:42:00+00:00,61208.75,61271.921875,61208.75,61271.921875,0
2026-06-10 08:43:00+00:00,61253.390625,61260.28125,61223.109375,61223.109375,0
2026-06-10 08:44:00+00:00,61189.98828125,61255.96875,61187.890625,61255.96875,0
2026-06-10 08:45:00+00:00,61201.98046875,61201.98046875,61144.0,61149.98828125,0
2026-06-10 08:46:00+00:00,61165.2890625,61198.44921875,61129.8515625,61198.44921875,7413760
2026-06-10 08:47:00+00:00,61174.12890625,61177.98828125,61144.6484375,61169.421875,35704832
2026-06-10 08:48:00+00:00,61114.03125,61184.87890625,61114.03125,61178.859375,0
2026-06-10 08:49:00+00:00,61174.30078125,61174.30078125,61123.421875,61129.8984375,11231232
2026-06-10 08:50:00+00:00,61157.03125,61196.921875,61148.78125,61190.0,0
2026-06-10 08:51:00+00:00,61235.51171875,61247.890625,61190.0,61190.0,42065920
2026-06-10 08:52:00+00:00,61273.6796875,61274.98828125,61231.37109375,61237.01953125,0
2026-06-10 08:53:00+00:00,61231.37890625,61256.0,61231.37890625,61253.8984375,0
2026-06-10 08:54:00+00:00,61224.0,61234.328125,61203.5,61231.37890625,199643136
2026-06-10 08:55:00+00:00,61214.859375,61228.28125,61186.8984375,61223.12890625,0
2026-06-10 08:56:00+00:00,61230.859375,61230.859375,61206.0,61224.859375,12800000
2026-06-10 08:57:00+00:00,61238.0,61247.8984375,61235.51171875,61238.26171875,0
2026-06-10 08:58:00+00:00,61218.98046875,61227.25,61206.6015625,61227.01953125,18485248
2026-06-10 08:59:00+00:00,61196.078125,61223.109375,61196.078125,61223.109375,1503232
2026-06-10 09:00:00+00:00,61231.37109375,61231.37109375,61205.37109375,61214.55859375,0
2026-06-10 09:01:00+00:00,61206.6015625,61268.5390625,61206.6015625,61239.640625,565248
2026-06-10 09:02:00+00:00,61190.0703125,61206.6015625,61149.26953125,61206.6015625,0
2026-06-10 09:03:00+00:00,61172.03125,61202.48046875,61165.30078125,61194.19921875,0
2026-06-10 09:04:00+00:00,61150.78125,61178.5,61147.80859375,61171.37109375,0
2026-06-10 09:05:00+00:00,61156.640625,61176.390625,61141.26953125,61165.2890625,0
2026-06-10 09:06:00+00:00,61172.0,61172.0,61136.390625,61150.69921875,3837952
2026-06-10 09:07:00+00:00,61179.28125,61196.98828125,61163.98046875,61170.05078125,0
2026-06-10 09:08:00+00:00,61112.3203125,61165.30078125,61112.3203125,61165.30078125,9510912
2026-06-10 09:09:00+00:00,61114.23046875,61152.01171875,61108.19921875,61108.19921875,0
2026-06-10 09:10:00+00:00,61161.171875,61191.1015625,61074.44140625,61099.21875,0
2026-06-10 09:11:00+00:00,61099.21875,61170.58984375,61099.21875,61170.58984375,7901184
2026-06-10 09:12:00+00:00,61111.609375,61122.25,61095.19921875,61097.01171875,0
2026-06-10 09:13:00+00:00,61074.7890625,61137.19140625,61074.7890625,61119.859375,7266304
2026-06-10 09:14:00+00:00,61010.921875,61082.01171875,61010.921875,61075.1015625,22843392
2026-06-10 09:15:00+00:00,61043.9609375,61045.8984375,61017.98828125,61017.98828125,0
2026-06-10 09:16:00+00:00,61020.73046875,61020.73828125,61000.0,61019.05859375,0
2026-06-10 09:17:00+00:00,61057.91015625,61058.671875,61017.83984375,61017.83984375,0
2026-06-10 09:18:00+00:00,61081.98046875,61088.80078125,61052.078125,61052.078125,1105920
2026-06-10 09:19:00+00:00,60990.46875,61085.62109375,60990.46875,61085.62109375,3571712
2026-06-10 09:20:00+00:00,60886.62890625,60986.91015625,60886.62890625,60986.91015625,179220480
2026-06-10 09:21:00+00:00,60793.328125,60915.01171875,60727.19921875,60915.01171875,0
2026-06-10 09:22:00+00:00,60791.171875,60851.421875,60779.671875,60781.2109375,11665408
2026-06-10 09:23:00+00:00,60856.328125,60866.78125,60805.98046875,60805.98046875,0
2026-06-10 09:24:00+00:00,60907.69140625,60913.359375,60876.19140625,60876.19140625,37064704
2026-06-10 09:25:00+00:00,61008.25,61008.25,60898.828125,60925.75,0
2026-06-10 09:26:00+00:00,61041.05078125,61041.05078125,60997.98046875,61008.98828125,0
2026-06-10 09:27:00+00:00,61094.73828125,61162.0,61051.69921875,61051.69921875,161927168
2026-06-10 09:28:00+00:00,61152.80859375,61164.671875,61093.12890625,61093.12890625,5496832
2026-06-10 09:29:00+00:00,61158.921875,61194.19921875,61148.78125,61153.9609375,0
2026-06-10 09:30:00+00:00,61198.76953125,61202.23828125,61134.0390625,61157.0390625,16437248
2026-06-10 09:31:00+00:00,61178.76171875,61214.51171875,61168.0,61205.37109375,1662976
2026-06-10 09:32:00+00:00,61208.01171875,61242.05859375,61167.28125,61171.96875,0
2026-06-10 09:33:00+00:00,61220.44921875,61238.3203125,61208.01171875,61208.01171875,52932608
2026-06-10 09:34:00+00:00,61235.46875,61246.0,61220.890625,61220.890625,3366912
2026-06-10 09:35:00+00:00,61259.98046875,61259.98046875,61242.671875,61244.33984375,0
2026-06-10 09:36:00+00:00,61262.0,61319.5,61260.7109375,61319.5,0
2026-06-10 09:37:00+00:00,61249.2109375,61254.01171875,61213.26171875,61240.671875,0
2026-06-10 09:38:00+00:00,61354.0,61367.12890625,61254.01171875,61254.01171875,0
2026-06-10 09:39:00+00:00,61337.16015625,61371.33984375,61326.37109375,61358.0,0
2026-06-10 09:40:00+00:00,61264.30078125,61314.01953125,61256.16015625,61314.01953125,13316096
2026-06-10 09:41:00+00:00,61273.26953125,61297.44921875,61272.01171875,61272.01171875,0
2026-06-10 09:42:00+00:00,61267.26171875,61285.05078125,61264.421875,61273.26953125,0
2026-06-10 09:43:00+00:00,61260.859375,61264.41015625,61225.98828125,61257.01171875,0
2026-06-10 09:44:00+00:00,61215.44140625,61257.26953125,61214.21875,61255.0390625,115531776
2026-06-10 09:45:00+00:00,61205.75,61226.41015625,61196.5390625,61218.98046875,1601536
2026-06-10 09:46:00+00:00,61138.19921875,61197.5390625,61138.19921875,61190.078125,0
2026-06-10 09:47:00+00:00,61111.94921875,61136.1484375,61107.48046875,61131.98828125,0
2026-06-10 09:48:00+00:00,61119.8984375,61142.0,61105.80078125,61115.73046875,0
2026-06-10 09:49:00+00:00,61133.6015625,61133.6015625,61103.98828125,61112.98828125,166346752
2026-06-10 09:50:00+00:00,61190.0,61190.30859375,61122.4609375,61130.0,0
2026-06-10 09:51:00+00:00,61223.12109375,61229.87890625,61188.62890625,61202.01171875,9441280
2026-06-10 09:52:00+00:00,61220.91015625,61273.0390625,61214.859375,61230.0703125,8261632
2026-06-10 09:53:00+00:00,61181.8203125,61213.62109375,61181.8203125,61207.16015625,0
2026-06-10 09:54:00+00:00,61258.0,61264.01171875,61198.328125,61198.328125,23957504
2026-06-10 09:55:00+00:00,61292.69140625,61292.69140625,61252.98828125,61256.91015625,14372864
2026-06-10 09:56:00+00:00,61334.62890625,61345.98828125,61305.71875,61319.98828125,0
2026-06-10 09:57:00+00:00,61305.48046875,61353.48828125,61305.48046875,61353.48828125,35938304
2026-06-10 09:58:00+00:00,61280.94140625,61290.01171875,61275.0703125,61275.0703125,0
2026-06-10 09:59:00+00:00,61289.109375,61289.109375,61276.5,61276.5,5287936
2026-06-10 10:00:00+00:00,61260.2890625,61291.21875,61250.37109375,61264.421875,0
2026-06-10 10:01:00+00:00,61256.1484375,61288.0,61244.33984375,61250.01953125,2416640
2026-06-10 10:02:00+00:00,61260.01171875,61297.44921875,61254.359375,61262.01171875,0
2026-06-10 10:03:00+00:00,61239.98828125,61243.76171875,61207.671875,61239.6484375,0
2026-06-10 10:04:00+00:00,61244.3203125,61273.21875,61239.98828125,61251.98828125,4587520
2026-06-10 10:05:00+00:00,61143.671875,61229.7109375,61143.0,61227.25,0
2026-06-10 10:06:00+00:00,61133.12109375,61167.01171875,61133.12109375,61133.98828125,13484032
2026-06-10 10:07:00+00:00,61115.98828125,61141.51171875,61115.98828125,61136.80078125,286720
2026-06-10 10:08:00+00:00,61156.328125,61162.0,61116.0,61116.0,0
2026-06-10 10:09:00+00:00,61201.01953125,61202.4609375,61167.828125,61167.828125,0
2026-06-10 10:10:00+00:00,61129.98828125,61202.30078125,61121.98046875,61202.30078125,0
2026-06-10 10:11:00+00:00,61132.6015625,61147.6015625,61115.73828125,61115.73828125,167899136
2026-06-10 10:12:00+00:00,61192.328125,61192.328125,61132.6015625,61132.6015625,2060288
2026-06-10 10:13:00+00:00,61223.25,61223.25,61185.2890625,61187.0,0
2026-06-10 10:14:00+00:00,61190.08984375,61242.48046875,61190.08984375,61217.41015625,0
2026-06-10 10:15:00+00:00,61152.01953125,61219.19140625,61152.01953125,61184.859375,0
2026-06-10 10:16:00+00:00,61157.6796875,61175.94921875,61154.30078125,61161.16015625,0
2026-06-10 10:17:00+00:00,61103.359375,61140.53125,61103.3515625,61140.53125,162238464
2026-06-10 10:18:00+00:00,61122.0,61134.44921875,61109.05859375,61109.05859375,0
2026-06-10 10:19:00+00:00,61144.6484375,61151.05078125,61105.62109375,61105.62109375,0
2026-06-10 10:20:00+00:00,61115.19140625,61135.0,61113.9609375,61135.0,0
2026-06-10 10:21:00+00:00,61172.0390625,61179.0,61111.44921875,61115.171875,0
2026-06-10 10:22:00+00:00,61179.94140625,61184.0,61166.6484375,61173.55859375,1228800
2026-06-10 10:23:00+00:00,61202.4609375,61204.0,61169.9609375,61181.46875,174878720
2026-06-10 10:24:00+00:00,61213.109375,61231.98828125,61196.96875,61205.37109375,0
2026-06-10 10:25:00+00:00,61208.0,61228.0,61204.671875,61216.6796875,20631552
2026-06-10 10:26:00+00:00,61196.0,61205.30859375,61169.46875,61205.30859375,0
2026-06-10 10:27:00+00:00,61247.8515625,61256.16015625,61200.0,61200.0,0
2026-06-10 10:28:00+00:00,61299.12109375,61299.12109375,61247.8515625,61255.109375,1953792
2026-06-10 10:29:00+00:00,61276.8203125,61306.0,61276.80859375,61306.0,0
2026-06-10 10:30:00+00:00,61348.98046875,61348.98046875,61270.78125,61285.8984375,0
2026-06-10 10:31:00+00:00,61397.4296875,61400.71875,61333.2890625,61359.3984375,2514944
2026-06-10 10:32:00+00:00,61338.75,61384.19140625,61327.98828125,61384.19140625,0
2026-06-10 10:33:00+00:00,61353.80859375,61355.26953125,61316.3203125,61335.5,0
2026-06-10 10:34:00+00:00,61309.8515625,61353.80859375,61309.8515625,61353.80859375,8318976
2026-06-10 10:35:00+00:00,61266.671875,61297.140625,61266.671875,61293.328125,0
2026-06-10 10:36:00+00:00,61320.0,61320.0,61282.0,61282.0,54407168
2026-06-10 10:37:00+00:00,61306.44140625,61315.69921875,61289.19921875,61289.19921875,0
2026-06-10 10:38:00+00:00,61253.98828125,61306.44140625,61246.41015625,61306.44140625,206331904
2026-06-10 10:39:00+00:00,61244.328125,61270.94140625,61238.44140625,61258.83984375,679936
2026-06-10 10:40:00+00:00,61218.01171875,61252.01953125,61218.01171875,61247.890625,0
2026-06-10 10:41:00+00:00,61252.03125,61268.51953125,61215.51953125,61221.71875,57671680
2026-06-10 10:42:00+00:00,61283.921875,61283.921875,61253.19921875,61253.19921875,2834432
2026-06-10 10:43:00+00:00,61256.171875,61290.23828125,61256.171875,61285.26953125,0
2026-06-10 10:44:00+00:00,61262.05859375,61262.05859375,61252.03125,61252.03125,19050496
2026-06-10 10:45:00+00:00,61276.80078125,61285.05859375,61260.30078125,61264.1484375,1757184
2026-06-10 10:46:00+00:00,61271.4609375,61298.01953125,61264.75,61279.98828125,0
2026-06-10 10:47:00+00:00,61260.3203125,61300.23828125,61260.3203125,61276.80078125,4673536
2026-06-10 10:48:00+00:00,61248.21875,61272.69140625,61239.23828125,61261.58984375,0
2026-06-10 10:49:00+00:00,61291.26171875,61291.26171875,61244.8984375,61248.19921875,118874112
2026-06-10 10:50:00+00:00,61316.01171875,61316.01171875,61291.26171875,61291.26171875,0
2026-06-10 10:51:00+00:00,61324.0,61324.0,61305.19921875,61306.0,0
2026-06-10 10:52:00+00:00,61280.23046875,61309.8515625,61280.01171875,61309.8515625,32403456
2026-06-10 10:53:00+00:00,61253.12890625,61269.98828125,61231.37890625,61268.55859375,0
2026-06-10 10:54:00+00:00,61245.01171875,61264.01953125,61245.01171875,61253.12890625,0
2026-06-10 10:55:00+00:00,61239.6484375,61258.0,61239.6484375,61256.1484375,0
2026-06-10 10:56:00+00:00,61320.0390625,61334.62109375,61231.48046875,61239.6484375,0
2026-06-10 10:57:00+00:00,61340.16015625,61363.53125,61298.98046875,61326.37109375,0
2026-06-10 10:58:00+00:00,61331.98828125,61349.94140625,61330.76953125,61346.640625,0
2026-06-10 10:59:00+00:00,61327.6015625,61338.76953125,61326.37890625,61338.75,0
2026-06-10 11:00:00+00:00,61305.71875,61340.96875,61305.71875,61338.76171875,23855104
2026-06-10 11:01:00+00:00,61333.4609375,61333.4609375,61289.78125,61300.0,0
2026-06-10 11:02:00+00:00,61376.9296875,61384.1796875,61333.46875,61341.78125,0
2026-06-10 11:03:00+00:00,61235.26171875,61384.19140625,61170.5,61378.6015625,0
2026-06-10 11:04:00+00:00,60929.890625,61179.1015625,60929.890625,61179.1015625,0
2026-06-10 11:05:00+00:00,61049.25,61052.01171875,60914.0,60982.0,26030080
2026-06-10 11:06:00+00:00,60871.62890625,61055.0,60828.94921875,61055.0,528142336
2026-06-10 11:07:00+00:00,61008.37109375,61012.48046875,60891.078125,60909.23046875,0
2026-06-10 11:08:00+00:00,61016.62109375,61018.16015625,60972.078125,60995.96875,0
2026-06-10 11:09:00+00:00,61032.1796875,61045.51953125,60971.19140625,61009.55078125,20471808
2026-06-10 11:10:00+00:00,61036.0,61065.890625,61022.0,61036.0,23724032
2026-06-10 11:11:00+00:00,61039.0703125,61039.0703125,60946.0,61037.01171875,250621952
2026-06-10 11:12:00+00:00,60955.98828125,61048.328125,60955.98828125,61037.78125,0
2026-06-10 11:13:00+00:00,60987.98046875,61004.2109375,60958.78125,60958.78125,13504512
2026-06-10 11:14:00+00:00,61117.140625,61121.62109375,60979.44140625,60979.44921875,52465664
2026-06-10 11:15:00+00:00,61139.98828125,61139.98828125,61067.05078125,61120.140625,0
2026-06-10 11:16:00+00:00,61161.171875,61161.171875,61119.328125,61119.328125,0
2026-06-10 11:17:00+00:00,61054.0703125,61172.55859375,61054.0703125,61172.55859375,0
2026-06-10 11:18:00+00:00,61058.1796875,61087.25,61050.66015625,61057.19921875,0
2026-06-10 11:19:00+00:00,60995.859375,61073.37109375,60980.46875,61066.171875,17682432
2026-06-10 11:20:00+00:00,61066.1796875,61078.55859375,61004.23046875,61004.23046875,571330560
2026-06-10 11:21:00+00:00,61145.19921875,61152.1015625,61092.671875,61092.671875,12988416
2026-06-10 11:22:00+00:00,61154.0,61203.12890625,61126.921875,61136.01953125,0
2026-06-10 11:23:00+00:00,61119.71875,61145.51171875,61119.71875,61140.53125,0
2026-06-10 11:24:00+00:00,61020.0,61111.609375,61020.0,61100.80078125,45559808
2026-06-10 11:25:00+00:00,60867.9296875,61029.01171875,60852.01171875,61029.01171875,0
2026-06-10 11:26:00+00:00,60956.0,60958.80078125,60896.859375,60909.23046875,14790656
2026-06-10 11:27:00+00:00,60876.19921875,60949.6484375,60859.6796875,60946.73046875,0
2026-06-10 11:28:00+00:00,60878.58984375,60921.62109375,60878.58984375,60909.21875,0
2026-06-10 11:29:00+00:00,60909.05859375,60913.0,60868.578125,60872.0703125,0
2026-06-10 11:30:00+00:00,60925.76171875,60958.01171875,60913.19921875,60915.80078125,9076736
2026-06-10 11:31:00+00:00,60878.1015625,60918.98828125,60867.96875,60913.37890625,6090752
2026-06-10 11:32:00+00:00,60866.5703125,60954.66015625,60863.96875,60909.23828125,143106048
2026-06-10 11:33:00+00:00,60924.05078125,60940.5390625,60880.16015625,60880.16015625,0
2026-06-10 11:34:00+00:00,60943.01171875,60955.30078125,60907.98828125,60938.1484375,2011136
2026-06-10 11:35:00+00:00,60949.08984375,60987.69921875,60933.078125,60958.80078125,0
2026-06-10 11:36:00+00:00,60979.44140625,60979.44140625,60938.16015625,60948.859375,0
2026-06-10 11:37:00+00:00,60919.921875,60968.8515625,60911.1796875,60962.51171875,53317632
2026-06-10 11:38:00+00:00,60938.3203125,60938.3203125,60909.25,60929.55859375,0
2026-06-10 11:39:00+00:00,60917.98046875,60960.19140625,60917.98046875,60958.69921875,0
2026-06-10 11:40:00+00:00,60940.78125,60965.98046875,60923.98828125,60923.98828125,8138752
2026-06-10 11:41:00+00:00,60962.23828125,60962.23828125,60918.0,60950.5390625,246624256
2026-06-10 11:42:00+00:00,60936.55078125,60975.30859375,60933.08984375,60954.0,245760
2026-06-10 11:43:00+00:00,60998.87890625,61004.21875,60915.0,60915.0,0
2026-06-10 11:44:00+00:00,60960.55859375,61004.0,60960.55859375,60995.96875,0
2026-06-10 11:45:00+00:00,60963.87890625,60963.890625,60925.69921875,60952.48046875,55324672
2026-06-10 11:46:00+00:00,61000.05078125,61000.05078125,60960.69921875,60971.140625,0
2026-06-10 11:47:00+00:00,61033.05078125,61033.609375,61006.671875,61006.671875,137723904
2026-06-10 11:48:00+00:00,60983.98046875,61047.55859375,60981.25,61036.98828125,0
2026-06-10 11:49:00+00:00,60955.9609375,60995.9609375,60946.4296875,60995.9609375,0
2026-06-10 11:50:00+00:00,60971.19140625,60992.01953125,60958.7890625,60958.7890625,27967488
2026-06-10 11:51:00+00:00,61042.390625,61048.0,60967.0703125,60967.0703125,7299072
2026-06-10 11:52:00+00:00,61037.171875,61045.578125,61020.76171875,61024.890625,0
2026-06-10 11:53:00+00:00,60983.578125,61056.640625,60983.578125,61040.0,2543616
2026-06-10 11:54:00+00:00,60982.26171875,60999.98828125,60977.91015625,60982.26953125,0
2026-06-10 11:55:00+00:00,61008.0,61030.01171875,60995.98046875,60995.98046875,8007680
2026-06-10 11:56:00+00:00,60958.80078125,61000.98046875,60958.80078125,61000.98046875,15306752
2026-06-10 11:57:00+00:00,60983.578125,61006.12109375,60960.44140625,60964.01171875,12337152
2026-06-10 11:58:00+00:00,60987.48046875,61006.0390625,60983.5703125,60983.578125,122880
2026-06-10 11:59:00+00:00,60977.46875,60982.3515625,60971.19140625,60981.12109375,0
2026-06-10 12:00:00+00:00,60946.01953125,60984.91015625,60924.66015625,60984.91015625,0
2026-06-10 12:01:00+00:00,60933.33984375,60933.8203125,60904.87109375,60924.890625,0
2026-06-10 12:02:00+00:00,60963.78125,60963.78125,60906.578125,60935.578125,0
2026-06-10 12:03:00+00:00,60975.328125,61012.4296875,60975.328125,60987.078125,0
2026-06-10 12:04:00+00:00,61025.44140625,61031.3984375,60977.96875,60979.9296875,0
2026-06-10 12:05:00+00:00,61064.23828125,61080.23046875,61051.0,61051.0,0
2026-06-10 12:06:00+00:00,61088.01171875,61106.671875,61083.51171875,61088.01171875,0
2026-06-10 12:07:00+00:00,61045.53125,61090.87109375,61045.53125,61090.87109375,0
2026-06-10 12:08:00+00:00,61006.19921875,61052.87109375,60996.0,61042.26953125,0
2026-06-10 12:09:00+00:00,61058.921875,61070.30078125,61016.3515625,61020.578125,0
2026-06-10 12:10:00+00:00,61100.921875,61100.921875,61062.0,61070.30078125,0
2026-06-10 12:11:00+00:00,61137.98046875,61139.19140625,61110.0,61110.0,0
2026-06-10 12:12:00+00:00,61120.98046875,61150.671875,61103.3515625,61138.0,808972288
2026-06-10 12:13:00+00:00,61157.6484375,61177.109375,61089.0,61119.87109375,454656
2026-06-10 12:14:00+00:00,61143.1015625,61162.0,61118.01171875,61158.98828125,0
2026-06-10 12:15:00+00:00,61079.98828125,61171.19921875,61062.05078125,61116.171875,0
2026-06-10 12:16:00+00:00,61110.37109375,61111.609375,61079.26171875,61099.41015625,6909952
2026-06-10 12:17:00+00:00,61105.8984375,61111.4296875,61074.4296875,61111.4296875,0
2026-06-10 12:18:00+00:00,61062.76953125,61107.37890625,61045.46875,61107.37890625,0
2026-06-10 12:19:00+00:00,61036.33984375,61082.01953125,61020.75,61064.0,2793472
2026-06-10 12:20:00+00:00,61041.37109375,61058.0,61020.75,61045.51953125,50089984
2026-06-10 12:21:00+00:00,61076.69140625,61093.41015625,61053.7890625,61053.7890625,0
2026-06-10 12:22:00+00:00,60997.96875,61079.0390625,60997.96875,61079.0390625,46706688
2026-06-10 12:23:00+00:00,61028.0,61028.19921875,60996.26953125,61001.44921875,195072000
2026-06-10 12:24:00+00:00,61004.21875,61038.69140625,61000.98046875,61020.76171875,8749056
2026-06-10 12:25:00+00:00,61052.390625,61060.0,61008.359375,61008.359375,0
2026-06-10 12:26:00+00:00,61076.6796875,61080.98828125,61037.98828125,61047.9609375,0
2026-06-10 12:27:00+00:00,61054.2109375,61069.37890625,61041.41015625,61069.37890625,0
2026-06-10 12:28:00+00:00,61090.9609375,61124.5390625,61057.91015625,61057.91015625,0
2026-06-10 12:29:00+00:00,61117.58984375,61125.98828125,61069.1015625,61069.1015625,0
2026-06-10 12:30:00+00:00,61457.8203125,61612.8515625,61096.328125,61096.328125,240119808
2026-06-10 12:31:00+00:00,61452.73046875,61604.3984375,61419.98828125,61510.01171875,0
2026-06-10 12:32:00+00:00,61630.0,61631.0703125,61404.8515625,61404.8515625,0
2026-06-10 12:33:00+00:00,61805.01953125,61839.83984375,61605.26953125,61605.26953125,0
2026-06-10 12:34:00+00:00,61603.078125,61815.26953125,61603.078125,61815.26953125,0
2026-06-10 12:35:00+00:00,61541.94921875,61640.05078125,61529.9609375,61640.05078125,367796224
2026-06-10 12:36:00+00:00,61676.94921875,61698.0703125,61545.25,61545.25,0
2026-06-10 12:37:00+00:00,61662.94140625,61713.671875,61661.98046875,61706.28125,0
2026-06-10 12:38:00+00:00,61708.75,61708.75,61619.98046875,61662.0,0
2026-06-10 12:39:00+00:00,61663.12890625,61708.28125,61631.98828125,61705.96875,14774272
2026-06-10 12:40:00+00:00,61630.0,61651.140625,61590.69140625,61649.12890625,6914048
2026-06-10 12:41:00+00:00,61680.890625,61689.98828125,61603.0703125,61626.9609375,549105664
2026-06-10 12:42:00+00:00,61598.19921875,61683.19921875,61588.03125,61650.359375,0
2026-06-10 12:43:00+00:00,61600.2109375,61637.71875,61598.94921875,61622.62109375,5746688
2026-06-10 12:44:00+00:00,61639.51171875,61639.51171875,61600.73828125,61600.73828125,49283072
2026-06-10 12:45:00+00:00,61624.1015625,61677.41015625,61605.0,61649.26953125,3203072
2026-06-10 12:46:00+00:00,61711.76171875,61712.01953125,61619.91015625,61619.91015625,1986560
2026-06-10 12:47:00+00:00,61682.0,61734.73046875,61682.0,61690.0,0
2026-06-10 12:48:00+00:00,61718.73046875,61749.08984375,61669.16015625,61669.16015625,121761792
2026-06-10 12:49:00+00:00,61728.0703125,61741.98828125,61710.4609375,61710.4609375,0
2026-06-10 12:50:00+00:00,61726.5,61726.5,61677.421875,61709.140625,0
2026-06-10 12:51:00+00:00,61672.0,61705.1796875,61653.55859375,61705.1796875,157700096
2026-06-10 12:52:00+00:00,61616.078125,61672.01171875,61607.9609375,61666.87890625,0
2026-06-10 12:53:00+00:00,61641.05859375,61652.94921875,61611.3515625,61611.3515625,5996544
2026-06-10 12:54:00+00:00,61608.16015625,61660.87890625,61608.12109375,61656.76953125,0
2026-06-10 12:55:00+00:00,61588.76171875,61619.58984375,61588.76171875,61619.58984375,1953792
2026-06-10 12:56:00+00:00,61628.71875,61636.1015625,61599.87109375,61623.55859375,179073024
2026-06-10 12:57:00+00:00,61598.75,61644.37109375,61598.75,61624.078125,0
2026-06-10 12:58:00+00:00,61565.91015625,61598.0,61565.87109375,61592.71875,0
2026-06-10 12:59:00+00:00,61512.98828125,61570.859375,61512.98828125,61570.859375,73654272
2026-06-10 13:00:00+00:00,61545.30078125,61557.640625,61507.3203125,61507.3203125,450560
2026-06-10 13:01:00+00:00,61463.1015625,61548.87109375,61463.1015625,61545.19140625,0
2026-06-10 13:02:00+00:00,61462.66015625,61474.37890625,61455.1484375,61458.1015625,0
2026-06-10 13:03:00+00:00,61466.78125,61466.78125,61442.1796875,61456.55078125,0
2026-06-10 13:04:00+00:00,61490.98828125,61490.98828125,61450.26953125,61469.37890625,0
2026-06-10 13:05:00+00:00,61487.26953125,61490.19140625,61466.7890625,61490.19140625,0
2026-06-10 13:06:00+00:00,61525.55859375,61528.69921875,61492.0,61492.0,3166208
2026-06-10 13:07:00+00:00,61512.03125,61541.33984375,61500.01171875,61528.0390625,4444160
2026-06-10 13:08:00+00:00,61528.73828125,61553.51171875,61516.33984375,61516.33984375,0
2026-06-10 13:09:00+00:00,61521.44140625,61521.44140625,61502.12109375,61520.890625,0
2026-06-10 13:10:00+00:00,61450.26953125,61522.578125,61450.26953125,61522.578125,114860032
2026-06-10 13:11:00+00:00,61479.390625,61479.390625,61446.01953125,61446.01953125,190902272
2026-06-10 13:12:00+00:00,61503.9609375,61517.890625,61455.46875,61462.66015625,1826816
2026-06-10 13:13:00+00:00,61488.05859375,61508.078125,61488.05859375,61488.41015625,0
2026-06-10 13:14:00+00:00,61471.8984375,61485.8984375,61446.0,61479.1796875,0
2026-06-10 13:15:00+00:00,61431.03125,61479.828125,61427.9296875,61467.76171875,0
2026-06-10 13:16:00+00:00,61436.0,61456.69140625,61420.78125,61438.23828125,7450624
2026-06-10 13:17:00+00:00,61413.62890625,61446.1484375,61413.62890625,61446.1484375,69251072
2026-06-10 13:18:00+00:00,61419.37890625,61453.98046875,61417.8984375,61417.8984375,4419584
2026-06-10 13:19:00+00:00,61424.87890625,61432.0,61404.83984375,61422.98828125,0
2026-06-10 13:20:00+00:00,61435.66015625,61435.66015625,61408.5,61413.08984375,0
2026-06-10 13:21:00+00:00,61488.0,61514.0703125,61446.0,61446.0,11145216
2026-06-10 13:22:00+00:00,61458.109375,61512.0,61429.98828125,61512.0,0
2026-06-10 13:23:00+00:00,61483.0390625,61483.30078125,61454.3984375,61454.3984375,0
2026-06-10 13:24:00+00:00,61478.4296875,61488.1484375,61452.6796875,61488.1484375,0
2026-06-10 13:25:00+00:00,61427.69921875,61437.87109375,61398.87890625,61416.33984375,0
2026-06-10 13:26:00+00:00,61380.8984375,61430.55859375,61380.8984375,61430.55859375,337862656
2026-06-10 13:27:00+00:00,61500.359375,61500.359375,61412.46875,61413.921875,4128768
2026-06-10 13:28:00+00:00,61497.33984375,61523.7890625,61486.3984375,61523.7890625,0
2026-06-10 13:29:00+00:00,61498.328125,61498.44140625,61472.48828125,61481.71875,0
2026-06-10 13:30:00+00:00,61680.01953125,61680.01953125,61539.55859375,61539.55859375,229527552
2026-06-10 13:31:00+00:00,61724.01953125,61751.75,61635.48046875,61702.0,3121152
2026-06-10 13:32:00+00:00,61654.890625,61698.640625,61640.921875,61698.640625,0
2026-06-10 13:33:00+00:00,61662.5703125,61666.2890625,61619.58984375,61620.0,0
2026-06-10 13:34:00+00:00,61722.37890625,61750.0,61659.05078125,61659.05078125,21987328
2026-06-10 13:35:00+00:00,61790.0,61821.08984375,61699.98046875,61699.98046875,0
2026-06-10 13:36:00+00:00,61876.62109375,61895.1015625,61814.01171875,61830.0,200454144
2026-06-10 13:37:00+00:00,62094.01171875,62094.01171875,61907.01953125,61907.01953125,0
2026-06-10 13:38:00+00:00,62053.0703125,62101.0,62020.21875,62059.73828125,0
2026-06-10 13:39:00+00:00,62119.0,62119.0,62024.7109375,62039.69140625,45195264
2026-06-10 13:40:00+00:00,62125.08984375,62163.37109375,62049.12109375,62049.12109375,0
2026-06-10 13:41:00+00:00,62033.01171875,62123.4609375,62033.01171875,62123.4609375,67379200
2026-06-10 13:42:00+00:00,62098.6796875,62154.01171875,62008.0,62040.921875,14233600
2026-06-10 13:43:00+00:00,62207.578125,62207.578125,62084.03125,62084.03125,0
2026-06-10 13:44:00+00:00,62305.19140625,62313.30078125,62212.0390625,62261.6484375,26734592
2026-06-10 13:45:00+00:00,62230.83984375,62334.078125,62200.4296875,62334.078125,0
2026-06-10 13:46:00+00:00,62224.66015625,62239.05078125,62186.0,62239.05078125,0
2026-06-10 13:47:00+00:00,62248.37890625,62272.05078125,62182.03125,62182.03125,74588160
2026-06-10 13:48:00+00:00,62308.0,62308.0,62234.96875,62256.94140625,0
2026-06-10 13:49:00+00:00,62396.12890625,62397.83984375,62309.3203125,62323.01171875,68538368
2026-06-10 13:50:00+00:00,62260.2890625,62379.51953125,62244.53125,62379.51953125,0
2026-06-10 13:51:00+00:00,62192.73828125,62280.83984375,62188.28125,62280.83984375,0
2026-06-10 13:52:00+00:00,62211.96875,62258.7890625,62185.9609375,62185.9609375,14524416
2026-06-10 13:53:00+00:00,62161.8203125,62198.0,62141.9296875,62187.9296875,0
2026-06-10 13:54:00+00:00,62171.03125,62208.0,62131.76171875,62141.01171875,32546816
2026-06-10 13:55:00+00:00,62176.76953125,62185.3203125,62137.03125,62169.03125,0
2026-06-10 13:56:00+00:00,62113.3984375,62185.3984375,62112.48046875,62172.76953125,0
2026-06-10 13:57:00+00:00,62129.4609375,62182.98046875,62090.421875,62127.578125,260493312
2026-06-10 13:58:00+00:00,62032.0,62105.0,62021.109375,62105.0,704512
2026-06-10 13:59:00+00:00,62090.41015625,62090.41015625,62036.6484375,62048.01171875,16412672
2026-06-10 14:00:00+00:00,62036.73046875,62090.4296875,62036.73046875,62083.55859375,3522560
2026-06-10 14:01:00+00:00,61988.19140625,62057.37109375,61985.5703125,62039.98828125,0
2026-06-10 14:02:00+00:00,62051.98046875,62060.1796875,61967.58984375,61979.98828125,0
2026-06-10 14:03:00+00:00,62149.80859375,62173.01171875,62043.3203125,62043.3203125,0
2026-06-10 14:04:00+00:00,62162.48046875,62168.890625,62120.87890625,62131.71875,0
2026-06-10 14:05:00+00:00,62124.01171875,62180.0,62110.37890625,62138.55859375,2617344
2026-06-10 14:06:00+00:00,62154.55859375,62182.01953125,62116.140625,62116.140625,0
2026-06-10 14:07:00+00:00,62127.4296875,62172.48046875,62123.4609375,62123.4609375,0
2026-06-10 14:08:00+00:00,62200.0,62200.0,62114.7109375,62114.7109375,0
2026-06-10 14:09:00+00:00,62169.01953125,62192.23828125,62160.62890625,62173.01953125,0
2026-06-10 14:10:00+00:00,62131.91015625,62174.83984375,62102.66015625,62174.83984375,0
2026-06-10 14:11:00+00:00,62135.859375,62150.671875,62102.8203125,62120.3515625,21098496
2026-06-10 14:12:00+00:00,62130.0,62142.98828125,62127.6015625,62129.8203125,0
2026-06-10 14:13:00+00:00,62069.4609375,62125.640625,61987.69921875,62125.640625,0
2026-06-10 14:14:00+00:00,61956.171875,62077.94140625,61956.171875,62063.2890625,0
2026-06-10 14:15:00+00:00,61863.28125,61953.98046875,61863.28125,61953.98046875,0
2026-06-10 14:16:00+00:00,62005.76171875,62005.76171875,61860.0,61860.0,7278592
2026-06-10 14:17:00+00:00,61899.98828125,61993.94921875,61899.98828125,61988.05859375,0
2026-06-10 14:18:00+00:00,61871.53125,61893.3203125,61825.51171875,61893.3203125,0
2026-06-10 14:19:00+00:00,61875.0,61875.0,61817.83984375,61864.4296875,0
2026-06-10 14:20:00+00:00,61855.01171875,61910.37109375,61855.01171875,61863.26953125,0
2026-06-10 14:21:00+00:00,61872.2109375,61877.328125,61812.80078125,61812.80078125,0
2026-06-10 14:22:00+00:00,61958.48828125,61969.2109375,61861.62109375,61868.08984375,0
2026-06-10 14:23:00+00:00,61968.03125,61970.0,61902.30078125,61951.91015625,0
2026-06-10 14:24:00+00:00,62086.2890625,62101.7890625,61958.26171875,61958.26171875,0
2026-06-10 14:25:00+00:00,61962.01171875,62106.94140625,61935.71875,62106.94140625,0
2026-06-10 14:26:00+00:00,62002.5,62016.0,61964.44921875,61964.44921875,122294272
2026-06-10 14:27:00+00:00,62072.69140625,62072.69140625,62024.328125,62024.328125,7352320
2026-06-10 14:28:00+00:00,62011.94140625,62072.28125,61982.2109375,62065.66015625,0
2026-06-10 14:29:00+00:00,62000.01171875,62011.80859375,61974.0,62006.390625,0
2026-06-10 14:30:00+00:00,61982.12109375,62014.1796875,61958.48046875,62014.1796875,11456512
2026-06-10 14:31:00+00:00,61827.2109375,61955.46875,61827.2109375,61950.30078125,0
2026-06-10 14:32:00+00:00,61891.8984375,61891.8984375,61800.0,61838.48828125,0
2026-06-10 14:33:00+00:00,61941.73828125,61949.98828125,61851.98046875,61890.66015625,0
2026-06-10 14:34:00+00:00,61969.26171875,61986.171875,61900.44140625,61953.80859375,0
2026-06-10 14:35:00+00:00,61909.55859375,61978.87890625,61909.01171875,61961.01953125,0
2026-06-10 14:36:00+00:00,61876.109375,61893.21875,61850.87890625,61878.55078125,0
2026-06-10 14:37:00+00:00,61784.4609375,61875.6484375,61776.44921875,61875.6484375,0
2026-06-10 14:38:00+00:00,61787.7109375,61813.7109375,61770.01171875,61813.7109375,0
2026-06-10 14:39:00+00:00,61866.62890625,61866.62890625,61813.69921875,61813.69921875,0
2026-06-10 14:40:00+00:00,61949.578125,61949.578125,61864.01171875,61868.0,0
2026-06-10 14:41:00+00:00,62035.69140625,62055.390625,61954.03125,61962.26953125,0
2026-06-10 14:42:00+00:00,61962.390625,62040.859375,61962.390625,62040.859375,4009984
2026-06-10 14:43:00+00:00,61968.609375,62009.8203125,61963.98046875,61963.98046875,0
2026-06-10 14:44:00+00:00,61883.921875,61987.16015625,61883.921875,61967.91015625,0
2026-06-10 14:45:00+00:00,61888.5390625,61913.55078125,61845.44140625,61911.01171875,0
2026-06-10 14:46:00+00:00,61875.96875,61892.171875,61870.33984375,61890.0,0
2026-06-10 14:47:00+00:00,61937.3984375,61970.6484375,61882.578125,61882.578125,443572224
2026-06-10 14:48:00+00:00,61895.80859375,61946.01171875,61883.91015625,61946.01171875,0
2026-06-10 14:49:00+00:00,61873.96875,61879.828125,61817.8984375,61879.828125,0
2026-06-10 14:50:00+00:00,61888.0390625,61921.0,61819.94921875,61885.5390625,0
2026-06-10 14:51:00+00:00,61857.9609375,61912.0390625,61857.9609375,61876.0,0
2026-06-10 14:52:00+00:00,61825.01171875,61863.12890625,61808.69140625,61863.12890625,2437120
2026-06-10 14:53:00+00:00,61840.73828125,61840.73828125,61805.44921875,61824.23046875,0
2026-06-10 14:54:00+00:00,61847.98828125,61883.91015625,61835.66015625,61838.01171875,0
2026-06-10 14:55:00+00:00,61813.609375,61911.8984375,61813.609375,61871.53125,0
2026-06-10 14:56:00+00:00,61819.671875,61838.46875,61787.73046875,61827.71875,0
2026-06-10 14:57:00+00:00,61825.87890625,61838.140625,61750.421875,61819.6796875,0
2026-06-10 14:58:00+00:00,61987.171875,62012.2109375,61828.0,61828.0,0
2026-06-10 14:59:00+00:00,62132.9296875,62134.03125,61999.55859375,62006.0703125,0
2026-06-10 15:00:00+00:00,62210.01171875,62210.01171875,62116.9609375,62154.55078125,0
2026-06-10 15:01:00+00:00,62332.69140625,62361.0,62201.96875,62201.96875,0
2026-06-10 15:02:00+00:00,62255.78125,62319.03125,62246.48046875,62319.03125,91643904
2026-06-10 15:03:00+00:00,62243.98828125,62318.0390625,62238.73046875,62286.01171875,0
2026-06-10 15:04:00+00:00,62136.421875,62272.140625,62093.98828125,62252.48046875,688128
2026-06-10 15:05:00+00:00,61954.12890625,62115.19921875,61954.12890625,62115.19921875,0
2026-06-10 15:06:00+00:00,61916.6484375,61991.30078125,61916.6484375,61962.37109375,0
2026-06-10 15:07:00+00:00,61988.3203125,61988.3203125,61896.01171875,61925.03125,0
2026-06-10 15:08:00+00:00,61916.94921875,61983.6484375,61896.80859375,61983.6484375,119889920
2026-06-10 15:09:00+00:00,61883.9296875,61948.16015625,61883.9296875,61933.05078125,671744
2026-06-10 15:10:00+00:00,61906.0,61906.0,61875.33984375,61888.83984375,0
2026-06-10 15:11:00+00:00,61851.98828125,61906.01171875,61814.01171875,61889.9609375,0
2026-06-10 15:12:00+00:00,61877.421875,61877.421875,61834.359375,61837.44921875,1888256
2026-06-10 15:13:00+00:00,61950.0390625,61970.6484375,61879.8515625,61900.4296875,0
2026-06-10 15:14:00+00:00,61883.94140625,61956.140625,61883.94140625,61956.140625,645595136
2026-06-10 15:15:00+00:00,61812.80859375,61866.5390625,61802.44921875,61861.05078125,0
2026-06-10 15:16:00+00:00,61887.328125,61900.28125,61808.0,61815.03125,5185536
2026-06-10 15:17:00+00:00,61925.21875,61941.66015625,61892.1796875,61907.75,62210048
2026-06-10 15:18:00+00:00,61899.87890625,61904.8203125,61851.98828125,61904.8203125,2396160
2026-06-10 15:19:00+00:00,62036.75,62041.9609375,61914.01171875,61914.01171875,0
2026-06-10 15:20:00+00:00,62104.37109375,62120.0,62050.8203125,62050.8203125,0
2026-06-10 15:21:00+00:00,62206.05859375,62226.0,62126.3515625,62126.3515625,0
2026-06-10 15:22:00+00:00,62177.8984375,62231.03125,62141.03125,62181.26953125,9494528
2026-06-10 15:23:00+00:00,62256.1015625,62265.46875,62178.51171875,62184.640625,25509888
2026-06-10 15:24:00+00:00,62247.12890625,62290.01171875,62214.98046875,62268.0,8896512
2026-06-10 15:25:00+00:00,62266.05078125,62292.0,62247.328125,62247.328125,0
2026-06-10 15:26:00+00:00,62236.1796875,62253.0,62218.44921875,62246.0,0
2026-06-10 15:27:00+00:00,62222.01171875,62232.30078125,62201.51171875,62232.30078125,0
2026-06-10 15:28:00+00:00,62255.62109375,62292.76171875,62236.05859375,62238.01953125,38039552
2026-06-10 15:29:00+00:00,62202.0,62264.01171875,62202.0,62247.69921875,412274688
2026-06-10 15:30:00+00:00,62290.6484375,62312.0,62195.6484375,62195.6484375,2228224
2026-06-10 15:31:00+00:00,62256.1796875,62317.0,62256.1796875,62305.9296875,0
2026-06-10 15:32:00+00:00,62253.98828125,62280.3984375,62239.1015625,62262.1484375,0
2026-06-10 15:33:00+00:00,62260.0,62306.01953125,62230.53125,62272.12890625,0
2026-06-10 15:34:00+00:00,62259.75,62305.1796875,62230.890625,62243.23046875,0
2026-06-10 15:35:00+00:00,62254.48828125,62278.19921875,62240.9609375,62240.9609375,0
2026-06-10 15:36:00+00:00,62298.8203125,62303.62890625,62243.23046875,62251.48828125,0
2026-06-10 15:37:00+00:00,62275.2890625,62298.25,62259.75,62293.98828125,0
2026-06-10 15:38:00+00:00,62185.41015625,62274.0,62185.41015625,62274.0,0
2026-06-10 15:39:00+00:00,62220.390625,62244.1484375,62142.0,62151.9609375,0
2026-06-10 15:40:00+00:00,62177.1484375,62212.05859375,62177.1484375,62201.91015625,0
2026-06-10 15:41:00+00:00,62228.08984375,62238.23046875,62156.37109375,62161.98046875,0
2026-06-10 15:42:00+00:00,62215.98828125,62280.359375,62210.0,62234.03125,0
2026-06-10 15:43:00+00:00,62276.87109375,62295.01171875,62230.828125,62230.828125,0
2026-06-10 15:44:00+00:00,62334.3984375,62360.73046875,62300.44921875,62300.44921875,53186560
2026-06-10 15:45:00+00:00,62356.03125,62356.03125,62287.25,62337.0,0
2026-06-10 15:46:00+00:00,62495.1484375,62495.16015625,62358.87109375,62358.87109375,141746176
2026-06-10 15:47:00+00:00,62258.0,62486.01171875,62258.0,62486.01171875,0
2026-06-10 15:48:00+00:00,62095.328125,62261.12890625,62095.328125,62234.01171875,0
2026-06-10 15:49:00+00:00,62251.19140625,62251.19140625,62087.48828125,62087.48828125,25583616
2026-06-10 15:50:00+00:00,62246.0,62341.7890625,62196.01171875,62253.33984375,259239936
2026-06-10 15:51:00+00:00,62286.87890625,62367.03125,62286.87890625,62294.7109375,0
2026-06-10 15:52:00+00:00,62431.30078125,62431.30078125,62254.0,62275.359375,0
2026-06-10 15:53:00+00:00,62616.98828125,62636.109375,62390.578125,62436.69921875,163966976
2026-06-10 15:54:00+00:00,62783.19140625,62794.390625,62658.01953125,62684.21875,0
2026-06-10 15:55:00+00:00,62635.01171875,62794.01171875,62635.01171875,62760.109375,2666496
2026-06-10 15:56:00+00:00,62574.0,62646.609375,62574.0,62628.41015625,68476928
2026-06-10 15:57:00+00:00,62665.94921875,62695.78125,62569.01953125,62569.01953125,0
2026-06-10 15:58:00+00:00,62589.98828125,62663.1015625,62589.98828125,62663.1015625,43532288
2026-06-10 15:59:00+00:00,62581.51171875,62590.51953125,62560.03125,62590.51953125,135122944
2026-06-10 16:00:00+00:00,62532.671875,62589.98828125,62532.671875,62588.328125,0
2026-06-10 16:01:00+00:00,62470.37890625,62530.0,62451.73046875,62517.08984375,4337664
2026-06-10 16:02:00+00:00,62462.12109375,62487.359375,62454.671875,62464.12890625,0
2026-06-10 16:03:00+00:00,62450.0,62488.96875,62420.94140625,62449.30859375,0
2026-06-10 16:04:00+00:00,62400.0,62458.859375,62400.0,62443.921875,0
2026-06-10 16:05:00+00:00,62398.98828125,62449.30859375,62384.1484375,62387.83984375,0
2026-06-10 16:06:00+00:00,62499.05078125,62509.55859375,62386.1796875,62393.96875,3444736
2026-06-10 16:07:00+00:00,62482.78125,62552.16015625,62482.78125,62515.80078125,0
2026-06-10 16:08:00+00:00,62356.87890625,62474.671875,62356.87890625,62474.671875,0
2026-06-10 16:09:00+00:00,62408.1484375,62412.5,62335.671875,62343.2109375,0
2026-06-10 16:10:00+00:00,62309.30859375,62409.8203125,62305.2109375,62409.8203125,0
2026-06-10 16:11:00+00:00,62319.80078125,62354.08984375,62306.01171875,62324.078125,0
2026-06-10 16:12:00+00:00,62329.9609375,62389.12890625,62323.609375,62323.609375,40226816
2026-06-10 16:13:00+00:00,62325.828125,62325.828125,62292.80078125,62321.69140625,0
2026-06-10 16:14:00+00:00,62265.51171875,62320.640625,62265.51171875,62320.640625,550019072
2026-06-10 16:15:00+00:00,62356.08984375,62375.37890625,62291.98828125,62291.98828125,0
2026-06-10 16:16:00+00:00,62356.01171875,62385.51171875,62303.3515625,62345.98828125,2396160
2026-06-10 16:17:00+00:00,62265.55859375,62396.0,62265.55859375,62347.2109375,0
2026-06-10 16:18:00+00:00,62275.98828125,62276.26171875,62255.91015625,62272.1015625,0
2026-06-10 16:19:00+00:00,62264.640625,62281.37109375,62259.62109375,62263.87890625,0
2026-06-10 16:20:00+00:00,62239.109375,62289.26953125,62239.109375,62270.41015625,0
2026-06-10 16:21:00+00:00,62289.73046875,62289.73046875,62209.671875,62254.96875,0
2026-06-10 16:22:00+00:00,62245.69140625,62332.0,62245.69140625,62309.98828125,0
2026-06-10 16:23:00+00:00,62251.30078125,62263.0,62226.71875,62234.4609375,0
2026-06-10 16:24:00+00:00,62165.9609375,62230.828125,62165.9609375,62218.44921875,0
2026-06-10 16:25:00+00:00,62110.0,62183.44921875,62051.98828125,62173.62109375,0
2026-06-10 16:26:00+00:00,62149.9609375,62177.19921875,62110.44140625,62110.44140625,445933568
2026-06-10 16:27:00+00:00,62208.2109375,62223.7109375,62197.328125,62197.328125,0
2026-06-10 16:28:00+00:00,62194.01171875,62239.08984375,62185.41015625,62197.30859375,0
2026-06-10 16:29:00+00:00,62225.23828125,62225.23828125,62189.73828125,62206.78125,0
2026-06-10 16:30:00+00:00,62191.6796875,62256.08984375,62191.6796875,62217.5,0
2026-06-10 16:31:00+00:00,62160.0,62200.0,62139.96875,62200.0,0
2026-06-10 16:32:00+00:00,62193.6484375,62216.01953125,62109.2109375,62140.640625,0
2026-06-10 16:33:00+00:00,62191.921875,62225.48828125,62191.921875,62197.01171875,0
2026-06-10 16:34:00+00:00,62340.91015625,62340.91015625,62165.4609375,62181.1484375,0
2026-06-10 16:35:00+00:00,62310.0,62334.94921875,62288.0390625,62328.66015625,0
2026-06-10 16:36:00+00:00,62274.0,62325.25,62257.44921875,62309.98828125,0
2026-06-10 16:37:00+00:00,62303.0390625,62343.16015625,62274.859375,62275.48046875,0
2026-06-10 16:38:00+00:00,62290.98828125,62312.03125,62233.98828125,62243.98828125,75040768
2026-06-10 16:39:00+00:00,62250.328125,62270.0,62228.62890625,62256.0,0
2026-06-10 16:40:00+00:00,62272.9609375,62303.94140625,62258.87109375,62272.76953125,0
2026-06-10 16:41:00+00:00,62203.98046875,62289.26171875,62194.53125,62280.01171875,0
2026-06-10 16:42:00+00:00,62201.46875,62220.01953125,62195.2109375,62211.859375,0
2026-06-10 16:43:00+00:00,62181.828125,62240.0,62181.828125,62206.12109375,74303488
2026-06-10 16:44:00+00:00,62173.37890625,62206.5390625,62167.41015625,62192.30078125,0
2026-06-10 16:45:00+00:00,62128.0,62163.6015625,62107.328125,62163.6015625,0
2026-06-10 16:46:00+00:00,62040.76953125,62145.859375,62023.359375,62120.0,0
2026-06-10 16:47:00+00:00,61937.80078125,62060.0,61937.80078125,62033.390625,31049728
2026-06-10 16:48:00+00:00,61939.3984375,62006.62890625,61902.80859375,61937.73828125,0
2026-06-10 16:49:00+00:00,61924.30078125,61949.51953125,61906.30078125,61926.1796875,0
2026-06-10 16:50:00+00:00,61911.05859375,61930.48828125,61869.69921875,61928.01953125,0
2026-06-10 16:51:00+00:00,61978.44140625,61978.44140625,61875.671875,61942.01953125,0
2026-06-10 16:52:00+00:00,62104.01171875,62104.01171875,61972.6796875,61972.6796875,0
2026-06-10 16:53:00+00:00,62074.0,62107.73046875,62054.0,62107.73046875,0
2026-06-10 16:54:00+00:00,62110.0,62139.23046875,62081.03125,62081.03125,0
2026-06-10 16:55:00+00:00,62020.80078125,62108.28125,62013.71875,62108.28125,2711552
2026-06-10 16:56:00+00:00,62068.87109375,62070.01953125,62027.26171875,62027.26171875,0
2026-06-10 16:57:00+00:00,62066.21875,62084.0,62038.48828125,62084.0,0
2026-06-10 16:58:00+00:00,62126.96875,62130.5390625,62109.359375,62121.01171875,0
2026-06-10 16:59:00+00:00,62165.9296875,62172.48828125,62130.98828125,62130.98828125,0
2026-06-10 17:00:00+00:00,62150.76171875,62194.26171875,62141.19921875,62162.48828125,0
2026-06-10 17:01:00+00:00,62198.578125,62198.578125,62144.7109375,62144.7109375,0
2026-06-10 17:02:00+00:00,62272.140625,62282.75,62199.671875,62201.328125,0
2026-06-10 17:03:00+00:00,62252.0,62279.0,62249.62109375,62261.5,0
2026-06-10 17:04:00+00:00,62308.0,62308.0,62254.08984375,62254.08984375,0
2026-06-10 17:05:00+00:00,62217.94140625,62303.98828125,62217.94140625,62303.98828125,0
2026-06-10 17:06:00+00:00,62232.921875,62233.33984375,62193.96875,62233.33984375,0
2026-06-10 17:07:00+00:00,62169.46875,62250.98046875,62139.37890625,62250.98046875,0
2026-06-10 17:08:00+00:00,62127.0,62148.23828125,62110.109375,62148.23828125,21628928
2026-06-10 17:09:00+00:00,62119.91015625,62136.01953125,62082.890625,62136.01953125,0
2026-06-10 17:10:00+00:00,61966.87890625,62121.078125,61959.98046875,62121.078125,27686912
2026-06-10 17:11:00+00:00,62035.44921875,62038.0390625,61957.25,61957.25,0
2026-06-10 17:12:00+00:00,62013.7109375,62044.44921875,61981.8515625,62044.44921875,0
2026-06-10 17:13:00+00:00,62034.96875,62051.87890625,62017.828125,62017.828125,0
2026-06-10 17:14:00+00:00,62034.9609375,62034.9609375,61998.0,62027.87890625,0
2026-06-10 17:15:00+00:00,62059.7109375,62066.05859375,62009.19921875,62018.01171875,68075520
2026-06-10 17:16:00+00:00,62088.0703125,62118.98046875,62047.3203125,62049.12890625,0
2026-06-10 17:17:00+00:00,62055.62109375,62129.37890625,62055.62109375,62087.37109375,0
2026-06-10 17:18:00+00:00,62092.4296875,62122.16015625,62063.328125,62065.96875,0
2026-06-10 17:19:00+00:00,62096.9609375,62096.9609375,62054.0,62075.98828125,0
2026-06-10 17:20:00+00:00,62102.2109375,62102.2109375,62052.6484375,62090.55859375,25004032
2026-06-10 17:21:00+00:00,62066.0703125,62086.0,62038.51171875,62038.51171875,0
2026-06-10 17:22:00+00:00,61975.26171875,62031.4296875,61975.26171875,62031.4296875,0
2026-06-10 17:23:00+00:00,62011.48828125,62020.0,61986.078125,61986.078125,0
2026-06-10 17:24:00+00:00,62043.03125,62076.0,62017.26953125,62039.98828125,0
2026-06-10 17:25:00+00:00,62086.0,62100.6796875,62044.62890625,62052.66015625,0
2026-06-10 17:26:00+00:00,61984.0,62079.0703125,61967.7109375,62079.0703125,205164544
2026-06-10 17:27:00+00:00,62010.1796875,62023.94921875,61957.19140625,62007.12109375,0
2026-06-10 17:28:00+00:00,61963.6484375,61978.890625,61960.640625,61978.890625,0
2026-06-10 17:29:00+00:00,61832.0,61957.08984375,61832.0,61957.08984375,0
2026-06-10 17:30:00+00:00,61794.328125,61850.890625,61794.328125,61838.48828125,0
2026-06-10 17:31:00+00:00,61751.94921875,61821.98828125,61751.94921875,61794.98828125,0
2026-06-10 17:32:00+00:00,61672.01171875,61750.19921875,61637.2890625,61750.19921875,0
2026-06-10 17:33:00+00:00,61759.98828125,61759.98828125,61680.46875,61680.46875,0
2026-06-10 17:34:00+00:00,61820.0,61840.26171875,61770.03125,61785.30078125,0
2026-06-10 17:35:00+00:00,61725.3984375,61786.05078125,61725.3984375,61769.44921875,176443392
2026-06-10 17:36:00+00:00,61690.19921875,61738.0,61663.0390625,61723.44140625,9912320
2026-06-10 17:37:00+00:00,61751.76171875,61765.1796875,61683.73828125,61683.73828125,0
2026-06-10 17:38:00+00:00,61641.69921875,61728.0,61641.69921875,61728.0,0
2026-06-10 17:39:00+00:00,61707.98828125,61724.9296875,61677.26171875,61677.26171875,0
2026-06-10 17:40:00+00:00,61676.5390625,61777.33984375,61660.05078125,61709.75,0
2026-06-10 17:41:00+00:00,61634.78125,61673.8984375,61599.5390625,61673.8984375,0
2026-06-10 17:42:00+00:00,61645.55078125,61645.55078125,61596.921875,61624.8203125,11440128
2026-06-10 17:43:00+00:00,61782.921875,61782.921875,61646.62890625,61646.62890625,0
2026-06-10 17:44:00+00:00,61675.41015625,61758.78125,61675.41015625,61758.78125,0
2026-06-10 17:45:00+00:00,61731.9296875,61735.01953125,61659.62109375,61670.33984375,0
2026-06-10 17:46:00+00:00,61838.51171875,61838.51171875,61731.6484375,61747.359375,0
2026-06-10 17:47:00+00:00,61888.359375,61888.359375,61802.609375,61808.5390625,4421632
2026-06-10 17:48:00+00:00,61938.71875,61946.30078125,61880.12109375,61880.12109375,0
2026-06-10 17:49:00+00:00,61981.859375,61981.859375,61924.8984375,61932.30078125,0
2026-06-10 17:50:00+00:00,61835.98828125,61960.6484375,61826.62109375,61960.6484375,0
2026-06-10 17:51:00+00:00,61874.80859375,61887.91015625,61831.23046875,61865.0,0
2026-06-10 17:52:00+00:00,61779.0,61847.33984375,61777.05078125,61847.33984375,0
2026-06-10 17:53:00+00:00,61814.58984375,61815.48046875,61776.9609375,61815.48046875,124557312
2026-06-10 17:54:00+00:00,61831.6796875,61863.2890625,61811.96875,61811.96875,0
2026-06-10 17:55:00+00:00,61870.5390625,61893.359375,61833.578125,61845.0390625,0
2026-06-10 17:56:00+00:00,61914.58984375,61914.58984375,61851.51953125,61866.828125,319768576
2026-06-10 17:57:00+00:00,61860.44140625,61910.0,61856.05078125,61910.0,0
2026-06-10 17:58:00+00:00,61932.30078125,61946.4609375,61884.48828125,61884.48828125,4917248
2026-06-10 17:59:00+00:00,61914.58984375,61939.859375,61901.6015625,61939.37109375,0
2026-06-10 18:00:00+00:00,61940.62109375,61968.28125,61915.28125,61928.75,0
2026-06-10 18:01:00+00:00,61897.94140625,61962.01171875,61882.73828125,61962.01171875,0
2026-06-10 18:02:00+00:00,61976.0,61976.0,61893.37109375,61893.37109375,0
2026-06-10 18:03:00+00:00,62013.05859375,62013.71875,61957.078125,61988.0,0
2026-06-10 18:04:00+00:00,62055.8984375,62055.8984375,62000.0,62017.91015625,0
2026-06-10 18:05:00+00:00,62068.75,62076.01171875,62042.44140625,62046.0,0
2026-06-10 18:06:00+00:00,61982.75,62099.6015625,61982.75,62086.0,0
2026-06-10 18:07:00+00:00,61896.8984375,61967.9296875,61896.8984375,61967.9296875,0
2026-06-10 18:08:00+00:00,61973.16015625,61984.23046875,61896.01171875,61896.01171875,0
2026-06-10 18:09:00+00:00,61940.0,61972.37890625,61923.51953125,61972.37890625,56479744
2026-06-10 18:10:00+00:00,61872.1015625,61944.08984375,61872.1015625,61925.25,0
2026-06-10 18:11:00+00:00,61919.98828125,61919.98828125,61859.6015625,61865.05078125,0
2026-06-10 18:12:00+00:00,61928.19140625,61953.53125,61922.69921875,61929.05078125,78059520
2026-06-10 18:13:00+00:00,61875.55078125,61928.76171875,61857.9609375,61928.76171875,0
2026-06-10 18:14:00+00:00,61897.9296875,61907.53125,61880.03125,61880.03125,0
2026-06-10 18:15:00+00:00,61928.7109375,61937.41015625,61894.01171875,61894.01171875,0
2026-06-10 18:16:00+00:00,61928.75,61936.6484375,61913.9296875,61924.48828125,8192
2026-06-10 18:17:00+00:00,61840.05078125,61914.6015625,61840.05078125,61914.6015625,130045952
2026-06-10 18:18:00+00:00,61832.98046875,61850.87109375,61824.01953125,61850.87109375,0
2026-06-10 18:19:00+00:00,61843.9296875,61861.44140625,61822.62109375,61861.44140625,0
2026-06-10 18:20:00+00:00,61867.01953125,61893.3515625,61841.80859375,61841.80859375,0
2026-06-10 18:21:00+00:00,61833.51171875,61905.3515625,61833.51171875,61869.87109375,0
2026-06-10 18:22:00+00:00,61816.33984375,61829.3984375,61789.98828125,61829.3984375,0
2026-06-10 18:23:00+00:00,61882.3984375,61885.0,61826.08984375,61826.08984375,68804608
2026-06-10 18:24:00+00:00,61912.2109375,61912.2109375,61861.2890625,61865.0390625,0
2026-06-10 18:25:00+00:00,61810.33984375,61896.8984375,61810.33984375,61896.8984375,0
2026-06-10 18:26:00+00:00,61840.26171875,61854.41015625,61802.55859375,61804.87109375,0
2026-06-10 18:27:00+00:00,61798.44921875,61823.6015625,61787.171875,61822.55859375,0
2026-06-10 18:28:00+00:00,61831.87109375,61849.3515625,61811.6484375,61811.6484375,0
2026-06-10 18:29:00+00:00,61949.5,61949.5,61826.98046875,61830.16015625,0
2026-06-10 18:30:00+00:00,61953.19921875,61953.19921875,61897.75,61940.53125,0
2026-06-10 18:31:00+00:00,61881.98046875,61941.23046875,61881.98046875,61938.0390625,0
2026-06-10 18:32:00+00:00,61890.03125,61906.0390625,61866.51953125,61906.0,0
2026-06-10 18:33:00+00:00,61869.12109375,61918.66015625,61869.12109375,61892.98828125,0
2026-06-10 18:34:00+00:00,61877.87890625,61880.609375,61830.0,61830.0,0
2026-06-10 18:35:00+00:00,61791.55078125,61860.66015625,61770.26171875,61860.66015625,25063424
2026-06-10 18:36:00+00:00,61771.71875,61811.94140625,61771.71875,61794.62109375,0
2026-06-10 18:37:00+00:00,61736.8984375,61763.76953125,61725.671875,61756.83984375,0
2026-06-10 18:38:00+00:00,61749.01953125,61754.359375,61719.578125,61734.0,0
2026-06-10 18:39:00+00:00,61737.421875,61763.078125,61729.05078125,61729.05078125,0
2026-06-10 18:40:00+00:00,61733.1015625,61751.8984375,61725.01171875,61728.80859375,0
2026-06-10 18:41:00+00:00,61705.98828125,61743.96875,61705.98828125,61737.3984375,0
2026-06-10 18:42:00+00:00,61713.62890625,61763.12109375,61713.62890625,61725.2890625,187199488
2026-06-10 18:43:00+00:00,61688.75,61739.390625,61688.75,61716.41015625,0
2026-06-10 18:44:00+00:00,61688.0,61717.37109375,61680.55859375,61717.37109375,214777856
2026-06-10 18:45:00+00:00,61704.01171875,61727.98828125,61686.12109375,61721.890625,0
2026-06-10 18:46:00+00:00,61678.41015625,61716.0,61675.3984375,61697.44921875,0
2026-06-10 18:47:00+00:00,61687.921875,61694.53125,61677.8203125,61686.87890625,0
2026-06-10 18:48:00+00:00,61747.171875,61755.05078125,61689.03125,61689.03125,74670080
2026-06-10 18:49:00+00:00,61731.19921875,61771.7109375,61721.71875,61742.671875,0
2026-06-10 18:50:00+00:00,61587.109375,61731.76171875,61557.3203125,61731.76171875,0
2026-06-10 18:51:00+00:00,61655.9296875,61680.4609375,61610.0,61610.0,0
2026-06-10 18:52:00+00:00,61668.75,61694.0,61654.23046875,61660.109375,0
2026-06-10 18:53:00+00:00,61720.75,61745.01953125,61675.0,61675.0,0
2026-06-10 18:54:00+00:00,61783.3984375,61783.3984375,61715.8203125,61730.140625,0
2026-06-10 18:55:00+00:00,61702.1015625,61761.87890625,61700.26953125,61761.87890625,0
2026-06-10 18:56:00+00:00,61739.33984375,61739.33984375,61688.7109375,61707.359375,0
2026-06-10 18:57:00+00:00,61827.46875,61827.46875,61753.96875,61758.0,0
2026-06-10 18:58:00+00:00,61811.98828125,61823.16015625,61802.26953125,61813.66015625,0
2026-06-10 18:59:00+00:00,61806.6484375,61816.03125,61797.44921875,61797.44921875,48064512
2026-06-10 19:00:00+00:00,61804.19140625,61831.76953125,61804.19140625,61805.80078125,0
2026-06-10 19:01:00+00:00,61818.0,61840.73828125,61807.2109375,61807.2109375,0
2026-06-10 19:02:00+00:00,61778.23828125,61787.44140625,61724.51953125,61787.44140625,0
2026-06-10 19:03:00+00:00,61791.8984375,61807.05078125,61755.87890625,61772.1015625,0
2026-06-10 19:04:00+00:00,61743.7890625,61793.01953125,61733.8515625,61792.8203125,69709824
2026-06-10 19:05:00+00:00,61718.37890625,61737.359375,61671.76171875,61731.609375,0
2026-06-10 19:06:00+00:00,61772.0,61775.98046875,61724.51953125,61724.51953125,80203776
2026-06-10 19:07:00+00:00,61840.16015625,61848.94140625,61778.12109375,61778.12109375,0
2026-06-10 19:08:00+00:00,61869.0390625,61878.94140625,61831.76953125,61831.76953125,0
2026-06-10 19:09:00+00:00,61861.7890625,61862.0703125,61834.08984375,61853.21875,669966336
2026-06-10 19:10:00+00:00,61805.5703125,61864.53125,61784.578125,61858.7890625,0
2026-06-10 19:11:00+00:00,61718.55859375,61805.21875,61718.55859375,61797.73046875,0
2026-06-10 19:12:00+00:00,61720.23046875,61720.23046875,61679.1796875,61709.05078125,0
2026-06-10 19:13:00+00:00,61700.8203125,61728.80078125,61700.8203125,61723.28125,0
2026-06-10 19:14:00+00:00,61681.578125,61698.01171875,61673.0390625,61697.4609375,41041920
2026-06-10 19:15:00+00:00,61724.53125,61740.0,61659.78125,61684.58984375,9017344
2026-06-10 19:16:00+00:00,61739.421875,61745.5390625,61728.8203125,61744.0390625,82870272
2026-06-10 19:17:00+00:00,61614.98828125,61724.53125,61614.98828125,61724.53125,0
2026-06-10 19:18:00+00:00,61677.94140625,61677.94140625,61611.078125,61611.078125,0
2026-06-10 19:19:00+00:00,61660.19921875,61689.30078125,61638.71875,61682.0,0
2026-06-10 19:20:00+00:00,61639.80078125,61680.51953125,61638.73046875,61660.80859375,0
2026-06-10 19:21:00+00:00,61646.98046875,61658.12890625,61622.78125,61630.1484375,0
2026-06-10 19:22:00+00:00,61646.4296875,61678.3203125,61638.73046875,61643.0,0
2026-06-10 19:23:00+00:00,61615.76953125,61638.7109375,61612.3515625,61612.3515625,92112896
2026-06-10 19:24:00+00:00,61677.33984375,61677.33984375,61625.83984375,61625.83984375,0
2026-06-10 19:25:00+00:00,61729.37890625,61758.03125,61684.37890625,61688.12109375,0
2026-06-10 19:26:00+00:00,61662.08984375,61730.01953125,61654.390625,61724.51953125,166019072
2026-06-10 19:27:00+00:00,61660.16015625,61675.0,61643.01953125,61654.6796875,0
2026-06-10 19:28:00+00:00,61714.37890625,61724.0703125,61651.62109375,61657.87109375,83423232
2026-06-10 19:29:00+00:00,61727.3984375,61727.3984375,61694.51171875,61703.0703125,0
2026-06-10 19:30:00+00:00,61792.01171875,61792.01171875,61724.51171875,61760.0,0
2026-06-10 19:31:00+00:00,61786.5,61822.890625,61783.2109375,61783.2109375,0
2026-06-10 19:32:00+00:00,61812.12109375,61812.12109375,61771.91015625,61775.94140625,116496384
2026-06-10 19:33:00+00:00,61843.19140625,61843.19140625,61804.0,61804.0,284672
2026-06-10 19:34:00+00:00,61888.3515625,61888.3515625,61840.98046875,61842.96875,0
2026-06-10 19:35:00+00:00,61876.6484375,61902.30078125,61858.01171875,61878.0,0
2026-06-10 19:36:00+00:00,61851.5,61882.0,61836.1015625,61882.0,86802432
2026-06-10 19:37:00+00:00,61891.5703125,61918.30078125,61853.2890625,61853.2890625,0
2026-06-10 19:38:00+00:00,61943.859375,61946.94921875,61901.5390625,61901.5390625,0
2026-06-10 19:39:00+00:00,61921.98828125,61990.0,61921.98828125,61949.6484375,0
2026-06-10 19:40:00+00:00,61917.5703125,61956.171875,61906.609375,61926.28125,0
2026-06-10 19:41:00+00:00,61926.1484375,61939.62109375,61884.140625,61917.55859375,0
2026-06-10 19:42:00+00:00,61917.98046875,61947.58984375,61910.30078125,61935.01171875,0
2026-06-10 19:43:00+00:00,61943.3203125,61961.48046875,61898.7890625,61917.96875,0
2026-06-10 19:44:00+00:00,61956.28125,61956.28125,61934.69921875,61940.62109375,1490972672
2026-06-10 19:45:00+00:00,61941.98828125,61977.62890625,61941.98828125,61960.8203125,0
2026-06-10 19:46:00+00:00,61926.0,61932.0,61859.98828125,61932.0,3430400
2026-06-10 19:47:00+00:00,61883.98828125,61930.01953125,61883.98828125,61930.01953125,129857536
2026-06-10 19:48:00+00:00,61837.80078125,61887.53125,61837.80078125,61861.80859375,88715264
2026-06-10 19:49:00+00:00,61911.19921875,61911.19921875,61850.0,61850.0,0
2026-06-10 19:50:00+00:00,61906.0,61908.98828125,61787.890625,61787.890625,0
2026-06-10 19:51:00+00:00,61909.0,61909.0,61854.2109375,61880.671875,0
2026-06-10 19:52:00+00:00,61895.37890625,61922.05859375,61895.37890625,61908.05078125,0
2026-06-10 19:53:00+00:00,61944.19140625,61946.01953125,61900.421875,61920.0,0
2026-06-10 19:54:00+00:00,61893.73828125,61946.16015625,61854.1015625,61946.01953125,0
2026-06-10 19:55:00+00:00,61930.44140625,61930.44140625,61871.33984375,61871.33984375,0
2026-06-10 19:56:00+00:00,61944.9609375,61968.01171875,61934.01953125,61934.01953125,0
2026-06-10 19:57:00+00:00,61973.33984375,61973.33984375,61937.03125,61941.4609375,0
2026-06-10 19:58:00+00:00,61955.25,61956.0,61914.01953125,61933.0703125,487424
2026-06-10 19:59:00+00:00,61880.05859375,61940.55078125,61880.05859375,61933.96875,0
2026-06-10 20:00:00+00:00,61829.0390625,61889.26953125,61825.328125,61889.26953125,85174272
2026-06-10 20:01:00+00:00,61733.1015625,61806.03125,61733.1015625,61806.03125,0
2026-06-10 20:02:00+00:00,61782.171875,61803.03125,61722.91015625,61722.91015625,0
2026-06-10 20:03:00+00:00,61836.8515625,61859.05859375,61775.80078125,61775.9296875,0
2026-06-10 20:04:00+00:00,61784.66015625,61811.2890625,61767.421875,61806.03125,956416
2026-06-10 20:05:00+00:00,61735.4296875,61790.1484375,61708.078125,61790.1484375,0
2026-06-10 20:06:00+00:00,61717.26953125,61780.2890625,61717.26953125,61737.66015625,0
2026-06-10 20:07:00+00:00,61703.0703125,61720.94140625,61681.62109375,61720.94140625,111601664
2026-06-10 20:08:00+00:00,61726.98046875,61743.55078125,61715.6796875,61715.6796875,0
2026-06-10 20:09:00+00:00,61693.0,61712.26953125,61632.05078125,61712.26953125,0
2026-06-10 20:10:00+00:00,61732.8984375,61732.8984375,61690.0,61690.171875,0
2026-06-10 20:11:00+00:00,61735.7890625,61750.578125,61728.8203125,61748.0390625,0
2026-06-10 20:12:00+00:00,61737.3984375,61757.0390625,61735.66015625,61735.66015625,479727616
2026-06-10 20:13:00+00:00,61731.98828125,61771.0,61715.96875,61743.98828125,0
2026-06-10 20:14:00+00:00,61754.01171875,61761.0,61736.4609375,61750.26171875,0
2026-06-10 20:15:00+00:00,61784.01171875,61788.421875,61744.0,61756.0,3829760
2026-06-10 20:16:00+00:00,61716.03125,61766.23828125,61712.48046875,61765.0,0
2026-06-10 20:17:00+00:00,61728.03125,61736.1796875,61678.0,61708.01171875,0
2026-06-10 20:18:00+00:00,61774.1015625,61788.0,61738.2890625,61738.2890625,0
2026-06-10 20:19:00+00:00,61767.3515625,61789.98828125,61767.3515625,61769.87890625,0
2026-06-10 20:20:00+00:00,61694.01953125,61758.8515625,61681.62890625,61758.8515625,0
2026-06-10 20:21:00+00:00,61697.76953125,61758.83984375,61697.76953125,61706.12890625,0
2026-06-10 20:22:00+00:00,61848.30859375,61848.30859375,61707.25,61707.25,0
2026-06-10 20:23:00+00:00,61804.7890625,61883.1484375,61793.16015625,61853.921875,63348736
2026-06-10 20:24:00+00:00,61874.21875,61874.21875,61797.23828125,61797.98828125,3006464
2026-06-10 20:25:00+00:00,61857.5,61877.328125,61851.26953125,61860.44921875,1931264
2026-06-10 20:26:00+00:00,61852.08984375,61866.2109375,61840.3515625,61866.2109375,0
2026-06-10 20:27:00+00:00,61840.3515625,61851.55859375,61832.98828125,61851.55859375,0
2026-06-10 20:28:00+00:00,61840.3984375,61844.01171875,61825.98046875,61831.671875,77367296
2026-06-10 20:29:00+00:00,61849.26171875,61858.78125,61835.828125,61835.828125,620369920
2026-06-10 20:30:00+00:00,61779.96875,61831.80078125,61771.7109375,61831.80078125,0
2026-06-10 20:31:00+00:00,61776.0,61796.0,61771.69921875,61789.44140625,0
2026-06-10 20:32:00+00:00,61802.26171875,61814.01171875,61750.1484375,61763.12109375,0
2026-06-10 20:33:00+00:00,61847.37890625,61847.37890625,61816.87109375,61818.890625,0
2026-06-10 20:34:00+00:00,61851.6484375,61862.6015625,61840.4609375,61847.390625,128038912
2026-06-10 20:35:00+00:00,61831.76953125,61853.2109375,61820.73046875,61839.98046875,103354368
2026-06-10 20:36:00+00:00,61803.96875,61831.6015625,61803.96875,61822.828125,2621440
2026-06-10 20:37:00+00:00,61848.9296875,61848.9296875,61812.46875,61812.46875,8804352
2026-06-10 20:38:00+00:00,61813.98828125,61863.98828125,61813.98828125,61847.8203125,0
2026-06-10 20:39:00+00:00,61799.0,61839.98046875,61799.0,61820.98046875,0
2026-06-10 20:40:00+00:00,61794.0,61805.78125,61783.3984375,61793.16015625,0
2026-06-10 20:41:00+00:00,61814.01171875,61817.80078125,61795.08984375,61804.69140625,85469184
2026-06-10 20:42:00+00:00,61782.6015625,61813.01953125,61782.12109375,61813.01953125,0
2026-06-10 20:43:00+00:00,61781.26171875,61812.421875,61773.421875,61789.0,0
2026-06-10 20:44:00+00:00,61745.98046875,61793.51171875,61745.98046875,61793.51171875,0
2026-06-10 20:45:00+00:00,61728.80859375,61781.7890625,61728.80859375,61748.109375,0
2026-06-10 20:46:00+00:00,61698.7890625,61722.3203125,61694.0,61722.3203125,83861504
2026-06-10 20:47:00+00:00,61717.51953125,61719.01953125,61688.98046875,61711.3984375,0
2026-06-10 20:48:00+00:00,61720.30078125,61733.98828125,61694.0,61716.078125,0
2026-06-10 20:49:00+00:00,61741.98828125,61746.69140625,61720.23046875,61728.80859375,0
2026-06-10 20:50:00+00:00,61687.98828125,61774.69921875,61681.62109375,61753.05078125,0
2026-06-10 20:51:00+00:00,61704.640625,61710.0390625,61656.140625,61690.921875,4042752
2026-06-10 20:52:00+00:00,61706.0390625,61726.01171875,61704.421875,61713.0,0
2026-06-10 20:53:00+00:00,61668.01953125,61680.0,61647.30078125,61680.0,0
2026-06-10 20:54:00+00:00,61713.78125,61713.78125,61666.73046875,61668.3515625,153413632
2026-06-10 20:55:00+00:00,61645.71875,61720.23046875,61645.71875,61720.23046875,77023232
2026-06-10 20:56:00+00:00,61660.69921875,61660.69921875,61645.7109375,61645.7109375,0
2026-06-10 20:57:00+00:00,61654.98046875,61669.359375,61648.69140625,61669.359375,47104
2026-06-10 20:58:00+00:00,61728.91015625,61733.08984375,61660.16015625,61660.16015625,0
2026-06-10 20:59:00+00:00,61738.0,61741.30078125,61731.83984375,61731.83984375,0
2026-06-10 21:00:00+00:00,61679.48828125,61737.37890625,61679.48828125,61737.37890625,0
2026-06-10 21:01:00+00:00,61715.69921875,61721.28125,61690.171875,61690.171875,0
2026-06-10 21:02:00+00:00,61695.2109375,61720.08984375,61692.0,61708.94140625,0
2026-06-10 21:03:00+00:00,61706.01171875,61718.03125,61695.19921875,61695.19921875,138989568
2026-06-10 21:04:00+00:00,61687.328125,61715.9296875,61687.328125,61709.2890625,0
2026-06-10 21:05:00+00:00,61623.37890625,61677.33984375,61608.12109375,61677.33984375,0
2026-06-10 21:06:00+00:00,61623.1484375,61652.51953125,61617.96875,61617.96875,0
2026-06-10 21:07:00+00:00,61582.94921875,61614.6015625,61582.94921875,61596.78125,0
2026-06-10 21:08:00+00:00,61571.9609375,61589.46875,61570.0,61589.46875,0
2026-06-10 21:09:00+00:00,61557.33984375,61585.0,61557.33984375,61574.05078125,0
2026-06-10 21:10:00+00:00,61507.3515625,61559.0703125,61476.66015625,61559.0703125,0
2026-06-10 21:11:00+00:00,61463.62109375,61513.98828125,61461.0390625,61506.0703125,0
2026-06-10 21:12:00+00:00,61443.421875,61504.828125,61443.421875,61459.37109375,9785344
2026-06-10 21:13:00+00:00,61490.0,61490.0,61449.87109375,61449.87890625,0
2026-06-10 21:14:00+00:00,61485.421875,61492.03125,61459.51171875,61492.03125,46848000
2026-06-10 21:15:00+00:00,61575.9296875,61575.9296875,61505.71875,61505.71875,0
2026-06-10 21:16:00+00:00,61600.0,61600.0,61568.94921875,61572.0,0
2026-06-10 21:17:00+00:00,61592.08984375,61628.71875,61592.08984375,61599.98828125,329949184
2026-06-10 21:18:00+00:00,61520.0390625,61544.0,61499.9609375,61544.0,6154240
2026-06-10 21:19:00+00:00,61557.46875,61581.94921875,61516.0,61520.25,0
2026-06-10 21:20:00+00:00,61540.140625,61542.0,61506.87109375,61527.0,0
2026-06-10 21:21:00+00:00,61513.671875,61541.19921875,61499.46875,61541.19921875,582688768
2026-06-10 21:22:00+00:00,61574.12109375,61574.12109375,61513.66015625,61513.66015625,8364032
2026-06-10 21:23:00+00:00,61532.0,61593.05078125,61532.0,61581.640625,0
2026-06-10 21:24:00+00:00,61469.96875,61539.25,61464.96875,61539.25,2584576
2026-06-10 21:25:00+00:00,61512.73046875,61514.44140625,61483.98046875,61484.12890625,0
2026-06-10 21:26:00+00:00,61516.91015625,61520.0,61506.69140625,61512.71875,0
2026-06-10 21:27:00+00:00,61509.03125,61554.01171875,61509.03125,61532.23828125,60205056
2026-06-10 21:28:00+00:00,61510.01953125,61534.0,61510.01953125,61510.78125,0
2026-06-10 21:29:00+00:00,61510.12890625,61531.44921875,61506.69921875,61506.69921875,0
2026-06-10 21:30:00+00:00,61574.37109375,61582.9609375,61510.140625,61510.140625,0
2026-06-10 21:31:00+00:00,61590.0,61592.0,61574.37109375,61574.4296875,0
2026-06-10 21:32:00+00:00,61633.23828125,61633.23828125,61574.98828125,61587.87890625,0
2026-06-10 21:33:00+00:00,61651.578125,61651.578125,61618.0,61625.66015625,106483712
2026-06-10 21:34:00+00:00,61640.5,61654.01953125,61616.03125,61654.01953125,0
2026-06-10 21:35:00+00:00,61606.578125,61650.6015625,61582.828125,61640.48828125,0
2026-06-10 21:36:00+00:00,61592.80078125,61596.53125,61578.80078125,61591.5390625,0
2026-06-10 21:37:00+00:00,61592.4296875,61596.53125,61576.94921875,61593.421875,0
2026-06-10 21:38:00+00:00,61595.390625,61596.609375,61571.23046875,61596.609375,211982336
2026-06-10 21:39:00+00:00,61548.6484375,61595.37890625,61548.6484375,61595.37890625,0
2026-06-10 21:40:00+00:00,61560.98828125,61568.83984375,61548.91015625,61561.3515625,0
2026-06-10 21:41:00+00:00,61584.28125,61584.28125,61569.01171875,61569.640625,0
2026-06-10 21:42:00+00:00,61589.5,61589.5,61570.1015625,61574.37109375,0
2026-06-10 21:43:00+00:00,61595.83984375,61620.80859375,61583.9609375,61583.9609375,75669504
2026-06-10 21:44:00+00:00,61620.3984375,61621.578125,61591.53125,61591.53125,0
2026-06-10 21:45:00+00:00,61612.3515625,61628.69140625,61608.71875,61621.578125,0
2026-06-10 21:46:00+00:00,61611.578125,61611.578125,61577.83984375,61582.23046875,0
2026-06-10 21:47:00+00:00,61605.44921875,61606.671875,61579.80859375,61591.53125,0
2026-06-10 21:48:00+00:00,61622.23046875,61626.4296875,61608.62890625,61608.62890625,0
2026-06-10 21:49:00+00:00,61402.5390625,61535.1796875,61402.5390625,61535.1796875,0
2026-06-10 21:50:00+00:00,61308.78125,61363.76953125,61230.921875,61357.19140625,0
2026-06-10 21:51:00+00:00,61157.21875,61247.640625,61157.21875,61247.640625,86382592
2026-06-10 21:52:00+00:00,61180.578125,61218.359375,61150.0,61218.359375,0
2026-06-10 21:53:00+00:00,61163.58984375,61236.7109375,61160.0,61191.01171875,0
2026-06-10 21:54:00+00:00,61178.578125,61205.12109375,61172.4609375,61180.671875,0
2026-06-10 21:55:00+00:00,61189.73046875,61223.98828125,61166.3515625,61203.87890625,0
2026-06-10 21:56:00+00:00,61248.0,61248.0,61189.73046875,61189.73046875,0
2026-06-10 21:57:00+00:00,61154.1015625,61242.01171875,61154.1015625,61239.7890625,0
2026-06-10 21:58:00+00:00,61220.0,61220.0,61138.19921875,61138.19921875,0
2026-06-10 21:59:00+00:00,61294.46875,61294.8515625,61225.9296875,61230.62109375,0
2026-06-10 22:00:00+00:00,61209.171875,61297.828125,61167.98046875,61297.828125,3538944
2026-06-10 22:01:00+00:00,61166.37890625,61230.0,61163.98828125,61230.0,0
2026-06-10 22:02:00+00:00,61123.98828125,61198.62890625,61123.98828125,61194.859375,0
2026-06-10 22:03:00+00:00,61181.640625,61197.37109375,61121.98828125,61125.98828125,418420736
2026-06-10 22:04:00+00:00,61120.6015625,61166.33984375,61109.55859375,61166.33984375,604160
2026-06-10 22:05:00+00:00,61128.0,61180.46875,61114.328125,61165.98046875,267452416
2026-06-10 22:06:00+00:00,61174.0,61193.98828125,61120.44140625,61127.16015625,0
2026-06-10 22:07:00+00:00,61208.33984375,61208.421875,61166.5,61174.01171875,0
2026-06-10 22:08:00+00:00,61218.01171875,61221.41015625,61188.78125,61193.25,38912
2026-06-10 22:09:00+00:00,61203.0703125,61223.2890625,61203.0703125,61223.2890625,0
2026-06-10 22:10:00+00:00,61255.078125,61272.640625,61213.6796875,61213.6796875,0
2026-06-10 22:11:00+00:00,61181.640625,61267.30859375,61171.2109375,61258.03125,69664768
2026-06-10 22:12:00+00:00,61198.94140625,61227.51953125,61151.0390625,61168.25,3188736
2026-06-10 22:13:00+00:00,61171.171875,61206.609375,61160.21875,61200.33984375,0
2026-06-10 22:14:00+00:00,61178.7890625,61184.6796875,61164.78125,61167.2109375,110305280
2026-06-10 22:15:00+00:00,61108.01953125,61179.98046875,61105.23046875,61179.9609375,0
2026-06-10 22:16:00+00:00,61105.01171875,61141.8203125,61085.1484375,61110.7109375,0
2026-06-10 22:17:00+00:00,61059.25,61111.25,61059.25,61111.25,0
2026-06-10 22:18:00+00:00,61092.890625,61104.87109375,61062.26171875,61066.078125,0
2026-06-10 22:19:00+00:00,61079.5703125,61150.91015625,61079.5703125,61094.01953125,0
2026-06-10 22:20:00+00:00,61065.19140625,61093.421875,61043.98046875,61061.828125,0
2026-06-10 22:21:00+00:00,61196.58984375,61217.0390625,61084.0,61084.0,8916992
2026-06-10 22:22:00+00:00,61159.98828125,61207.6484375,61140.0,61207.6484375,0
2026-06-10 22:23:00+00:00,61175.2890625,61176.359375,61130.171875,61152.66015625,0
2026-06-10 22:24:00+00:00,61209.1796875,61214.76171875,61134.03125,61176.08984375,0
2026-06-10 22:25:00+00:00,61264.48828125,61264.48828125,61178.6796875,61206.12109375,0
2026-06-10 22:26:00+00:00,61207.26953125,61262.26953125,61207.26953125,61253.46875,278210560
2026-06-10 22:27:00+00:00,61245.91015625,61249.55078125,61190.8203125,61196.94140625,0
2026-06-10 22:28:00+00:00,61236.640625,61279.5390625,61236.640625,61252.0,0
2026-06-10 22:29:00+00:00,61191.6015625,61223.55078125,61164.33984375,61223.55078125,0
2026-06-10 22:30:00+00:00,61280.25,61314.76171875,61190.71875,61190.71875,0
2026-06-10 22:31:00+00:00,61346.9609375,61347.76171875,61294.03125,61328.8203125,0
2026-06-10 22:32:00+00:00,61321.12109375,61364.0,61316.28125,61359.0390625,0
2026-06-10 22:33:00+00:00,61324.58984375,61347.5,61324.58984375,61334.08984375,63748096
2026-06-10 22:34:00+00:00,61246.19921875,61322.55078125,61239.78125,61322.55078125,0
2026-06-10 22:35:00+00:00,61319.328125,61323.98046875,61254.37890625,61254.37890625,0
2026-06-10 22:36:00+00:00,61263.03125,61316.26953125,61244.76953125,61316.26953125,81334272
2026-06-10 22:37:00+00:00,61296.23828125,61315.91015625,61252.03125,61261.19140625,0
2026-06-10 22:38:00+00:00,61339.73828125,61344.0,61280.51953125,61302.94140625,0
2026-06-10 22:39:00+00:00,61321.421875,61329.609375,61310.16015625,61322.3984375,0
2026-06-10 22:40:00+00:00,61376.4296875,61376.4296875,61312.078125,61312.078125,0
2026-06-10 22:41:00+00:00,61353.98828125,61366.51171875,61335.55078125,61353.0,120938496
2026-06-10 22:42:00+00:00,61429.48828125,61429.48828125,61353.53125,61353.53125,0
2026-06-10 22:43:00+00:00,61492.73046875,61506.0,61442.921875,61458.30859375,71876608
2026-06-10 22:44:00+00:00,61484.578125,61508.94140625,61425.1015625,61493.76171875,0
2026-06-10 22:45:00+00:00,61418.01953125,61487.640625,61392.78125,61478.44921875,0
2026-06-10 22:46:00+00:00,61439.5,61439.5,61384.0,61395.8515625,90966016
2026-06-10 22:47:00+00:00,61383.6484375,61434.0,61383.6484375,61434.0,0
2026-06-10 22:48:00+00:00,61389.73046875,61431.98046875,61356.03125,61377.1796875,0
2026-06-10 22:49:00+00:00,61373.6796875,61388.26953125,61343.8203125,61388.26953125,2035712
2026-06-10 22:50:00+00:00,61389.98046875,61412.94921875,61373.69140625,61373.69140625,0
2026-06-10 22:51:00+00:00,61389.71875,61405.8984375,61389.71875,61392.76953125,133928960
2026-06-10 22:52:00+00:00,61404.890625,61425.9296875,61377.94921875,61377.94921875,962560
2026-06-10 22:53:00+00:00,61374.28125,61395.8515625,61330.0,61395.8515625,0
2026-06-10 22:54:00+00:00,61383.6015625,61391.1484375,61369.41015625,61378.01171875,0
2026-06-10 22:55:00+00:00,61358.98828125,61414.19921875,61358.98828125,61408.0703125,0
2026-06-10 22:56:00+00:00,61373.37109375,61373.87109375,61359.12109375,61363.78125,0
2026-06-10 22:57:00+00:00,61375.51953125,61378.0,61350.6015625,61368.0,1083392
2026-06-10 22:58:00+00:00,61355.98828125,61383.44140625,61350.0,61383.44140625,0
2026-06-10 22:59:00+00:00,61322.87890625,61354.0,61312.0,61354.0,2967552
2026-06-10 23:00:00+00:00,61256.0,61322.87890625,61256.0,61322.87890625,0
2026-06-10 23:01:00+00:00,61284.4296875,61303.87109375,61253.578125,61253.578125,0
2026-06-10 23:02:00+00:00,61296.96875,61302.0,61268.0,61284.4296875,0
2026-06-10 23:03:00+00:00,61295.87109375,61315.1015625,61287.73828125,61308.01171875,0
2026-06-10 23:04:00+00:00,61297.921875,61304.03125,61283.921875,61286.01171875,0
2026-06-10 23:05:00+00:00,61291.7890625,61304.03125,61277.30078125,61298.16015625,0
2026-06-10 23:06:00+00:00,61289.3515625,61300.96875,61282.62109375,61300.96875,0
2026-06-10 23:07:00+00:00,61298.80859375,61304.01953125,61270.421875,61282.62109375,0
2026-06-10 23:08:00+00:00,61255.48046875,61294.859375,61255.48046875,61294.859375,0
2026-06-10 23:09:00+00:00,61190.80859375,61278.578125,61190.80859375,61254.0,157696
2026-06-10 23:10:00+00:00,61178.58984375,61190.58984375,61166.33984375,61190.58984375,82192384
2026-06-10 23:11:00+00:00,61167.23828125,61175.73828125,61134.671875,61175.73828125,0
2026-06-10 23:12:00+00:00,61155.3515625,61181.66015625,61129.0,61172.44921875,0
2026-06-10 23:13:00+00:00,61151.98828125,61169.390625,61138.80078125,61160.21875,0
2026-06-10 23:14:00+00:00,61148.0,61152.8515625,61135.73828125,61152.8515625,0
2026-06-10 23:15:00+00:00,61132.48828125,61157.16015625,61104.0,61144.921875,84508672
2026-06-10 23:16:00+00:00,61137.23828125,61138.78125,61102.0,61138.78125,0
2026-06-10 23:17:00+00:00,61194.9609375,61194.9609375,61132.83984375,61139.25,0
2026-06-10 23:18:00+00:00,61214.6015625,61238.421875,61214.6015625,61220.78125,7213056
2026-06-10 23:19:00+00:00,61310.16015625,61331.69140625,61202.8203125,61202.8203125,0
2026-06-10 23:20:00+00:00,61418.0,61434.0,61319.83984375,61319.83984375,139610112
2026-06-10 23:21:00+00:00,61430.01171875,61439.98828125,61386.421875,61401.01953125,0
2026-06-10 23:22:00+00:00,61430.1015625,61435.66015625,61405.01953125,61413.16015625,20258816
2026-06-10 23:23:00+00:00,61444.05078125,61450.91015625,61433.98046875,61441.73046875,2793472
2026-06-10 23:24:00+00:00,61405.01171875,61427.83984375,61386.6015625,61427.83984375,4046848
2026-06-10 23:25:00+00:00,61392.48046875,61471.96875,61392.0,61423.37109375,0
2026-06-10 23:26:00+00:00,61420.30859375,61428.94140625,61380.55078125,61380.55078125,114006016
2026-06-10 23:27:00+00:00,61447.87109375,61454.37109375,61411.62890625,61418.1015625,0
2026-06-10 23:28:00+00:00,61464.73828125,61464.73828125,61438.6796875,61455.0,0
2026-06-10 23:29:00+00:00,61491.98046875,61510.0,61469.26953125,61469.26953125,0
2026-06-10 23:30:00+00:00,61497.46875,61518.23828125,61486.91015625,61487.6484375,0
2026-06-10 23:31:00+00:00,61435.7109375,61478.4609375,61431.83984375,61478.4609375,0
2026-06-10 23:32:00+00:00,61469.78125,61469.78125,61423.37109375,61438.671875,0
2026-06-10 23:33:00+00:00,61416.078125,61466.21875,61416.078125,61466.21875,0
2026-06-10 23:34:00+00:00,61438.5390625,61438.5390625,61413.921875,61414.94140625,0
2026-06-10 23:35:00+00:00,61470.390625,61493.75,61443.69921875,61443.69921875,56803328
2026-06-10 23:36:00+00:00,61481.98046875,61514.66015625,61480.94140625,61492.0,0
2026-06-10 23:37:00+00:00,61478.3515625,61478.390625,61476.98046875,61478.08984375,0
2026-06-10 23:38:00+00:00,61450.91015625,61476.98046875,61447.94921875,61476.98046875,67280896
2026-06-10 23:39:00+00:00,61429.5,61453.4609375,61429.5,61453.4609375,0
2026-06-10 23:40:00+00:00,61474.16015625,61474.16015625,61414.109375,61434.0,0
2026-06-10 23:41:00+00:00,61509.05078125,61509.05078125,61472.01171875,61474.0,0
2026-06-10 23:42:00+00:00,61519.8515625,61549.98828125,61503.87109375,61506.0,0
2026-06-10 23:43:00+00:00,61506.01171875,61531.7109375,61506.01171875,61526.0,0
2026-06-10 23:44:00+00:00,61483.44140625,61496.828125,61477.0703125,61496.828125,794624
2026-06-10 23:45:00+00:00,61477.21875,61480.0,61435.62109375,61480.0,0
2026-06-10 23:46:00+00:00,61463.171875,61475.390625,61457.0390625,61466.21875,84486144
2026-06-10 23:47:00+00:00,61479.2890625,61479.2890625,61439.98828125,61464.921875,128729088
2026-06-10 23:48:00+00:00,61448.78125,61489.2890625,61444.0,61474.3203125,0
2026-06-10 23:49:00+00:00,61433.140625,61437.08984375,61425.6015625,61437.08984375,0
2026-06-10 23:50:00+00:00,61438.640625,61444.01171875,61416.48828125,61426.55078125,0
2026-06-10 23:51:00+00:00,61457.7890625,61466.2109375,61435.62109375,61435.62109375,0
2026-06-10 23:52:00+00:00,61496.01171875,61496.80078125,61463.16015625,61463.16015625,6615040
2026-06-10 23:53:00+00:00,61502.94140625,61521.01171875,61488.03125,61488.03125,0
2026-06-10 23:54:00+00:00,61481.5,61488.08984375,61458.26953125,61485.48046875,0
2026-06-10 23:55:00+00:00,61476.2109375,61490.69140625,61471.25,61486.44140625,0
2026-06-10 23:56:00+00:00,61463.171875,61480.26171875,61451.2109375,61480.26171875,231690240
2026-06-10 23:57:00+00:00,61440.0,61464.390625,61440.0,61448.0390625,2531328
2026-06-10 23:58:00+00:00,61452.01171875,61452.01171875,61436.0,61436.0,0
2026-06-11 00:00:00+00:00,61520.0,61520.0,61459.12109375,61460.08984375,0
2026-06-11 00:01:00+00:00,61550.0,61550.0,61516.96875,61530.46875,4173824
2026-06-11 00:02:00+00:00,61561.078125,61593.1484375,61553.76953125,61573.30078125,0
2026-06-11 00:03:00+00:00,61541.44921875,61567.26171875,61541.44921875,61560.3203125,0
2026-06-11 00:04:00+00:00,61512.0,61572.0,61500.01171875,61550.890625,0
2026-06-11 00:05:00+00:00,61576.37890625,61576.37890625,61512.53125,61512.53125,0
2026-06-11 00:06:00+00:00,61579.44140625,61590.01171875,61533.37109375,61567.19921875,692224
2026-06-11 00:07:00+00:00,61594.73828125,61615.05078125,61576.390625,61591.98828125,0
2026-06-11 00:08:00+00:00,61569.3515625,61569.3515625,61542.71875,61564.0,498139136
2026-06-11 00:09:00+00:00,61549.46875,61554.0,61513.98828125,61542.71875,0
2026-06-11 00:10:00+00:00,61545.78125,61570.69921875,61522.62890625,61562.01953125,43485184
2026-06-11 00:11:00+00:00,61585.55078125,61588.76953125,61544.0,61544.0,0
2026-06-11 00:12:00+00:00,61593.98828125,61596.859375,61558.03125,61596.859375,7892992
2026-06-11 00:13:00+00:00,61611.98046875,61631.4609375,61594.69921875,61594.69921875,0
2026-06-11 00:14:00+00:00,61626.0,61631.44921875,61603.6796875,61612.37109375,0
2026-06-11 00:15:00+00:00,61720.19140625,61720.19140625,61631.5,61658.73046875,0
2026-06-11 00:16:00+00:00,61760.328125,61775.0703125,61720.19921875,61721.19140625,118513664
2026-06-11 00:17:00+00:00,61914.01171875,61914.01171875,61768.1484375,61768.1484375,0
2026-06-11 00:18:00+00:00,61781.98046875,61885.44921875,61769.16015625,61885.44921875,0
2026-06-11 00:19:00+00:00,61868.78125,61870.12109375,61797.05859375,61806.828125,0
2026-06-11 00:20:00+00:00,61897.078125,61900.73828125,61858.578125,61858.578125,0
2026-06-11 00:21:00+00:00,61897.6796875,61914.12890625,61876.4609375,61889.69921875,241909760
2026-06-11 00:22:00+00:00,61824.37109375,61882.37109375,61824.37109375,61870.03125,0
2026-06-11 00:23:00+00:00,61798.01953125,61827.48828125,61765.51953125,61827.48828125,0
2026-06-11 00:24:00+00:00,61796.69140625,61798.76171875,61750.0390625,61798.01953125,2842624
2026-06-11 00:25:00+00:00,61802.0,61805.1015625,61781.390625,61805.1015625,0
2026-06-11 00:26:00+00:00,61813.01953125,61815.0,61796.01953125,61799.390625,125370368
2026-06-11 00:27:00+00:00,61754.16015625,61811.0,61754.16015625,61811.0,0
2026-06-11 00:28:00+00:00,61819.3203125,61819.3203125,61744.6796875,61754.16015625,86509568
2026-06-11 00:29:00+00:00,61823.98828125,61827.30078125,61802.8203125,61822.328125,0
2026-06-11 00:30:00+00:00,61805.87890625,61838.94140625,61799.76171875,61829.03125,0
2026-06-11 00:31:00+00:00,61812.03125,61812.03125,61776.12109375,61800.828125,64196608
2026-06-11 00:32:00+00:00,61816.53125,61827.2890625,61807.859375,61812.8203125,0
2026-06-11 00:33:00+00:00,61812.6484375,61832.44140625,61784.53125,61790.390625,509714432
2026-06-11 00:34:00+00:00,61769.80859375,61826.87890625,61769.80859375,61826.87890625,0
2026-06-11 00:35:00+00:00,61797.23828125,61797.23828125,61752.37890625,61764.609375,0
2026-06-11 00:36:00+00:00,61726.26953125,61794.0,61726.26953125,61794.0,0
2026-06-11 00:37:00+00:00,61773.23828125,61775.28125,61728.80078125,61735.48828125,61310976
2026-06-11 00:38:00+00:00,61741.80078125,61772.2109375,61732.44921875,61763.0390625,100438016
2026-06-11 00:39:00+00:00,61727.5390625,61729.37890625,61708.01171875,61729.37890625,0
2026-06-11 00:40:00+00:00,61732.44140625,61738.98046875,61721.98828125,61727.5390625,9269248
2026-06-11 00:41:00+00:00,61776.828125,61776.828125,61727.98828125,61727.98828125,0
2026-06-11 00:42:00+00:00,61815.05859375,61824.9609375,61790.98828125,61798.671875,0
2026-06-11 00:43:00+00:00,61784.46875,61830.5390625,61784.46875,61826.26953125,0
2026-06-11 00:44:00+00:00,61721.828125,61772.21875,61717.98828125,61772.21875,0
2026-06-11 00:45:00+00:00,61793.7109375,61799.9296875,61738.03125,61738.03125,26830848
2026-06-11 00:46:00+00:00,61852.8203125,61852.8203125,61782.0703125,61796.23046875,0
2026-06-11 00:47:00+00:00,61799.05859375,61851.78125,61799.01171875,61851.78125,62488576
2026-06-11 00:48:00+00:00,61852.0703125,61852.0703125,61802.8203125,61814.62890625,0
2026-06-11 00:49:00+00:00,61845.0,61849.26171875,61835.078125,61840.140625,78180352
2026-06-11 00:50:00+00:00,61827.4609375,61837.98828125,61826.140625,61834.30859375,32700416
2026-06-11 00:51:00+00:00,61813.5703125,61835.28125,61794.1484375,61826.96875,0
2026-06-11 00:52:00+00:00,61849.3203125,61856.62890625,61827.2890625,61827.2890625,80967680
2026-06-11 00:53:00+00:00,61812.0,61835.359375,61805.8515625,61833.421875,0
2026-06-11 00:54:00+00:00,61756.83984375,61804.1796875,61741.8984375,61804.1796875,2725888
2026-06-11 00:55:00+00:00,61778.3515625,61790.19140625,61750.80859375,61760.98046875,0
2026-06-11 00:56:00+00:00,61761.98828125,61778.33984375,61756.9296875,61777.1796875,187637760
2026-06-11 00:57:00+00:00,61769.16015625,61775.87890625,61763.87109375,61773.359375,0
2026-06-11 00:58:00+00:00,61790.578125,61803.609375,61769.16015625,61769.16015625,0
2026-06-11 00:59:00+00:00,61759.98046875,61818.8203125,61759.98046875,61793.421875,0
2026-06-11 01:00:00+00:00,61769.16015625,61792.48046875,61766.71875,61769.21875,115714048
2026-06-11 01:01:00+00:00,61851.98046875,61851.98046875,61772.0,61772.0,0
2026-06-11 01:02:00+00:00,61850.19921875,61864.0,61850.19921875,61854.03125,0
2026-06-11 01:03:00+00:00,61841.7890625,61862.62890625,61838.30859375,61850.0,287358976
2026-06-11 01:04:00+00:00,61898.01171875,61916.1015625,61838.01171875,61845.6484375,8491008
2026-06-11 01:05:00+00:00,61929.98046875,61939.5,61885.4296875,61894.62890625,0
2026-06-11 01:06:00+00:00,61903.80078125,61940.78125,61903.80078125,61936.4296875,0
2026-06-11 01:07:00+00:00,61879.328125,61882.37109375,61857.8984375,61879.3203125,0
2026-06-11 01:08:00+00:00,61894.69140625,61894.69140625,61856.01171875,61870.140625,82870272
2026-06-11 01:09:00+00:00,61860.55859375,61903.7890625,61860.55859375,61897.53125,0
2026-06-11 01:10:00+00:00,61905.05078125,61917.44140625,61870.0,61870.0,0
2026-06-11 01:11:00+00:00,61919.078125,61925.5390625,61905.0390625,61909.421875,124944384
2026-06-11 01:12:00+00:00,61947.73046875,61947.73046875,61904.01171875,61904.01171875,0
2026-06-11 01:13:00+00:00,62035.37890625,62035.37890625,61925.03125,61934.41015625,1855488
2026-06-11 01:14:00+00:00,61976.0,62050.6796875,61976.0,62035.98828125,0
2026-06-11 01:15:00+00:00,61978.0,62027.0,61968.0703125,61968.0703125,0
2026-06-11 01:16:00+00:00,62102.69140625,62102.69140625,61982.55078125,61982.55078125,4616192
2026-06-11 01:17:00+00:00,62047.0703125,62099.08984375,62024.578125,62090.69921875,61634560
2026-06-11 01:18:00+00:00,62054.76953125,62070.98046875,62033.0703125,62041.51171875,0
2026-06-11 01:19:00+00:00,62139.6484375,62139.6484375,62065.98046875,62068.94140625,0
2026-06-11 01:20:00+00:00,62064.390625,62136.359375,62059.98046875,62136.359375,201758720
2026-06-11 01:21:00+00:00,62104.01171875,62114.30078125,62060.55859375,62061.9609375,0
2026-06-11 01:22:00+00:00,62048.0,62108.8203125,62048.0,62098.19140625,0
2026-06-11 01:23:00+00:00,62118.98828125,62122.08984375,62070.0,62070.0,0
2026-06-11 01:24:00+00:00,62112.23828125,62130.23828125,62100.7109375,62115.98046875,169170944
2026-06-11 01:25:00+00:00,62120.83984375,62130.23828125,62095.98828125,62099.94921875,0
2026-06-11 01:26:00+00:00,62099.6484375,62157.0703125,62099.6484375,62122.51953125,0
2026-06-11 01:27:00+00:00,62105.69921875,62105.69921875,62056.80859375,62072.0,0
2026-06-11 01:28:00+00:00,62087.96875,62117.0390625,62087.96875,62110.828125,0
2026-06-11 01:29:00+00:00,62116.0703125,62116.0703125,62081.28125,62084.55859375,52824064
2026-06-11 01:30:00+00:00,62112.16015625,62142.46875,62108.8203125,62133.2890625,18616320
2026-06-11 01:31:00+00:00,62060.5703125,62087.3984375,62059.87109375,62087.3984375,0
2026-06-11 01:32:00+00:00,62142.3984375,62142.3984375,62071.0390625,62071.0390625,0
2026-06-11 01:33:00+00:00,62090.46875,62111.87890625,62090.46875,62111.87890625,0
2026-06-11 01:34:00+00:00,62122.109375,62122.109375,62081.28125,62084.33984375,0
2026-06-11 01:35:00+00:00,62093.01171875,62121.05078125,62080.01171875,62121.05078125,113113088
2026-06-11 01:36:00+00:00,62044.5703125,62090.80859375,62044.5703125,62090.80859375,0
2026-06-11 01:37:00+00:00,62060.41015625,62060.41015625,62036.76953125,62042.9609375,80429056
2026-06-11 01:38:00+00:00,62162.609375,62162.609375,62053.73828125,62053.73828125,0
2026-06-11 01:39:00+00:00,62192.41015625,62216.46875,62173.08984375,62216.46875,0
2026-06-11 01:40:00+00:00,62169.6015625,62193.6796875,62169.6015625,62193.6796875,0
2026-06-11 01:41:00+00:00,62264.0,62264.0,62176.69140625,62176.69140625,15407104
2026-06-11 01:42:00+00:00,62222.390625,62294.03125,62222.390625,62294.03125,77527040
2026-06-11 01:43:00+00:00,62238.62109375,62252.6484375,62221.12109375,62234.26953125,0
2026-06-11 01:44:00+00:00,62196.01171875,62230.01171875,62184.0,62230.01171875,0
2026-06-11 01:45:00+00:00,62176.1484375,62197.87890625,62176.1484375,62197.87890625,589156352
2026-06-11 01:46:00+00:00,62228.01171875,62231.69140625,62173.1015625,62173.1015625,84789248
2026-06-11 01:47:00+00:00,62200.62109375,62238.6015625,62200.62109375,62225.1015625,0
2026-06-11 01:48:00+00:00,62180.51171875,62212.859375,62180.51171875,62200.78125,0
2026-06-11 01:49:00+00:00,62207.1796875,62209.8984375,62172.4609375,62176.0,0
2026-06-11 01:50:00+00:00,62163.890625,62200.609375,62150.01171875,62200.609375,143659008
2026-06-11 01:51:00+00:00,62204.359375,62221.05859375,62173.078125,62173.078125,22261760
2026-06-11 01:52:00+00:00,62195.01171875,62230.921875,62195.01171875,62218.0,0
2026-06-11 01:53:00+00:00,62198.87109375,62211.62890625,62193.890625,62193.890625,129800192
2026-06-11 01:54:00+00:00,62155.23046875,62208.01953125,62154.73046875,62199.01171875,0
2026-06-11 01:55:00+00:00,62123.98828125,62151.66015625,62118.01171875,62151.66015625,0
2026-06-11 01:56:00+00:00,62149.921875,62149.921875,62123.98046875,62123.98046875,100669440
2026-06-11 01:57:00+00:00,62165.98828125,62169.48828125,62144.01953125,62149.921875,0
2026-06-11 01:58:00+00:00,62173.078125,62175.12890625,62154.5,62175.12890625,0
2026-06-11 01:59:00+00:00,62143.921875,62200.48046875,62138.69921875,62166.9609375,8007680
2026-06-11 02:00:00+00:00,62163.0390625,62164.0,62145.55859375,62153.98828125,0
2026-06-11 02:01:00+00:00,62176.12890625,62176.12890625,62123.98828125,62132.3984375,82096128
2026-06-11 02:02:00+00:00,62157.78125,62217.28125,62157.78125,62184.6015625,0
2026-06-11 02:03:00+00:00,62172.53125,62174.8984375,62127.33984375,62127.33984375,67104768
2026-06-11 02:04:00+00:00,62208.8984375,62211.05859375,62168.6796875,62168.6796875,3471360
2026-06-11 02:05:00+00:00,62159.12890625,62208.890625,62159.12890625,62208.890625,0
2026-06-11 02:06:00+00:00,62122.01953125,62170.01953125,62122.01953125,62166.94921875,166373376
2026-06-11 02:07:00+00:00,62108.26171875,62128.01171875,62101.859375,62118.0,0
2026-06-11 02:08:00+00:00,62089.05078125,62123.98046875,62089.05078125,62118.8203125,0
2026-06-11 02:09:00+00:00,62104.53125,62106.44140625,62081.62890625,62081.62890625,0
2026-06-11 02:10:00+00:00,62073.55859375,62104.53125,62073.48828125,62104.53125,0
2026-06-11 02:11:00+00:00,62053.33984375,62081.30078125,62053.33984375,62073.5703125,0
2026-06-11 02:12:00+00:00,62075.1484375,62080.0,62047.62109375,62062.921875,33028096
2026-06-11 02:13:00+00:00,62088.28125,62108.01953125,62077.0390625,62077.0390625,0
2026-06-11 02:14:00+00:00,62112.37109375,62123.62890625,62081.28125,62081.28125,528408576
2026-06-11 02:15:00+00:00,62119.140625,62131.921875,62118.0,62120.01171875,0
2026-06-11 02:16:00+00:00,62163.8984375,62163.8984375,62080.0,62113.33984375,0
2026-06-11 02:17:00+00:00,62196.03125,62197.5,62153.1796875,62160.8515625,0
2026-06-11 02:18:00+00:00,62209.37890625,62238.12109375,62192.05078125,62197.578125,89657344
2026-06-11 02:19:00+00:00,62225.1015625,62236.87890625,62206.19140625,62214.9296875,0
2026-06-11 02:20:00+00:00,62154.7109375,62230.19140625,62154.7109375,62225.1015625,187590656
2026-06-11 02:21:00+00:00,62059.9609375,62155.53125,62059.9609375,62155.53125,0
2026-06-11 02:22:00+00:00,62001.62890625,62057.3203125,62001.62890625,62057.3203125,0
2026-06-11 02:23:00+00:00,62017.03125,62032.0,62001.73046875,62010.23046875,0
2026-06-11 02:24:00+00:00,62032.44921875,62036.4609375,62005.25,62017.03125,0
2026-06-11 02:25:00+00:00,62020.078125,62035.359375,62017.8984375,62023.140625,0
2026-06-11 02:26:00+00:00,62050.19140625,62050.19140625,62015.98046875,62027.37890625,0
2026-06-11 02:27:00+00:00,62023.140625,62098.0,62023.140625,62072.1015625,0
2026-06-11 02:28:00+00:00,61996.01953125,62017.1796875,61992.328125,62017.1796875,3270656
2026-06-11 02:29:00+00:00,61995.0703125,61997.05078125,61983.46875,61996.01953125,1261568
2026-06-11 02:30:00+00:00,61978.0,62024.0,61974.69140625,62008.62890625,66109440
2026-06-11 02:31:00+00:00,61918.76953125,61992.53125,61916.078125,61992.53125,0
2026-06-11 02:32:00+00:00,61903.83984375,61918.73046875,61897.33984375,61918.73046875,0
2026-06-11 02:33:00+00:00,61939.26953125,61939.26953125,61919.08984375,61919.08984375,0
2026-06-11 02:34:00+00:00,61908.8984375,61919.1015625,61870.0,61919.1015625,0
2026-06-11 02:35:00+00:00,61929.359375,61939.76953125,61902.859375,61902.859375,0
2026-06-11 02:36:00+00:00,61973.640625,61973.640625,61933.23046875,61943.5703125,112723968
2026-06-11 02:37:00+00:00,61967.828125,61989.140625,61961.94140625,61971.0,0
2026-06-11 02:38:00+00:00,61971.109375,61971.109375,61948.0,61948.0,469260288
2026-06-11 02:39:00+00:00,61983.359375,62009.890625,61969.01171875,61969.01171875,3446784
2026-06-11 02:40:00+00:00,62027.80859375,62030.890625,61984.01171875,61984.01171875,89546752
2026-06-11 02:41:00+00:00,62012.0,62015.73046875,61998.671875,62015.73046875,124737536
2026-06-11 02:42:00+00:00,61985.0,62004.78125,61976.98046875,62004.78125,0
2026-06-11 02:43:00+00:00,62010.0390625,62012.4609375,61986.41015625,61986.41015625,1437696
2026-06-11 02:44:00+00:00,62000.01171875,62008.0390625,61990.859375,62008.0390625,0
2026-06-11 02:45:00+00:00,61991.3515625,61999.44921875,61968.44140625,61989.48046875,0
2026-06-11 02:46:00+00:00,61962.421875,61995.58984375,61955.8203125,61995.58984375,0
2026-06-11 02:47:00+00:00,61955.8203125,61964.98828125,61945.01171875,61964.98828125,24901632
2026-06-11 02:48:00+00:00,61944.19140625,61961.9296875,61941.98828125,61956.8984375,0
2026-06-11 02:49:00+00:00,61930.1796875,61943.0390625,61927.98828125,61943.0390625,0
2026-06-11 02:50:00+00:00,62009.44140625,62009.44140625,61945.0,61945.0,8232960
2026-06-11 02:51:00+00:00,61965.890625,62030.890625,61965.890625,62016.94140625,0
2026-06-11 02:52:00+00:00,61993.6484375,61993.6484375,61968.05859375,61971.140625,0
2026-06-11 02:53:00+00:00,62016.01171875,62026.890625,61992.4609375,61996.01953125,0
2026-06-11 02:54:00+00:00,62029.26953125,62056.62890625,62010.8984375,62022.671875,45154304
2026-06-11 02:55:00+00:00,62031.23046875,62078.171875,62023.1796875,62036.609375,83396608
2026-06-11 02:56:00+00:00,62115.0390625,62134.140625,62064.98046875,62069.03125,0
2026-06-11 02:57:00+00:00,62140.03125,62155.0,62114.8515625,62114.8515625,0
2026-06-11 02:58:00+00:00,62113.08984375,62141.23046875,62112.0390625,62141.23046875,0
2026-06-11 02:59:00+00:00,62066.98828125,62105.76171875,62065.91015625,62105.76171875,302923776
2026-06-11 03:00:00+00:00,62091.01953125,62096.51953125,62065.94921875,62065.94921875,102113280
2026-06-11 03:01:00+00:00,62099.62890625,62107.19921875,62082.0,62093.6484375,2861056
2026-06-11 03:02:00+00:00,62086.0,62106.5703125,62075.16015625,62106.5703125,0
2026-06-11 03:03:00+00:00,62089.37109375,62108.80859375,62079.98046875,62094.9609375,0
2026-06-11 03:04:00+00:00,62087.08984375,62093.51171875,62080.8203125,62080.8203125,0
2026-06-11 03:05:00+00:00,62072.3203125,62104.1015625,62071.4609375,62094.05859375,87525376
2026-06-11 03:06:00+00:00,61998.66015625,62054.0,61992.80078125,62054.0,1619968
2026-06-11 03:07:00+00:00,62029.26171875,62036.05859375,61988.109375,62001.19140625,0
2026-06-11 03:08:00+00:00,62017.01171875,62017.01171875,61993.98828125,62001.73046875,0
2026-06-11 03:09:00+00:00,62035.98046875,62057.0703125,62016.19140625,62016.19140625,0
2026-06-11 03:10:00+00:00,62013.9609375,62041.46875,62013.9609375,62041.46875,88064
2026-06-11 03:11:00+00:00,61994.421875,62020.0,61985.078125,62020.0,173897728
2026-06-11 03:12:00+00:00,61947.328125,61993.8984375,61947.328125,61988.83984375,0
2026-06-11 03:13:00+00:00,61971.109375,61971.109375,61935.30859375,61937.4609375,765952
2026-06-11 03:14:00+00:00,61994.01171875,62010.8984375,61979.9296875,61979.9296875,0
2026-06-11 03:15:00+00:00,62007.8984375,62007.8984375,61979.98828125,61992.58984375,0
2026-06-11 03:16:00+00:00,62020.0703125,62020.0703125,61995.828125,62011.01953125,0
2026-06-11 03:17:00+00:00,62032.78125,62053.73046875,62010.91015625,62011.9609375,0
2026-06-11 03:18:00+00:00,62041.51171875,62052.0,62029.26171875,62029.26171875,0
2026-06-11 03:19:00+00:00,61995.6015625,62038.44921875,61995.6015625,62038.44921875,0
2026-06-11 03:20:00+00:00,61955.8203125,61992.5390625,61955.8203125,61992.5390625,30517248
2026-06-11 03:21:00+00:00,61992.5390625,61992.5390625,61940.05078125,61955.8203125,0
2026-06-11 03:22:00+00:00,61975.87890625,62010.890625,61974.44921875,62007.8203125,0
2026-06-11 03:23:00+00:00,61990.5703125,61990.5703125,61971.98828125,61971.98828125,149288960
2026-06-11 03:24:00+00:00,62030.23828125,62030.23828125,61986.21875,61987.01953125,0
2026-06-11 03:25:00+00:00,62035.921875,62035.921875,61999.328125,62030.23828125,0
2026-06-11 03:26:00+00:00,62028.33984375,62028.33984375,62008.94921875,62023.390625,0
2026-06-11 03:27:00+00:00,62037.7109375,62046.66015625,62015.66015625,62020.6796875,0
2026-06-11 03:28:00+00:00,62039.41015625,62041.5,62032.0,62032.0,3870720
2026-06-11 03:29:00+00:00,62035.37890625,62039.421875,62029.26171875,62039.421875,431486976
2026-06-11 03:30:00+00:00,62063.55859375,62064.55078125,62038.4296875,62038.4296875,0
2026-06-11 03:31:00+00:00,62134.0,62134.0,62064.01953125,62064.03125,75108352
2026-06-11 03:32:00+00:00,62182.25,62200.62890625,62128.7109375,62135.98046875,0
2026-06-11 03:33:00+00:00,62370.21875,62378.48828125,62176.140625,62176.140625,0
2026-06-11 03:34:00+00:00,62345.4609375,62470.6015625,62336.05078125,62353.62890625,0
2026-06-11 03:35:00+00:00,62355.62890625,62402.171875,62295.71875,62324.03125,0
2026-06-11 03:36:00+00:00,62301.51171875,62362.19921875,62278.30859375,62362.19921875,31084544
2026-06-11 03:37:00+00:00,62320.25,62330.859375,62277.12890625,62310.05859375,0
2026-06-11 03:38:00+00:00,62300.1484375,62327.30859375,62292.421875,62304.66015625,217305088
2026-06-11 03:39:00+00:00,62295.48828125,62326.609375,62295.48828125,62298.55078125,85352448
2026-06-11 03:40:00+00:00,62281.66015625,62323.01171875,62281.66015625,62313.828125,0
2026-06-11 03:41:00+00:00,62292.01171875,62302.98046875,62275.109375,62281.9296875,25860096
2026-06-11 03:42:00+00:00,62329.1484375,62342.23828125,62296.2890625,62312.9609375,0
2026-06-11 03:43:00+00:00,62334.08984375,62338.30859375,62329.1484375,62329.9609375,6082560
2026-06-11 03:44:00+00:00,62294.8515625,62334.078125,62286.30078125,62334.078125,185878528
2026-06-11 03:45:00+00:00,62350.5390625,62378.0703125,62292.44921875,62292.44921875,89548800
2026-06-11 03:46:00+00:00,62316.9609375,62350.55078125,62306.80078125,62350.55078125,0
2026-06-11 03:47:00+00:00,62347.5,62361.01953125,62298.5390625,62310.78125,0
2026-06-11 03:48:00+00:00,62344.44140625,62381.94921875,62319.98828125,62381.94921875,1079296
2026-06-11 03:49:00+00:00,62336.12109375,62384.03125,62336.12109375,62341.37890625,0
2026-06-11 03:50:00+00:00,62385.48046875,62392.91015625,62349.98046875,62349.98046875,123615232
2026-06-11 03:51:00+00:00,62380.26171875,62393.390625,62371.98046875,62384.23046875,0
2026-06-11 03:52:00+00:00,62375.01171875,62420.01171875,62355.01953125,62378.01953125,89423872
2026-06-11 03:53:00+00:00,62408.51171875,62421.5,62367.671875,62386.671875,0
2026-06-11 03:54:00+00:00,62394.0,62411.578125,62390.33984375,62411.578125,10387456
2026-06-11 03:55:00+00:00,62614.140625,62614.140625,62386.30078125,62390.3515625,83105792
2026-06-11 03:56:00+00:00,62662.109375,62668.80078125,62592.578125,62647.37890625,0
2026-06-11 03:57:00+00:00,62681.03125,62681.03125,62631.01953125,62648.8203125,0
2026-06-11 03:58:00+00:00,62645.98828125,62712.5703125,62645.98828125,62697.578125,103086080
2026-06-11 03:59:00+00:00,62607.73046875,62660.421875,62601.01171875,62650.3984375,142010368
2026-06-11 04:00:00+00:00,62580.05078125,62611.23828125,62571.01171875,62611.23828125,103069696
2026-06-11 04:01:00+00:00,62514.578125,62562.3984375,62507.9296875,62562.3984375,0
2026-06-11 04:02:00+00:00,62564.76953125,62589.25,62543.48828125,62543.48828125,0
2026-06-11 04:03:00+00:00,62543.328125,62564.78125,62518.859375,62564.78125,0
2026-06-11 04:04:00+00:00,62564.0,62591.48046875,62561.69921875,62582.0,14675968
2026-06-11 04:05:00+00:00,62534.171875,62556.0390625,62522.8984375,62552.828125,412196864
2026-06-11 04:06:00+00:00,62513.21875,62546.0703125,62508.73046875,62540.48046875,0
2026-06-11 04:07:00+00:00,62524.98046875,62533.5,62508.890625,62511.3984375,0
2026-06-11 04:08:00+00:00,62558.28125,62558.28125,62525.37890625,62525.37890625,0
2026-06-11 04:09:00+00:00,62549.44140625,62555.109375,62522.5,62548.8984375,3991552
2026-06-11 04:10:00+00:00,62588.37109375,62588.37109375,62505.6796875,62534.16015625,3235840
2026-06-11 04:11:00+00:00,62606.0,62606.0,62555.98828125,62580.80859375,256188416
2026-06-11 04:12:00+00:00,62625.03125,62630.421875,62594.0,62613.7109375,0
2026-06-11 04:13:00+00:00,62635.23828125,62659.609375,62623.01171875,62623.01171875,0
2026-06-11 04:14:00+00:00,62592.30859375,62643.96875,62592.30859375,62643.96875,29288448
2026-06-11 04:15:00+00:00,62595.98046875,62595.98046875,62564.44140625,62577.0,4915200
2026-06-11 04:16:00+00:00,62559.01953125,62635.98828125,62559.01953125,62592.19921875,823296
2026-06-11 04:17:00+00:00,62570.890625,62570.890625,62549.94140625,62557.98828125,0
2026-06-11 04:18:00+00:00,62539.33984375,62570.0,62532.0,62570.0,25331712
2026-06-11 04:19:00+00:00,62588.609375,62588.609375,62539.421875,62539.421875,0
2026-06-11 04:20:00+00:00,62625.69921875,62625.80078125,62570.890625,62570.890625,120838144
2026-06-11 04:21:00+00:00,62564.0390625,62636.62109375,62557.69140625,62636.62109375,0
2026-06-11 04:22:00+00:00,62552.9609375,62564.75,62534.16015625,62563.80078125,0
2026-06-11 04:23:00+00:00,62546.421875,62571.5703125,62538.05859375,62552.5390625,0
2026-06-11 04:24:00+00:00,62556.671875,62577.01953125,62546.41015625,62557.359375,287856640
2026-06-11 04:25:00+00:00,62536.94140625,62549.4609375,62528.0390625,62549.4609375,0
2026-06-11 04:26:00+00:00,62559.26953125,62572.0,62541.5,62541.5,97722368
2026-06-11 04:27:00+00:00,62534.26953125,62558.640625,62531.1015625,62558.640625,39280640
2026-06-11 04:28:00+00:00,62534.16015625,62543.3515625,62525.6484375,62537.21875,0
2026-06-11 04:29:00+00:00,62547.55859375,62554.859375,62534.16015625,62534.16015625,55357440
2026-06-11 04:30:00+00:00,62564.75,62570.3203125,62543.33984375,62546.41015625,0
2026-06-11 04:31:00+00:00,62540.2890625,62574.98828125,62540.2890625,62564.19921875,93911040
2026-06-11 04:32:00+00:00,62534.0,62540.2890625,62511.0,62540.2890625,0
2026-06-11 04:33:00+00:00,62498.62109375,62543.69921875,62498.62109375,62536.5390625,0
2026-06-11 04:34:00+00:00,62472.9609375,62498.12109375,62472.9609375,62497.44140625,0
2026-06-11 04:35:00+00:00,62500.0,62500.0,62473.328125,62478.1484375,0
2026-06-11 04:36:00+00:00,62525.12890625,62531.359375,62489.3203125,62497.48828125,0
2026-06-11 04:37:00+00:00,62511.46875,62524.28125,62503.55859375,62524.28125,0
2026-06-11 04:38:00+00:00,62583.12109375,62592.2890625,62515.73828125,62515.73828125,197138432
2026-06-11 04:39:00+00:00,62601.46875,62601.46875,62575.75,62583.12109375,0
2026-06-11 04:40:00+00:00,62593.8203125,62609.640625,62568.98046875,62609.4296875,7034880
2026-06-11 04:41:00+00:00,62553.01953125,62590.62109375,62553.01953125,62590.62109375,0
2026-06-11 04:42:00+00:00,62555.69140625,62570.859375,62555.69140625,62561.98828125,0
2026-06-11 04:43:00+00:00,62560.859375,62563.01171875,62540.28125,62546.41015625,34426880
2026-06-11 04:44:00+00:00,62584.3984375,62586.87890625,62571.87890625,62571.87890625,0
2026-06-11 04:45:00+00:00,62622.0703125,62622.0703125,62593.98046875,62599.0,4169728
2026-06-11 04:46:00+00:00,62623.96875,62626.37890625,62612.94921875,62615.94140625,96454656
2026-06-11 04:47:00+00:00,62684.1015625,62693.73828125,62623.96875,62623.96875,0
2026-06-11 04:48:00+00:00,62674.91015625,62684.0390625,62641.26953125,62684.0390625,0
2026-06-11 04:49:00+00:00,62700.1015625,62712.390625,62680.0,62680.0,0
2026-06-11 04:50:00+00:00,62757.1484375,62757.1484375,62700.328125,62701.671875,0
2026-06-11 04:51:00+00:00,62733.0703125,62766.7109375,62733.0703125,62745.30859375,0
2026-06-11 04:52:00+00:00,62742.23046875,62778.94921875,62729.41015625,62729.41015625,10997760
2026-06-11 04:53:00+00:00,62727.9296875,62748.3515625,62717.76171875,62748.3515625,0
2026-06-11 04:54:00+00:00,62748.3515625,62748.3515625,62717.76171875,62729.98828125,0
2026-06-11 04:55:00+00:00,62714.69921875,62752.01953125,62714.69921875,62749.98828125,144062464
2026-06-11 04:56:00+00:00,62703.12890625,62717.76171875,62703.12890625,62714.69921875,0
2026-06-11 04:57:00+00:00,62684.1015625,62705.87890625,62678.05859375,62701.1015625,1761280
2026-06-11 04:58:00+00:00,62623.55078125,62668.80078125,62616.51171875,62668.80078125,90980352
2026-06-11 04:59:00+00:00,62649.94921875,62650.890625,62616.7890625,62623.5390625,29913088
2026-06-11 05:00:00+00:00,62549.37890625,62639.6796875,62549.37890625,62639.6796875,0
2026-06-11 05:01:00+00:00,62531.98046875,62551.078125,62525.8984375,62534.7890625,0
2026-06-11 05:02:00+00:00,62539.94140625,62564.76171875,62515.80078125,62528.05859375,0
2026-06-11 05:03:00+00:00,62531.08984375,62544.98828125,62521.921875,62544.98828125,17565696
2026-06-11 05:04:00+00:00,62510.8984375,62531.1015625,62510.421875,62531.1015625,0
2026-06-11 05:05:00+00:00,62500.01171875,62513.1484375,62497.44921875,62510.91015625,0
2026-06-11 05:06:00+00:00,62485.19921875,62515.80078125,62479.69140625,62512.30859375,16332800
2026-06-11 05:07:00+00:00,62510.05859375,62517.3984375,62488.25,62488.25,87660544
2026-06-11 05:08:00+00:00,62524.37890625,62530.3203125,62512.0703125,62512.0703125,0
2026-06-11 05:09:00+00:00,62544.98828125,62544.98828125,62522.5703125,62527.73046875,0
2026-06-11 05:10:00+00:00,62527.8984375,62561.69140625,62527.8984375,62546.08984375,0
2026-06-11 05:11:00+00:00,62524.0,62531.1015625,62515.80859375,62527.921875,0
2026-06-11 05:12:00+00:00,62546.3984375,62555.5703125,62516.109375,62516.109375,201695232
2026-06-11 05:13:00+00:00,62521.921875,62546.390625,62521.921875,62546.37890625,0
2026-06-11 05:14:00+00:00,62549.4609375,62558.62890625,62531.1015625,62535.01171875,0
2026-06-11 05:15:00+00:00,62573.8984375,62583.109375,62545.98046875,62545.98046875,137216
2026-06-11 05:16:00+00:00,62610.6484375,62619.828125,62583.05859375,62586.171875,0
2026-06-11 05:17:00+00:00,62615.96875,62633.26171875,62606.62890625,62613.71875,39249920
2026-06-11 05:18:00+00:00,62561.69921875,62616.4296875,62561.69921875,62615.96875,94142464
2026-06-11 05:19:00+00:00,62561.71875,62601.76953125,62560.16015625,62560.16015625,0
2026-06-11 05:20:00+00:00,62587.7890625,62587.7890625,62561.7109375,62561.7109375,0
2026-06-11 05:21:00+00:00,62632.0703125,62632.0703125,62592.2890625,62592.2890625,0
2026-06-11 05:22:00+00:00,62643.98828125,62643.98828125,62622.8984375,62637.359375,90992640
2026-06-11 05:23:00+00:00,62613.8203125,62648.640625,62613.8203125,62646.71875,0
2026-06-11 05:24:00+00:00,62613.71875,62630.98828125,62601.21875,62601.21875,0
2026-06-11 05:25:00+00:00,62590.0,62601.48828125,62573.94140625,62601.48828125,1427456
2026-06-11 05:26:00+00:00,62578.421875,62601.3984375,62568.859375,62595.3515625,0
2026-06-11 05:27:00+00:00,62531.3515625,62583.87109375,62531.3515625,62578.44140625,0
2026-06-11 05:28:00+00:00,62533.4609375,62533.4609375,62503.578125,62526.01953125,0
2026-06-11 05:29:00+00:00,62558.62890625,62558.62890625,62531.109375,62538.25,88111104
2026-06-11 05:30:00+00:00,62554.71875,62564.75,62550.01953125,62564.75,0
2026-06-11 05:31:00+00:00,62527.5,62556.9609375,62520.01171875,62554.71875,0
2026-06-11 05:32:00+00:00,62593.671875,62593.671875,62537.2109375,62537.2109375,160481280
2026-06-11 05:33:00+00:00,62579.078125,62613.7109375,62570.87890625,62594.9609375,0
2026-06-11 05:34:00+00:00,62570.890625,62590.3515625,62567.0,62586.171875,88723456
2026-06-11 05:35:00+00:00,62545.3984375,62575.98046875,62535.23828125,62575.98046875,5232640
2026-06-11 05:36:00+00:00,62589.25,62602.140625,62537.55078125,62545.21875,0
2026-06-11 05:37:00+00:00,62586.1796875,62598.41015625,62580.05859375,62587.62890625,0
2026-06-11 05:38:00+00:00,62596.01171875,62596.01171875,62586.1796875,62593.46875,83681280
2026-06-11 05:39:00+00:00,62555.390625,62598.53125,62555.390625,62592.55859375,0
2026-06-11 05:40:00+00:00,62561.69140625,62561.69921875,62546.3984375,62549.46875,0
2026-06-11 05:41:00+00:00,62583.9609375,62583.9609375,62552.0390625,62561.6796875,7919616
2026-06-11 05:42:00+00:00,62589.69921875,62598.41015625,62580.83984375,62592.2890625,0
2026-06-11 05:43:00+00:00,62604.55078125,62625.37109375,62604.55078125,62610.0,0
2026-06-11 05:44:00+00:00,62625.3984375,62625.3984375,62595.359375,62604.5390625,16556032
2026-06-11 05:45:00+00:00,62624.03125,62634.7890625,62619.8515625,62625.58984375,0
2026-06-11 05:46:00+00:00,62616.44140625,62627.359375,62610.66015625,62625.2109375,0
2026-06-11 05:47:00+00:00,62586.19140625,62616.7890625,62586.19140625,62607.6015625,0
2026-06-11 05:48:00+00:00,62580.98046875,62592.28125,62552.53125,62559.48828125,0
2026-06-11 05:49:00+00:00,62575.98828125,62592.62109375,62572.05859375,62580.98046875,0
2026-06-11 05:50:00+00:00,62562.3515625,62576.44921875,62552.8203125,62576.44921875,86016000
2026-06-11 05:51:00+00:00,62564.23046875,62591.19921875,62552.73828125,62568.01953125,0
2026-06-11 05:52:00+00:00,62557.98828125,62564.25,62549.4609375,62561.7109375,1222656
2026-06-11 05:53:00+00:00,62617.98828125,62617.98828125,62580.05078125,62580.05078125,0
2026-06-11 05:54:00+00:00,62565.98046875,62595.94140625,62565.98046875,62595.359375,82030592
2026-06-11 05:55:00+00:00,62606.1484375,62616.76953125,62564.76171875,62564.76171875,0
2026-06-11 05:56:00+00:00,62580.05859375,62625.890625,62580.05859375,62613.12109375,6461440
2026-06-11 05:57:00+00:00,62604.53125,62604.53125,62577.0,62583.53125,2263040
2026-06-11 05:58:00+00:00,62577.01171875,62608.921875,62577.01171875,62607.26953125,0
2026-06-11 05:59:00+00:00,62536.1015625,62575.12109375,62527.3203125,62575.12109375,88367104
2026-06-11 06:00:00+00:00,62546.30859375,62551.109375,62526.01953125,62543.33984375,0
2026-06-11 06:01:00+00:00,62530.921875,62555.0,62524.98046875,62555.0,0
2026-06-11 06:02:00+00:00,62528.0390625,62534.66015625,62520.8984375,62530.890625,0
2026-06-11 06:03:00+00:00,62549.4609375,62555.5703125,62528.0390625,62528.0390625,0
2026-06-11 06:04:00+00:00,62474.19921875,62554.01953125,62474.19921875,62554.01953125,0
2026-06-11 06:05:00+00:00,62510.01171875,62510.01171875,62474.2109375,62474.2109375,159363072
2026-06-11 06:06:00+00:00,62504.0,62509.671875,62486.828125,62503.578125,0
2026-06-11 06:07:00+00:00,62500.51953125,62531.1015625,62500.51953125,62515.0,89370624
2026-06-11 06:08:00+00:00,62570.359375,62573.140625,62506.0,62509.671875,0
2026-06-11 06:09:00+00:00,62586.171875,62599.9609375,62563.828125,62573.12109375,0
2026-06-11 06:10:00+00:00,62580.05859375,62608.37890625,62580.05859375,62585.28125,89018368
2026-06-11 06:11:00+00:00,62642.8984375,62642.8984375,62590.91015625,62601.3984375,0
2026-06-11 06:12:00+00:00,62715.28125,62715.28125,62636.03125,62636.03125,3852288
2026-06-11 06:13:00+00:00,62699.3984375,62739.140625,62695.5,62725.23046875,91836416
2026-06-11 06:14:00+00:00,62707.16015625,62711.62890625,62700.87109375,62701.98046875,0
2026-06-11 06:15:00+00:00,62744.80859375,62772.0,62717.75,62717.75,137760768
2026-06-11 06:16:00+00:00,62745.30078125,62788.140625,62745.30078125,62758.9296875,524288
2026-06-11 06:17:00+00:00,62733.05859375,62741.5703125,62722.0,62736.12109375,0
2026-06-11 06:18:00+00:00,62670.0,62730.0,62666.01953125,62730.0,0
2026-06-11 06:19:00+00:00,62700.640625,62705.01953125,62669.87890625,62681.53125,0
2026-06-11 06:20:00+00:00,62766.71875,62766.71875,62716.51171875,62716.51171875,302333952
2026-06-11 06:21:00+00:00,62858.37109375,62872.44921875,62773.98046875,62773.98046875,0
2026-06-11 06:22:00+00:00,62816.5,62846.859375,62816.0390625,62846.28125,2867200
2026-06-11 06:23:00+00:00,62865.2890625,62865.2890625,62809.55859375,62819.98046875,0
2026-06-11 06:24:00+00:00,62899.140625,62910.51953125,62840.16015625,62853.3984375,0
2026-06-11 06:25:00+00:00,62840.0,62902.01171875,62840.0,62895.4609375,109770752
2026-06-11 06:26:00+00:00,62806.01171875,62846.28125,62806.01171875,62818.75,0
2026-06-11 06:27:00+00:00,62794.25,62806.01171875,62788.12890625,62806.01171875,1212416
2026-06-11 06:28:00+00:00,62795.390625,62803.1484375,62783.98828125,62799.6015625,89436160
2026-06-11 06:29:00+00:00,62799.69140625,62808.0,62778.9609375,62782.01953125,47126528
2026-06-11 06:30:00+00:00,62785.078125,62810.8984375,62785.078125,62807.76171875,0
2026-06-11 06:31:00+00:00,62836.03125,62836.03125,62786.0,62794.01171875,0
2026-06-11 06:32:00+00:00,62855.4609375,62867.69140625,62839.05078125,62840.80859375,33470464
2026-06-11 06:33:00+00:00,62855.44921875,62855.4609375,62828.109375,62854.0,0
2026-06-11 06:34:00+00:00,62877.98046875,62892.1796875,62852.390625,62852.390625,295743488
2026-06-11 06:35:00+00:00,62861.5703125,62880.0,62852.421875,62880.0,0
2026-06-11 06:36:00+00:00,62902.01953125,62911.5,62856.1796875,62857.1796875,0
2026-06-11 06:37:00+00:00,62899.98828125,62909.421875,62876.87890625,62902.03125,0
2026-06-11 06:38:00+00:00,62900.3984375,62900.3984375,62883.01171875,62892.21875,161005568
2026-06-11 06:39:00+00:00,62895.23046875,62901.4296875,62892.1796875,62901.4296875,0
2026-06-11 06:40:00+00:00,62892.1796875,62899.0,62889.12109375,62889.12109375,0
2026-06-11 06:41:00+00:00,62916.3203125,62916.3203125,62834.05078125,62889.12890625,66836480
2026-06-11 06:42:00+00:00,62873.8203125,62905.3984375,62873.8203125,62898.53125,90177536
2026-06-11 06:43:00+00:00,62837.1015625,62873.828125,62837.1015625,62873.828125,0
2026-06-11 06:44:00+00:00,62873.80859375,62873.80859375,62835.80859375,62837.1015625,0
2026-06-11 06:45:00+00:00,62830.98046875,62873.98828125,62830.98046875,62873.98828125,0
2026-06-11 06:46:00+00:00,62800.37890625,62826.3984375,62782.03125,62826.3984375,0
2026-06-11 06:47:00+00:00,62779.98828125,62798.0390625,62775.48828125,62798.03125,0
2026-06-11 06:48:00+00:00,62781.98828125,62782.01171875,62763.66015625,62774.01953125,129323008
2026-06-11 06:49:00+00:00,62738.828125,62782.78125,62736.12109375,62782.01953125,0
2026-06-11 06:50:00+00:00,62746.80078125,62751.421875,62732.51953125,62738.828125,0
2026-06-11 06:51:00+00:00,62746.51171875,62746.78125,62742.51953125,62746.78125,0
2026-06-11 06:52:00+00:00,62735.3203125,62758.0,62732.51953125,62751.41015625,16703488
2026-06-11 06:53:00+00:00,62726.640625,62735.3203125,62716.609375,62735.3203125,0
2026-06-11 06:54:00+00:00,62738.25,62738.25,62710.3203125,62726.640625,3018752
2026-06-11 06:55:00+00:00,62686.80078125,62728.58984375,62674.80078125,62728.58984375,94382080
2026-06-11 06:56:00+00:00,62686.44140625,62699.46875,62675.828125,62680.01953125,0
2026-06-11 06:57:00+00:00,62705.890625,62705.890625,62686.44140625,62686.44140625,0
2026-06-11 06:58:00+00:00,62700.01171875,62721.73828125,62700.01171875,62704.0,95090688
2026-06-11 06:59:00+00:00,62686.01171875,62704.23046875,62686.01171875,62702.8203125,14538752
2026-06-11 07:00:00+00:00,62682.01953125,62691.078125,62674.4296875,62686.01953125,9478144
2026-06-11 07:01:00+00:00,62697.7109375,62704.5,62664.01953125,62664.01953125,0
2026-06-11 07:02:00+00:00,62634.76171875,62713.109375,62634.76171875,62697.69921875,0
2026-06-11 07:03:00+00:00,62613.96875,62636.71875,62599.01953125,62621.03125,4620288
2026-06-11 07:04:00+00:00,62587.3984375,62622.62109375,62587.3984375,62622.62109375,1775616
2026-06-11 07:05:00+00:00,62593.9296875,62601.98046875,62587.3984375,62592.9609375,0
2026-06-11 07:06:00+00:00,62581.98046875,62607.21875,62580.3515625,62601.21875,0
2026-06-11 07:07:00+00:00,62551.9296875,62588.01171875,62542.55859375,62588.01171875,0
2026-06-11 07:08:00+00:00,62577.05078125,62577.05078125,62570.390625,62570.76953125,90908672
2026-06-11 07:09:00+00:00,62577.05078125,62583.421875,62561.359375,62583.421875,0
2026-06-11 07:10:00+00:00,62600.578125,62603.9296875,62560.359375,62577.05078125,89939968
2026-06-11 07:11:00+00:00,62599.05078125,62621.01171875,62589.83984375,62603.98828125,54892544
2026-06-11 07:12:00+00:00,62553.98828125,62591.98828125,62553.98828125,62575.7109375,0
2026-06-11 07:13:00+00:00,62565.28125,62576.0,62534.7109375,62564.48828125,1218560
2026-06-11 07:14:00+00:00,62580.0,62589.609375,62576.0,62586.46875,92524544
2026-06-11 07:15:00+00:00,62587.37890625,62588.0,62564.5,62564.5,109885440
2026-06-11 07:16:00+00:00,62607.640625,62611.359375,62564.51171875,62587.21875,0
2026-06-11 07:17:00+00:00,62610.51171875,62617.0,62594.0703125,62607.640625,0
2026-06-11 07:18:00+00:00,62627.30859375,62640.5390625,62605.3203125,62608.46875,0
2026-06-11 07:19:00+00:00,62608.62109375,62621.01171875,62605.3203125,62614.73828125,0
2026-06-11 07:20:00+00:00,62655.55078125,62655.55078125,62626.26171875,62626.26171875,171165696
2026-06-11 07:21:00+00:00,62699.37890625,62699.37890625,62664.98046875,62678.01171875,0
2026-06-11 07:22:00+00:00,62674.3984375,62726.69921875,62674.3984375,62713.0390625,0
2026-06-11 07:23:00+00:00,62658.7109375,62674.41015625,62651.58984375,62674.41015625,89677824
2026-06-11 07:24:00+00:00,62686.94921875,62686.94921875,62650.5390625,62652.421875,0
2026-06-11 07:25:00+00:00,62661.859375,62698.0,62661.83984375,62698.0,0
2026-06-11 07:26:00+00:00,62664.98046875,62673.03125,62657.80078125,62657.80078125,28604416
2026-06-11 07:27:00+00:00,62679.98828125,62688.41015625,62663.53125,62663.53125,72464384
2026-06-11 07:28:00+00:00,62684.98828125,62686.9609375,62670.0,62681.98828125,0
2026-06-11 07:29:00+00:00,62714.390625,62714.390625,62684.9609375,62684.9609375,12101632
2026-06-11 07:30:00+00:00,62724.640625,62767.0,62718.359375,62718.359375,0
2026-06-11 07:31:00+00:00,62671.30859375,62721.421875,62661.83984375,62721.421875,90611712
2026-06-11 07:32:00+00:00,62675.12890625,62675.12890625,62670.73046875,62673.87890625,0
2026-06-11 07:33:00+00:00,62690.0,62698.76953125,62684.2890625,62684.2890625,0
2026-06-11 07:34:00+00:00,62655.55078125,62690.01171875,62650.0,62690.01171875,12187648
2026-06-11 07:35:00+00:00,62648.078125,62668.109375,62646.16015625,62659.28125,0
2026-06-11 07:36:00+00:00,62646.16015625,62677.98828125,62646.16015625,62668.12890625,24360960
2026-06-11 07:37:00+00:00,62641.01953125,62659.51171875,62639.87109375,62644.0,0
2026-06-11 07:38:00+00:00,62590.328125,62634.0,62590.3203125,62624.171875,0
2026-06-11 07:39:00+00:00,62561.359375,62595.890625,62561.359375,62590.3203125,0
2026-06-11 07:40:00+00:00,62537.46875,62558.21875,62535.66015625,62558.21875,0
2026-06-11 07:41:00+00:00,62580.19921875,62583.19921875,62539.171875,62539.171875,0
2026-06-11 07:42:00+00:00,62602.1796875,62602.1796875,62575.0390625,62575.0390625,0
2026-06-11 07:43:00+00:00,62613.25,62620.0,62584.48828125,62602.19140625,18489344
2026-06-11 07:44:00+00:00,62601.1796875,62615.98828125,62586.828125,62613.25,0
2026-06-11 07:45:00+00:00,62617.8984375,62625.98828125,62601.1796875,62601.1796875,0
2026-06-11 07:46:00+00:00,62630.4296875,62630.4296875,62617.87890625,62623.98828125,31846400
2026-06-11 07:47:00+00:00,62663.921875,62678.01953125,62633.5703125,62633.5703125,112967680
2026-06-11 07:48:00+00:00,62639.859375,62660.01953125,62639.859375,62649.28125,0
2026-06-11 07:49:00+00:00,62639.859375,62652.41015625,62636.73046875,62639.859375,0
2026-06-11 07:50:00+00:00,62649.26953125,62649.28125,62639.859375,62639.859375,0
2026-06-11 07:51:00+00:00,62622.78125,62652.41015625,62621.01953125,62652.41015625,0
2026-06-11 07:52:00+00:00,62610.80078125,62618.76953125,62607.01171875,62618.76171875,0
2026-06-11 07:53:00+00:00,62611.6015625,62643.0,62610.80078125,62610.80078125,60231680
2026-06-11 07:54:00+00:00,62621.01953125,62630.4296875,62611.6015625,62611.609375,0
2026-06-11 07:55:00+00:00,62650.421875,62650.421875,62621.01953125,62621.01953125,0
2026-06-11 07:56:00+00:00,62649.2890625,62658.69921875,62643.0,62648.55859375,0
2026-06-11 07:57:00+00:00,62658.69921875,62658.69921875,62649.30078125,62649.30078125,0
2026-06-11 07:58:00+00:00,62649.96875,62658.69921875,62649.96875,62649.96875,91584512
2026-06-11 07:59:00+00:00,62642.98828125,62643.01171875,62633.578125,62643.01171875,0
2026-06-11 08:00:00+00:00,62683.78125,62690.328125,62639.890625,62639.890625,0
2026-06-11 08:01:00+00:00,62668.109375,62686.91015625,62652.421875,62686.91015625,0
2026-06-11 08:02:00+00:00,62690.1015625,62706.48828125,62670.921875,62673.3515625,0
2026-06-11 08:03:00+00:00,62699.51953125,62713.03125,62693.23046875,62693.23046875,0
2026-06-11 08:04:00+00:00,62670.01171875,62694.76953125,62669.87109375,62694.76171875,78469120
2026-06-11 08:05:00+00:00,62688.8515625,62688.8515625,62665.69921875,62665.69921875,0
2026-06-11 08:06:00+00:00,62716.30859375,62716.30859375,62690.0703125,62690.08984375,375189504
2026-06-11 08:07:00+00:00,62699.51953125,62715.2109375,62699.51953125,62715.2109375,82497536
2026-06-11 08:08:00+00:00,62697.80859375,62701.28125,62690.1015625,62701.28125,0
2026-06-11 08:09:00+00:00,62724.62890625,62743.28125,62708.94140625,62712.0703125,0
2026-06-11 08:10:00+00:00,62721.5,62739.9609375,62721.5,62724.62890625,0
2026-06-11 08:11:00+00:00,62715.66015625,62743.51953125,62712.078125,62727.9609375,90587136
2026-06-11 08:12:00+00:00,62724.58984375,62726.328125,62715.671875,62715.671875,0
2026-06-11 08:13:00+00:00,62797.98828125,62797.98828125,62727.76953125,62727.76953125,391168
2026-06-11 08:14:00+00:00,62754.890625,62794.1015625,62737.19921875,62794.1015625,0
2026-06-11 08:15:00+00:00,62743.98046875,62752.890625,62739.16015625,62746.62109375,0
2026-06-11 08:16:00+00:00,62724.7109375,62737.98828125,62724.6796875,62735.23046875,632832
2026-06-11 08:17:00+00:00,62738.171875,62755.98046875,62731.55078125,62731.55078125,0
2026-06-11 08:18:00+00:00,62771.75,62773.1484375,62742.94921875,62742.94921875,72552448
2026-06-11 08:19:00+00:00,62748.62890625,62765.4609375,62748.62890625,62765.4609375,0
2026-06-11 08:20:00+00:00,62742.390625,62748.640625,62736.05078125,62748.62890625,280860672
2026-06-11 08:21:00+00:00,62744.23828125,62752.0,62738.98046875,62738.98046875,0
2026-06-11 08:22:00+00:00,62798.23046875,62798.23046875,62752.0,62752.0,0
2026-06-11 08:23:00+00:00,62843.87109375,62843.87890625,62797.21875,62803.12890625,0
2026-06-11 08:24:00+00:00,62844.859375,62850.0703125,62825.890625,62840.8203125,0
2026-06-11 08:25:00+00:00,62829.73046875,62842.0,62815.7109375,62831.3984375,1214464
2026-06-11 08:26:00+00:00,62831.98046875,62843.94921875,62826.16015625,62830.5390625,0
2026-06-11 08:27:00+00:00,62850.69140625,62853.37109375,62827.73046875,62827.73046875,0
2026-06-11 08:28:00+00:00,62874.25,62874.25,62848.140625,62848.140625,0
2026-06-11 08:29:00+00:00,62877.94921875,62877.94921875,62869.1015625,62870.53125,0
2026-06-11 08:30:00+00:00,62869.1015625,62877.94921875,62869.1015625,62877.94921875,87511040
2026-06-11 08:31:00+00:00,62856.51171875,62869.1015625,62854.62109375,62869.1015625,0
2026-06-11 08:32:00+00:00,62863.3203125,62877.4296875,62856.55078125,62875.05078125,0
2026-06-11 08:33:00+00:00,62878.48828125,62878.48828125,62859.98828125,62863.3203125,60092416
2026-06-11 08:34:00+00:00,62875.328125,62878.5,62865.98046875,62878.48828125,0
2026-06-11 08:35:00+00:00,62872.23046875,62877.26953125,62863.2109375,62868.51953125,59633664
2026-06-11 08:36:00+00:00,62862.51953125,62872.21875,62862.51171875,62872.21875,0
2026-06-11 08:37:00+00:00,62869.421875,62875.3515625,62862.0,62872.2109375,10311680
2026-06-11 08:38:00+00:00,62861.53125,62865.94140625,62859.66015625,62865.94140625,71665664
2026-06-11 08:39:00+00:00,62897.01171875,62897.01171875,62853.37890625,62861.53125,0
2026-06-11 08:40:00+00:00,62877.66015625,62886.5,62877.66015625,62885.62890625,0
2026-06-11 08:41:00+00:00,62856.51953125,62875.25,62849.12109375,62875.25,237565952
2026-06-11 08:42:00+00:00,62835.01171875,62860.37890625,62835.01171875,62854.109375,0
2026-06-11 08:43:00+00:00,62784.30859375,62831.12109375,62784.30859375,62828.26171875,0
2026-06-11 08:44:00+00:00,62782.69921875,62784.44921875,62774.28125,62784.30859375,0
2026-06-11 08:45:00+00:00,62821.98828125,62831.3984375,62778.03125,62782.69921875,86755328
2026-06-11 08:46:00+00:00,62850.0,62850.0,62809.421875,62819.55078125,0
2026-06-11 08:47:00+00:00,62854.19140625,62857.0390625,62832.30859375,62850.0,0
2026-06-11 08:48:00+00:00,62935.01953125,62960.140625,62877.078125,62877.078125,4868096
2026-06-11 08:49:00+00:00,62890.0,62938.6015625,62880.03125,62928.76171875,0
2026-06-11 08:50:00+00:00,62897.33984375,62903.62109375,62884.78125,62887.48828125,219060224
2026-06-11 08:51:00+00:00,62891.0703125,62924.75,62891.0703125,62912.0,0
2026-06-11 08:52:00+00:00,62872.5390625,62884.7890625,62860.0,62884.7890625,0
2026-06-11 08:53:00+00:00,62874.0,62874.0,62865.94140625,62868.33984375,0
2026-06-11 08:54:00+00:00,62873.71875,62873.71875,62870.0703125,62870.0703125,0
2026-06-11 08:55:00+00:00,62872.21875,62885.1484375,62870.1484375,62873.71875,23377920
2026-06-11 08:56:00+00:00,62854.03125,62867.23828125,62850.25,62867.23828125,635287552
2026-06-11 08:57:00+00:00,62855.3515625,62855.3515625,62828.26953125,62843.9609375,0
2026-06-11 08:58:00+00:00,62865.921875,62865.9296875,62853.58984375,62856.78125,0
2026-06-11 08:59:00+00:00,62888.0,62888.0,62859.8203125,62859.8203125,0
2026-06-11 09:00:00+00:00,62856.51171875,62878.8203125,62838.0,62878.8203125,1986560
2026-06-11 09:01:00+00:00,62850.25,62858.109375,62841.171875,62848.37109375,2494464
2026-06-11 09:02:00+00:00,62879.3515625,62882.328125,62853.98828125,62853.98828125,575764480
2026-06-11 09:03:00+00:00,62883.96875,62889.390625,62874.0,62880.28125,0
2026-06-11 09:04:00+00:00,62840.8203125,62894.19140625,62840.8203125,62883.9609375,0
2026-06-11 09:05:00+00:00,62825.12109375,62853.44140625,62825.12109375,62836.0,152231936
2026-06-11 09:06:00+00:00,62805.05078125,62815.7109375,62795.828125,62815.7109375,12955648
2026-06-11 09:07:00+00:00,62783.078125,62805.05859375,62777.94921875,62805.05859375,0
2026-06-11 09:08:00+00:00,62784.28125,62796.859375,62774.87890625,62783.078125,0
2026-06-11 09:09:00+00:00,62781.1484375,62783.30078125,62772.55078125,62775.80859375,0
2026-06-11 09:10:00+00:00,62800.37890625,62801.33984375,62784.2890625,62784.2890625,407552
2026-06-11 09:11:00+00:00,62768.6015625,62787.44140625,62768.6015625,62787.44140625,3825664
2026-06-11 09:12:00+00:00,62774.87109375,62774.87109375,62762.3203125,62771.73046875,0
2026-06-11 09:13:00+00:00,62752.8984375,62790.5703125,62752.8984375,62774.87109375,0
2026-06-11 09:14:00+00:00,62796.80859375,62796.859375,62744.98828125,62749.76171875,0
2026-06-11 09:15:00+00:00,62749.76171875,62784.390625,62746.62109375,62778.01953125,4405248
2026-06-11 09:16:00+00:00,62732.46875,62749.76953125,62715.2890625,62749.76953125,1609728
2026-06-11 09:17:00+00:00,62727.03125,62732.48046875,62718.359375,62732.48046875,84772864
2026-06-11 09:18:00+00:00,62771.98046875,62776.5,62736.6484375,62736.6484375,0
2026-06-11 09:19:00+00:00,62775.69140625,62797.5,62771.73828125,62790.5703125,587776
2026-06-11 09:20:00+00:00,62741.51171875,62774.87890625,62734.3515625,62774.87890625,94294016
2026-06-11 09:21:00+00:00,62734.05859375,62740.328125,62731.28125,62738.4609375,0
2026-06-11 09:22:00+00:00,62725.7109375,62734.9609375,62724.640625,62731.28125,16465920
2026-06-11 09:23:00+00:00,62734.05078125,62738.76171875,62721.5,62728.01171875,0
2026-06-11 09:24:00+00:00,62734.05078125,62737.19140625,62716.7890625,62737.19140625,0
2026-06-11 09:25:00+00:00,62746.6484375,62752.921875,62724.5,62738.76953125,0
2026-06-11 09:26:00+00:00,62735.98828125,62749.8984375,62725.0,62749.8984375,0
2026-06-11 09:27:00+00:00,62737.12890625,62740.328125,62725.37890625,62732.69921875,5908480
2026-06-11 09:28:00+00:00,62749.75,62749.75,62737.12890625,62737.12890625,0
2026-06-11 09:29:00+00:00,62748.640625,62749.75,62740.3203125,62749.75,0
2026-06-11 09:30:00+00:00,62749.76171875,62778.01953125,62746.30859375,62746.3203125,0
2026-06-11 09:31:00+00:00,62830.8984375,62831.3984375,62743.5,62746.62109375,50896896
2026-06-11 09:32:00+00:00,62831.73828125,62837.6796875,62800.26171875,62828.8515625,0
2026-06-11 09:33:00+00:00,62828.26171875,62830.5390625,62805.37890625,62825.12109375,0
2026-06-11 09:34:00+00:00,62861.98046875,62865.94140625,62815.69921875,62815.69921875,0
2026-06-11 09:35:00+00:00,62839.421875,62885.98828125,62839.421875,62877.9609375,0
2026-06-11 09:36:00+00:00,62859.078125,62859.078125,62848.08984375,62848.08984375,0
2026-06-11 09:37:00+00:00,62857.98828125,62859.08984375,62850.25,62859.078125,7677952
2026-06-11 09:38:00+00:00,62847.828125,62859.6484375,62840.8203125,62859.6484375,0
2026-06-11 09:39:00+00:00,62847.1015625,62867.98046875,62847.1015625,62858.71875,84318208
2026-06-11 09:40:00+00:00,62843.9609375,62850.23828125,62838.80078125,62838.80078125,0
2026-06-11 09:41:00+00:00,62818.83984375,62843.9609375,62818.83984375,62843.9609375,0
2026-06-11 09:42:00+00:00,62837.98828125,62843.94921875,62815.28125,62815.28125,0
2026-06-11 09:43:00+00:00,62819.98828125,62840.0703125,62819.98828125,62831.44140625,2887680
2026-06-11 09:44:00+00:00,62860.76171875,62860.76171875,62820.87109375,62825.5703125,0
2026-06-11 09:45:00+00:00,62851.87109375,62851.87890625,62833.890625,62842.26953125,0
2026-06-11 09:46:00+00:00,62843.9609375,62853.2109375,62843.9609375,62851.66015625,0
2026-06-11 09:47:00+00:00,62832.1796875,62848.19140625,62831.05859375,62846.55078125,581298176
2026-06-11 09:48:00+00:00,62853.55078125,62858.328125,62832.1796875,62832.1796875,0
2026-06-11 09:49:00+00:00,62856.51953125,62856.51953125,62834.5390625,62839.53125,0
2026-06-11 09:50:00+00:00,62851.37890625,62856.640625,62844.98828125,62844.98828125,0
2026-06-11 09:51:00+00:00,62893.98828125,62904.3203125,62851.37890625,62851.37890625,0
2026-06-11 09:52:00+00:00,62884.78125,62907.28125,62884.78125,62887.921875,84488192
2026-06-11 09:53:00+00:00,62883.671875,62887.91015625,62872.21875,62881.640625,50120704
2026-06-11 09:54:00+00:00,62895.23828125,62895.23828125,62859.66015625,62862.80078125,0
2026-06-11 09:55:00+00:00,62878.828125,62906.69140625,62878.828125,62890.140625,0
2026-06-11 09:56:00+00:00,62843.9609375,62878.828125,62843.9609375,62878.828125,0
2026-06-11 09:57:00+00:00,62825.1484375,62836.12109375,62818.98828125,62836.12109375,0
2026-06-11 09:58:00+00:00,62853.37109375,62853.37109375,62837.671875,62837.671875,0
2026-06-11 09:59:00+00:00,62850.0,62870.7109375,62847.1015625,62867.578125,13424640
2026-06-11 10:00:00+00:00,62871.19140625,62871.3203125,62852.0703125,62853.2109375,17956864
2026-06-11 10:01:00+00:00,62862.7890625,62881.55859375,62849.5,62864.58984375,0
2026-06-11 10:02:00+00:00,62825.12109375,62862.7890625,62825.12109375,62852.0,3956736
2026-06-11 10:03:00+00:00,62804.69921875,62821.9609375,62803.140625,62815.69921875,0
2026-06-11 10:04:00+00:00,62780.171875,62818.828125,62774.87890625,62804.69921875,0
2026-06-11 10:05:00+00:00,62808.109375,62808.109375,62778.0390625,62784.9296875,183201792
2026-06-11 10:06:00+00:00,62809.421875,62809.421875,62787.44140625,62793.71875,0
2026-06-11 10:07:00+00:00,62868.28125,62882.98046875,62843.94921875,62843.94921875,0
2026-06-11 10:08:00+00:00,62872.23046875,62894.19140625,62868.30078125,62875.3515625,0
2026-06-11 10:09:00+00:00,62853.37890625,62853.80078125,62828.6484375,62853.80078125,88414208
2026-06-11 10:10:00+00:00,62835.46875,62861.98828125,62835.46875,62861.98828125,0
2026-06-11 10:11:00+00:00,62852.98828125,62852.98828125,62821.98046875,62826.0,0
2026-06-11 10:12:00+00:00,62841.19921875,62843.9609375,62835.4609375,62843.9609375,0
2026-06-11 10:13:00+00:00,62867.37890625,62873.4609375,62834.921875,62841.2109375,30601216
2026-06-11 10:14:00+00:00,62834.91015625,62864.0,62834.91015625,62864.0,6068224
2026-06-11 10:15:00+00:00,62844.6484375,62850.0,62829.26953125,62829.26953125,0
2026-06-11 10:16:00+00:00,62812.55859375,62844.6484375,62812.55859375,62844.6484375,1191936
2026-06-11 10:17:00+00:00,62749.98828125,62812.55859375,62746.01171875,62812.55859375,0
2026-06-11 10:18:00+00:00,62752.8984375,62778.62890625,62752.8984375,62752.8984375,0
2026-06-11 10:19:00+00:00,62749.76171875,62755.2890625,62725.21875,62755.28125,86657024
2026-06-11 10:20:00+00:00,62764.48046875,62768.37109375,62752.01171875,62752.01171875,0
2026-06-11 10:21:00+00:00,62778.828125,62786.1015625,62762.609375,62764.4609375,96051200
2026-06-11 10:22:00+00:00,62746.609375,62784.37890625,62740.33984375,62778.828125,0
2026-06-11 10:23:00+00:00,62776.44921875,62776.44921875,62742.140625,62746.6015625,25006080
2026-06-11 10:24:00+00:00,62750.94921875,62776.4296875,62745.19140625,62776.4296875,0
2026-06-11 10:25:00+00:00,62770.62109375,62770.62109375,62743.03125,62743.03125,3059712
2026-06-11 10:26:00+00:00,62755.8203125,62770.609375,62743.78125,62770.609375,6567936
2026-06-11 10:27:00+00:00,62755.0,62762.28125,62743.48828125,62743.48828125,0
2026-06-11 10:28:00+00:00,62778.8984375,62778.8984375,62758.75,62758.75,82298880
2026-06-11 10:29:00+00:00,62781.16015625,62796.8515625,62771.73828125,62778.01171875,9779200
2026-06-11 10:30:00+00:00,62803.12890625,62803.12890625,62768.6015625,62771.73828125,0
2026-06-11 10:31:00+00:00,62830.171875,62850.0,62818.28125,62818.28125,0
2026-06-11 10:32:00+00:00,62820.69921875,62821.98046875,62815.08984375,62821.98046875,93911040
2026-06-11 10:33:00+00:00,62791.41015625,62820.69140625,62791.41015625,62820.69140625,0
2026-06-11 10:34:00+00:00,62812.55859375,62834.55078125,62803.1484375,62803.1484375,0
2026-06-11 10:35:00+00:00,62825.109375,62825.109375,62800.41015625,62812.5703125,8099840
2026-06-11 10:36:00+00:00,62856.51953125,62859.05859375,62842.26953125,62844.0,4597760
2026-06-11 10:37:00+00:00,62857.8515625,62862.80859375,62838.76953125,62852.2890625,0
2026-06-11 10:38:00+00:00,62868.80078125,62886.859375,62857.8515625,62857.8515625,0
2026-06-11 10:39:00+00:00,62830.80859375,62862.80078125,62824.0390625,62862.80078125,0
2026-06-11 10:40:00+00:00,62839.7109375,62847.08984375,62826.62890625,62830.78125,692224
2026-06-11 10:41:00+00:00,62834.9296875,62847.1015625,62828.26171875,62839.71875,87416832
2026-06-11 10:42:00+00:00,62856.12890625,62856.140625,62831.3984375,62841.890625,0
2026-06-11 10:43:00+00:00,62856.51953125,62872.4296875,62848.69921875,62848.69921875,0
2026-06-11 10:44:00+00:00,62854.01953125,62874.390625,62854.01953125,62874.37890625,239579136
2026-06-11 10:45:00+00:00,62855.8984375,62862.19921875,62854.01171875,62854.01953125,1630208
2026-06-11 10:46:00+00:00,62884.76953125,62884.76953125,62850.23828125,62862.7890625,0
2026-06-11 10:47:00+00:00,62891.21875,62891.23046875,62878.078125,62883.6796875,37974016
2026-06-11 10:48:00+00:00,62884.7890625,62896.19140625,62884.78125,62896.1796875,79343616
2026-06-11 10:49:00+00:00,62896.19921875,62898.37109375,62888.828125,62888.828125,0
2026-06-11 10:50:00+00:00,62898.0,62899.98828125,62888.0703125,62888.0703125,0
2026-06-11 10:51:00+00:00,62984.94921875,63016.21875,62898.0,62898.0,0
2026-06-11 10:52:00+00:00,62957.0,62974.23046875,62928.8984375,62973.98046875,0
2026-06-11 10:53:00+00:00,62958.05078125,62958.05078125,62932.05859375,62950.890625,96241664
2026-06-11 10:54:00+00:00,63025.71875,63025.71875,62958.0703125,62958.0703125,0
2026-06-11 10:55:00+00:00,63102.9296875,63102.9296875,62993.75,63024.01953125,0
2026-06-11 10:56:00+00:00,62984.28125,63095.08984375,62984.28125,63095.08984375,0
2026-06-11 10:57:00+00:00,63043.6015625,63056.26953125,62985.26171875,63005.69921875,7301120
2026-06-11 10:58:00+00:00,63066.87890625,63092.01171875,63054.44921875,63062.08984375,15159296
2026-06-11 10:59:00+00:00,63067.1484375,63115.98046875,63067.1484375,63077.98046875,0
2026-06-11 11:00:00+00:00,62994.6796875,63052.23828125,62994.6796875,63052.23828125,0
2026-06-11 11:01:00+00:00,63067.30078125,63086.0,62997.828125,63003.671875,9842688
2026-06-11 11:02:00+00:00,63098.671875,63107.71875,63069.37890625,63089.140625,0
2026-06-11 11:03:00+00:00,63105.0,63133.80078125,63105.0,63123.41015625,0
2026-06-11 11:04:00+00:00,63117.12890625,63129.421875,63104.73046875,63104.73046875,0
2026-06-11 11:05:00+00:00,63073.55078125,63126.55078125,63073.55078125,63112.37890625,847904768
2026-06-11 11:06:00+00:00,63069.7890625,63097.0703125,63069.7890625,63097.0703125,0
2026-06-11 11:07:00+00:00,63047.8984375,63078.421875,63041.78125,63078.421875,0
2026-06-11 11:08:00+00:00,63041.87890625,63047.8984375,62983.9609375,63047.8984375,0
2026-06-11 11:09:00+00:00,63066.2109375,63066.2109375,63044.921875,63054.328125,5507072
2026-06-11 11:10:00+00:00,63095.16015625,63104.55859375,63076.96875,63081.1796875,0
2026-06-11 11:11:00+00:00,63130.01171875,63130.01171875,63095.16015625,63095.16015625,0
2026-06-11 11:12:00+00:00,63124.0,63129.69140625,63085.73828125,63129.69140625,3209216
2026-06-11 11:13:00+00:00,63113.44140625,63114.0,63095.51953125,63114.0,22528
2026-06-11 11:14:00+00:00,63120.6796875,63125.3984375,63113.44140625,63113.44140625,0
2026-06-11 11:15:00+00:00,63100.01171875,63117.140625,63079.98828125,63117.140625,0
2026-06-11 11:16:00+00:00,63113.55859375,63113.55859375,63100.859375,63100.859375,0
2026-06-11 11:17:00+00:00,63154.05078125,63154.05078125,63113.01953125,63113.01953125,0
2026-06-11 11:18:00+00:00,63085.66015625,63129.98046875,63070.7109375,63129.98046875,0
2026-06-11 11:19:00+00:00,63038.03125,63081.5390625,63038.03125,63081.5390625,0
2026-06-11 11:20:00+00:00,63048.2109375,63056.41015625,63038.640625,63056.41015625,0
2026-06-11 11:21:00+00:00,63079.96875,63079.96875,63036.69140625,63052.3984375,300609536
2026-06-11 11:22:00+00:00,63095.16015625,63104.44921875,63079.96875,63079.96875,9596928
2026-06-11 11:23:00+00:00,63094.19921875,63101.421875,63091.9609375,63095.1484375,0
2026-06-11 11:24:00+00:00,63097.4609375,63100.7890625,63085.73828125,63098.23046875,7743488
2026-06-11 11:25:00+00:00,63063.62109375,63099.94921875,63063.62109375,63099.94921875,0
2026-06-11 11:26:00+00:00,63037.73828125,63066.890625,63037.73828125,63054.55859375,0
2026-06-11 11:27:00+00:00,63070.0390625,63078.05859375,63039.55078125,63042.48046875,137551872
2026-06-11 11:28:00+00:00,63113.98828125,63113.98828125,63064.12109375,63072.01953125,0
2026-06-11 11:29:00+00:00,63100.0703125,63125.9296875,63093.41015625,63125.9296875,0
2026-06-11 11:30:00+00:00,63142.0390625,63155.98828125,63093.41015625,63098.44921875,0
2026-06-11 11:31:00+00:00,63182.48046875,63186.98046875,63120.2890625,63120.2890625,0
2026-06-11 11:32:00+00:00,63146.41015625,63196.859375,63146.41015625,63176.5,0
2026-06-11 11:33:00+00:00,63150.98046875,63156.01171875,63125.19140625,63132.8203125,0
2026-06-11 11:34:00+00:00,63132.0,63135.98828125,63114.359375,63135.98828125,3713024
2026-06-11 11:35:00+00:00,63104.671875,63137.0,63100.0,63129.94921875,0
2026-06-11 11:36:00+00:00,63076.3203125,63104.55078125,63076.3203125,63104.55078125,0
2026-06-11 11:37:00+00:00,63043.5703125,63088.2109375,63043.5703125,63088.2109375,80285696
2026-06-11 11:38:00+00:00,63029.96875,63062.94140625,63019.23046875,63043.55859375,36939776
2026-06-11 11:39:00+00:00,63080.26953125,63080.98828125,63030.33984375,63034.16015625,14680064
2026-06-11 11:40:00+00:00,63058.98046875,63079.44921875,63058.76953125,63076.328125,0
2026-06-11 11:41:00+00:00,63066.8984375,63092.01171875,63051.5390625,63065.78125,0
2026-06-11 11:42:00+00:00,63082.0,63082.0,63060.03125,63066.3984375,0
2026-06-11 11:43:00+00:00,63079.98828125,63088.0,63067.609375,63067.609375,87220224
2026-06-11 11:44:00+00:00,63070.03125,63079.98046875,63051.19921875,63079.98046875,0
2026-06-11 11:45:00+00:00,63040.359375,63068.80078125,63040.359375,63068.80078125,0
2026-06-11 11:46:00+00:00,63060.6015625,63060.6015625,63048.05078125,63048.05078125,1107968
2026-06-11 11:47:00+00:00,63043.62109375,63064.30078125,63043.609375,63060.58984375,0
2026-06-11 11:48:00+00:00,63038.0,63044.91015625,63030.0,63036.01953125,0
2026-06-11 11:49:00+00:00,63066.890625,63066.890625,63021.96875,63042.53125,84471808
2026-06-11 11:50:00+00:00,63086.359375,63086.359375,63064.01171875,63077.87890625,0
2026-06-11 11:51:00+00:00,63154.26953125,63170.94140625,63063.76953125,63070.6015625,0
2026-06-11 11:52:00+00:00,63114.0,63162.640625,63108.73046875,63162.640625,0
2026-06-11 11:53:00+00:00,63124.21875,63134.76953125,63114.0,63125.48828125,65753088
2026-06-11 11:54:00+00:00,63117.12890625,63124.21875,63108.3515625,63124.21875,0
2026-06-11 11:55:00+00:00,63070.05078125,63116.96875,63070.05078125,63116.96875,77662208
2026-06-11 11:56:00+00:00,63054.9609375,63068.53125,63039.671875,63068.53125,21258240
2026-06-11 11:57:00+00:00,63048.05859375,63066.921875,63047.921875,63058.78125,0
2026-06-11 11:58:00+00:00,63053.9296875,63060.609375,63044.9296875,63045.6796875,0
2026-06-11 11:59:00+00:00,63043.01171875,63061.9609375,63039.66015625,63053.9296875,0
2026-06-11 12:00:00+00:00,62982.140625,63051.98046875,62975.9296875,63047.87890625,86890496
2026-06-11 12:01:00+00:00,63000.96875,63010.359375,62983.9609375,62986.66015625,0
2026-06-11 12:02:00+00:00,62993.19921875,62995.109375,62975.87109375,62990.05078125,0
2026-06-11 12:03:00+00:00,62945.98828125,62991.71875,62945.98828125,62991.71875,0
2026-06-11 12:04:00+00:00,63007.19921875,63007.19921875,62941.30078125,62941.30078125,0
2026-06-11 12:05:00+00:00,63009.1484375,63032.3515625,63000.96875,63000.96875,0
2026-06-11 12:06:00+00:00,63000.9609375,63048.05078125,63000.9609375,63021.48046875,88719360
2026-06-11 12:07:00+00:00,62960.12890625,62975.8515625,62938.66015625,62975.8515625,0
2026-06-11 12:08:00+00:00,62974.87109375,62979.98828125,62947.58984375,62966.41015625,0
2026-06-11 12:09:00+00:00,62956.96875,62985.25,62940.01171875,62969.55859375,31614976
2026-06-11 12:10:00+00:00,63057.37109375,63057.37109375,62950.140625,62950.140625,0
2026-06-11 12:11:00+00:00,63102.01171875,63102.01171875,63029.21875,63047.109375,198373376
2026-06-11 12:12:00+00:00,63126.55078125,63126.55078125,63086.9609375,63104.12890625,0
2026-06-11 12:13:00+00:00,63051.19921875,63121.01953125,63051.19921875,63119.62890625,0
2026-06-11 12:14:00+00:00,63085.23828125,63085.23828125,63015.83984375,63024.75,9904128
2026-06-11 12:15:00+00:00,63062.73046875,63095.98828125,63055.98046875,63095.4609375,0
2026-06-11 12:16:00+00:00,63076.71875,63085.48046875,63054.37890625,63054.37890625,2367488
2026-06-11 12:17:00+00:00,63050.0,63093.23828125,63050.0,63079.44921875,44384256
2026-06-11 12:18:00+00:00,63102.9609375,63119.26171875,63063.46875,63063.46875,0
2026-06-11 12:19:00+00:00,63039.03125,63086.0,63039.03125,63086.0,86992896
2026-06-11 12:20:00+00:00,62902.0,63035.5,62897.51171875,63035.5,0
2026-06-11 12:21:00+00:00,62847.1015625,62899.26171875,62827.30078125,62898.671875,0
2026-06-11 12:22:00+00:00,62648.48046875,62847.1015625,62648.48046875,62847.1015625,98357248
2026-06-11 12:23:00+00:00,62708.01953125,62708.01953125,62606.37109375,62636.71875,614041600
2026-06-11 12:24:00+00:00,62650.6015625,62759.171875,62624.16015625,62759.171875,0
2026-06-11 12:25:00+00:00,62670.01171875,62698.0,62655.8515625,62657.69140625,0
2026-06-11 12:26:00+00:00,62720.109375,62720.109375,62677.5390625,62677.5390625,173234176
2026-06-11 12:27:00+00:00,62669.62890625,62725.66015625,62646.140625,62725.66015625,19027968
2026-06-11 12:28:00+00:00,62613.98828125,62698.96875,62605.3203125,62672.51171875,19548160
2026-06-11 12:29:00+00:00,62621.01953125,62649.26953125,62607.5,62607.5,0
2026-06-11 12:30:00+00:00,62578.171875,62658.1484375,62439.1484375,62598.0,307892224
2026-06-11 12:31:00+00:00,62537.73046875,62639.8515625,62536.23828125,62573.859375,0
2026-06-11 12:32:00+00:00,62566.0,62584.2890625,62526.01171875,62577.80859375,27097088
2026-06-11 12:33:00+00:00,62529.9609375,62600.0,62514.328125,62600.0,0
2026-06-11 12:34:00+00:00,62725.7109375,62725.7109375,62516.87890625,62558.21875,0
2026-06-11 12:35:00+00:00,62698.46875,62740.33984375,62683.828125,62712.98046875,0
2026-06-11 12:36:00+00:00,62746.890625,62765.44921875,62708.01171875,62710.0,4409344
2026-06-11 12:37:00+00:00,62690.1015625,62753.66015625,62690.1015625,62737.19921875,0
2026-06-11 12:38:00+00:00,62744.1015625,62791.2890625,62701.921875,62701.921875,107751424
2026-06-11 12:39:00+00:00,62730.921875,62787.66015625,62719.9296875,62727.19921875,84385792
2026-06-11 12:40:00+00:00,62734.078125,62734.078125,62700.578125,62723.80078125,0
2026-06-11 12:41:00+00:00,62788.0,62788.0,62715.23046875,62743.46875,0
2026-06-11 12:42:00+00:00,62784.2890625,62800.19140625,62759.1796875,62778.01953125,139730944
2026-06-11 12:43:00+00:00,62740.33984375,62796.73046875,62740.33984375,62795.03125,0
2026-06-11 12:44:00+00:00,62855.87890625,62859.98046875,62706.4296875,62715.21875,0
2026-06-11 12:45:00+00:00,62859.6484375,62867.19140625,62796.87109375,62815.0,0
2026-06-11 12:46:00+00:00,62899.05859375,62899.05859375,62847.8203125,62880.109375,96864256
2026-06-11 12:47:00+00:00,62859.30078125,62919.55078125,62849.7890625,62898.5390625,152213504
2026-06-11 12:48:00+00:00,62815.69921875,62865.46875,62815.69921875,62865.46875,0
2026-06-11 12:49:00+00:00,62873.30078125,62873.30078125,62799.1015625,62805.9609375,82337792
2026-06-11 12:50:00+00:00,62831.3984375,62903.1015625,62815.7109375,62903.1015625,0
2026-06-11 12:51:00+00:00,62919.19921875,62919.19921875,62837.1484375,62844.01171875,0
2026-06-11 12:52:00+00:00,62938.1484375,62969.9609375,62928.73828125,62933.23828125,79017984
2026-06-11 12:53:00+00:00,62879.921875,62960.140625,62869.08984375,62932.91015625,0
2026-06-11 12:54:00+00:00,62883.94140625,62894.1015625,62869.078125,62869.078125,44941312
2026-06-11 12:55:00+00:00,62956.98828125,62966.41015625,62876.94140625,62876.94140625,0
2026-06-11 12:56:00+00:00,62943.640625,62960.140625,62930.03125,62938.859375,0
2026-06-11 12:57:00+00:00,62922.8515625,62963.26953125,62919.4609375,62942.62890625,0
2026-06-11 12:58:00+00:00,62966.8203125,62966.8203125,62902.80859375,62918.640625,0
2026-06-11 12:59:00+00:00,62939.21875,62970.0703125,62939.21875,62968.0,701726720
2026-06-11 13:00:00+00:00,62873.55859375,62935.171875,62873.1015625,62923.80859375,0
2026-06-11 13:01:00+00:00,62864.80078125,62911.94921875,62864.80078125,62889.19140625,0
2026-06-11 13:02:00+00:00,62855.6015625,62880.01953125,62831.9296875,62849.69921875,60839936
2026-06-11 13:03:00+00:00,62853.26171875,62855.609375,62831.98046875,62855.609375,0
2026-06-11 13:04:00+00:00,62878.0703125,62906.19140625,62853.28125,62853.28125,0
2026-06-11 13:05:00+00:00,62851.8203125,62876.05078125,62834.7890625,62870.01171875,42276864
2026-06-11 13:06:00+00:00,62868.140625,62868.140625,62834.6796875,62853.01953125,0
2026-06-11 13:07:00+00:00,62847.08984375,62868.1484375,62839.30859375,62858.75,11622400
2026-06-11 13:08:00+00:00,62842.80859375,62853.37890625,62837.71875,62849.6015625,0
2026-06-11 13:09:00+00:00,62822.05078125,62839.5390625,62818.859375,62839.5390625,0
2026-06-11 13:10:00+00:00,62843.9609375,62843.9609375,62823.71875,62823.71875,581632
2026-06-11 13:11:00+00:00,62792.12890625,62862.76171875,62792.12890625,62862.76171875,0
2026-06-11 13:12:00+00:00,62824.05078125,62840.62109375,62798.48046875,62798.48046875,102033408
2026-06-11 13:13:00+00:00,62829.73046875,62854.01171875,62823.0,62825.12109375,85569536
2026-06-11 13:14:00+00:00,62831.41015625,62848.75,62822.37109375,62822.37109375,162707456
2026-06-11 13:15:00+00:00,62843.9609375,62853.98828125,62831.41015625,62831.41015625,524288
2026-06-11 13:16:00+00:00,62884.76953125,62884.78125,62850.12109375,62850.12109375,0
2026-06-11 13:17:00+00:00,62871.19921875,62892.16015625,62866.0,62892.16015625,0
2026-06-11 13:18:00+00:00,62891.0703125,62898.62109375,62867.66015625,62871.19921875,0
2026-06-11 13:19:00+00:00,62932.0390625,62932.0390625,62901.5703125,62901.5703125,84822016
2026-06-11 13:20:00+00:00,62946.0,62974.0390625,62935.01953125,62935.01953125,0
2026-06-11 13:21:00+00:00,62940.0,62946.9609375,62931.921875,62939.921875,0
2026-06-11 13:22:00+00:00,62862.0,62931.87890625,62850.9296875,62931.87890625,0
2026-06-11 13:23:00+00:00,62841.69140625,62867.28125,62840.828125,62847.12890625,0
2026-06-11 13:24:00+00:00,62759.21875,62845.30078125,62759.21875,62837.87890625,68610048
2026-06-11 13:25:00+00:00,62769.9609375,62772.19140625,62745.4609375,62748.69140625,7999488
2026-06-11 13:26:00+00:00,62772.30859375,62774.98828125,62756.0390625,62762.37890625,178159616
2026-06-11 13:27:00+00:00,62768.41015625,62778.01171875,62754.69140625,62771.12890625,0
2026-06-11 13:28:00+00:00,62772.0,62778.91015625,62752.94140625,62767.1015625,0
2026-06-11 13:29:00+00:00,62746.62109375,62778.91015625,62726.05078125,62778.91015625,0
2026-06-11 13:30:00+00:00,62730.12890625,62730.12890625,62692.78125,62710.69140625,92979200
2026-06-11 13:31:00+00:00,62644.21875,62727.9609375,62639.87109375,62727.9609375,0
2026-06-11 13:32:00+00:00,62627.30859375,62656.05859375,62598.3984375,62655.16015625,0
2026-06-11 13:33:00+00:00,62691.98828125,62720.6796875,62646.12890625,62646.12890625,0
2026-06-11 13:34:00+00:00,62700.96875,62700.96875,62640.0,62688.98046875,87441408
2026-06-11 13:35:00+00:00,62781.6015625,62781.6015625,62666.3984375,62666.3984375,263038976
2026-06-11 13:36:00+00:00,62787.44140625,62859.6484375,62783.12109375,62783.12109375,25718784
2026-06-11 13:37:00+00:00,62824.03125,62824.03125,62762.3515625,62773.0,0
2026-06-11 13:38:00+00:00,62715.23828125,62813.921875,62710.0703125,62813.921875,0
2026-06-11 13:39:00+00:00,62766.1796875,62816.171875,62735.26953125,62735.26953125,0
2026-06-11 13:40:00+00:00,62764.421875,62768.6015625,62679.12109375,62767.98828125,0
2026-06-11 13:41:00+00:00,62680.69140625,62780.140625,62670.76171875,62762.80078125,0
2026-06-11 13:42:00+00:00,62712.98046875,62715.0,62648.328125,62678.53125,80605184
2026-06-11 13:43:00+00:00,62820.0,62820.0,62734.0,62734.0,0
2026-06-11 13:44:00+00:00,62891.05859375,62891.05859375,62837.69140625,62846.03125,0
2026-06-11 13:45:00+00:00,63000.01171875,63042.33984375,62878.0,62910.01171875,0
2026-06-11 13:46:00+00:00,62991.01171875,62994.6796875,62948.94921875,62955.0,0
2026-06-11 13:47:00+00:00,62998.48046875,63019.98828125,62945.98828125,62955.98046875,5951488
2026-06-11 13:48:00+00:00,62991.53125,63002.73046875,62971.05859375,62983.87890625,0
2026-06-11 13:49:00+00:00,62972.69921875,63009.109375,62972.69921875,62972.69921875,0
2026-06-11 13:50:00+00:00,63098.98828125,63098.98828125,62965.98046875,62985.98828125,15308800
2026-06-11 13:51:00+00:00,63032.0,63064.03125,62999.1796875,63057.48828125,2549760
2026-06-11 13:52:00+00:00,63034.01171875,63089.359375,63018.05859375,63051.19921875,0
2026-06-11 13:53:00+00:00,63178.96875,63178.96875,62985.26953125,63005.0,43208704
2026-06-11 13:54:00+00:00,63106.109375,63186.0,63101.62109375,63184.66015625,0
2026-06-11 13:55:00+00:00,63064.3515625,63095.0703125,63048.0,63095.0703125,0
2026-06-11 13:56:00+00:00,62982.12109375,63041.78125,62982.12109375,63041.78125,0
2026-06-11 13:57:00+00:00,62927.578125,62983.55859375,62927.578125,62970.98046875,15284224
2026-06-11 13:58:00+00:00,62974.44921875,62984.94140625,62957.0,62967.8515625,87173120
2026-06-11 13:59:00+00:00,63006.0,63022.91015625,62993.30859375,62993.30859375,0
2026-06-11 14:00:00+00:00,62974.0,63022.98828125,62974.0,63022.05078125,209004544
2026-06-11 14:01:00+00:00,62960.12109375,62990.5703125,62928.0390625,62984.9296875,3710976
2026-06-11 14:02:00+00:00,62987.98046875,63000.76953125,62951.98046875,62978.96875,0
2026-06-11 14:03:00+00:00,62934.0,62985.96875,62929.75,62963.2890625,0
2026-06-11 14:04:00+00:00,63007.30859375,63007.30859375,62922.44921875,62931.2890625,0
2026-06-11 14:05:00+00:00,62863.51171875,63018.0,62863.51171875,63018.0,138571776
2026-06-11 14:06:00+00:00,62837.94140625,62885.3984375,62837.609375,62856.53125,4519936
2026-06-11 14:07:00+00:00,62924.62890625,62928.73046875,62836.0390625,62836.0390625,0
2026-06-11 14:08:00+00:00,62909.8984375,62924.6015625,62887.0390625,62924.6015625,0
2026-06-11 14:09:00+00:00,62830.0,62916.171875,62828.25,62916.171875,0
2026-06-11 14:10:00+00:00,62760.6796875,62862.7890625,62760.6796875,62862.7890625,0
2026-06-11 14:11:00+00:00,62787.421875,62787.421875,62707.828125,62740.5703125,62777344
2026-06-11 14:12:00+00:00,62724.6796875,62799.41015625,62724.55078125,62784.33984375,0
2026-06-11 14:13:00+00:00,62770.0,62770.0,62717.66015625,62732.26171875,91871232
2026-06-11 14:14:00+00:00,62733.0,62768.23828125,62733.0,62768.0,0
2026-06-11 14:15:00+00:00,62791.98828125,62796.8515625,62728.8515625,62728.8515625,0
2026-06-11 14:16:00+00:00,62688.3515625,62781.12109375,62688.3515625,62781.12109375,82610176
2026-06-11 14:17:00+00:00,62729.94140625,62759.1015625,62677.51953125,62677.51953125,0
2026-06-11 14:18:00+00:00,62673.21875,62745.98828125,62673.21875,62745.98828125,0
2026-06-11 14:19:00+00:00,62731.98828125,62749.75,62661.66015625,62676.0,0
2026-06-11 14:20:00+00:00,62794.0,62794.0,62717.8203125,62717.8203125,0
2026-06-11 14:21:00+00:00,62807.01953125,62807.01953125,62774.98828125,62801.01171875,0
2026-06-11 14:22:00+00:00,62825.98046875,62825.98046875,62747.96875,62807.359375,0
2026-06-11 14:23:00+00:00,62864.80859375,62883.109375,62838.578125,62838.578125,111118336
2026-06-11 14:24:00+00:00,62884.7890625,62912.6796875,62853.390625,62853.390625,4653056
2026-06-11 14:25:00+00:00,62884.01171875,62906.71875,62869.55078125,62875.26953125,0
2026-06-11 14:26:00+00:00,62811.76953125,62878.51171875,62802.140625,62878.51171875,56467456
2026-06-11 14:27:00+00:00,62853.44921875,62872.7109375,62828.25,62828.25,9891840
2026-06-11 14:28:00+00:00,62894.19140625,62894.19140625,62834.5390625,62853.421875,3403776
2026-06-11 14:29:00+00:00,62949.0390625,62961.19140625,62878.5,62890.140625,61036544
2026-06-11 14:30:00+00:00,62835.4296875,62969.98828125,62835.4296875,62950.7109375,0
2026-06-11 14:31:00+00:00,62873.37109375,62888.01953125,62816.01171875,62839.51171875,0
2026-06-11 14:32:00+00:00,62866.44921875,62909.80859375,62857.30078125,62884.76953125,0
2026-06-11 14:33:00+00:00,62835.66015625,62885.890625,62833.55078125,62885.890625,0
2026-06-11 14:34:00+00:00,62853.37109375,62853.37109375,62801.01953125,62837.41015625,25038848
2026-06-11 14:35:00+00:00,62897.71875,62897.71875,62844.5,62856.51953125,165918720
2026-06-11 14:36:00+00:00,62999.98828125,62999.98828125,62884.7109375,62884.7109375,0
2026-06-11 14:37:00+00:00,62863.05859375,62997.8203125,62863.05859375,62997.8203125,0
2026-06-11 14:38:00+00:00,62887.3984375,62916.16015625,62885.921875,62887.171875,0
2026-06-11 14:39:00+00:00,62852.109375,62881.6484375,62837.8984375,62871.30859375,62656512
2026-06-11 14:40:00+00:00,62846.01171875,62846.01171875,62819.109375,62826.71875,0
2026-06-11 14:41:00+00:00,62831.421875,62888.91015625,62831.421875,62861.87109375,0
2026-06-11 14:42:00+00:00,62828.25,62865.9296875,62809.5390625,62839.48828125,316852224
2026-06-11 14:43:00+00:00,62802.4296875,62843.94921875,62778.03125,62831.8203125,11700224
2026-06-11 14:44:00+00:00,62793.71875,62830.390625,62793.71875,62809.41015625,13400064
2026-06-11 14:45:00+00:00,62830.1796875,62830.1796875,62789.5390625,62789.5390625,13297664
2026-06-11 14:46:00+00:00,62815.05078125,62856.55078125,62803.62890625,62836.7109375,0
2026-06-11 14:47:00+00:00,62818.55078125,62846.0,62812.23046875,62812.23046875,353640448
2026-06-11 14:48:00+00:00,62865.578125,62893.05078125,62816.8203125,62816.8203125,6039552
2026-06-11 14:49:00+00:00,62836.0,62872.2109375,62836.0,62861.4296875,85798912
2026-06-11 14:50:00+00:00,62866.1484375,62878.6484375,62810.08984375,62833.328125,0
2026-06-11 14:51:00+00:00,62917.01953125,62928.73828125,62853.37109375,62870.48828125,11409408
2026-06-11 14:52:00+00:00,62870.19921875,62907.94140625,62843.96875,62907.94140625,0
2026-06-11 14:53:00+00:00,62859.66015625,62921.73828125,62859.66015625,62880.03125,0
2026-06-11 14:54:00+00:00,62868.0,62891.671875,62842.0,62861.94921875,4018176
2026-06-11 14:55:00+00:00,62815.30078125,62861.0,62815.30078125,62861.0,0
2026-06-11 14:56:00+00:00,62729.1015625,62810.76171875,62717.6796875,62810.76171875,0
2026-06-11 14:57:00+00:00,62747.6484375,62747.6484375,62715.21875,62730.41015625,19144704
2026-06-11 14:58:00+00:00,62671.53125,62798.4296875,62671.53125,62784.01953125,0
2026-06-11 14:59:00+00:00,62661.83984375,62690.1015625,62661.83984375,62683.8203125,0
2026-06-11 15:00:00+00:00,62627.30078125,62699.4296875,62627.30078125,62659.421875,0
2026-06-11 15:01:00+00:00,62501.87109375,62607.80859375,62473.921875,62607.80859375,85712896
2026-06-11 15:02:00+00:00,62548.8984375,62597.8984375,62510.41015625,62510.41015625,0
2026-06-11 15:03:00+00:00,62627.0,62648.1484375,62558.1796875,62570.76953125,0
2026-06-11 15:04:00+00:00,62641.98046875,62652.421875,62614.73828125,62625.80859375,20123648
2026-06-11 15:05:00+00:00,62569.7109375,62632.01171875,62563.7109375,62621.01953125,4626432
2026-06-11 15:06:00+00:00,62605.2890625,62638.08984375,62584.4609375,62584.4609375,53600256
2026-06-11 15:07:00+00:00,62757.578125,62757.578125,62605.21875,62605.21875,0
2026-06-11 15:08:00+00:00,62734.05859375,62781.6015625,62695.51953125,62741.19140625,0
2026-06-11 15:09:00+00:00,62684.7890625,62749.19921875,62684.7890625,62736.828125,0
2026-06-11 15:10:00+00:00,62657.98828125,62679.578125,62641.01171875,62671.26953125,5373952
2026-06-11 15:11:00+00:00,62678.640625,62684.98046875,62653.2109375,62663.03125,0
2026-06-11 15:12:00+00:00,62743.98046875,62762.55859375,62674.5390625,62678.62109375,92815360
2026-06-11 15:13:00+00:00,62707.23828125,62743.0703125,62698.0,62743.0703125,0
2026-06-11 15:14:00+00:00,62630.44140625,62685.0,62630.44140625,62685.0,48046080
2026-06-11 15:15:00+00:00,62690.390625,62690.390625,62613.12890625,62625.25,7888896
2026-06-11 15:16:00+00:00,62630.44140625,62688.0,62627.0703125,62688.0,0
2026-06-11 15:17:00+00:00,62614.921875,62641.5390625,62614.921875,62641.5390625,177590272
2026-06-11 15:18:00+00:00,62563.98046875,62624.1484375,62561.3515625,62624.1484375,0
2026-06-11 15:19:00+00:00,62600.51171875,62611.4609375,62564.62890625,62564.62890625,1175552
2026-06-11 15:20:00+00:00,62706.12109375,62715.19921875,62605.30859375,62605.30859375,0
2026-06-11 15:21:00+00:00,62707.01953125,62738.01171875,62705.80078125,62713.0,0
2026-06-11 15:22:00+00:00,62675.98046875,62686.9609375,62659.6015625,62686.9609375,3037184
2026-06-11 15:23:00+00:00,62740.01953125,62740.01953125,62670.4609375,62673.8203125,0
2026-06-11 15:24:00+00:00,62712.7890625,62733.4609375,62712.58984375,62729.328125,0
2026-06-11 15:25:00+00:00,62683.51171875,62708.94140625,62661.94140625,62708.94140625,3080192
2026-06-11 15:26:00+00:00,62694.0390625,62698.46875,62661.83984375,62693.3203125,22353920
2026-06-11 15:27:00+00:00,62683.55078125,62700.01171875,62660.671875,62700.01171875,0
2026-06-11 15:28:00+00:00,62643.0,62691.609375,62643.0,62680.6796875,0
2026-06-11 15:29:00+00:00,62663.33984375,62670.0,62630.80078125,62655.33984375,0
2026-06-11 15:30:00+00:00,62605.37890625,62670.578125,62605.37890625,62657.37109375,0
2026-06-11 15:31:00+00:00,62601.390625,62605.98046875,62566.05078125,62605.98046875,88963072
2026-06-11 15:32:00+00:00,62646.0390625,62646.0390625,62612.0390625,62616.46875,0
2026-06-11 15:33:00+00:00,62649.01953125,62650.08984375,62608.8984375,62648.94140625,0
2026-06-11 15:34:00+00:00,62670.01953125,62693.23046875,62668.109375,62668.109375,0
2026-06-11 15:35:00+00:00,62741.73046875,62763.44921875,62678.98828125,62684.109375,0
2026-06-11 15:36:00+00:00,62767.71875,62768.01953125,62705.66015625,62728.9296875,223232
2026-06-11 15:37:00+00:00,62793.96875,62793.96875,62759.1796875,62759.1796875,0
2026-06-11 15:38:00+00:00,62781.53125,62788.62109375,62746.5390625,62788.0,135497728
2026-06-11 15:39:00+00:00,62763.078125,62804.4296875,62763.078125,62804.4296875,0
2026-06-11 15:40:00+00:00,62798.0,62798.0,62752.9296875,62752.9296875,11067392
2026-06-11 15:41:00+00:00,62740.3515625,62787.44140625,62736.640625,62787.44140625,0
2026-06-11 15:42:00+00:00,62718.3515625,62752.890625,62702.66015625,62739.75,3442688
2026-06-11 15:43:00+00:00,62643.01171875,62740.328125,62643.01171875,62724.6484375,0
2026-06-11 15:44:00+00:00,62611.96875,62660.078125,62611.3984375,62658.69140625,76605440
2026-06-11 15:45:00+00:00,62549.51171875,62621.078125,62539.37890625,62621.01953125,0
2026-06-11 15:46:00+00:00,62629.6484375,62629.6484375,62562.5390625,62575.0,0
2026-06-11 15:47:00+00:00,62643.98828125,62658.671875,62627.71875,62629.0,444227584
2026-06-11 15:48:00+00:00,62583.01953125,62643.0,62542.53125,62643.0,0
2026-06-11 15:49:00+00:00,62564.48828125,62605.2890625,62555.171875,62585.30078125,0
2026-06-11 15:50:00+00:00,62552.0390625,62561.9296875,62542.5390625,62558.3203125,0
2026-06-11 15:51:00+00:00,62573.8984375,62585.05078125,62555.16015625,62555.16015625,0
2026-06-11 15:52:00+00:00,62533.078125,62582.96875,62514.76171875,62578.1015625,81090560
2026-06-11 15:53:00+00:00,62521.01953125,62529.94921875,62500.01171875,62517.87890625,0
2026-06-11 15:54:00+00:00,62570.76953125,62578.0,62532.48046875,62532.48046875,53225472
2026-06-11 15:55:00+00:00,62590.078125,62590.078125,62525.828125,62536.0,0
2026-06-11 15:56:00+00:00,62620.328125,62620.328125,62568.96875,62578.08984375,0
2026-06-11 15:57:00+00:00,62634.1484375,62642.23046875,62601.98046875,62611.6796875,80277504
2026-06-11 15:58:00+00:00,62650.7890625,62650.7890625,62627.46875,62629.73046875,0
2026-06-11 15:59:00+00:00,62680.48828125,62680.48828125,62640.87890625,62640.87890625,19408896
2026-06-11 16:00:00+00:00,62718.3515625,62724.44921875,62693.25,62693.25,0
2026-06-11 16:01:00+00:00,62685.12109375,62737.19140625,62683.8203125,62724.03125,0
2026-06-11 16:02:00+00:00,62676.23828125,62682.26953125,62659.80078125,62677.75,0
2026-06-11 16:03:00+00:00,62641.12890625,62690.1015625,62639.859375,62690.1015625,0
2026-06-11 16:04:00+00:00,62614.75,62633.26171875,62605.94921875,62630.44140625,0
2026-06-11 16:05:00+00:00,62661.80859375,62661.80859375,62603.78125,62621.69921875,0
2026-06-11 16:06:00+00:00,62730.328125,62738.01171875,62661.8203125,62661.8203125,0
2026-06-11 16:07:00+00:00,62759.98046875,62764.21875,62724.76171875,62726.30078125,85526528
2026-06-11 16:08:00+00:00,62751.98828125,62752.8984375,62724.6484375,62752.8984375,0
2026-06-11 16:09:00+00:00,62664.98046875,62736.8203125,62664.98046875,62736.8203125,85702656
2026-06-11 16:10:00+00:00,62661.828125,62706.328125,62658.7109375,62668.12109375,0
2026-06-11 16:11:00+00:00,62684.51171875,62692.7890625,62664.0,62669.640625,0
2026-06-11 16:12:00+00:00,62699.51171875,62699.51171875,62678.01171875,62679.91015625,22452224
2026-06-11 16:13:00+00:00,62692.3515625,62712.08984375,62687.1015625,62702.6484375,0
2026-06-11 16:14:00+00:00,62743.48046875,62754.0,62694.87109375,62694.87109375,0
2026-06-11 16:15:00+00:00,62736.8984375,62765.44921875,62721.5390625,62762.30859375,0
2026-06-11 16:16:00+00:00,62752.8984375,62752.8984375,62724.640625,62730.87890625,3018752
2026-06-11 16:17:00+00:00,62737.19921875,62744.01953125,62710.421875,62744.01953125,0
2026-06-11 16:18:00+00:00,62740.328125,62751.94921875,62723.7890625,62750.921875,3350528
2026-06-11 16:19:00+00:00,62734.12109375,62747.5390625,62721.5,62747.5390625,768000
2026-06-11 16:20:00+00:00,62695.98046875,62746.609375,62695.98046875,62746.609375,0
2026-06-11 16:21:00+00:00,62632.05859375,62733.8515625,62632.05859375,62693.26171875,566247424
2026-06-11 16:22:00+00:00,62591.01953125,62645.05859375,62591.01953125,62642.28125,0
2026-06-11 16:23:00+00:00,62562.41015625,62609.80078125,62562.41015625,62580.3984375,73631744
2026-06-11 16:24:00+00:00,62537.41015625,62564.48828125,62537.41015625,62563.8203125,5019648
2026-06-11 16:25:00+00:00,62499.51953125,62549.98046875,62499.51953125,62540.33984375,0
2026-06-11 16:26:00+00:00,62544.01171875,62558.2109375,62514.26171875,62514.26171875,23359488
2026-06-11 16:27:00+00:00,62547.94921875,62561.05859375,62536.23828125,62544.6015625,1515520
2026-06-11 16:28:00+00:00,62564.5,62579.94140625,62541.1015625,62541.1015625,0
2026-06-11 16:29:00+00:00,62558.0,62586.828125,62555.359375,62571.01171875,52275200
2026-06-11 16:30:00+00:00,62533.05859375,62570.58984375,62531.828125,62542.53125,0
2026-06-11 16:31:00+00:00,62514.26171875,62541.26171875,62514.26171875,62517.3984375,92141568
2026-06-11 16:32:00+00:00,62545.62890625,62545.62890625,62486.0,62486.0,159143936
2026-06-11 16:33:00+00:00,62593.75,62593.75,62538.640625,62558.21875,0
2026-06-11 16:34:00+00:00,62621.91015625,62653.5390625,62602.51953125,62616.9609375,0
2026-06-11 16:35:00+00:00,62647.609375,62657.71875,62591.0,62611.6015625,0
2026-06-11 16:36:00+00:00,62715.21875,62715.21875,62644.80859375,62644.80859375,125153280
2026-06-11 16:37:00+00:00,62693.19921875,62740.3984375,62693.19921875,62723.96875,10594304
2026-06-11 16:38:00+00:00,62682.23046875,62686.9609375,62646.73046875,62683.2890625,0
2026-06-11 16:39:00+00:00,62646.12890625,62674.3984375,62637.48046875,62674.3984375,0
2026-06-11 16:40:00+00:00,62617.94140625,62668.94921875,62617.69140625,62658.69140625,91686912
2026-06-11 16:41:00+00:00,62585.890625,62637.98828125,62585.890625,62635.01953125,0
2026-06-11 16:42:00+00:00,62604.98046875,62608.33984375,62569.94921875,62583.98828125,0
2026-06-11 16:43:00+00:00,62597.859375,62631.87890625,62594.640625,62605.01953125,0
2026-06-11 16:44:00+00:00,62584.80078125,62603.91015625,62568.26953125,62602.48828125,21159936
2026-06-11 16:45:00+00:00,62548.96875,62613.8203125,62548.96875,62583.44921875,147087360
2026-06-11 16:46:00+00:00,62551.9296875,62573.921875,62539.37890625,62540.94140625,0
2026-06-11 16:47:00+00:00,62555.26953125,62561.33984375,62537.8984375,62552.55859375,167806976
2026-06-11 16:48:00+00:00,62600.0,62605.30859375,62573.921875,62583.328125,0
2026-06-11 16:49:00+00:00,62545.98046875,62600.8515625,62529.23828125,62600.8515625,0
2026-06-11 16:50:00+00:00,62550.890625,62556.6015625,62511.171875,62556.6015625,0
2026-06-11 16:51:00+00:00,62536.23828125,62561.26953125,62533.53125,62561.26953125,0
2026-06-11 16:52:00+00:00,62528.140625,62545.44921875,62503.96875,62533.1015625,0
2026-06-11 16:53:00+00:00,62554.55859375,62567.640625,62526.01171875,62526.80859375,0
2026-06-11 16:54:00+00:00,62545.66015625,62580.19921875,62545.66015625,62567.640625,0
2026-06-11 16:55:00+00:00,62509.25,62547.23828125,62505.98046875,62547.23828125,0
2026-06-11 16:56:00+00:00,62516.5,62536.3984375,62507.98046875,62508.609375,6537216
2026-06-11 16:57:00+00:00,62513.12890625,62521.96875,62505.01171875,62516.48046875,0
2026-06-11 16:58:00+00:00,62506.328125,62516.28125,62506.328125,62511.859375,0
2026-06-11 16:59:00+00:00,62494.26171875,62522.94921875,62494.26171875,62503.109375,0
2026-06-11 17:00:00+00:00,62487.73828125,62496.98828125,62473.44921875,62491.96875,0
2026-06-11 17:01:00+00:00,62503.9609375,62518.73046875,62497.98046875,62497.98046875,0
2026-06-11 17:02:00+00:00,62467.44921875,62515.78125,62467.44921875,62515.78125,0
2026-06-11 17:03:00+00:00,62328.8984375,62464.03125,62328.8984375,62464.03125,0
2026-06-11 17:04:00+00:00,62350.98046875,62350.98046875,62296.41015625,62319.578125,97818624
2026-06-11 17:05:00+00:00,62394.078125,62396.44921875,62376.171875,62376.171875,0
2026-06-11 17:06:00+00:00,62398.0703125,62427.2890625,62389.76171875,62404.5390625,54517760
2026-06-11 17:07:00+00:00,62436.75,62440.0,62391.7890625,62407.5,0
2026-06-11 17:08:00+00:00,62411.73046875,62437.62109375,62404.41015625,62430.828125,549058560
2026-06-11 17:09:00+00:00,62432.71875,62446.01953125,62411.26171875,62411.26171875,83361792
2026-06-11 17:10:00+00:00,62467.171875,62485.98828125,62423.76953125,62440.0,6719488
2026-06-11 17:11:00+00:00,62432.62890625,62469.8515625,62432.62890625,62469.80078125,47337472
2026-06-11 17:12:00+00:00,62366.69140625,62448.01953125,62366.69140625,62437.41015625,0
2026-06-11 17:13:00+00:00,62373.5390625,62387.25,62350.98046875,62350.98046875,382976
2026-06-11 17:14:00+00:00,62386.94921875,62399.9296875,62385.76171875,62397.41015625,43100160
2026-06-11 17:15:00+00:00,62400.0,62400.0,62325.8984375,62360.01171875,0
2026-06-11 17:16:00+00:00,62432.0,62432.0,62401.21875,62401.21875,0
2026-06-11 17:17:00+00:00,62412.0,62416.01171875,62398.078125,62410.6484375,0
2026-06-11 17:18:00+00:00,62319.578125,62389.078125,62319.578125,62382.69140625,0
2026-06-11 17:19:00+00:00,62317.05859375,62351.98828125,62316.921875,62316.921875,126943232
2026-06-11 17:20:00+00:00,62339.171875,62341.69921875,62281.8984375,62320.578125,4966400
2026-06-11 17:21:00+00:00,62293.421875,62346.98828125,62284.0,62339.19140625,0
2026-06-11 17:22:00+00:00,62285.0390625,62322.71875,62266.4296875,62307.98046875,1189888
2026-06-11 17:23:00+00:00,62315.01171875,62324.71875,62280.7890625,62280.7890625,0
2026-06-11 17:24:00+00:00,62332.12890625,62332.12890625,62277.37109375,62315.4296875,0
2026-06-11 17:25:00+00:00,62315.0,62336.01171875,62294.4609375,62333.08984375,0
2026-06-11 17:26:00+00:00,62266.921875,62325.8515625,62266.921875,62325.8515625,0
2026-06-11 17:27:00+00:00,62294.76171875,62295.75,62261.91015625,62274.73828125,2123776
2026-06-11 17:28:00+00:00,62611.80078125,62611.80078125,62289.6484375,62294.76953125,0
2026-06-11 17:29:00+00:00,62867.73828125,62867.73828125,62572.73828125,62572.73828125,88467456
2026-06-11 17:30:00+00:00,62984.25,63024.421875,62901.98828125,62975.2109375,0
2026-06-11 17:31:00+00:00,63134.71875,63143.859375,62932.01171875,62951.8984375,17143808
2026-06-11 17:32:00+00:00,63389.98828125,63389.98828125,63166.05859375,63185.0,134053888
2026-06-11 17:33:00+00:00,63215.98046875,63383.171875,63215.98046875,63383.171875,28461056
2026-06-11 17:34:00+00:00,63210.3984375,63215.73046875,63115.0,63209.48046875,0
2026-06-11 17:35:00+00:00,63174.078125,63193.26171875,63065.05078125,63169.1484375,970348544
2026-06-11 17:36:00+00:00,63058.5,63163.53125,63058.5,63144.44921875,58380288
2026-06-11 17:37:00+00:00,63126.609375,63153.94921875,63063.390625,63095.98828125,19304448
2026-06-11 17:38:00+00:00,63165.26171875,63165.26171875,63098.73828125,63136.0,0
2026-06-11 17:39:00+00:00,63149.7109375,63180.0,63113.2109375,63147.75,0
2026-06-11 17:40:00+00:00,63237.98828125,63237.98828125,63151.76953125,63154.37890625,7333888
2026-06-11 17:41:00+00:00,63302.44140625,63302.44140625,63245.41015625,63245.41015625,377153536
2026-06-11 17:42:00+00:00,63265.921875,63313.3203125,63232.76171875,63301.55859375,3737600
2026-06-11 17:43:00+00:00,63236.1015625,63274.140625,63219.44140625,63269.23046875,0
2026-06-11 17:44:00+00:00,63258.87890625,63265.9296875,63219.94921875,63242.6796875,0
2026-06-11 17:45:00+00:00,63371.8515625,63371.8515625,63267.48046875,63267.48046875,0
2026-06-11 17:46:00+00:00,63277.69140625,63364.12109375,63273.5703125,63364.12109375,2418688
2026-06-11 17:47:00+00:00,63371.73828125,63400.0,63285.171875,63285.171875,20987904
2026-06-11 17:48:00+00:00,63409.7890625,63450.62890625,63392.0703125,63392.0703125,5206016
2026-06-11 17:49:00+00:00,63524.01171875,63530.01171875,63319.0390625,63390.0,0
2026-06-11 17:50:00+00:00,63405.3515625,63514.921875,63405.3515625,63505.98046875,4567040
2026-06-11 17:51:00+00:00,63467.3984375,63482.75,63375.8515625,63410.3515625,183824384
2026-06-11 17:52:00+00:00,63419.08984375,63518.578125,63419.08984375,63478.3984375,13678592
2026-06-11 17:53:00+00:00,63379.4609375,63432.01171875,63374.01953125,63425.26953125,0
2026-06-11 17:54:00+00:00,63388.73828125,63388.73828125,63345.4296875,63384.328125,8169472
2026-06-11 17:55:00+00:00,63380.62109375,63414.421875,63364.0,63391.4296875,0
2026-06-11 17:56:00+00:00,63326.5390625,63372.3984375,63303.94921875,63372.3984375,0
2026-06-11 17:57:00+00:00,63395.3984375,63396.921875,63334.1484375,63344.109375,0
2026-06-11 17:58:00+00:00,63468.01171875,63482.0703125,63396.33984375,63418.62109375,4640768
2026-06-11 17:59:00+00:00,63555.55078125,63555.55078125,63450.2890625,63477.12890625,1134540800
2026-06-11 18:00:00+00:00,63589.98828125,63626.671875,63546.71875,63556.01171875,0
2026-06-11 18:01:00+00:00,63665.140625,63665.140625,63586.01171875,63586.01171875,44548096
2026-06-11 18:02:00+00:00,63542.0,63709.69921875,63542.0,63670.96875,0
2026-06-11 18:03:00+00:00,63523.26953125,63639.4296875,63502.9296875,63561.1796875,0
2026-06-11 18:04:00+00:00,63441.87890625,63522.0,63422.80859375,63522.0,13457408
2026-06-11 18:05:00+00:00,63342.30078125,63442.8984375,63342.30078125,63442.8984375,0
2026-06-11 18:06:00+00:00,63339.98828125,63364.01171875,63306.078125,63357.73828125,281921536
2026-06-11 18:07:00+00:00,63331.48046875,63352.03125,63306.359375,63328.6796875,64985088
2026-06-11 18:08:00+00:00,63298.44140625,63345.6015625,63292.921875,63313.66015625,53088256
2026-06-11 18:09:00+00:00,63304.0,63312.03125,63258.6484375,63261.9609375,7356416
2026-06-11 18:10:00+00:00,63286.8203125,63313.12109375,63258.0703125,63313.12109375,0
2026-06-11 18:11:00+00:00,63361.12109375,63379.2890625,63252.640625,63284.01171875,0
2026-06-11 18:12:00+00:00,63385.44921875,63430.46875,63378.55859375,63378.55859375,197867520
2026-06-11 18:13:00+00:00,63375.46875,63390.69140625,63358.23046875,63382.109375,97888256
2026-06-11 18:14:00+00:00,63398.6796875,63400.0703125,63360.26171875,63374.66015625,0
2026-06-11 18:15:00+00:00,63499.98828125,63499.98828125,63395.41015625,63402.01171875,0
2026-06-11 18:16:00+00:00,63519.140625,63534.55078125,63499.23828125,63501.6796875,0
2026-06-11 18:17:00+00:00,63506.55859375,63508.28125,63452.98828125,63508.28125,76623872
2026-06-11 18:18:00+00:00,63438.3515625,63504.7109375,63428.609375,63493.828125,100204544
2026-06-11 18:19:00+00:00,63493.640625,63520.0,63418.66015625,63442.76171875,3248128
2026-06-11 18:20:00+00:00,63456.01171875,63501.6484375,63445.44140625,63495.9296875,23287808
2026-06-11 18:21:00+00:00,63457.23046875,63520.0,63457.23046875,63475.0703125,0
2026-06-11 18:22:00+00:00,63331.87109375,63458.78125,63292.7890625,63458.78125,0
2026-06-11 18:23:00+00:00,63333.6015625,63358.19921875,63297.9609375,63350.55078125,4655104
2026-06-11 18:24:00+00:00,63321.98046875,63335.6484375,63277.76171875,63308.33984375,0
2026-06-11 18:25:00+00:00,63346.58984375,63348.9296875,63315.6796875,63315.6796875,0
2026-06-11 18:26:00+00:00,63348.91015625,63367.01953125,63335.94921875,63362.1484375,0
2026-06-11 18:27:00+00:00,63368.828125,63374.96875,63348.0,63374.96875,108767232
2026-06-11 18:28:00+00:00,63345.44921875,63347.9609375,63286.01171875,63347.9609375,0
2026-06-11 18:29:00+00:00,63305.98046875,63341.0703125,63292.8515625,63330.87109375,65892352
2026-06-11 18:30:00+00:00,63381.78125,63381.78125,63309.8515625,63314.80078125,3106816
2026-06-11 18:31:00+00:00,63367.98828125,63390.3515625,63363.96875,63383.94921875,43008
2026-06-11 18:32:00+00:00,63316.76171875,63363.76953125,63305.98828125,63363.76953125,0
2026-06-11 18:33:00+00:00,63378.01171875,63382.05859375,63299.12890625,63325.98828125,0
2026-06-11 18:34:00+00:00,63355.55078125,63389.16015625,63355.55078125,63377.9296875,13170688
2026-06-11 18:35:00+00:00,63368.5703125,63380.0,63359.96875,63369.05859375,154972160
2026-06-11 18:36:00+00:00,63448.53125,63448.53125,63373.73046875,63373.73046875,1662976
2026-06-11 18:37:00+00:00,63435.94921875,63450.0,63427.83984375,63438.8515625,0
2026-06-11 18:38:00+00:00,63425.28125,63442.87890625,63415.328125,63418.640625,152326144
2026-06-11 18:39:00+00:00,63449.66015625,63462.5,63427.98046875,63433.859375,0
2026-06-11 18:40:00+00:00,63431.921875,63473.37109375,63431.921875,63445.3515625,0
2026-06-11 18:41:00+00:00,63432.12890625,63458.2109375,63424.671875,63433.640625,0
2026-06-11 18:42:00+00:00,63425.2890625,63437.75,63418.96875,63428.55078125,0
2026-06-11 18:43:00+00:00,63470.01953125,63470.01953125,63425.28125,63425.28125,3520512
2026-06-11 18:44:00+00:00,63468.6484375,63470.01953125,63453.5390625,63470.01953125,0
2026-06-11 18:45:00+00:00,63448.51171875,63474.83984375,63436.58984375,63462.0,0
2026-06-11 18:46:00+00:00,63457.9296875,63466.05859375,63448.51953125,63455.3984375,54341632
2026-06-11 18:47:00+00:00,63496.1015625,63496.1015625,63451.51953125,63458.48046875,0
2026-06-11 18:48:00+00:00,63458.48046875,63489.96875,63448.921875,63487.19921875,0
2026-06-11 18:49:00+00:00,63437.98046875,63449.66015625,63410.26953125,63441.87890625,93806592
2026-06-11 18:50:00+00:00,63433.828125,63461.80078125,63433.828125,63445.19921875,35100672
2026-06-11 18:51:00+00:00,63409.98046875,63435.0703125,63409.98046875,63413.87109375,11935744
2026-06-11 18:52:00+00:00,63468.44140625,63468.44140625,63417.9296875,63417.9296875,0
2026-06-11 18:53:00+00:00,63480.0,63492.87109375,63456.6015625,63467.98828125,0
2026-06-11 18:54:00+00:00,63438.5703125,63478.01953125,63438.5703125,63478.01953125,0
2026-06-11 18:55:00+00:00,63420.53125,63440.828125,63418.640625,63440.828125,0
2026-06-11 18:56:00+00:00,63463.98828125,63467.30859375,63411.98046875,63431.94921875,0
2026-06-11 18:57:00+00:00,63454.62890625,63461.80078125,63445.19921875,63458.48046875,0
2026-06-11 18:58:00+00:00,63427.98046875,63466.5703125,63425.3984375,63451.87109375,0
2026-06-11 18:59:00+00:00,63384.12109375,63415.55078125,63381.98828125,63415.55078125,1413120
2026-06-11 19:00:00+00:00,63412.609375,63412.609375,63348.921875,63384.921875,411648
2026-06-11 19:01:00+00:00,63458.48828125,63471.76171875,63402.03125,63404.12890625,0
2026-06-11 19:02:00+00:00,63485.87109375,63521.578125,63458.48046875,63458.48046875,0
2026-06-11 19:03:00+00:00,63440.1015625,63486.55859375,63428.109375,63486.55859375,0
2026-06-11 19:04:00+00:00,63419.94140625,63450.01171875,63419.94140625,63436.2109375,80838656
2026-06-11 19:05:00+00:00,63422.640625,63445.19140625,63422.640625,63426.78125,0
2026-06-11 19:06:00+00:00,63417.9609375,63433.8515625,63389.66015625,63430.37890625,0
2026-06-11 19:07:00+00:00,63392.078125,63417.30078125,63392.078125,63413.21875,97888256
2026-06-11 19:08:00+00:00,63329.26953125,63404.19921875,63329.26953125,63394.23828125,606640128
2026-06-11 19:09:00+00:00,63358.78125,63385.05078125,63348.37109375,63352.23046875,0
2026-06-11 19:10:00+00:00,63382.171875,63404.33984375,63352.640625,63352.640625,0
2026-06-11 19:11:00+00:00,63354.23046875,63389.2109375,63320.1484375,63372.0,0
2026-06-11 19:12:00+00:00,63449.01953125,63503.328125,63371.1796875,63371.1796875,0
2026-06-11 19:13:00+00:00,63454.98046875,63471.75,63386.8984375,63461.80078125,85579776
2026-06-11 19:14:00+00:00,63461.80078125,63493.7890625,63438.55859375,63438.55859375,0
2026-06-11 19:15:00+00:00,63509.8203125,63509.8203125,63464.0,63464.0,249939968
2026-06-11 19:16:00+00:00,63536.98046875,63541.01171875,63515.94140625,63515.94140625,4390912
2026-06-11 19:17:00+00:00,63593.87109375,63598.19140625,63528.19921875,63531.51953125,82855936
2026-06-11 19:18:00+00:00,63587.94921875,63619.23828125,63587.94921875,63598.01171875,7301120
2026-06-11 19:19:00+00:00,63561.3984375,63583.91015625,63538.98046875,63583.91015625,0
2026-06-11 19:20:00+00:00,63578.48828125,63625.71875,63578.48828125,63587.94921875,0
2026-06-11 19:21:00+00:00,63568.0390625,63587.2109375,63561.80078125,63578.4609375,35037184
2026-06-11 19:22:00+00:00,63587.78125,63601.23828125,63571.359375,63584.62890625,9625600
2026-06-11 19:23:00+00:00,63617.828125,63627.80078125,63594.609375,63604.828125,119775232
2026-06-11 19:24:00+00:00,63609.8984375,63625.12109375,63601.25,63611.26171875,0
2026-06-11 19:25:00+00:00,63596.3515625,63605.98828125,63558.078125,63605.98828125,0
2026-06-11 19:26:00+00:00,63607.87109375,63607.87109375,63554.87890625,63591.2890625,128886784
2026-06-11 19:27:00+00:00,63551.44921875,63601.1015625,63533.66015625,63601.1015625,3915776
2026-06-11 19:28:00+00:00,63553.55078125,63558.0703125,63529.44921875,63546.890625,4722688
2026-06-11 19:29:00+00:00,63524.890625,63564.8984375,63524.87890625,63555.98828125,23193600
2026-06-11 19:30:00+00:00,63819.01171875,63819.01171875,63528.30078125,63528.30078125,0
2026-06-11 19:31:00+00:00,63744.0390625,63783.1015625,63720.73046875,63760.6015625,2850816
2026-06-11 19:32:00+00:00,63810.828125,63828.609375,63747.3203125,63747.328125,0
2026-06-11 19:33:00+00:00,63833.078125,63833.078125,63760.609375,63780.87109375,84520960
2026-06-11 19:34:00+00:00,63675.62890625,63817.98046875,63664.3203125,63817.98046875,0
2026-06-11 19:35:00+00:00,63700.921875,63712.0703125,63636.0,63656.76171875,0
2026-06-11 19:36:00+00:00,63691.98828125,63719.33984375,63674.28125,63704.16015625,215056384
2026-06-11 19:37:00+00:00,63736.98828125,63757.48828125,63676.0,63693.6796875,56571904
2026-06-11 19:38:00+00:00,63665.0,63720.48046875,63665.0,63720.48046875,0
2026-06-11 19:39:00+00:00,63604.78125,63682.359375,63604.78125,63680.37890625,0
2026-06-11 19:40:00+00:00,63676.94140625,63676.94140625,63624.609375,63639.62109375,0
2026-06-11 19:41:00+00:00,63724.12109375,63724.12109375,63697.140625,63697.140625,1638400
2026-06-11 19:42:00+00:00,63726.87109375,63740.6796875,63715.19140625,63720.80859375,0
2026-06-11 19:43:00+00:00,63706.21875,63728.23046875,63693.7890625,63726.87109375,7780352
2026-06-11 19:44:00+00:00,63621.19140625,63690.6015625,63611.2109375,63690.6015625,201191424
2026-06-11 19:45:00+00:00,63607.73828125,63629.8515625,63600.0,63629.8515625,1830912
2026-06-11 19:46:00+00:00,63579.7109375,63626.8984375,63579.44140625,63618.94140625,0
2026-06-11 19:47:00+00:00,63649.80078125,63649.80078125,63585.921875,63585.921875,101814272
2026-06-11 19:48:00+00:00,63667.05859375,63667.05859375,63622.01171875,63651.53125,5869568
2026-06-11 19:49:00+00:00,63623.0703125,63654.5703125,63615.8515625,63654.5390625,2562048
2026-06-11 19:50:00+00:00,63583.98828125,63631.53125,63563.98828125,63631.53125,81979392
2026-06-11 19:51:00+00:00,63639.109375,63639.109375,63575.98046875,63585.96875,0
2026-06-11 19:52:00+00:00,63606.66015625,63634.87109375,63588.0,63634.83984375,0
2026-06-11 19:53:00+00:00,63626.1484375,63626.1484375,63592.87890625,63598.6796875,0
2026-06-11 19:54:00+00:00,63628.12890625,63636.01171875,63611.98828125,63626.55078125,155297792
2026-06-11 19:55:00+00:00,63609.25,63609.25,63568.1796875,63604.55859375,0
2026-06-11 19:56:00+00:00,63594.3515625,63609.23828125,63594.3203125,63603.30859375,0
2026-06-11 19:57:00+00:00,63607.80859375,63607.80859375,63569.98828125,63578.0,0
2026-06-11 19:58:00+00:00,63573.53125,63608.12890625,63571.078125,63608.12890625,2045952
2026-06-11 19:59:00+00:00,63560.98828125,63589.98828125,63542.0,63556.0,0
2026-06-11 20:00:00+00:00,63491.66015625,63584.23828125,63490.55859375,63584.23828125,0
2026-06-11 20:01:00+00:00,63532.12109375,63532.12109375,63489.12890625,63489.12890625,21899264
2026-06-11 20:02:00+00:00,63575.26953125,63588.01171875,63514.69921875,63530.87890625,0
2026-06-11 20:03:00+00:00,63561.328125,63594.7890625,63538.171875,63575.26171875,0
2026-06-11 20:04:00+00:00,63549.37109375,63576.0,63541.48046875,63564.30078125,11567104
2026-06-11 20:05:00+00:00,63588.03125,63597.91015625,63554.76171875,63568.03125,10856448
2026-06-11 20:06:00+00:00,63547.9609375,63592.01171875,63547.9609375,63584.6796875,99416064
2026-06-11 20:07:00+00:00,63524.0,63551.8515625,63504.9609375,63551.46875,0
2026-06-11 20:08:00+00:00,63509.98828125,63524.87890625,63483.01171875,63504.9609375,9500672
2026-06-11 20:09:00+00:00,63513.109375,63516.0,63501.94921875,63506.71875,0
2026-06-11 20:10:00+00:00,63456.30078125,63491.6796875,63455.16015625,63491.6796875,0
2026-06-11 20:11:00+00:00,63464.69140625,63464.69140625,63428.0390625,63450.01171875,20279296
2026-06-11 20:12:00+00:00,63468.44921875,63472.28125,63464.7109375,63464.7109375,0
2026-06-11 20:13:00+00:00,63456.01171875,63478.3984375,63441.87890625,63478.3984375,0
2026-06-11 20:14:00+00:00,63468.3984375,63480.01171875,63455.98046875,63455.98046875,89456640
2026-06-11 20:15:00+00:00,63448.640625,63479.94140625,63443.12890625,63468.3984375,538624
2026-06-11 20:16:00+00:00,63468.4296875,63468.4296875,63441.83984375,63441.890625,0
2026-06-11 20:17:00+00:00,63486.44140625,63486.44140625,63459.0703125,63462.9609375,0
2026-06-11 20:18:00+00:00,63468.1015625,63483.12109375,63465.12109375,63466.44140625,98240512
2026-06-11 20:19:00+00:00,63472.30859375,63488.76953125,63472.30859375,63488.76953125,0
2026-06-11 20:20:00+00:00,63473.48046875,63481.7109375,63473.48046875,63479.3515625,92114944
2026-06-11 20:21:00+00:00,63421.9609375,63481.1484375,63421.9609375,63476.859375,5093376
2026-06-11 20:22:00+00:00,63412.0390625,63418.640625,63400.37109375,63418.640625,731136
2026-06-11 20:23:00+00:00,63431.8515625,63431.8515625,63415.46875,63421.359375,0
2026-06-11 20:24:00+00:00,63425.2890625,63435.23046875,63421.51171875,63424.0,0
2026-06-11 20:25:00+00:00,63388.76953125,63422.98046875,63388.76953125,63422.98046875,0
2026-06-11 20:26:00+00:00,63387.41015625,63398.76953125,63386.03125,63388.75,111028224
2026-06-11 20:27:00+00:00,63351.8984375,63380.91015625,63351.8984375,63368.83984375,2371584
2026-06-11 20:28:00+00:00,63294.0,63350.16015625,63262.5,63350.16015625,0
2026-06-11 20:29:00+00:00,63311.30859375,63311.30859375,63292.48828125,63307.03125,219078656
2026-06-11 20:30:00+00:00,63300.0,63307.109375,63282.51953125,63307.109375,0
2026-06-11 20:31:00+00:00,63282.51171875,63323.62890625,63282.51171875,63300.0,0
2026-06-11 20:32:00+00:00,63325.66015625,63325.66015625,63283.7109375,63283.7109375,0
2026-06-11 20:33:00+00:00,63338.6796875,63345.58984375,63303.640625,63315.48828125,0
2026-06-11 20:34:00+00:00,63333.6015625,63349.98828125,63328.109375,63338.6796875,6639616
2026-06-11 20:35:00+00:00,63285.98828125,63332.3203125,63284.0,63332.3203125,72587264
2026-06-11 20:36:00+00:00,63273.91015625,63286.0,63272.55859375,63286.0,0
2026-06-11 20:37:00+00:00,63266.75,63279.26953125,63259.28125,63279.26953125,16320512
2026-06-11 20:38:00+00:00,63270.98828125,63284.01171875,63270.98828125,63279.19921875,152492032
2026-06-11 20:39:00+00:00,63282.51953125,63282.51953125,63258.0,63270.98828125,0
2026-06-11 20:40:00+00:00,63308.01171875,63312.390625,63273.46875,63273.46875,8232960
2026-06-11 20:41:00+00:00,63253.9609375,63304.578125,63253.9609375,63304.578125,19294208
2026-06-11 20:42:00+00:00,63236.94140625,63253.9296875,63232.71875,63253.9296875,61784064
2026-06-11 20:43:00+00:00,63242.25,63253.91015625,63234.23828125,63246.8984375,1705984
2026-06-11 20:44:00+00:00,63226.3203125,63249.48046875,63226.30859375,63242.25,0
2026-06-11 20:45:00+00:00,63232.0,63233.41015625,63205.0,63226.30859375,0
2026-06-11 20:46:00+00:00,63218.3515625,63219.44140625,63210.0,63210.01171875,0
2026-06-11 20:47:00+00:00,63228.8203125,63232.7109375,63213.98828125,63218.3515625,21901312
2026-06-11 20:48:00+00:00,63215.6484375,63228.828125,63212.7109375,63228.828125,9318400
2026-06-11 20:49:00+00:00,63218.0,63223.05078125,63215.6484375,63215.6484375,0
2026-06-11 20:50:00+00:00,63218.6484375,63234.98828125,63218.6484375,63223.05859375,4134912
2026-06-11 20:51:00+00:00,63241.30078125,63241.30078125,63218.640625,63218.640625,0
2026-06-11 20:52:00+00:00,63323.23828125,63323.23828125,63265.8984375,63265.8984375,92708864
2026-06-11 20:53:00+00:00,63319.9609375,63319.9609375,63304.0,63319.9609375,0
2026-06-11 20:54:00+00:00,63337.48046875,63337.48046875,63325.01953125,63327.9296875,0
2026-06-11 20:55:00+00:00,63326.51953125,63329.0,63320.03125,63329.0,7569408
2026-06-11 20:56:00+00:00,63338.9609375,63338.9609375,63320.9296875,63320.9296875,0
2026-06-11 20:57:00+00:00,63339.109375,63344.1796875,63332.359375,63338.94921875,595968
2026-06-11 20:58:00+00:00,63322.140625,63349.01171875,63312.3984375,63349.01171875,2191360
2026-06-11 20:59:00+00:00,63332.0,63344.8203125,63332.0,63337.26953125,0
2026-06-11 21:00:00+00:00,63347.98828125,63349.98828125,63329.01171875,63329.01171875,0
2026-06-11 21:01:00+00:00,63367.98046875,63372.140625,63352.23046875,63352.23046875,5294080
2026-06-11 21:02:00+00:00,63337.76171875,63366.2890625,63337.76171875,63366.2890625,0
2026-06-11 21:03:00+00:00,63336.76953125,63337.76171875,63335.640625,63337.75,2801664
2026-06-11 21:04:00+00:00,63398.71875,63398.71875,63336.76953125,63336.76953125,0
2026-06-11 21:05:00+00:00,63407.87890625,63421.8984375,63393.01171875,63393.01171875,0
2026-06-11 21:06:00+00:00,63398.73046875,63405.359375,63395.1015625,63401.62109375,186099712
2026-06-11 21:07:00+00:00,63405.8984375,63426.01171875,63398.73046875,63398.73046875,6123520
2026-06-11 21:08:00+00:00,63422.01171875,63429.98828125,63408.26953125,63409.01953125,0
2026-06-11 21:09:00+00:00,63412.41015625,63422.921875,63409.98046875,63418.01171875,123764736
2026-06-11 21:10:00+00:00,63412.19921875,63412.5703125,63410.01171875,63412.41015625,0
2026-06-11 21:11:00+00:00,63417.05078125,63417.05078125,63400.0,63400.0,0
2026-06-11 21:12:00+00:00,63424.578125,63427.23828125,63418.94140625,63418.94140625,0
2026-06-11 21:13:00+00:00,63524.87890625,63536.87890625,63454.98828125,63454.98828125,81909760
2026-06-11 21:14:00+00:00,63488.80859375,63521.55859375,63487.73046875,63521.55859375,4388864
2026-06-11 21:15:00+00:00,63473.26953125,63482.37890625,63470.4609375,63471.390625,0
2026-06-11 21:16:00+00:00,63463.98828125,63482.37890625,63451.83984375,63473.26953125,0
2026-06-11 21:17:00+00:00,63460.46875,63471.75,63454.01171875,63460.66015625,0
2026-06-11 21:18:00+00:00,63462.37109375,63463.98828125,63452.01171875,63453.98828125,0
2026-06-11 21:19:00+00:00,63471.5703125,63471.5703125,63459.21875,63462.37109375,17031168
2026-06-11 21:20:00+00:00,63455.16015625,63471.5703125,63455.16015625,63461.80078125,0
2026-06-11 21:21:00+00:00,63460.94921875,63462.94140625,63443.76171875,63449.0,0
2026-06-11 21:22:00+00:00,63481.71875,63481.71875,63460.94921875,63460.94921875,39464960
2026-06-11 21:23:00+00:00,63491.6796875,63503.26953125,63483.33984375,63483.33984375,0
2026-06-11 21:24:00+00:00,63460.359375,63488.359375,63451.83984375,63488.359375,157179904
2026-06-11 21:25:00+00:00,63434.08984375,63445.3203125,63422.26953125,63442.03125,11255808
2026-06-11 21:26:00+00:00,63404.859375,63431.609375,63404.859375,63431.609375,0
2026-06-11 21:27:00+00:00,63404.05859375,63404.05859375,63394.6484375,63399.3984375,0
2026-06-11 21:28:00+00:00,63398.08984375,63407.53125,63382.91015625,63404.05078125,477184
2026-06-11 21:29:00+00:00,63421.94921875,63421.94921875,63400.8984375,63402.23828125,0
2026-06-11 21:30:00+00:00,63438.4609375,63439.171875,63425.28125,63433.4296875,0
2026-06-11 21:31:00+00:00,63441.9609375,63446.30859375,63435.23828125,63438.46875,0
2026-06-11 21:32:00+00:00,63455.1484375,63455.1484375,63432.94140625,63432.94140625,16515072
2026-06-11 21:33:00+00:00,63450.03125,63461.7890625,63450.01953125,63455.16015625,0
2026-06-11 21:34:00+00:00,63432.671875,63450.01953125,63430.0,63450.01953125,652218368
2026-06-11 21:35:00+00:00,63410.46875,63432.671875,63401.16015625,63432.66015625,0
2026-06-11 21:36:00+00:00,63423.8984375,63423.91015625,63410.46875,63410.46875,0
2026-06-11 21:37:00+00:00,63415.3203125,63424.7109375,63415.3203125,63423.8984375,0
2026-06-11 21:38:00+00:00,63456.87890625,63457.55859375,63411.1484375,63411.1484375,886784
2026-06-11 21:39:00+00:00,63465.0,63465.0,63445.3984375,63455.171875,0
2026-06-11 21:40:00+00:00,63426.0390625,63478.3984375,63423.8984375,63465.109375,4235264
2026-06-11 21:41:00+00:00,63438.3203125,63438.3203125,63418.671875,63418.671875,6967296
2026-06-11 21:42:00+00:00,63458.48046875,63467.2890625,63438.30859375,63438.30859375,0
2026-06-11 21:43:00+00:00,63428.6015625,63460.1796875,63428.6015625,63458.48046875,19134464
2026-06-11 21:44:00+00:00,63473.94140625,63473.94140625,63438.55078125,63438.55078125,5799936
2026-06-11 21:45:00+00:00,63471.37109375,63488.921875,63471.37109375,63473.8203125,0
2026-06-11 21:46:00+00:00,63482.05078125,63500.0703125,63471.359375,63471.359375,618496
2026-06-11 21:47:00+00:00,63488.890625,63504.73046875,63471.76171875,63482.05078125,0
2026-06-11 21:48:00+00:00,63508.26953125,63508.26953125,63483.7109375,63487.6796875,0
2026-06-11 21:49:00+00:00,63488.37109375,63512.69140625,63488.359375,63508.28125,0
2026-06-11 21:50:00+00:00,63468.44140625,63488.37109375,63468.44140625,63488.359375,3889152
2026-06-11 21:51:00+00:00,63486.23828125,63486.23828125,63461.80078125,63468.3984375,25966592
2026-06-11 21:52:00+00:00,63498.921875,63501.62890625,63481.28125,63501.62890625,0
2026-06-11 21:53:00+00:00,63480.16015625,63491.30859375,63480.1484375,63490.6015625,0
2026-06-11 21:54:00+00:00,63449.1796875,63478.390625,63438.859375,63475.0,0
2026-06-11 21:55:00+00:00,63416.48046875,63435.23828125,63415.9296875,63435.23828125,0
2026-06-11 21:56:00+00:00,63423.98828125,63423.98828125,63397.03125,63403.98046875,0
2026-06-11 21:57:00+00:00,63411.44140625,63411.46875,63395.3984375,63397.98046875,262699008
2026-06-11 21:58:00+00:00,63439.98828125,63439.98828125,63420.05078125,63420.078125,0
2026-06-11 21:59:00+00:00,63464.01953125,63464.01953125,63411.96875,63440.0,0
2026-06-11 22:00:00+00:00,63498.3203125,63498.3203125,63446.66015625,63446.66015625,0
2026-06-11 22:01:00+00:00,63496.390625,63498.73046875,63479.640625,63498.73046875,0
2026-06-11 22:02:00+00:00,63501.62890625,63520.78125,63471.78125,63511.58984375,7380992
2026-06-11 22:03:00+00:00,63527.98828125,63528.0,63511.6015625,63518.98828125,0
2026-06-11 22:04:00+00:00,63515.6796875,63584.1015625,63515.6796875,63538.16015625,0
2026-06-11 22:05:00+00:00,63547.23828125,63554.73828125,63507.9296875,63516.26171875,24295424
2026-06-11 22:06:00+00:00,63542.609375,63568.03125,63514.921875,63532.01953125,0
2026-06-11 22:07:00+00:00,63594.0,63594.0,63557.25,63557.26171875,92190720
2026-06-11 22:08:00+00:00,63576.890625,63588.30078125,63569.0,63588.30078125,0
2026-06-11 22:09:00+00:00,63584.640625,63604.55078125,63584.640625,63604.55078125,0
2026-06-11 22:10:00+00:00,63570.01171875,63578.0,63549.28125,63578.0,6985728
2026-06-11 22:11:00+00:00,63568.359375,63599.98828125,63568.0390625,63570.03125,0
2026-06-11 22:12:00+00:00,63537.94921875,63560.01953125,63524.890625,63558.9296875,186249216
2026-06-11 22:13:00+00:00,63568.03125,63568.03125,63531.51953125,63531.51953125,6846464
2026-06-11 22:14:00+00:00,63570.23828125,63578.0,63561.3984375,63563.828125,0
2026-06-11 22:15:00+00:00,63560.62109375,63574.6796875,63544.80078125,63570.23828125,16519168
2026-06-11 22:16:00+00:00,63580.0,63611.96875,63548.12109375,63554.0,0
2026-06-11 22:17:00+00:00,63591.28125,63604.5703125,63581.12109375,63581.12109375,0
2026-06-11 22:18:00+00:00,63576.30078125,63584.62890625,63575.66015625,63575.66015625,0
2026-06-11 22:19:00+00:00,63577.28125,63583.421875,63565.2890625,63578.1484375,0
2026-06-11 22:20:00+00:00,63561.21875,63577.390625,63556.44140625,63577.390625,1081344
2026-06-11 22:21:00+00:00,63550.01171875,63565.25,63550.01171875,63565.25,0
2026-06-11 22:22:00+00:00,63503.26171875,63541.48828125,63499.30859375,63541.48828125,0
2026-06-11 22:23:00+00:00,63504.98828125,63519.62890625,63491.6796875,63496.16015625,0
2026-06-11 22:24:00+00:00,63498.3203125,63515.23828125,63498.3203125,63515.23828125,0
2026-06-11 22:25:00+00:00,63495.01953125,63495.01953125,63472.01171875,63491.1796875,0
2026-06-11 22:26:00+00:00,63493.48828125,63502.3984375,63488.359375,63488.37109375,0
2026-06-11 22:27:00+00:00,63497.96875,63497.96875,63488.359375,63489.6796875,0
2026-06-11 22:28:00+00:00,63504.51171875,63504.51171875,63481.62890625,63499.671875,3487744
2026-06-11 22:29:00+00:00,63532.0,63540.44140625,63513.28125,63513.28125,0
2026-06-11 22:30:00+00:00,63544.890625,63545.30078125,63519.19140625,63529.26953125,0
2026-06-11 22:31:00+00:00,63538.171875,63576.0,63538.171875,63556.390625,0
2026-06-11 22:32:00+00:00,63504.96875,63531.421875,63504.94140625,63531.421875,10659840
2026-06-11 22:33:00+00:00,63505.87890625,63516.0,63498.01171875,63498.5390625,0
2026-06-11 22:34:00+00:00,63465.12890625,63523.8984375,63465.12890625,63523.8984375,48216064
2026-06-11 22:35:00+00:00,63495.8984375,63495.91015625,63435.23828125,63440.01171875,0
2026-06-11 22:36:00+00:00,63513.94921875,63518.03125,63499.5703125,63499.5703125,0
2026-06-11 22:37:00+00:00,63491.98046875,63502.828125,63490.359375,63501.640625,0
2026-06-11 22:38:00+00:00,63457.23828125,63488.9609375,63457.21875,63488.9609375,0
2026-06-11 22:39:00+00:00,63480.4296875,63480.44140625,63451.83984375,63451.83984375,123351040
2026-06-11 22:40:00+00:00,63465.171875,63500.0,63462.78125,63480.4296875,0
2026-06-11 22:41:00+00:00,63445.0,63475.078125,63443.421875,63475.078125,0
2026-06-11 22:42:00+00:00,63439.578125,63451.828125,63438.55859375,63449.75,0
2026-06-11 22:43:00+00:00,63448.51171875,63448.51171875,63431.921875,63433.16015625,0
2026-06-11 22:44:00+00:00,63441.98828125,63451.98828125,63437.8203125,63451.8203125,0
2026-06-11 22:45:00+00:00,63451.828125,63458.0,63437.5703125,63437.5703125,0
2026-06-11 22:46:00+00:00,63418.671875,63451.828125,63412.01953125,63451.828125,0
2026-06-11 22:47:00+00:00,63405.37109375,63418.671875,63405.37109375,63418.671875,0
2026-06-11 22:48:00+00:00,63413.0703125,63413.98828125,63396.76953125,63398.71875,43792384
2026-06-11 22:49:00+00:00,63443.98828125,63465.109375,63413.05859375,63413.05859375,1771520
2026-06-11 22:50:00+00:00,63469.48828125,63475.05859375,63442.828125,63442.828125,0
2026-06-11 22:51:00+00:00,63459.640625,63481.48046875,63459.640625,63479.12890625,0
2026-06-11 22:52:00+00:00,63475.0703125,63475.0703125,63449.69921875,63459.609375,0
2026-06-11 22:53:00+00:00,63466.01171875,63472.0,63455.171875,63472.0,0
2026-06-11 22:54:00+00:00,63479.30078125,63479.30078125,63460.23046875,63461.078125,0
2026-06-11 22:55:00+00:00,63499.98828125,63499.98828125,63479.26953125,63479.30078125,0
2026-06-11 22:56:00+00:00,63469.53125,63513.4609375,63469.53125,63505.01171875,0
2026-06-11 22:57:00+00:00,63492.98828125,63493.0,63473.87109375,63473.87109375,51773440
2026-06-11 22:58:00+00:00,63483.30078125,63485.0390625,63472.01171875,63485.0390625,0
2026-06-11 22:59:00+00:00,63434.30859375,63465.12109375,63434.30859375,63465.12109375,2224128
2026-06-11 23:00:00+00:00,63377.0,63418.640625,63377.0,63418.640625,6432768
2026-06-11 23:01:00+00:00,63372.05078125,63377.0,63358.87890625,63377.0,0
2026-06-11 23:02:00+00:00,63384.12890625,63392.0703125,63340.01171875,63372.30859375,0
2026-06-11 23:03:00+00:00,63344.7109375,63372.16015625,63303.921875,63372.16015625,36927488
2026-06-11 23:04:00+00:00,63362.19921875,63372.16015625,63332.44921875,63332.44921875,0
2026-06-11 23:05:00+00:00,63352.23828125,63372.1484375,63348.4609375,63358.51953125,0
2026-06-11 23:06:00+00:00,63339.76171875,63353.87890625,63335.9296875,63352.23828125,0
2026-06-11 23:07:00+00:00,63333.51953125,63345.58984375,63329.01171875,63331.05859375,0
2026-06-11 23:08:00+00:00,63299.12109375,63331.94140625,63294.62890625,63327.19921875,3139584
2026-06-11 23:09:00+00:00,63292.48046875,63303.98828125,63285.8515625,63303.98828125,26525696
2026-06-11 23:10:00+00:00,63319.0390625,63319.0390625,63288.4609375,63288.4609375,2412544
2026-06-11 23:11:00+00:00,63317.76953125,63319.03125,63300.78125,63313.171875,0
2026-06-11 23:12:00+00:00,63354.7890625,63354.80078125,63312.3984375,63312.3984375,0
2026-06-11 23:13:00+00:00,63329.5390625,63355.48828125,63322.359375,63355.48828125,0
2026-06-11 23:14:00+00:00,63336.1015625,63347.55859375,63332.30859375,63335.0,411648
2026-06-11 23:15:00+00:00,63357.23046875,63357.23046875,63322.53125,63330.0,0
2026-06-11 23:16:00+00:00,63355.8515625,63368.83984375,63335.6484375,63357.21875,0
2026-06-11 23:17:00+00:00,63324.05859375,63358.05078125,63324.05859375,63358.05078125,0
2026-06-11 23:18:00+00:00,63332.12109375,63332.328125,63315.73046875,63324.0390625,0
2026-06-11 23:19:00+00:00,63345.98828125,63356.7109375,63325.98046875,63332.12890625,2811904
2026-06-11 23:20:00+00:00,63329.0,63356.7109375,63327.44140625,63355.55859375,0
2026-06-11 23:21:00+00:00,63322.37109375,63337.16015625,63322.37109375,63329.96875,0
2026-06-11 23:22:00+00:00,63360.0,63364.1796875,63324.671875,63324.671875,0
2026-06-11 23:23:00+00:00,63363.21875,63363.28125,63349.8984375,63361.05859375,0
2026-06-11 23:24:00+00:00,63332.83984375,63363.21875,63319.0,63363.21875,0
2026-06-11 23:25:00+00:00,63320.37890625,63343.1015625,63320.08984375,63329.25,0
2026-06-11 23:26:00+00:00,63341.96875,63347.9609375,63320.37890625,63320.37890625,0
2026-06-11 23:27:00+00:00,63305.76953125,63355.6796875,63305.76953125,63347.9609375,157079552
2026-06-11 23:28:00+00:00,63311.80859375,63312.0,63305.76953125,63305.76953125,0
2026-06-11 23:29:00+00:00,63314.671875,63323.51953125,63310.76171875,63310.98828125,34252800
2026-06-11 23:30:00+00:00,63337.1796875,63341.3203125,63315.53125,63315.53125,0
2026-06-11 23:31:00+00:00,63401.8203125,63401.8203125,63332.328125,63336.01171875,110592
2026-06-11 23:32:00+00:00,63417.37890625,63431.8984375,63402.05078125,63415.328125,0
2026-06-11 23:33:00+00:00,63455.578125,63455.578125,63396.6015625,63413.53125,0
2026-06-11 23:34:00+00:00,63453.3515625,63457.8203125,63435.23828125,63455.55859375,0
2026-06-11 23:35:00+00:00,63421.9609375,63458.48046875,63421.9609375,63445.19921875,0
2026-06-11 23:36:00+00:00,63435.4296875,63442.76171875,63419.6015625,63421.94921875,5953536
2026-06-11 23:37:00+00:00,63425.28125,63447.421875,63425.28125,63432.05859375,0
2026-06-11 23:38:00+00:00,63435.98046875,63435.98046875,63412.0,63425.28125,0
2026-06-11 23:39:00+00:00,63466.37109375,63466.37890625,63435.2109375,63441.87109375,60760064
2026-06-11 23:40:00+00:00,63605.75,63623.71875,63474.5390625,63474.5390625,1538048
2026-06-11 23:41:00+00:00,63597.96875,63620.01171875,63597.94921875,63602.37109375,0
2026-06-11 23:42:00+00:00,63600.05859375,63600.05859375,63587.9609375,63592.828125,0
2026-06-11 23:43:00+00:00,63568.0390625,63600.05859375,63561.80078125,63600.05859375,18178048
2026-06-11 23:44:00+00:00,63567.078125,63570.2890625,63559.66015625,63568.98828125,0
2026-06-11 23:45:00+00:00,63562.98828125,63584.62890625,63562.98828125,63567.078125,0
2026-06-11 23:46:00+00:00,63574.69140625,63592.37109375,63563.03125,63563.03125,1148928
2026-06-11 23:47:00+00:00,63541.48046875,63587.25,63541.48046875,63562.23046875,0
2026-06-11 23:48:00+00:00,63541.46875,63550.859375,63536.76953125,63541.48046875,62144512
2026-06-11 23:49:00+00:00,63533.33984375,63554.76171875,63533.33984375,63541.46875,0
2026-06-11 23:50:00+00:00,63519.98828125,63521.55859375,63511.828125,63521.55859375,9349120
2026-06-11 23:51:00+00:00,63485.828125,63512.0,63483.16015625,63512.0,0
2026-06-11 23:52:00+00:00,63479.08984375,63484.87109375,63450.2890625,63481.71875,9744384
2026-06-11 23:53:00+00:00,63472.76171875,63485.21875,63458.48828125,63485.21875,0
2026-06-11 23:54:00+00:00,63561.98046875,63566.640625,63472.76171875,63472.76171875,0
2026-06-11 23:55:00+00:00,63562.91015625,63562.91015625,63548.7890625,63560.87109375,0
2026-06-11 23:56:00+00:00,63560.109375,63562.5,63546.8203125,63562.48828125,0
2026-06-11 23:57:00+00:00,63562.26171875,63568.609375,63534.83984375,63559.44140625,0
2026-06-11 23:58:00+00:00,63549.26953125,63569.80078125,63538.01171875,63560.1015625,4337664
