Datetime,Close,High,Low,Open,Volume
2026-06-05 04:00:00+00:00,4468.7998046875,4469.5,4468.7001953125,4468.7001953125,0
2026-06-05 04:01:00+00:00,4469.2001953125,4469.39990234375,4468.7001953125,4469.2001953125,15
2026-06-05 04:02:00+00:00,4470.2998046875,4470.7001953125,4468.0,4468.5,59
2026-06-05 04:03:00+00:00,4469.60009765625,4470.10009765625,4469.0,4470.10009765625,21
2026-06-05 04:04:00+00:00,4468.7001953125,4468.7998046875,4467.2998046875,4468.60009765625,42
2026-06-05 04:05:00+00:00,4469.39990234375,4469.89990234375,4468.60009765625,4468.60009765625,10
2026-06-05 04:06:00+00:00,4469.5,4469.7001953125,4468.89990234375,4469.2998046875,10
2026-06-05 04:07:00+00:00,4468.7998046875,4469.60009765625,4468.7998046875,4469.2001953125,17
2026-06-05 04:08:00+00:00,4466.7998046875,4468.7998046875,4465.89990234375,4468.60009765625,37
2026-06-05 04:09:00+00:00,4467.0,4467.10009765625,4466.60009765625,4466.7001953125,15
2026-06-05 04:10:00+00:00,4466.0,4467.39990234375,4466.0,4466.7998046875,17
2026-06-05 04:11:00+00:00,4466.0,4466.39990234375,4465.60009765625,4466.0,24
2026-06-05 04:12:00+00:00,4465.39990234375,4466.7998046875,4465.2998046875,4466.10009765625,43
2026-06-05 04:13:00+00:00,4465.2998046875,4465.7001953125,4464.60009765625,4465.7001953125,28
2026-06-05 04:14:00+00:00,4467.60009765625,4467.7998046875,4464.7998046875,4464.7998046875,71
2026-06-05 04:15:00+00:00,4467.2998046875,4468.0,4466.7001953125,4467.60009765625,73
2026-06-05 04:16:00+00:00,4468.10009765625,4468.89990234375,4467.10009765625,4467.2001953125,79
2026-06-05 04:17:00+00:00,4469.7998046875,4469.7998046875,4468.10009765625,4468.10009765625,43
2026-06-05 04:18:00+00:00,4466.89990234375,4469.7998046875,4466.89990234375,4469.7998046875,101
2026-06-05 04:19:00+00:00,4465.39990234375,4467.10009765625,4465.0,4466.7001953125,63
2026-06-05 04:20:00+00:00,4466.2001953125,4466.2998046875,4465.2001953125,4465.2001953125,88
2026-06-05 04:21:00+00:00,4467.60009765625,4467.89990234375,4465.89990234375,4466.10009765625,56
2026-06-05 04:22:00+00:00,4466.5,4467.5,4466.39990234375,4467.39990234375,24
2026-06-05 04:23:00+00:00,4466.2001953125,4466.7001953125,4465.7998046875,4466.0,31
2026-06-05 04:24:00+00:00,4465.7998046875,4466.2998046875,4465.2998046875,4466.0,38
2026-06-05 04:25:00+00:00,4468.10009765625,4468.10009765625,4466.10009765625,4466.10009765625,42
2026-06-05 04:26:00+00:00,4469.7001953125,4469.7001953125,4468.39990234375,4468.39990234375,29
2026-06-05 04:27:00+00:00,4468.0,4469.89990234375,4467.7998046875,4469.89990234375,11
2026-06-05 04:28:00+00:00,4467.0,4467.7998046875,4466.60009765625,4467.7998046875,11
2026-06-05 04:29:00+00:00,4465.7998046875,4467.0,4465.7001953125,4466.7998046875,13
2026-06-05 04:30:00+00:00,4464.0,4466.10009765625,4464.0,4466.10009765625,50
2026-06-05 04:31:00+00:00,4464.10009765625,4464.7001953125,4463.7998046875,4463.89990234375,53
2026-06-05 04:32:00+00:00,4465.2001953125,4465.39990234375,4464.2001953125,4464.2001953125,11
2026-06-05 04:33:00+00:00,4466.0,4466.10009765625,4465.2998046875,4465.2998046875,8
2026-06-05 04:34:00+00:00,4465.2001953125,4465.60009765625,4465.0,4465.39990234375,13
2026-06-05 04:35:00+00:00,4466.2998046875,4466.2998046875,4465.2998046875,4465.2998046875,21
2026-06-05 04:36:00+00:00,4465.89990234375,4467.0,4465.89990234375,4466.2001953125,21
2026-06-05 04:37:00+00:00,4466.39990234375,4466.5,4465.7998046875,4465.7998046875,24
2026-06-05 04:38:00+00:00,4466.10009765625,4466.5,4466.0,4466.5,8
2026-06-05 04:39:00+00:00,4468.10009765625,4468.10009765625,4466.39990234375,4466.39990234375,16
2026-06-05 04:40:00+00:00,4468.39990234375,4470.39990234375,4467.7001953125,4467.7001953125,69
2026-06-05 04:41:00+00:00,4468.10009765625,4468.7001953125,4467.89990234375,4468.2001953125,10
2026-06-05 04:42:00+00:00,4466.89990234375,4467.89990234375,4466.5,4467.89990234375,31
2026-06-05 04:43:00+00:00,4466.2001953125,4466.39990234375,4465.5,4466.39990234375,14
2026-06-05 04:44:00+00:00,4467.2998046875,4467.2998046875,4466.5,4466.5,8
2026-06-05 04:45:00+00:00,4467.2998046875,4467.7998046875,4467.10009765625,4467.39990234375,13
2026-06-05 04:46:00+00:00,4466.0,4467.10009765625,4466.0,4467.10009765625,16
2026-06-05 04:47:00+00:00,4467.60009765625,4467.60009765625,4466.2998046875,4466.2998046875,14
2026-06-05 04:48:00+00:00,4467.2998046875,4468.7001953125,4467.2998046875,4467.7998046875,29
2026-06-05 04:49:00+00:00,4467.2001953125,4467.5,4466.7001953125,4467.10009765625,19
2026-06-05 04:50:00+00:00,4468.5,4469.0,4467.10009765625,4467.10009765625,15
2026-06-05 04:51:00+00:00,4468.5,4468.5,4467.89990234375,4468.39990234375,20
2026-06-05 04:52:00+00:00,4468.5,4468.7998046875,4468.0,4468.7001953125,12
2026-06-05 04:53:00+00:00,4469.0,4469.0,4468.2998046875,4468.39990234375,15
2026-06-05 04:54:00+00:00,4469.89990234375,4470.2001953125,4469.2001953125,4469.5,21
2026-06-05 04:55:00+00:00,4471.10009765625,4471.7001953125,4470.2998046875,4470.5,72
2026-06-05 04:56:00+00:00,4471.7001953125,4472.89990234375,4471.10009765625,4471.10009765625,64
2026-06-05 04:57:00+00:00,4472.39990234375,4472.60009765625,4471.5,4471.7998046875,42
2026-06-05 04:58:00+00:00,4471.7001953125,4472.10009765625,4470.89990234375,4472.10009765625,35
2026-06-05 04:59:00+00:00,4471.0,4471.89990234375,4471.0,4471.7001953125,25
2026-06-05 05:00:00+00:00,4470.5,4471.60009765625,4470.5,4471.0,40
2026-06-05 05:01:00+00:00,4472.0,4472.0,4469.2001953125,4470.10009765625,61
2026-06-05 05:02:00+00:00,4472.39990234375,4473.2001953125,4471.60009765625,4472.10009765625,73
2026-06-05 05:03:00+00:00,4474.89990234375,4476.10009765625,4472.7998046875,4472.7998046875,150
2026-06-05 05:04:00+00:00,4473.7001953125,4474.7001953125,4473.2998046875,4474.7001953125,45
2026-06-05 05:05:00+00:00,4474.2998046875,4474.7998046875,4473.2998046875,4473.5,24
2026-06-05 05:06:00+00:00,4474.10009765625,4474.2998046875,4473.2001953125,4474.2998046875,18
2026-06-05 05:07:00+00:00,4474.39990234375,4475.0,4474.0,4474.0,61
2026-06-05 05:08:00+00:00,4475.60009765625,4475.60009765625,4474.2001953125,4474.60009765625,41
2026-06-05 05:09:00+00:00,4473.2001953125,4475.10009765625,4473.10009765625,4475.10009765625,27
2026-06-05 05:10:00+00:00,4474.5,4474.5,4472.2001953125,4473.5,61
2026-06-05 05:11:00+00:00,4474.2998046875,4475.5,4474.0,4474.7998046875,49
2026-06-05 05:12:00+00:00,4473.2001953125,4474.5,4473.2001953125,4473.89990234375,18
2026-06-05 05:13:00+00:00,4475.2001953125,4475.39990234375,4473.0,4473.5,34
2026-06-05 05:14:00+00:00,4474.7001953125,4475.10009765625,4474.10009765625,4474.60009765625,25
2026-06-05 05:15:00+00:00,4471.60009765625,4475.10009765625,4471.2998046875,4474.89990234375,57
2026-06-05 05:16:00+00:00,4472.0,4472.10009765625,4471.5,4471.5,13
2026-06-05 05:17:00+00:00,4470.39990234375,4471.60009765625,4469.89990234375,4471.60009765625,64
2026-06-05 05:18:00+00:00,4471.0,4471.39990234375,4470.2001953125,4470.2998046875,48
2026-06-05 05:19:00+00:00,4471.39990234375,4471.89990234375,4471.0,4471.10009765625,32
2026-06-05 05:20:00+00:00,4471.5,4472.0,4471.10009765625,4471.5,15
2026-06-05 05:21:00+00:00,4470.2001953125,4471.7998046875,4470.2001953125,4471.60009765625,57
2026-06-05 05:22:00+00:00,4469.2001953125,4470.39990234375,4468.0,4470.0,72
2026-06-05 05:23:00+00:00,4468.39990234375,4469.0,4468.10009765625,4469.0,16
2026-06-05 05:24:00+00:00,4470.7001953125,4471.0,4469.10009765625,4469.10009765625,29
2026-06-05 05:25:00+00:00,4470.2998046875,4471.0,4470.10009765625,4470.7998046875,28
2026-06-05 05:26:00+00:00,4470.2998046875,4470.60009765625,4470.0,4470.60009765625,14
2026-06-05 05:27:00+00:00,4471.2998046875,4471.7998046875,4470.89990234375,4470.89990234375,22
2026-06-05 05:28:00+00:00,4471.10009765625,4471.5,4471.10009765625,4471.2998046875,10
2026-06-05 05:29:00+00:00,4471.0,4471.10009765625,4470.2001953125,4471.10009765625,18
2026-06-05 05:30:00+00:00,4469.0,4472.0,4467.0,4470.5,249
2026-06-05 05:31:00+00:00,4468.2001953125,4470.39990234375,4468.2001953125,4469.7001953125,69
2026-06-05 05:32:00+00:00,4467.10009765625,4468.39990234375,4465.39990234375,4468.0,120
2026-06-05 05:33:00+00:00,4468.2998046875,4468.5,4466.7001953125,4467.60009765625,41
2026-06-05 05:34:00+00:00,4468.5,4469.60009765625,4468.0,4468.2001953125,26
2026-06-05 05:35:00+00:00,4468.89990234375,4469.0,4468.10009765625,4468.10009765625,17
2026-06-05 05:36:00+00:00,4473.5,4474.0,4468.0,4469.10009765625,102
2026-06-05 05:37:00+00:00,4471.89990234375,4473.5,4471.60009765625,4473.2001953125,31
2026-06-05 05:38:00+00:00,4472.0,4473.2001953125,4472.0,4472.10009765625,28
2026-06-05 05:39:00+00:00,4471.7998046875,4473.5,4471.2001953125,4472.60009765625,16
2026-06-05 05:40:00+00:00,4472.7001953125,4472.7998046875,4471.7001953125,4471.7001953125,32
2026-06-05 05:41:00+00:00,4470.60009765625,4472.39990234375,4470.10009765625,4472.39990234375,9
2026-06-05 05:42:00+00:00,4472.0,4472.0,4470.60009765625,4470.89990234375,22
2026-06-05 05:43:00+00:00,4469.7001953125,4471.7998046875,4469.5,4471.7998046875,18
2026-06-05 05:44:00+00:00,4469.7001953125,4471.10009765625,4469.10009765625,4470.0,43
2026-06-05 05:45:00+00:00,4469.2998046875,4471.0,4469.0,4470.0,31
2026-06-05 05:46:00+00:00,4469.10009765625,4469.39990234375,4468.0,4468.60009765625,32
2026-06-05 05:47:00+00:00,4472.0,4472.0,4469.2998046875,4469.2998046875,25
2026-06-05 05:48:00+00:00,4472.5,4472.7998046875,4471.7998046875,4472.2998046875,54
2026-06-05 05:49:00+00:00,4473.7998046875,4474.5,4472.39990234375,4472.7998046875,67
2026-06-05 05:50:00+00:00,4472.60009765625,4474.0,4472.0,4474.0,35
2026-06-05 05:51:00+00:00,4473.60009765625,4474.2998046875,4473.0,4473.0,17
2026-06-05 05:52:00+00:00,4472.7998046875,4473.89990234375,4472.7998046875,4473.7998046875,22
2026-06-05 05:53:00+00:00,4470.89990234375,4473.10009765625,4470.5,4473.10009765625,25
2026-06-05 05:54:00+00:00,4469.89990234375,4471.2998046875,4469.0,4470.7001953125,63
2026-06-05 05:55:00+00:00,4469.39990234375,4471.10009765625,4469.2998046875,4470.10009765625,50
2026-06-05 05:56:00+00:00,4467.7998046875,4469.2998046875,4467.7998046875,4469.2998046875,24
2026-06-05 05:57:00+00:00,4465.2998046875,4467.10009765625,4464.89990234375,4467.10009765625,106
2026-06-05 05:58:00+00:00,4466.2001953125,4466.89990234375,4465.2001953125,4465.2998046875,60
2026-06-05 05:59:00+00:00,4465.89990234375,4467.2001953125,4465.89990234375,4466.10009765625,46
2026-06-05 06:00:00+00:00,4467.2998046875,4468.7998046875,4466.0,4466.39990234375,119
2026-06-05 06:01:00+00:00,4465.7998046875,4467.2001953125,4465.5,4467.2001953125,104
2026-06-05 06:02:00+00:00,4463.7001953125,4466.10009765625,4463.2001953125,4466.0,104
2026-06-05 06:03:00+00:00,4462.7998046875,4464.2001953125,4462.5,4463.60009765625,75
2026-06-05 06:04:00+00:00,4463.7998046875,4464.5,4461.60009765625,4463.0,125
2026-06-05 06:05:00+00:00,4465.2998046875,4465.7001953125,4463.5,4463.60009765625,83
2026-06-05 06:06:00+00:00,4466.7998046875,4467.0,4464.60009765625,4465.39990234375,46
2026-06-05 06:07:00+00:00,4466.60009765625,4467.39990234375,4465.5,4466.5,100
2026-06-05 06:08:00+00:00,4466.2001953125,4466.7998046875,4466.2001953125,4466.39990234375,24
2026-06-05 06:09:00+00:00,4466.89990234375,4467.7001953125,4466.10009765625,4466.10009765625,26
2026-06-05 06:10:00+00:00,4467.60009765625,4468.60009765625,4466.7998046875,4466.7998046875,33
2026-06-05 06:11:00+00:00,4464.89990234375,4468.2998046875,4464.5,4467.7998046875,176
2026-06-05 06:12:00+00:00,4463.2001953125,4465.5,4462.60009765625,4465.5,64
2026-06-05 06:13:00+00:00,4465.2998046875,4465.60009765625,4462.7001953125,4463.2001953125,55
2026-06-05 06:14:00+00:00,4463.2998046875,4465.10009765625,4462.7001953125,4465.10009765625,33
2026-06-05 06:15:00+00:00,4461.89990234375,4463.2998046875,4459.2998046875,4462.60009765625,354
2026-06-05 06:16:00+00:00,4458.7001953125,4462.5,4458.5,4462.0,205
2026-06-05 06:17:00+00:00,4459.0,4460.60009765625,4458.39990234375,4458.5,121
2026-06-05 06:18:00+00:00,4456.2001953125,4459.39990234375,4454.7998046875,4459.0,266
2026-06-05 06:19:00+00:00,4463.0,4463.0,4456.2001953125,4456.39990234375,220
2026-06-05 06:20:00+00:00,4462.60009765625,4463.2998046875,4461.0,4462.60009765625,88
2026-06-05 06:21:00+00:00,4464.0,4464.0,4462.10009765625,4462.5,99
2026-06-05 06:22:00+00:00,4464.89990234375,4465.0,4463.2998046875,4463.7998046875,72
2026-06-05 06:23:00+00:00,4468.2998046875,4468.39990234375,4464.89990234375,4465.0,111
2026-06-05 06:24:00+00:00,4470.60009765625,4471.5,4468.2998046875,4468.2998046875,153
2026-06-05 06:25:00+00:00,4471.2998046875,4472.89990234375,4469.7998046875,4470.60009765625,161
2026-06-05 06:26:00+00:00,4469.5,4471.89990234375,4468.39990234375,4471.7998046875,107
2026-06-05 06:27:00+00:00,4470.0,4471.5,4469.2998046875,4469.39990234375,104
2026-06-05 06:28:00+00:00,4467.60009765625,4470.60009765625,4467.60009765625,4470.2001953125,71
2026-06-05 06:29:00+00:00,4468.89990234375,4469.0,4466.89990234375,4467.60009765625,51
2026-06-05 06:30:00+00:00,4471.39990234375,4471.7998046875,4468.89990234375,4468.89990234375,58
2026-06-05 06:31:00+00:00,4470.5,4472.2001953125,4470.10009765625,4471.7001953125,55
2026-06-05 06:32:00+00:00,4471.5,4472.2001953125,4470.2998046875,4470.2998046875,35
2026-06-05 06:33:00+00:00,4474.5,4474.5,4471.10009765625,4471.7998046875,72
2026-06-05 06:34:00+00:00,4473.0,4474.39990234375,4472.89990234375,4474.39990234375,65
2026-06-05 06:35:00+00:00,4474.2001953125,4474.2001953125,4472.89990234375,4473.2998046875,29
2026-06-05 06:36:00+00:00,4476.10009765625,4476.89990234375,4473.89990234375,4474.2001953125,126
2026-06-05 06:37:00+00:00,4476.2001953125,4476.2001953125,4474.60009765625,4475.7998046875,58
2026-06-05 06:38:00+00:00,4475.0,4476.5,4475.0,4475.7998046875,83
2026-06-05 06:39:00+00:00,4475.0,4475.5,4473.7998046875,4475.39990234375,30
2026-06-05 06:40:00+00:00,4475.2998046875,4475.5,4474.7998046875,4474.7998046875,22
2026-06-05 06:41:00+00:00,4473.7001953125,4475.5,4473.7001953125,4475.0,56
2026-06-05 06:42:00+00:00,4474.10009765625,4474.2001953125,4473.0,4473.5,50
2026-06-05 06:43:00+00:00,4474.7001953125,4475.10009765625,4473.5,4473.7998046875,86
2026-06-05 06:44:00+00:00,4474.2001953125,4475.0,4474.2001953125,4474.60009765625,34
2026-06-05 06:45:00+00:00,4475.60009765625,4476.0,4473.5,4474.89990234375,83
2026-06-05 06:46:00+00:00,4479.2998046875,4479.5,4475.39990234375,4475.7998046875,184
2026-06-05 06:47:00+00:00,4482.0,4482.2998046875,4479.2001953125,4479.2001953125,187
2026-06-05 06:48:00+00:00,4481.39990234375,4482.89990234375,4481.2998046875,4481.7001953125,49
2026-06-05 06:49:00+00:00,4480.39990234375,4481.2998046875,4480.10009765625,4481.0,41
2026-06-05 06:50:00+00:00,4481.5,4481.5,4480.0,4480.7001953125,76
2026-06-05 06:51:00+00:00,4481.89990234375,4483.2001953125,4481.2001953125,4481.2001953125,67
2026-06-05 06:52:00+00:00,4480.10009765625,4482.2998046875,4480.0,4481.60009765625,69
2026-06-05 06:53:00+00:00,4479.39990234375,4480.2001953125,4478.5,4480.2001953125,88
2026-06-05 06:54:00+00:00,4478.0,4480.0,4477.89990234375,4480.0,161
2026-06-05 06:55:00+00:00,4477.2998046875,4478.7998046875,4476.39990234375,4478.0,120
2026-06-05 06:56:00+00:00,4478.2001953125,4478.2001953125,4477.5,4477.89990234375,44
2026-06-05 06:57:00+00:00,4479.39990234375,4479.7001953125,4477.5,4478.2998046875,58
2026-06-05 06:58:00+00:00,4479.0,4480.2998046875,4478.2998046875,4479.5,100
2026-06-05 06:59:00+00:00,4479.7001953125,4480.0,4478.39990234375,4478.60009765625,274
2026-06-05 07:00:00+00:00,4479.2001953125,4479.89990234375,4479.0,4479.89990234375,115
2026-06-05 07:01:00+00:00,4481.7001953125,4482.7998046875,4479.39990234375,4479.39990234375,98
2026-06-05 07:02:00+00:00,4478.7998046875,4482.2998046875,4478.7001953125,4482.0,60
2026-06-05 07:03:00+00:00,4481.5,4481.5,4479.0,4479.0,68
2026-06-05 07:04:00+00:00,4481.60009765625,4482.7001953125,4480.0,4481.60009765625,58
2026-06-05 07:05:00+00:00,4482.0,4482.7001953125,4481.0,4482.39990234375,47
2026-06-05 07:06:00+00:00,4482.2998046875,4482.7001953125,4481.2998046875,4482.0,23
2026-06-05 07:07:00+00:00,4481.39990234375,4482.7001953125,4480.2998046875,4482.7001953125,67
2026-06-05 07:08:00+00:00,4484.5,4485.2001953125,4481.39990234375,4481.60009765625,109
2026-06-05 07:09:00+00:00,4484.10009765625,4484.7001953125,4483.39990234375,4484.5,51
2026-06-05 07:10:00+00:00,4484.7001953125,4484.7001953125,4483.2998046875,4484.39990234375,73
2026-06-05 07:11:00+00:00,4485.60009765625,4486.0,4484.0,4484.7001953125,90
2026-06-05 07:12:00+00:00,4489.89990234375,4490.10009765625,4485.2998046875,4485.60009765625,181
2026-06-05 07:13:00+00:00,4487.39990234375,4489.60009765625,4487.0,4489.60009765625,123
2026-06-05 07:14:00+00:00,4485.39990234375,4487.0,4485.39990234375,4487.0,61
2026-06-05 07:15:00+00:00,4489.0,4489.0,4485.10009765625,4485.10009765625,106
2026-06-05 07:16:00+00:00,4488.60009765625,4491.0,4488.60009765625,4489.5,60
2026-06-05 07:17:00+00:00,4488.60009765625,4489.10009765625,4487.2998046875,4488.7998046875,64
2026-06-05 07:18:00+00:00,4488.7998046875,4489.10009765625,4488.10009765625,4488.7001953125,45
2026-06-05 07:19:00+00:00,4488.60009765625,4489.0,4487.10009765625,4488.39990234375,44
2026-06-05 07:20:00+00:00,4487.0,4489.0,4487.0,4488.2998046875,52
2026-06-05 07:21:00+00:00,4487.2998046875,4487.89990234375,4486.5,4487.2001953125,69
2026-06-05 07:22:00+00:00,4490.2001953125,4490.39990234375,4487.5,4487.7001953125,46
2026-06-05 07:23:00+00:00,4490.2998046875,4492.2998046875,4489.10009765625,4490.10009765625,82
2026-06-05 07:24:00+00:00,4490.89990234375,4492.89990234375,4489.7998046875,4490.2001953125,82
2026-06-05 07:25:00+00:00,4489.89990234375,4490.89990234375,4489.7998046875,4490.89990234375,25
2026-06-05 07:26:00+00:00,4490.5,4490.5,4488.2998046875,4490.10009765625,64
2026-06-05 07:27:00+00:00,4492.10009765625,4493.7001953125,4490.2001953125,4490.60009765625,87
2026-06-05 07:28:00+00:00,4492.7001953125,4492.7001953125,4492.2998046875,4492.39990234375,15
2026-06-05 07:29:00+00:00,4494.10009765625,4494.2001953125,4491.7998046875,4492.2001953125,37
2026-06-05 07:30:00+00:00,4492.39990234375,4493.89990234375,4492.0,4493.89990234375,67
2026-06-05 07:31:00+00:00,4492.2998046875,4493.0,4491.2001953125,4491.5,74
2026-06-05 07:32:00+00:00,4492.7001953125,4494.10009765625,4492.39990234375,4492.39990234375,68
2026-06-05 07:33:00+00:00,4493.2001953125,4493.39990234375,4492.60009765625,4493.10009765625,29
2026-06-05 07:34:00+00:00,4493.2001953125,4493.5,4492.0,4493.10009765625,51
2026-06-05 07:35:00+00:00,4491.10009765625,4492.7001953125,4491.0,4492.7001953125,86
2026-06-05 07:36:00+00:00,4490.0,4491.7001953125,4490.0,4491.0,62
2026-06-05 07:37:00+00:00,4489.2001953125,4490.10009765625,4488.39990234375,4490.10009765625,127
2026-06-05 07:38:00+00:00,4490.2001953125,4491.0,4488.7998046875,4489.2001953125,80
2026-06-05 07:39:00+00:00,4488.89990234375,4491.39990234375,4488.89990234375,4490.39990234375,115
2026-06-05 07:40:00+00:00,4486.60009765625,4488.7998046875,4486.60009765625,4488.7998046875,62
2026-06-05 07:41:00+00:00,4488.7001953125,4488.7001953125,4486.2001953125,4486.7001953125,76
2026-06-05 07:42:00+00:00,4492.5,4492.7998046875,4488.7001953125,4489.2001953125,284
2026-06-05 07:43:00+00:00,4488.39990234375,4492.0,4488.2998046875,4492.0,85
2026-06-05 07:44:00+00:00,4489.0,4489.7001953125,4488.2998046875,4488.39990234375,44
2026-06-05 07:45:00+00:00,4490.2998046875,4490.60009765625,4488.7001953125,4489.10009765625,46
2026-06-05 07:46:00+00:00,4490.0,4490.60009765625,4489.7998046875,4490.60009765625,19
2026-06-05 07:47:00+00:00,4490.0,4491.10009765625,4489.7998046875,4490.2998046875,23
2026-06-05 07:48:00+00:00,4489.7998046875,4490.0,4489.0,4490.0,22
2026-06-05 07:49:00+00:00,4489.89990234375,4489.89990234375,4489.2998046875,4489.7998046875,4
2026-06-05 07:50:00+00:00,4488.89990234375,4489.7001953125,4488.60009765625,4489.7001953125,9
2026-06-05 07:51:00+00:00,4490.5,4490.5,4489.5,4489.5,22
2026-06-05 07:52:00+00:00,4491.0,4491.0,4489.5,4490.2998046875,44
2026-06-05 07:53:00+00:00,4489.5,4492.0,4489.5,4491.0,54
2026-06-05 07:54:00+00:00,4488.5,4489.5,4488.2998046875,4489.5,32
2026-06-05 07:55:00+00:00,4489.39990234375,4489.39990234375,4488.2001953125,4489.10009765625,17
2026-06-05 07:56:00+00:00,4489.5,4489.7001953125,4489.39990234375,4489.5,8
2026-06-05 07:57:00+00:00,4488.2998046875,4488.7998046875,4488.10009765625,4488.7998046875,12
2026-06-05 07:58:00+00:00,4488.7998046875,4488.7998046875,4487.7001953125,4488.10009765625,26
2026-06-05 07:59:00+00:00,4487.7001953125,4488.2001953125,4487.7001953125,4488.2001953125,12
2026-06-05 08:00:00+00:00,4487.2001953125,4487.39990234375,4485.5,4487.2998046875,77
2026-06-05 08:01:00+00:00,4490.5,4490.5,4486.5,4487.2998046875,116
2026-06-05 08:02:00+00:00,4488.2998046875,4490.2998046875,4488.2998046875,4490.2998046875,34
2026-06-05 08:03:00+00:00,4487.60009765625,4488.39990234375,4487.39990234375,4488.39990234375,17
2026-06-05 08:04:00+00:00,4488.2998046875,4488.89990234375,4487.39990234375,4488.10009765625,33
2026-06-05 08:05:00+00:00,4488.7998046875,4489.0,4487.39990234375,4488.2998046875,32
2026-06-05 08:06:00+00:00,4488.39990234375,4489.10009765625,4488.0,4489.10009765625,13
2026-06-05 08:07:00+00:00,4487.2998046875,4489.10009765625,4486.5,4488.0,40
2026-06-05 08:08:00+00:00,4487.0,4487.39990234375,4486.2998046875,4487.2998046875,18
2026-06-05 08:09:00+00:00,4487.2001953125,4487.89990234375,4486.5,4486.7998046875,40
2026-06-05 08:10:00+00:00,4487.89990234375,4488.5,4487.2001953125,4487.2001953125,11
2026-06-05 08:11:00+00:00,4487.60009765625,4488.39990234375,4487.60009765625,4487.60009765625,37
2026-06-05 08:12:00+00:00,4486.89990234375,4487.7001953125,4486.7001953125,4487.60009765625,33
2026-06-05 08:13:00+00:00,4486.7001953125,4487.10009765625,4486.2001953125,4487.0,47
2026-06-05 08:14:00+00:00,4487.7001953125,4488.2001953125,4487.10009765625,4487.2001953125,34
2026-06-05 08:15:00+00:00,4486.89990234375,4487.89990234375,4486.89990234375,4487.89990234375,11
2026-06-05 08:16:00+00:00,4487.5,4488.0,4486.89990234375,4487.2998046875,24
2026-06-05 08:17:00+00:00,4487.7001953125,4487.89990234375,4487.2001953125,4487.2001953125,16
2026-06-05 08:18:00+00:00,4488.89990234375,4490.10009765625,4488.10009765625,4488.10009765625,53
2026-06-05 08:19:00+00:00,4490.0,4490.2001953125,4488.7998046875,4488.7998046875,41
2026-06-05 08:20:00+00:00,4489.7998046875,4489.7998046875,4489.0,4489.60009765625,9
2026-06-05 08:21:00+00:00,4491.2998046875,4491.7001953125,4489.5,4489.5,35
2026-06-05 08:22:00+00:00,4492.10009765625,4492.39990234375,4491.0,4491.7001953125,75
2026-06-05 08:23:00+00:00,4491.39990234375,4492.5,4490.7998046875,4492.2001953125,39
2026-06-05 08:24:00+00:00,4490.7001953125,4491.7998046875,4490.39990234375,4491.39990234375,58
2026-06-05 08:25:00+00:00,4491.7998046875,4493.0,4490.60009765625,4490.89990234375,69
2026-06-05 08:26:00+00:00,4491.7998046875,4492.2998046875,4490.89990234375,4491.60009765625,47
2026-06-05 08:27:00+00:00,4490.39990234375,4491.39990234375,4490.10009765625,4491.39990234375,20
2026-06-05 08:28:00+00:00,4490.7998046875,4490.7998046875,4489.89990234375,4490.2001953125,113
2026-06-05 08:29:00+00:00,4493.89990234375,4493.89990234375,4490.89990234375,4491.10009765625,137
2026-06-05 08:30:00+00:00,4491.7998046875,4495.39990234375,4491.39990234375,4493.89990234375,127
2026-06-05 08:31:00+00:00,4493.10009765625,4493.7001953125,4491.60009765625,4491.7998046875,30
2026-06-05 08:32:00+00:00,4492.0,4493.7998046875,4491.60009765625,4493.5,57
2026-06-05 08:33:00+00:00,4490.5,4491.7001953125,4490.0,4491.60009765625,44
2026-06-05 08:34:00+00:00,4490.5,4490.60009765625,4490.2001953125,4490.39990234375,19
2026-06-05 08:35:00+00:00,4490.2001953125,4490.7001953125,4490.10009765625,4490.5,27
2026-06-05 08:36:00+00:00,4489.89990234375,4490.2001953125,4489.0,4490.2001953125,30
2026-06-05 08:37:00+00:00,4489.60009765625,4490.7998046875,4489.2001953125,4490.2998046875,61
2026-06-05 08:38:00+00:00,4488.89990234375,4490.2998046875,4488.5,4490.10009765625,63
2026-06-05 08:39:00+00:00,4488.89990234375,4490.0,4488.7001953125,4489.2998046875,52
2026-06-05 08:40:00+00:00,4488.2998046875,4489.10009765625,4488.0,4489.0,22
2026-06-05 08:41:00+00:00,4489.0,4489.39990234375,4488.39990234375,4488.39990234375,29
2026-06-05 08:42:00+00:00,4489.5,4490.2001953125,4489.2001953125,4489.2001953125,40
2026-06-05 08:43:00+00:00,4489.7001953125,4489.7998046875,4489.5,4489.60009765625,6
2026-06-05 08:44:00+00:00,4488.7998046875,4489.7998046875,4488.7998046875,4489.60009765625,12
2026-06-05 08:45:00+00:00,4489.5,4489.5,4488.60009765625,4489.0,8
2026-06-05 08:46:00+00:00,4489.7998046875,4489.7998046875,4489.2998046875,4489.60009765625,20
2026-06-05 08:47:00+00:00,4490.0,4490.10009765625,4489.2998046875,4489.89990234375,18
2026-06-05 08:48:00+00:00,4490.7998046875,4490.7998046875,4489.60009765625,4489.60009765625,28
2026-06-05 08:49:00+00:00,4490.2998046875,4491.39990234375,4490.0,4491.2001953125,40
2026-06-05 08:50:00+00:00,4489.89990234375,4490.10009765625,4489.89990234375,4490.10009765625,3
2026-06-05 08:51:00+00:00,4490.39990234375,4490.39990234375,4490.10009765625,4490.10009765625,7
2026-06-05 08:52:00+00:00,4489.2001953125,4490.5,4488.89990234375,4490.5,23
2026-06-05 08:53:00+00:00,4490.10009765625,4490.5,4488.89990234375,4488.89990234375,9
2026-06-05 08:54:00+00:00,4490.39990234375,4490.60009765625,4489.7998046875,4489.7998046875,8
2026-06-05 08:55:00+00:00,4489.5,4490.2001953125,4489.5,4490.2001953125,9
2026-06-05 08:56:00+00:00,4489.60009765625,4490.0,4489.2998046875,4490.0,11
2026-06-05 08:57:00+00:00,4490.2998046875,4490.2998046875,4489.2001953125,4489.5,32
2026-06-05 08:58:00+00:00,4490.10009765625,4490.2998046875,4489.5,4490.2001953125,17
2026-06-05 08:59:00+00:00,4489.7998046875,4490.2001953125,4489.7998046875,4490.10009765625,9
2026-06-05 09:00:00+00:00,4488.39990234375,4489.60009765625,4488.0,4489.60009765625,52
2026-06-05 09:01:00+00:00,4489.2001953125,4489.2998046875,4488.5,4488.60009765625,16
2026-06-05 09:02:00+00:00,4489.89990234375,4490.2001953125,4489.2001953125,4489.2001953125,23
2026-06-05 09:03:00+00:00,4490.2998046875,4490.60009765625,4489.5,4490.5,29
2026-06-05 09:04:00+00:00,4488.2001953125,4490.2001953125,4488.10009765625,4490.10009765625,22
2026-06-05 09:05:00+00:00,4489.0,4489.2998046875,4488.2998046875,4488.2998046875,10
2026-06-05 09:06:00+00:00,4489.2998046875,4490.0,4488.89990234375,4489.39990234375,35
2026-06-05 09:07:00+00:00,4487.7001953125,4489.60009765625,4487.7001953125,4489.60009765625,17
2026-06-05 09:08:00+00:00,4488.10009765625,4488.39990234375,4486.7998046875,4487.7001953125,68
2026-06-05 09:09:00+00:00,4487.7001953125,4488.60009765625,4487.7001953125,4488.39990234375,45
2026-06-05 09:10:00+00:00,4487.2001953125,4488.0,4486.7998046875,4487.7998046875,47
2026-06-05 09:11:00+00:00,4485.89990234375,4487.2998046875,4485.7998046875,4487.2998046875,53
2026-06-05 09:12:00+00:00,4486.7001953125,4487.10009765625,4486.60009765625,4486.60009765625,33
2026-06-05 09:13:00+00:00,4495.0,4495.60009765625,4486.60009765625,4486.60009765625,586
2026-06-05 09:14:00+00:00,4493.0,4496.60009765625,4490.5,4495.10009765625,246
2026-06-05 09:15:00+00:00,4492.2001953125,4494.39990234375,4492.10009765625,4493.10009765625,86
2026-06-05 09:16:00+00:00,4494.10009765625,4494.5,4491.60009765625,4491.89990234375,50
2026-06-05 09:17:00+00:00,4494.2001953125,4495.60009765625,4492.7998046875,4494.5,121
2026-06-05 09:18:00+00:00,4494.2998046875,4495.10009765625,4493.0,4494.0,75
2026-06-05 09:19:00+00:00,4494.89990234375,4496.60009765625,4494.0,4494.10009765625,103
2026-06-05 09:20:00+00:00,4494.0,4495.0,4493.5,4494.5,27
2026-06-05 09:21:00+00:00,4494.60009765625,4496.0,4493.60009765625,4494.2998046875,220
2026-06-05 09:22:00+00:00,4495.0,4495.2001953125,4494.2001953125,4494.89990234375,26
2026-06-05 09:23:00+00:00,4494.89990234375,4495.39990234375,4493.7998046875,4495.0,38
2026-06-05 09:24:00+00:00,4493.5,4495.10009765625,4493.5,4494.2998046875,39
2026-06-05 09:25:00+00:00,4494.0,4494.5,4492.89990234375,4493.7001953125,50
2026-06-05 09:26:00+00:00,4493.2998046875,4493.89990234375,4492.2998046875,4493.89990234375,49
2026-06-05 09:27:00+00:00,4492.5,4493.2998046875,4492.2001953125,4493.2998046875,45
2026-06-05 09:28:00+00:00,4490.7001953125,4492.7001953125,4489.7001953125,4492.2998046875,90
2026-06-05 09:29:00+00:00,4489.7998046875,4490.89990234375,4488.60009765625,4490.60009765625,129
2026-06-05 09:30:00+00:00,4488.2001953125,4490.10009765625,4486.60009765625,4489.60009765625,294
2026-06-05 09:31:00+00:00,4487.10009765625,4489.0,4486.2998046875,4488.39990234375,276
2026-06-05 09:32:00+00:00,4487.89990234375,4488.10009765625,4485.7998046875,4487.2998046875,262
2026-06-05 09:33:00+00:00,4489.60009765625,4491.2001953125,4487.60009765625,4488.0,250
2026-06-05 09:34:00+00:00,4490.60009765625,4493.89990234375,4489.39990234375,4489.60009765625,216
2026-06-05 09:35:00+00:00,4489.7001953125,4491.2001953125,4489.60009765625,4490.60009765625,106
2026-06-05 09:36:00+00:00,4489.89990234375,4490.2001953125,4489.39990234375,4489.60009765625,36
2026-06-05 09:37:00+00:00,4490.2998046875,4490.7001953125,4490.10009765625,4490.2998046875,26
2026-06-05 09:38:00+00:00,4491.5,4492.5,4490.5,4490.7001953125,79
2026-06-05 09:39:00+00:00,4490.10009765625,4491.2001953125,4489.7001953125,4491.2001953125,52
2026-06-05 09:40:00+00:00,4491.10009765625,4491.39990234375,4490.2998046875,4490.2998046875,39
2026-06-05 09:41:00+00:00,4492.2998046875,4492.7998046875,4490.89990234375,4491.0,64
2026-06-05 09:42:00+00:00,4492.2998046875,4492.7998046875,4491.89990234375,4492.2001953125,27
2026-06-05 09:43:00+00:00,4492.2001953125,4492.7001953125,4491.39990234375,4492.0,69
2026-06-05 09:44:00+00:00,4493.0,4493.2001953125,4492.2998046875,4492.39990234375,48
2026-06-05 09:45:00+00:00,4494.39990234375,4494.39990234375,4492.60009765625,4493.10009765625,29
2026-06-05 09:46:00+00:00,4496.10009765625,4496.10009765625,4494.10009765625,4494.10009765625,75
2026-06-05 09:47:00+00:00,4495.39990234375,4496.60009765625,4494.39990234375,4495.89990234375,130
2026-06-05 09:48:00+00:00,4494.7001953125,4496.0,4494.0,4495.10009765625,51
2026-06-05 09:49:00+00:00,4492.10009765625,4494.39990234375,4492.0,4494.39990234375,136
2026-06-05 09:50:00+00:00,4491.39990234375,4492.89990234375,4491.39990234375,4492.39990234375,45
2026-06-05 09:51:00+00:00,4492.0,4492.0,4491.2998046875,4491.2998046875,13
2026-06-05 09:52:00+00:00,4492.0,4492.0,4491.60009765625,4491.89990234375,19
2026-06-05 09:53:00+00:00,4492.0,4492.2001953125,4491.60009765625,4491.7998046875,15
2026-06-05 09:54:00+00:00,4492.2001953125,4492.2001953125,4492.2001953125,4492.2001953125,2
2026-06-05 09:55:00+00:00,4491.2001953125,4492.39990234375,4491.0,4492.10009765625,50
2026-06-05 09:56:00+00:00,4489.60009765625,4491.60009765625,4489.60009765625,4491.60009765625,25
2026-06-05 09:57:00+00:00,4490.39990234375,4490.39990234375,4489.89990234375,4489.89990234375,20
2026-06-05 09:58:00+00:00,4490.89990234375,4490.89990234375,4490.39990234375,4490.39990234375,6
2026-06-05 09:59:00+00:00,4491.89990234375,4491.89990234375,4490.60009765625,4490.60009765625,15
2026-06-05 10:00:00+00:00,4491.2998046875,4492.0,4491.0,4491.60009765625,14
2026-06-05 10:01:00+00:00,4490.5,4491.2998046875,4490.5,4491.2998046875,31
2026-06-05 10:02:00+00:00,4490.5,4490.89990234375,4490.39990234375,4490.39990234375,31
2026-06-05 10:03:00+00:00,4490.5,4491.0,4490.10009765625,4491.0,39
2026-06-05 10:04:00+00:00,4490.5,4491.2001953125,4490.39990234375,4490.5,37
2026-06-05 10:05:00+00:00,4491.2001953125,4491.2001953125,4490.5,4490.60009765625,19
2026-06-05 10:06:00+00:00,4490.7998046875,4491.2998046875,4490.7998046875,4491.2998046875,11
2026-06-05 10:07:00+00:00,4490.39990234375,4490.89990234375,4490.2001953125,4490.7001953125,58
2026-06-05 10:08:00+00:00,4490.89990234375,4491.0,4490.5,4490.5,14
2026-06-05 10:09:00+00:00,4491.7001953125,4491.89990234375,4490.7998046875,4490.7998046875,28
2026-06-05 10:10:00+00:00,4490.7998046875,4492.2001953125,4490.7998046875,4491.7998046875,14
2026-06-05 10:11:00+00:00,4491.0,4491.10009765625,4490.89990234375,4491.10009765625,5
2026-06-05 10:12:00+00:00,4490.60009765625,4491.2998046875,4490.5,4491.2001953125,7
2026-06-05 10:13:00+00:00,4491.2001953125,4491.2001953125,4490.7001953125,4490.89990234375,29
2026-06-05 10:14:00+00:00,4492.2001953125,4492.39990234375,4491.7001953125,4491.7001953125,9
2026-06-05 10:15:00+00:00,4492.0,4492.39990234375,4491.7001953125,4492.0,9
2026-06-05 10:16:00+00:00,4492.5,4492.5,4491.5,4491.89990234375,12
2026-06-05 10:17:00+00:00,4491.7998046875,4493.10009765625,4491.7001953125,4492.5,29
2026-06-05 10:18:00+00:00,4492.10009765625,4492.10009765625,4491.60009765625,4491.60009765625,4
2026-06-05 10:19:00+00:00,4492.10009765625,4492.10009765625,4491.7998046875,4491.89990234375,4
2026-06-05 10:20:00+00:00,4492.7998046875,4493.2001953125,4492.60009765625,4492.60009765625,12
2026-06-05 10:21:00+00:00,4494.39990234375,4494.39990234375,4492.7001953125,4492.7001953125,55
2026-06-05 10:22:00+00:00,4493.7998046875,4494.10009765625,4492.7001953125,4494.10009765625,24
2026-06-05 10:23:00+00:00,4494.89990234375,4494.89990234375,4494.0,4494.0,38
2026-06-05 10:24:00+00:00,4494.10009765625,4495.0,4494.10009765625,4494.89990234375,26
2026-06-05 10:25:00+00:00,4493.7998046875,4494.10009765625,4493.2998046875,4494.10009765625,22
2026-06-05 10:26:00+00:00,4492.7001953125,4493.60009765625,4492.7001953125,4493.5,19
2026-06-05 10:27:00+00:00,4492.2001953125,4492.7998046875,4492.2001953125,4492.7001953125,3
2026-06-05 10:28:00+00:00,4492.39990234375,4492.89990234375,4492.2001953125,4492.2001953125,42
2026-06-05 10:29:00+00:00,4493.2001953125,4493.2001953125,4492.5,4492.7001953125,22
2026-06-05 10:30:00+00:00,4493.2001953125,4494.10009765625,4492.89990234375,4493.2998046875,40
2026-06-05 10:31:00+00:00,4493.10009765625,4493.7001953125,4492.89990234375,4493.39990234375,22
2026-06-05 10:32:00+00:00,4492.60009765625,4493.2001953125,4492.2001953125,4493.2001953125,29
2026-06-05 10:33:00+00:00,4490.89990234375,4492.7998046875,4490.89990234375,4492.2001953125,44
2026-06-05 10:34:00+00:00,4490.0,4491.10009765625,4489.7001953125,4490.7998046875,44
2026-06-05 10:35:00+00:00,4491.0,4491.10009765625,4489.89990234375,4490.2001953125,22
2026-06-05 10:36:00+00:00,4489.60009765625,4490.89990234375,4489.60009765625,4490.89990234375,28
2026-06-05 10:37:00+00:00,4490.0,4490.0,4489.2001953125,4489.7001953125,39
2026-06-05 10:38:00+00:00,4489.7998046875,4490.2001953125,4489.7998046875,4490.2001953125,10
2026-06-05 10:39:00+00:00,4490.2001953125,4490.60009765625,4489.7998046875,4490.2001953125,12
2026-06-05 10:40:00+00:00,4490.10009765625,4490.5,4490.0,4490.5,14
2026-06-05 10:41:00+00:00,4489.5,4490.7998046875,4488.7001953125,4490.2001953125,102
2026-06-05 10:42:00+00:00,4488.7001953125,4489.5,4488.7001953125,4489.5,33
2026-06-05 10:43:00+00:00,4490.10009765625,4490.2998046875,4489.0,4489.0,33
2026-06-05 10:44:00+00:00,4491.60009765625,4491.7001953125,4490.39990234375,4490.39990234375,19
2026-06-05 10:45:00+00:00,4493.7001953125,4493.7001953125,4491.2998046875,4491.7998046875,50
2026-06-05 10:46:00+00:00,4493.39990234375,4494.2998046875,4493.10009765625,4493.7998046875,45
2026-06-05 10:47:00+00:00,4492.39990234375,4493.7998046875,4492.2001953125,4493.5,61
2026-06-05 10:48:00+00:00,4492.60009765625,4492.7001953125,4491.5,4491.7001953125,40
2026-06-05 10:49:00+00:00,4493.7998046875,4493.7998046875,4492.39990234375,4492.5,32
2026-06-05 10:50:00+00:00,4494.7998046875,4494.7998046875,4492.89990234375,4493.7998046875,336
2026-06-05 10:51:00+00:00,4494.2001953125,4494.60009765625,4494.10009765625,4494.5,9
2026-06-05 10:52:00+00:00,4493.89990234375,4494.39990234375,4493.7998046875,4493.7998046875,7
2026-06-05 10:53:00+00:00,4493.60009765625,4494.0,4493.2001953125,4494.0,24
2026-06-05 10:54:00+00:00,4493.2001953125,4493.60009765625,4492.89990234375,4493.39990234375,16
2026-06-05 10:55:00+00:00,4493.2998046875,4493.7998046875,4493.2001953125,4493.2001953125,20
2026-06-05 10:56:00+00:00,4493.5,4493.89990234375,4493.0,4493.0,15
2026-06-05 10:57:00+00:00,4493.2001953125,4494.0,4493.10009765625,4493.7001953125,70
2026-06-05 10:58:00+00:00,4493.39990234375,4493.7001953125,4493.39990234375,4493.39990234375,16
2026-06-05 10:59:00+00:00,4493.7001953125,4494.0,4493.10009765625,4493.60009765625,19
2026-06-05 11:00:00+00:00,4493.5,4494.10009765625,4492.60009765625,4493.2001953125,63
2026-06-05 11:01:00+00:00,4492.2998046875,4493.5,4492.0,4493.39990234375,43
2026-06-05 11:02:00+00:00,4490.60009765625,4492.5,4490.5,4492.39990234375,44
2026-06-05 11:03:00+00:00,4491.5,4491.89990234375,4490.89990234375,4490.89990234375,36
2026-06-05 11:04:00+00:00,4490.7001953125,4491.10009765625,4490.7001953125,4491.10009765625,8
2026-06-05 11:05:00+00:00,4491.7998046875,4491.7998046875,4491.2001953125,4491.2001953125,6
2026-06-05 11:06:00+00:00,4490.2998046875,4491.10009765625,4490.2998046875,4491.10009765625,17
2026-06-05 11:07:00+00:00,4492.2001953125,4492.2001953125,4490.10009765625,4490.10009765625,21
2026-06-05 11:08:00+00:00,4493.0,4493.39990234375,4491.60009765625,4491.60009765625,29
2026-06-05 11:09:00+00:00,4493.5,4494.0,4493.2001953125,4493.2001953125,24
2026-06-05 11:10:00+00:00,4493.10009765625,4494.0,4493.10009765625,4493.2998046875,22
2026-06-05 11:11:00+00:00,4493.0,4493.0,4492.10009765625,4492.7001953125,12
2026-06-05 11:12:00+00:00,4491.7001953125,4492.39990234375,4491.60009765625,4492.39990234375,35
2026-06-05 11:13:00+00:00,4490.10009765625,4491.7001953125,4489.89990234375,4491.7001953125,57
2026-06-05 11:14:00+00:00,4488.10009765625,4490.0,4487.7998046875,4489.89990234375,85
2026-06-05 11:15:00+00:00,4489.0,4489.10009765625,4488.10009765625,4488.10009765625,41
2026-06-05 11:16:00+00:00,4489.2001953125,4489.7001953125,4488.60009765625,4488.89990234375,32
2026-06-05 11:17:00+00:00,4490.2001953125,4490.39990234375,4489.39990234375,4489.39990234375,26
2026-06-05 11:18:00+00:00,4489.5,4490.2998046875,4489.10009765625,4489.89990234375,18
2026-06-05 11:19:00+00:00,4488.60009765625,4489.89990234375,4487.7001953125,4489.39990234375,70
2026-06-05 11:20:00+00:00,4489.2001953125,4489.2001953125,4488.7998046875,4488.7998046875,56
2026-06-05 11:21:00+00:00,4489.2001953125,4489.2001953125,4488.2001953125,4488.89990234375,21
2026-06-05 11:22:00+00:00,4490.2001953125,4490.7998046875,4489.2998046875,4489.2998046875,39
2026-06-05 11:23:00+00:00,4489.89990234375,4489.89990234375,4489.39990234375,4489.89990234375,16
2026-06-05 11:24:00+00:00,4488.2998046875,4490.2001953125,4484.7998046875,4490.2001953125,405
2026-06-05 11:25:00+00:00,4489.39990234375,4489.60009765625,4488.7001953125,4488.7001953125,21
2026-06-05 11:26:00+00:00,4490.2998046875,4491.0,4489.5,4489.7001953125,43
2026-06-05 11:27:00+00:00,4491.7001953125,4492.2001953125,4490.5,4490.7998046875,39
2026-06-05 11:28:00+00:00,4492.10009765625,4493.0,4491.2001953125,4491.5,59
2026-06-05 11:29:00+00:00,4493.10009765625,4493.10009765625,4491.60009765625,4492.5,40
2026-06-05 11:30:00+00:00,4493.10009765625,4493.5,4492.2001953125,4492.7998046875,44
2026-06-05 11:31:00+00:00,4492.7998046875,4494.2998046875,4492.7998046875,4493.60009765625,83
2026-06-05 11:32:00+00:00,4492.7998046875,4493.10009765625,4492.39990234375,4492.60009765625,34
2026-06-05 11:33:00+00:00,4491.89990234375,4492.7998046875,4491.39990234375,4492.5,45
2026-06-05 11:34:00+00:00,4492.2001953125,4493.0,4491.7001953125,4491.7001953125,39
2026-06-05 11:35:00+00:00,4491.7001953125,4492.5,4491.7001953125,4492.2001953125,13
2026-06-05 11:36:00+00:00,4491.10009765625,4491.89990234375,4490.39990234375,4491.60009765625,31
2026-06-05 11:37:00+00:00,4493.2001953125,4493.2001953125,4491.2998046875,4491.2998046875,21
2026-06-05 11:38:00+00:00,4493.7998046875,4493.7998046875,4492.60009765625,4493.2998046875,44
2026-06-05 11:39:00+00:00,4490.2001953125,4493.60009765625,4490.0,4493.5,103
2026-06-05 11:40:00+00:00,4490.10009765625,4491.2998046875,4490.10009765625,4490.5,54
2026-06-05 11:41:00+00:00,4492.0,4492.0,4490.10009765625,4490.10009765625,13
2026-06-05 11:42:00+00:00,4492.5,4492.5,4492.0,4492.0,7
2026-06-05 11:43:00+00:00,4492.2001953125,4492.39990234375,4491.7998046875,4492.39990234375,14
2026-06-05 11:44:00+00:00,4491.7998046875,4492.2998046875,4491.10009765625,4492.2998046875,14
2026-06-05 11:45:00+00:00,4491.5,4492.0,4491.5,4491.7001953125,4
2026-06-05 11:46:00+00:00,4491.5,4491.5,4490.89990234375,4491.0,7
2026-06-05 11:47:00+00:00,4493.7001953125,4494.2001953125,4491.60009765625,4492.0,277
2026-06-05 11:48:00+00:00,4493.7998046875,4494.0,4492.89990234375,4493.39990234375,20
2026-06-05 11:49:00+00:00,4493.60009765625,4494.0,4492.5,4494.0,43
2026-06-05 11:50:00+00:00,4494.7998046875,4494.7998046875,4493.60009765625,4494.0,60
2026-06-05 11:51:00+00:00,4501.7001953125,4502.0,4494.60009765625,4494.60009765625,218
2026-06-05 11:52:00+00:00,4498.2998046875,4502.2001953125,4497.60009765625,4502.0,174
2026-06-05 11:53:00+00:00,4498.0,4499.89990234375,4497.89990234375,4498.39990234375,84
2026-06-05 11:54:00+00:00,4498.7998046875,4499.5,4497.7001953125,4497.89990234375,55
2026-06-05 11:55:00+00:00,4497.5,4499.2998046875,4497.10009765625,4499.2998046875,57
2026-06-05 11:56:00+00:00,4495.39990234375,4497.2998046875,4495.10009765625,4497.2998046875,50
2026-06-05 11:57:00+00:00,4496.10009765625,4496.39990234375,4494.60009765625,4495.10009765625,87
2026-06-05 11:58:00+00:00,4497.2001953125,4497.60009765625,4495.60009765625,4496.2001953125,41
2026-06-05 11:59:00+00:00,4497.0,4497.5,4496.2001953125,4497.2998046875,49
2026-06-05 12:00:00+00:00,4496.7001953125,4497.7998046875,4496.2998046875,4497.39990234375,82
2026-06-05 12:01:00+00:00,4494.60009765625,4496.89990234375,4494.39990234375,4496.39990234375,117
2026-06-05 12:02:00+00:00,4494.89990234375,4495.2998046875,4493.89990234375,4494.7998046875,43
2026-06-05 12:03:00+00:00,4493.7998046875,4495.2001953125,4493.7998046875,4494.89990234375,63
2026-06-05 12:04:00+00:00,4492.0,4493.7998046875,4491.0,4493.7998046875,138
2026-06-05 12:05:00+00:00,4493.7001953125,4493.7001953125,4491.7998046875,4492.0,27
2026-06-05 12:06:00+00:00,4493.60009765625,4493.89990234375,4493.2998046875,4493.7998046875,19
2026-06-05 12:07:00+00:00,4494.2998046875,4494.60009765625,4493.7001953125,4493.89990234375,39
2026-06-05 12:08:00+00:00,4493.0,4494.7998046875,4492.60009765625,4494.39990234375,34
2026-06-05 12:09:00+00:00,4494.60009765625,4495.0,4492.5,4493.10009765625,79
2026-06-05 12:10:00+00:00,4496.10009765625,4496.10009765625,4494.89990234375,4495.0,31
2026-06-05 12:11:00+00:00,4495.60009765625,4498.10009765625,4495.60009765625,4496.7998046875,48
2026-06-05 12:12:00+00:00,4494.0,4496.10009765625,4493.7998046875,4496.10009765625,106
2026-06-05 12:13:00+00:00,4496.2998046875,4496.7998046875,4493.7001953125,4493.7001953125,67
2026-06-05 12:14:00+00:00,4496.2001953125,4496.60009765625,4494.7001953125,4496.2001953125,79
2026-06-05 12:15:00+00:00,4495.5,4496.2001953125,4495.0,4495.89990234375,32
2026-06-05 12:16:00+00:00,4496.2001953125,4496.7001953125,4495.0,4495.0,30
2026-06-05 12:17:00+00:00,4496.10009765625,4496.39990234375,4495.2001953125,4496.2001953125,80
2026-06-05 12:18:00+00:00,4497.60009765625,4498.7998046875,4495.89990234375,4495.89990234375,104
2026-06-05 12:19:00+00:00,4499.89990234375,4500.60009765625,4497.39990234375,4497.7998046875,128
2026-06-05 12:20:00+00:00,4496.0,4502.7998046875,4495.5,4499.7001953125,387
2026-06-05 12:21:00+00:00,4496.5,4497.0,4495.39990234375,4496.39990234375,133
2026-06-05 12:22:00+00:00,4496.60009765625,4497.2998046875,4495.2001953125,4496.2001953125,139
2026-06-05 12:23:00+00:00,4495.5,4497.2001953125,4493.7998046875,4496.5,268
2026-06-05 12:24:00+00:00,4495.2001953125,4495.7998046875,4494.10009765625,4495.60009765625,110
2026-06-05 12:25:00+00:00,4492.39990234375,4496.0,4492.39990234375,4495.2001953125,150
2026-06-05 12:26:00+00:00,4491.7998046875,4493.7998046875,4491.39990234375,4492.89990234375,124
2026-06-05 12:27:00+00:00,4490.60009765625,4491.7998046875,4489.39990234375,4491.7998046875,179
2026-06-05 12:28:00+00:00,4489.10009765625,4491.0,4488.10009765625,4490.7998046875,140
2026-06-05 12:29:00+00:00,4491.0,4491.89990234375,4489.2001953125,4489.5,128
2026-06-05 12:30:00+00:00,4477.60009765625,4493.5,4473.7001953125,4493.5,1040
2026-06-05 12:31:00+00:00,4477.39990234375,4478.89990234375,4473.2001953125,4477.39990234375,691
2026-06-05 12:32:00+00:00,4477.89990234375,4479.5,4475.89990234375,4477.39990234375,343
2026-06-05 12:33:00+00:00,4481.2001953125,4481.5,4476.39990234375,4476.89990234375,271
2026-06-05 12:34:00+00:00,4479.2001953125,4482.5,4477.7998046875,4481.39990234375,409
2026-06-05 12:35:00+00:00,4475.0,4480.39990234375,4475.0,4479.2001953125,350
2026-06-05 12:36:00+00:00,4467.89990234375,4475.10009765625,4465.5,4474.7998046875,1221
2026-06-05 12:37:00+00:00,4467.89990234375,4470.7998046875,4467.2001953125,4468.10009765625,363
2026-06-05 12:38:00+00:00,4467.89990234375,4470.5,4466.39990234375,4468.2001953125,415
2026-06-05 12:39:00+00:00,4470.0,4471.89990234375,4467.7998046875,4468.2998046875,370
2026-06-05 12:40:00+00:00,4472.89990234375,4473.60009765625,4469.10009765625,4470.2998046875,213
2026-06-05 12:41:00+00:00,4472.5,4474.60009765625,4470.2001953125,4473.0,331
2026-06-05 12:42:00+00:00,4471.60009765625,4474.0,4470.7998046875,4472.5,127
2026-06-05 12:43:00+00:00,4473.10009765625,4473.39990234375,4469.39990234375,4471.0,210
2026-06-05 12:44:00+00:00,4472.10009765625,4473.60009765625,4471.2001953125,4473.2001953125,181
2026-06-05 12:45:00+00:00,4473.39990234375,4474.2998046875,4470.2998046875,4472.10009765625,241
2026-06-05 12:46:00+00:00,4474.10009765625,4475.7001953125,4472.2998046875,4473.5,152
2026-06-05 12:47:00+00:00,4472.0,4475.0,4471.89990234375,4474.0,243
2026-06-05 12:48:00+00:00,4470.60009765625,4473.5,4470.10009765625,4472.0,173
2026-06-05 12:49:00+00:00,4466.60009765625,4470.7998046875,4466.2998046875,4470.7998046875,358
2026-06-05 12:50:00+00:00,4463.39990234375,4467.10009765625,4460.60009765625,4466.2998046875,665
2026-06-05 12:51:00+00:00,4454.10009765625,4463.2998046875,4452.89990234375,4463.2998046875,762
2026-06-05 12:52:00+00:00,4449.10009765625,4458.2998046875,4446.60009765625,4453.7998046875,1835
2026-06-05 12:53:00+00:00,4447.7001953125,4450.89990234375,4446.10009765625,4448.89990234375,565
2026-06-05 12:54:00+00:00,4443.0,4448.5,4442.89990234375,4447.10009765625,763
2026-06-05 12:55:00+00:00,4442.2998046875,4446.0,4438.89990234375,4443.10009765625,960
2026-06-05 12:56:00+00:00,4439.0,4442.0,4438.2001953125,4442.0,461
2026-06-05 12:57:00+00:00,4436.89990234375,4439.2998046875,4434.2001953125,4439.2001953125,808
2026-06-05 12:58:00+00:00,4438.5,4441.39990234375,4435.0,4436.89990234375,500
2026-06-05 12:59:00+00:00,4432.10009765625,4438.60009765625,4430.10009765625,4438.60009765625,891
2026-06-05 13:00:00+00:00,4430.7001953125,4432.89990234375,4425.2001953125,4432.0,1458
2026-06-05 13:01:00+00:00,4442.2998046875,4442.2998046875,4430.0,4430.7001953125,879
2026-06-05 13:02:00+00:00,4438.7998046875,4444.10009765625,4438.2001953125,4441.7998046875,872
2026-06-05 13:03:00+00:00,4436.0,4438.39990234375,4434.10009765625,4438.39990234375,526
2026-06-05 13:04:00+00:00,4437.60009765625,4437.7001953125,4433.7001953125,4435.89990234375,373
2026-06-05 13:05:00+00:00,4439.89990234375,4440.10009765625,4437.10009765625,4437.89990234375,326
2026-06-05 13:06:00+00:00,4436.0,4439.39990234375,4433.0,4439.39990234375,423
2026-06-05 13:07:00+00:00,4441.10009765625,4442.0,4435.0,4435.89990234375,206
2026-06-05 13:08:00+00:00,4442.89990234375,4442.89990234375,4439.60009765625,4440.89990234375,173
2026-06-05 13:09:00+00:00,4442.10009765625,4445.39990234375,4440.5,4442.7001953125,426
2026-06-05 13:10:00+00:00,4442.10009765625,4443.0,4439.89990234375,4441.7001953125,227
2026-06-05 13:11:00+00:00,4443.7998046875,4445.10009765625,4441.89990234375,4442.7998046875,137
2026-06-05 13:12:00+00:00,4443.89990234375,4446.39990234375,4443.2998046875,4443.60009765625,193
2026-06-05 13:13:00+00:00,4441.7001953125,4445.7998046875,4440.7998046875,4444.2001953125,207
2026-06-05 13:14:00+00:00,4443.89990234375,4446.2001953125,4442.2998046875,4442.2998046875,190
2026-06-05 13:15:00+00:00,4443.0,4444.89990234375,4441.89990234375,4443.60009765625,239
2026-06-05 13:16:00+00:00,4443.10009765625,4446.60009765625,4442.10009765625,4442.89990234375,273
2026-06-05 13:17:00+00:00,4442.5,4445.39990234375,4441.5,4442.7998046875,136
2026-06-05 13:18:00+00:00,4444.2001953125,4445.10009765625,4441.2998046875,4442.2001953125,146
2026-06-05 13:19:00+00:00,4443.0,4444.5,4441.7998046875,4444.5,140
2026-06-05 13:20:00+00:00,4441.0,4443.2001953125,4439.39990234375,4443.2001953125,294
2026-06-05 13:21:00+00:00,4443.60009765625,4446.2998046875,4441.10009765625,4441.10009765625,286
2026-06-05 13:22:00+00:00,4441.2001953125,4445.2001953125,4441.2001953125,4443.39990234375,154
2026-06-05 13:23:00+00:00,4440.7001953125,4441.7998046875,4437.7998046875,4441.2998046875,231
2026-06-05 13:24:00+00:00,4435.5,4441.10009765625,4435.0,4440.7001953125,304
2026-06-05 13:25:00+00:00,4438.0,4439.10009765625,4435.7998046875,4435.7998046875,171
2026-06-05 13:26:00+00:00,4437.39990234375,4440.7001953125,4436.7998046875,4437.89990234375,254
2026-06-05 13:27:00+00:00,4435.7001953125,4437.7001953125,4435.60009765625,4437.60009765625,179
2026-06-05 13:28:00+00:00,4433.89990234375,4438.2001953125,4433.7001953125,4436.7001953125,174
2026-06-05 13:29:00+00:00,4430.5,4434.10009765625,4429.60009765625,4433.89990234375,534
2026-06-05 13:30:00+00:00,4425.0,4433.89990234375,4423.5,4430.7998046875,1017
2026-06-05 13:31:00+00:00,4430.39990234375,4430.39990234375,4423.2998046875,4425.0,634
2026-06-05 13:32:00+00:00,4434.7998046875,4435.5,4430.2001953125,4430.2998046875,367
2026-06-05 13:33:00+00:00,4430.89990234375,4435.10009765625,4427.2998046875,4434.7998046875,359
2026-06-05 13:34:00+00:00,4430.7001953125,4432.7998046875,4429.0,4430.60009765625,279
2026-06-05 13:35:00+00:00,4429.5,4430.2998046875,4425.39990234375,4430.2998046875,239
2026-06-05 13:36:00+00:00,4423.5,4430.0,4423.5,4429.7998046875,276
2026-06-05 13:37:00+00:00,4414.7998046875,4424.39990234375,4414.5,4424.10009765625,1100
2026-06-05 13:38:00+00:00,4413.7001953125,4415.39990234375,4411.2001953125,4414.60009765625,668
2026-06-05 13:39:00+00:00,4417.5,4417.89990234375,4412.0,4413.0,437
2026-06-05 13:40:00+00:00,4422.0,4422.89990234375,4415.60009765625,4417.2998046875,514
2026-06-05 13:41:00+00:00,4416.89990234375,4423.7001953125,4415.60009765625,4421.7998046875,549
2026-06-05 13:42:00+00:00,4416.0,4417.7001953125,4413.7001953125,4416.2998046875,314
2026-06-05 13:43:00+00:00,4415.2001953125,4419.10009765625,4413.60009765625,4416.10009765625,294
2026-06-05 13:44:00+00:00,4414.7001953125,4416.7998046875,4413.60009765625,4415.0,215
2026-06-05 13:45:00+00:00,4411.39990234375,4416.2998046875,4410.10009765625,4414.2998046875,587
2026-06-05 13:46:00+00:00,4414.0,4414.5,4410.89990234375,4411.60009765625,354
2026-06-05 13:47:00+00:00,4409.5,4414.89990234375,4408.60009765625,4413.2998046875,472
2026-06-05 13:48:00+00:00,4413.0,4413.2998046875,4409.39990234375,4410.10009765625,267
2026-06-05 13:49:00+00:00,4409.10009765625,4413.10009765625,4408.39990234375,4413.10009765625,409
2026-06-05 13:50:00+00:00,4408.2001953125,4411.5,4407.60009765625,4408.7001953125,526
2026-06-05 13:51:00+00:00,4411.60009765625,4412.39990234375,4407.7998046875,4408.5,460
2026-06-05 13:52:00+00:00,4410.7001953125,4413.2998046875,4406.7998046875,4411.7998046875,826
2026-06-05 13:53:00+00:00,4409.0,4412.7001953125,4408.10009765625,4410.60009765625,510
2026-06-05 13:54:00+00:00,4410.2998046875,4411.7998046875,4407.10009765625,4408.89990234375,320
2026-06-05 13:55:00+00:00,4407.39990234375,4411.10009765625,4407.0,4410.39990234375,406
2026-06-05 13:56:00+00:00,4404.39990234375,4409.2998046875,4401.7001953125,4407.60009765625,778
2026-06-05 13:57:00+00:00,4402.2001953125,4405.60009765625,4401.5,4404.39990234375,319
2026-06-05 13:58:00+00:00,4403.2001953125,4403.7998046875,4401.0,4402.2001953125,387
2026-06-05 13:59:00+00:00,4390.5,4403.2001953125,4390.0,4402.89990234375,2130
2026-06-05 14:00:00+00:00,4392.7001953125,4393.2998046875,4388.7998046875,4390.39990234375,1471
2026-06-05 14:01:00+00:00,4392.39990234375,4393.60009765625,4388.2998046875,4392.60009765625,759
2026-06-05 14:02:00+00:00,4402.39990234375,4404.2001953125,4392.10009765625,4392.10009765625,1442
2026-06-05 14:03:00+00:00,4401.5,4404.0,4399.0,4402.0,810
2026-06-05 14:04:00+00:00,4396.60009765625,4401.7001953125,4391.0,4401.39990234375,739
2026-06-05 14:05:00+00:00,4395.2998046875,4400.7998046875,4394.39990234375,4396.60009765625,461
2026-06-05 14:06:00+00:00,4391.5,4395.5,4388.10009765625,4395.10009765625,657
2026-06-05 14:07:00+00:00,4393.7001953125,4395.2001953125,4391.2998046875,4391.2998046875,367
2026-06-05 14:08:00+00:00,4399.0,4399.0,4392.89990234375,4393.5,789
2026-06-05 14:09:00+00:00,4399.2001953125,4402.2998046875,4396.0,4398.7001953125,570
2026-06-05 14:10:00+00:00,4398.0,4401.7001953125,4397.60009765625,4399.2001953125,591
2026-06-05 14:11:00+00:00,4392.5,4398.7001953125,4391.2001953125,4397.7998046875,479
2026-06-05 14:12:00+00:00,4393.89990234375,4394.7998046875,4390.5,4392.60009765625,447
2026-06-05 14:13:00+00:00,4390.2001953125,4393.7998046875,4389.5,4393.7998046875,490
2026-06-05 14:14:00+00:00,4391.10009765625,4391.2001953125,4388.39990234375,4390.2998046875,386
2026-06-05 14:15:00+00:00,4391.7998046875,4393.0,4389.39990234375,4390.89990234375,308
2026-06-05 14:16:00+00:00,4390.2998046875,4392.10009765625,4389.39990234375,4392.10009765625,192
2026-06-05 14:17:00+00:00,4392.39990234375,4392.7001953125,4389.5,4390.5,220
2026-06-05 14:18:00+00:00,4392.0,4393.0,4390.10009765625,4392.2998046875,173
2026-06-05 14:19:00+00:00,4394.60009765625,4395.39990234375,4391.5,4391.89990234375,339
2026-06-05 14:20:00+00:00,4394.7998046875,4395.2001953125,4391.10009765625,4394.2998046875,381
2026-06-05 14:21:00+00:00,4391.0,4395.60009765625,4388.89990234375,4395.10009765625,548
2026-06-05 14:22:00+00:00,4382.10009765625,4391.0,4381.39990234375,4390.89990234375,1384
2026-06-05 14:23:00+00:00,4384.5,4386.7998046875,4380.89990234375,4382.10009765625,446
2026-06-05 14:24:00+00:00,4382.2998046875,4385.39990234375,4380.0,4384.2998046875,715
2026-06-05 14:25:00+00:00,4379.0,4384.39990234375,4377.5,4382.0,686
2026-06-05 14:26:00+00:00,4380.89990234375,4381.2998046875,4377.5,4379.10009765625,491
2026-06-05 14:27:00+00:00,4383.89990234375,4384.89990234375,4380.60009765625,4380.89990234375,247
2026-06-05 14:28:00+00:00,4384.2001953125,4384.2001953125,4381.5,4383.5,315
2026-06-05 14:29:00+00:00,4385.7001953125,4386.5,4382.7998046875,4383.89990234375,358
2026-06-05 14:30:00+00:00,4386.39990234375,4388.7998046875,4385.5,4385.7001953125,793
2026-06-05 14:31:00+00:00,4382.10009765625,4386.7998046875,4379.10009765625,4386.2998046875,734
2026-06-05 14:32:00+00:00,4384.10009765625,4388.0,4382.2001953125,4382.39990234375,349
2026-06-05 14:33:00+00:00,4374.5,4384.7998046875,4374.2998046875,4384.2998046875,527
2026-06-05 14:34:00+00:00,4378.2998046875,4379.10009765625,4374.2998046875,4374.60009765625,536
2026-06-05 14:35:00+00:00,4379.39990234375,4379.5,4375.2001953125,4377.7998046875,226
2026-06-05 14:36:00+00:00,4377.0,4379.2001953125,4372.2001953125,4379.10009765625,632
2026-06-05 14:37:00+00:00,4377.7998046875,4378.89990234375,4372.89990234375,4377.10009765625,249
2026-06-05 14:38:00+00:00,4373.7001953125,4378.2001953125,4372.7998046875,4377.60009765625,253
2026-06-05 14:39:00+00:00,4373.2001953125,4375.7001953125,4372.7998046875,4374.0,200
2026-06-05 14:40:00+00:00,4373.2998046875,4373.89990234375,4370.39990234375,4373.60009765625,290
2026-06-05 14:41:00+00:00,4374.89990234375,4375.2998046875,4372.10009765625,4373.39990234375,239
2026-06-05 14:42:00+00:00,4373.60009765625,4375.2001953125,4370.7998046875,4375.2001953125,140
2026-06-05 14:43:00+00:00,4371.7001953125,4374.5,4370.2001953125,4374.2001953125,209
2026-06-05 14:44:00+00:00,4374.39990234375,4374.39990234375,4369.39990234375,4371.5,233
2026-06-05 14:45:00+00:00,4377.2998046875,4377.60009765625,4373.10009765625,4373.7998046875,257
2026-06-05 14:46:00+00:00,4378.2998046875,4379.39990234375,4375.0,4377.0,321
2026-06-05 14:47:00+00:00,4380.60009765625,4380.89990234375,4377.39990234375,4378.39990234375,454
2026-06-05 14:48:00+00:00,4380.0,4384.39990234375,4378.7998046875,4380.39990234375,508
2026-06-05 14:49:00+00:00,4381.2998046875,4382.10009765625,4378.2998046875,4379.7998046875,179
2026-06-05 14:50:00+00:00,4384.2998046875,4384.7001953125,4379.7998046875,4380.7998046875,225
2026-06-05 14:51:00+00:00,4390.89990234375,4391.7998046875,4383.89990234375,4384.10009765625,988
2026-06-05 14:52:00+00:00,4385.60009765625,4390.89990234375,4385.2001953125,4390.89990234375,446
2026-06-05 14:53:00+00:00,4388.10009765625,4388.2998046875,4384.0,4385.89990234375,263
2026-06-05 14:54:00+00:00,4387.7001953125,4388.7001953125,4385.5,4388.10009765625,170
2026-06-05 14:55:00+00:00,4389.10009765625,4389.7001953125,4385.5,4387.60009765625,295
2026-06-05 14:56:00+00:00,4390.2001953125,4392.39990234375,4388.39990234375,4389.2001953125,346
2026-06-05 14:57:00+00:00,4393.60009765625,4394.2998046875,4389.7998046875,4390.5,246
2026-06-05 14:58:00+00:00,4392.0,4394.5,4392.0,4393.60009765625,270
2026-06-05 14:59:00+00:00,4394.60009765625,4394.89990234375,4389.89990234375,4391.89990234375,250
2026-06-05 15:00:00+00:00,4394.0,4397.2998046875,4392.89990234375,4394.60009765625,359
2026-06-05 15:01:00+00:00,4392.5,4394.39990234375,4391.89990234375,4393.89990234375,189
2026-06-05 15:02:00+00:00,4391.39990234375,4392.7001953125,4387.60009765625,4392.2998046875,317
2026-06-05 15:03:00+00:00,4391.0,4393.39990234375,4390.7001953125,4391.2998046875,127
2026-06-05 15:04:00+00:00,4393.10009765625,4393.2001953125,4390.89990234375,4391.0,175
2026-06-05 15:05:00+00:00,4391.89990234375,4394.10009765625,4391.89990234375,4392.89990234375,146
2026-06-05 15:06:00+00:00,4391.10009765625,4393.39990234375,4390.5,4392.2998046875,114
2026-06-05 15:07:00+00:00,4390.0,4391.7998046875,4389.5,4391.10009765625,122
2026-06-05 15:08:00+00:00,4388.39990234375,4390.10009765625,4387.2001953125,4389.89990234375,172
2026-06-05 15:09:00+00:00,4386.89990234375,4391.2998046875,4386.7001953125,4388.7001953125,194
2026-06-05 15:10:00+00:00,4385.39990234375,4386.89990234375,4384.0,4386.60009765625,230
2026-06-05 15:11:00+00:00,4383.39990234375,4386.89990234375,4382.60009765625,4385.2998046875,159
2026-06-05 15:12:00+00:00,4384.7998046875,4385.5,4382.7998046875,4383.60009765625,112
2026-06-05 15:13:00+00:00,4384.60009765625,4384.89990234375,4383.0,4384.39990234375,188
2026-06-05 15:14:00+00:00,4378.0,4384.7998046875,4377.5,4384.7998046875,461
2026-06-05 15:15:00+00:00,4378.2001953125,4380.60009765625,4377.39990234375,4377.89990234375,386
2026-06-05 15:16:00+00:00,4376.7998046875,4378.39990234375,4375.7998046875,4378.2001953125,275
2026-06-05 15:17:00+00:00,4375.0,4377.0,4373.89990234375,4376.7998046875,331
2026-06-05 15:18:00+00:00,4376.5,4376.5,4374.5,4375.10009765625,157
2026-06-05 15:19:00+00:00,4380.2001953125,4380.89990234375,4376.2998046875,4376.2998046875,252
2026-06-05 15:20:00+00:00,4374.2001953125,4380.2001953125,4372.89990234375,4380.0,228
2026-06-05 15:21:00+00:00,4375.39990234375,4375.89990234375,4373.39990234375,4374.10009765625,189
2026-06-05 15:22:00+00:00,4375.5,4376.10009765625,4374.10009765625,4375.5,112
2026-06-05 15:23:00+00:00,4377.10009765625,4383.10009765625,4374.60009765625,4375.89990234375,570
2026-06-05 15:24:00+00:00,4377.5,4377.7001953125,4376.2001953125,4377.2998046875,107
2026-06-05 15:25:00+00:00,4377.2001953125,4379.39990234375,4376.5,4377.39990234375,132
2026-06-05 15:26:00+00:00,4377.7001953125,4379.10009765625,4375.7001953125,4376.7998046875,106
2026-06-05 15:27:00+00:00,4379.7001953125,4380.2998046875,4377.0,4378.0,96
2026-06-05 15:28:00+00:00,4376.2001953125,4380.2001953125,4376.2001953125,4380.0,152
2026-06-05 15:29:00+00:00,4376.7998046875,4378.0,4374.5,4376.2001953125,123
2026-06-05 15:30:00+00:00,4379.0,4380.10009765625,4376.5,4377.0,158
2026-06-05 15:31:00+00:00,4376.7998046875,4379.2998046875,4375.0,4379.10009765625,141
2026-06-05 15:32:00+00:00,4376.39990234375,4377.2998046875,4375.7001953125,4377.2001953125,203
2026-06-05 15:33:00+00:00,4372.10009765625,4376.7998046875,4371.60009765625,4376.39990234375,178
2026-06-05 15:34:00+00:00,4371.7998046875,4372.60009765625,4370.10009765625,4372.39990234375,449
2026-06-05 15:35:00+00:00,4373.7998046875,4374.5,4371.7998046875,4371.7998046875,117
2026-06-05 15:36:00+00:00,4372.10009765625,4374.5,4371.7998046875,4374.0,137
2026-06-05 15:37:00+00:00,4367.89990234375,4374.2998046875,4367.0,4372.2998046875,335
2026-06-05 15:38:00+00:00,4361.89990234375,4368.5,4361.5,4367.89990234375,734
2026-06-05 15:39:00+00:00,4365.60009765625,4365.60009765625,4361.2998046875,4362.5,322
2026-06-05 15:40:00+00:00,4364.60009765625,4365.60009765625,4362.2001953125,4364.89990234375,164
2026-06-05 15:41:00+00:00,4361.2001953125,4364.5,4360.5,4364.39990234375,315
2026-06-05 15:42:00+00:00,4365.7998046875,4366.0,4361.10009765625,4361.10009765625,195
2026-06-05 15:43:00+00:00,4366.39990234375,4366.7001953125,4364.2998046875,4365.60009765625,141
2026-06-05 15:44:00+00:00,4363.2998046875,4366.60009765625,4363.2001953125,4366.10009765625,120
2026-06-05 15:45:00+00:00,4364.2001953125,4365.10009765625,4362.60009765625,4363.39990234375,155
2026-06-05 15:46:00+00:00,4363.2998046875,4364.5,4362.2998046875,4364.2998046875,137
2026-06-05 15:47:00+00:00,4363.39990234375,4366.2001953125,4363.39990234375,4363.7001953125,154
2026-06-05 15:48:00+00:00,4363.2998046875,4363.89990234375,4362.60009765625,4363.0,81
2026-06-05 15:49:00+00:00,4364.39990234375,4364.39990234375,4361.5,4363.0,61
2026-06-05 15:50:00+00:00,4362.7001953125,4366.0,4362.60009765625,4364.0,121
2026-06-05 15:51:00+00:00,4364.10009765625,4365.5,4361.7998046875,4362.7998046875,161
2026-06-05 15:52:00+00:00,4366.0,4366.10009765625,4363.60009765625,4364.0,77
2026-06-05 15:53:00+00:00,4365.2001953125,4366.39990234375,4365.0,4365.7998046875,53
2026-06-05 15:54:00+00:00,4365.5,4366.89990234375,4364.7998046875,4365.5,118
2026-06-05 15:55:00+00:00,4364.2001953125,4366.10009765625,4362.39990234375,4365.5,156
2026-06-05 15:56:00+00:00,4363.89990234375,4365.7998046875,4363.7998046875,4364.39990234375,141
2026-06-05 15:57:00+00:00,4363.39990234375,4364.5,4361.2998046875,4363.89990234375,145
2026-06-05 15:58:00+00:00,4359.7001953125,4363.2998046875,4359.10009765625,4363.2998046875,302
2026-06-05 15:59:00+00:00,4360.39990234375,4361.60009765625,4358.7998046875,4359.7001953125,244
2026-06-05 16:00:00+00:00,4357.2998046875,4361.0,4355.7998046875,4360.2998046875,419
2026-06-05 16:01:00+00:00,4357.89990234375,4359.0,4355.5,4357.39990234375,261
2026-06-05 16:02:00+00:00,4359.89990234375,4359.89990234375,4354.7001953125,4358.10009765625,228
2026-06-05 16:03:00+00:00,4360.10009765625,4366.7001953125,4359.7001953125,4360.0,564
2026-06-05 16:04:00+00:00,4359.10009765625,4360.89990234375,4358.7998046875,4360.2001953125,161
2026-06-05 16:05:00+00:00,4356.2001953125,4359.0,4355.7998046875,4359.0,177
2026-06-05 16:06:00+00:00,4354.89990234375,4356.39990234375,4354.0,4356.0,182
2026-06-05 16:07:00+00:00,4355.0,4357.7001953125,4354.5,4354.60009765625,154
2026-06-05 16:08:00+00:00,4356.60009765625,4356.89990234375,4354.5,4354.89990234375,147
2026-06-05 16:09:00+00:00,4357.7998046875,4358.89990234375,4356.0,4356.5,96
2026-06-05 16:10:00+00:00,4357.7998046875,4359.39990234375,4356.2998046875,4357.5,198
2026-06-05 16:11:00+00:00,4359.39990234375,4359.39990234375,4357.5,4357.5,128
2026-06-05 16:12:00+00:00,4361.39990234375,4361.7001953125,4358.2998046875,4359.10009765625,148
2026-06-05 16:13:00+00:00,4361.89990234375,4363.39990234375,4361.2001953125,4361.2998046875,260
2026-06-05 16:14:00+00:00,4358.2001953125,4363.0,4358.2001953125,4361.89990234375,138
2026-06-05 16:15:00+00:00,4355.2998046875,4358.60009765625,4355.0,4358.10009765625,167
2026-06-05 16:16:00+00:00,4354.2998046875,4355.60009765625,4352.0,4355.2001953125,222
2026-06-05 16:17:00+00:00,4351.7998046875,4356.10009765625,4351.5,4354.39990234375,206
2026-06-05 16:18:00+00:00,4352.60009765625,4352.7998046875,4351.39990234375,4351.89990234375,241
2026-06-05 16:19:00+00:00,4355.60009765625,4355.7998046875,4350.2998046875,4352.2998046875,409
2026-06-05 16:20:00+00:00,4351.2998046875,4355.7001953125,4351.2998046875,4355.39990234375,231
2026-06-05 16:21:00+00:00,4353.39990234375,4354.0,4350.7001953125,4351.10009765625,105
2026-06-05 16:22:00+00:00,4352.60009765625,4353.7001953125,4352.0,4353.2001953125,144
2026-06-05 16:23:00+00:00,4352.7998046875,4352.89990234375,4350.0,4352.5,205
2026-06-05 16:24:00+00:00,4353.5,4354.0,4351.7001953125,4352.89990234375,132
2026-06-05 16:25:00+00:00,4357.5,4358.39990234375,4353.0,4353.7001953125,190
2026-06-05 16:26:00+00:00,4355.2001953125,4358.60009765625,4354.89990234375,4357.7998046875,176
2026-06-05 16:27:00+00:00,4354.89990234375,4356.89990234375,4354.60009765625,4355.10009765625,135
2026-06-05 16:28:00+00:00,4356.39990234375,4357.5,4354.2001953125,4355.0,131
2026-06-05 16:29:00+00:00,4354.5,4356.0,4354.10009765625,4356.0,120
2026-06-05 16:30:00+00:00,4352.5,4354.7998046875,4351.89990234375,4354.2998046875,153
2026-06-05 16:31:00+00:00,4351.2001953125,4353.0,4349.7998046875,4352.2001953125,189
2026-06-05 16:32:00+00:00,4350.89990234375,4351.89990234375,4349.2998046875,4351.0,181
2026-06-05 16:33:00+00:00,4349.5,4352.39990234375,4349.2001953125,4350.7001953125,136
2026-06-05 16:34:00+00:00,4353.7998046875,4354.39990234375,4347.5,4349.2001953125,253
2026-06-05 16:35:00+00:00,4350.7998046875,4353.7998046875,4349.89990234375,4353.2998046875,192
2026-06-05 16:36:00+00:00,4350.39990234375,4352.10009765625,4349.89990234375,4350.60009765625,156
2026-06-05 16:37:00+00:00,4354.10009765625,4354.89990234375,4350.2998046875,4350.2998046875,139
2026-06-05 16:38:00+00:00,4356.0,4357.0,4353.89990234375,4353.89990234375,108
2026-06-05 16:39:00+00:00,4356.2998046875,4356.5,4354.7998046875,4356.0,106
2026-06-05 16:40:00+00:00,4354.2001953125,4356.7001953125,4353.10009765625,4356.2998046875,133
2026-06-05 16:41:00+00:00,4353.7001953125,4355.0,4353.7001953125,4354.0,90
2026-06-05 16:42:00+00:00,4352.10009765625,4354.10009765625,4351.7001953125,4353.7998046875,144
2026-06-05 16:43:00+00:00,4352.60009765625,4353.60009765625,4352.2001953125,4352.5,54
2026-06-05 16:44:00+00:00,4352.39990234375,4353.0,4350.7001953125,4352.39990234375,138
2026-06-05 16:45:00+00:00,4350.2998046875,4353.39990234375,4349.5,4352.2001953125,231
2026-06-05 16:46:00+00:00,4353.89990234375,4356.0,4350.5,4350.5,153
2026-06-05 16:47:00+00:00,4355.5,4355.5,4352.89990234375,4353.7001953125,100
2026-06-05 16:48:00+00:00,4357.39990234375,4357.60009765625,4354.89990234375,4355.2998046875,368
2026-06-05 16:49:00+00:00,4358.60009765625,4359.2001953125,4356.89990234375,4357.2001953125,216
2026-06-05 16:50:00+00:00,4358.2998046875,4360.10009765625,4358.2998046875,4358.60009765625,108
2026-06-05 16:51:00+00:00,4359.7001953125,4360.5,4357.89990234375,4358.2998046875,177
2026-06-05 16:52:00+00:00,4360.0,4360.2001953125,4358.60009765625,4359.2998046875,121
2026-06-05 16:53:00+00:00,4361.10009765625,4361.2998046875,4359.5,4359.7998046875,115
2026-06-05 16:54:00+00:00,4363.0,4363.89990234375,4360.60009765625,4360.89990234375,211
2026-06-05 16:55:00+00:00,4362.39990234375,4363.7998046875,4361.2001953125,4362.60009765625,192
2026-06-05 16:56:00+00:00,4364.89990234375,4365.5,4361.60009765625,4362.2998046875,239
2026-06-05 16:57:00+00:00,4368.0,4370.2998046875,4364.60009765625,4365.2998046875,524
2026-06-05 16:58:00+00:00,4367.5,4368.39990234375,4366.39990234375,4367.89990234375,230
2026-06-05 16:59:00+00:00,4369.10009765625,4369.60009765625,4366.2998046875,4367.39990234375,247
2026-06-05 17:00:00+00:00,4369.0,4371.39990234375,4367.5,4369.2998046875,265
2026-06-05 17:01:00+00:00,4365.0,4369.10009765625,4365.0,4368.89990234375,147
2026-06-05 17:02:00+00:00,4367.0,4367.2998046875,4365.10009765625,4365.2998046875,145
2026-06-05 17:03:00+00:00,4366.7998046875,4366.7998046875,4363.7998046875,4366.60009765625,208
2026-06-05 17:04:00+00:00,4368.7998046875,4370.0,4366.39990234375,4367.10009765625,251
2026-06-05 17:05:00+00:00,4367.89990234375,4368.5,4365.89990234375,4368.5,83
2026-06-05 17:06:00+00:00,4365.2998046875,4368.0,4364.7001953125,4367.89990234375,120
2026-06-05 17:07:00+00:00,4365.89990234375,4366.0,4364.10009765625,4364.89990234375,256
2026-06-05 17:08:00+00:00,4365.2001953125,4366.60009765625,4364.39990234375,4366.5,34
2026-06-05 17:09:00+00:00,4364.0,4365.5,4363.2998046875,4365.2998046875,108
2026-06-05 17:10:00+00:00,4363.2998046875,4364.7998046875,4362.5,4363.7998046875,151
2026-06-05 17:11:00+00:00,4361.89990234375,4363.60009765625,4361.39990234375,4363.2001953125,130
2026-06-05 17:12:00+00:00,4364.0,4364.39990234375,4361.0,4361.7001953125,155
2026-06-05 17:13:00+00:00,4365.2001953125,4366.2998046875,4363.7001953125,4364.2001953125,126
2026-06-05 17:14:00+00:00,4363.89990234375,4366.10009765625,4363.7001953125,4365.10009765625,53
2026-06-05 17:15:00+00:00,4366.5,4366.7998046875,4364.39990234375,4364.39990234375,153
2026-06-05 17:16:00+00:00,4363.10009765625,4366.2001953125,4362.39990234375,4366.2001953125,179
2026-06-05 17:17:00+00:00,4366.2001953125,4366.7998046875,4362.7998046875,4363.0,154
2026-06-05 17:18:00+00:00,4363.7998046875,4365.7998046875,4363.7998046875,4365.7998046875,89
2026-06-05 17:19:00+00:00,4363.39990234375,4363.89990234375,4360.7998046875,4363.7998046875,185
2026-06-05 17:20:00+00:00,4362.2001953125,4363.5,4360.2001953125,4363.39990234375,159
2026-06-05 17:21:00+00:00,4364.5,4366.2001953125,4362.10009765625,4362.10009765625,196
2026-06-05 17:22:00+00:00,4365.0,4365.89990234375,4363.7998046875,4364.39990234375,99
2026-06-05 17:23:00+00:00,4364.10009765625,4364.89990234375,4363.0,4364.7998046875,137
2026-06-05 17:24:00+00:00,4363.7998046875,4365.2998046875,4361.2998046875,4363.89990234375,312
2026-06-05 17:25:00+00:00,4363.2998046875,4366.0,4363.2001953125,4363.7998046875,186
2026-06-05 17:26:00+00:00,4363.0,4364.2998046875,4362.7998046875,4362.7998046875,93
2026-06-05 17:27:00+00:00,4363.0,4363.7001953125,4361.0,4363.0,213
2026-06-05 17:28:00+00:00,4362.2001953125,4363.60009765625,4362.2001953125,4363.10009765625,268
2026-06-05 17:29:00+00:00,4367.39990234375,4368.0,4360.7998046875,4362.2998046875,2219
2026-06-05 17:30:00+00:00,4366.7998046875,4368.39990234375,4366.0,4367.5,234
2026-06-05 17:31:00+00:00,4366.5,4367.60009765625,4365.7001953125,4366.89990234375,202
2026-06-05 17:32:00+00:00,4367.60009765625,4367.7998046875,4364.7998046875,4366.5,84
2026-06-05 17:33:00+00:00,4367.7001953125,4368.2001953125,4366.7998046875,4367.2001953125,63
2026-06-05 17:34:00+00:00,4367.60009765625,4368.39990234375,4367.2001953125,4367.5,92
2026-06-05 17:35:00+00:00,4365.89990234375,4368.5,4364.89990234375,4367.5,104
2026-06-05 17:36:00+00:00,4366.60009765625,4366.60009765625,4364.10009765625,4366.0,153
2026-06-05 17:37:00+00:00,4367.2998046875,4368.10009765625,4365.7001953125,4366.5,114
2026-06-05 17:38:00+00:00,4368.2001953125,4369.10009765625,4367.2001953125,4367.7998046875,97
2026-06-05 17:39:00+00:00,4369.60009765625,4370.0,4367.7998046875,4368.10009765625,92
2026-06-05 17:40:00+00:00,4369.2998046875,4372.0,4369.10009765625,4369.60009765625,171
2026-06-05 17:41:00+00:00,4366.0,4369.7001953125,4365.60009765625,4369.2998046875,111
2026-06-05 17:42:00+00:00,4367.10009765625,4367.7001953125,4365.10009765625,4366.2001953125,80
2026-06-05 17:43:00+00:00,4366.0,4367.2001953125,4364.89990234375,4367.2001953125,110
2026-06-05 17:44:00+00:00,4365.7001953125,4366.89990234375,4364.89990234375,4366.0,50
2026-06-05 17:45:00+00:00,4366.5,4367.5,4366.0,4366.0,65
2026-06-05 17:46:00+00:00,4365.10009765625,4366.7998046875,4364.7998046875,4366.2998046875,90
2026-06-05 17:47:00+00:00,4364.7001953125,4365.60009765625,4363.89990234375,4365.0,62
2026-06-05 17:48:00+00:00,4364.10009765625,4365.10009765625,4364.0,4364.7998046875,61
2026-06-05 17:49:00+00:00,4364.39990234375,4365.5,4362.2001953125,4364.2001953125,223
2026-06-05 17:50:00+00:00,4364.2998046875,4365.10009765625,4364.2001953125,4364.2998046875,55
2026-06-05 17:51:00+00:00,4363.5,4366.2001953125,4363.2998046875,4364.39990234375,172
2026-06-05 17:52:00+00:00,4365.10009765625,4365.39990234375,4363.5,4363.5,57
2026-06-05 17:53:00+00:00,4367.0,4367.2001953125,4365.10009765625,4365.10009765625,45
2026-06-05 17:54:00+00:00,4368.2001953125,4368.2998046875,4365.7998046875,4366.5,101
2026-06-05 17:55:00+00:00,4367.2998046875,4368.2998046875,4366.7998046875,4368.2001953125,32
2026-06-05 17:56:00+00:00,4367.10009765625,4368.0,4366.39990234375,4367.2001953125,59
2026-06-05 17:57:00+00:00,4367.7001953125,4367.7998046875,4366.0,4366.60009765625,91
2026-06-05 17:58:00+00:00,4367.89990234375,4368.0,4367.0,4367.89990234375,25
2026-06-05 17:59:00+00:00,4366.2001953125,4367.5,4365.60009765625,4367.0,50
2026-06-05 18:00:00+00:00,4365.60009765625,4366.7998046875,4365.10009765625,4366.7998046875,66
2026-06-05 18:01:00+00:00,4363.7001953125,4366.0,4363.5,4365.5,103
2026-06-05 18:02:00+00:00,4362.10009765625,4363.5,4361.7998046875,4363.5,74
2026-06-05 18:03:00+00:00,4361.2998046875,4362.7998046875,4359.39990234375,4362.2998046875,246
2026-06-05 18:04:00+00:00,4358.0,4361.5,4358.0,4361.2001953125,157
2026-06-05 18:05:00+00:00,4357.0,4359.39990234375,4357.0,4358.5,177
2026-06-05 18:06:00+00:00,4356.0,4358.0,4355.7998046875,4357.0,154
2026-06-05 18:07:00+00:00,4356.5,4357.7001953125,4354.2001953125,4356.10009765625,243
2026-06-05 18:08:00+00:00,4356.10009765625,4356.39990234375,4355.0,4356.2998046875,97
2026-06-05 18:09:00+00:00,4354.89990234375,4356.2001953125,4354.89990234375,4355.7998046875,44
2026-06-05 18:10:00+00:00,4355.2998046875,4356.60009765625,4354.5,4355.0,102
2026-06-05 18:11:00+00:00,4354.5,4356.10009765625,4353.2001953125,4355.0,167
2026-06-05 18:12:00+00:00,4353.2001953125,4354.7001953125,4352.2001953125,4354.39990234375,266
2026-06-05 18:13:00+00:00,4353.7998046875,4353.89990234375,4352.2998046875,4353.0,91
2026-06-05 18:14:00+00:00,4347.5,4353.39990234375,4347.2001953125,4353.39990234375,355
2026-06-05 18:15:00+00:00,4347.39990234375,4349.7001953125,4346.7001953125,4347.7001953125,175
2026-06-05 18:16:00+00:00,4348.39990234375,4350.10009765625,4346.2998046875,4347.7001953125,278
2026-06-05 18:17:00+00:00,4349.7998046875,4349.7998046875,4347.89990234375,4348.2001953125,89
2026-06-05 18:18:00+00:00,4349.10009765625,4351.10009765625,4348.2001953125,4349.5,115
2026-06-05 18:19:00+00:00,4350.60009765625,4351.39990234375,4348.89990234375,4349.7001953125,228
2026-06-05 18:20:00+00:00,4353.10009765625,4355.39990234375,4351.10009765625,4351.10009765625,297
2026-06-05 18:21:00+00:00,4352.2998046875,4353.7998046875,4351.0,4353.2001953125,100
2026-06-05 18:22:00+00:00,4352.7001953125,4353.0,4351.2001953125,4352.39990234375,76
2026-06-05 18:23:00+00:00,4352.2998046875,4353.89990234375,4351.89990234375,4352.60009765625,73
2026-06-05 18:24:00+00:00,4351.89990234375,4353.2998046875,4350.60009765625,4352.2998046875,68
2026-06-05 18:25:00+00:00,4350.2001953125,4352.39990234375,4349.7998046875,4351.89990234375,105
2026-06-05 18:26:00+00:00,4347.89990234375,4350.2001953125,4347.39990234375,4350.2001953125,224
2026-06-05 18:27:00+00:00,4349.7998046875,4350.2998046875,4347.39990234375,4347.7998046875,229
2026-06-05 18:28:00+00:00,4350.2001953125,4351.7001953125,4348.0,4350.0,235
2026-06-05 18:29:00+00:00,4350.2001953125,4351.7001953125,4349.7001953125,4350.0,99
2026-06-05 18:30:00+00:00,4348.89990234375,4351.2001953125,4348.10009765625,4350.2998046875,179
2026-06-05 18:31:00+00:00,4349.0,4350.39990234375,4347.10009765625,4348.5,104
2026-06-05 18:32:00+00:00,4344.39990234375,4348.89990234375,4341.7001953125,4348.89990234375,543
2026-06-05 18:33:00+00:00,4346.89990234375,4346.89990234375,4343.39990234375,4344.2001953125,390
2026-06-05 18:34:00+00:00,4349.5,4349.5,4346.10009765625,4346.60009765625,187
2026-06-05 18:35:00+00:00,4347.7998046875,4349.7001953125,4347.7001953125,4349.7001953125,100
2026-06-05 18:36:00+00:00,4349.89990234375,4350.5,4347.0,4347.89990234375,193
2026-06-05 18:37:00+00:00,4348.0,4350.10009765625,4347.7998046875,4349.7998046875,67
2026-06-05 18:38:00+00:00,4344.39990234375,4348.2001953125,4343.39990234375,4348.10009765625,134
2026-06-05 18:39:00+00:00,4344.89990234375,4345.39990234375,4344.0,4344.5,108
2026-06-05 18:40:00+00:00,4344.0,4345.60009765625,4343.5,4345.10009765625,179
2026-06-05 18:41:00+00:00,4342.89990234375,4345.2001953125,4342.89990234375,4344.10009765625,439
2026-06-05 18:42:00+00:00,4342.7998046875,4342.89990234375,4341.0,4342.89990234375,507
2026-06-05 18:43:00+00:00,4340.39990234375,4343.2998046875,4340.2998046875,4343.2001953125,316
2026-06-05 18:44:00+00:00,4343.0,4343.5,4339.7998046875,4340.39990234375,388
2026-06-05 18:45:00+00:00,4341.2001953125,4342.7001953125,4340.7998046875,4342.7001953125,73
2026-06-05 18:46:00+00:00,4341.60009765625,4343.0,4340.7998046875,4341.0,109
2026-06-05 18:47:00+00:00,4343.2998046875,4344.0,4340.89990234375,4340.89990234375,67
2026-06-05 18:48:00+00:00,4343.10009765625,4343.89990234375,4342.0,4343.2998046875,35
2026-06-05 18:49:00+00:00,4346.39990234375,4346.5,4342.7001953125,4342.7998046875,108
2026-06-05 18:50:00+00:00,4343.2001953125,4346.10009765625,4342.7001953125,4346.10009765625,76
2026-06-05 18:51:00+00:00,4342.5,4343.39990234375,4341.39990234375,4343.2998046875,44
2026-06-05 18:52:00+00:00,4342.7998046875,4343.7001953125,4342.7001953125,4343.2001953125,30
2026-06-05 18:53:00+00:00,4341.89990234375,4342.89990234375,4341.60009765625,4342.2998046875,69
2026-06-05 18:54:00+00:00,4345.10009765625,4345.10009765625,4342.0,4342.0,33
2026-06-05 18:55:00+00:00,4344.7001953125,4345.2001953125,4343.39990234375,4344.89990234375,67
2026-06-05 18:56:00+00:00,4348.7998046875,4351.39990234375,4343.5,4345.0,372
2026-06-05 18:57:00+00:00,4347.2998046875,4349.7001953125,4346.0,4348.5,142
2026-06-05 18:58:00+00:00,4348.39990234375,4349.0,4346.7998046875,4347.5,60
2026-06-05 18:59:00+00:00,4346.7001953125,4349.2001953125,4346.7001953125,4348.10009765625,85
2026-06-05 19:00:00+00:00,4342.89990234375,4348.10009765625,4342.39990234375,4347.39990234375,137
2026-06-05 19:01:00+00:00,4343.5,4343.7998046875,4341.2001953125,4342.89990234375,119
2026-06-05 19:02:00+00:00,4343.7001953125,4344.60009765625,4343.10009765625,4343.5,84
2026-06-05 19:03:00+00:00,4345.7001953125,4346.7001953125,4343.39990234375,4343.7998046875,62
2026-06-05 19:04:00+00:00,4344.60009765625,4345.7998046875,4344.0,4345.7001953125,23
2026-06-05 19:05:00+00:00,4344.2998046875,4345.39990234375,4343.89990234375,4345.10009765625,45
2026-06-05 19:06:00+00:00,4344.60009765625,4345.5,4341.39990234375,4344.5,130
2026-06-05 19:07:00+00:00,4342.89990234375,4345.10009765625,4342.60009765625,4345.10009765625,46
2026-06-05 19:08:00+00:00,4341.0,4343.0,4341.0,4343.0,73
2026-06-05 19:09:00+00:00,4344.10009765625,4344.60009765625,4341.2001953125,4341.2001953125,54
2026-06-05 19:10:00+00:00,4343.0,4344.60009765625,4342.7998046875,4344.5,39
2026-06-05 19:11:00+00:00,4342.10009765625,4343.60009765625,4342.10009765625,4342.89990234375,56
2026-06-05 19:12:00+00:00,4341.2001953125,4343.10009765625,4341.0,4342.2998046875,65
2026-06-05 19:13:00+00:00,4340.7998046875,4341.7998046875,4340.2998046875,4341.10009765625,79
2026-06-05 19:14:00+00:00,4339.7998046875,4341.10009765625,4339.5,4340.7001953125,157
2026-06-05 19:15:00+00:00,4340.0,4340.2998046875,4339.0,4339.7001953125,170
2026-06-05 19:16:00+00:00,4339.89990234375,4340.2998046875,4339.39990234375,4339.39990234375,31
2026-06-05 19:17:00+00:00,4338.60009765625,4340.89990234375,4338.60009765625,4340.0,168
2026-06-05 19:18:00+00:00,4342.39990234375,4343.60009765625,4338.2998046875,4338.7998046875,177
2026-06-05 19:19:00+00:00,4342.89990234375,4343.0,4341.60009765625,4342.0,73
2026-06-05 19:20:00+00:00,4345.2998046875,4345.5,4342.10009765625,4342.7001953125,155
2026-06-05 19:21:00+00:00,4342.7001953125,4345.7998046875,4342.2998046875,4345.39990234375,80
2026-06-05 19:22:00+00:00,4342.60009765625,4346.7001953125,4340.89990234375,4342.7998046875,395
2026-06-05 19:23:00+00:00,4340.2001953125,4342.10009765625,4339.7998046875,4342.10009765625,222
2026-06-05 19:24:00+00:00,4343.5,4343.7001953125,4340.0,4340.0,61
2026-06-05 19:25:00+00:00,4346.2001953125,4347.2001953125,4343.2001953125,4343.7001953125,104
2026-06-05 19:26:00+00:00,4344.89990234375,4346.7001953125,4344.10009765625,4346.2998046875,95
2026-06-05 19:27:00+00:00,4348.10009765625,4348.2001953125,4345.10009765625,4345.2001953125,94
2026-06-05 19:28:00+00:00,4346.89990234375,4348.60009765625,4346.89990234375,4348.5,54
2026-06-05 19:29:00+00:00,4348.60009765625,4348.60009765625,4345.89990234375,4347.39990234375,152
2026-06-05 19:30:00+00:00,4347.0,4349.5,4345.7998046875,4348.39990234375,208
2026-06-05 19:31:00+00:00,4346.89990234375,4347.2001953125,4345.2001953125,4346.10009765625,75
2026-06-05 19:32:00+00:00,4346.0,4347.5,4345.39990234375,4346.39990234375,66
2026-06-05 19:33:00+00:00,4346.7001953125,4347.7001953125,4345.7001953125,4346.0,72
2026-06-05 19:34:00+00:00,4347.5,4347.89990234375,4346.2001953125,4346.39990234375,52
2026-06-05 19:35:00+00:00,4347.7001953125,4349.2001953125,4346.89990234375,4347.2998046875,99
2026-06-05 19:36:00+00:00,4346.2998046875,4347.60009765625,4344.60009765625,4347.60009765625,133
2026-06-05 19:37:00+00:00,4347.89990234375,4348.0,4345.5,4345.5,68
2026-06-05 19:38:00+00:00,4347.2001953125,4348.10009765625,4346.39990234375,4348.0,88
2026-06-05 19:39:00+00:00,4346.7001953125,4347.2998046875,4346.0,4347.10009765625,117
2026-06-05 19:40:00+00:00,4342.7001953125,4346.7001953125,4342.5,4346.7001953125,111
2026-06-05 19:41:00+00:00,4339.5,4343.2001953125,4338.39990234375,4342.60009765625,239
2026-06-05 19:42:00+00:00,4340.7001953125,4341.5,4338.7001953125,4339.5,93
2026-06-05 19:43:00+00:00,4341.2998046875,4341.7998046875,4340.2998046875,4340.7998046875,46
2026-06-05 19:44:00+00:00,4343.10009765625,4344.7998046875,4340.39990234375,4341.39990234375,133
2026-06-05 19:45:00+00:00,4344.89990234375,4344.89990234375,4342.10009765625,4343.10009765625,86
2026-06-05 19:46:00+00:00,4345.89990234375,4345.89990234375,4343.39990234375,4344.39990234375,58
2026-06-05 19:47:00+00:00,4345.60009765625,4346.2998046875,4344.7998046875,4346.10009765625,61
2026-06-05 19:48:00+00:00,4344.60009765625,4346.7001953125,4343.7998046875,4345.60009765625,103
2026-06-05 19:49:00+00:00,4345.39990234375,4345.39990234375,4344.5,4344.60009765625,36
2026-06-05 19:50:00+00:00,4347.10009765625,4348.10009765625,4344.60009765625,4345.60009765625,143
2026-06-05 19:51:00+00:00,4345.5,4347.89990234375,4345.0,4347.0,121
2026-06-05 19:52:00+00:00,4344.5,4346.2998046875,4344.2001953125,4345.7998046875,124
2026-06-05 19:53:00+00:00,4343.10009765625,4345.7001953125,4343.10009765625,4345.0,155
2026-06-05 19:54:00+00:00,4343.2001953125,4343.7001953125,4342.5,4343.39990234375,120
2026-06-05 19:55:00+00:00,4344.60009765625,4346.39990234375,4342.0,4342.7998046875,242
2026-06-05 19:56:00+00:00,4343.2001953125,4344.5,4342.5,4344.5,58
2026-06-05 19:57:00+00:00,4343.89990234375,4344.10009765625,4343.0,4343.2998046875,111
2026-06-05 19:58:00+00:00,4342.39990234375,4343.89990234375,4341.89990234375,4343.60009765625,110
2026-06-05 19:59:00+00:00,4343.5,4344.0,4342.10009765625,4342.2998046875,257
2026-06-05 20:00:00+00:00,4340.5,4344.2001953125,4340.2998046875,4343.7001953125,151
2026-06-05 20:01:00+00:00,4340.0,4341.2998046875,4339.7998046875,4340.89990234375,63
2026-06-05 20:02:00+00:00,4338.5,4340.39990234375,4337.39990234375,4340.10009765625,168
2026-06-05 20:03:00+00:00,4337.60009765625,4339.0,4337.60009765625,4338.89990234375,44
2026-06-05 20:04:00+00:00,4338.39990234375,4339.5,4337.60009765625,4338.0,47
2026-06-05 20:05:00+00:00,4337.89990234375,4338.60009765625,4337.39990234375,4338.2998046875,70
2026-06-05 20:06:00+00:00,4338.39990234375,4338.39990234375,4336.60009765625,4337.5,128
2026-06-05 20:07:00+00:00,4338.60009765625,4338.7998046875,4337.7001953125,4338.2001953125,68
2026-06-05 20:08:00+00:00,4338.2998046875,4338.89990234375,4337.2998046875,4338.10009765625,71
2026-06-05 20:09:00+00:00,4338.89990234375,4339.5,4338.2001953125,4338.2001953125,43
2026-06-05 20:10:00+00:00,4338.60009765625,4338.89990234375,4337.10009765625,4338.2998046875,127
2026-06-05 20:11:00+00:00,4337.7001953125,4339.10009765625,4337.0,4338.60009765625,106
2026-06-05 20:12:00+00:00,4337.89990234375,4338.2998046875,4337.39990234375,4337.7001953125,42
2026-06-05 20:13:00+00:00,4340.60009765625,4340.7998046875,4337.7001953125,4337.7998046875,112
2026-06-05 20:14:00+00:00,4340.39990234375,4342.39990234375,4340.39990234375,4340.89990234375,119
2026-06-05 20:15:00+00:00,4339.0,4340.60009765625,4339.0,4340.2001953125,27
2026-06-05 20:16:00+00:00,4338.89990234375,4340.39990234375,4338.89990234375,4339.10009765625,35
2026-06-05 20:17:00+00:00,4341.39990234375,4341.39990234375,4338.5,4338.60009765625,28
2026-06-05 20:18:00+00:00,4340.2001953125,4341.10009765625,4340.2001953125,4340.60009765625,11
2026-06-05 20:19:00+00:00,4340.10009765625,4340.2998046875,4339.10009765625,4339.7998046875,23
2026-06-05 20:20:00+00:00,4339.7001953125,4341.2001953125,4339.2998046875,4340.10009765625,59
2026-06-05 20:21:00+00:00,4342.7001953125,4343.10009765625,4340.0,4340.0,124
2026-06-05 20:22:00+00:00,4342.89990234375,4344.39990234375,4342.7001953125,4343.2001953125,60
2026-06-05 20:23:00+00:00,4342.89990234375,4344.10009765625,4342.7998046875,4343.0,13
2026-06-05 20:24:00+00:00,4344.39990234375,4344.5,4342.60009765625,4342.7001953125,89
2026-06-05 20:25:00+00:00,4343.89990234375,4345.0,4343.39990234375,4344.39990234375,97
2026-06-05 20:26:00+00:00,4347.2998046875,4347.2998046875,4343.89990234375,4343.89990234375,168
2026-06-05 20:27:00+00:00,4349.7001953125,4351.39990234375,4346.60009765625,4347.39990234375,193
2026-06-05 20:28:00+00:00,4348.10009765625,4349.7998046875,4347.89990234375,4349.7998046875,66
2026-06-05 20:29:00+00:00,4347.2001953125,4348.7998046875,4346.7998046875,4348.2998046875,47
2026-06-05 20:30:00+00:00,4347.5,4348.2001953125,4347.10009765625,4347.7998046875,32
2026-06-05 20:31:00+00:00,4347.7998046875,4348.39990234375,4347.5,4347.7001953125,21
2026-06-05 20:32:00+00:00,4346.89990234375,4347.5,4346.2998046875,4347.5,35
2026-06-05 20:33:00+00:00,4346.7998046875,4347.2998046875,4346.2998046875,4346.7998046875,70
2026-06-05 20:34:00+00:00,4347.0,4347.10009765625,4346.5,4347.0,16
2026-06-05 20:35:00+00:00,4347.7998046875,4347.7998046875,4346.89990234375,4347.2001953125,23
2026-06-05 20:36:00+00:00,4348.39990234375,4349.7001953125,4347.39990234375,4348.0,60
2026-06-05 20:37:00+00:00,4349.2998046875,4349.89990234375,4347.89990234375,4348.2998046875,91
2026-06-05 20:38:00+00:00,4346.7998046875,4349.39990234375,4346.7998046875,4349.0,66
2026-06-05 20:39:00+00:00,4347.5,4348.39990234375,4346.2998046875,4346.7998046875,44
2026-06-05 20:40:00+00:00,4347.39990234375,4347.7998046875,4347.2998046875,4347.7001953125,19
2026-06-05 20:41:00+00:00,4347.5,4347.7998046875,4346.7998046875,4347.39990234375,53
2026-06-05 20:42:00+00:00,4345.7001953125,4347.2998046875,4345.7001953125,4347.10009765625,60
2026-06-05 20:43:00+00:00,4346.7001953125,4347.0,4345.60009765625,4345.7998046875,30
2026-06-05 20:44:00+00:00,4349.39990234375,4349.5,4346.10009765625,4346.2998046875,105
2026-06-05 20:45:00+00:00,4349.10009765625,4349.7998046875,4348.7998046875,4349.0,27
2026-06-05 20:46:00+00:00,4349.7998046875,4350.2998046875,4349.2001953125,4349.2998046875,32
2026-06-05 20:47:00+00:00,4352.39990234375,4352.39990234375,4349.60009765625,4350.0,96
2026-06-05 20:48:00+00:00,4354.5,4354.7001953125,4352.2998046875,4352.60009765625,101
2026-06-05 20:49:00+00:00,4352.10009765625,4354.0,4352.0,4354.0,57
2026-06-05 20:50:00+00:00,4352.5,4353.2001953125,4350.39990234375,4352.2001953125,103
2026-06-05 20:51:00+00:00,4353.7998046875,4354.7001953125,4351.7998046875,4352.2001953125,102
2026-06-05 20:52:00+00:00,4353.7998046875,4354.7998046875,4352.60009765625,4353.7998046875,123
2026-06-05 20:53:00+00:00,4353.10009765625,4354.7998046875,4353.10009765625,4354.2998046875,54
2026-06-05 20:54:00+00:00,4352.60009765625,4353.7001953125,4352.2998046875,4353.39990234375,29
2026-06-05 20:55:00+00:00,4355.0,4355.10009765625,4352.5,4352.5,69
2026-06-05 20:56:00+00:00,4352.7998046875,4355.7998046875,4352.5,4354.60009765625,67
2026-06-05 20:57:00+00:00,4353.60009765625,4353.60009765625,4352.5,4352.5,24
2026-06-05 20:58:00+00:00,4352.89990234375,4354.10009765625,4352.7001953125,4353.2001953125,62
2026-06-05 20:59:00+00:00,4365.2998046875,4365.2998046875,4352.60009765625,4352.60009765625,71
2026-06-07 22:10:00+00:00,4341.0,4342.2001953125,4339.2001953125,4342.2001953125,0
2026-06-07 22:11:00+00:00,4340.10009765625,4341.39990234375,4339.2001953125,4341.10009765625,50
2026-06-07 22:12:00+00:00,4345.0,4346.2998046875,4337.2998046875,4340.10009765625,307
2026-06-07 22:13:00+00:00,4349.89990234375,4350.89990234375,4345.0,4345.0,200
2026-06-07 22:14:00+00:00,4354.0,4354.0,4347.7998046875,4348.89990234375,165
2026-06-07 22:15:00+00:00,4350.5,4354.7001953125,4348.0,4353.5,145
2026-06-07 22:16:00+00:00,4350.89990234375,4353.10009765625,4348.10009765625,4350.39990234375,70
2026-06-07 22:17:00+00:00,4353.10009765625,4354.0,4347.5,4351.10009765625,65
2026-06-07 22:18:00+00:00,4352.5,4353.7998046875,4350.10009765625,4352.60009765625,65
2026-06-07 22:19:00+00:00,4351.0,4354.5,4350.10009765625,4353.5,38
2026-06-07 22:20:00+00:00,4352.2001953125,4353.0,4351.39990234375,4352.2998046875,25
2026-06-07 22:21:00+00:00,4349.0,4352.7001953125,4347.7001953125,4352.39990234375,83
2026-06-07 22:22:00+00:00,4349.89990234375,4349.89990234375,4347.10009765625,4348.7001953125,43
2026-06-07 22:23:00+00:00,4350.0,4350.89990234375,4349.2001953125,4349.2998046875,11
2026-06-07 22:24:00+00:00,4346.10009765625,4349.89990234375,4345.60009765625,4349.2998046875,40
2026-06-07 22:25:00+00:00,4347.39990234375,4347.7998046875,4346.39990234375,4347.0,27
2026-06-07 22:26:00+00:00,4340.2998046875,4347.39990234375,4340.2998046875,4347.39990234375,54
2026-06-07 22:27:00+00:00,4343.5,4343.5,4340.39990234375,4341.0,37
2026-06-07 22:28:00+00:00,4341.5,4343.2998046875,4339.7998046875,4343.2998046875,111
2026-06-07 22:29:00+00:00,4340.39990234375,4342.10009765625,4339.7998046875,4340.7998046875,61
2026-06-07 22:30:00+00:00,4339.10009765625,4341.39990234375,4339.10009765625,4340.2001953125,89
2026-06-07 22:31:00+00:00,4343.5,4343.7998046875,4339.10009765625,4340.2998046875,70
2026-06-07 22:32:00+00:00,4341.7001953125,4343.7998046875,4341.39990234375,4343.7998046875,41
2026-06-07 22:33:00+00:00,4342.7998046875,4343.5,4341.7001953125,4342.2998046875,38
2026-06-07 22:34:00+00:00,4347.0,4347.2998046875,4342.89990234375,4343.2001953125,95
2026-06-07 22:35:00+00:00,4348.7001953125,4349.2998046875,4346.39990234375,4347.2998046875,136
2026-06-07 22:36:00+00:00,4351.0,4351.0,4348.60009765625,4348.60009765625,26
2026-06-07 22:37:00+00:00,4350.89990234375,4351.2998046875,4349.2001953125,4351.2001953125,41
2026-06-07 22:38:00+00:00,4352.2001953125,4352.60009765625,4350.89990234375,4350.89990234375,39
2026-06-07 22:39:00+00:00,4349.60009765625,4351.89990234375,4349.60009765625,4351.89990234375,40
2026-06-07 22:40:00+00:00,4350.10009765625,4350.10009765625,4349.0,4349.5,34
2026-06-07 22:41:00+00:00,4349.5,4349.7001953125,4349.0,4349.10009765625,9
2026-06-07 22:42:00+00:00,4349.2001953125,4349.7001953125,4347.7001953125,4349.10009765625,77
2026-06-07 22:43:00+00:00,4350.0,4350.0,4349.39990234375,4349.39990234375,7
2026-06-07 22:44:00+00:00,4350.10009765625,4350.5,4349.10009765625,4349.39990234375,28
2026-06-07 22:45:00+00:00,4346.2998046875,4349.89990234375,4346.10009765625,4349.39990234375,35
2026-06-07 22:46:00+00:00,4345.7001953125,4347.60009765625,4343.7998046875,4346.0,111
2026-06-07 22:47:00+00:00,4346.7998046875,4347.2001953125,4345.10009765625,4345.60009765625,20
2026-06-07 22:48:00+00:00,4346.39990234375,4348.0,4346.39990234375,4346.39990234375,27
2026-06-07 22:49:00+00:00,4346.7998046875,4347.10009765625,4345.89990234375,4346.7998046875,19
2026-06-07 22:50:00+00:00,4345.10009765625,4346.0,4345.10009765625,4346.0,2
2026-06-07 22:51:00+00:00,4347.89990234375,4348.89990234375,4347.10009765625,4347.10009765625,33
2026-06-07 22:52:00+00:00,4349.5,4350.7001953125,4348.0,4348.0,34
2026-06-07 22:53:00+00:00,4347.2998046875,4348.39990234375,4345.2001953125,4348.39990234375,34
2026-06-07 22:54:00+00:00,4347.0,4347.7998046875,4346.60009765625,4347.60009765625,23
2026-06-07 22:55:00+00:00,4344.39990234375,4347.2001953125,4344.39990234375,4346.89990234375,37
2026-06-07 22:56:00+00:00,4345.2001953125,4345.2001953125,4339.60009765625,4344.7001953125,98
2026-06-07 22:57:00+00:00,4343.7998046875,4345.10009765625,4343.60009765625,4345.10009765625,11
2026-06-07 22:58:00+00:00,4343.7001953125,4343.7001953125,4341.2998046875,4343.10009765625,12
2026-06-07 22:59:00+00:00,4341.39990234375,4344.7998046875,4340.10009765625,4343.60009765625,56
2026-06-07 23:00:00+00:00,4344.60009765625,4345.89990234375,4341.39990234375,4341.5,65
2026-06-07 23:01:00+00:00,4350.0,4350.7998046875,4345.2001953125,4345.2001953125,85
2026-06-07 23:02:00+00:00,4348.39990234375,4350.10009765625,4348.39990234375,4349.39990234375,52
2026-06-07 23:03:00+00:00,4350.7001953125,4350.7001953125,4349.10009765625,4349.10009765625,13
2026-06-07 23:04:00+00:00,4350.0,4350.0,4348.2998046875,4350.0,17
2026-06-07 23:05:00+00:00,4347.2001953125,4349.2998046875,4346.60009765625,4349.2998046875,16
2026-06-07 23:06:00+00:00,4347.2001953125,4348.5,4347.0,4348.2001953125,22
2026-06-07 23:07:00+00:00,4349.10009765625,4350.89990234375,4346.7001953125,4346.7001953125,25
2026-06-07 23:08:00+00:00,4349.2998046875,4349.5,4348.89990234375,4349.2001953125,7
2026-06-07 23:09:00+00:00,4349.60009765625,4350.7998046875,4347.7998046875,4348.60009765625,16
2026-06-07 23:10:00+00:00,4349.89990234375,4351.7998046875,4349.89990234375,4350.60009765625,38
2026-06-07 23:11:00+00:00,4353.2998046875,4354.0,4349.89990234375,4349.89990234375,43
2026-06-07 23:12:00+00:00,4353.7001953125,4354.89990234375,4351.5,4353.0,91
2026-06-07 23:13:00+00:00,4356.7998046875,4357.7998046875,4354.10009765625,4354.2001953125,92
2026-06-07 23:14:00+00:00,4354.39990234375,4356.89990234375,4353.5,4356.89990234375,32
2026-06-07 23:15:00+00:00,4357.5,4358.0,4354.5,4354.7998046875,47
2026-06-07 23:16:00+00:00,4356.39990234375,4357.10009765625,4355.2998046875,4356.7001953125,36
2026-06-07 23:17:00+00:00,4354.5,4356.2001953125,4353.7001953125,4356.2001953125,20
2026-06-07 23:18:00+00:00,4355.2001953125,4355.7001953125,4355.10009765625,4355.7001953125,6
2026-06-07 23:19:00+00:00,4355.5,4355.5,4353.89990234375,4354.89990234375,21
2026-06-07 23:20:00+00:00,4353.7001953125,4354.7998046875,4353.5,4354.60009765625,34
2026-06-07 23:21:00+00:00,4354.39990234375,4356.39990234375,4353.2001953125,4353.7998046875,129
2026-06-07 23:22:00+00:00,4354.60009765625,4355.39990234375,4354.2001953125,4354.60009765625,31
2026-06-07 23:23:00+00:00,4352.60009765625,4354.5,4352.60009765625,4354.5,30
2026-06-07 23:24:00+00:00,4354.2001953125,4354.2001953125,4353.10009765625,4353.10009765625,6
2026-06-07 23:25:00+00:00,4353.60009765625,4354.39990234375,4353.60009765625,4353.89990234375,6
2026-06-07 23:26:00+00:00,4353.0,4353.2998046875,4352.89990234375,4353.0,6
2026-06-07 23:27:00+00:00,4354.2001953125,4355.0,4353.60009765625,4353.60009765625,22
2026-06-07 23:28:00+00:00,4356.10009765625,4356.39990234375,4353.7998046875,4353.7998046875,37
2026-06-07 23:29:00+00:00,4358.0,4358.39990234375,4355.2001953125,4355.60009765625,54
2026-06-07 23:30:00+00:00,4358.2998046875,4359.7998046875,4357.7998046875,4358.0,40
2026-06-07 23:31:00+00:00,4357.2998046875,4358.7998046875,4356.7001953125,4358.2001953125,36
2026-06-07 23:32:00+00:00,4359.7001953125,4360.39990234375,4357.60009765625,4357.60009765625,51
2026-06-07 23:33:00+00:00,4358.7998046875,4360.39990234375,4358.0,4359.39990234375,77
2026-06-07 23:34:00+00:00,4357.5,4358.60009765625,4356.89990234375,4358.60009765625,17
2026-06-07 23:35:00+00:00,4357.10009765625,4359.5,4356.89990234375,4358.2998046875,58
2026-06-07 23:36:00+00:00,4360.0,4360.7998046875,4357.39990234375,4357.39990234375,49
2026-06-07 23:37:00+00:00,4360.10009765625,4361.60009765625,4359.10009765625,4359.89990234375,76
2026-06-07 23:38:00+00:00,4360.0,4361.2001953125,4359.5,4360.2001953125,25
2026-06-07 23:39:00+00:00,4360.5,4360.5,4358.7001953125,4360.5,13
2026-06-07 23:40:00+00:00,4361.5,4362.5,4360.10009765625,4360.10009765625,46
2026-06-07 23:41:00+00:00,4361.5,4362.2998046875,4361.10009765625,4361.89990234375,57
2026-06-07 23:42:00+00:00,4362.5,4363.0,4361.5,4361.5,31
2026-06-07 23:43:00+00:00,4363.2998046875,4364.39990234375,4362.60009765625,4362.60009765625,96
2026-06-07 23:44:00+00:00,4362.2001953125,4363.2001953125,4362.2001953125,4363.2001953125,56
2026-06-07 23:45:00+00:00,4361.60009765625,4363.0,4360.2998046875,4362.7998046875,75
2026-06-07 23:46:00+00:00,4361.10009765625,4361.60009765625,4358.89990234375,4361.39990234375,43
2026-06-07 23:47:00+00:00,4363.2998046875,4363.39990234375,4361.2001953125,4361.2001953125,31
2026-06-07 23:48:00+00:00,4365.2001953125,4365.60009765625,4363.2998046875,4363.2998046875,139
2026-06-07 23:49:00+00:00,4365.39990234375,4366.60009765625,4365.2001953125,4365.2001953125,33
2026-06-07 23:50:00+00:00,4364.7998046875,4366.2001953125,4363.7001953125,4365.7998046875,24
2026-06-07 23:51:00+00:00,4362.89990234375,4365.0,4362.7998046875,4365.0,27
2026-06-07 23:52:00+00:00,4364.5,4364.5,4362.60009765625,4363.2998046875,60
2026-06-07 23:53:00+00:00,4365.10009765625,4365.10009765625,4363.60009765625,4363.60009765625,21
2026-06-07 23:54:00+00:00,4366.7998046875,4367.7998046875,4365.5,4365.5,63
2026-06-07 23:55:00+00:00,4368.0,4371.0,4366.89990234375,4366.89990234375,276
2026-06-07 23:56:00+00:00,4368.39990234375,4368.39990234375,4366.39990234375,4368.0,42
2026-06-07 23:57:00+00:00,4369.5,4370.2998046875,4368.2998046875,4368.39990234375,53
2026-06-07 23:58:00+00:00,4367.2001953125,4369.2998046875,4365.7998046875,4369.10009765625,47
2026-06-07 23:59:00+00:00,4367.89990234375,4369.2998046875,4367.0,4367.10009765625,17
2026-06-08 00:00:00+00:00,4367.39990234375,4367.60009765625,4364.0,4367.0,110
2026-06-08 00:01:00+00:00,4369.7998046875,4370.10009765625,4365.7001953125,4366.5,51
2026-06-08 00:02:00+00:00,4369.39990234375,4369.7001953125,4367.60009765625,4369.7001953125,24
2026-06-08 00:03:00+00:00,4367.7998046875,4368.89990234375,4367.0,4368.89990234375,26
2026-06-08 00:04:00+00:00,4368.89990234375,4369.10009765625,4367.0,4367.0,26
2026-06-08 00:05:00+00:00,4367.5,4368.5,4366.5,4368.39990234375,42
2026-06-08 00:06:00+00:00,4366.7998046875,4368.5,4366.2001953125,4367.2001953125,23
2026-06-08 00:07:00+00:00,4365.89990234375,4366.60009765625,4364.89990234375,4366.5,34
2026-06-08 00:08:00+00:00,4368.2998046875,4368.2998046875,4365.7001953125,4366.39990234375,29
2026-06-08 00:09:00+00:00,4368.5,4369.5,4368.0,4368.39990234375,28
2026-06-08 00:10:00+00:00,4365.7998046875,4369.0,4364.60009765625,4368.39990234375,86
2026-06-08 00:11:00+00:00,4366.60009765625,4368.5,4365.2998046875,4365.7001953125,60
2026-06-08 00:12:00+00:00,4367.60009765625,4369.0,4367.60009765625,4369.0,14
2026-06-08 00:13:00+00:00,4367.2998046875,4367.2998046875,4366.5,4366.89990234375,10
2026-06-08 00:14:00+00:00,4366.7998046875,4367.10009765625,4364.7998046875,4366.39990234375,39
2026-06-08 00:15:00+00:00,4367.60009765625,4368.10009765625,4365.60009765625,4367.0,18
2026-06-08 00:16:00+00:00,4367.7001953125,4369.0,4366.7998046875,4368.2001953125,31
2026-06-08 00:17:00+00:00,4368.39990234375,4369.89990234375,4368.0,4368.2001953125,78
2026-06-08 00:18:00+00:00,4370.5,4371.0,4368.5,4368.7001953125,66
2026-06-08 00:19:00+00:00,4371.2001953125,4371.60009765625,4369.10009765625,4370.2001953125,43
2026-06-08 00:20:00+00:00,4372.89990234375,4373.7998046875,4371.2998046875,4371.5,100
2026-06-08 00:21:00+00:00,4372.0,4373.89990234375,4372.0,4372.39990234375,36
2026-06-08 00:22:00+00:00,4374.2998046875,4374.2998046875,4371.2001953125,4371.60009765625,68
2026-06-08 00:23:00+00:00,4375.7001953125,4376.2998046875,4373.7998046875,4373.7998046875,192
2026-06-08 00:24:00+00:00,4375.0,4375.7998046875,4374.5,4375.39990234375,35
2026-06-08 00:25:00+00:00,4373.39990234375,4374.5,4372.7001953125,4374.5,44
2026-06-08 00:26:00+00:00,4373.5,4374.89990234375,4372.89990234375,4373.7001953125,28
2026-06-08 00:27:00+00:00,4374.60009765625,4374.60009765625,4373.2998046875,4373.2998046875,39
2026-06-08 00:28:00+00:00,4377.0,4377.5,4374.7998046875,4374.7998046875,90
2026-06-08 00:29:00+00:00,4375.2001953125,4376.89990234375,4374.89990234375,4376.2998046875,52
2026-06-08 00:30:00+00:00,4375.7001953125,4375.7001953125,4374.2001953125,4375.0,39
2026-06-08 00:31:00+00:00,4375.39990234375,4375.89990234375,4375.0,4375.7001953125,19
2026-06-08 00:32:00+00:00,4373.89990234375,4374.0,4373.2001953125,4374.0,23
2026-06-08 00:33:00+00:00,4371.2001953125,4373.2001953125,4370.39990234375,4373.2001953125,53
2026-06-08 00:34:00+00:00,4372.7998046875,4373.10009765625,4369.5,4371.2001953125,93
2026-06-08 00:35:00+00:00,4372.7998046875,4373.7998046875,4371.89990234375,4372.5,50
2026-06-08 00:36:00+00:00,4374.39990234375,4375.60009765625,4372.5,4372.7001953125,71
2026-06-08 00:37:00+00:00,4374.10009765625,4375.0,4374.10009765625,4374.2001953125,28
2026-06-08 00:38:00+00:00,4370.5,4374.2998046875,4369.60009765625,4374.2998046875,108
2026-06-08 00:39:00+00:00,4371.60009765625,4372.39990234375,4370.2001953125,4370.2001953125,36
2026-06-08 00:40:00+00:00,4368.7998046875,4372.5,4368.7001953125,4372.0,116
2026-06-08 00:41:00+00:00,4366.60009765625,4369.10009765625,4365.7998046875,4369.0,106
2026-06-08 00:42:00+00:00,4368.39990234375,4369.2998046875,4366.5,4366.60009765625,66
2026-06-08 00:43:00+00:00,4368.2001953125,4368.7001953125,4366.39990234375,4368.2001953125,123
2026-06-08 00:44:00+00:00,4369.5,4369.5,4367.0,4368.39990234375,131
2026-06-08 00:45:00+00:00,4366.89990234375,4370.0,4366.89990234375,4369.39990234375,48
2026-06-08 00:46:00+00:00,4367.0,4368.2998046875,4366.0,4367.10009765625,61
2026-06-08 00:47:00+00:00,4365.89990234375,4367.39990234375,4365.89990234375,4366.89990234375,58
2026-06-08 00:48:00+00:00,4364.5,4366.2998046875,4363.5,4366.2998046875,131
2026-06-08 00:49:00+00:00,4366.2998046875,4367.5,4365.0,4365.0,106
2026-06-08 00:50:00+00:00,4364.7998046875,4367.0,4364.7998046875,4366.5,33
2026-06-08 00:51:00+00:00,4364.10009765625,4365.7001953125,4363.39990234375,4365.2001953125,104
2026-06-08 00:52:00+00:00,4365.0,4365.60009765625,4363.10009765625,4363.7998046875,86
2026-06-08 00:53:00+00:00,4364.10009765625,4365.5,4363.10009765625,4364.60009765625,64
2026-06-08 00:54:00+00:00,4365.2001953125,4366.10009765625,4363.7001953125,4363.7998046875,86
2026-06-08 00:55:00+00:00,4364.7001953125,4366.7001953125,4364.39990234375,4365.0,54
2026-06-08 00:56:00+00:00,4366.7001953125,4366.7001953125,4365.0,4365.7998046875,33
2026-06-08 00:57:00+00:00,4368.2001953125,4368.5,4366.0,4366.0,31
2026-06-08 00:58:00+00:00,4366.2998046875,4369.10009765625,4365.2998046875,4368.10009765625,57
2026-06-08 00:59:00+00:00,4366.0,4367.2001953125,4366.0,4366.5,43
2026-06-08 01:00:00+00:00,4361.10009765625,4369.5,4359.60009765625,4365.60009765625,421
2026-06-08 01:01:00+00:00,4365.10009765625,4367.10009765625,4360.7001953125,4360.89990234375,187
2026-06-08 01:02:00+00:00,4363.60009765625,4366.2001953125,4361.0,4365.0,146
2026-06-08 01:03:00+00:00,4364.2001953125,4366.2001953125,4363.60009765625,4363.60009765625,65
2026-06-08 01:04:00+00:00,4363.39990234375,4363.7998046875,4361.39990234375,4363.7998046875,48
2026-06-08 01:05:00+00:00,4359.39990234375,4361.7001953125,4357.2001953125,4361.7001953125,210
2026-06-08 01:06:00+00:00,4357.2998046875,4360.39990234375,4356.0,4359.7001953125,126
2026-06-08 01:07:00+00:00,4358.7998046875,4359.0,4354.5,4357.0,205
2026-06-08 01:08:00+00:00,4363.39990234375,4363.89990234375,4358.0,4358.60009765625,125
2026-06-08 01:09:00+00:00,4361.0,4364.7001953125,4359.7998046875,4363.2001953125,134
2026-06-08 01:10:00+00:00,4359.2998046875,4361.7001953125,4357.89990234375,4361.2001953125,118
2026-06-08 01:11:00+00:00,4360.2998046875,4360.5,4358.60009765625,4359.2001953125,48
2026-06-08 01:12:00+00:00,4355.7998046875,4360.7998046875,4355.2998046875,4360.5,127
2026-06-08 01:13:00+00:00,4357.5,4358.5,4356.0,4356.0,45
2026-06-08 01:14:00+00:00,4351.0,4358.0,4350.0,4358.0,292
2026-06-08 01:15:00+00:00,4347.2998046875,4351.0,4343.60009765625,4350.7998046875,381
2026-06-08 01:16:00+00:00,4345.10009765625,4348.7001953125,4345.10009765625,4347.2001953125,80
2026-06-08 01:17:00+00:00,4344.60009765625,4346.39990234375,4343.0,4345.39990234375,134
2026-06-08 01:18:00+00:00,4341.10009765625,4345.2001953125,4340.10009765625,4344.2998046875,175
2026-06-08 01:19:00+00:00,4341.60009765625,4342.5,4337.7001953125,4340.89990234375,208
2026-06-08 01:20:00+00:00,4338.2001953125,4342.10009765625,4337.2998046875,4341.89990234375,242
2026-06-08 01:21:00+00:00,4339.7001953125,4340.2001953125,4334.2001953125,4338.60009765625,199
2026-06-08 01:22:00+00:00,4343.10009765625,4345.7998046875,4339.2001953125,4339.89990234375,227
2026-06-08 01:23:00+00:00,4348.89990234375,4348.89990234375,4343.2998046875,4343.60009765625,133
2026-06-08 01:24:00+00:00,4345.5,4349.0,4344.5,4349.0,90
2026-06-08 01:25:00+00:00,4341.10009765625,4346.5,4340.7998046875,4345.39990234375,172
2026-06-08 01:26:00+00:00,4342.2998046875,4343.2001953125,4340.7001953125,4341.2001953125,64
2026-06-08 01:27:00+00:00,4343.2998046875,4346.7001953125,4342.5,4342.5,69
2026-06-08 01:28:00+00:00,4338.7998046875,4343.7998046875,4334.89990234375,4343.2998046875,163
2026-06-08 01:29:00+00:00,4338.2998046875,4339.10009765625,4337.0,4339.10009765625,144
2026-06-08 01:30:00+00:00,4325.7998046875,4338.5,4323.60009765625,4338.5,626
2026-06-08 01:31:00+00:00,4335.0,4341.60009765625,4324.5,4326.2001953125,493
2026-06-08 01:32:00+00:00,4340.5,4340.7001953125,4334.7001953125,4335.10009765625,185
2026-06-08 01:33:00+00:00,4335.2001953125,4341.39990234375,4333.7001953125,4339.7998046875,155
2026-06-08 01:34:00+00:00,4339.39990234375,4340.2998046875,4334.2998046875,4335.0,134
2026-06-08 01:35:00+00:00,4336.89990234375,4340.10009765625,4335.5,4338.39990234375,104
2026-06-08 01:36:00+00:00,4339.5,4340.2998046875,4336.39990234375,4336.5,77
2026-06-08 01:37:00+00:00,4340.0,4340.5,4338.0,4339.2001953125,52
2026-06-08 01:38:00+00:00,4341.2001953125,4341.39990234375,4339.7001953125,4340.0,56
2026-06-08 01:39:00+00:00,4340.89990234375,4340.89990234375,4337.0,4340.2001953125,39
2026-06-08 01:40:00+00:00,4343.60009765625,4346.2998046875,4340.7001953125,4340.7001953125,146
2026-06-08 01:41:00+00:00,4347.0,4347.89990234375,4344.2001953125,4344.2998046875,103
2026-06-08 01:42:00+00:00,4348.89990234375,4349.0,4345.7001953125,4346.2998046875,58
2026-06-08 01:43:00+00:00,4349.0,4351.39990234375,4347.5,4348.7998046875,128
2026-06-08 01:44:00+00:00,4350.7001953125,4350.89990234375,4348.60009765625,4348.89990234375,65
2026-06-08 01:45:00+00:00,4352.7001953125,4353.39990234375,4348.10009765625,4350.7001953125,111
2026-06-08 01:46:00+00:00,4350.5,4352.7998046875,4349.7998046875,4351.60009765625,67
2026-06-08 01:47:00+00:00,4348.5,4351.2001953125,4347.2001953125,4350.10009765625,61
2026-06-08 01:48:00+00:00,4350.39990234375,4350.39990234375,4347.5,4349.7001953125,58
2026-06-08 01:49:00+00:00,4348.0,4352.10009765625,4346.7998046875,4349.10009765625,67
2026-06-08 01:50:00+00:00,4345.2001953125,4346.89990234375,4343.39990234375,4346.89990234375,115
2026-06-08 01:51:00+00:00,4350.60009765625,4350.7998046875,4346.39990234375,4347.0,102
2026-06-08 01:52:00+00:00,4348.7998046875,4352.0,4346.7001953125,4351.0,116
2026-06-08 01:53:00+00:00,4346.0,4350.2001953125,4345.0,4349.2001953125,71
2026-06-08 01:54:00+00:00,4348.10009765625,4348.5,4346.0,4346.39990234375,47
2026-06-08 01:55:00+00:00,4350.10009765625,4351.0,4347.2998046875,4347.2998046875,17
2026-06-08 01:56:00+00:00,4352.2001953125,4352.7001953125,4349.0,4350.0,80
2026-06-08 01:57:00+00:00,4349.60009765625,4352.39990234375,4349.10009765625,4352.2998046875,68
2026-06-08 01:58:00+00:00,4348.7998046875,4350.10009765625,4347.60009765625,4348.5,90
2026-06-08 01:59:00+00:00,4349.60009765625,4350.7001953125,4348.7001953125,4348.7001953125,36
2026-06-08 02:00:00+00:00,4353.5,4354.7998046875,4349.39990234375,4350.2001953125,207
2026-06-08 02:01:00+00:00,4347.0,4353.2001953125,4346.7998046875,4353.0,77
2026-06-08 02:02:00+00:00,4347.39990234375,4347.7001953125,4345.2998046875,4347.2998046875,58
2026-06-08 02:03:00+00:00,4346.7998046875,4349.7998046875,4345.0,4347.5,108
2026-06-08 02:04:00+00:00,4347.10009765625,4347.60009765625,4345.5,4347.39990234375,23
2026-06-08 02:05:00+00:00,4346.0,4346.7998046875,4344.2001953125,4346.7001953125,53
2026-06-08 02:06:00+00:00,4345.7001953125,4347.39990234375,4345.39990234375,4346.10009765625,36
2026-06-08 02:07:00+00:00,4347.10009765625,4348.60009765625,4344.89990234375,4345.2001953125,85
2026-06-08 02:08:00+00:00,4344.60009765625,4347.39990234375,4344.2001953125,4347.10009765625,52
2026-06-08 02:09:00+00:00,4342.89990234375,4344.7001953125,4339.5,4344.10009765625,129
2026-06-08 02:10:00+00:00,4339.89990234375,4342.60009765625,4339.0,4342.5,79
2026-06-08 02:11:00+00:00,4342.60009765625,4343.0,4338.60009765625,4340.2001953125,92
2026-06-08 02:12:00+00:00,4340.89990234375,4342.2001953125,4339.89990234375,4342.2001953125,65
2026-06-08 02:13:00+00:00,4339.89990234375,4342.0,4338.5,4341.0,117
2026-06-08 02:14:00+00:00,4340.60009765625,4341.10009765625,4339.7001953125,4339.7998046875,35
2026-06-08 02:15:00+00:00,4341.10009765625,4343.5,4339.5,4340.0,57
2026-06-08 02:16:00+00:00,4339.2001953125,4341.0,4337.39990234375,4341.0,111
2026-06-08 02:17:00+00:00,4337.5,4339.89990234375,4337.5,4339.0,105
2026-06-08 02:18:00+00:00,4337.0,4337.60009765625,4335.89990234375,4337.10009765625,100
2026-06-08 02:19:00+00:00,4335.7998046875,4337.10009765625,4335.10009765625,4336.89990234375,64
2026-06-08 02:20:00+00:00,4336.60009765625,4337.10009765625,4335.0,4335.60009765625,71
2026-06-08 02:21:00+00:00,4337.5,4338.7998046875,4336.60009765625,4336.60009765625,41
2026-06-08 02:22:00+00:00,4338.7001953125,4339.0,4337.5,4337.5,59
2026-06-08 02:23:00+00:00,4338.60009765625,4338.60009765625,4337.7001953125,4338.39990234375,9
2026-06-08 02:24:00+00:00,4340.2998046875,4340.2998046875,4338.5,4338.5,29
2026-06-08 02:25:00+00:00,4339.39990234375,4341.0,4339.2001953125,4340.10009765625,58
2026-06-08 02:26:00+00:00,4339.7998046875,4340.39990234375,4337.5,4339.10009765625,45
2026-06-08 02:27:00+00:00,4339.0,4340.39990234375,4338.5,4339.7001953125,40
2026-06-08 02:28:00+00:00,4337.60009765625,4339.7001953125,4335.2998046875,4339.7001953125,151
2026-06-08 02:29:00+00:00,4338.7001953125,4339.5,4337.60009765625,4337.60009765625,34
2026-06-08 02:30:00+00:00,4335.7001953125,4341.0,4335.60009765625,4339.10009765625,128
2026-06-08 02:31:00+00:00,4335.2001953125,4336.60009765625,4332.7001953125,4336.5,184
2026-06-08 02:32:00+00:00,4335.2001953125,4337.2001953125,4332.60009765625,4334.2998046875,133
2026-06-08 02:33:00+00:00,4336.39990234375,4336.7001953125,4333.7001953125,4335.10009765625,84
2026-06-08 02:34:00+00:00,4333.39990234375,4337.7998046875,4332.60009765625,4335.7001953125,130
2026-06-08 02:35:00+00:00,4332.7001953125,4334.60009765625,4331.60009765625,4333.60009765625,120
2026-06-08 02:36:00+00:00,4332.60009765625,4335.60009765625,4332.0,4332.7998046875,181
2026-06-08 02:37:00+00:00,4334.0,4334.7001953125,4332.2001953125,4332.7998046875,108
2026-06-08 02:38:00+00:00,4333.2001953125,4334.10009765625,4331.0,4333.60009765625,141
2026-06-08 02:39:00+00:00,4335.5,4336.39990234375,4334.0,4334.0,77
2026-06-08 02:40:00+00:00,4335.60009765625,4336.7998046875,4333.89990234375,4335.7998046875,56
2026-06-08 02:41:00+00:00,4334.39990234375,4335.7001953125,4333.2001953125,4335.7001953125,60
2026-06-08 02:42:00+00:00,4334.89990234375,4336.7998046875,4333.89990234375,4334.7001953125,145
2026-06-08 02:43:00+00:00,4336.7998046875,4337.2998046875,4333.7998046875,4334.7001953125,101
2026-06-08 02:44:00+00:00,4340.2001953125,4341.7001953125,4336.5,4336.5,122
2026-06-08 02:45:00+00:00,4339.10009765625,4339.89990234375,4338.5,4339.7001953125,44
2026-06-08 02:46:00+00:00,4340.89990234375,4342.7998046875,4339.0,4339.10009765625,60
2026-06-08 02:47:00+00:00,4343.39990234375,4343.39990234375,4340.39990234375,4341.0,73
2026-06-08 02:48:00+00:00,4340.7001953125,4345.0,4340.7001953125,4343.60009765625,60
2026-06-08 02:49:00+00:00,4341.0,4341.10009765625,4338.60009765625,4340.5,129
2026-06-08 02:50:00+00:00,4340.39990234375,4341.5,4339.89990234375,4341.2001953125,54
2026-06-08 02:51:00+00:00,4335.7001953125,4340.2998046875,4333.0,4340.2998046875,149
2026-06-08 02:52:00+00:00,4336.60009765625,4337.0,4334.2998046875,4336.39990234375,123
2026-06-08 02:53:00+00:00,4336.2001953125,4337.2998046875,4335.60009765625,4336.7998046875,34
2026-06-08 02:54:00+00:00,4335.7001953125,4336.2998046875,4335.39990234375,4335.7001953125,22
2026-06-08 02:55:00+00:00,4336.0,4337.5,4335.2001953125,4335.7001953125,44
2026-06-08 02:56:00+00:00,4336.89990234375,4339.5,4336.60009765625,4336.89990234375,60
2026-06-08 02:57:00+00:00,4335.7998046875,4336.7998046875,4333.89990234375,4336.7998046875,82
2026-06-08 02:58:00+00:00,4336.7001953125,4337.10009765625,4335.60009765625,4335.7001953125,32
2026-06-08 02:59:00+00:00,4334.5,4335.89990234375,4333.60009765625,4335.89990234375,47
2026-06-08 03:00:00+00:00,4337.2998046875,4338.10009765625,4334.60009765625,4334.89990234375,70
2026-06-08 03:01:00+00:00,4335.10009765625,4338.0,4334.89990234375,4337.7001953125,26
2026-06-08 03:02:00+00:00,4337.0,4338.2998046875,4336.0,4336.2998046875,71
2026-06-08 03:03:00+00:00,4335.2998046875,4336.7998046875,4334.5,4336.5,30
2026-06-08 03:04:00+00:00,4334.89990234375,4336.39990234375,4334.89990234375,4335.10009765625,22
2026-06-08 03:05:00+00:00,4334.0,4335.89990234375,4332.89990234375,4334.89990234375,54
2026-06-08 03:06:00+00:00,4331.7001953125,4334.39990234375,4331.2998046875,4334.10009765625,37
2026-06-08 03:07:00+00:00,4331.10009765625,4332.5,4330.2001953125,4332.2001953125,171
2026-06-08 03:08:00+00:00,4331.7998046875,4332.60009765625,4330.10009765625,4330.10009765625,218
2026-06-08 03:09:00+00:00,4332.2001953125,4333.5,4331.2998046875,4332.0,67
2026-06-08 03:10:00+00:00,4330.89990234375,4332.5,4330.2998046875,4330.7998046875,49
2026-06-08 03:11:00+00:00,4329.2998046875,4331.60009765625,4328.5,4331.5,113
2026-06-08 03:12:00+00:00,4328.7001953125,4330.39990234375,4328.5,4329.2001953125,42
2026-06-08 03:13:00+00:00,4329.0,4329.10009765625,4328.10009765625,4329.10009765625,50
2026-06-08 03:14:00+00:00,4328.89990234375,4329.7001953125,4328.5,4329.2001953125,24
2026-06-08 03:15:00+00:00,4329.39990234375,4329.60009765625,4328.10009765625,4328.5,26
2026-06-08 03:16:00+00:00,4329.0,4329.2001953125,4327.39990234375,4329.0,122
2026-06-08 03:17:00+00:00,4328.7998046875,4330.60009765625,4328.0,4328.39990234375,69
2026-06-08 03:18:00+00:00,4329.60009765625,4329.7001953125,4328.89990234375,4329.2001953125,16
2026-06-08 03:19:00+00:00,4331.7998046875,4331.7998046875,4329.39990234375,4329.60009765625,22
2026-06-08 03:20:00+00:00,4332.10009765625,4333.2001953125,4330.7001953125,4331.5,90
2026-06-08 03:21:00+00:00,4335.7998046875,4336.2998046875,4331.7998046875,4332.0,199
2026-06-08 03:22:00+00:00,4333.2998046875,4336.0,4333.0,4335.7001953125,104
2026-06-08 03:23:00+00:00,4334.10009765625,4334.2998046875,4332.39990234375,4333.39990234375,65
2026-06-08 03:24:00+00:00,4334.39990234375,4334.89990234375,4333.10009765625,4333.2998046875,66
2026-06-08 03:25:00+00:00,4332.0,4335.10009765625,4331.89990234375,4334.89990234375,47
2026-06-08 03:26:00+00:00,4333.0,4333.39990234375,4331.5,4332.2001953125,34
2026-06-08 03:27:00+00:00,4332.7001953125,4333.7001953125,4332.39990234375,4332.39990234375,15
2026-06-08 03:28:00+00:00,4331.7998046875,4333.0,4331.7998046875,4333.0,12
2026-06-08 03:29:00+00:00,4331.39990234375,4332.2001953125,4330.0,4331.89990234375,137
2026-06-08 03:30:00+00:00,4332.10009765625,4333.39990234375,4330.39990234375,4331.10009765625,64
2026-06-08 03:31:00+00:00,4331.2001953125,4332.7998046875,4330.60009765625,4332.0,28
2026-06-08 03:32:00+00:00,4330.10009765625,4331.0,4329.60009765625,4330.89990234375,60
2026-06-08 03:33:00+00:00,4330.2001953125,4330.2001953125,4329.0,4330.10009765625,44
2026-06-08 03:34:00+00:00,4330.89990234375,4331.0,4329.2998046875,4329.7998046875,23
2026-06-08 03:35:00+00:00,4331.0,4331.60009765625,4330.7998046875,4330.89990234375,15
2026-06-08 03:36:00+00:00,4332.39990234375,4332.39990234375,4330.89990234375,4331.2998046875,11
2026-06-08 03:37:00+00:00,4332.0,4333.2001953125,4332.0,4332.39990234375,19
2026-06-08 03:38:00+00:00,4331.0,4332.2001953125,4330.5,4332.2001953125,29
2026-06-08 03:39:00+00:00,4331.2998046875,4331.2998046875,4330.39990234375,4331.2998046875,10
2026-06-08 03:40:00+00:00,4331.2998046875,4331.7001953125,4331.10009765625,4331.7001953125,6
2026-06-08 03:41:00+00:00,4333.0,4333.0,4332.0,4332.0,7
2026-06-08 03:42:00+00:00,4333.2998046875,4333.39990234375,4332.39990234375,4332.7001953125,28
2026-06-08 03:43:00+00:00,4331.2998046875,4333.2001953125,4330.7998046875,4333.2001953125,27
2026-06-08 03:44:00+00:00,4334.0,4334.10009765625,4331.39990234375,4331.39990234375,22
2026-06-08 03:45:00+00:00,4334.7998046875,4334.7998046875,4333.2001953125,4334.0,33
2026-06-08 03:46:00+00:00,4335.5,4335.5,4334.7998046875,4334.7998046875,12
2026-06-08 03:47:00+00:00,4335.2998046875,4337.2998046875,4335.0,4335.7001953125,33
2026-06-08 03:48:00+00:00,4335.7998046875,4337.10009765625,4335.39990234375,4335.7001953125,38
2026-06-08 03:49:00+00:00,4336.7001953125,4337.89990234375,4336.2998046875,4336.2998046875,34
2026-06-08 03:50:00+00:00,4337.60009765625,4337.60009765625,4336.0,4336.10009765625,38
2026-06-08 03:51:00+00:00,4339.5,4339.5,4337.39990234375,4337.5,48
2026-06-08 03:52:00+00:00,4337.7998046875,4339.89990234375,4337.5,4339.5,43
2026-06-08 03:53:00+00:00,4340.60009765625,4340.7001953125,4337.60009765625,4338.0,18
2026-06-08 03:54:00+00:00,4339.2998046875,4341.10009765625,4339.2998046875,4340.89990234375,40
2026-06-08 03:55:00+00:00,4339.2001953125,4339.60009765625,4338.39990234375,4339.10009765625,22
2026-06-08 03:56:00+00:00,4339.60009765625,4339.60009765625,4338.5,4338.89990234375,18
2026-06-08 03:57:00+00:00,4338.60009765625,4339.7001953125,4338.2998046875,4339.2998046875,21
2026-06-08 03:58:00+00:00,4339.7998046875,4340.2998046875,4338.7001953125,4338.7001953125,21
2026-06-08 04:00:00+00:00,4344.0,4344.5,4341.7998046875,4342.0,79
2026-06-08 04:01:00+00:00,4343.0,4344.0,4342.7001953125,4343.7998046875,51
2026-06-08 04:02:00+00:00,4343.2001953125,4343.2998046875,4342.2001953125,4343.0,30
2026-06-08 04:03:00+00:00,4340.10009765625,4343.60009765625,4339.89990234375,4342.7001953125,48
2026-06-08 04:04:00+00:00,4339.2998046875,4339.89990234375,4338.89990234375,4339.60009765625,44
2026-06-08 04:05:00+00:00,4339.2001953125,4339.2998046875,4338.39990234375,4338.7998046875,34
2026-06-08 04:06:00+00:00,4339.89990234375,4340.0,4338.60009765625,4339.10009765625,31
2026-06-08 04:07:00+00:00,4340.60009765625,4341.10009765625,4337.7998046875,4339.5,45
2026-06-08 04:08:00+00:00,4342.5,4343.7998046875,4340.5,4340.5,61
2026-06-08 04:09:00+00:00,4342.10009765625,4342.7001953125,4342.10009765625,4342.2001953125,29
2026-06-08 04:10:00+00:00,4343.10009765625,4343.39990234375,4342.10009765625,4342.10009765625,17
2026-06-08 04:11:00+00:00,4343.2998046875,4343.7998046875,4342.7998046875,4343.10009765625,14
2026-06-08 04:12:00+00:00,4341.7998046875,4343.60009765625,4341.7001953125,4342.7998046875,20
2026-06-08 04:13:00+00:00,4341.60009765625,4342.39990234375,4340.7998046875,4341.7998046875,24
2026-06-08 04:14:00+00:00,4343.39990234375,4343.39990234375,4342.10009765625,4342.2998046875,7
2026-06-08 04:15:00+00:00,4343.7998046875,4344.0,4342.0,4343.2998046875,19
2026-06-08 04:16:00+00:00,4345.7001953125,4346.39990234375,4342.39990234375,4344.2001953125,89
2026-06-08 04:17:00+00:00,4345.10009765625,4345.39990234375,4344.0,4344.89990234375,43
2026-06-08 04:18:00+00:00,4346.10009765625,4346.10009765625,4344.89990234375,4344.89990234375,30
2026-06-08 04:19:00+00:00,4342.7001953125,4345.7998046875,4342.60009765625,4345.7001953125,47
2026-06-08 04:20:00+00:00,4342.10009765625,4343.10009765625,4341.39990234375,4343.10009765625,60
2026-06-08 04:21:00+00:00,4341.2001953125,4343.2001953125,4340.5,4342.0,39
2026-06-08 04:22:00+00:00,4341.39990234375,4342.10009765625,4340.2001953125,4341.0,76
2026-06-08 04:23:00+00:00,4340.89990234375,4341.39990234375,4340.7998046875,4341.2998046875,39
2026-06-08 04:24:00+00:00,4341.7998046875,4341.7998046875,4340.39990234375,4341.0,46
2026-06-08 04:25:00+00:00,4342.0,4342.2998046875,4341.5,4342.2001953125,12
2026-06-08 04:26:00+00:00,4341.7001953125,4342.60009765625,4341.2998046875,4342.10009765625,49
2026-06-08 04:27:00+00:00,4342.10009765625,4342.2998046875,4341.2001953125,4341.5,14
2026-06-08 04:28:00+00:00,4343.5,4345.0,4343.2001953125,4343.2001953125,28
2026-06-08 04:29:00+00:00,4344.0,4344.2998046875,4342.7998046875,4343.5,30
2026-06-08 04:30:00+00:00,4341.60009765625,4344.60009765625,4341.60009765625,4344.2998046875,48
2026-06-08 04:31:00+00:00,4341.7998046875,4342.2001953125,4341.2001953125,4341.39990234375,40
2026-06-08 04:32:00+00:00,4340.2001953125,4342.2001953125,4340.2001953125,4342.0,25
2026-06-08 04:33:00+00:00,4337.60009765625,4340.7998046875,4337.60009765625,4340.0,92
2026-06-08 04:34:00+00:00,4337.60009765625,4338.10009765625,4335.7001953125,4337.89990234375,54
2026-06-08 04:35:00+00:00,4336.5,4338.0,4336.5,4338.0,25
2026-06-08 04:36:00+00:00,4336.60009765625,4336.60009765625,4336.10009765625,4336.5,13
2026-06-08 04:37:00+00:00,4337.89990234375,4338.2001953125,4335.7998046875,4336.60009765625,46
2026-06-08 04:38:00+00:00,4336.2998046875,4338.0,4336.2998046875,4337.7001953125,24
2026-06-08 04:39:00+00:00,4335.2001953125,4337.10009765625,4334.89990234375,4336.89990234375,25
2026-06-08 04:40:00+00:00,4333.89990234375,4336.2998046875,4333.5,4335.5,75
2026-06-08 04:41:00+00:00,4334.0,4334.7001953125,4333.0,4334.7001953125,57
2026-06-08 04:42:00+00:00,4332.60009765625,4334.10009765625,4332.60009765625,4334.0,89
2026-06-08 04:43:00+00:00,4332.5,4332.7001953125,4331.7998046875,4332.39990234375,45
2026-06-08 04:44:00+00:00,4331.7998046875,4333.7001953125,4331.7998046875,4332.89990234375,41
2026-06-08 04:45:00+00:00,4332.2998046875,4332.89990234375,4332.2001953125,4332.2001953125,19
2026-06-08 04:46:00+00:00,4334.60009765625,4335.0,4331.7998046875,4331.7998046875,56
2026-06-08 04:47:00+00:00,4335.10009765625,4335.10009765625,4334.10009765625,4334.2001953125,8
2026-06-08 04:48:00+00:00,4334.89990234375,4335.7001953125,4334.2998046875,4335.10009765625,50
2026-06-08 04:49:00+00:00,4334.10009765625,4335.60009765625,4334.10009765625,4335.2998046875,24
2026-06-08 04:50:00+00:00,4335.7998046875,4335.7998046875,4334.0,4334.2001953125,32
2026-06-08 04:51:00+00:00,4336.10009765625,4336.10009765625,4335.39990234375,4335.7001953125,7
2026-06-08 04:52:00+00:00,4335.5,4338.0,4335.5,4336.2998046875,30
2026-06-08 04:53:00+00:00,4335.10009765625,4335.5,4335.0,4335.5,8
2026-06-08 04:54:00+00:00,4335.7001953125,4336.10009765625,4334.7001953125,4336.10009765625,7
2026-06-08 04:55:00+00:00,4335.2001953125,4336.5,4335.2001953125,4336.2998046875,13
2026-06-08 04:56:00+00:00,4334.2001953125,4334.2998046875,4333.60009765625,4334.2998046875,18
2026-06-08 04:57:00+00:00,4333.7998046875,4334.10009765625,4333.5,4334.10009765625,9
2026-06-08 04:58:00+00:00,4334.0,4334.10009765625,4333.0,4334.10009765625,25
2026-06-08 04:59:00+00:00,4337.2001953125,4337.7001953125,4334.5,4334.5,45
2026-06-08 05:00:00+00:00,4339.39990234375,4339.5,4336.10009765625,4337.10009765625,58
2026-06-08 05:01:00+00:00,4338.0,4338.7998046875,4337.39990234375,4338.7998046875,26
2026-06-08 05:02:00+00:00,4337.39990234375,4339.10009765625,4336.7998046875,4337.60009765625,39
2026-06-08 05:03:00+00:00,4338.5,4338.60009765625,4337.5,4338.10009765625,13
2026-06-08 05:04:00+00:00,4339.5,4340.10009765625,4338.39990234375,4338.7998046875,23
2026-06-08 05:05:00+00:00,4337.60009765625,4340.0,4337.60009765625,4339.2998046875,24
2026-06-08 05:06:00+00:00,4335.7998046875,4338.2001953125,4334.7001953125,4337.5,69
2026-06-08 05:07:00+00:00,4336.10009765625,4336.39990234375,4335.2001953125,4335.7998046875,27
2026-06-08 05:08:00+00:00,4335.2998046875,4336.7998046875,4335.0,4336.39990234375,21
2026-06-08 05:09:00+00:00,4334.7001953125,4335.5,4333.89990234375,4335.39990234375,40
2026-06-08 05:10:00+00:00,4334.7998046875,4335.60009765625,4334.5,4334.89990234375,21
2026-06-08 05:11:00+00:00,4335.10009765625,4335.89990234375,4334.60009765625,4335.5,15
2026-06-08 05:12:00+00:00,4333.7001953125,4334.60009765625,4333.60009765625,4334.2998046875,31
2026-06-08 05:13:00+00:00,4330.0,4333.0,4329.7998046875,4333.0,144
2026-06-08 05:14:00+00:00,4328.60009765625,4330.89990234375,4328.60009765625,4330.2998046875,71
2026-06-08 05:15:00+00:00,4329.7998046875,4330.89990234375,4328.7998046875,4328.7998046875,113
2026-06-08 05:16:00+00:00,4331.60009765625,4331.7998046875,4328.60009765625,4329.60009765625,57
2026-06-08 05:17:00+00:00,4332.39990234375,4332.7998046875,4330.10009765625,4331.5,74
2026-06-08 05:18:00+00:00,4334.60009765625,4334.89990234375,4332.0,4332.2001953125,34
2026-06-08 05:19:00+00:00,4333.2998046875,4335.0,4333.0,4334.2998046875,50
2026-06-08 05:20:00+00:00,4334.10009765625,4335.0,4333.7998046875,4333.7998046875,23
2026-06-08 05:21:00+00:00,4336.10009765625,4336.5,4333.7001953125,4333.7001953125,38
2026-06-08 05:22:00+00:00,4336.10009765625,4339.0,4335.60009765625,4336.5,61
2026-06-08 05:23:00+00:00,4336.7998046875,4337.60009765625,4335.7998046875,4335.7998046875,39
2026-06-08 05:24:00+00:00,4335.39990234375,4336.5,4334.39990234375,4336.5,17
2026-06-08 05:25:00+00:00,4334.10009765625,4335.5,4334.0,4335.5,11
2026-06-08 05:26:00+00:00,4335.7001953125,4336.60009765625,4333.2998046875,4333.89990234375,45
2026-06-08 05:27:00+00:00,4336.60009765625,4336.7998046875,4334.2001953125,4335.39990234375,52
2026-06-08 05:28:00+00:00,4335.89990234375,4337.10009765625,4335.89990234375,4336.2998046875,32
2026-06-08 05:29:00+00:00,4336.2001953125,4337.2998046875,4335.0,4336.7998046875,26
2026-06-08 05:30:00+00:00,4327.39990234375,4337.60009765625,4325.60009765625,4335.7998046875,509
2026-06-08 05:31:00+00:00,4326.89990234375,4331.0,4326.0,4327.60009765625,98
2026-06-08 05:32:00+00:00,4326.7001953125,4327.2001953125,4325.2998046875,4326.39990234375,121
2026-06-08 05:33:00+00:00,4325.5,4328.0,4324.7998046875,4326.39990234375,115
2026-06-08 05:34:00+00:00,4311.2001953125,4325.5,4310.7001953125,4325.0,1049
2026-06-08 05:35:00+00:00,4307.5,4312.0,4306.2001953125,4311.7998046875,807
2026-06-08 05:36:00+00:00,4304.7998046875,4307.10009765625,4304.2998046875,4306.7998046875,377
2026-06-08 05:37:00+00:00,4298.5,4305.39990234375,4293.0,4304.60009765625,947
2026-06-08 05:38:00+00:00,4313.0,4315.39990234375,4298.7998046875,4298.7998046875,608
2026-06-08 05:39:00+00:00,4316.0,4316.2001953125,4311.60009765625,4313.10009765625,174
2026-06-08 05:40:00+00:00,4316.2001953125,4317.60009765625,4314.5,4315.60009765625,200
2026-06-08 05:41:00+00:00,4309.60009765625,4316.2998046875,4309.2998046875,4316.2998046875,213
2026-06-08 05:42:00+00:00,4314.39990234375,4315.7998046875,4307.60009765625,4309.89990234375,160
2026-06-08 05:43:00+00:00,4313.60009765625,4316.10009765625,4312.2998046875,4315.2001953125,154
2026-06-08 05:44:00+00:00,4312.7001953125,4313.2998046875,4310.7001953125,4313.2998046875,142
2026-06-08 05:45:00+00:00,4313.10009765625,4313.39990234375,4309.89990234375,4312.7001953125,136
2026-06-08 05:46:00+00:00,4315.7001953125,4317.0,4311.2998046875,4312.89990234375,187
2026-06-08 05:47:00+00:00,4315.89990234375,4316.60009765625,4313.7998046875,4315.39990234375,109
2026-06-08 05:48:00+00:00,4313.2998046875,4316.7001953125,4312.2998046875,4315.60009765625,93
2026-06-08 05:49:00+00:00,4311.5,4313.7998046875,4310.60009765625,4313.39990234375,70
2026-06-08 05:50:00+00:00,4314.89990234375,4316.7998046875,4310.7998046875,4312.0,104
2026-06-08 05:51:00+00:00,4318.2001953125,4318.39990234375,4314.0,4314.7998046875,72
2026-06-08 05:52:00+00:00,4319.0,4320.39990234375,4316.7001953125,4318.2001953125,162
2026-06-08 05:53:00+00:00,4316.0,4319.5,4314.7998046875,4319.5,94
2026-06-08 05:54:00+00:00,4314.7001953125,4316.2998046875,4312.5,4315.60009765625,165
2026-06-08 05:55:00+00:00,4312.0,4315.5,4311.2001953125,4314.5,119
2026-06-08 05:56:00+00:00,4311.7998046875,4313.89990234375,4311.7998046875,4312.2001953125,49
2026-06-08 05:57:00+00:00,4312.89990234375,4313.0,4311.2001953125,4312.2998046875,78
2026-06-08 05:58:00+00:00,4315.2998046875,4315.39990234375,4311.7001953125,4312.89990234375,68
2026-06-08 05:59:00+00:00,4317.5,4320.0,4315.7001953125,4315.7001953125,126
2026-06-08 06:00:00+00:00,4326.5,4327.89990234375,4316.7998046875,4316.7998046875,374
2026-06-08 06:01:00+00:00,4329.7998046875,4331.2001953125,4325.7001953125,4326.2998046875,153
2026-06-08 06:02:00+00:00,4330.60009765625,4333.2001953125,4328.7998046875,4329.7998046875,325
2026-06-08 06:03:00+00:00,4330.0,4332.2001953125,4329.10009765625,4330.5,142
2026-06-08 06:04:00+00:00,4328.39990234375,4330.60009765625,4326.5,4330.39990234375,252
2026-06-08 06:05:00+00:00,4329.0,4329.39990234375,4327.39990234375,4328.7001953125,54
2026-06-08 06:06:00+00:00,4326.7001953125,4331.5,4326.5,4329.10009765625,127
2026-06-08 06:07:00+00:00,4325.60009765625,4327.39990234375,4324.5,4326.89990234375,60
2026-06-08 06:08:00+00:00,4327.60009765625,4327.60009765625,4324.7998046875,4326.0,97
2026-06-08 06:09:00+00:00,4327.39990234375,4329.10009765625,4325.7001953125,4326.89990234375,111
2026-06-08 06:10:00+00:00,4328.5,4328.5,4326.89990234375,4327.7998046875,50
2026-06-08 06:11:00+00:00,4325.89990234375,4328.89990234375,4325.7001953125,4328.5,35
2026-06-08 06:12:00+00:00,4326.60009765625,4327.2001953125,4323.7998046875,4325.39990234375,72
2026-06-08 06:13:00+00:00,4328.0,4329.60009765625,4326.2001953125,4326.7001953125,61
2026-06-08 06:14:00+00:00,4328.7998046875,4331.39990234375,4327.0,4328.2998046875,146
2026-06-08 06:15:00+00:00,4328.0,4329.2001953125,4327.60009765625,4328.7001953125,38
2026-06-08 06:16:00+00:00,4329.60009765625,4331.2998046875,4327.7001953125,4327.7998046875,99
2026-06-08 06:17:00+00:00,4330.60009765625,4332.2001953125,4328.89990234375,4329.2001953125,97
2026-06-08 06:18:00+00:00,4325.39990234375,4330.7998046875,4324.60009765625,4330.39990234375,117
2026-06-08 06:19:00+00:00,4328.7001953125,4328.7998046875,4324.60009765625,4325.89990234375,46
2026-06-08 06:20:00+00:00,4329.0,4329.2998046875,4328.0,4328.7001953125,75
2026-06-08 06:21:00+00:00,4333.10009765625,4334.60009765625,4327.7998046875,4329.0,141
2026-06-08 06:22:00+00:00,4334.89990234375,4336.5,4332.7998046875,4333.39990234375,140
2026-06-08 06:23:00+00:00,4332.0,4335.39990234375,4331.7001953125,4335.10009765625,71
2026-06-08 06:24:00+00:00,4333.7998046875,4333.7998046875,4331.60009765625,4331.7998046875,23
2026-06-08 06:25:00+00:00,4333.10009765625,4334.10009765625,4331.7001953125,4333.60009765625,91
2026-06-08 06:26:00+00:00,4334.7998046875,4335.7001953125,4332.60009765625,4332.60009765625,72
2026-06-08 06:27:00+00:00,4333.7998046875,4334.5,4332.39990234375,4334.5,160
2026-06-08 06:28:00+00:00,4333.5,4334.60009765625,4332.7001953125,4333.5,53
2026-06-08 06:29:00+00:00,4330.89990234375,4334.5,4329.89990234375,4333.60009765625,93
2026-06-08 06:30:00+00:00,4329.60009765625,4331.5,4328.7001953125,4330.7001953125,79
2026-06-08 06:31:00+00:00,4327.89990234375,4330.2001953125,4327.5,4329.5,77
2026-06-08 06:32:00+00:00,4327.2001953125,4328.39990234375,4326.2998046875,4327.89990234375,115
2026-06-08 06:33:00+00:00,4324.39990234375,4327.2001953125,4324.39990234375,4326.89990234375,77
2026-06-08 06:34:00+00:00,4324.7001953125,4326.0,4324.39990234375,4324.7998046875,30
2026-06-08 06:35:00+00:00,4320.60009765625,4325.0,4320.39990234375,4324.7001953125,125
2026-06-08 06:36:00+00:00,4323.39990234375,4323.89990234375,4321.10009765625,4321.5,86
2026-06-08 06:37:00+00:00,4321.89990234375,4323.2998046875,4321.2001953125,4323.10009765625,17
2026-06-08 06:38:00+00:00,4323.10009765625,4323.7998046875,4320.89990234375,4321.7001953125,40
2026-06-08 06:39:00+00:00,4321.5,4322.7001953125,4320.10009765625,4322.7001953125,71
2026-06-08 06:40:00+00:00,4320.2001953125,4321.5,4318.7001953125,4321.5,93
2026-06-08 06:41:00+00:00,4320.39990234375,4320.89990234375,4319.7998046875,4320.0,28
2026-06-08 06:42:00+00:00,4321.39990234375,4322.2001953125,4319.5,4320.0,25
2026-06-08 06:43:00+00:00,4325.0,4325.0,4321.7001953125,4321.7001953125,90
2026-06-08 06:44:00+00:00,4323.2998046875,4325.2001953125,4323.2998046875,4325.0,70
2026-06-08 06:45:00+00:00,4321.60009765625,4323.39990234375,4321.0,4323.10009765625,78
2026-06-08 06:46:00+00:00,4322.10009765625,4322.2998046875,4321.5,4321.89990234375,50
2026-06-08 06:47:00+00:00,4325.39990234375,4325.39990234375,4320.89990234375,4321.5,114
2026-06-08 06:48:00+00:00,4322.10009765625,4325.0,4322.10009765625,4325.0,77
2026-06-08 06:49:00+00:00,4321.89990234375,4323.60009765625,4321.89990234375,4323.0,15
2026-06-08 06:50:00+00:00,4324.0,4324.89990234375,4321.39990234375,4322.10009765625,60
2026-06-08 06:51:00+00:00,4324.7001953125,4325.60009765625,4323.5,4323.60009765625,32
2026-06-08 06:52:00+00:00,4324.0,4325.10009765625,4323.89990234375,4324.7998046875,10
2026-06-08 06:53:00+00:00,4322.10009765625,4324.10009765625,4321.89990234375,4324.10009765625,37
2026-06-08 06:54:00+00:00,4323.10009765625,4323.2998046875,4321.39990234375,4322.2998046875,25
2026-06-08 06:55:00+00:00,4320.2001953125,4322.5,4318.10009765625,4322.5,92
2026-06-08 06:56:00+00:00,4322.39990234375,4322.7001953125,4320.39990234375,4320.39990234375,108
2026-06-08 06:57:00+00:00,4324.39990234375,4324.39990234375,4321.60009765625,4322.2001953125,41
2026-06-08 06:58:00+00:00,4323.7001953125,4325.10009765625,4323.39990234375,4324.60009765625,34
2026-06-08 06:59:00+00:00,4325.2998046875,4325.39990234375,4324.10009765625,4324.2001953125,15
2026-06-08 07:00:00+00:00,4324.60009765625,4326.2998046875,4323.5,4325.10009765625,99
2026-06-08 07:01:00+00:00,4323.39990234375,4324.39990234375,4321.39990234375,4324.2001953125,91
2026-06-08 07:02:00+00:00,4322.0,4323.89990234375,4322.0,4323.7998046875,26
2026-06-08 07:03:00+00:00,4327.10009765625,4327.60009765625,4321.10009765625,4322.2001953125,98
2026-06-08 07:04:00+00:00,4324.2001953125,4328.39990234375,4323.89990234375,4327.0,85
2026-06-08 07:05:00+00:00,4323.2001953125,4324.2001953125,4322.0,4324.2001953125,46
2026-06-08 07:06:00+00:00,4321.2001953125,4323.0,4320.7998046875,4323.0,32
2026-06-08 07:07:00+00:00,4320.2001953125,4321.60009765625,4320.0,4321.39990234375,41
2026-06-08 07:08:00+00:00,4325.39990234375,4325.60009765625,4320.5,4320.5,90
2026-06-08 07:09:00+00:00,4325.7998046875,4326.5,4323.60009765625,4325.10009765625,36
2026-06-08 07:10:00+00:00,4324.2998046875,4325.5,4324.2998046875,4325.2998046875,20
2026-06-08 07:11:00+00:00,4324.89990234375,4326.0,4323.39990234375,4324.5,37
2026-06-08 07:12:00+00:00,4328.39990234375,4329.2998046875,4325.5,4325.60009765625,204
2026-06-08 07:13:00+00:00,4333.10009765625,4333.7998046875,4327.60009765625,4328.2998046875,149
2026-06-08 07:14:00+00:00,4330.2001953125,4333.5,4330.2001953125,4333.39990234375,99
2026-06-08 07:15:00+00:00,4328.60009765625,4330.5,4324.60009765625,4330.5,206
2026-06-08 07:16:00+00:00,4331.10009765625,4331.89990234375,4327.5,4328.5,76
2026-06-08 07:17:00+00:00,4333.7001953125,4335.7001953125,4331.2001953125,4331.2998046875,152
2026-06-08 07:18:00+00:00,4330.2001953125,4334.5,4330.2001953125,4333.7001953125,111
2026-06-08 07:19:00+00:00,4331.60009765625,4331.7001953125,4329.2998046875,4330.2998046875,137
2026-06-08 07:20:00+00:00,4332.10009765625,4332.10009765625,4331.0,4331.5,50
2026-06-08 07:21:00+00:00,4335.39990234375,4335.5,4331.39990234375,4332.2998046875,120
2026-06-08 07:22:00+00:00,4334.39990234375,4334.89990234375,4332.60009765625,4334.89990234375,90
2026-06-08 07:23:00+00:00,4335.7001953125,4336.5,4333.5,4334.2001953125,81
2026-06-08 07:24:00+00:00,4339.2001953125,4341.60009765625,4335.39990234375,4335.7998046875,294
2026-06-08 07:25:00+00:00,4341.2001953125,4342.0,4338.10009765625,4339.39990234375,153
2026-06-08 07:26:00+00:00,4337.5,4342.0,4337.0,4341.5,109
2026-06-08 07:27:00+00:00,4336.0,4338.7998046875,4335.60009765625,4337.10009765625,254
2026-06-08 07:28:00+00:00,4334.5,4336.10009765625,4334.10009765625,4335.7001953125,76
2026-06-08 07:29:00+00:00,4331.39990234375,4334.7998046875,4331.39990234375,4334.2998046875,146
2026-06-08 07:30:00+00:00,4333.7998046875,4334.0,4330.39990234375,4331.7001953125,144
2026-06-08 07:31:00+00:00,4332.7998046875,4333.89990234375,4332.2998046875,4333.60009765625,62
2026-06-08 07:32:00+00:00,4332.2998046875,4334.60009765625,4331.5,4332.89990234375,52
2026-06-08 07:33:00+00:00,4332.60009765625,4333.7001953125,4332.0,4332.0,36
2026-06-08 07:34:00+00:00,4333.5,4333.5,4331.5,4332.7998046875,24
2026-06-08 07:35:00+00:00,4332.5,4336.2001953125,4331.2998046875,4333.39990234375,138
2026-06-08 07:36:00+00:00,4331.0,4333.2001953125,4330.2998046875,4332.39990234375,83
2026-06-08 07:37:00+00:00,4331.7998046875,4333.0,4327.89990234375,4331.2001953125,224
2026-06-08 07:38:00+00:00,4333.10009765625,4336.60009765625,4331.7001953125,4331.7001953125,134
2026-06-08 07:39:00+00:00,4333.0,4334.60009765625,4332.0,4333.0,114
2026-06-08 07:40:00+00:00,4329.7001953125,4333.10009765625,4329.39990234375,4333.10009765625,70
2026-06-08 07:41:00+00:00,4329.5,4330.5,4328.7998046875,4330.0,96
2026-06-08 07:42:00+00:00,4328.7998046875,4329.89990234375,4326.60009765625,4329.39990234375,115
2026-06-08 07:43:00+00:00,4329.10009765625,4330.89990234375,4328.2998046875,4329.2998046875,57
2026-06-08 07:44:00+00:00,4326.89990234375,4328.7001953125,4326.60009765625,4328.7001953125,60
2026-06-08 07:45:00+00:00,4326.10009765625,4327.7998046875,4326.0,4327.2001953125,136
2026-06-08 07:46:00+00:00,4324.2998046875,4325.7998046875,4323.7001953125,4325.2998046875,80
2026-06-08 07:47:00+00:00,4326.10009765625,4326.60009765625,4324.2001953125,4324.2001953125,58
2026-06-08 07:48:00+00:00,4325.2998046875,4326.39990234375,4325.2001953125,4326.39990234375,36
2026-06-08 07:49:00+00:00,4323.60009765625,4326.2998046875,4323.60009765625,4325.7998046875,53
2026-06-08 07:50:00+00:00,4323.60009765625,4324.2001953125,4322.7998046875,4323.0,111
2026-06-08 07:51:00+00:00,4321.89990234375,4324.2998046875,4321.7001953125,4323.7001953125,100
2026-06-08 07:52:00+00:00,4321.7001953125,4322.5,4321.5,4321.89990234375,75
2026-06-08 07:53:00+00:00,4321.2001953125,4322.5,4320.89990234375,4321.7998046875,81
2026-06-08 07:54:00+00:00,4321.7998046875,4322.89990234375,4320.89990234375,4321.7998046875,41
2026-06-08 07:55:00+00:00,4324.10009765625,4324.60009765625,4321.39990234375,4321.89990234375,67
2026-06-08 07:56:00+00:00,4322.2998046875,4324.2998046875,4321.89990234375,4323.7998046875,98
2026-06-08 07:57:00+00:00,4323.10009765625,4323.2998046875,4322.0,4323.0,53
2026-06-08 07:58:00+00:00,4321.2998046875,4324.0,4321.2998046875,4323.39990234375,71
2026-06-08 07:59:00+00:00,4319.89990234375,4321.60009765625,4319.2998046875,4321.2998046875,102
2026-06-08 08:00:00+00:00,4318.2998046875,4322.2001953125,4318.0,4319.2998046875,227
2026-06-08 08:01:00+00:00,4317.89990234375,4318.89990234375,4315.2998046875,4318.39990234375,128
2026-06-08 08:02:00+00:00,4319.10009765625,4319.2001953125,4316.10009765625,4317.60009765625,86
2026-06-08 08:03:00+00:00,4320.60009765625,4322.39990234375,4318.7998046875,4319.2998046875,123
2026-06-08 08:04:00+00:00,4318.2001953125,4321.89990234375,4317.2001953125,4320.7998046875,76
2026-06-08 08:05:00+00:00,4316.7001953125,4318.60009765625,4316.0,4318.10009765625,86
2026-06-08 08:06:00+00:00,4316.10009765625,4317.89990234375,4316.0,4317.2001953125,48
2026-06-08 08:07:00+00:00,4315.10009765625,4317.2998046875,4314.7001953125,4316.5,145
2026-06-08 08:08:00+00:00,4317.5,4317.7998046875,4314.89990234375,4315.7998046875,139
2026-06-08 08:09:00+00:00,4320.0,4321.2998046875,4316.2998046875,4317.7001953125,130
2026-06-08 08:10:00+00:00,4318.39990234375,4319.89990234375,4316.2001953125,4319.7001953125,159
2026-06-08 08:11:00+00:00,4320.2998046875,4320.7998046875,4318.2001953125,4318.2001953125,158
2026-06-08 08:12:00+00:00,4318.89990234375,4320.60009765625,4318.0,4320.60009765625,34
2026-06-08 08:13:00+00:00,4318.2998046875,4320.0,4317.7998046875,4318.60009765625,80
2026-06-08 08:14:00+00:00,4316.5,4318.10009765625,4316.10009765625,4318.10009765625,35
2026-06-08 08:15:00+00:00,4317.2998046875,4318.2998046875,4315.7001953125,4316.7001953125,152
2026-06-08 08:16:00+00:00,4314.89990234375,4318.39990234375,4313.89990234375,4316.60009765625,137
2026-06-08 08:17:00+00:00,4314.5,4315.89990234375,4313.39990234375,4315.10009765625,119
2026-06-08 08:18:00+00:00,4317.5,4317.89990234375,4314.2001953125,4314.7001953125,125
2026-06-08 08:19:00+00:00,4317.7001953125,4317.7998046875,4316.10009765625,4317.60009765625,88
2026-06-08 08:20:00+00:00,4316.7998046875,4317.7998046875,4315.7998046875,4317.7998046875,102
2026-06-08 08:21:00+00:00,4315.7998046875,4317.39990234375,4314.7001953125,4317.10009765625,46
2026-06-08 08:22:00+00:00,4314.5,4317.2998046875,4314.2998046875,4315.2998046875,145
2026-06-08 08:23:00+00:00,4314.39990234375,4315.7998046875,4313.5,4314.60009765625,56
2026-06-08 08:24:00+00:00,4312.7001953125,4316.5,4312.5,4314.39990234375,152
2026-06-08 08:25:00+00:00,4313.5,4314.89990234375,4312.7001953125,4313.2001953125,128
2026-06-08 08:26:00+00:00,4313.89990234375,4314.10009765625,4312.0,4313.5,154
2026-06-08 08:27:00+00:00,4310.0,4314.60009765625,4309.60009765625,4314.10009765625,158
2026-06-08 08:28:00+00:00,4310.5,4311.2998046875,4309.7998046875,4310.10009765625,68
2026-06-08 08:29:00+00:00,4312.10009765625,4313.2001953125,4310.39990234375,4310.89990234375,90
2026-06-08 08:30:00+00:00,4315.2001953125,4315.7998046875,4311.39990234375,4312.7998046875,98
2026-06-08 08:31:00+00:00,4312.60009765625,4314.89990234375,4312.2998046875,4314.7001953125,102
2026-06-08 08:32:00+00:00,4312.7001953125,4314.7998046875,4312.2998046875,4312.2998046875,152
2026-06-08 08:33:00+00:00,4315.10009765625,4315.5,4311.89990234375,4312.0,48
2026-06-08 08:34:00+00:00,4315.89990234375,4316.5,4315.10009765625,4315.10009765625,97
2026-06-08 08:35:00+00:00,4313.0,4315.7001953125,4311.7001953125,4315.7001953125,88
2026-06-08 08:36:00+00:00,4311.2998046875,4313.0,4311.10009765625,4312.89990234375,28
2026-06-08 08:37:00+00:00,4313.89990234375,4314.0,4310.7001953125,4311.7998046875,150
2026-06-08 08:38:00+00:00,4313.10009765625,4314.2001953125,4312.2998046875,4314.2001953125,63
2026-06-08 08:39:00+00:00,4312.0,4313.89990234375,4311.7001953125,4313.5,65
2026-06-08 08:40:00+00:00,4312.10009765625,4314.0,4311.60009765625,4312.0,106
2026-06-08 08:41:00+00:00,4311.7001953125,4312.60009765625,4311.0,4311.5,41
2026-06-08 08:42:00+00:00,4313.89990234375,4313.89990234375,4312.2001953125,4312.2001953125,31
2026-06-08 08:43:00+00:00,4314.7998046875,4315.7998046875,4314.10009765625,4314.10009765625,111
2026-06-08 08:44:00+00:00,4315.10009765625,4315.5,4313.7001953125,4314.5,141
2026-06-08 08:45:00+00:00,4318.10009765625,4318.2998046875,4315.0,4315.10009765625,298
2026-06-08 08:46:00+00:00,4314.89990234375,4318.10009765625,4314.0,4318.10009765625,95
2026-06-08 08:47:00+00:00,4315.10009765625,4315.7998046875,4313.39990234375,4315.2001953125,353
2026-06-08 08:48:00+00:00,4316.7001953125,4316.89990234375,4314.7001953125,4315.2998046875,58
2026-06-08 08:49:00+00:00,4315.89990234375,4318.2001953125,4315.5,4317.39990234375,150
2026-06-08 08:50:00+00:00,4316.5,4317.7001953125,4315.7998046875,4315.7998046875,58
2026-06-08 08:51:00+00:00,4314.7998046875,4317.39990234375,4314.60009765625,4316.5,158
2026-06-08 08:52:00+00:00,4311.89990234375,4315.5,4311.89990234375,4314.5,159
2026-06-08 08:53:00+00:00,4311.7998046875,4313.0,4311.10009765625,4312.2998046875,82
2026-06-08 08:54:00+00:00,4313.10009765625,4313.5,4311.5,4311.7998046875,82
2026-06-08 08:55:00+00:00,4311.10009765625,4313.2001953125,4310.2001953125,4312.39990234375,113
2026-06-08 08:56:00+00:00,4312.7998046875,4312.89990234375,4310.2998046875,4311.2001953125,102
2026-06-08 08:57:00+00:00,4312.7001953125,4313.10009765625,4311.2001953125,4312.2998046875,46
2026-06-08 08:58:00+00:00,4315.0,4315.0,4312.5,4312.5,62
2026-06-08 08:59:00+00:00,4313.10009765625,4314.7001953125,4312.7998046875,4314.7001953125,62
2026-06-08 09:00:00+00:00,4316.7001953125,4316.7001953125,4313.2998046875,4313.5,72
2026-06-08 09:01:00+00:00,4315.10009765625,4316.7001953125,4314.2001953125,4316.7001953125,50
2026-06-08 09:02:00+00:00,4315.7001953125,4315.7001953125,4314.0,4314.7998046875,38
2026-06-08 09:03:00+00:00,4315.39990234375,4316.5,4315.2998046875,4316.0,36
2026-06-08 09:04:00+00:00,4315.2998046875,4316.7998046875,4314.60009765625,4315.60009765625,42
2026-06-08 09:05:00+00:00,4312.60009765625,4315.5,4311.7998046875,4315.5,51
2026-06-08 09:06:00+00:00,4312.60009765625,4313.39990234375,4312.39990234375,4312.7001953125,24
2026-06-08 09:07:00+00:00,4311.39990234375,4312.0,4311.2998046875,4312.0,14
2026-06-08 09:08:00+00:00,4311.0,4311.89990234375,4311.0,4311.7001953125,42
2026-06-08 09:09:00+00:00,4309.7001953125,4311.0,4308.7998046875,4311.0,66
2026-06-08 09:10:00+00:00,4310.39990234375,4310.89990234375,4309.39990234375,4309.7998046875,63
2026-06-08 09:11:00+00:00,4311.89990234375,4312.0,4310.0,4310.39990234375,47
2026-06-08 09:12:00+00:00,4311.89990234375,4312.60009765625,4311.2998046875,4312.0,37
2026-06-08 09:13:00+00:00,4312.60009765625,4313.2998046875,4311.7001953125,4311.7001953125,29
2026-06-08 09:14:00+00:00,4313.7001953125,4313.7001953125,4312.5,4312.89990234375,13
2026-06-08 09:15:00+00:00,4314.10009765625,4314.2998046875,4313.0,4313.5,81
2026-06-08 09:16:00+00:00,4314.2998046875,4315.10009765625,4313.7001953125,4314.10009765625,49
2026-06-08 09:17:00+00:00,4312.7998046875,4314.5,4312.2998046875,4314.5,40
2026-06-08 09:18:00+00:00,4312.10009765625,4312.89990234375,4311.7998046875,4312.5,26
2026-06-08 09:19:00+00:00,4312.7001953125,4312.7001953125,4312.2001953125,4312.39990234375,13
2026-06-08 09:20:00+00:00,4315.5,4315.5,4312.39990234375,4312.89990234375,83
2026-06-08 09:21:00+00:00,4314.39990234375,4315.39990234375,4314.39990234375,4315.39990234375,27
2026-06-08 09:22:00+00:00,4313.7998046875,4314.2001953125,4312.89990234375,4314.2001953125,81
2026-06-08 09:23:00+00:00,4313.39990234375,4314.5,4313.39990234375,4314.0,20
2026-06-08 09:24:00+00:00,4311.0,4313.2001953125,4310.7998046875,4313.2001953125,67
2026-06-08 09:25:00+00:00,4310.5,4311.2001953125,4309.7998046875,4311.2001953125,88
2026-06-08 09:26:00+00:00,4311.5,4312.10009765625,4310.7001953125,4310.7998046875,52
2026-06-08 09:27:00+00:00,4311.5,4312.5,4311.10009765625,4311.5,40
2026-06-08 09:28:00+00:00,4305.5,4311.2998046875,4305.5,4311.2998046875,296
2026-06-08 09:29:00+00:00,4304.39990234375,4306.7001953125,4303.5,4305.5,233
2026-06-08 09:30:00+00:00,4303.7001953125,4304.7998046875,4301.2998046875,4304.10009765625,583
2026-06-08 09:31:00+00:00,4301.89990234375,4305.2998046875,4301.89990234375,4303.7001953125,349
2026-06-08 09:32:00+00:00,4301.7001953125,4302.2998046875,4299.0,4302.0,355
2026-06-08 09:33:00+00:00,4299.60009765625,4302.60009765625,4298.7998046875,4301.5,173
2026-06-08 09:34:00+00:00,4298.0,4299.7998046875,4297.10009765625,4299.10009765625,328
2026-06-08 09:35:00+00:00,4300.0,4300.39990234375,4297.7998046875,4297.89990234375,148
2026-06-08 09:36:00+00:00,4311.5,4314.2001953125,4300.10009765625,4300.10009765625,590
2026-06-08 09:37:00+00:00,4314.5,4319.89990234375,4309.60009765625,4311.2998046875,416
2026-06-08 09:38:00+00:00,4314.7998046875,4317.0,4313.39990234375,4314.7001953125,219
2026-06-08 09:39:00+00:00,4318.0,4319.0,4314.0,4316.0,312
2026-06-08 09:40:00+00:00,4317.2001953125,4319.10009765625,4316.39990234375,4317.7001953125,144
2026-06-08 09:41:00+00:00,4314.0,4318.2998046875,4314.0,4317.10009765625,130
2026-06-08 09:42:00+00:00,4319.7001953125,4320.60009765625,4313.60009765625,4313.7998046875,108
2026-06-08 09:43:00+00:00,4320.60009765625,4320.7001953125,4318.2001953125,4319.7998046875,181
2026-06-08 09:44:00+00:00,4318.0,4320.2001953125,4318.0,4320.10009765625,127
2026-06-08 09:45:00+00:00,4321.5,4322.10009765625,4317.2998046875,4318.2001953125,96
2026-06-08 09:46:00+00:00,4321.7998046875,4322.39990234375,4321.2998046875,4321.5,52
2026-06-08 09:47:00+00:00,4324.2998046875,4324.2998046875,4320.89990234375,4321.89990234375,116
2026-06-08 09:48:00+00:00,4325.7998046875,4326.39990234375,4322.7998046875,4323.89990234375,317
2026-06-08 09:49:00+00:00,4325.39990234375,4326.39990234375,4324.5,4325.60009765625,124
2026-06-08 09:50:00+00:00,4321.10009765625,4326.39990234375,4321.10009765625,4325.89990234375,192
2026-06-08 09:51:00+00:00,4319.5,4321.2001953125,4318.7998046875,4321.2001953125,127
2026-06-08 09:52:00+00:00,4317.7998046875,4320.39990234375,4316.2998046875,4319.60009765625,187
2026-06-08 09:53:00+00:00,4318.39990234375,4319.10009765625,4316.0,4318.10009765625,150
2026-06-08 09:54:00+00:00,4318.0,4319.7001953125,4317.89990234375,4319.10009765625,26
2026-06-08 09:55:00+00:00,4317.7998046875,4320.0,4317.7998046875,4318.39990234375,65
2026-06-08 09:56:00+00:00,4316.39990234375,4318.60009765625,4315.5,4317.89990234375,126
2026-06-08 09:57:00+00:00,4316.39990234375,4317.5,4316.2001953125,4316.60009765625,36
2026-06-08 09:58:00+00:00,4317.60009765625,4318.7001953125,4316.39990234375,4316.39990234375,72
2026-06-08 09:59:00+00:00,4318.7998046875,4319.2998046875,4317.5,4317.60009765625,30
2026-06-08 10:00:00+00:00,4317.2998046875,4319.60009765625,4316.39990234375,4319.0,65
2026-06-08 10:01:00+00:00,4315.5,4318.2998046875,4314.7998046875,4316.7998046875,201
2026-06-08 10:02:00+00:00,4315.7001953125,4315.89990234375,4310.60009765625,4315.5,360
2026-06-08 10:03:00+00:00,4316.10009765625,4316.7001953125,4314.7001953125,4315.60009765625,38
2026-06-08 10:04:00+00:00,4315.10009765625,4316.0,4313.89990234375,4316.0,40
2026-06-08 10:05:00+00:00,4315.39990234375,4316.7998046875,4313.89990234375,4315.39990234375,77
2026-06-08 10:06:00+00:00,4318.10009765625,4318.5,4315.10009765625,4315.2998046875,65
2026-06-08 10:07:00+00:00,4322.0,4322.10009765625,4318.5,4318.5,124
2026-06-08 10:08:00+00:00,4321.0,4322.2001953125,4320.5,4322.0,78
2026-06-08 10:09:00+00:00,4319.2998046875,4321.39990234375,4318.7001953125,4320.5,56
2026-06-08 10:10:00+00:00,4319.7998046875,4320.5,4319.0,4319.60009765625,23
2026-06-08 10:11:00+00:00,4320.7001953125,4322.2001953125,4319.60009765625,4319.60009765625,127
2026-06-08 10:12:00+00:00,4320.10009765625,4322.2001953125,4320.10009765625,4320.39990234375,52
2026-06-08 10:13:00+00:00,4319.0,4321.0,4319.0,4320.2998046875,32
2026-06-08 10:14:00+00:00,4319.2001953125,4319.7001953125,4318.2001953125,4318.39990234375,29
2026-06-08 10:15:00+00:00,4319.7001953125,4320.0,4319.0,4319.7001953125,16
2026-06-08 10:16:00+00:00,4316.2998046875,4320.2998046875,4316.2998046875,4319.89990234375,40
2026-06-08 10:17:00+00:00,4316.39990234375,4316.7001953125,4315.2001953125,4316.2998046875,36
2026-06-08 10:18:00+00:00,4316.2998046875,4316.60009765625,4316.0,4316.39990234375,11
2026-06-08 10:19:00+00:00,4314.89990234375,4316.39990234375,4314.89990234375,4316.39990234375,17
2026-06-08 10:20:00+00:00,4316.2998046875,4316.39990234375,4314.7998046875,4314.89990234375,96
2026-06-08 10:21:00+00:00,4316.2998046875,4317.2998046875,4315.7998046875,4316.10009765625,36
2026-06-08 10:22:00+00:00,4314.89990234375,4317.0,4314.60009765625,4316.10009765625,44
2026-06-08 10:23:00+00:00,4314.89990234375,4315.2998046875,4314.2001953125,4315.2998046875,33
2026-06-08 10:24:00+00:00,4315.89990234375,4317.0,4314.89990234375,4314.89990234375,21
2026-06-08 10:25:00+00:00,4317.39990234375,4318.5,4314.7998046875,4315.7998046875,41
2026-06-08 10:26:00+00:00,4318.2001953125,4318.5,4316.89990234375,4317.60009765625,99
2026-06-08 10:27:00+00:00,4317.10009765625,4318.2998046875,4316.0,4317.7998046875,133
2026-06-08 10:28:00+00:00,4318.2001953125,4318.5,4317.39990234375,4317.39990234375,26
2026-06-08 10:29:00+00:00,4318.39990234375,4319.89990234375,4318.10009765625,4318.10009765625,100
2026-06-08 10:30:00+00:00,4317.7998046875,4318.2998046875,4317.60009765625,4318.2001953125,58
2026-06-08 10:31:00+00:00,4318.5,4319.7001953125,4318.10009765625,4318.10009765625,47
2026-06-08 10:32:00+00:00,4317.10009765625,4318.89990234375,4317.10009765625,4318.0,73
2026-06-08 10:33:00+00:00,4320.60009765625,4321.2001953125,4316.60009765625,4316.60009765625,46
2026-06-08 10:34:00+00:00,4328.10009765625,4330.0,4320.39990234375,4320.39990234375,687
2026-06-08 10:35:00+00:00,4326.10009765625,4330.2998046875,4323.89990234375,4327.7998046875,349
2026-06-08 10:36:00+00:00,4326.7998046875,4327.7001953125,4324.7998046875,4326.10009765625,146
2026-06-08 10:37:00+00:00,4325.2001953125,4328.89990234375,4325.2001953125,4326.7998046875,76
2026-06-08 10:38:00+00:00,4326.10009765625,4326.39990234375,4324.60009765625,4325.5,41
2026-06-08 10:39:00+00:00,4324.7998046875,4326.2998046875,4323.89990234375,4325.89990234375,55
2026-06-08 10:40:00+00:00,4325.39990234375,4325.39990234375,4324.2001953125,4324.2998046875,25
2026-06-08 10:41:00+00:00,4325.7001953125,4326.2998046875,4325.10009765625,4325.5,32
2026-06-08 10:42:00+00:00,4326.7001953125,4327.0,4325.2998046875,4325.7998046875,23
2026-06-08 10:43:00+00:00,4328.7998046875,4328.7998046875,4326.2001953125,4326.7001953125,73
2026-06-08 10:44:00+00:00,4329.2001953125,4329.5,4328.0,4328.39990234375,118
2026-06-08 10:45:00+00:00,4327.2998046875,4329.5,4326.2001953125,4329.5,115
2026-06-08 10:46:00+00:00,4324.5,4328.5,4324.2998046875,4327.7001953125,125
2026-06-08 10:47:00+00:00,4324.89990234375,4325.0,4323.60009765625,4325.0,38
2026-06-08 10:48:00+00:00,4325.2001953125,4325.7998046875,4324.2001953125,4325.2001953125,56
2026-06-08 10:49:00+00:00,4325.10009765625,4326.0,4324.60009765625,4325.2998046875,32
2026-06-08 10:50:00+00:00,4324.7001953125,4326.2998046875,4324.5,4324.89990234375,37
2026-06-08 10:51:00+00:00,4325.0,4325.0,4322.7001953125,4324.5,158
2026-06-08 10:52:00+00:00,4325.10009765625,4325.10009765625,4324.60009765625,4325.0,29
2026-06-08 10:53:00+00:00,4324.60009765625,4325.89990234375,4324.10009765625,4325.10009765625,50
2026-06-08 10:54:00+00:00,4322.5,4324.60009765625,4322.5,4324.39990234375,59
2026-06-08 10:55:00+00:00,4322.10009765625,4322.89990234375,4321.39990234375,4322.89990234375,38
2026-06-08 10:56:00+00:00,4322.7001953125,4322.7998046875,4321.7001953125,4322.2998046875,47
2026-06-08 10:57:00+00:00,4324.39990234375,4324.89990234375,4322.89990234375,4323.2001953125,42
2026-06-08 10:58:00+00:00,4325.2001953125,4326.10009765625,4324.2998046875,4324.2998046875,57
2026-06-08 10:59:00+00:00,4326.39990234375,4327.5,4325.0,4325.0,43
2026-06-08 11:00:00+00:00,4324.10009765625,4326.89990234375,4323.39990234375,4326.2001953125,79
2026-06-08 11:01:00+00:00,4323.10009765625,4324.0,4322.5,4323.89990234375,50
2026-06-08 11:02:00+00:00,4322.2998046875,4322.89990234375,4321.2998046875,4322.5,27
2026-06-08 11:03:00+00:00,4324.7998046875,4325.0,4322.39990234375,4322.60009765625,33
2026-06-08 11:04:00+00:00,4324.5,4325.2001953125,4323.5,4325.2001953125,57
2026-06-08 11:05:00+00:00,4325.2001953125,4326.39990234375,4324.7998046875,4324.7998046875,69
2026-06-08 11:06:00+00:00,4325.60009765625,4326.0,4324.5,4325.2998046875,43
2026-06-08 11:07:00+00:00,4327.60009765625,4327.7001953125,4325.7998046875,4325.7998046875,36
2026-06-08 11:08:00+00:00,4327.60009765625,4328.10009765625,4327.5,4327.7998046875,31
2026-06-08 11:09:00+00:00,4330.5,4330.5,4327.2001953125,4327.89990234375,66
2026-06-08 11:10:00+00:00,4337.39990234375,4338.2001953125,4329.0,4330.39990234375,400
2026-06-08 11:11:00+00:00,4332.7998046875,4337.7998046875,4331.7001953125,4337.2001953125,303
2026-06-08 11:12:00+00:00,4333.39990234375,4334.89990234375,4331.2998046875,4332.60009765625,113
2026-06-08 11:13:00+00:00,4333.0,4336.10009765625,4331.89990234375,4333.39990234375,209
2026-06-08 11:14:00+00:00,4343.2998046875,4343.2998046875,4332.89990234375,4333.0,477
2026-06-08 11:15:00+00:00,4341.2001953125,4348.39990234375,4338.5,4343.2998046875,813
2026-06-08 11:16:00+00:00,4339.89990234375,4342.0,4337.5,4341.2001953125,132
2026-06-08 11:17:00+00:00,4338.60009765625,4341.0,4338.39990234375,4339.5,179
2026-06-08 11:18:00+00:00,4343.89990234375,4345.5,4337.7998046875,4338.39990234375,333
2026-06-08 11:19:00+00:00,4352.2001953125,4353.60009765625,4342.60009765625,4343.7998046875,763
2026-06-08 11:20:00+00:00,4350.7001953125,4356.10009765625,4350.0,4352.0,605
2026-06-08 11:21:00+00:00,4354.10009765625,4355.0,4351.39990234375,4351.39990234375,183
2026-06-08 11:22:00+00:00,4350.7998046875,4353.7998046875,4350.7001953125,4353.60009765625,123
2026-06-08 11:23:00+00:00,4349.89990234375,4350.7998046875,4348.2001953125,4350.2998046875,148
2026-06-08 11:24:00+00:00,4350.2998046875,4351.5,4349.5,4349.60009765625,95
2026-06-08 11:25:00+00:00,4352.10009765625,4352.60009765625,4350.10009765625,4350.7998046875,69
2026-06-08 11:26:00+00:00,4353.2001953125,4354.7998046875,4351.39990234375,4351.60009765625,193
2026-06-08 11:27:00+00:00,4351.0,4354.10009765625,4350.39990234375,4352.7998046875,185
2026-06-08 11:28:00+00:00,4347.89990234375,4351.5,4346.7001953125,4351.10009765625,229
2026-06-08 11:29:00+00:00,4350.2001953125,4350.60009765625,4347.5,4347.89990234375,186
2026-06-08 11:30:00+00:00,4350.5,4352.2001953125,4350.0,4350.0,259
2026-06-08 11:31:00+00:00,4354.2001953125,4354.2001953125,4350.2001953125,4350.5,194
2026-06-08 11:32:00+00:00,4357.7001953125,4358.5,4353.2998046875,4353.7001953125,231
2026-06-08 11:33:00+00:00,4355.0,4357.2998046875,4354.89990234375,4357.2998046875,115
2026-06-08 11:34:00+00:00,4355.10009765625,4355.60009765625,4353.7998046875,4354.89990234375,55
2026-06-08 11:35:00+00:00,4352.39990234375,4355.2998046875,4352.2001953125,4354.5,59
2026-06-08 11:36:00+00:00,4349.5,4353.7001953125,4348.89990234375,4352.7998046875,118
2026-06-08 11:37:00+00:00,4352.60009765625,4352.60009765625,4349.60009765625,4349.7001953125,125
2026-06-08 11:38:00+00:00,4351.5,4352.7001953125,4351.2998046875,4352.10009765625,67
2026-06-08 11:39:00+00:00,4350.2998046875,4352.60009765625,4349.2998046875,4351.7001953125,37
2026-06-08 11:40:00+00:00,4350.10009765625,4350.7001953125,4349.39990234375,4350.5,41
2026-06-08 11:41:00+00:00,4351.0,4351.0,4349.10009765625,4350.60009765625,98
2026-06-08 11:42:00+00:00,4351.7001953125,4351.7998046875,4350.2001953125,4351.0,132
2026-06-08 11:43:00+00:00,4348.39990234375,4352.2998046875,4347.7001953125,4351.60009765625,86
2026-06-08 11:44:00+00:00,4349.0,4349.0,4347.2001953125,4348.5,147
2026-06-08 11:45:00+00:00,4350.10009765625,4351.39990234375,4347.60009765625,4349.2001953125,114
2026-06-08 11:46:00+00:00,4347.5,4350.7001953125,4347.39990234375,4350.0,44
2026-06-08 11:47:00+00:00,4347.10009765625,4348.2001953125,4346.0,4347.60009765625,217
2026-06-08 11:48:00+00:00,4346.89990234375,4347.5,4346.39990234375,4347.2001953125,87
2026-06-08 11:49:00+00:00,4348.7001953125,4349.0,4346.2998046875,4346.60009765625,119
2026-06-08 11:50:00+00:00,4349.89990234375,4350.2998046875,4348.39990234375,4349.2001953125,90
2026-06-08 11:51:00+00:00,4351.2001953125,4352.0,4348.89990234375,4350.0,128
2026-06-08 11:52:00+00:00,4352.0,4352.39990234375,4351.2998046875,4351.7001953125,103
2026-06-08 11:53:00+00:00,4352.89990234375,4353.60009765625,4351.2998046875,4352.0,77
2026-06-08 11:54:00+00:00,4351.2001953125,4353.60009765625,4351.0,4352.89990234375,66
2026-06-08 11:55:00+00:00,4351.7001953125,4351.7001953125,4350.2001953125,4351.39990234375,55
2026-06-08 11:56:00+00:00,4357.0,4357.0,4351.2998046875,4351.60009765625,116
2026-06-08 11:57:00+00:00,4354.10009765625,4357.39990234375,4354.10009765625,4356.89990234375,170
2026-06-08 11:58:00+00:00,4355.5,4355.89990234375,4354.0,4354.2998046875,93
2026-06-08 11:59:00+00:00,4356.2998046875,4356.7998046875,4353.89990234375,4355.2998046875,80
2026-06-08 12:00:00+00:00,4358.5,4359.10009765625,4352.60009765625,4355.7001953125,152
2026-06-08 12:01:00+00:00,4354.39990234375,4359.2001953125,4354.0,4359.10009765625,163
2026-06-08 12:02:00+00:00,4356.39990234375,4357.10009765625,4353.89990234375,4354.7001953125,79
2026-06-08 12:03:00+00:00,4354.2998046875,4358.0,4353.7001953125,4356.89990234375,178
2026-06-08 12:04:00+00:00,4355.5,4356.0,4352.7998046875,4354.2998046875,101
2026-06-08 12:05:00+00:00,4353.39990234375,4356.7001953125,4352.89990234375,4355.39990234375,292
2026-06-08 12:06:00+00:00,4355.60009765625,4356.7998046875,4352.0,4353.2998046875,174
2026-06-08 12:07:00+00:00,4355.10009765625,4355.60009765625,4353.0,4355.2998046875,111
2026-06-08 12:08:00+00:00,4356.0,4359.5,4355.2998046875,4355.2998046875,117
2026-06-08 12:09:00+00:00,4355.2998046875,4356.89990234375,4355.0,4355.7998046875,76
2026-06-08 12:10:00+00:00,4352.60009765625,4355.60009765625,4352.5,4355.60009765625,53
2026-06-08 12:11:00+00:00,4353.89990234375,4353.89990234375,4351.10009765625,4352.5,100
2026-06-08 12:12:00+00:00,4350.5,4353.7998046875,4350.2001953125,4353.7998046875,142
2026-06-08 12:13:00+00:00,4348.2001953125,4351.2998046875,4347.7998046875,4350.60009765625,222
2026-06-08 12:14:00+00:00,4347.0,4349.10009765625,4346.7998046875,4348.10009765625,192
2026-06-08 12:15:00+00:00,4345.2998046875,4347.2001953125,4344.7998046875,4347.0,140
2026-06-08 12:16:00+00:00,4347.2001953125,4348.10009765625,4344.89990234375,4345.39990234375,128
2026-06-08 12:17:00+00:00,4348.10009765625,4348.5,4346.10009765625,4347.0,107
2026-06-08 12:18:00+00:00,4349.10009765625,4350.5,4347.89990234375,4348.2001953125,91
2026-06-08 12:19:00+00:00,4349.5,4350.7001953125,4349.0,4349.39990234375,59
2026-06-08 12:20:00+00:00,4349.5,4351.2001953125,4347.5,4349.7998046875,254
2026-06-08 12:21:00+00:00,4349.7998046875,4352.7001953125,4349.7998046875,4349.7998046875,105
2026-06-08 12:22:00+00:00,4353.7998046875,4354.5,4349.5,4350.0,167
2026-06-08 12:23:00+00:00,4351.89990234375,4354.2998046875,4350.10009765625,4353.2998046875,73
2026-06-08 12:24:00+00:00,4353.89990234375,4353.89990234375,4351.0,4352.2001953125,96
2026-06-08 12:25:00+00:00,4354.39990234375,4354.39990234375,4352.7001953125,4353.5,104
2026-06-08 12:26:00+00:00,4353.2001953125,4353.89990234375,4352.7001953125,4353.7001953125,47
2026-06-08 12:27:00+00:00,4355.2001953125,4357.39990234375,4352.89990234375,4353.10009765625,125
2026-06-08 12:28:00+00:00,4353.7998046875,4355.39990234375,4353.7998046875,4354.89990234375,114
2026-06-08 12:29:00+00:00,4354.7001953125,4356.0,4353.5,4353.5,104
2026-06-08 12:30:00+00:00,4355.7998046875,4356.5,4354.2001953125,4354.60009765625,88
2026-06-08 12:31:00+00:00,4356.7001953125,4358.2001953125,4354.7998046875,4355.7998046875,259
2026-06-08 12:32:00+00:00,4356.89990234375,4359.5,4356.0,4356.89990234375,208
2026-06-08 12:33:00+00:00,4355.7001953125,4359.2998046875,4355.7001953125,4356.89990234375,120
2026-06-08 12:34:00+00:00,4352.7001953125,4357.0,4352.60009765625,4355.60009765625,217
2026-06-08 12:35:00+00:00,4354.2001953125,4354.60009765625,4352.39990234375,4352.89990234375,101
2026-06-08 12:36:00+00:00,4357.0,4357.2998046875,4354.2001953125,4354.2998046875,124
2026-06-08 12:37:00+00:00,4357.10009765625,4358.7998046875,4357.10009765625,4357.2998046875,130
2026-06-08 12:38:00+00:00,4356.2998046875,4358.39990234375,4355.89990234375,4357.39990234375,151
2026-06-08 12:39:00+00:00,4355.2001953125,4358.89990234375,4354.7998046875,4356.10009765625,319
2026-06-08 12:40:00+00:00,4354.7998046875,4356.60009765625,4353.2998046875,4355.2998046875,226
2026-06-08 12:41:00+00:00,4355.2998046875,4356.2998046875,4354.10009765625,4354.7001953125,106
2026-06-08 12:42:00+00:00,4362.0,4364.7998046875,4354.7998046875,4355.2001953125,446
2026-06-08 12:43:00+00:00,4358.89990234375,4362.7998046875,4358.89990234375,4361.7998046875,332
2026-06-08 12:44:00+00:00,4360.60009765625,4361.2001953125,4358.2001953125,4359.0,352
2026-06-08 12:45:00+00:00,4362.5,4363.0,4359.7001953125,4360.89990234375,123
2026-06-08 12:46:00+00:00,4360.5,4362.10009765625,4359.7001953125,4362.10009765625,97
2026-06-08 12:47:00+00:00,4361.10009765625,4361.5,4359.2998046875,4360.60009765625,89
2026-06-08 12:48:00+00:00,4358.39990234375,4361.89990234375,4358.0,4361.7001953125,67
2026-06-08 12:49:00+00:00,4357.5,4359.5,4357.2001953125,4358.39990234375,61
2026-06-08 12:50:00+00:00,4355.60009765625,4358.5,4355.60009765625,4357.60009765625,166
2026-06-08 12:51:00+00:00,4354.39990234375,4357.0,4354.2998046875,4356.0,81
2026-06-08 12:52:00+00:00,4353.0,4354.2001953125,4352.7998046875,4354.10009765625,212
2026-06-08 12:53:00+00:00,4355.39990234375,4355.7001953125,4352.0,4353.2998046875,122
2026-06-08 12:54:00+00:00,4354.2998046875,4356.7001953125,4354.2998046875,4355.39990234375,147
2026-06-08 12:55:00+00:00,4355.89990234375,4355.89990234375,4353.7001953125,4355.0,106
2026-06-08 12:56:00+00:00,4354.5,4357.2001953125,4354.10009765625,4355.7001953125,141
2026-06-08 12:57:00+00:00,4355.5,4355.5,4353.7998046875,4354.39990234375,92
2026-06-08 12:58:00+00:00,4356.89990234375,4357.2001953125,4354.7001953125,4355.60009765625,59
2026-06-08 12:59:00+00:00,4358.0,4359.2998046875,4356.2001953125,4356.60009765625,151
2026-06-08 13:00:00+00:00,4354.7998046875,4359.7998046875,4354.0,4358.10009765625,587
2026-06-08 13:01:00+00:00,4351.89990234375,4356.60009765625,4350.39990234375,4354.89990234375,359
2026-06-08 13:02:00+00:00,4352.0,4354.2001953125,4351.10009765625,4352.0,157
2026-06-08 13:03:00+00:00,4355.2998046875,4359.2001953125,4351.7998046875,4351.89990234375,188
2026-06-08 13:04:00+00:00,4353.60009765625,4355.7001953125,4353.2998046875,4355.5,134
2026-06-08 13:05:00+00:00,4352.7001953125,4355.0,4352.7001953125,4353.89990234375,70
2026-06-08 13:06:00+00:00,4351.60009765625,4353.0,4351.0,4353.0,79
2026-06-08 13:07:00+00:00,4348.7001953125,4351.60009765625,4347.60009765625,4351.2998046875,251
2026-06-08 13:08:00+00:00,4351.60009765625,4353.10009765625,4348.7001953125,4349.2001953125,105
2026-06-08 13:09:00+00:00,4348.7001953125,4352.2001953125,4348.7001953125,4351.5,123
2026-06-08 13:10:00+00:00,4349.60009765625,4350.5,4348.7001953125,4349.10009765625,56
2026-06-08 13:11:00+00:00,4349.0,4351.2001953125,4348.7001953125,4349.2998046875,109
2026-06-08 13:12:00+00:00,4349.2998046875,4350.39990234375,4347.60009765625,4348.7001953125,121
2026-06-08 13:13:00+00:00,4350.39990234375,4350.7001953125,4348.60009765625,4349.89990234375,90
2026-06-08 13:14:00+00:00,4348.39990234375,4350.2001953125,4348.2998046875,4350.10009765625,53
2026-06-08 13:15:00+00:00,4346.7001953125,4348.7998046875,4346.5,4348.60009765625,95
2026-06-08 13:16:00+00:00,4347.2998046875,4347.5,4346.2001953125,4346.7001953125,103
2026-06-08 13:17:00+00:00,4348.89990234375,4349.2998046875,4345.7001953125,4347.10009765625,97
2026-06-08 13:18:00+00:00,4349.2001953125,4350.10009765625,4347.7998046875,4348.39990234375,107
2026-06-08 13:19:00+00:00,4349.39990234375,4350.0,4347.7998046875,4349.10009765625,62
2026-06-08 13:20:00+00:00,4354.0,4355.0,4350.0,4350.0,163
2026-06-08 13:21:00+00:00,4355.7998046875,4356.39990234375,4352.7998046875,4354.2001953125,206
2026-06-08 13:22:00+00:00,4359.2998046875,4360.7998046875,4355.7001953125,4355.7001953125,216
2026-06-08 13:23:00+00:00,4357.5,4359.2001953125,4354.0,4358.7998046875,123
2026-06-08 13:24:00+00:00,4356.2001953125,4358.2001953125,4354.89990234375,4357.10009765625,121
2026-06-08 13:25:00+00:00,4354.5,4357.39990234375,4353.7001953125,4356.39990234375,106
2026-06-08 13:26:00+00:00,4355.39990234375,4355.39990234375,4353.7001953125,4354.2001953125,118
2026-06-08 13:27:00+00:00,4355.10009765625,4356.5,4354.60009765625,4355.2001953125,110
2026-06-08 13:28:00+00:00,4356.5,4358.0,4355.2001953125,4355.2001953125,143
2026-06-08 13:29:00+00:00,4355.60009765625,4357.39990234375,4355.39990234375,4356.39990234375,102
2026-06-08 13:30:00+00:00,4361.39990234375,4362.0,4355.5,4355.5,380
2026-06-08 13:31:00+00:00,4361.5,4364.5,4360.60009765625,4361.2001953125,478
2026-06-08 13:32:00+00:00,4361.2001953125,4365.10009765625,4359.7001953125,4361.39990234375,368
2026-06-08 13:33:00+00:00,4359.60009765625,4362.0,4358.89990234375,4361.0,223
2026-06-08 13:34:00+00:00,4357.7001953125,4360.7998046875,4357.39990234375,4360.2998046875,191
2026-06-08 13:35:00+00:00,4360.10009765625,4361.2998046875,4357.0,4357.60009765625,272
2026-06-08 13:36:00+00:00,4364.7998046875,4365.2001953125,4359.7001953125,4359.7001953125,266
2026-06-08 13:37:00+00:00,4367.10009765625,4367.5,4362.7998046875,4364.5,205
2026-06-08 13:38:00+00:00,4366.39990234375,4371.5,4366.2001953125,4367.60009765625,680
2026-06-08 13:39:00+00:00,4365.2998046875,4368.60009765625,4365.10009765625,4366.5,231
2026-06-08 13:40:00+00:00,4366.5,4366.5,4363.2001953125,4365.2998046875,222
2026-06-08 13:41:00+00:00,4367.2998046875,4368.7001953125,4364.7001953125,4365.89990234375,137
2026-06-08 13:42:00+00:00,4368.5,4369.2998046875,4366.2998046875,4367.60009765625,151
2026-06-08 13:43:00+00:00,4364.5,4368.7001953125,4363.89990234375,4368.2998046875,163
2026-06-08 13:44:00+00:00,4360.7001953125,4364.5,4359.7998046875,4364.2001953125,316
2026-06-08 13:45:00+00:00,4360.2998046875,4361.7001953125,4357.5,4361.10009765625,275
2026-06-08 13:46:00+00:00,4361.7998046875,4363.10009765625,4360.10009765625,4360.39990234375,141
2026-06-08 13:47:00+00:00,4360.0,4361.2998046875,4358.0,4361.2998046875,240
2026-06-08 13:48:00+00:00,4360.10009765625,4361.2001953125,4358.39990234375,4360.2998046875,188
2026-06-08 13:49:00+00:00,4356.7001953125,4360.2998046875,4356.7001953125,4359.7001953125,115
2026-06-08 13:50:00+00:00,4353.0,4358.0,4352.5,4357.10009765625,369
2026-06-08 13:51:00+00:00,4354.89990234375,4356.7998046875,4353.2001953125,4353.39990234375,201
2026-06-08 13:52:00+00:00,4357.2998046875,4357.7001953125,4354.5,4354.7001953125,163
2026-06-08 13:53:00+00:00,4363.2001953125,4363.60009765625,4357.5,4357.60009765625,205
2026-06-08 13:54:00+00:00,4358.5,4363.60009765625,4356.60009765625,4363.60009765625,213
2026-06-08 13:55:00+00:00,4357.2998046875,4361.5,4357.0,4358.89990234375,116
2026-06-08 13:56:00+00:00,4355.10009765625,4357.5,4354.39990234375,4357.0,204
2026-06-08 13:57:00+00:00,4352.7998046875,4355.7001953125,4352.0,4355.0,317
2026-06-08 13:58:00+00:00,4352.60009765625,4353.2001953125,4350.39990234375,4352.7998046875,295
2026-06-08 13:59:00+00:00,4351.7998046875,4354.10009765625,4350.89990234375,4352.7001953125,149
2026-06-08 14:00:00+00:00,4351.0,4353.0,4348.7998046875,4351.2998046875,475
2026-06-08 14:01:00+00:00,4354.5,4355.2998046875,4350.0,4351.0,368
2026-06-08 14:02:00+00:00,4349.89990234375,4355.2001953125,4349.89990234375,4354.5,382
2026-06-08 14:03:00+00:00,4349.39990234375,4352.39990234375,4349.10009765625,4350.2001953125,245
2026-06-08 14:04:00+00:00,4347.0,4349.0,4346.39990234375,4348.7001953125,312
2026-06-08 14:05:00+00:00,4345.7001953125,4347.7998046875,4343.7998046875,4347.0,507
2026-06-08 14:06:00+00:00,4350.60009765625,4351.39990234375,4345.39990234375,4345.60009765625,325
2026-06-08 14:07:00+00:00,4345.60009765625,4352.0,4345.60009765625,4351.0,292
2026-06-08 14:08:00+00:00,4346.7001953125,4347.10009765625,4343.5,4345.7001953125,347
2026-06-08 14:09:00+00:00,4345.39990234375,4347.7001953125,4344.5,4347.2001953125,171
2026-06-08 14:10:00+00:00,4342.5,4345.2001953125,4342.0,4345.0,348
2026-06-08 14:11:00+00:00,4344.60009765625,4345.2998046875,4341.39990234375,4342.7001953125,196
2026-06-08 14:12:00+00:00,4343.2998046875,4344.7001953125,4342.0,4344.7001953125,191
2026-06-08 14:13:00+00:00,4344.2998046875,4345.10009765625,4342.2001953125,4343.10009765625,169
2026-06-08 14:14:00+00:00,4344.2998046875,4345.0,4342.7001953125,4344.60009765625,124
2026-06-08 14:15:00+00:00,4342.7001953125,4344.39990234375,4341.7998046875,4344.39990234375,210
2026-06-08 14:16:00+00:00,4342.2998046875,4344.7001953125,4341.7998046875,4343.10009765625,179
2026-06-08 14:17:00+00:00,4346.0,4346.5,4341.7001953125,4342.2001953125,198
2026-06-08 14:18:00+00:00,4344.7001953125,4346.2998046875,4343.7998046875,4345.7998046875,97
2026-06-08 14:19:00+00:00,4346.5,4346.7001953125,4344.2001953125,4344.89990234375,155
2026-06-08 14:20:00+00:00,4346.39990234375,4349.10009765625,4345.89990234375,4346.2998046875,196
2026-06-08 14:21:00+00:00,4346.60009765625,4348.39990234375,4345.10009765625,4346.5,162
2026-06-08 14:22:00+00:00,4345.2001953125,4348.10009765625,4343.2998046875,4346.60009765625,150
2026-06-08 14:23:00+00:00,4344.2001953125,4346.2001953125,4344.0,4345.2001953125,150
2026-06-08 14:24:00+00:00,4343.5,4345.2998046875,4341.7998046875,4344.10009765625,134
2026-06-08 14:25:00+00:00,4343.60009765625,4344.0,4340.60009765625,4343.2001953125,188
2026-06-08 14:26:00+00:00,4345.89990234375,4347.7001953125,4342.7998046875,4343.2998046875,209
2026-06-08 14:27:00+00:00,4345.39990234375,4346.60009765625,4344.89990234375,4345.7001953125,84
2026-06-08 14:28:00+00:00,4346.89990234375,4347.0,4343.2001953125,4345.60009765625,121
2026-06-08 14:29:00+00:00,4344.89990234375,4346.60009765625,4344.0,4346.5,166
2026-06-08 14:30:00+00:00,4346.39990234375,4348.0,4343.2998046875,4345.0,184
2026-06-08 14:31:00+00:00,4346.5,4346.7998046875,4345.39990234375,4345.89990234375,101
2026-06-08 14:32:00+00:00,4347.7998046875,4348.89990234375,4345.89990234375,4346.2001953125,140
2026-06-08 14:33:00+00:00,4345.89990234375,4348.2998046875,4345.89990234375,4347.7998046875,123
2026-06-08 14:34:00+00:00,4347.2001953125,4347.5,4345.7998046875,4345.7998046875,67
2026-06-08 14:35:00+00:00,4346.89990234375,4347.5,4345.0,4347.2001953125,141
2026-06-08 14:36:00+00:00,4346.5,4348.10009765625,4344.7998046875,4346.60009765625,108
2026-06-08 14:37:00+00:00,4340.7998046875,4346.7998046875,4340.7998046875,4346.5,219
2026-06-08 14:38:00+00:00,4342.5,4344.2001953125,4340.39990234375,4340.89990234375,149
2026-06-08 14:39:00+00:00,4344.5,4344.7998046875,4339.0,4342.39990234375,436
2026-06-08 14:40:00+00:00,4345.10009765625,4346.89990234375,4343.2998046875,4344.39990234375,211
2026-06-08 14:41:00+00:00,4343.0,4346.2001953125,4342.5,4345.39990234375,160
2026-06-08 14:42:00+00:00,4344.5,4344.5,4341.0,4342.7001953125,100
2026-06-08 14:43:00+00:00,4343.2998046875,4344.7998046875,4342.2998046875,4344.7001953125,147
2026-06-08 14:44:00+00:00,4348.0,4348.0,4343.5,4343.5,127
2026-06-08 14:45:00+00:00,4348.7998046875,4349.7998046875,4347.5,4347.5,133
2026-06-08 14:46:00+00:00,4353.0,4353.10009765625,4348.60009765625,4348.7001953125,253
2026-06-08 14:47:00+00:00,4350.10009765625,4354.2998046875,4349.89990234375,4352.7001953125,354
2026-06-08 14:48:00+00:00,4347.10009765625,4350.2998046875,4346.10009765625,4350.10009765625,138
2026-06-08 14:49:00+00:00,4342.60009765625,4347.39990234375,4341.89990234375,4347.39990234375,118
2026-06-08 14:50:00+00:00,4344.7001953125,4345.2001953125,4341.7001953125,4342.60009765625,114
2026-06-08 14:51:00+00:00,4347.60009765625,4348.0,4344.2998046875,4344.7001953125,69
2026-06-08 14:52:00+00:00,4350.89990234375,4351.0,4347.2001953125,4347.89990234375,136
2026-06-08 14:53:00+00:00,4351.39990234375,4351.60009765625,4349.7998046875,4350.39990234375,53
2026-06-08 14:54:00+00:00,4351.5,4352.0,4349.0,4351.10009765625,129
2026-06-08 14:55:00+00:00,4350.39990234375,4352.60009765625,4349.39990234375,4351.5,110
2026-06-08 14:56:00+00:00,4350.5,4351.2998046875,4348.89990234375,4350.7001953125,155
2026-06-08 14:57:00+00:00,4350.39990234375,4351.7998046875,4349.89990234375,4350.60009765625,107
2026-06-08 14:58:00+00:00,4353.2998046875,4353.7001953125,4350.2001953125,4350.39990234375,151
2026-06-08 14:59:00+00:00,4355.7998046875,4356.2998046875,4353.0,4353.10009765625,406
2026-06-08 15:00:00+00:00,4357.10009765625,4357.7001953125,4355.2001953125,4356.2998046875,235
2026-06-08 15:01:00+00:00,4358.89990234375,4361.10009765625,4356.7998046875,4357.0,387
2026-06-08 15:02:00+00:00,4359.7998046875,4360.10009765625,4358.39990234375,4358.89990234375,85
2026-06-08 15:03:00+00:00,4356.7998046875,4360.0,4356.2998046875,4359.60009765625,133
2026-06-08 15:04:00+00:00,4353.60009765625,4357.2998046875,4353.5,4356.7001953125,95
2026-06-08 15:05:00+00:00,4353.10009765625,4354.10009765625,4352.39990234375,4353.60009765625,140
2026-06-08 15:06:00+00:00,4354.60009765625,4355.60009765625,4352.7001953125,4353.39990234375,162
2026-06-08 15:07:00+00:00,4352.2001953125,4355.10009765625,4352.10009765625,4354.7001953125,106
2026-06-08 15:08:00+00:00,4350.7998046875,4353.89990234375,4350.39990234375,4352.39990234375,131
2026-06-08 15:09:00+00:00,4352.89990234375,4353.39990234375,4348.60009765625,4350.7998046875,319
2026-06-08 15:10:00+00:00,4352.2998046875,4353.5,4352.2001953125,4353.10009765625,83
2026-06-08 15:11:00+00:00,4350.7998046875,4353.0,4350.2001953125,4352.2001953125,124
2026-06-08 15:12:00+00:00,4352.60009765625,4353.10009765625,4350.7001953125,4350.89990234375,78
2026-06-08 15:13:00+00:00,4351.89990234375,4353.5,4351.10009765625,4352.60009765625,109
2026-06-08 15:14:00+00:00,4349.7998046875,4352.2001953125,4349.60009765625,4351.7998046875,122
2026-06-08 15:15:00+00:00,4351.60009765625,4353.10009765625,4349.7001953125,4350.0,117
2026-06-08 15:16:00+00:00,4350.89990234375,4351.7998046875,4349.89990234375,4351.7001953125,187
2026-06-08 15:17:00+00:00,4347.5,4351.0,4347.39990234375,4351.0,227
2026-06-08 15:18:00+00:00,4350.0,4353.39990234375,4346.89990234375,4347.39990234375,410
2026-06-08 15:19:00+00:00,4356.0,4356.7998046875,4349.2001953125,4350.10009765625,291
2026-06-08 15:20:00+00:00,4354.7001953125,4357.0,4354.5,4356.2998046875,186
2026-06-08 15:21:00+00:00,4355.0,4355.2001953125,4353.5,4354.60009765625,136
2026-06-08 15:22:00+00:00,4357.10009765625,4357.60009765625,4355.2998046875,4355.2998046875,117
2026-06-08 15:23:00+00:00,4358.89990234375,4358.89990234375,4356.5,4357.5,109
2026-06-08 15:24:00+00:00,4360.10009765625,4360.5,4358.2001953125,4358.7001953125,179
2026-06-08 15:25:00+00:00,4357.0,4359.7998046875,4356.5,4359.7001953125,114
2026-06-08 15:26:00+00:00,4354.2998046875,4356.89990234375,4353.2001953125,4356.7001953125,250
2026-06-08 15:27:00+00:00,4356.0,4356.60009765625,4354.10009765625,4354.60009765625,84
2026-06-08 15:28:00+00:00,4356.10009765625,4356.7001953125,4355.2998046875,4355.89990234375,41
2026-06-08 15:29:00+00:00,4354.7998046875,4356.5,4354.10009765625,4355.7998046875,94
2026-06-08 15:30:00+00:00,4354.39990234375,4356.0,4353.0,4355.2998046875,99
2026-06-08 15:31:00+00:00,4355.2998046875,4357.2001953125,4354.10009765625,4354.2998046875,136
2026-06-08 15:32:00+00:00,4354.5,4355.60009765625,4353.7001953125,4355.5,58
2026-06-08 15:33:00+00:00,4355.7998046875,4356.2001953125,4354.0,4354.5,51
2026-06-08 15:34:00+00:00,4356.39990234375,4358.0,4354.60009765625,4355.7998046875,165
2026-06-08 15:35:00+00:00,4357.0,4358.10009765625,4355.7998046875,4356.7001953125,106
2026-06-08 15:36:00+00:00,4357.7998046875,4358.39990234375,4356.0,4356.89990234375,103
2026-06-08 15:37:00+00:00,4358.7998046875,4360.2001953125,4357.0,4357.2998046875,122
2026-06-08 15:38:00+00:00,4359.0,4359.39990234375,4357.39990234375,4358.7001953125,116
2026-06-08 15:39:00+00:00,4361.5,4362.2998046875,4358.7001953125,4358.89990234375,141
2026-06-08 15:40:00+00:00,4361.2001953125,4362.7998046875,4360.7998046875,4361.2001953125,83
2026-06-08 15:41:00+00:00,4363.2001953125,4363.5,4361.0,4361.5,195
2026-06-08 15:42:00+00:00,4361.89990234375,4364.2001953125,4360.0,4363.10009765625,351
2026-06-08 15:43:00+00:00,4361.2998046875,4362.5,4361.10009765625,4361.89990234375,73
2026-06-08 15:44:00+00:00,4364.10009765625,4364.39990234375,4360.39990234375,4360.7001953125,145
2026-06-08 15:45:00+00:00,4362.39990234375,4365.7998046875,4362.2998046875,4364.10009765625,185
2026-06-08 15:46:00+00:00,4362.7001953125,4363.7001953125,4362.10009765625,4362.5,94
2026-06-08 15:47:00+00:00,4360.2998046875,4363.2998046875,4360.0,4362.7001953125,125
2026-06-08 15:48:00+00:00,4360.39990234375,4361.0,4359.7998046875,4360.39990234375,71
2026-06-08 15:49:00+00:00,4360.0,4361.0,4359.60009765625,4360.89990234375,58
2026-06-08 15:50:00+00:00,4361.0,4363.2001953125,4360.2998046875,4360.5,107
2026-06-08 15:51:00+00:00,4364.10009765625,4364.2998046875,4360.60009765625,4360.7998046875,68
2026-06-08 15:52:00+00:00,4366.0,4366.0,4363.7001953125,4363.7001953125,69
2026-06-08 15:53:00+00:00,4366.60009765625,4366.7001953125,4365.2001953125,4366.2001953125,140
2026-06-08 15:54:00+00:00,4367.39990234375,4367.7998046875,4365.2998046875,4366.39990234375,232
2026-06-08 15:55:00+00:00,4367.2998046875,4367.60009765625,4366.2001953125,4367.5,155
2026-06-08 15:56:00+00:00,4369.7001953125,4369.7001953125,4366.7998046875,4367.39990234375,261
2026-06-08 15:57:00+00:00,4366.2001953125,4370.0,4366.10009765625,4369.60009765625,266
2026-06-08 15:58:00+00:00,4366.10009765625,4367.7998046875,4365.5,4366.2998046875,104
2026-06-08 15:59:00+00:00,4366.10009765625,4366.7001953125,4365.5,4366.2001953125,73
2026-06-08 16:00:00+00:00,4363.10009765625,4367.89990234375,4362.39990234375,4365.89990234375,162
2026-06-08 16:01:00+00:00,4366.5,4368.0,4363.2998046875,4363.2998046875,146
2026-06-08 16:02:00+00:00,4365.2998046875,4366.39990234375,4365.0,4366.39990234375,60
2026-06-08 16:03:00+00:00,4364.7001953125,4366.39990234375,4364.5,4365.39990234375,62
2026-06-08 16:04:00+00:00,4365.39990234375,4365.7001953125,4364.10009765625,4364.89990234375,71
2026-06-08 16:05:00+00:00,4365.2998046875,4366.7001953125,4363.2998046875,4365.2998046875,167
2026-06-08 16:06:00+00:00,4366.7001953125,4367.2998046875,4365.5,4365.5,52
2026-06-08 16:07:00+00:00,4365.7001953125,4366.10009765625,4364.5,4366.10009765625,54
2026-06-08 16:08:00+00:00,4365.0,4367.2001953125,4364.89990234375,4366.10009765625,34
2026-06-08 16:09:00+00:00,4364.0,4365.2998046875,4363.39990234375,4365.2998046875,42
2026-06-08 16:10:00+00:00,4362.39990234375,4364.0,4362.2001953125,4364.0,66
2026-06-08 16:11:00+00:00,4366.0,4366.39990234375,4362.7001953125,4362.7001953125,65
2026-06-08 16:12:00+00:00,4365.10009765625,4366.0,4365.0,4366.0,30
2026-06-08 16:13:00+00:00,4364.7001953125,4365.60009765625,4364.60009765625,4365.0,47
2026-06-08 16:14:00+00:00,4365.0,4365.7998046875,4363.89990234375,4364.89990234375,50
2026-06-08 16:15:00+00:00,4367.2998046875,4368.2998046875,4365.2998046875,4365.39990234375,69
2026-06-08 16:16:00+00:00,4366.5,4367.2998046875,4366.39990234375,4367.10009765625,59
2026-06-08 16:17:00+00:00,4365.7998046875,4366.39990234375,4364.7001953125,4366.39990234375,65
2026-06-08 16:18:00+00:00,4366.10009765625,4366.60009765625,4365.60009765625,4365.60009765625,28
2026-06-08 16:19:00+00:00,4367.2998046875,4367.2998046875,4365.89990234375,4366.2001953125,36
2026-06-08 16:20:00+00:00,4366.5,4368.0,4365.7998046875,4367.10009765625,59
2026-06-08 16:21:00+00:00,4365.89990234375,4367.2998046875,4365.7998046875,4366.5,53
2026-06-08 16:22:00+00:00,4364.60009765625,4366.2001953125,4364.2998046875,4366.0,70
2026-06-08 16:23:00+00:00,4364.7998046875,4367.2998046875,4363.89990234375,4364.39990234375,191
2026-06-08 16:24:00+00:00,4365.5,4366.2001953125,4364.2998046875,4364.5,50
2026-06-08 16:25:00+00:00,4366.7001953125,4366.7001953125,4365.5,4365.5,55
2026-06-08 16:26:00+00:00,4366.2998046875,4367.2998046875,4366.2001953125,4366.2001953125,42
2026-06-08 16:27:00+00:00,4366.5,4367.10009765625,4365.2998046875,4366.0,44
2026-06-08 16:28:00+00:00,4365.2998046875,4366.39990234375,4364.60009765625,4366.2998046875,40
2026-06-08 16:29:00+00:00,4365.2001953125,4365.2998046875,4364.7998046875,4364.7998046875,33
2026-06-08 16:30:00+00:00,4366.89990234375,4367.10009765625,4365.10009765625,4365.2001953125,51
2026-06-08 16:31:00+00:00,4367.0,4367.0,4365.7998046875,4366.7001953125,50
2026-06-08 16:32:00+00:00,4367.2001953125,4367.7001953125,4366.2998046875,4367.0,50
2026-06-08 16:33:00+00:00,4367.7998046875,4369.39990234375,4366.39990234375,4367.2001953125,158
2026-06-08 16:34:00+00:00,4367.0,4368.10009765625,4366.60009765625,4367.5,57
2026-06-08 16:35:00+00:00,4368.39990234375,4369.2998046875,4366.7998046875,4366.7998046875,49
2026-06-08 16:36:00+00:00,4370.10009765625,4371.0,4368.0,4368.0,184
2026-06-08 16:37:00+00:00,4367.89990234375,4370.39990234375,4367.89990234375,4369.7998046875,111
2026-06-08 16:38:00+00:00,4366.7001953125,4368.5,4366.7001953125,4367.7001953125,72
2026-06-08 16:39:00+00:00,4365.7998046875,4367.60009765625,4364.89990234375,4366.5,97
2026-06-08 16:40:00+00:00,4367.0,4367.10009765625,4365.10009765625,4365.7998046875,57
2026-06-08 16:41:00+00:00,4367.39990234375,4367.89990234375,4366.60009765625,4366.7998046875,60
2026-06-08 16:42:00+00:00,4367.2001953125,4367.7998046875,4365.89990234375,4367.2998046875,46
2026-06-08 16:43:00+00:00,4367.2998046875,4367.39990234375,4366.7001953125,4367.10009765625,44
2026-06-08 16:44:00+00:00,4368.5,4368.7001953125,4366.7001953125,4366.7998046875,66
2026-06-08 16:45:00+00:00,4367.5,4368.7001953125,4366.89990234375,4368.2998046875,61
2026-06-08 16:46:00+00:00,4368.0,4368.39990234375,4367.10009765625,4367.5,34
2026-06-08 16:47:00+00:00,4369.60009765625,4369.7998046875,4368.2001953125,4368.2001953125,33
2026-06-08 16:48:00+00:00,4368.89990234375,4370.60009765625,4368.2998046875,4369.2998046875,67
2026-06-08 16:49:00+00:00,4369.89990234375,4370.10009765625,4368.7998046875,4369.0,28
2026-06-08 16:50:00+00:00,4367.7001953125,4370.5,4367.7001953125,4369.60009765625,84
2026-06-08 16:51:00+00:00,4365.7998046875,4368.2001953125,4365.7001953125,4367.7001953125,154
2026-06-08 16:52:00+00:00,4364.60009765625,4366.2998046875,4364.2998046875,4366.0,122
2026-06-08 16:53:00+00:00,4364.10009765625,4365.10009765625,4363.5,4364.2998046875,117
2026-06-08 16:54:00+00:00,4362.5,4364.5,4362.2001953125,4363.89990234375,134
2026-06-08 16:55:00+00:00,4364.2998046875,4364.2998046875,4362.2001953125,4362.2998046875,94
2026-06-08 16:56:00+00:00,4364.7001953125,4364.89990234375,4363.60009765625,4364.0,39
2026-06-08 16:57:00+00:00,4365.2998046875,4365.7001953125,4364.7998046875,4364.7998046875,38
2026-06-08 16:58:00+00:00,4365.2001953125,4365.89990234375,4365.10009765625,4365.2001953125,37
2026-06-08 16:59:00+00:00,4365.0,4365.60009765625,4364.2001953125,4365.2998046875,62
2026-06-08 17:00:00+00:00,4365.10009765625,4366.7998046875,4364.39990234375,4365.10009765625,76
2026-06-08 17:01:00+00:00,4365.2998046875,4366.2001953125,4363.60009765625,4365.2998046875,66
2026-06-08 17:02:00+00:00,4363.2001953125,4365.7001953125,4363.2001953125,4365.5,36
2026-06-08 17:03:00+00:00,4361.2998046875,4364.0,4361.2998046875,4363.7001953125,209
2026-06-08 17:04:00+00:00,4362.2001953125,4362.39990234375,4361.0,4361.5,82
2026-06-08 17:05:00+00:00,4364.10009765625,4364.5,4361.89990234375,4362.0,77
2026-06-08 17:06:00+00:00,4364.2001953125,4365.10009765625,4364.0,4364.2001953125,55
2026-06-08 17:07:00+00:00,4365.10009765625,4366.5,4364.7998046875,4364.7998046875,56
2026-06-08 17:08:00+00:00,4364.2998046875,4365.10009765625,4364.10009765625,4365.10009765625,23
2026-06-08 17:09:00+00:00,4362.7998046875,4364.2998046875,4361.89990234375,4364.2998046875,40
2026-06-08 17:10:00+00:00,4362.5,4363.2001953125,4361.7998046875,4362.89990234375,31
2026-06-08 17:11:00+00:00,4363.0,4363.2001953125,4362.10009765625,4362.7001953125,82
2026-06-08 17:12:00+00:00,4362.2998046875,4363.2001953125,4360.2001953125,4363.2001953125,219
2026-06-08 17:13:00+00:00,4361.7001953125,4362.60009765625,4361.0,4362.2001953125,39
2026-06-08 17:14:00+00:00,4363.10009765625,4363.2001953125,4361.7998046875,4362.0,27
2026-06-08 17:15:00+00:00,4362.60009765625,4364.2001953125,4362.60009765625,4363.2998046875,81
2026-06-08 17:16:00+00:00,4363.89990234375,4364.60009765625,4362.60009765625,4362.60009765625,158
2026-06-08 17:17:00+00:00,4363.7998046875,4364.10009765625,4363.2001953125,4364.10009765625,81
2026-06-08 17:18:00+00:00,4361.10009765625,4363.7998046875,4360.7998046875,4363.7998046875,259
2026-06-08 17:19:00+00:00,4362.39990234375,4362.7998046875,4361.2998046875,4361.2998046875,57
2026-06-08 17:20:00+00:00,4363.2998046875,4363.5,4362.2998046875,4362.39990234375,90
2026-06-08 17:21:00+00:00,4364.10009765625,4364.7998046875,4363.5,4363.5,160
2026-06-08 17:22:00+00:00,4364.0,4364.0,4362.60009765625,4363.7998046875,39
2026-06-08 17:23:00+00:00,4360.5,4364.0,4359.7001953125,4363.89990234375,254
2026-06-08 17:24:00+00:00,4360.0,4360.7998046875,4359.39990234375,4360.39990234375,84
2026-06-08 17:25:00+00:00,4359.7001953125,4360.7998046875,4359.39990234375,4360.0,112
2026-06-08 17:26:00+00:00,4359.89990234375,4360.2001953125,4357.7001953125,4359.7001953125,286
2026-06-08 17:27:00+00:00,4360.39990234375,4361.7001953125,4360.0,4360.2001953125,129
2026-06-08 17:28:00+00:00,4362.2001953125,4362.2998046875,4360.0,4360.60009765625,362
2026-06-08 17:29:00+00:00,4363.2998046875,4364.7001953125,4361.5,4362.2001953125,1014
2026-06-08 17:30:00+00:00,4363.0,4364.0,4362.39990234375,4363.60009765625,434
2026-06-08 17:31:00+00:00,4361.5,4363.10009765625,4358.60009765625,4362.7001953125,463
2026-06-08 17:32:00+00:00,4360.2998046875,4361.89990234375,4359.2998046875,4361.39990234375,134
2026-06-08 17:33:00+00:00,4358.7998046875,4360.5,4358.2001953125,4360.2001953125,97
2026-06-08 17:34:00+00:00,4359.89990234375,4359.89990234375,4358.2998046875,4358.7998046875,66
2026-06-08 17:35:00+00:00,4357.2001953125,4360.5,4356.60009765625,4360.10009765625,93
2026-06-08 17:36:00+00:00,4358.39990234375,4359.10009765625,4356.60009765625,4356.7998046875,82
2026-06-08 17:37:00+00:00,4359.0,4359.60009765625,4358.2001953125,4358.2998046875,58
2026-06-08 17:38:00+00:00,4358.7001953125,4359.10009765625,4357.7001953125,4358.89990234375,15
2026-06-08 17:39:00+00:00,4359.10009765625,4359.39990234375,4358.5,4359.0,12
2026-06-08 17:40:00+00:00,4359.2001953125,4359.60009765625,4358.2998046875,4359.10009765625,23
2026-06-08 17:41:00+00:00,4358.7001953125,4359.7998046875,4358.2001953125,4359.10009765625,19
2026-06-08 17:42:00+00:00,4358.5,4359.2001953125,4358.2998046875,4359.0,34
2026-06-08 17:43:00+00:00,4358.5,4359.10009765625,4358.2001953125,4358.60009765625,30
2026-06-08 17:44:00+00:00,4358.60009765625,4359.7001953125,4358.39990234375,4358.39990234375,18
2026-06-08 17:45:00+00:00,4359.2001953125,4360.0,4358.2998046875,4358.60009765625,62
2026-06-08 17:46:00+00:00,4360.39990234375,4361.60009765625,4359.2998046875,4359.2998046875,94
2026-06-08 17:47:00+00:00,4359.5,4360.89990234375,4359.5,4360.89990234375,25
2026-06-08 17:48:00+00:00,4359.5,4359.89990234375,4359.2998046875,4359.7998046875,40
2026-06-08 17:49:00+00:00,4361.2001953125,4361.2001953125,4360.0,4360.0,14
2026-06-08 17:50:00+00:00,4361.89990234375,4362.0,4361.10009765625,4361.60009765625,18
2026-06-08 17:51:00+00:00,4361.2001953125,4361.89990234375,4361.2001953125,4361.7001953125,25
2026-06-08 17:52:00+00:00,4360.7001953125,4360.89990234375,4360.5,4360.89990234375,14
2026-06-08 17:53:00+00:00,4362.2001953125,4362.60009765625,4360.7001953125,4360.7001953125,35
2026-06-08 17:54:00+00:00,4361.39990234375,4362.60009765625,4360.7998046875,4362.5,40
2026-06-08 17:55:00+00:00,4360.39990234375,4361.2001953125,4360.0,4361.10009765625,19
2026-06-08 17:56:00+00:00,4360.7998046875,4361.39990234375,4360.60009765625,4360.60009765625,50
2026-06-08 17:57:00+00:00,4360.5,4361.10009765625,4360.5,4360.89990234375,10
2026-06-08 17:58:00+00:00,4362.2998046875,4363.10009765625,4361.10009765625,4361.10009765625,116
2026-06-08 17:59:00+00:00,4363.39990234375,4363.7998046875,4362.2998046875,4362.2998046875,107
2026-06-08 18:00:00+00:00,4363.7998046875,4364.0,4363.0,4363.2998046875,48
2026-06-08 18:01:00+00:00,4366.2001953125,4367.10009765625,4363.7998046875,4363.7998046875,99
2026-06-08 18:02:00+00:00,4367.7001953125,4368.60009765625,4366.60009765625,4366.60009765625,87
2026-06-08 18:03:00+00:00,4367.39990234375,4368.7001953125,4367.39990234375,4367.60009765625,61
2026-06-08 18:04:00+00:00,4368.2001953125,4369.2001953125,4367.5,4367.5,86
2026-06-08 18:05:00+00:00,4369.0,4369.2001953125,4368.10009765625,4368.5,13
2026-06-08 18:06:00+00:00,4369.0,4369.7001953125,4368.2998046875,4368.7998046875,35
2026-06-08 18:07:00+00:00,4368.10009765625,4369.2998046875,4368.10009765625,4369.2998046875,30
2026-06-08 18:08:00+00:00,4367.60009765625,4368.0,4366.60009765625,4368.0,47
2026-06-08 18:09:00+00:00,4368.10009765625,4368.2998046875,4367.7998046875,4367.7998046875,35
2026-06-08 18:10:00+00:00,4368.5,4368.7001953125,4368.10009765625,4368.2001953125,29
2026-06-08 18:11:00+00:00,4366.7998046875,4368.60009765625,4366.60009765625,4368.39990234375,52
2026-06-08 18:12:00+00:00,4367.10009765625,4367.10009765625,4366.2001953125,4366.7001953125,55
2026-06-08 18:13:00+00:00,4367.10009765625,4368.7998046875,4367.10009765625,4367.2998046875,53
2026-06-08 18:14:00+00:00,4366.2001953125,4367.7998046875,4364.7998046875,4367.10009765625,292
2026-06-08 18:15:00+00:00,4366.7998046875,4367.10009765625,4365.89990234375,4365.89990234375,49
2026-06-08 18:16:00+00:00,4367.2998046875,4367.39990234375,4366.5,4366.7001953125,70
2026-06-08 18:17:00+00:00,4367.5,4368.2998046875,4367.2001953125,4367.2001953125,42
2026-06-08 18:18:00+00:00,4367.60009765625,4368.10009765625,4367.39990234375,4367.7001953125,26
2026-06-08 18:19:00+00:00,4366.7001953125,4367.7001953125,4366.5,4367.60009765625,40
2026-06-08 18:20:00+00:00,4366.7001953125,4367.2998046875,4366.2998046875,4366.60009765625,66
2026-06-08 18:21:00+00:00,4367.39990234375,4367.7001953125,4366.5,4366.7998046875,160
2026-06-08 18:22:00+00:00,4368.7001953125,4369.5,4367.5,4367.5,88
2026-06-08 18:23:00+00:00,4368.5,4368.7998046875,4367.7998046875,4368.7998046875,80
2026-06-08 18:24:00+00:00,4368.2001953125,4368.89990234375,4368.2001953125,4368.7998046875,42
2026-06-08 18:25:00+00:00,4369.7001953125,4370.2001953125,4368.0,4368.2001953125,68
2026-06-08 18:26:00+00:00,4368.7998046875,4370.2001953125,4368.7001953125,4369.7001953125,53
2026-06-08 18:27:00+00:00,4367.7001953125,4368.89990234375,4367.7001953125,4368.7001953125,68
2026-06-08 18:28:00+00:00,4367.0,4368.2001953125,4366.39990234375,4368.0,100
2026-06-08 18:29:00+00:00,4366.89990234375,4367.39990234375,4366.39990234375,4367.10009765625,42
2026-06-08 18:30:00+00:00,4368.89990234375,4368.89990234375,4366.60009765625,4366.7001953125,86
2026-06-08 18:31:00+00:00,4367.39990234375,4368.7001953125,4366.89990234375,4368.7001953125,39
2026-06-08 18:32:00+00:00,4366.60009765625,4367.0,4365.5,4367.0,97
2026-06-08 18:33:00+00:00,4367.2998046875,4368.39990234375,4366.39990234375,4366.39990234375,60
2026-06-08 18:34:00+00:00,4364.89990234375,4367.39990234375,4364.7998046875,4367.39990234375,40
2026-06-08 18:35:00+00:00,4364.7998046875,4365.2001953125,4364.39990234375,4364.7998046875,94
2026-06-08 18:36:00+00:00,4363.2998046875,4365.89990234375,4363.2998046875,4365.2001953125,41
2026-06-08 18:37:00+00:00,4362.0,4363.89990234375,4361.89990234375,4363.2998046875,56
2026-06-08 18:38:00+00:00,4362.0,4362.5,4361.60009765625,4362.0,66
2026-06-08 18:39:00+00:00,4361.10009765625,4362.39990234375,4361.0,4362.10009765625,56
2026-06-08 18:40:00+00:00,4362.0,4362.39990234375,4361.39990234375,4361.5,39
2026-06-08 18:41:00+00:00,4361.7998046875,4362.7998046875,4361.7998046875,4361.89990234375,37
2026-06-08 18:42:00+00:00,4361.60009765625,4362.2001953125,4361.10009765625,4361.7998046875,47
2026-06-08 18:43:00+00:00,4360.5,4361.89990234375,4360.5,4361.7998046875,42
2026-06-08 18:44:00+00:00,4360.89990234375,4361.2001953125,4360.2998046875,4360.39990234375,34
2026-06-08 18:45:00+00:00,4359.5,4361.2001953125,4359.2001953125,4361.0,57
2026-06-08 18:46:00+00:00,4359.60009765625,4360.0,4358.7001953125,4359.2998046875,153
2026-06-08 18:47:00+00:00,4359.7001953125,4360.10009765625,4359.2001953125,4359.7001953125,28
2026-06-08 18:48:00+00:00,4359.7998046875,4360.0,4359.0,4359.7998046875,46
2026-06-08 18:49:00+00:00,4358.7998046875,4359.2998046875,4358.60009765625,4359.2998046875,56
2026-06-08 18:50:00+00:00,4359.60009765625,4359.60009765625,4358.60009765625,4358.60009765625,41
2026-06-08 18:51:00+00:00,4360.0,4361.10009765625,4359.39990234375,4359.39990234375,101
2026-06-08 18:52:00+00:00,4359.39990234375,4359.7001953125,4358.89990234375,4359.7001953125,61
2026-06-08 18:53:00+00:00,4358.0,4359.39990234375,4357.10009765625,4359.2998046875,84
2026-06-08 18:54:00+00:00,4358.60009765625,4359.39990234375,4357.7998046875,4358.10009765625,39
2026-06-08 18:55:00+00:00,4358.7998046875,4359.0,4357.2998046875,4358.7001953125,73
2026-06-08 18:56:00+00:00,4358.2001953125,4359.0,4358.2001953125,4358.2998046875,38
2026-06-08 18:57:00+00:00,4360.0,4360.0,4358.39990234375,4358.39990234375,97
2026-06-08 18:58:00+00:00,4359.39990234375,4360.39990234375,4358.7998046875,4359.7998046875,83
2026-06-08 18:59:00+00:00,4358.7998046875,4359.10009765625,4357.7998046875,4359.10009765625,51
2026-06-08 19:00:00+00:00,4360.5,4360.5,4358.2001953125,4358.7001953125,58
2026-06-08 19:01:00+00:00,4360.89990234375,4360.89990234375,4359.60009765625,4360.39990234375,61
2026-06-08 19:02:00+00:00,4361.7998046875,4362.2001953125,4361.2001953125,4361.2001953125,43
2026-06-08 19:03:00+00:00,4362.0,4362.2998046875,4361.7998046875,4361.7998046875,17
2026-06-08 19:04:00+00:00,4361.2001953125,4361.5,4360.89990234375,4361.5,43
2026-06-08 19:05:00+00:00,4359.89990234375,4360.89990234375,4359.2998046875,4360.89990234375,59
2026-06-08 19:06:00+00:00,4360.10009765625,4360.39990234375,4359.7998046875,4359.7998046875,29
2026-06-08 19:07:00+00:00,4359.10009765625,4360.10009765625,4359.10009765625,4359.60009765625,36
2026-06-08 19:08:00+00:00,4357.7998046875,4359.2998046875,4357.7001953125,4359.10009765625,37
2026-06-08 19:09:00+00:00,4356.89990234375,4358.10009765625,4356.7001953125,4357.60009765625,57
2026-06-08 19:10:00+00:00,4355.5,4356.7998046875,4354.7998046875,4356.7998046875,108
2026-06-08 19:11:00+00:00,4355.0,4356.2998046875,4354.39990234375,4355.7001953125,95
2026-06-08 19:12:00+00:00,4355.7998046875,4356.10009765625,4354.7998046875,4355.2001953125,93
2026-06-08 19:13:00+00:00,4356.10009765625,4356.60009765625,4355.39990234375,4355.60009765625,46
2026-06-08 19:14:00+00:00,4354.10009765625,4356.0,4353.89990234375,4355.7001953125,34
2026-06-08 19:15:00+00:00,4353.2001953125,4354.5,4352.5,4354.0,147
2026-06-08 19:16:00+00:00,4353.7998046875,4355.89990234375,4353.10009765625,4353.39990234375,120
2026-06-08 19:17:00+00:00,4353.5,4354.0,4353.39990234375,4353.7001953125,43
2026-06-08 19:18:00+00:00,4352.60009765625,4353.60009765625,4352.39990234375,4353.5,59
2026-06-08 19:19:00+00:00,4353.10009765625,4353.2001953125,4352.2998046875,4352.60009765625,62
2026-06-08 19:20:00+00:00,4353.60009765625,4354.2001953125,4352.5,4352.7001953125,64
2026-06-08 19:21:00+00:00,4354.0,4354.7001953125,4353.39990234375,4353.60009765625,56
2026-06-08 19:22:00+00:00,4352.0,4354.2998046875,4352.0,4354.0,57
2026-06-08 19:23:00+00:00,4351.60009765625,4352.2998046875,4351.39990234375,4352.10009765625,76
2026-06-08 19:24:00+00:00,4351.0,4352.2001953125,4351.0,4351.7998046875,51
2026-06-08 19:25:00+00:00,4350.7998046875,4351.39990234375,4350.5,4351.2001953125,64
2026-06-08 19:26:00+00:00,4351.39990234375,4352.10009765625,4350.2998046875,4350.39990234375,79
2026-06-08 19:27:00+00:00,4351.7998046875,4351.7998046875,4350.5,4350.7001953125,61
2026-06-08 19:28:00+00:00,4352.2998046875,4352.5,4350.89990234375,4351.7001953125,66
2026-06-08 19:29:00+00:00,4352.0,4352.39990234375,4351.7998046875,4352.10009765625,46
2026-06-08 19:30:00+00:00,4353.2001953125,4353.2001953125,4351.60009765625,4351.7001953125,69
2026-06-08 19:31:00+00:00,4353.5,4354.7998046875,4353.10009765625,4353.2001953125,74
2026-06-08 19:32:00+00:00,4353.2998046875,4354.2998046875,4352.60009765625,4353.2001953125,68
2026-06-08 19:33:00+00:00,4351.60009765625,4353.5,4351.0,4353.10009765625,177
2026-06-08 19:34:00+00:00,4351.5,4351.60009765625,4350.60009765625,4351.39990234375,65
2026-06-08 19:35:00+00:00,4351.2001953125,4351.7998046875,4351.0,4351.5,40
2026-06-08 19:36:00+00:00,4350.60009765625,4351.39990234375,4350.2998046875,4351.10009765625,55
2026-06-08 19:37:00+00:00,4352.0,4352.0,4350.39990234375,4350.7001953125,23
2026-06-08 19:38:00+00:00,4352.2998046875,4352.7998046875,4352.0,4352.0,42
2026-06-08 19:39:00+00:00,4350.10009765625,4352.2001953125,4349.2001953125,4352.0,104
2026-06-08 19:40:00+00:00,4349.89990234375,4350.2001953125,4348.39990234375,4350.0,96
2026-06-08 19:41:00+00:00,4349.89990234375,4350.10009765625,4349.2001953125,4349.39990234375,55
2026-06-08 19:42:00+00:00,4348.5,4349.89990234375,4348.5,4349.89990234375,87
2026-06-08 19:43:00+00:00,4349.2998046875,4349.39990234375,4348.5,4348.5,56
2026-06-08 19:44:00+00:00,4349.10009765625,4349.5,4348.7998046875,4349.10009765625,46
2026-06-08 19:45:00+00:00,4350.0,4350.10009765625,4349.10009765625,4349.10009765625,37
2026-06-08 19:46:00+00:00,4350.7998046875,4351.2998046875,4349.5,4349.60009765625,72
2026-06-08 19:47:00+00:00,4351.2001953125,4351.2998046875,4350.0,4350.7998046875,37
2026-06-08 19:48:00+00:00,4350.7998046875,4351.0,4349.7998046875,4350.89990234375,56
2026-06-08 19:49:00+00:00,4351.39990234375,4351.7001953125,4350.2998046875,4350.7998046875,68
2026-06-08 19:50:00+00:00,4352.2001953125,4353.2998046875,4351.39990234375,4351.39990234375,249
2026-06-08 19:51:00+00:00,4352.60009765625,4353.2998046875,4352.39990234375,4352.39990234375,47
2026-06-08 19:52:00+00:00,4353.39990234375,4353.39990234375,4352.2001953125,4352.7001953125,75
2026-06-08 19:53:00+00:00,4353.0,4354.0,4352.60009765625,4353.2001953125,68
2026-06-08 19:54:00+00:00,4352.10009765625,4353.5,4351.5,4352.89990234375,102
2026-06-08 19:55:00+00:00,4351.39990234375,4352.89990234375,4351.0,4352.39990234375,89
2026-06-08 19:56:00+00:00,4347.7001953125,4351.2001953125,4346.60009765625,4351.2001953125,332
2026-06-08 19:57:00+00:00,4350.10009765625,4350.10009765625,4347.0,4347.60009765625,74
2026-06-08 19:58:00+00:00,4351.60009765625,4351.60009765625,4350.10009765625,4350.5,101
2026-06-08 19:59:00+00:00,4350.2998046875,4352.2001953125,4350.10009765625,4351.7998046875,174
2026-06-08 20:00:00+00:00,4350.39990234375,4352.2001953125,4350.39990234375,4350.5,118
2026-06-08 20:01:00+00:00,4351.10009765625,4351.2001953125,4350.5,4350.5,15
2026-06-08 20:02:00+00:00,4351.7998046875,4352.89990234375,4350.5,4350.89990234375,79
2026-06-08 20:03:00+00:00,4352.2998046875,4352.7001953125,4351.89990234375,4351.89990234375,18
2026-06-08 20:04:00+00:00,4353.39990234375,4353.7998046875,4352.10009765625,4352.10009765625,67
2026-06-08 20:05:00+00:00,4351.60009765625,4353.60009765625,4351.60009765625,4353.5,60
2026-06-08 20:06:00+00:00,4352.89990234375,4352.89990234375,4351.7001953125,4351.7998046875,25
2026-06-08 20:07:00+00:00,4353.0,4353.0,4352.5,4352.7998046875,14
2026-06-08 20:08:00+00:00,4352.60009765625,4352.7998046875,4352.60009765625,4352.7998046875,4
2026-06-08 20:09:00+00:00,4351.89990234375,4353.60009765625,4351.2998046875,4352.7998046875,102
2026-06-08 20:10:00+00:00,4351.7001953125,4352.0,4351.2998046875,4351.7001953125,19
2026-06-08 20:11:00+00:00,4351.2998046875,4351.7998046875,4351.0,4351.7998046875,7
2026-06-08 20:12:00+00:00,4350.39990234375,4351.2998046875,4350.39990234375,4351.2001953125,18
2026-06-08 20:13:00+00:00,4351.0,4351.39990234375,4350.7001953125,4350.7001953125,35
2026-06-08 20:14:00+00:00,4352.0,4352.5,4351.0,4351.0,40
2026-06-08 20:15:00+00:00,4351.89990234375,4352.2001953125,4351.7998046875,4352.0,7
2026-06-08 20:16:00+00:00,4349.89990234375,4352.0,4349.5,4352.0,32
2026-06-08 20:17:00+00:00,4350.0,4350.2001953125,4348.0,4349.2998046875,69
2026-06-08 20:18:00+00:00,4349.89990234375,4350.39990234375,4349.89990234375,4350.0,6
2026-06-08 20:19:00+00:00,4349.7998046875,4350.0,4349.5,4350.0,6
2026-06-08 20:20:00+00:00,4349.7998046875,4350.0,4349.2001953125,4349.60009765625,12
2026-06-08 20:21:00+00:00,4350.2001953125,4350.39990234375,4349.89990234375,4350.0,11
2026-06-08 20:22:00+00:00,4350.60009765625,4350.7001953125,4349.7001953125,4349.89990234375,5
2026-06-08 20:23:00+00:00,4351.39990234375,4351.39990234375,4351.0,4351.0,7
2026-06-08 20:24:00+00:00,4350.7001953125,4351.2001953125,4350.7001953125,4351.2001953125,3
2026-06-08 20:25:00+00:00,4350.60009765625,4351.10009765625,4350.60009765625,4351.10009765625,11
2026-06-08 20:26:00+00:00,4350.2001953125,4350.7998046875,4348.2001953125,4350.2001953125,123
2026-06-08 20:27:00+00:00,4349.60009765625,4350.7001953125,4349.5,4350.39990234375,18
2026-06-08 20:28:00+00:00,4350.0,4350.0,4350.0,4350.0,2
2026-06-08 20:29:00+00:00,4350.0,4350.0,4349.7998046875,4349.7998046875,9
2026-06-08 20:30:00+00:00,4350.60009765625,4351.0,4350.2998046875,4350.89990234375,8
2026-06-08 20:31:00+00:00,4351.5,4351.5,4350.60009765625,4350.60009765625,23
2026-06-08 20:32:00+00:00,4350.60009765625,4351.2998046875,4350.60009765625,4351.2998046875,9
2026-06-08 20:33:00+00:00,4349.7998046875,4349.89990234375,4349.5,4349.89990234375,5
2026-06-08 20:34:00+00:00,4351.60009765625,4351.7998046875,4350.39990234375,4350.39990234375,15
2026-06-08 20:35:00+00:00,4351.2998046875,4352.10009765625,4351.10009765625,4351.89990234375,10
2026-06-08 20:36:00+00:00,4351.7001953125,4351.7001953125,4350.7001953125,4350.7001953125,5
2026-06-08 20:37:00+00:00,4351.7998046875,4351.89990234375,4351.2998046875,4351.2998046875,10
2026-06-08 20:38:00+00:00,4352.39990234375,4352.39990234375,4351.7001953125,4351.7001953125,8
2026-06-08 20:39:00+00:00,4351.2998046875,4352.2001953125,4351.2998046875,4352.2001953125,12
2026-06-08 20:40:00+00:00,4351.2001953125,4351.2998046875,4350.60009765625,4351.2998046875,21
2026-06-08 20:41:00+00:00,4350.2998046875,4350.7998046875,4350.2998046875,4350.7998046875,11
2026-06-08 20:42:00+00:00,4350.10009765625,4351.10009765625,4349.7998046875,4351.10009765625,14
2026-06-08 20:43:00+00:00,4350.10009765625,4350.7001953125,4349.2001953125,4350.2998046875,25
2026-06-08 20:44:00+00:00,4350.0,4350.2001953125,4349.89990234375,4350.2001953125,7
2026-06-08 20:45:00+00:00,4351.2001953125,4351.39990234375,4350.0,4350.5,42
2026-06-08 20:46:00+00:00,4349.7001953125,4350.7998046875,4349.7001953125,4350.7001953125,15
2026-06-08 20:47:00+00:00,4350.2998046875,4350.2998046875,4349.39990234375,4349.60009765625,10
2026-06-08 20:48:00+00:00,4351.0,4351.0,4350.7001953125,4350.7001953125,6
2026-06-08 20:49:00+00:00,4351.2998046875,4351.2998046875,4350.89990234375,4350.89990234375,7
2026-06-08 20:50:00+00:00,4351.5,4352.10009765625,4351.10009765625,4351.39990234375,34
2026-06-08 20:51:00+00:00,4351.7998046875,4351.7998046875,4351.7998046875,4351.7998046875,1
2026-06-08 20:52:00+00:00,4353.0,4353.0,4351.5,4351.5,12
2026-06-08 20:53:00+00:00,4353.10009765625,4353.39990234375,4353.0,4353.10009765625,11
2026-06-08 20:54:00+00:00,4353.2001953125,4353.89990234375,4352.60009765625,4352.60009765625,53
2026-06-08 20:55:00+00:00,4353.89990234375,4353.89990234375,4353.0,4353.2001953125,13
2026-06-08 20:56:00+00:00,4354.0,4354.10009765625,4353.89990234375,4354.10009765625,5
2026-06-08 20:57:00+00:00,4353.7001953125,4353.7001953125,4353.39990234375,4353.60009765625,7
2026-06-08 20:58:00+00:00,4353.60009765625,4354.39990234375,4353.39990234375,4353.60009765625,30
2026-06-08 20:59:00+00:00,4353.7998046875,4354.2998046875,4353.7998046875,4353.7998046875,25
2026-06-08 22:00:00+00:00,4353.60009765625,4358.60009765625,4353.60009765625,4354.7001953125,0
2026-06-08 22:01:00+00:00,4352.10009765625,4354.10009765625,4352.10009765625,4353.60009765625,34
2026-06-08 22:02:00+00:00,4351.89990234375,4352.2001953125,4351.2998046875,4352.2001953125,18
2026-06-08 22:03:00+00:00,4352.0,4352.39990234375,4351.39990234375,4351.60009765625,17
2026-06-08 22:04:00+00:00,4350.10009765625,4351.60009765625,4349.89990234375,4351.60009765625,26
2026-06-08 22:05:00+00:00,4349.89990234375,4351.2998046875,4349.7998046875,4349.89990234375,27
2026-06-08 22:06:00+00:00,4348.7001953125,4349.89990234375,4348.2998046875,4349.89990234375,30
2026-06-08 22:07:00+00:00,4348.60009765625,4348.60009765625,4348.2001953125,4348.2001953125,10
2026-06-08 22:08:00+00:00,4350.10009765625,4350.10009765625,4349.10009765625,4349.10009765625,7
2026-06-08 22:09:00+00:00,4350.39990234375,4351.0,4349.89990234375,4350.0,10
2026-06-08 22:10:00+00:00,4349.7998046875,4351.2998046875,4349.7998046875,4350.5,21
2026-06-08 22:11:00+00:00,4350.5,4350.5,4349.7998046875,4349.7998046875,3
2026-06-08 22:12:00+00:00,4350.2001953125,4350.89990234375,4350.0,4350.89990234375,11
2026-06-08 22:13:00+00:00,4348.7001953125,4350.60009765625,4348.39990234375,4350.2001953125,216
2026-06-08 22:14:00+00:00,4348.5,4348.5,4347.60009765625,4348.5,129
2026-06-08 22:15:00+00:00,4346.7001953125,4348.10009765625,4346.60009765625,4348.10009765625,36
2026-06-08 22:16:00+00:00,4346.5,4346.60009765625,4346.39990234375,4346.60009765625,8
2026-06-08 22:17:00+00:00,4348.2998046875,4348.2998046875,4345.7998046875,4346.10009765625,15
2026-06-08 22:27:00+00:00,4363.39990234375,4363.39990234375,4363.39990234375,4363.39990234375,141
2026-06-08 22:28:00+00:00,4349.10009765625,4349.60009765625,4348.60009765625,4349.60009765625,9
2026-06-08 22:29:00+00:00,4348.39990234375,4348.89990234375,4347.60009765625,4348.7998046875,19
2026-06-08 22:30:00+00:00,4349.5,4349.5,4349.2998046875,4349.2998046875,3
2026-06-08 22:31:00+00:00,4349.10009765625,4350.10009765625,4349.10009765625,4349.60009765625,5
2026-06-08 22:32:00+00:00,4350.39990234375,4350.7001953125,4350.2001953125,4350.2001953125,4
2026-06-08 22:33:00+00:00,4348.89990234375,4349.89990234375,4348.7001953125,4349.89990234375,13
2026-06-08 22:34:00+00:00,4348.2998046875,4350.0,4348.2998046875,4348.7001953125,27
2026-06-08 22:35:00+00:00,4349.2998046875,4349.60009765625,4349.2998046875,4349.60009765625,2
2026-06-08 22:37:00+00:00,4349.7001953125,4349.7001953125,4348.89990234375,4349.10009765625,11
2026-06-08 22:39:00+00:00,4349.2001953125,4350.0,4349.2001953125,4349.89990234375,5
2026-06-08 22:41:00+00:00,4349.0,4349.2001953125,4348.39990234375,4349.2001953125,22
2026-06-08 22:42:00+00:00,4349.2001953125,4349.39990234375,4349.10009765625,4349.10009765625,6
2026-06-08 22:43:00+00:00,4349.7001953125,4349.89990234375,4349.7001953125,4349.7001953125,7
2026-06-08 22:44:00+00:00,4350.7001953125,4350.7001953125,4349.7001953125,4349.7001953125,16
2026-06-08 22:45:00+00:00,4350.60009765625,4351.2001953125,4350.2998046875,4351.10009765625,24
2026-06-08 22:46:00+00:00,4350.89990234375,4351.60009765625,4349.7998046875,4350.39990234375,16
2026-06-08 22:47:00+00:00,4350.2998046875,4350.7001953125,4350.10009765625,4350.7001953125,10
2026-06-08 22:48:00+00:00,4349.7001953125,4350.89990234375,4349.2998046875,4350.2998046875,37
2026-06-08 22:49:00+00:00,4349.89990234375,4350.2998046875,4349.89990234375,4350.0,3
2026-06-08 22:50:00+00:00,4349.7998046875,4350.5,4349.7998046875,4349.89990234375,4
2026-06-08 22:51:00+00:00,4349.5,4350.0,4349.5,4350.0,5
2026-06-08 22:52:00+00:00,4349.89990234375,4349.89990234375,4349.60009765625,4349.60009765625,2
2026-06-08 22:53:00+00:00,4351.2998046875,4351.2998046875,4350.0,4350.0,15
2026-06-08 22:54:00+00:00,4351.39990234375,4351.60009765625,4351.0,4351.39990234375,24
2026-06-08 22:55:00+00:00,4351.7998046875,4352.10009765625,4351.39990234375,4351.7001953125,37
2026-06-08 22:56:00+00:00,4351.60009765625,4352.10009765625,4351.2998046875,4351.89990234375,21
2026-06-08 22:57:00+00:00,4351.2998046875,4351.2998046875,4351.2998046875,4351.2998046875,1
2026-06-08 22:59:00+00:00,4351.5,4351.5,4351.2001953125,4351.5,3
2026-06-08 23:00:00+00:00,4351.2998046875,4351.2998046875,4350.39990234375,4350.89990234375,51
2026-06-08 23:01:00+00:00,4351.2998046875,4351.60009765625,4350.89990234375,4350.89990234375,7
2026-06-08 23:02:00+00:00,4351.0,4351.0,4350.5,4350.7998046875,4
2026-06-08 23:03:00+00:00,4351.2001953125,4351.2001953125,4350.7001953125,4350.89990234375,12
2026-06-08 23:05:00+00:00,4349.39990234375,4350.60009765625,4348.39990234375,4350.60009765625,26
2026-06-08 23:06:00+00:00,4349.39990234375,4349.39990234375,4349.10009765625,4349.2001953125,11
2026-06-08 23:07:00+00:00,4349.7998046875,4349.7998046875,4349.7998046875,4349.7998046875,1
2026-06-08 23:08:00+00:00,4349.7998046875,4349.7998046875,4349.2001953125,4349.60009765625,7
2026-06-08 23:09:00+00:00,4350.0,4350.0,4349.7998046875,4349.7998046875,3
2026-06-08 23:10:00+00:00,4349.89990234375,4349.89990234375,4349.10009765625,4349.39990234375,12
2026-06-08 23:11:00+00:00,4350.2001953125,4350.2001953125,4349.60009765625,4349.60009765625,2
2026-06-08 23:12:00+00:00,4351.60009765625,4351.60009765625,4350.5,4350.5,8
2026-06-08 23:13:00+00:00,4351.5,4352.39990234375,4351.5,4351.7998046875,9
2026-06-08 23:14:00+00:00,4351.2001953125,4351.2001953125,4350.7998046875,4350.89990234375,5
2026-06-08 23:15:00+00:00,4351.2998046875,4351.60009765625,4351.10009765625,4351.10009765625,8
2026-06-08 23:16:00+00:00,4351.0,4351.10009765625,4351.0,4351.10009765625,3
2026-06-08 23:17:00+00:00,4351.39990234375,4351.39990234375,4351.39990234375,4351.39990234375,2
2026-06-08 23:18:00+00:00,4350.7001953125,4350.7001953125,4349.7998046875,4350.2001953125,8
2026-06-08 23:19:00+00:00,4350.7998046875,4350.7998046875,4350.7998046875,4350.7998046875,1
2026-06-08 23:20:00+00:00,4350.39990234375,4350.7998046875,4350.39990234375,4350.7998046875,4
2026-06-08 23:21:00+00:00,4349.0,4349.7998046875,4348.39990234375,4349.7998046875,22
2026-06-08 23:22:00+00:00,4349.2998046875,4349.7998046875,4349.2998046875,4349.2998046875,5
2026-06-08 23:23:00+00:00,4349.7998046875,4349.89990234375,4349.39990234375,4349.39990234375,5
2026-06-08 23:24:00+00:00,4348.39990234375,4349.2998046875,4348.0,4349.2001953125,58
2026-06-08 23:25:00+00:00,4347.10009765625,4348.10009765625,4346.5,4348.10009765625,58
2026-06-08 23:26:00+00:00,4346.7001953125,4347.10009765625,4346.60009765625,4347.10009765625,7
2026-06-08 23:27:00+00:00,4345.0,4346.2998046875,4344.2998046875,4346.2998046875,79
2026-06-08 23:28:00+00:00,4344.10009765625,4345.0,4343.7001953125,4344.89990234375,28
2026-06-08 23:29:00+00:00,4344.0,4344.60009765625,4344.0,4344.10009765625,13
2026-06-08 23:30:00+00:00,4344.2998046875,4344.2998046875,4342.7001953125,4343.89990234375,65
2026-06-08 23:31:00+00:00,4342.10009765625,4344.0,4342.0,4343.7998046875,39
2026-06-08 23:32:00+00:00,4341.5,4342.0,4341.0,4342.0,31
2026-06-08 23:33:00+00:00,4341.2001953125,4341.7001953125,4341.2001953125,4341.5,3
2026-06-08 23:34:00+00:00,4341.60009765625,4341.7998046875,4337.7001953125,4341.5,123
2026-06-08 23:35:00+00:00,4343.2001953125,4343.7998046875,4341.60009765625,4341.60009765625,74
2026-06-08 23:36:00+00:00,4344.2001953125,4345.2001953125,4343.2001953125,4343.39990234375,20
2026-06-08 23:37:00+00:00,4344.89990234375,4345.2998046875,4344.5,4344.7001953125,16
2026-06-08 23:38:00+00:00,4344.89990234375,4345.10009765625,4344.60009765625,4345.10009765625,11
2026-06-08 23:39:00+00:00,4345.2998046875,4345.2998046875,4344.2001953125,4344.39990234375,9
2026-06-08 23:40:00+00:00,4344.39990234375,4344.7998046875,4344.39990234375,4344.7998046875,4
2026-06-08 23:41:00+00:00,4343.5,4343.7998046875,4343.5,4343.7998046875,3
2026-06-08 23:42:00+00:00,4342.60009765625,4343.60009765625,4342.60009765625,4343.60009765625,8
2026-06-08 23:43:00+00:00,4342.89990234375,4343.39990234375,4342.7998046875,4343.0,11
2026-06-08 23:44:00+00:00,4343.2998046875,4343.7998046875,4342.39990234375,4342.7998046875,40
2026-06-08 23:45:00+00:00,4340.10009765625,4343.2998046875,4339.2998046875,4343.0,58
2026-06-08 23:46:00+00:00,4341.0,4341.10009765625,4339.60009765625,4339.89990234375,16
2026-06-08 23:47:00+00:00,4341.10009765625,4341.2001953125,4339.2998046875,4340.60009765625,18
2026-06-08 23:48:00+00:00,4338.89990234375,4341.89990234375,4338.60009765625,4341.7001953125,50
2026-06-08 23:49:00+00:00,4336.89990234375,4339.0,4336.7998046875,4339.0,122
2026-06-08 23:50:00+00:00,4337.60009765625,4339.5,4337.2998046875,4337.5,51
2026-06-08 23:51:00+00:00,4337.2998046875,4338.2001953125,4336.0,4337.10009765625,82
2026-06-08 23:52:00+00:00,4338.10009765625,4338.7998046875,4336.7998046875,4337.7001953125,73
2026-06-08 23:53:00+00:00,4338.7001953125,4338.7001953125,4337.10009765625,4338.10009765625,265
2026-06-08 23:54:00+00:00,4340.0,4342.5,4338.7998046875,4338.7998046875,97
2026-06-08 23:55:00+00:00,4340.2001953125,4340.2001953125,4337.2001953125,4339.7998046875,84
2026-06-08 23:56:00+00:00,4340.60009765625,4340.89990234375,4340.0,4340.2001953125,14
2026-06-08 23:57:00+00:00,4341.10009765625,4341.5,4340.7998046875,4340.7998046875,9
2026-06-08 23:58:00+00:00,4339.5,4340.89990234375,4339.5,4340.89990234375,10
2026-06-08 23:59:00+00:00,4340.89990234375,4341.0,4340.0,4340.5,29
2026-06-09 00:00:00+00:00,4339.7001953125,4342.0,4338.7998046875,4340.89990234375,146
2026-06-09 00:01:00+00:00,4341.2998046875,4341.2998046875,4339.0,4340.0,61
2026-06-09 00:02:00+00:00,4341.89990234375,4341.89990234375,4341.10009765625,4341.5,5
2026-06-09 00:03:00+00:00,4340.7998046875,4343.0,4340.7001953125,4342.0,20
2026-06-09 00:04:00+00:00,4340.7001953125,4341.60009765625,4339.60009765625,4341.10009765625,70
2026-06-09 00:05:00+00:00,4342.0,4343.0,4340.60009765625,4341.5,30
2026-06-09 00:06:00+00:00,4343.60009765625,4344.10009765625,4342.2001953125,4342.39990234375,38
2026-06-09 00:07:00+00:00,4344.2001953125,4345.5,4343.7001953125,4344.10009765625,35
2026-06-09 00:08:00+00:00,4342.7998046875,4344.10009765625,4342.0,4344.0,25
2026-06-09 00:09:00+00:00,4342.39990234375,4342.7998046875,4341.7998046875,4342.7001953125,42
2026-06-09 00:10:00+00:00,4344.39990234375,4344.60009765625,4342.60009765625,4342.7001953125,37
2026-06-09 00:11:00+00:00,4344.0,4344.7001953125,4343.89990234375,4344.60009765625,16
2026-06-09 00:12:00+00:00,4346.7001953125,4347.5,4344.60009765625,4344.7001953125,56
2026-06-09 00:13:00+00:00,4346.89990234375,4347.10009765625,4345.89990234375,4346.5,23
2026-06-09 00:14:00+00:00,4346.2998046875,4346.7001953125,4345.5,4346.60009765625,25
2026-06-09 00:15:00+00:00,4344.2998046875,4347.0,4343.89990234375,4346.2998046875,42
2026-06-09 00:16:00+00:00,4347.0,4347.0,4344.2998046875,4344.39990234375,20
2026-06-09 00:17:00+00:00,4345.0,4347.2998046875,4344.2998046875,4347.2998046875,10
2026-06-09 00:18:00+00:00,4345.2998046875,4346.10009765625,4345.2001953125,4345.2001953125,12
2026-06-09 00:19:00+00:00,4344.0,4345.60009765625,4344.0,4345.10009765625,11
2026-06-09 00:20:00+00:00,4343.2998046875,4344.39990234375,4342.89990234375,4343.7001953125,29
2026-06-09 00:21:00+00:00,4341.60009765625,4342.7998046875,4341.0,4342.7998046875,73
2026-06-09 00:22:00+00:00,4342.7998046875,4343.39990234375,4341.7001953125,4341.7998046875,9
2026-06-09 00:23:00+00:00,4341.89990234375,4342.0,4341.0,4342.0,37
2026-06-09 00:24:00+00:00,4342.39990234375,4342.89990234375,4341.7998046875,4342.0,15
2026-06-09 00:25:00+00:00,4341.7001953125,4343.0,4341.7001953125,4342.7001953125,25
2026-06-09 00:26:00+00:00,4341.5,4342.0,4341.2001953125,4341.39990234375,11
2026-06-09 00:27:00+00:00,4341.39990234375,4342.2998046875,4341.0,4341.0,57
2026-06-09 00:28:00+00:00,4341.10009765625,4341.5,4340.5,4341.5,23
2026-06-09 00:29:00+00:00,4340.60009765625,4341.7998046875,4340.2998046875,4341.60009765625,29
2026-06-09 00:30:00+00:00,4339.89990234375,4341.2998046875,4339.7001953125,4341.0,75
2026-06-09 00:31:00+00:00,4340.2998046875,4340.7001953125,4339.2001953125,4340.39990234375,43
2026-06-09 00:32:00+00:00,4341.2001953125,4341.7998046875,4340.2998046875,4340.2998046875,24
2026-06-09 00:33:00+00:00,4339.60009765625,4341.0,4338.7998046875,4341.0,65
2026-06-09 00:34:00+00:00,4343.10009765625,4343.10009765625,4339.39990234375,4339.39990234375,41
2026-06-09 00:35:00+00:00,4343.89990234375,4344.39990234375,4342.5,4343.10009765625,72
2026-06-09 00:36:00+00:00,4344.10009765625,4344.39990234375,4343.60009765625,4343.7998046875,28
2026-06-09 00:37:00+00:00,4346.2001953125,4347.10009765625,4343.7998046875,4344.0,108
2026-06-09 00:38:00+00:00,4342.7998046875,4346.39990234375,4342.5,4345.89990234375,106
2026-06-09 00:39:00+00:00,4342.89990234375,4343.60009765625,4341.7001953125,4343.0,100
2026-06-09 00:40:00+00:00,4342.60009765625,4344.89990234375,4342.60009765625,4343.10009765625,76
2026-06-09 00:41:00+00:00,4342.0,4343.7001953125,4341.7998046875,4343.0,39
2026-06-09 00:42:00+00:00,4342.0,4342.2998046875,4341.7001953125,4342.0,25
2026-06-09 00:43:00+00:00,4341.7001953125,4342.60009765625,4341.7001953125,4342.5,12
2026-06-09 00:44:00+00:00,4342.2998046875,4342.5,4341.2998046875,4342.2001953125,24
2026-06-09 00:45:00+00:00,4342.0,4343.2998046875,4341.39990234375,4342.60009765625,25
2026-06-09 00:46:00+00:00,4341.89990234375,4342.10009765625,4341.60009765625,4342.10009765625,5
2026-06-09 00:47:00+00:00,4341.2998046875,4341.89990234375,4341.0,4341.89990234375,32
2026-06-09 00:48:00+00:00,4339.5,4341.2998046875,4339.5,4341.2001953125,115
2026-06-09 00:49:00+00:00,4341.10009765625,4341.39990234375,4339.2001953125,4339.5,41
2026-06-09 00:50:00+00:00,4341.89990234375,4342.5,4341.0,4341.0,20
2026-06-09 00:51:00+00:00,4341.60009765625,4344.0,4341.60009765625,4342.39990234375,35
2026-06-09 00:52:00+00:00,4341.60009765625,4342.0,4341.5,4342.0,8
2026-06-09 00:53:00+00:00,4340.2998046875,4342.7001953125,4340.2998046875,4342.2001953125,50
2026-06-09 00:54:00+00:00,4340.2001953125,4340.5,4340.10009765625,4340.10009765625,9
2026-06-09 00:55:00+00:00,4340.5,4341.39990234375,4339.5,4340.0,83
2026-06-09 00:56:00+00:00,4341.0,4341.0,4340.0,4340.5,47
2026-06-09 00:57:00+00:00,4343.39990234375,4343.39990234375,4340.5,4340.5,37
2026-06-09 00:58:00+00:00,4344.7001953125,4345.5,4343.2001953125,4343.2998046875,49
2026-06-09 00:59:00+00:00,4344.10009765625,4345.60009765625,4344.10009765625,4344.60009765625,26
2026-06-09 01:00:00+00:00,4346.5,4347.7998046875,4342.5,4344.0,167
2026-06-09 01:01:00+00:00,4344.2998046875,4348.0,4344.2998046875,4346.89990234375,71
2026-06-09 01:02:00+00:00,4347.10009765625,4347.10009765625,4342.7998046875,4344.10009765625,102
2026-06-09 01:03:00+00:00,4346.2998046875,4348.2001953125,4345.39990234375,4346.89990234375,79
2026-06-09 01:04:00+00:00,4345.5,4347.0,4345.10009765625,4346.7998046875,41
2026-06-09 01:05:00+00:00,4348.60009765625,4348.7998046875,4345.0,4345.5,45
2026-06-09 01:06:00+00:00,4351.2998046875,4351.7001953125,4348.2001953125,4348.60009765625,155
2026-06-09 01:07:00+00:00,4349.5,4352.60009765625,4348.7998046875,4351.5,93
2026-06-09 01:08:00+00:00,4349.10009765625,4349.89990234375,4347.39990234375,4349.2001953125,68
2026-06-09 01:09:00+00:00,4349.5,4350.2998046875,4349.2001953125,4349.60009765625,30
2026-06-09 01:10:00+00:00,4346.2998046875,4350.60009765625,4346.2998046875,4349.7001953125,53
2026-06-09 01:11:00+00:00,4347.7998046875,4347.89990234375,4346.10009765625,4346.2001953125,29
2026-06-09 01:12:00+00:00,4350.10009765625,4350.10009765625,4347.2001953125,4348.10009765625,32
2026-06-09 01:13:00+00:00,4350.89990234375,4351.0,4349.2001953125,4350.2998046875,14
2026-06-09 01:14:00+00:00,4348.2001953125,4351.10009765625,4347.7998046875,4350.7998046875,32
2026-06-09 01:15:00+00:00,4350.2998046875,4350.5,4347.89990234375,4347.89990234375,19
2026-06-09 01:16:00+00:00,4352.89990234375,4354.0,4350.39990234375,4350.39990234375,105
2026-06-09 01:17:00+00:00,4352.60009765625,4354.10009765625,4351.7001953125,4353.5,46
2026-06-09 01:18:00+00:00,4347.7998046875,4352.0,4347.60009765625,4352.0,64
2026-06-09 01:19:00+00:00,4348.7001953125,4349.7998046875,4346.7001953125,4348.2001953125,86
2026-06-09 01:20:00+00:00,4348.89990234375,4349.39990234375,4347.10009765625,4348.2001953125,95
2026-06-09 01:21:00+00:00,4350.60009765625,4350.89990234375,4349.2001953125,4349.2001953125,28
2026-06-09 01:22:00+00:00,4356.2998046875,4356.7998046875,4350.2001953125,4351.2001953125,185
2026-06-09 01:23:00+00:00,4353.0,4356.2001953125,4352.2998046875,4356.2001953125,93
2026-06-09 01:24:00+00:00,4352.10009765625,4353.0,4351.10009765625,4352.89990234375,46
2026-06-09 01:25:00+00:00,4353.2001953125,4354.2998046875,4351.89990234375,4351.89990234375,86
2026-06-09 01:26:00+00:00,4354.2001953125,4355.0,4352.39990234375,4353.0,67
2026-06-09 01:27:00+00:00,4357.0,4357.89990234375,4354.10009765625,4354.60009765625,105
2026-06-09 01:28:00+00:00,4359.10009765625,4359.89990234375,4356.10009765625,4357.0,94
2026-06-09 01:29:00+00:00,4359.7998046875,4362.39990234375,4359.2001953125,4359.2001953125,107
2026-06-09 01:30:00+00:00,4358.2998046875,4360.7998046875,4357.39990234375,4359.89990234375,57
2026-06-09 01:31:00+00:00,4360.10009765625,4360.60009765625,4357.60009765625,4357.60009765625,92
2026-06-09 01:32:00+00:00,4361.89990234375,4362.39990234375,4360.39990234375,4360.60009765625,67
2026-06-09 01:33:00+00:00,4361.10009765625,4362.0,4361.10009765625,4362.0,25
2026-06-09 01:34:00+00:00,4361.2998046875,4362.39990234375,4360.39990234375,4361.2001953125,56
2026-06-09 01:35:00+00:00,4361.2001953125,4361.7998046875,4360.2001953125,4361.2998046875,47
2026-06-09 01:36:00+00:00,4361.7998046875,4362.89990234375,4361.10009765625,4361.10009765625,62
2026-06-09 01:37:00+00:00,4359.5,4361.7001953125,4359.2001953125,4361.39990234375,82
2026-06-09 01:38:00+00:00,4359.10009765625,4359.60009765625,4358.7001953125,4359.60009765625,28
2026-06-09 01:39:00+00:00,4359.89990234375,4360.39990234375,4359.2998046875,4359.39990234375,29
2026-06-09 01:40:00+00:00,4361.10009765625,4362.89990234375,4359.39990234375,4359.60009765625,72
2026-06-09 01:41:00+00:00,4361.7998046875,4362.39990234375,4360.39990234375,4360.7001953125,41
2026-06-09 01:42:00+00:00,4359.39990234375,4362.0,4359.39990234375,4361.7001953125,43
2026-06-09 01:43:00+00:00,4357.60009765625,4359.39990234375,4357.2998046875,4359.39990234375,66
2026-06-09 01:44:00+00:00,4360.0,4360.0,4357.2998046875,4357.2998046875,31
2026-06-09 01:45:00+00:00,4360.5,4362.5,4360.0,4360.10009765625,31
2026-06-09 01:46:00+00:00,4362.2001953125,4362.39990234375,4359.7998046875,4360.7001953125,36
2026-06-09 01:47:00+00:00,4361.39990234375,4362.89990234375,4361.2001953125,4362.39990234375,131
2026-06-09 01:48:00+00:00,4360.39990234375,4362.39990234375,4360.0,4361.2001953125,322
2026-06-09 01:49:00+00:00,4359.0,4360.2998046875,4358.39990234375,4360.0,65
2026-06-09 01:50:00+00:00,4358.7001953125,4360.7001953125,4358.39990234375,4358.7001953125,39
2026-06-09 01:51:00+00:00,4359.60009765625,4359.60009765625,4358.7001953125,4358.7998046875,20
2026-06-09 01:52:00+00:00,4360.2001953125,4360.60009765625,4359.5,4359.5,19
2026-06-09 01:53:00+00:00,4359.60009765625,4361.2998046875,4359.60009765625,4359.89990234375,25
2026-06-09 01:54:00+00:00,4361.2001953125,4361.7998046875,4359.0,4359.0,96
2026-06-09 01:55:00+00:00,4359.0,4361.0,4358.7001953125,4361.0,49
2026-06-09 01:56:00+00:00,4359.10009765625,4359.39990234375,4357.5,4358.60009765625,36
2026-06-09 01:57:00+00:00,4359.39990234375,4359.39990234375,4358.0,4358.89990234375,38
2026-06-09 01:58:00+00:00,4360.7998046875,4361.39990234375,4358.89990234375,4358.89990234375,54
2026-06-09 01:59:00+00:00,4360.7998046875,4362.60009765625,4360.39990234375,4361.2001953125,74
2026-06-09 02:00:00+00:00,4359.89990234375,4361.60009765625,4359.39990234375,4360.89990234375,83
2026-06-09 02:01:00+00:00,4357.60009765625,4360.60009765625,4357.2001953125,4360.0,147
2026-06-09 02:02:00+00:00,4357.2998046875,4358.0,4357.2998046875,4357.60009765625,35
2026-06-09 02:03:00+00:00,4357.7001953125,4358.10009765625,4356.0,4357.2998046875,63
2026-06-09 02:04:00+00:00,4357.2001953125,4357.89990234375,4356.7998046875,4357.5,34
2026-06-09 02:05:00+00:00,4353.5,4357.2001953125,4353.39990234375,4357.2001953125,63
2026-06-09 02:06:00+00:00,4353.0,4354.7998046875,4352.7001953125,4354.2001953125,41
2026-06-09 02:07:00+00:00,4354.39990234375,4354.7998046875,4353.7001953125,4353.7001953125,20
2026-06-09 02:08:00+00:00,4356.7998046875,4356.7998046875,4353.5,4354.60009765625,78
2026-06-09 02:09:00+00:00,4355.60009765625,4356.5,4354.89990234375,4356.0,83
2026-06-09 02:10:00+00:00,4354.7001953125,4356.2001953125,4354.7001953125,4355.39990234375,39
2026-06-09 02:11:00+00:00,4354.10009765625,4355.2001953125,4354.0,4354.60009765625,42
2026-06-09 02:12:00+00:00,4355.89990234375,4356.2001953125,4354.39990234375,4354.89990234375,31
2026-06-09 02:13:00+00:00,4357.5,4358.0,4355.7001953125,4356.0,35
2026-06-09 02:14:00+00:00,4357.10009765625,4358.0,4356.7998046875,4357.2998046875,30
2026-06-09 02:15:00+00:00,4356.0,4358.2001953125,4355.10009765625,4357.10009765625,65
2026-06-09 02:16:00+00:00,4357.7001953125,4358.0,4354.60009765625,4355.7998046875,132
2026-06-09 02:17:00+00:00,4358.0,4358.89990234375,4357.2998046875,4357.60009765625,35
2026-06-09 02:18:00+00:00,4356.60009765625,4358.10009765625,4356.60009765625,4357.89990234375,25
2026-06-09 02:19:00+00:00,4357.10009765625,4357.2998046875,4356.2998046875,4356.2998046875,21
2026-06-09 02:20:00+00:00,4356.7998046875,4357.2998046875,4355.89990234375,4356.5,18
2026-06-09 02:21:00+00:00,4357.0,4357.10009765625,4356.39990234375,4356.39990234375,8
2026-06-09 02:22:00+00:00,4357.39990234375,4357.39990234375,4356.7001953125,4356.7998046875,8
2026-06-09 02:23:00+00:00,4359.0,4360.2001953125,4356.7998046875,4356.89990234375,47
2026-06-09 02:24:00+00:00,4359.0,4359.39990234375,4358.7998046875,4359.0,8
2026-06-09 02:25:00+00:00,4358.0,4358.10009765625,4357.7998046875,4358.10009765625,4
2026-06-09 02:26:00+00:00,4356.7001953125,4358.0,4356.7001953125,4358.0,5
2026-06-09 02:27:00+00:00,4357.2998046875,4358.0,4356.60009765625,4356.89990234375,28
2026-06-09 02:28:00+00:00,4360.2998046875,4360.5,4357.89990234375,4357.89990234375,16
2026-06-09 02:29:00+00:00,4360.2001953125,4360.60009765625,4359.89990234375,4360.0,20
2026-06-09 02:30:00+00:00,4358.39990234375,4361.0,4358.10009765625,4359.89990234375,73
2026-06-09 02:31:00+00:00,4363.39990234375,4364.0,4358.7001953125,4358.7001953125,95
2026-06-09 02:32:00+00:00,4362.39990234375,4363.7998046875,4362.10009765625,4363.39990234375,25
2026-06-09 02:33:00+00:00,4362.5,4362.89990234375,4361.7998046875,4362.39990234375,33
2026-06-09 02:34:00+00:00,4360.2001953125,4362.5,4360.2001953125,4362.39990234375,35
2026-06-09 02:35:00+00:00,4357.7998046875,4360.0,4357.5,4360.0,59
2026-06-09 02:36:00+00:00,4358.2001953125,4358.2001953125,4355.5,4357.2998046875,85
2026-06-09 02:37:00+00:00,4356.60009765625,4357.7998046875,4356.10009765625,4357.7998046875,33
2026-06-09 02:38:00+00:00,4358.39990234375,4358.60009765625,4356.7001953125,4356.7001953125,33
2026-06-09 02:39:00+00:00,4359.7001953125,4359.89990234375,4358.0,4358.60009765625,13
2026-06-09 02:40:00+00:00,4357.89990234375,4360.0,4357.89990234375,4359.89990234375,11
2026-06-09 02:41:00+00:00,4358.7998046875,4359.2001953125,4357.89990234375,4357.89990234375,17
2026-06-09 02:42:00+00:00,4361.2001953125,4361.7001953125,4358.7998046875,4358.7998046875,28
2026-06-09 02:43:00+00:00,4361.7998046875,4362.0,4360.60009765625,4361.5,26
2026-06-09 02:44:00+00:00,4363.0,4363.0,4360.89990234375,4361.39990234375,25
2026-06-09 02:45:00+00:00,4363.7001953125,4365.7001953125,4363.2998046875,4363.60009765625,127
2026-06-09 02:46:00+00:00,4363.7001953125,4364.39990234375,4363.39990234375,4364.10009765625,17
2026-06-09 02:47:00+00:00,4364.2998046875,4365.0,4363.89990234375,4364.2998046875,35
2026-06-09 02:48:00+00:00,4364.2998046875,4364.60009765625,4363.2001953125,4364.0,48
2026-06-09 02:49:00+00:00,4362.10009765625,4364.2001953125,4362.10009765625,4364.2001953125,28
2026-06-09 02:50:00+00:00,4362.0,4362.7998046875,4361.7001953125,4361.89990234375,30
2026-06-09 02:51:00+00:00,4359.39990234375,4361.5,4359.2001953125,4361.5,33
2026-06-09 02:52:00+00:00,4360.89990234375,4361.39990234375,4359.89990234375,4359.89990234375,30
2026-06-09 02:53:00+00:00,4363.2001953125,4363.60009765625,4361.10009765625,4361.2998046875,38
2026-06-09 02:54:00+00:00,4363.2001953125,4364.7998046875,4363.10009765625,4363.39990234375,24
2026-06-09 02:55:00+00:00,4363.7001953125,4363.7001953125,4362.2001953125,4362.2998046875,23
2026-06-09 02:56:00+00:00,4361.2998046875,4363.60009765625,4361.2998046875,4363.2998046875,21
2026-06-09 02:57:00+00:00,4360.89990234375,4361.60009765625,4360.5,4361.2001953125,78
2026-06-09 02:58:00+00:00,4359.60009765625,4360.7998046875,4359.39990234375,4360.7998046875,15
2026-06-09 02:59:00+00:00,4360.39990234375,4360.39990234375,4359.0,4359.7998046875,56
2026-06-09 03:00:00+00:00,4360.10009765625,4360.5,4359.10009765625,4360.10009765625,17
2026-06-09 03:01:00+00:00,4361.39990234375,4361.7001953125,4360.10009765625,4360.2001953125,20
2026-06-09 03:02:00+00:00,4360.2001953125,4361.7998046875,4359.60009765625,4361.7998046875,57
2026-06-09 03:03:00+00:00,4357.10009765625,4361.0,4357.10009765625,4360.7998046875,49
2026-06-09 03:04:00+00:00,4356.39990234375,4358.39990234375,4355.89990234375,4356.89990234375,100
2026-06-09 03:05:00+00:00,4358.60009765625,4359.7998046875,4355.2001953125,4356.10009765625,225
2026-06-09 03:06:00+00:00,4364.0,4364.7001953125,4358.5,4358.5,168
2026-06-09 03:07:00+00:00,4363.10009765625,4366.0,4362.7001953125,4364.10009765625,97
2026-06-09 03:08:00+00:00,4361.89990234375,4363.7998046875,4361.89990234375,4363.10009765625,40
2026-06-09 03:09:00+00:00,4362.2001953125,4362.39990234375,4361.60009765625,4361.89990234375,14
2026-06-09 03:10:00+00:00,4362.39990234375,4363.5,4362.39990234375,4362.7998046875,25
2026-06-09 03:11:00+00:00,4363.39990234375,4363.5,4361.5,4362.2998046875,23
2026-06-09 03:12:00+00:00,4363.60009765625,4363.7998046875,4362.39990234375,4363.60009765625,56
2026-06-09 03:13:00+00:00,4363.39990234375,4364.5,4362.89990234375,4363.7001953125,33
2026-06-09 03:14:00+00:00,4362.7998046875,4363.7001953125,4362.2998046875,4363.7001953125,24
2026-06-09 03:15:00+00:00,4365.0,4366.5,4364.2001953125,4364.2998046875,110
2026-06-09 03:16:00+00:00,4365.2001953125,4366.2001953125,4364.60009765625,4365.39990234375,29
2026-06-09 03:17:00+00:00,4364.10009765625,4365.10009765625,4363.7998046875,4365.0,27
2026-06-09 03:18:00+00:00,4365.5,4365.7998046875,4363.89990234375,4364.2998046875,42
2026-06-09 03:19:00+00:00,4364.0,4365.7998046875,4364.0,4365.7998046875,23
2026-06-09 03:20:00+00:00,4364.10009765625,4364.60009765625,4363.89990234375,4363.89990234375,7
2026-06-09 03:21:00+00:00,4362.39990234375,4363.60009765625,4361.0,4363.60009765625,32
2026-06-09 03:22:00+00:00,4360.89990234375,4362.0,4360.5,4362.0,24
2026-06-09 03:23:00+00:00,4359.5,4361.39990234375,4359.39990234375,4361.10009765625,26
2026-06-09 03:24:00+00:00,4358.89990234375,4359.2001953125,4357.7001953125,4358.60009765625,48
2026-06-09 03:25:00+00:00,4359.2001953125,4359.39990234375,4358.2998046875,4358.7998046875,42
2026-06-09 03:26:00+00:00,4360.2001953125,4360.2001953125,4358.5,4359.2998046875,56
2026-06-09 03:27:00+00:00,4361.10009765625,4361.2998046875,4359.60009765625,4360.10009765625,13
2026-06-09 03:28:00+00:00,4360.2998046875,4361.5,4360.10009765625,4361.2998046875,65
2026-06-09 03:29:00+00:00,4360.7001953125,4361.10009765625,4360.0,4360.2001953125,80
2026-06-09 03:30:00+00:00,4361.2001953125,4362.10009765625,4360.7998046875,4361.10009765625,42
2026-06-09 03:31:00+00:00,4360.5,4361.5,4359.7998046875,4360.89990234375,85
2026-06-09 03:32:00+00:00,4359.10009765625,4360.7001953125,4359.10009765625,4360.5,50
2026-06-09 03:33:00+00:00,4358.7998046875,4360.0,4358.0,4358.7998046875,40
2026-06-09 03:34:00+00:00,4358.2001953125,4358.7998046875,4358.0,4358.7001953125,21
2026-06-09 03:35:00+00:00,4358.60009765625,4358.60009765625,4357.89990234375,4358.2998046875,13
2026-06-09 03:36:00+00:00,4358.39990234375,4358.60009765625,4357.7998046875,4358.10009765625,21
2026-06-09 03:37:00+00:00,4360.7001953125,4361.10009765625,4358.5,4358.5,54
2026-06-09 03:38:00+00:00,4359.89990234375,4360.60009765625,4359.5,4360.60009765625,13
2026-06-09 03:39:00+00:00,4359.7001953125,4359.7001953125,4359.5,4359.7001953125,4
2026-06-09 03:40:00+00:00,4360.2001953125,4360.2001953125,4359.2001953125,4359.2001953125,17
2026-06-09 03:41:00+00:00,4360.10009765625,4360.5,4359.5,4360.5,13
2026-06-09 03:42:00+00:00,4359.5,4360.0,4359.5,4360.0,11
2026-06-09 03:43:00+00:00,4360.10009765625,4360.5,4359.10009765625,4359.2998046875,43
2026-06-09 03:44:00+00:00,4361.89990234375,4362.2998046875,4360.2998046875,4360.5,38
2026-06-09 03:45:00+00:00,4363.2998046875,4363.2998046875,4362.2998046875,4362.2998046875,32
2026-06-09 03:46:00+00:00,4365.5,4365.5,4363.0,4363.2998046875,77
2026-06-09 03:47:00+00:00,4364.10009765625,4366.39990234375,4364.10009765625,4365.5,57
2026-06-09 03:48:00+00:00,4363.60009765625,4364.2998046875,4363.60009765625,4364.2001953125,22
2026-06-09 03:49:00+00:00,4363.5,4363.7001953125,4363.2001953125,4363.7001953125,7
2026-06-09 03:50:00+00:00,4362.7998046875,4363.60009765625,4362.5,4363.39990234375,10
2026-06-09 03:51:00+00:00,4362.0,4362.2001953125,4361.7998046875,4362.0,10
2026-06-09 03:52:00+00:00,4362.0,4362.2001953125,4361.5,4362.2001953125,9
2026-06-09 03:53:00+00:00,4364.0,4364.5,4362.39990234375,4362.39990234375,36
2026-06-09 03:54:00+00:00,4364.0,4364.7998046875,4364.0,4364.2001953125,15
2026-06-09 03:55:00+00:00,4363.0,4363.7998046875,4363.0,4363.60009765625,21
2026-06-09 03:56:00+00:00,4363.10009765625,4364.2998046875,4362.89990234375,4362.89990234375,80
2026-06-09 03:57:00+00:00,4362.7998046875,4364.5,4362.5,4363.60009765625,82
2026-06-09 03:58:00+00:00,4359.7998046875,4363.2998046875,4359.0,4363.2001953125,118
2026-06-09 04:00:00+00:00,4358.2998046875,4360.7998046875,4357.7998046875,4360.7998046875,78
2026-06-09 04:01:00+00:00,4359.10009765625,4359.7001953125,4358.7001953125,4358.7001953125,35
2026-06-09 04:02:00+00:00,4359.0,4359.2998046875,4358.39990234375,4359.2001953125,48
2026-06-09 04:03:00+00:00,4359.2998046875,4359.7998046875,4358.89990234375,4358.89990234375,15
2026-06-09 04:04:00+00:00,4359.7998046875,4359.7998046875,4358.60009765625,4359.5,56
2026-06-09 04:05:00+00:00,4359.5,4359.7001953125,4359.2998046875,4359.60009765625,10
2026-06-09 04:06:00+00:00,4360.39990234375,4360.7001953125,4360.2998046875,4360.39990234375,17
2026-06-09 04:07:00+00:00,4360.0,4360.60009765625,4359.89990234375,4360.60009765625,17
2026-06-09 04:08:00+00:00,4361.39990234375,4361.7998046875,4359.7001953125,4360.0,50
2026-06-09 04:09:00+00:00,4361.7998046875,4362.2998046875,4361.39990234375,4361.7001953125,29
2026-06-09 04:10:00+00:00,4361.5,4361.7998046875,4361.2998046875,4361.7998046875,11
2026-06-09 04:11:00+00:00,4362.60009765625,4364.10009765625,4361.7998046875,4361.89990234375,55
2026-06-09 04:12:00+00:00,4361.39990234375,4363.5,4361.10009765625,4362.89990234375,69
2026-06-09 04:13:00+00:00,4358.39990234375,4360.89990234375,4358.39990234375,4360.89990234375,55
2026-06-09 04:14:00+00:00,4356.89990234375,4358.7001953125,4356.89990234375,4358.2001953125,59
2026-06-09 04:15:00+00:00,4356.7998046875,4357.2998046875,4356.2001953125,4356.60009765625,39
2026-06-09 04:16:00+00:00,4355.5,4357.0,4354.7001953125,4357.0,66
2026-06-09 04:17:00+00:00,4356.10009765625,4356.10009765625,4355.5,4355.5,8
2026-06-09 04:18:00+00:00,4354.5,4356.60009765625,4354.0,4356.0,45
2026-06-09 04:19:00+00:00,4354.39990234375,4354.7001953125,4354.39990234375,4354.7001953125,17
2026-06-09 04:20:00+00:00,4354.2998046875,4355.10009765625,4354.10009765625,4354.2998046875,31
2026-06-09 04:21:00+00:00,4353.2001953125,4354.0,4353.2001953125,4354.0,14
2026-06-09 04:22:00+00:00,4354.5,4355.10009765625,4353.5,4353.5,33
2026-06-09 04:23:00+00:00,4355.2998046875,4355.89990234375,4354.39990234375,4354.39990234375,26
2026-06-09 04:24:00+00:00,4355.7998046875,4355.7998046875,4355.0,4355.2001953125,9
2026-06-09 04:25:00+00:00,4355.7001953125,4356.39990234375,4355.60009765625,4355.7998046875,24
2026-06-09 04:26:00+00:00,4354.7001953125,4355.2001953125,4354.60009765625,4355.2001953125,18
2026-06-09 04:27:00+00:00,4354.2998046875,4355.2998046875,4354.2998046875,4354.7998046875,16
2026-06-09 04:28:00+00:00,4354.7998046875,4354.7998046875,4353.7001953125,4354.2998046875,18
2026-06-09 04:29:00+00:00,4355.0,4355.10009765625,4354.2001953125,4354.60009765625,27
2026-06-09 04:30:00+00:00,4352.39990234375,4355.2001953125,4352.2001953125,4355.2001953125,83
2026-06-09 04:31:00+00:00,4350.89990234375,4353.2001953125,4350.39990234375,4352.60009765625,67
2026-06-09 04:32:00+00:00,4350.60009765625,4351.39990234375,4350.10009765625,4350.89990234375,69
2026-06-09 04:33:00+00:00,4349.2998046875,4351.10009765625,4349.10009765625,4350.39990234375,153
2026-06-09 04:34:00+00:00,4349.5,4349.7998046875,4348.60009765625,4349.60009765625,131
2026-06-09 04:35:00+00:00,4351.7998046875,4352.60009765625,4349.60009765625,4349.60009765625,106
2026-06-09 04:36:00+00:00,4352.60009765625,4353.10009765625,4352.0,4352.10009765625,32
2026-06-09 04:37:00+00:00,4352.5,4353.5,4352.5,4352.60009765625,46
2026-06-09 04:38:00+00:00,4354.89990234375,4355.2998046875,4352.2998046875,4352.89990234375,76
2026-06-09 04:39:00+00:00,4354.39990234375,4354.7001953125,4354.0,4354.39990234375,17
2026-06-09 04:40:00+00:00,4353.89990234375,4354.2001953125,4353.10009765625,4354.2001953125,15
2026-06-09 04:41:00+00:00,4353.0,4353.39990234375,4352.5,4353.39990234375,26
2026-06-09 04:42:00+00:00,4353.0,4353.39990234375,4352.39990234375,4353.10009765625,16
2026-06-09 04:43:00+00:00,4351.7998046875,4352.7998046875,4351.5,4352.7998046875,22
2026-06-09 04:44:00+00:00,4352.60009765625,4352.60009765625,4351.7998046875,4351.7998046875,17
2026-06-09 04:45:00+00:00,4351.60009765625,4352.2998046875,4351.60009765625,4352.2998046875,7
2026-06-09 04:46:00+00:00,4353.2998046875,4353.7998046875,4351.89990234375,4351.89990234375,14
2026-06-09 04:47:00+00:00,4353.5,4353.5,4353.2998046875,4353.2998046875,2
2026-06-09 04:48:00+00:00,4353.10009765625,4353.5,4353.0,4353.10009765625,8
2026-06-09 04:49:00+00:00,4353.60009765625,4353.60009765625,4352.7001953125,4353.5,14
2026-06-09 04:50:00+00:00,4354.89990234375,4356.0,4353.5,4353.5,45
2026-06-09 04:51:00+00:00,4354.10009765625,4354.7001953125,4353.39990234375,4354.7001953125,11
2026-06-09 04:52:00+00:00,4353.7998046875,4354.2001953125,4353.7001953125,4353.7001953125,16
2026-06-09 04:53:00+00:00,4352.7001953125,4353.7998046875,4352.2998046875,4353.7998046875,19
2026-06-09 04:54:00+00:00,4352.0,4352.7998046875,4351.89990234375,4352.7001953125,19
2026-06-09 04:55:00+00:00,4351.39990234375,4352.2998046875,4350.89990234375,4352.2998046875,37
2026-06-09 04:56:00+00:00,4354.10009765625,4354.60009765625,4351.5,4351.5,66
2026-06-09 04:57:00+00:00,4354.0,4354.2998046875,4353.7001953125,4353.89990234375,13
2026-06-09 04:58:00+00:00,4353.10009765625,4354.2001953125,4352.2998046875,4354.10009765625,34
2026-06-09 04:59:00+00:00,4356.5,4357.2998046875,4352.60009765625,4352.89990234375,161
2026-06-09 05:00:00+00:00,4359.5,4361.60009765625,4356.7001953125,4356.89990234375,156
2026-06-09 05:01:00+00:00,4358.89990234375,4359.60009765625,4358.0,4359.60009765625,53
2026-06-09 05:02:00+00:00,4359.39990234375,4359.5,4358.7998046875,4358.7998046875,14
2026-06-09 05:03:00+00:00,4360.0,4360.89990234375,4359.2998046875,4359.5,63
2026-06-09 05:04:00+00:00,4360.0,4360.39990234375,4359.0,4359.7001953125,35
2026-06-09 05:05:00+00:00,4360.2998046875,4360.7998046875,4359.89990234375,4360.39990234375,20
2026-06-09 05:06:00+00:00,4360.5,4361.2998046875,4359.7998046875,4359.7998046875,11
2026-06-09 05:07:00+00:00,4359.5,4360.2001953125,4359.2998046875,4360.2001953125,17
2026-06-09 05:08:00+00:00,4359.0,4360.39990234375,4359.0,4359.60009765625,32
2026-06-09 05:09:00+00:00,4357.0,4359.7998046875,4357.0,4359.2001953125,28
2026-06-09 05:10:00+00:00,4357.39990234375,4358.0,4356.60009765625,4356.7998046875,18
2026-06-09 05:11:00+00:00,4358.10009765625,4358.5,4357.2001953125,4357.60009765625,19
2026-06-09 05:12:00+00:00,4356.2001953125,4358.10009765625,4356.2001953125,4357.7001953125,43
2026-06-09 05:13:00+00:00,4355.7998046875,4356.5,4355.2001953125,4355.89990234375,46
2026-06-09 05:14:00+00:00,4355.60009765625,4356.39990234375,4355.2998046875,4355.7998046875,15
2026-06-09 05:15:00+00:00,4356.2998046875,4356.7001953125,4355.60009765625,4355.60009765625,11
2026-06-09 05:16:00+00:00,4357.0,4357.39990234375,4356.2998046875,4356.2998046875,9
2026-06-09 05:17:00+00:00,4355.7001953125,4356.7998046875,4354.7998046875,4356.7998046875,29
2026-06-09 05:18:00+00:00,4357.7998046875,4357.89990234375,4356.10009765625,4356.10009765625,31
2026-06-09 05:19:00+00:00,4357.5,4358.89990234375,4357.5,4357.89990234375,21
2026-06-09 05:20:00+00:00,4359.0,4359.7998046875,4357.7998046875,4357.7998046875,29
2026-06-09 05:21:00+00:00,4357.2998046875,4359.0,4357.2998046875,4358.89990234375,24
2026-06-09 05:22:00+00:00,4356.0,4358.2001953125,4355.39990234375,4357.7001953125,23
2026-06-09 05:23:00+00:00,4356.7001953125,4357.2001953125,4355.89990234375,4355.89990234375,27
2026-06-09 05:24:00+00:00,4357.5,4358.0,4356.5,4356.60009765625,46
2026-06-09 05:25:00+00:00,4357.0,4358.0,4357.0,4357.7998046875,12
2026-06-09 05:26:00+00:00,4356.2998046875,4356.2998046875,4356.2998046875,4356.2998046875,1
2026-06-09 05:27:00+00:00,4356.89990234375,4357.39990234375,4356.39990234375,4357.39990234375,20
2026-06-09 05:28:00+00:00,4357.5,4357.7998046875,4356.60009765625,4356.7998046875,33
2026-06-09 05:29:00+00:00,4356.7998046875,4358.10009765625,4356.60009765625,4357.7001953125,30
2026-06-09 05:30:00+00:00,4358.5,4359.0,4355.7001953125,4356.2998046875,134
2026-06-09 05:31:00+00:00,4361.2998046875,4362.2001953125,4356.7001953125,4357.39990234375,71
2026-06-09 05:32:00+00:00,4364.89990234375,4368.0,4360.2998046875,4360.89990234375,284
2026-06-09 05:33:00+00:00,4363.39990234375,4368.10009765625,4363.2001953125,4365.2001953125,164
2026-06-09 05:34:00+00:00,4366.7998046875,4368.2001953125,4364.2998046875,4364.2998046875,62
2026-06-09 05:35:00+00:00,4366.39990234375,4368.39990234375,4365.7998046875,4367.2998046875,64
2026-06-09 05:36:00+00:00,4365.7001953125,4367.5,4365.60009765625,4366.5,48
2026-06-09 05:37:00+00:00,4366.7001953125,4366.7001953125,4365.39990234375,4366.10009765625,33
2026-06-09 05:38:00+00:00,4364.7998046875,4367.2001953125,4364.10009765625,4367.10009765625,29
2026-06-09 05:39:00+00:00,4367.5,4367.5,4365.2998046875,4365.2998046875,20
2026-06-09 05:40:00+00:00,4367.7001953125,4369.60009765625,4367.10009765625,4368.0,61
2026-06-09 05:41:00+00:00,4370.2001953125,4371.2001953125,4366.7998046875,4367.10009765625,98
2026-06-09 05:42:00+00:00,4372.89990234375,4373.89990234375,4370.39990234375,4370.39990234375,235
2026-06-09 05:43:00+00:00,4375.5,4375.7001953125,4372.39990234375,4372.60009765625,99
2026-06-09 05:44:00+00:00,4372.7001953125,4374.7998046875,4372.10009765625,4374.7998046875,100
2026-06-09 05:45:00+00:00,4368.2001953125,4373.60009765625,4367.7001953125,4373.2001953125,140
2026-06-09 05:46:00+00:00,4369.7998046875,4370.5,4367.7001953125,4367.89990234375,105
2026-06-09 05:47:00+00:00,4369.0,4370.0,4368.7998046875,4369.5,65
2026-06-09 05:48:00+00:00,4369.0,4369.5,4367.39990234375,4368.89990234375,90
2026-06-09 05:49:00+00:00,4371.39990234375,4371.5,4368.7001953125,4369.10009765625,56
2026-06-09 05:50:00+00:00,4368.10009765625,4369.60009765625,4367.60009765625,4368.7998046875,51
2026-06-09 05:51:00+00:00,4368.60009765625,4369.0,4368.2001953125,4368.2001953125,23
2026-06-09 05:52:00+00:00,4368.89990234375,4370.2001953125,4368.5,4369.0,86
2026-06-09 05:53:00+00:00,4368.5,4369.2001953125,4367.5,4369.2001953125,53
2026-06-09 05:54:00+00:00,4370.0,4370.60009765625,4368.0,4368.5,42
2026-06-09 05:55:00+00:00,4366.7001953125,4369.60009765625,4366.2998046875,4369.60009765625,52
2026-06-09 05:56:00+00:00,4367.5,4367.89990234375,4365.89990234375,4366.2998046875,43
2026-06-09 05:57:00+00:00,4367.7001953125,4368.10009765625,4367.0,4367.10009765625,34
2026-06-09 05:58:00+00:00,4368.2998046875,4369.7998046875,4367.2998046875,4367.5,34
2026-06-09 05:59:00+00:00,4367.89990234375,4368.89990234375,4367.39990234375,4368.2001953125,46
2026-06-09 06:00:00+00:00,4369.5,4371.0,4367.39990234375,4368.10009765625,78
2026-06-09 06:01:00+00:00,4371.2998046875,4371.5,4369.7001953125,4369.89990234375,80
2026-06-09 06:02:00+00:00,4371.2998046875,4373.2001953125,4370.7998046875,4371.5,78
2026-06-09 06:03:00+00:00,4372.5,4372.5,4370.89990234375,4371.5,62
2026-06-09 06:04:00+00:00,4369.39990234375,4373.2001953125,4368.89990234375,4372.5,139
2026-06-09 06:05:00+00:00,4370.39990234375,4371.39990234375,4369.0,4369.0,35
2026-06-09 06:06:00+00:00,4370.60009765625,4370.60009765625,4369.39990234375,4370.2001953125,26
2026-06-09 06:07:00+00:00,4369.10009765625,4371.10009765625,4368.7001953125,4371.0,55
2026-06-09 06:08:00+00:00,4370.2001953125,4371.10009765625,4369.7001953125,4370.39990234375,11
2026-06-09 06:09:00+00:00,4368.39990234375,4369.7001953125,4368.2001953125,4369.7001953125,30
2026-06-09 06:10:00+00:00,4368.2998046875,4369.0,4368.0,4368.39990234375,33
2026-06-09 06:11:00+00:00,4366.7998046875,4369.10009765625,4366.5,4368.89990234375,34
2026-06-09 06:12:00+00:00,4367.2998046875,4367.7998046875,4366.7998046875,4366.7998046875,12
2026-06-09 06:13:00+00:00,4365.39990234375,4367.7001953125,4364.2998046875,4367.5,98
2026-06-09 06:14:00+00:00,4365.39990234375,4366.10009765625,4365.39990234375,4365.60009765625,73
2026-06-09 06:15:00+00:00,4366.89990234375,4367.2001953125,4365.2001953125,4365.2998046875,70
2026-06-09 06:16:00+00:00,4367.0,4367.89990234375,4367.0,4367.5,13
2026-06-09 06:17:00+00:00,4367.2998046875,4368.0,4366.7001953125,4366.89990234375,47
2026-06-09 06:18:00+00:00,4367.7001953125,4367.7001953125,4366.2998046875,4367.5,53
2026-06-09 06:19:00+00:00,4367.2998046875,4367.7001953125,4366.7001953125,4367.0,69
2026-06-09 06:20:00+00:00,4366.10009765625,4367.2001953125,4365.10009765625,4367.2001953125,38
2026-06-09 06:21:00+00:00,4368.2001953125,4368.2001953125,4366.2998046875,4366.39990234375,111
2026-06-09 06:22:00+00:00,4369.0,4369.2998046875,4367.7998046875,4368.7001953125,46
2026-06-09 06:23:00+00:00,4368.60009765625,4370.2998046875,4367.7998046875,4368.89990234375,61
2026-06-09 06:24:00+00:00,4369.0,4369.7001953125,4368.60009765625,4368.60009765625,31
2026-06-09 06:25:00+00:00,4368.2998046875,4369.39990234375,4367.7998046875,4369.39990234375,18
2026-06-09 06:26:00+00:00,4367.2001953125,4368.10009765625,4366.5,4367.89990234375,89
2026-06-09 06:27:00+00:00,4365.7001953125,4367.5,4365.60009765625,4367.2001953125,14
2026-06-09 06:28:00+00:00,4362.7998046875,4366.10009765625,4362.7998046875,4365.39990234375,118
2026-06-09 06:29:00+00:00,4363.5,4363.89990234375,4362.60009765625,4362.7001953125,40
2026-06-09 06:30:00+00:00,4359.10009765625,4363.5,4358.7998046875,4363.2998046875,167
2026-06-09 06:31:00+00:00,4358.10009765625,4359.7001953125,4356.7001953125,4358.7998046875,177
2026-06-09 06:32:00+00:00,4357.2001953125,4358.7998046875,4356.7001953125,4358.10009765625,66
2026-06-09 06:33:00+00:00,4357.0,4358.39990234375,4357.0,4357.2998046875,49
2026-06-09 06:34:00+00:00,4357.7001953125,4359.0,4356.0,4357.39990234375,85
2026-06-09 06:35:00+00:00,4362.5,4362.7998046875,4357.2998046875,4357.7001953125,223
2026-06-09 06:36:00+00:00,4361.10009765625,4363.60009765625,4361.10009765625,4362.5,54
2026-06-09 06:37:00+00:00,4361.60009765625,4362.5,4361.0,4361.39990234375,47
2026-06-09 06:38:00+00:00,4361.10009765625,4362.2998046875,4360.5,4362.0,44
2026-06-09 06:39:00+00:00,4361.89990234375,4362.89990234375,4361.2998046875,4361.2998046875,26
2026-06-09 06:40:00+00:00,4361.89990234375,4362.89990234375,4361.60009765625,4361.7001953125,32
2026-06-09 06:41:00+00:00,4361.5,4362.0,4360.39990234375,4361.60009765625,31
2026-06-09 06:42:00+00:00,4361.60009765625,4361.7001953125,4360.10009765625,4361.2001953125,43
2026-06-09 06:43:00+00:00,4358.5,4360.7998046875,4358.5,4360.7998046875,36
2026-06-09 06:44:00+00:00,4360.89990234375,4360.89990234375,4358.7998046875,4358.7998046875,46
2026-06-09 06:45:00+00:00,4362.2001953125,4362.89990234375,4360.89990234375,4360.89990234375,106
2026-06-09 06:46:00+00:00,4360.5,4362.10009765625,4360.39990234375,4361.7998046875,33
2026-06-09 06:47:00+00:00,4361.60009765625,4361.60009765625,4360.7001953125,4360.7001953125,24
2026-06-09 06:48:00+00:00,4362.2001953125,4362.5,4361.7998046875,4361.7998046875,24
2026-06-09 06:49:00+00:00,4363.39990234375,4364.2998046875,4362.2998046875,4362.39990234375,41
2026-06-09 06:50:00+00:00,4361.2001953125,4363.39990234375,4360.0,4363.10009765625,104
2026-06-09 06:51:00+00:00,4361.2001953125,4361.7001953125,4361.0,4361.2998046875,18
2026-06-09 06:52:00+00:00,4361.5,4362.0,4361.39990234375,4361.39990234375,12
2026-06-09 06:53:00+00:00,4359.5,4361.39990234375,4359.5,4361.39990234375,25
2026-06-09 06:54:00+00:00,4359.39990234375,4360.5,4358.60009765625,4359.7998046875,35
2026-06-09 06:55:00+00:00,4358.5,4360.2001953125,4357.7998046875,4359.10009765625,71
2026-06-09 06:56:00+00:00,4358.10009765625,4358.7001953125,4357.39990234375,4358.10009765625,79
2026-06-09 06:57:00+00:00,4358.89990234375,4358.89990234375,4357.60009765625,4357.89990234375,50
2026-06-09 06:58:00+00:00,4355.2998046875,4358.5,4355.2998046875,4358.2998046875,67
2026-06-09 06:59:00+00:00,4354.39990234375,4355.2998046875,4354.10009765625,4355.0,97
2026-06-09 07:00:00+00:00,4355.89990234375,4356.2998046875,4352.39990234375,4354.39990234375,152
2026-06-09 07:01:00+00:00,4355.2998046875,4355.39990234375,4353.7998046875,4355.2998046875,81
2026-06-09 07:02:00+00:00,4355.2998046875,4355.89990234375,4353.60009765625,4354.89990234375,44
2026-06-09 07:03:00+00:00,4357.60009765625,4358.89990234375,4355.5,4355.5,94
2026-06-09 07:04:00+00:00,4355.5,4357.39990234375,4355.2998046875,4357.2998046875,89
2026-06-09 07:05:00+00:00,4354.7998046875,4356.0,4353.7998046875,4355.7998046875,164
2026-06-09 07:06:00+00:00,4355.2998046875,4355.5,4354.5,4354.89990234375,53
2026-06-09 07:07:00+00:00,4356.39990234375,4357.7001953125,4355.5,4355.5,46
2026-06-09 07:08:00+00:00,4355.60009765625,4356.5,4355.10009765625,4356.39990234375,47
2026-06-09 07:09:00+00:00,4356.5,4356.5,4355.2998046875,4355.39990234375,29
2026-06-09 07:10:00+00:00,4352.5,4356.2998046875,4352.5,4356.10009765625,63
2026-06-09 07:11:00+00:00,4354.0,4354.60009765625,4352.7001953125,4352.7001953125,73
2026-06-09 07:12:00+00:00,4353.7998046875,4354.7001953125,4353.5,4353.7001953125,14
2026-06-09 07:13:00+00:00,4353.2001953125,4354.60009765625,4352.0,4354.10009765625,51
2026-06-09 07:14:00+00:00,4350.39990234375,4353.39990234375,4350.39990234375,4353.10009765625,155
2026-06-09 07:15:00+00:00,4347.60009765625,4350.7001953125,4346.60009765625,4350.39990234375,308
2026-06-09 07:16:00+00:00,4350.2001953125,4351.0,4347.2998046875,4347.5,106
2026-06-09 07:17:00+00:00,4351.7001953125,4351.7001953125,4349.60009765625,4350.10009765625,56
2026-06-09 07:18:00+00:00,4353.2001953125,4353.60009765625,4351.7998046875,4352.0,62
2026-06-09 07:19:00+00:00,4352.60009765625,4353.2001953125,4351.89990234375,4353.0,70
2026-06-09 07:20:00+00:00,4351.2001953125,4353.7998046875,4351.2001953125,4352.39990234375,84
2026-06-09 07:21:00+00:00,4352.10009765625,4352.10009765625,4349.7001953125,4351.10009765625,102
2026-06-09 07:22:00+00:00,4353.60009765625,4354.39990234375,4351.7001953125,4351.89990234375,26
2026-06-09 07:23:00+00:00,4352.7001953125,4353.7998046875,4352.5,4353.60009765625,45
2026-06-09 07:24:00+00:00,4353.7998046875,4353.7998046875,4352.0,4352.5,76
2026-06-09 07:25:00+00:00,4353.60009765625,4354.5,4352.60009765625,4353.89990234375,66
2026-06-09 07:26:00+00:00,4353.60009765625,4354.2001953125,4353.10009765625,4353.5,29
2026-06-09 07:27:00+00:00,4353.7998046875,4354.10009765625,4352.89990234375,4353.89990234375,32
2026-06-09 07:28:00+00:00,4354.2998046875,4355.0,4353.60009765625,4353.89990234375,33
2026-06-09 07:29:00+00:00,4354.7998046875,4356.0,4354.7001953125,4354.7998046875,36
2026-06-09 07:30:00+00:00,4353.2001953125,4355.10009765625,4353.2001953125,4355.10009765625,39
2026-06-09 07:31:00+00:00,4351.0,4353.7001953125,4351.0,4353.2001953125,49
2026-06-09 07:32:00+00:00,4350.5,4351.2001953125,4349.89990234375,4351.2001953125,45
2026-06-09 07:33:00+00:00,4350.2001953125,4351.2001953125,4348.7998046875,4349.0,40
2026-06-09 07:34:00+00:00,4350.2001953125,4350.7998046875,4349.39990234375,4350.10009765625,56
2026-06-09 07:35:00+00:00,4347.89990234375,4350.10009765625,4347.5,4350.10009765625,91
2026-06-09 07:36:00+00:00,4349.89990234375,4350.2998046875,4348.10009765625,4348.10009765625,81
2026-06-09 07:37:00+00:00,4347.7998046875,4350.0,4346.7001953125,4349.89990234375,59
2026-06-09 07:38:00+00:00,4348.60009765625,4349.7998046875,4347.7998046875,4347.89990234375,104
2026-06-09 07:39:00+00:00,4349.39990234375,4349.5,4346.0,4348.2001953125,149
2026-06-09 07:40:00+00:00,4349.60009765625,4349.7998046875,4348.60009765625,4349.39990234375,32
2026-06-09 07:41:00+00:00,4350.39990234375,4351.5,4348.89990234375,4349.2998046875,47
2026-06-09 07:42:00+00:00,4351.10009765625,4351.39990234375,4350.5,4350.5,18
2026-06-09 07:43:00+00:00,4351.0,4351.7998046875,4350.2998046875,4351.5,27
2026-06-09 07:44:00+00:00,4352.2001953125,4352.2001953125,4350.2998046875,4351.2001953125,23
2026-06-09 07:45:00+00:00,4353.2001953125,4353.89990234375,4351.7001953125,4351.7001953125,30
2026-06-09 07:46:00+00:00,4352.10009765625,4352.89990234375,4351.7998046875,4352.7998046875,92
2026-06-09 07:47:00+00:00,4351.7001953125,4352.2001953125,4351.7001953125,4352.10009765625,12
2026-06-09 07:48:00+00:00,4349.7998046875,4352.5,4349.7998046875,4351.7001953125,37
2026-06-09 07:49:00+00:00,4349.89990234375,4350.7998046875,4349.60009765625,4350.10009765625,30
2026-06-09 07:50:00+00:00,4351.7998046875,4351.7998046875,4348.89990234375,4349.5,34
2026-06-09 07:51:00+00:00,4352.5,4352.5,4351.5,4351.7998046875,40
2026-06-09 07:52:00+00:00,4349.89990234375,4352.2001953125,4349.0,4352.10009765625,34
2026-06-09 07:53:00+00:00,4352.0,4353.39990234375,4349.7001953125,4350.0,88
2026-06-09 07:54:00+00:00,4351.7001953125,4352.2998046875,4350.7998046875,4351.60009765625,20
2026-06-09 07:55:00+00:00,4351.2001953125,4352.5,4350.60009765625,4351.89990234375,36
2026-06-09 07:56:00+00:00,4350.89990234375,4351.7001953125,4350.89990234375,4351.5,26
2026-06-09 07:57:00+00:00,4350.2998046875,4350.7998046875,4349.39990234375,4350.60009765625,55
2026-06-09 07:58:00+00:00,4350.60009765625,4351.10009765625,4350.10009765625,4350.2998046875,58
2026-06-09 07:59:00+00:00,4350.2001953125,4350.7001953125,4349.7001953125,4350.7001953125,56
2026-06-09 08:00:00+00:00,4348.5,4350.7001953125,4348.5,4350.10009765625,74
2026-06-09 08:01:00+00:00,4348.89990234375,4348.89990234375,4346.2001953125,4348.60009765625,134
2026-06-09 08:02:00+00:00,4346.7998046875,4349.2998046875,4346.5,4348.89990234375,43
2026-06-09 08:03:00+00:00,4348.7001953125,4349.5,4347.2998046875,4347.2998046875,64
2026-06-09 08:04:00+00:00,4347.10009765625,4348.60009765625,4346.2998046875,4348.39990234375,36
2026-06-09 08:05:00+00:00,4345.2998046875,4346.2998046875,4344.7001953125,4346.2998046875,77
2026-06-09 08:06:00+00:00,4346.10009765625,4347.2001953125,4345.39990234375,4345.5,59
2026-06-09 08:07:00+00:00,4348.0,4348.0,4344.5,4346.0,136
2026-06-09 08:08:00+00:00,4349.5,4349.7998046875,4347.2998046875,4347.7001953125,82
2026-06-09 08:09:00+00:00,4350.10009765625,4350.5,4349.0,4349.5,56
2026-06-09 08:10:00+00:00,4351.5,4352.0,4349.7998046875,4350.2001953125,60
2026-06-09 08:11:00+00:00,4353.7001953125,4354.10009765625,4351.7001953125,4351.7998046875,60
2026-06-09 08:12:00+00:00,4359.2001953125,4360.0,4353.5,4353.60009765625,309
2026-06-09 08:13:00+00:00,4355.60009765625,4359.5,4354.60009765625,4359.0,163
2026-06-09 08:14:00+00:00,4355.7998046875,4355.7998046875,4354.60009765625,4355.2998046875,94
2026-06-09 08:15:00+00:00,4357.7001953125,4357.7001953125,4355.39990234375,4355.7001953125,118
2026-06-09 08:16:00+00:00,4357.10009765625,4358.89990234375,4356.60009765625,4357.7998046875,74
2026-06-09 08:17:00+00:00,4355.7001953125,4357.0,4355.60009765625,4357.0,23
2026-06-09 08:18:00+00:00,4356.5,4357.60009765625,4355.10009765625,4355.5,78
2026-06-09 08:19:00+00:00,4356.0,4356.60009765625,4355.2998046875,4356.39990234375,47
2026-06-09 08:20:00+00:00,4356.39990234375,4356.60009765625,4355.7998046875,4356.2001953125,37
2026-06-09 08:21:00+00:00,4357.7998046875,4358.2001953125,4356.0,4356.2998046875,46
2026-06-09 08:22:00+00:00,4357.2001953125,4357.39990234375,4356.0,4357.2001953125,32
2026-06-09 08:23:00+00:00,4357.5,4357.7998046875,4356.7001953125,4357.2998046875,33
2026-06-09 08:24:00+00:00,4355.7001953125,4356.89990234375,4355.60009765625,4356.89990234375,21
2026-06-09 08:25:00+00:00,4355.2998046875,4357.10009765625,4355.2998046875,4355.7998046875,18
2026-06-09 08:26:00+00:00,4356.7001953125,4357.2998046875,4355.2001953125,4355.7001953125,40
2026-06-09 08:27:00+00:00,4356.89990234375,4358.10009765625,4356.7998046875,4357.0,44
2026-06-09 08:28:00+00:00,4358.2001953125,4358.2001953125,4356.5,4357.10009765625,57
2026-06-09 08:29:00+00:00,4357.7001953125,4359.10009765625,4357.7001953125,4358.0,36
2026-06-09 08:30:00+00:00,4359.2998046875,4359.7001953125,4358.0,4358.0,24
2026-06-09 08:31:00+00:00,4357.7998046875,4359.2998046875,4357.7001953125,4358.89990234375,55
2026-06-09 08:32:00+00:00,4358.2998046875,4358.7001953125,4357.2998046875,4357.89990234375,27
2026-06-09 08:33:00+00:00,4357.7998046875,4358.60009765625,4357.60009765625,4358.5,18
2026-06-09 08:34:00+00:00,4355.0,4357.2001953125,4354.7998046875,4357.2001953125,54
2026-06-09 08:35:00+00:00,4355.0,4355.2001953125,4354.2001953125,4354.7998046875,46
2026-06-09 08:36:00+00:00,4355.2998046875,4355.60009765625,4354.10009765625,4355.10009765625,42
2026-06-09 08:37:00+00:00,4356.39990234375,4356.5,4354.7998046875,4355.10009765625,34
2026-06-09 08:38:00+00:00,4357.0,4357.0,4355.89990234375,4356.2998046875,12
2026-06-09 08:39:00+00:00,4358.0,4358.7001953125,4356.39990234375,4356.7001953125,60
2026-06-09 08:40:00+00:00,4357.5,4358.10009765625,4357.2001953125,4358.10009765625,17
2026-06-09 08:41:00+00:00,4357.5,4357.7001953125,4356.7998046875,4357.2998046875,23
2026-06-09 08:42:00+00:00,4359.10009765625,4359.2998046875,4357.39990234375,4357.7001953125,35
2026-06-09 08:43:00+00:00,4359.10009765625,4360.7998046875,4359.0,4359.39990234375,59
2026-06-09 08:44:00+00:00,4358.60009765625,4360.5,4358.60009765625,4359.2001953125,63
2026-06-09 08:45:00+00:00,4357.0,4359.0,4357.0,4358.7998046875,34
2026-06-09 08:46:00+00:00,4355.5,4357.0,4355.10009765625,4357.0,34
2026-06-09 08:47:00+00:00,4354.2001953125,4355.89990234375,4353.89990234375,4355.60009765625,41
2026-06-09 08:48:00+00:00,4351.7001953125,4354.0,4351.7001953125,4354.0,66
2026-06-09 08:49:00+00:00,4351.7001953125,4352.39990234375,4350.89990234375,4351.39990234375,51
2026-06-09 08:50:00+00:00,4350.89990234375,4351.7001953125,4349.2998046875,4351.7001953125,97
2026-06-09 08:51:00+00:00,4352.2998046875,4353.10009765625,4350.7001953125,4350.89990234375,60
2026-06-09 08:52:00+00:00,4352.2998046875,4352.39990234375,4351.60009765625,4351.89990234375,32
2026-06-09 08:53:00+00:00,4353.60009765625,4353.60009765625,4352.10009765625,4352.2001953125,60
2026-06-09 08:54:00+00:00,4353.5,4353.60009765625,4352.5,4353.2998046875,27
2026-06-09 08:55:00+00:00,4352.5,4353.60009765625,4352.10009765625,4353.60009765625,36
2026-06-09 08:56:00+00:00,4353.39990234375,4353.7998046875,4352.5,4352.7001953125,17
2026-06-09 08:57:00+00:00,4351.39990234375,4354.2001953125,4351.2998046875,4353.39990234375,29
2026-06-09 08:58:00+00:00,4350.89990234375,4351.2998046875,4350.7001953125,4351.2998046875,14
2026-06-09 08:59:00+00:00,4350.39990234375,4351.2001953125,4350.2001953125,4350.60009765625,39
2026-06-09 09:00:00+00:00,4349.60009765625,4350.5,4348.7001953125,4350.2001953125,40
2026-06-09 09:01:00+00:00,4351.0,4351.0,4350.0,4350.0,42
2026-06-09 09:02:00+00:00,4352.10009765625,4353.0,4351.39990234375,4351.39990234375,51
2026-06-09 09:03:00+00:00,4352.39990234375,4352.60009765625,4351.60009765625,4352.0,28
2026-06-09 09:04:00+00:00,4352.2998046875,4352.7001953125,4351.7001953125,4352.39990234375,29
2026-06-09 09:05:00+00:00,4352.89990234375,4353.39990234375,4352.2998046875,4352.60009765625,11
2026-06-09 09:06:00+00:00,4351.60009765625,4353.2001953125,4351.60009765625,4353.10009765625,17
2026-06-09 09:07:00+00:00,4351.2001953125,4351.5,4350.7001953125,4351.5,41
2026-06-09 09:08:00+00:00,4352.2998046875,4352.5,4351.0,4351.60009765625,29
2026-06-09 09:09:00+00:00,4354.0,4354.0,4352.7001953125,4352.7001953125,7
2026-06-09 09:10:00+00:00,4354.2001953125,4354.5,4353.39990234375,4353.7998046875,29
2026-06-09 09:11:00+00:00,4353.7001953125,4354.10009765625,4353.39990234375,4354.10009765625,20
2026-06-09 09:12:00+00:00,4353.7001953125,4354.5,4353.0,4353.89990234375,31
2026-06-09 09:13:00+00:00,4352.10009765625,4353.2001953125,4351.60009765625,4353.2001953125,59
2026-06-09 09:14:00+00:00,4351.7998046875,4352.0,4351.39990234375,4351.39990234375,16
2026-06-09 09:15:00+00:00,4352.10009765625,4352.5,4351.7001953125,4351.7001953125,30
2026-06-09 09:16:00+00:00,4352.39990234375,4352.39990234375,4351.7998046875,4352.10009765625,13
2026-06-09 09:17:00+00:00,4352.7001953125,4352.89990234375,4352.2001953125,4352.39990234375,31
2026-06-09 09:18:00+00:00,4353.0,4353.0,4351.60009765625,4352.39990234375,38
2026-06-09 09:19:00+00:00,4353.5,4354.2001953125,4353.39990234375,4353.39990234375,22
2026-06-09 09:20:00+00:00,4356.39990234375,4356.39990234375,4353.2998046875,4353.2998046875,84
2026-06-09 09:21:00+00:00,4356.2001953125,4356.39990234375,4355.2001953125,4356.2001953125,92
2026-06-09 09:22:00+00:00,4359.2001953125,4359.2998046875,4356.10009765625,4356.10009765625,124
2026-06-09 09:23:00+00:00,4358.2001953125,4359.5,4358.0,4359.39990234375,42
2026-06-09 09:24:00+00:00,4357.0,4358.10009765625,4356.89990234375,4357.89990234375,62
2026-06-09 09:25:00+00:00,4356.7001953125,4357.5,4355.60009765625,4357.10009765625,173
2026-06-09 09:26:00+00:00,4357.7001953125,4358.0,4356.39990234375,4356.7998046875,42
2026-06-09 09:27:00+00:00,4353.7001953125,4357.2001953125,4353.7001953125,4357.2001953125,109
2026-06-09 09:28:00+00:00,4353.7998046875,4354.0,4352.2001953125,4353.7001953125,94
2026-06-09 09:29:00+00:00,4350.2001953125,4353.39990234375,4347.89990234375,4353.39990234375,390
2026-06-09 09:30:00+00:00,4352.0,4353.0,4349.39990234375,4350.2001953125,318
2026-06-09 09:31:00+00:00,4350.5,4352.7001953125,4350.39990234375,4352.2001953125,211
2026-06-09 09:32:00+00:00,4351.10009765625,4352.89990234375,4350.39990234375,4350.7001953125,140
2026-06-09 09:33:00+00:00,4351.5,4352.10009765625,4349.39990234375,4350.89990234375,110
2026-06-09 09:34:00+00:00,4350.5,4351.7001953125,4349.89990234375,4351.60009765625,42
2026-06-09 09:35:00+00:00,4351.7001953125,4352.2998046875,4350.0,4350.0,38
2026-06-09 09:36:00+00:00,4352.89990234375,4353.39990234375,4351.5,4351.60009765625,72
2026-06-09 09:37:00+00:00,4353.60009765625,4354.2998046875,4353.2998046875,4353.2998046875,28
2026-06-09 09:38:00+00:00,4354.7001953125,4354.7001953125,4353.7001953125,4353.7001953125,37
2026-06-09 09:39:00+00:00,4353.0,4354.7001953125,4352.39990234375,4354.7001953125,44
2026-06-09 09:40:00+00:00,4352.7998046875,4353.60009765625,4352.2998046875,4352.89990234375,62
2026-06-09 09:41:00+00:00,4353.0,4353.7998046875,4352.89990234375,4353.2001953125,39
2026-06-09 09:42:00+00:00,4352.7998046875,4353.5,4352.39990234375,4353.10009765625,22
2026-06-09 09:43:00+00:00,4350.39990234375,4352.39990234375,4348.89990234375,4352.39990234375,73
2026-06-09 09:44:00+00:00,4351.10009765625,4351.60009765625,4349.89990234375,4350.60009765625,72
2026-06-09 09:45:00+00:00,4351.39990234375,4351.7998046875,4350.7998046875,4350.89990234375,32
2026-06-09 09:46:00+00:00,4352.7001953125,4353.5,4352.0,4352.5,62
2026-06-09 09:47:00+00:00,4353.60009765625,4354.0,4353.10009765625,4353.10009765625,35
2026-06-09 09:48:00+00:00,4354.2001953125,4354.2001953125,4352.60009765625,4353.0,28
2026-06-09 09:49:00+00:00,4354.10009765625,4354.10009765625,4353.10009765625,4353.5,30
2026-06-09 09:50:00+00:00,4354.2001953125,4354.2001953125,4353.7001953125,4353.89990234375,20
2026-06-09 09:51:00+00:00,4355.0,4355.39990234375,4353.89990234375,4354.5,41
2026-06-09 09:52:00+00:00,4355.60009765625,4356.0,4354.60009765625,4355.2001953125,38
2026-06-09 09:53:00+00:00,4356.10009765625,4356.39990234375,4355.2998046875,4355.7001953125,57
2026-06-09 09:54:00+00:00,4356.89990234375,4357.5,4356.2001953125,4356.39990234375,40
2026-06-09 09:55:00+00:00,4356.89990234375,4357.2998046875,4356.10009765625,4357.0,40
2026-06-09 09:56:00+00:00,4355.5,4356.7001953125,4355.5,4356.7001953125,22
2026-06-09 09:57:00+00:00,4355.39990234375,4355.39990234375,4354.7998046875,4355.39990234375,33
2026-06-09 09:58:00+00:00,4355.2998046875,4355.60009765625,4354.7001953125,4355.2001953125,59
2026-06-09 09:59:00+00:00,4356.0,4356.39990234375,4354.89990234375,4355.2001953125,34
2026-06-09 10:00:00+00:00,4355.7998046875,4356.89990234375,4355.7998046875,4356.0,32
2026-06-09 10:01:00+00:00,4356.5,4356.89990234375,4355.5,4355.89990234375,15
2026-06-09 10:02:00+00:00,4355.5,4355.89990234375,4355.5,4355.7998046875,9
2026-06-09 10:03:00+00:00,4355.39990234375,4356.7998046875,4354.60009765625,4355.2998046875,32
2026-06-09 10:04:00+00:00,4354.7001953125,4355.2998046875,4354.2998046875,4355.2998046875,49
2026-06-09 10:05:00+00:00,4355.2998046875,4355.2998046875,4354.5,4354.7001953125,12
2026-06-09 10:06:00+00:00,4350.7001953125,4355.0,4349.7001953125,4355.0,248
2026-06-09 10:07:00+00:00,4352.2001953125,4352.60009765625,4349.10009765625,4350.7998046875,202
2026-06-09 10:08:00+00:00,4352.0,4353.2001953125,4351.89990234375,4352.39990234375,29
2026-06-09 10:09:00+00:00,4350.7998046875,4352.2998046875,4349.7001953125,4352.0,37
2026-06-09 10:10:00+00:00,4351.2001953125,4352.0,4350.5,4351.0,39
2026-06-09 10:11:00+00:00,4352.60009765625,4353.2998046875,4351.7998046875,4351.7998046875,20
2026-06-09 10:12:00+00:00,4353.60009765625,4354.10009765625,4353.2001953125,4353.2001953125,31
2026-06-09 10:13:00+00:00,4353.0,4353.5,4352.5,4353.39990234375,53
2026-06-09 10:14:00+00:00,4359.60009765625,4359.89990234375,4353.60009765625,4353.60009765625,220
2026-06-09 10:15:00+00:00,4359.2001953125,4360.39990234375,4358.7001953125,4359.7998046875,165
2026-06-09 10:16:00+00:00,4359.10009765625,4359.10009765625,4358.10009765625,4359.0,52
2026-06-09 10:17:00+00:00,4360.39990234375,4360.60009765625,4358.39990234375,4358.7998046875,72
2026-06-09 10:18:00+00:00,4359.10009765625,4360.39990234375,4358.60009765625,4360.39990234375,59
2026-06-09 10:19:00+00:00,4358.7998046875,4360.2001953125,4358.5,4359.39990234375,48
2026-06-09 10:20:00+00:00,4357.7998046875,4358.60009765625,4357.7001953125,4358.60009765625,36
2026-06-09 10:21:00+00:00,4357.39990234375,4358.0,4357.2998046875,4357.7001953125,21
2026-06-09 10:22:00+00:00,4355.7001953125,4357.2001953125,4355.7001953125,4357.2001953125,21
2026-06-09 10:23:00+00:00,4355.5,4356.0,4355.39990234375,4356.0,24
2026-06-09 10:24:00+00:00,4356.7001953125,4356.7001953125,4355.7998046875,4355.89990234375,16
2026-06-09 10:25:00+00:00,4357.7998046875,4357.7998046875,4355.60009765625,4356.5,29
2026-06-09 10:26:00+00:00,4360.10009765625,4360.7001953125,4358.10009765625,4358.10009765625,56
2026-06-09 10:27:00+00:00,4359.0,4360.39990234375,4358.60009765625,4360.39990234375,49
2026-06-09 10:28:00+00:00,4358.0,4359.0,4357.7998046875,4359.0,25
2026-06-09 10:29:00+00:00,4357.5,4358.2998046875,4357.5,4358.2001953125,17
2026-06-09 10:30:00+00:00,4356.2001953125,4358.39990234375,4356.2001953125,4357.7998046875,31
2026-06-09 10:31:00+00:00,4357.89990234375,4357.89990234375,4356.2998046875,4356.39990234375,21
2026-06-09 10:32:00+00:00,4357.7001953125,4358.0,4357.2998046875,4358.0,28
2026-06-09 10:33:00+00:00,4358.7998046875,4358.7998046875,4357.2001953125,4357.89990234375,31
2026-06-09 10:34:00+00:00,4357.7001953125,4359.0,4357.39990234375,4358.7998046875,41
2026-06-09 10:35:00+00:00,4356.89990234375,4357.5,4356.2001953125,4357.5,38
2026-06-09 10:36:00+00:00,4357.2001953125,4357.39990234375,4356.5,4356.7998046875,27
2026-06-09 10:37:00+00:00,4357.2001953125,4357.7001953125,4357.0,4357.5,25
2026-06-09 10:38:00+00:00,4357.7001953125,4357.89990234375,4357.0,4357.2001953125,34
2026-06-09 10:39:00+00:00,4355.7998046875,4357.7001953125,4355.5,4357.39990234375,116
2026-06-09 10:40:00+00:00,4355.7001953125,4356.10009765625,4355.0,4356.0,99
2026-06-09 10:41:00+00:00,4354.89990234375,4355.89990234375,4354.89990234375,4355.7998046875,41
2026-06-09 10:42:00+00:00,4354.10009765625,4354.5,4353.7001953125,4354.5,21
2026-06-09 10:43:00+00:00,4355.39990234375,4355.5,4353.60009765625,4354.10009765625,52
2026-06-09 10:44:00+00:00,4356.0,4356.60009765625,4355.2998046875,4355.60009765625,64
2026-06-09 10:45:00+00:00,4356.5,4356.89990234375,4356.0,4356.5,35
2026-06-09 10:46:00+00:00,4355.5,4356.5,4355.2998046875,4356.5,47
2026-06-09 10:47:00+00:00,4355.0,4355.5,4355.0,4355.39990234375,26
2026-06-09 10:48:00+00:00,4355.10009765625,4356.2001953125,4355.0,4355.10009765625,63
2026-06-09 10:49:00+00:00,4354.39990234375,4355.39990234375,4354.39990234375,4355.10009765625,49
2026-06-09 10:50:00+00:00,4355.60009765625,4356.0,4354.7001953125,4354.7998046875,52
2026-06-09 10:51:00+00:00,4354.2998046875,4355.89990234375,4354.2998046875,4355.7998046875,40
2026-06-09 10:52:00+00:00,4357.39990234375,4357.5,4354.39990234375,4354.39990234375,37
2026-06-09 10:53:00+00:00,4357.2998046875,4357.7998046875,4357.2998046875,4357.39990234375,9
2026-06-09 10:54:00+00:00,4359.2001953125,4360.5,4357.39990234375,4357.39990234375,269
2026-06-09 10:55:00+00:00,4359.39990234375,4359.39990234375,4358.89990234375,4359.2001953125,15
2026-06-09 10:56:00+00:00,4359.2001953125,4360.0,4358.89990234375,4359.39990234375,35
2026-06-09 10:57:00+00:00,4361.0,4361.39990234375,4359.39990234375,4359.39990234375,62
2026-06-09 10:58:00+00:00,4361.7001953125,4362.7998046875,4360.89990234375,4360.89990234375,195
2026-06-09 10:59:00+00:00,4363.2998046875,4365.2001953125,4361.39990234375,4361.5,312
2026-06-09 11:00:00+00:00,4364.5,4365.2001953125,4362.0,4363.2998046875,134
2026-06-09 11:01:00+00:00,4362.7998046875,4364.7001953125,4362.7998046875,4364.2001953125,48
2026-06-09 11:02:00+00:00,4362.60009765625,4363.60009765625,4362.60009765625,4363.10009765625,37
2026-06-09 11:03:00+00:00,4361.39990234375,4363.10009765625,4361.2998046875,4362.7001953125,52
2026-06-09 11:04:00+00:00,4360.2001953125,4361.39990234375,4360.0,4361.2001953125,61
2026-06-09 11:05:00+00:00,4360.7998046875,4361.60009765625,4360.2998046875,4360.2998046875,25
2026-06-09 11:06:00+00:00,4361.89990234375,4362.10009765625,4359.89990234375,4360.2001953125,34
2026-06-09 11:07:00+00:00,4361.5,4362.5,4361.10009765625,4362.39990234375,31
2026-06-09 11:08:00+00:00,4362.7001953125,4363.2998046875,4361.7998046875,4362.0,45
2026-06-09 11:09:00+00:00,4361.7001953125,4362.5,4361.7001953125,4362.5,26
2026-06-09 11:10:00+00:00,4360.7998046875,4361.89990234375,4360.7001953125,4361.5,23
2026-06-09 11:11:00+00:00,4361.5,4362.0,4360.2998046875,4360.7998046875,25
2026-06-09 11:12:00+00:00,4360.5,4361.89990234375,4360.5,4361.0,34
2026-06-09 11:13:00+00:00,4360.60009765625,4360.89990234375,4360.0,4360.60009765625,29
2026-06-09 11:14:00+00:00,4361.89990234375,4362.10009765625,4360.2998046875,4360.7998046875,24
2026-06-09 11:15:00+00:00,4363.0,4363.39990234375,4361.89990234375,4362.10009765625,55
2026-06-09 11:16:00+00:00,4360.39990234375,4363.2998046875,4360.39990234375,4363.2998046875,25
2026-06-09 11:17:00+00:00,4361.2001953125,4361.2001953125,4360.39990234375,4360.39990234375,15
2026-06-09 11:18:00+00:00,4363.2001953125,4363.5,4360.39990234375,4361.2001953125,70
2026-06-09 11:19:00+00:00,4363.5,4363.5,4362.60009765625,4362.7998046875,24
2026-06-09 11:20:00+00:00,4363.60009765625,4363.60009765625,4362.89990234375,4363.2001953125,46
2026-06-09 11:21:00+00:00,4364.2998046875,4364.5,4363.10009765625,4363.5,50
2026-06-09 11:22:00+00:00,4364.0,4364.7001953125,4364.0,4364.0,28
2026-06-09 11:23:00+00:00,4362.39990234375,4363.39990234375,4362.2998046875,4363.2998046875,23
2026-06-09 11:24:00+00:00,4361.7001953125,4362.7001953125,4361.60009765625,4362.5,20
2026-06-09 11:25:00+00:00,4361.2001953125,4361.5,4360.5,4361.5,45
2026-06-09 11:26:00+00:00,4361.2001953125,4361.2001953125,4360.89990234375,4361.0,7
2026-06-09 11:27:00+00:00,4362.10009765625,4362.10009765625,4360.39990234375,4361.0,38
2026-06-09 11:28:00+00:00,4362.2998046875,4362.7001953125,4361.60009765625,4362.0,24
2026-06-09 11:29:00+00:00,4362.5,4362.5,4361.5,4361.7998046875,9
2026-06-09 11:30:00+00:00,4361.7998046875,4362.60009765625,4361.7998046875,4362.5,30
2026-06-09 11:31:00+00:00,4362.2001953125,4363.0,4361.7001953125,4361.7998046875,31
2026-06-09 11:32:00+00:00,4361.5,4362.7001953125,4361.2001953125,4362.5,25
2026-06-09 11:33:00+00:00,4362.2998046875,4362.60009765625,4361.10009765625,4361.2001953125,55
2026-06-09 11:34:00+00:00,4362.10009765625,4362.5,4362.0,4362.10009765625,14
2026-06-09 11:35:00+00:00,4362.2001953125,4362.2001953125,4360.89990234375,4361.60009765625,42
2026-06-09 11:36:00+00:00,4361.89990234375,4362.10009765625,4361.39990234375,4362.10009765625,20
2026-06-09 11:37:00+00:00,4361.60009765625,4362.39990234375,4361.60009765625,4362.0,12
2026-06-09 11:38:00+00:00,4361.2998046875,4361.5,4361.0,4361.39990234375,7
2026-06-09 11:39:00+00:00,4361.2001953125,4361.39990234375,4361.2001953125,4361.2001953125,6
2026-06-09 11:40:00+00:00,4361.60009765625,4361.7998046875,4361.10009765625,4361.60009765625,20
2026-06-09 11:41:00+00:00,4362.60009765625,4363.0,4362.2001953125,4362.2001953125,29
2026-06-09 11:42:00+00:00,4363.5,4364.2001953125,4362.2998046875,4363.0,61
2026-06-09 11:43:00+00:00,4362.5,4363.7998046875,4362.2001953125,4363.5,41
2026-06-09 11:44:00+00:00,4363.60009765625,4363.7001953125,4362.89990234375,4362.89990234375,18
2026-06-09 11:45:00+00:00,4363.60009765625,4364.5,4363.2998046875,4363.2998046875,23
2026-06-09 11:46:00+00:00,4362.5,4364.39990234375,4362.10009765625,4363.60009765625,61
2026-06-09 11:47:00+00:00,4363.5,4363.5,4361.39990234375,4362.7001953125,85
2026-06-09 11:48:00+00:00,4364.0,4364.89990234375,4363.10009765625,4363.10009765625,111
2026-06-09 11:49:00+00:00,4364.39990234375,4365.39990234375,4364.0,4364.0,68
2026-06-09 11:50:00+00:00,4365.60009765625,4366.2998046875,4364.39990234375,4364.39990234375,59
2026-06-09 11:51:00+00:00,4367.5,4368.2998046875,4365.10009765625,4365.2001953125,128
2026-06-09 11:52:00+00:00,4366.2998046875,4367.89990234375,4365.7001953125,4367.7001953125,86
2026-06-09 11:53:00+00:00,4366.60009765625,4367.5,4366.2001953125,4366.2998046875,45
2026-06-09 11:54:00+00:00,4365.60009765625,4366.39990234375,4364.7998046875,4366.39990234375,147
2026-06-09 11:55:00+00:00,4365.10009765625,4365.5,4364.0,4365.5,63
2026-06-09 11:56:00+00:00,4364.7001953125,4365.39990234375,4364.7001953125,4365.2998046875,62
2026-06-09 11:57:00+00:00,4367.39990234375,4367.7998046875,4365.10009765625,4365.10009765625,46
2026-06-09 11:58:00+00:00,4365.10009765625,4367.7001953125,4365.0,4367.2998046875,32
2026-06-09 11:59:00+00:00,4364.2998046875,4365.0,4364.0,4365.0,43
2026-06-09 12:00:00+00:00,4366.5,4367.60009765625,4364.0,4364.39990234375,131
2026-06-09 12:01:00+00:00,4366.5,4366.5,4365.2001953125,4366.10009765625,36
2026-06-09 12:02:00+00:00,4365.89990234375,4366.7001953125,4365.60009765625,4366.60009765625,28
2026-06-09 12:03:00+00:00,4367.89990234375,4368.0,4365.60009765625,4365.60009765625,67
2026-06-09 12:04:00+00:00,4366.89990234375,4367.89990234375,4366.7998046875,4367.7001953125,81
2026-06-09 12:05:00+00:00,4366.60009765625,4367.5,4366.10009765625,4367.0,77
2026-06-09 12:06:00+00:00,4367.7001953125,4367.7998046875,4366.5,4366.60009765625,47
2026-06-09 12:07:00+00:00,4367.7998046875,4368.2998046875,4367.5,4367.60009765625,62
2026-06-09 12:08:00+00:00,4367.2998046875,4367.60009765625,4367.10009765625,4367.5,23
2026-06-09 12:09:00+00:00,4368.2998046875,4368.5,4367.39990234375,4367.39990234375,71
2026-06-09 12:10:00+00:00,4368.2001953125,4368.60009765625,4368.0,4368.10009765625,77
2026-06-09 12:11:00+00:00,4368.2998046875,4368.60009765625,4368.0,4368.10009765625,52
2026-06-09 12:12:00+00:00,4368.10009765625,4368.39990234375,4366.89990234375,4368.2001953125,127
2026-06-09 12:13:00+00:00,4367.7001953125,4368.10009765625,4367.10009765625,4367.5,27
2026-06-09 12:14:00+00:00,4365.60009765625,4368.2998046875,4365.2001953125,4367.7998046875,322
2026-06-09 12:15:00+00:00,4365.60009765625,4367.0,4365.2998046875,4365.7998046875,221
2026-06-09 12:16:00+00:00,4364.39990234375,4366.39990234375,4363.39990234375,4365.60009765625,129
2026-06-09 12:17:00+00:00,4366.0,4366.7001953125,4363.89990234375,4364.0,80
2026-06-09 12:18:00+00:00,4366.39990234375,4366.7998046875,4365.2998046875,4366.5,62
2026-06-09 12:19:00+00:00,4367.2998046875,4367.7001953125,4365.7001953125,4366.2998046875,48
2026-06-09 12:20:00+00:00,4363.60009765625,4367.2998046875,4362.60009765625,4367.2998046875,204
2026-06-09 12:21:00+00:00,4362.7998046875,4364.2001953125,4362.2001953125,4363.5,119
2026-06-09 12:22:00+00:00,4362.2998046875,4363.39990234375,4362.0,4362.5,96
2026-06-09 12:23:00+00:00,4362.2998046875,4363.2998046875,4361.7001953125,4362.39990234375,68
2026-06-09 12:24:00+00:00,4363.0,4363.2998046875,4362.2001953125,4362.2001953125,61
2026-06-09 12:25:00+00:00,4363.2998046875,4364.2998046875,4362.39990234375,4363.0,74
2026-06-09 12:26:00+00:00,4363.5,4364.2998046875,4363.2001953125,4363.2001953125,73
2026-06-09 12:27:00+00:00,4363.60009765625,4363.7998046875,4363.0,4363.7001953125,52
2026-06-09 12:28:00+00:00,4361.7998046875,4363.7998046875,4361.7001953125,4363.5,75
2026-06-09 12:29:00+00:00,4359.89990234375,4362.10009765625,4359.39990234375,4362.0,115
2026-06-09 12:30:00+00:00,4361.5,4362.5,4359.0,4360.0,117
2026-06-09 12:31:00+00:00,4363.5,4364.39990234375,4361.2998046875,4361.5,148
2026-06-09 12:32:00+00:00,4363.7001953125,4364.39990234375,4363.39990234375,4363.7998046875,85
2026-06-09 12:33:00+00:00,4361.7001953125,4363.5,4361.2998046875,4363.39990234375,48
2026-06-09 12:34:00+00:00,4361.0,4362.0,4359.2998046875,4361.5,113
2026-06-09 12:35:00+00:00,4362.60009765625,4362.89990234375,4360.5,4361.2998046875,85
2026-06-09 12:36:00+00:00,4364.10009765625,4364.7001953125,4362.10009765625,4362.2001953125,76
2026-06-09 12:37:00+00:00,4363.39990234375,4364.0,4362.60009765625,4364.0,100
2026-06-09 12:38:00+00:00,4365.5,4365.89990234375,4362.7998046875,4363.0,75
2026-06-09 12:39:00+00:00,4365.10009765625,4365.60009765625,4363.5,4365.60009765625,92
2026-06-09 12:40:00+00:00,4364.7001953125,4365.7998046875,4364.2001953125,4364.7998046875,71
2026-06-09 12:41:00+00:00,4365.0,4365.39990234375,4363.2998046875,4364.5,69
2026-06-09 12:42:00+00:00,4365.60009765625,4365.7998046875,4364.5,4364.7001953125,44
2026-06-09 12:43:00+00:00,4365.10009765625,4365.7998046875,4364.7998046875,4365.60009765625,44
2026-06-09 12:44:00+00:00,4365.0,4366.2998046875,4364.7998046875,4365.2998046875,64
2026-06-09 12:45:00+00:00,4364.7998046875,4365.5,4364.2998046875,4365.0,45
2026-06-09 12:46:00+00:00,4367.39990234375,4367.89990234375,4364.60009765625,4364.7001953125,81
2026-06-09 12:47:00+00:00,4367.89990234375,4369.0,4367.2001953125,4367.39990234375,130
2026-06-09 12:48:00+00:00,4367.39990234375,4368.10009765625,4366.7998046875,4368.0,68
2026-06-09 12:49:00+00:00,4365.60009765625,4368.0,4365.60009765625,4367.5,62
2026-06-09 12:50:00+00:00,4367.89990234375,4368.10009765625,4365.7998046875,4365.89990234375,95
2026-06-09 12:51:00+00:00,4366.60009765625,4368.0,4365.89990234375,4368.0,96
2026-06-09 12:52:00+00:00,4365.0,4367.0,4364.89990234375,4366.60009765625,98
2026-06-09 12:53:00+00:00,4363.2998046875,4365.0,4362.89990234375,4364.89990234375,94
2026-06-09 12:54:00+00:00,4361.7001953125,4363.39990234375,4361.60009765625,4363.10009765625,107
2026-06-09 12:55:00+00:00,4362.2998046875,4363.10009765625,4361.2001953125,4361.7001953125,92
2026-06-09 12:56:00+00:00,4361.60009765625,4362.5,4361.5,4361.7998046875,93
2026-06-09 12:57:00+00:00,4363.10009765625,4363.2998046875,4360.89990234375,4362.0,58
2026-06-09 12:58:00+00:00,4363.60009765625,4364.5,4362.0,4363.10009765625,178
2026-06-09 12:59:00+00:00,4365.39990234375,4366.2998046875,4363.0,4363.60009765625,201
2026-06-09 13:00:00+00:00,4366.2998046875,4370.0,4364.89990234375,4366.10009765625,511
2026-06-09 13:01:00+00:00,4365.5,4367.5,4364.89990234375,4366.2001953125,111
2026-06-09 13:02:00+00:00,4364.7998046875,4367.2001953125,4364.39990234375,4365.0,166
2026-06-09 13:03:00+00:00,4365.7001953125,4365.7001953125,4362.60009765625,4365.0,134
2026-06-09 13:04:00+00:00,4363.5,4365.2001953125,4362.60009765625,4365.2001953125,83
2026-06-09 13:05:00+00:00,4366.7001953125,4367.10009765625,4363.0,4363.39990234375,256
2026-06-09 13:06:00+00:00,4367.10009765625,4367.7998046875,4365.7001953125,4366.7998046875,117
2026-06-09 13:07:00+00:00,4363.89990234375,4367.7998046875,4363.89990234375,4366.7998046875,86
2026-06-09 13:08:00+00:00,4366.89990234375,4366.89990234375,4363.39990234375,4364.2998046875,109
2026-06-09 13:09:00+00:00,4366.0,4368.89990234375,4365.60009765625,4366.7001953125,129
2026-06-09 13:10:00+00:00,4365.89990234375,4366.5,4365.10009765625,4366.2001953125,52
2026-06-09 13:11:00+00:00,4366.39990234375,4367.2001953125,4365.10009765625,4365.5,54
2026-06-09 13:12:00+00:00,4365.0,4366.2998046875,4364.7998046875,4366.2001953125,61
2026-06-09 13:13:00+00:00,4366.5,4366.5,4364.89990234375,4364.89990234375,86
2026-06-09 13:14:00+00:00,4365.2001953125,4366.2001953125,4364.2001953125,4366.2001953125,65
2026-06-09 13:15:00+00:00,4364.39990234375,4366.39990234375,4363.7001953125,4365.60009765625,78
2026-06-09 13:16:00+00:00,4364.39990234375,4365.60009765625,4364.2001953125,4364.60009765625,48
2026-06-09 13:17:00+00:00,4361.7998046875,4364.89990234375,4361.39990234375,4364.2001953125,157
2026-06-09 13:18:00+00:00,4359.60009765625,4362.39990234375,4359.2998046875,4361.7998046875,117
2026-06-09 13:19:00+00:00,4358.2001953125,4360.5,4358.2001953125,4359.7998046875,131
2026-06-09 13:20:00+00:00,4358.0,4360.5,4357.7001953125,4358.39990234375,192
2026-06-09 13:21:00+00:00,4357.5,4358.60009765625,4355.89990234375,4358.0,165
2026-06-09 13:22:00+00:00,4357.5,4358.0,4356.7998046875,4357.7001953125,93
2026-06-09 13:23:00+00:00,4358.7998046875,4359.2001953125,4356.39990234375,4357.10009765625,122
2026-06-09 13:24:00+00:00,4357.7998046875,4358.60009765625,4357.39990234375,4358.2998046875,85
2026-06-09 13:25:00+00:00,4358.89990234375,4359.89990234375,4357.7998046875,4358.10009765625,116
2026-06-09 13:26:00+00:00,4356.7001953125,4358.89990234375,4356.7001953125,4358.7998046875,84
2026-06-09 13:27:00+00:00,4355.89990234375,4357.39990234375,4354.7001953125,4356.60009765625,134
2026-06-09 13:28:00+00:00,4355.5,4356.2998046875,4354.2998046875,4355.5,73
2026-06-09 13:29:00+00:00,4355.2001953125,4356.0,4354.89990234375,4355.10009765625,95
2026-06-09 13:30:00+00:00,4355.0,4356.5,4352.60009765625,4355.39990234375,278
2026-06-09 13:31:00+00:00,4356.0,4357.5,4355.2001953125,4355.2001953125,216
2026-06-09 13:32:00+00:00,4355.0,4356.89990234375,4354.2998046875,4355.7998046875,172
2026-06-09 13:33:00+00:00,4356.2998046875,4358.5,4353.7998046875,4355.2998046875,163
2026-06-09 13:34:00+00:00,4354.2998046875,4357.0,4354.2001953125,4356.7001953125,78
2026-06-09 13:35:00+00:00,4355.5,4355.7998046875,4354.0,4354.10009765625,99
2026-06-09 13:36:00+00:00,4358.2998046875,4358.39990234375,4354.60009765625,4355.10009765625,111
2026-06-09 13:37:00+00:00,4356.2001953125,4359.0,4355.7001953125,4358.2001953125,88
2026-06-09 13:38:00+00:00,4356.2001953125,4358.2001953125,4355.7998046875,4356.5,112
2026-06-09 13:39:00+00:00,4356.2998046875,4357.0,4354.2001953125,4356.5,86
2026-06-09 13:40:00+00:00,4351.89990234375,4356.39990234375,4351.89990234375,4356.2998046875,224
2026-06-09 13:41:00+00:00,4350.0,4353.5,4349.10009765625,4352.2001953125,251
2026-06-09 13:42:00+00:00,4353.0,4353.0,4349.60009765625,4350.0,150
2026-06-09 13:43:00+00:00,4352.5,4354.2998046875,4352.39990234375,4353.10009765625,139
2026-06-09 13:44:00+00:00,4354.5,4354.5,4352.10009765625,4352.2998046875,71
2026-06-09 13:45:00+00:00,4357.5,4358.0,4353.5,4354.39990234375,182
2026-06-09 13:46:00+00:00,4360.2001953125,4360.2998046875,4355.7998046875,4357.2001953125,218
2026-06-09 13:47:00+00:00,4369.10009765625,4369.60009765625,4360.0,4360.0,529
2026-06-09 13:48:00+00:00,4381.60009765625,4382.39990234375,4368.5,4369.0,1702
2026-06-09 13:49:00+00:00,4377.2001953125,4388.60009765625,4376.5,4381.7001953125,1314
2026-06-09 13:50:00+00:00,4367.2001953125,4377.7998046875,4366.39990234375,4377.39990234375,753
2026-06-09 13:51:00+00:00,4365.7998046875,4369.2998046875,4363.7998046875,4367.2998046875,586
2026-06-09 13:52:00+00:00,4361.5,4367.39990234375,4361.2998046875,4365.89990234375,281
2026-06-09 13:53:00+00:00,4362.5,4363.5,4359.5,4361.7998046875,337
2026-06-09 13:54:00+00:00,4358.7001953125,4362.7001953125,4358.10009765625,4361.7998046875,225
2026-06-09 13:55:00+00:00,4355.7001953125,4359.2001953125,4354.89990234375,4359.0,654
2026-06-09 13:56:00+00:00,4352.89990234375,4356.2001953125,4352.0,4355.5,326
2026-06-09 13:57:00+00:00,4353.89990234375,4354.10009765625,4351.0,4352.7998046875,183
2026-06-09 13:58:00+00:00,4355.5,4356.7998046875,4354.10009765625,4354.2001953125,204
2026-06-09 13:59:00+00:00,4353.2001953125,4355.2998046875,4352.2001953125,4355.2998046875,220
2026-06-09 14:00:00+00:00,4354.7001953125,4356.0,4351.5,4352.89990234375,331
2026-06-09 14:01:00+00:00,4358.2998046875,4358.39990234375,4354.39990234375,4354.89990234375,381
2026-06-09 14:02:00+00:00,4357.60009765625,4360.2998046875,4357.0,4358.39990234375,347
2026-06-09 14:03:00+00:00,4352.0,4358.5,4351.0,4357.39990234375,341
2026-06-09 14:04:00+00:00,4353.2998046875,4354.0,4350.39990234375,4351.5,298
2026-06-09 14:05:00+00:00,4351.5,4355.2998046875,4351.5,4353.5,201
2026-06-09 14:06:00+00:00,4351.5,4351.7001953125,4348.5,4351.39990234375,453
2026-06-09 14:07:00+00:00,4351.60009765625,4353.10009765625,4348.5,4351.60009765625,240
2026-06-09 14:08:00+00:00,4354.60009765625,4356.5,4351.89990234375,4352.0,358
2026-06-09 14:09:00+00:00,4352.7001953125,4354.89990234375,4351.60009765625,4354.89990234375,134
2026-06-09 14:10:00+00:00,4350.39990234375,4352.7998046875,4349.89990234375,4352.2001953125,114
2026-06-09 14:11:00+00:00,4351.7998046875,4351.7998046875,4348.7001953125,4350.60009765625,204
2026-06-09 14:12:00+00:00,4351.60009765625,4352.89990234375,4350.89990234375,4351.60009765625,56
2026-06-09 14:13:00+00:00,4345.2998046875,4351.7001953125,4345.10009765625,4351.2998046875,275
2026-06-09 14:14:00+00:00,4345.10009765625,4346.7001953125,4343.39990234375,4345.7001953125,507
2026-06-09 14:15:00+00:00,4342.60009765625,4347.2998046875,4342.2001953125,4344.7998046875,238
2026-06-09 14:16:00+00:00,4339.7001953125,4344.10009765625,4338.89990234375,4342.2998046875,571
2026-06-09 14:17:00+00:00,4334.39990234375,4339.5,4333.60009765625,4339.39990234375,840
2026-06-09 14:18:00+00:00,4329.7001953125,4334.7998046875,4328.2998046875,4334.2001953125,898
2026-06-09 14:19:00+00:00,4334.89990234375,4335.2001953125,4329.7998046875,4329.7998046875,291
2026-06-09 14:20:00+00:00,4336.0,4336.7998046875,4332.7998046875,4335.10009765625,245
2026-06-09 14:21:00+00:00,4337.5,4338.0,4335.10009765625,4336.5,253
2026-06-09 14:22:00+00:00,4343.5,4344.5,4337.0,4338.0,427
2026-06-09 14:23:00+00:00,4341.5,4343.7001953125,4339.0,4343.2001953125,316
2026-06-09 14:24:00+00:00,4342.7998046875,4343.2998046875,4340.5,4341.2998046875,167
2026-06-09 14:25:00+00:00,4346.7001953125,4347.39990234375,4341.2998046875,4342.5,352
2026-06-09 14:26:00+00:00,4344.39990234375,4348.0,4344.10009765625,4346.7001953125,198
2026-06-09 14:27:00+00:00,4344.7998046875,4345.60009765625,4343.0,4344.60009765625,148
2026-06-09 14:28:00+00:00,4340.7998046875,4345.89990234375,4340.60009765625,4344.7998046875,119
2026-06-09 14:29:00+00:00,4342.7001953125,4343.39990234375,4339.89990234375,4340.7001953125,261
2026-06-09 14:30:00+00:00,4340.0,4345.5,4339.2001953125,4342.39990234375,476
2026-06-09 14:31:00+00:00,4336.39990234375,4340.60009765625,4336.10009765625,4339.7001953125,233
2026-06-09 14:32:00+00:00,4340.39990234375,4344.0,4336.2998046875,4336.7001953125,281
2026-06-09 14:33:00+00:00,4335.39990234375,4340.2998046875,4333.7001953125,4340.2998046875,381
2026-06-09 14:34:00+00:00,4339.0,4340.0,4335.10009765625,4336.2998046875,294
2026-06-09 14:35:00+00:00,4335.39990234375,4339.10009765625,4334.0,4338.7998046875,268
2026-06-09 14:36:00+00:00,4330.39990234375,4335.5,4328.5,4335.2998046875,549
2026-06-09 14:37:00+00:00,4334.5,4334.7001953125,4330.0,4330.39990234375,205
2026-06-09 14:38:00+00:00,4329.2001953125,4334.39990234375,4328.7001953125,4334.39990234375,255
2026-06-09 14:39:00+00:00,4329.0,4329.89990234375,4326.5,4329.10009765625,327
2026-06-09 14:40:00+00:00,4330.2998046875,4331.60009765625,4327.60009765625,4329.0,180
2026-06-09 14:41:00+00:00,4326.89990234375,4330.60009765625,4326.7001953125,4330.2998046875,183
2026-06-09 14:42:00+00:00,4324.2998046875,4329.0,4324.2001953125,4326.89990234375,286
2026-06-09 14:43:00+00:00,4319.7998046875,4324.7001953125,4318.89990234375,4324.39990234375,386
2026-06-09 14:44:00+00:00,4308.60009765625,4320.2001953125,4307.2001953125,4320.10009765625,1033
2026-06-09 14:45:00+00:00,4311.2001953125,4313.7998046875,4308.39990234375,4308.60009765625,616
2026-06-09 14:46:00+00:00,4305.7001953125,4312.2001953125,4303.7998046875,4311.2998046875,657
2026-06-09 14:47:00+00:00,4304.60009765625,4307.7001953125,4302.10009765625,4306.0,381
2026-06-09 14:48:00+00:00,4305.2001953125,4309.39990234375,4303.0,4305.10009765625,427
2026-06-09 14:49:00+00:00,4307.7001953125,4309.0,4304.5,4305.60009765625,356
2026-06-09 14:50:00+00:00,4309.89990234375,4311.89990234375,4305.60009765625,4307.60009765625,535
2026-06-09 14:51:00+00:00,4318.0,4318.2001953125,4309.0,4310.0,581
2026-06-09 14:52:00+00:00,4317.7998046875,4322.10009765625,4316.60009765625,4317.89990234375,586
2026-06-09 14:53:00+00:00,4319.7001953125,4320.60009765625,4316.60009765625,4317.5,302
2026-06-09 14:54:00+00:00,4322.0,4322.2001953125,4318.39990234375,4319.60009765625,273
2026-06-09 14:55:00+00:00,4318.2998046875,4323.89990234375,4317.39990234375,4322.2998046875,366
2026-06-09 14:56:00+00:00,4317.60009765625,4320.2001953125,4316.7001953125,4319.0,171
2026-06-09 14:57:00+00:00,4322.2001953125,4322.7998046875,4317.2001953125,4317.39990234375,227
2026-06-09 14:58:00+00:00,4323.7998046875,4325.2998046875,4322.39990234375,4322.39990234375,327
2026-06-09 14:59:00+00:00,4325.0,4325.0,4321.89990234375,4323.7001953125,126
2026-06-09 15:00:00+00:00,4322.2998046875,4326.39990234375,4321.5,4324.7998046875,301
2026-06-09 15:01:00+00:00,4319.60009765625,4322.89990234375,4318.7998046875,4321.5,270
2026-06-09 15:02:00+00:00,4316.5,4320.7001953125,4316.2998046875,4319.5,224
2026-06-09 15:03:00+00:00,4318.2998046875,4320.39990234375,4315.60009765625,4316.7001953125,252
2026-06-09 15:04:00+00:00,4317.2998046875,4319.2998046875,4316.0,4318.7998046875,111
2026-06-09 15:05:00+00:00,4318.2998046875,4318.39990234375,4315.60009765625,4317.60009765625,113
2026-06-09 15:06:00+00:00,4318.5,4321.0,4317.39990234375,4318.2001953125,164
2026-06-09 15:07:00+00:00,4317.2001953125,4318.89990234375,4314.2001953125,4318.39990234375,221
2026-06-09 15:08:00+00:00,4317.60009765625,4319.2998046875,4317.5,4317.5,163
2026-06-09 15:09:00+00:00,4320.10009765625,4320.2998046875,4317.10009765625,4317.39990234375,136
2026-06-09 15:10:00+00:00,4318.7001953125,4323.7001953125,4318.0,4320.2001953125,226
2026-06-09 15:11:00+00:00,4318.0,4318.7001953125,4315.5,4318.7001953125,129
2026-06-09 15:12:00+00:00,4314.7998046875,4318.0,4313.60009765625,4318.0,204
2026-06-09 15:13:00+00:00,4320.2998046875,4320.60009765625,4314.39990234375,4314.5,98
2026-06-09 15:14:00+00:00,4319.5,4321.60009765625,4319.5,4319.7998046875,110
2026-06-09 15:15:00+00:00,4319.89990234375,4321.2001953125,4318.5,4319.0,159
2026-06-09 15:16:00+00:00,4319.2001953125,4320.39990234375,4317.60009765625,4320.2001953125,138
2026-06-09 15:17:00+00:00,4318.2998046875,4321.2001953125,4318.0,4319.2998046875,132
2026-06-09 15:18:00+00:00,4317.0,4321.10009765625,4316.89990234375,4318.10009765625,74
2026-06-09 15:19:00+00:00,4316.2001953125,4318.0,4315.7998046875,4317.2998046875,121
2026-06-09 15:20:00+00:00,4317.10009765625,4319.10009765625,4315.5,4316.2001953125,110
2026-06-09 15:21:00+00:00,4316.2001953125,4317.2998046875,4315.2001953125,4317.0,89
2026-06-09 15:22:00+00:00,4314.7998046875,4316.5,4313.0,4316.2001953125,121
2026-06-09 15:23:00+00:00,4311.2998046875,4315.7998046875,4311.10009765625,4314.7998046875,150
2026-06-09 15:24:00+00:00,4310.0,4313.0,4309.2001953125,4311.10009765625,136
2026-06-09 15:25:00+00:00,4312.0,4313.2001953125,4309.39990234375,4310.0,200
2026-06-09 15:26:00+00:00,4308.2001953125,4312.39990234375,4307.5,4311.89990234375,181
2026-06-09 15:27:00+00:00,4308.7998046875,4311.39990234375,4307.39990234375,4308.2001953125,197
2026-06-09 15:28:00+00:00,4305.10009765625,4308.5,4302.5,4308.5,434
2026-06-09 15:29:00+00:00,4302.7998046875,4305.2001953125,4301.0,4305.2001953125,401
2026-06-09 15:30:00+00:00,4302.5,4306.10009765625,4300.0,4302.89990234375,407
2026-06-09 15:31:00+00:00,4288.7001953125,4302.2998046875,4287.89990234375,4302.0,1160
2026-06-09 15:32:00+00:00,4288.7001953125,4294.7001953125,4287.60009765625,4288.60009765625,542
2026-06-09 15:33:00+00:00,4296.5,4297.2998046875,4287.89990234375,4288.7998046875,420
2026-06-09 15:34:00+00:00,4298.5,4301.10009765625,4296.0,4296.5,480
2026-06-09 15:35:00+00:00,4296.7998046875,4298.89990234375,4293.2001953125,4298.7998046875,270
2026-06-09 15:36:00+00:00,4294.0,4297.2001953125,4292.5,4296.7998046875,144
2026-06-09 15:37:00+00:00,4293.0,4294.39990234375,4291.7998046875,4294.39990234375,151
2026-06-09 15:38:00+00:00,4288.2001953125,4292.7001953125,4287.10009765625,4292.7001953125,261
2026-06-09 15:39:00+00:00,4294.2998046875,4296.5,4288.0,4288.10009765625,529
2026-06-09 15:40:00+00:00,4296.39990234375,4302.7001953125,4293.5,4294.2001953125,335
2026-06-09 15:41:00+00:00,4301.2998046875,4301.89990234375,4296.2998046875,4296.2998046875,194
2026-06-09 15:42:00+00:00,4304.0,4304.39990234375,4300.5,4301.10009765625,169
2026-06-09 15:43:00+00:00,4302.7998046875,4303.7001953125,4301.2998046875,4303.7001953125,109
2026-06-09 15:44:00+00:00,4304.10009765625,4304.10009765625,4301.2001953125,4302.89990234375,139
2026-06-09 15:45:00+00:00,4307.5,4309.89990234375,4304.2001953125,4304.2001953125,412
2026-06-09 15:46:00+00:00,4308.10009765625,4310.2001953125,4306.7001953125,4307.2998046875,120
2026-06-09 15:47:00+00:00,4306.89990234375,4309.10009765625,4305.7001953125,4308.0,190
2026-06-09 15:48:00+00:00,4305.5,4307.2998046875,4302.7998046875,4307.0,332
2026-06-09 15:49:00+00:00,4305.10009765625,4307.39990234375,4304.7998046875,4305.7001953125,102
2026-06-09 15:50:00+00:00,4302.10009765625,4305.10009765625,4300.60009765625,4304.7998046875,166
2026-06-09 15:51:00+00:00,4307.2001953125,4308.10009765625,4300.7001953125,4301.2001953125,170
2026-06-09 15:52:00+00:00,4306.0,4308.5,4305.89990234375,4307.2998046875,144
2026-06-09 15:53:00+00:00,4304.7001953125,4307.39990234375,4303.2998046875,4306.10009765625,129
2026-06-09 15:54:00+00:00,4304.0,4305.0,4301.2001953125,4304.7998046875,109
2026-06-09 15:55:00+00:00,4305.89990234375,4307.60009765625,4304.89990234375,4304.89990234375,82
2026-06-09 15:56:00+00:00,4302.2001953125,4310.0,4301.89990234375,4305.5,308
2026-06-09 15:57:00+00:00,4298.2998046875,4302.0,4297.5,4302.0,268
2026-06-09 15:58:00+00:00,4298.7998046875,4300.7001953125,4298.10009765625,4298.2001953125,102
2026-06-09 15:59:00+00:00,4296.7001953125,4301.0,4296.2998046875,4298.89990234375,238
2026-06-09 16:00:00+00:00,4299.0,4300.2001953125,4295.2001953125,4296.5,444
2026-06-09 16:01:00+00:00,4303.5,4303.60009765625,4298.0,4299.2001953125,131
2026-06-09 16:02:00+00:00,4302.5,4305.2998046875,4301.60009765625,4303.5,218
2026-06-09 16:03:00+00:00,4300.2001953125,4303.2001953125,4299.39990234375,4302.5,161
2026-06-09 16:04:00+00:00,4298.2998046875,4300.39990234375,4297.5,4299.60009765625,138
2026-06-09 16:05:00+00:00,4293.7001953125,4298.60009765625,4293.10009765625,4297.89990234375,195
2026-06-09 16:06:00+00:00,4295.7998046875,4296.60009765625,4291.10009765625,4293.60009765625,267
2026-06-09 16:07:00+00:00,4293.7001953125,4296.60009765625,4292.7001953125,4295.5,125
2026-06-09 16:08:00+00:00,4290.5,4294.10009765625,4290.2001953125,4294.0,169
2026-06-09 16:09:00+00:00,4287.60009765625,4291.10009765625,4284.7001953125,4290.39990234375,679
2026-06-09 16:10:00+00:00,4286.7998046875,4291.10009765625,4284.2998046875,4287.39990234375,333
2026-06-09 16:11:00+00:00,4289.0,4289.0,4286.10009765625,4287.0,200
2026-06-09 16:12:00+00:00,4286.2998046875,4290.2998046875,4286.2998046875,4288.7998046875,210
2026-06-09 16:13:00+00:00,4285.39990234375,4286.5,4283.7001953125,4286.0,270
2026-06-09 16:14:00+00:00,4283.10009765625,4285.2001953125,4282.2998046875,4284.7998046875,415
2026-06-09 16:15:00+00:00,4285.10009765625,4286.2998046875,4283.0,4283.39990234375,417
2026-06-09 16:16:00+00:00,4284.0,4286.60009765625,4282.5,4284.7001953125,546
2026-06-09 16:17:00+00:00,4283.2998046875,4285.39990234375,4281.60009765625,4284.0,360
2026-06-09 16:18:00+00:00,4283.39990234375,4287.39990234375,4282.89990234375,4283.10009765625,282
2026-06-09 16:19:00+00:00,4278.2001953125,4283.2001953125,4276.89990234375,4282.60009765625,584
2026-06-09 16:20:00+00:00,4280.89990234375,4282.10009765625,4277.10009765625,4278.5,319
2026-06-09 16:21:00+00:00,4283.2001953125,4283.39990234375,4280.2998046875,4281.0,249
2026-06-09 16:22:00+00:00,4285.60009765625,4285.60009765625,4280.0,4283.10009765625,224
2026-06-09 16:23:00+00:00,4281.2001953125,4285.60009765625,4280.7998046875,4285.0,187
2026-06-09 16:24:00+00:00,4286.2998046875,4287.39990234375,4280.7001953125,4281.5,303
2026-06-09 16:25:00+00:00,4287.0,4290.89990234375,4285.10009765625,4285.89990234375,328
2026-06-09 16:26:00+00:00,4286.10009765625,4290.10009765625,4286.10009765625,4287.2001953125,178
2026-06-09 16:27:00+00:00,4286.2998046875,4287.60009765625,4284.89990234375,4286.7001953125,105
2026-06-09 16:28:00+00:00,4287.89990234375,4289.2001953125,4286.0,4286.0,95
2026-06-09 16:29:00+00:00,4287.10009765625,4289.7001953125,4286.60009765625,4287.5,106
2026-06-09 16:30:00+00:00,4285.39990234375,4288.2998046875,4283.89990234375,4286.7998046875,236
2026-06-09 16:31:00+00:00,4284.7001953125,4287.7998046875,4283.60009765625,4285.5,240
2026-06-09 16:32:00+00:00,4285.10009765625,4287.2001953125,4283.89990234375,4284.5,330
2026-06-09 16:33:00+00:00,4286.5,4287.39990234375,4284.5,4285.2998046875,406
2026-06-09 16:34:00+00:00,4286.10009765625,4288.39990234375,4285.2998046875,4286.5,164
2026-06-09 16:35:00+00:00,4290.0,4290.39990234375,4285.60009765625,4285.60009765625,191
2026-06-09 16:36:00+00:00,4290.5,4291.39990234375,4288.60009765625,4289.5,216
2026-06-09 16:37:00+00:00,4286.2001953125,4290.60009765625,4285.5,4290.2998046875,233
2026-06-09 16:38:00+00:00,4270.0,4286.7001953125,4267.0,4286.0,1934
2026-06-09 16:39:00+00:00,4265.2998046875,4272.0,4260.0,4270.0,1060
2026-06-09 16:40:00+00:00,4265.60009765625,4267.0,4260.0,4264.89990234375,594
2026-06-09 16:41:00+00:00,4260.5,4268.39990234375,4260.5,4266.0,384
2026-06-09 16:42:00+00:00,4265.7001953125,4267.39990234375,4259.89990234375,4260.60009765625,375
2026-06-09 16:43:00+00:00,4271.60009765625,4271.89990234375,4264.39990234375,4265.39990234375,286
2026-06-09 16:44:00+00:00,4268.89990234375,4271.39990234375,4265.60009765625,4271.39990234375,307
2026-06-09 16:45:00+00:00,4272.60009765625,4275.10009765625,4268.0,4268.10009765625,340
2026-06-09 16:46:00+00:00,4270.5,4273.0,4268.89990234375,4272.60009765625,119
2026-06-09 16:47:00+00:00,4276.89990234375,4278.10009765625,4270.0,4270.60009765625,209
2026-06-09 16:48:00+00:00,4271.0,4277.7998046875,4270.60009765625,4276.7001953125,511
2026-06-09 16:49:00+00:00,4273.39990234375,4273.5,4268.2998046875,4270.7998046875,204
2026-06-09 16:50:00+00:00,4271.7001953125,4274.89990234375,4270.60009765625,4273.2001953125,160
2026-06-09 16:51:00+00:00,4273.5,4274.60009765625,4270.60009765625,4271.0,130
2026-06-09 16:52:00+00:00,4266.5,4273.2998046875,4266.39990234375,4273.2998046875,114
2026-06-09 16:53:00+00:00,4268.0,4268.2001953125,4265.10009765625,4266.7001953125,279
2026-06-09 16:54:00+00:00,4264.2998046875,4268.0,4262.39990234375,4267.7998046875,218
2026-06-09 16:55:00+00:00,4269.39990234375,4270.2998046875,4263.39990234375,4263.60009765625,183
2026-06-09 16:56:00+00:00,4270.2001953125,4271.39990234375,4267.5,4269.5,217
2026-06-09 16:57:00+00:00,4270.0,4271.5,4268.2998046875,4270.2998046875,116
2026-06-09 16:58:00+00:00,4273.0,4273.2001953125,4269.0,4269.7001953125,118
2026-06-09 16:59:00+00:00,4276.0,4276.2998046875,4271.10009765625,4272.60009765625,294
2026-06-09 17:00:00+00:00,4278.5,4278.5,4275.10009765625,4276.10009765625,311
2026-06-09 17:01:00+00:00,4280.0,4281.7998046875,4278.39990234375,4278.60009765625,311
2026-06-09 17:02:00+00:00,4283.89990234375,4285.10009765625,4279.89990234375,4280.0,220
2026-06-09 17:03:00+00:00,4283.10009765625,4285.2998046875,4281.39990234375,4283.89990234375,236
2026-06-09 17:04:00+00:00,4286.5,4288.0,4282.7001953125,4282.7998046875,198
2026-06-09 17:05:00+00:00,4287.2001953125,4287.5,4284.2998046875,4286.39990234375,161
2026-06-09 17:06:00+00:00,4282.7998046875,4287.5,4282.7998046875,4287.5,185
2026-06-09 17:07:00+00:00,4285.10009765625,4286.10009765625,4283.0,4283.0,213
2026-06-09 17:08:00+00:00,4285.5,4286.60009765625,4283.89990234375,4285.60009765625,204
2026-06-09 17:09:00+00:00,4286.89990234375,4286.89990234375,4284.10009765625,4286.2001953125,75
2026-06-09 17:10:00+00:00,4282.7998046875,4287.10009765625,4281.39990234375,4286.89990234375,302
2026-06-09 17:11:00+00:00,4285.89990234375,4286.5,4281.7998046875,4283.10009765625,167
2026-06-09 17:12:00+00:00,4285.5,4286.60009765625,4284.7001953125,4286.2001953125,71
2026-06-09 17:13:00+00:00,4286.7001953125,4286.7001953125,4284.7001953125,4285.7001953125,99
2026-06-09 17:14:00+00:00,4285.5,4288.39990234375,4284.10009765625,4286.7001953125,363
2026-06-09 17:15:00+00:00,4284.2001953125,4286.10009765625,4283.7998046875,4285.60009765625,264
2026-06-09 17:16:00+00:00,4285.5,4285.5,4282.7001953125,4284.39990234375,182
2026-06-09 17:17:00+00:00,4288.7001953125,4290.0,4285.39990234375,4285.7001953125,243
2026-06-09 17:18:00+00:00,4288.2001953125,4290.0,4287.89990234375,4289.0,298
2026-06-09 17:19:00+00:00,4288.39990234375,4289.10009765625,4287.60009765625,4288.7998046875,151
2026-06-09 17:20:00+00:00,4289.39990234375,4291.7998046875,4286.89990234375,4288.2001953125,472
2026-06-09 17:21:00+00:00,4291.10009765625,4291.39990234375,4287.5,4289.5,210
2026-06-09 17:22:00+00:00,4290.2001953125,4292.0,4289.7001953125,4291.5,199
2026-06-09 17:23:00+00:00,4289.0,4291.60009765625,4287.2998046875,4290.10009765625,283
2026-06-09 17:24:00+00:00,4290.60009765625,4291.2001953125,4287.5,4288.7998046875,167
2026-06-09 17:25:00+00:00,4288.10009765625,4291.10009765625,4287.7998046875,4290.7998046875,235
2026-06-09 17:26:00+00:00,4287.39990234375,4289.39990234375,4286.60009765625,4288.0,136
2026-06-09 17:27:00+00:00,4289.89990234375,4290.39990234375,4287.2001953125,4287.2001953125,188
2026-06-09 17:28:00+00:00,4287.39990234375,4290.7001953125,4286.7998046875,4290.2001953125,332
2026-06-09 17:29:00+00:00,4287.39990234375,4287.7998046875,4284.7998046875,4287.39990234375,1269
2026-06-09 17:30:00+00:00,4285.89990234375,4288.60009765625,4285.7001953125,4287.60009765625,155
2026-06-09 17:31:00+00:00,4287.2998046875,4287.60009765625,4285.2998046875,4286.2998046875,171
2026-06-09 17:32:00+00:00,4288.39990234375,4290.39990234375,4287.10009765625,4287.39990234375,166
2026-06-09 17:33:00+00:00,4287.7001953125,4288.7001953125,4286.60009765625,4288.60009765625,422
2026-06-09 17:34:00+00:00,4290.10009765625,4290.60009765625,4287.5,4287.60009765625,114
2026-06-09 17:35:00+00:00,4287.10009765625,4289.7001953125,4286.10009765625,4289.0,61
2026-06-09 17:36:00+00:00,4288.39990234375,4288.89990234375,4287.10009765625,4287.2001953125,47
2026-06-09 17:37:00+00:00,4288.2998046875,4289.60009765625,4287.5,4288.7001953125,65
2026-06-09 17:38:00+00:00,4290.2001953125,4290.7998046875,4287.2998046875,4287.89990234375,57
2026-06-09 17:39:00+00:00,4287.2998046875,4289.2001953125,4286.89990234375,4289.10009765625,70
2026-06-09 17:40:00+00:00,4287.7998046875,4288.89990234375,4286.2998046875,4286.39990234375,92
2026-06-09 17:41:00+00:00,4289.0,4289.39990234375,4287.7998046875,4287.7998046875,48
2026-06-09 17:42:00+00:00,4289.10009765625,4289.60009765625,4287.89990234375,4288.7998046875,88
2026-06-09 17:43:00+00:00,4291.10009765625,4292.7001953125,4289.0,4289.10009765625,124
2026-06-09 17:44:00+00:00,4289.5,4292.5,4289.39990234375,4291.10009765625,142
2026-06-09 17:45:00+00:00,4289.0,4291.2001953125,4288.7001953125,4289.5,96
2026-06-09 17:46:00+00:00,4284.2001953125,4289.60009765625,4283.7001953125,4289.2001953125,285
2026-06-09 17:47:00+00:00,4282.7001953125,4285.89990234375,4282.7001953125,4284.2998046875,249
2026-06-09 17:48:00+00:00,4283.10009765625,4284.5,4282.2998046875,4282.7001953125,137
2026-06-09 17:49:00+00:00,4281.7001953125,4283.10009765625,4280.60009765625,4283.10009765625,213
2026-06-09 17:50:00+00:00,4281.60009765625,4282.60009765625,4280.2001953125,4281.2998046875,128
2026-06-09 17:51:00+00:00,4282.89990234375,4284.39990234375,4281.0,4281.2998046875,152
2026-06-09 17:52:00+00:00,4282.0,4282.89990234375,4281.10009765625,4282.7998046875,80
2026-06-09 17:53:00+00:00,4281.60009765625,4282.2001953125,4280.39990234375,4281.89990234375,110
2026-06-09 17:54:00+00:00,4282.5,4282.60009765625,4281.2001953125,4281.60009765625,50
2026-06-09 17:55:00+00:00,4285.2001953125,4285.60009765625,4282.2998046875,4282.39990234375,323
2026-06-09 17:56:00+00:00,4284.7998046875,4286.0,4284.0,4285.2001953125,79
2026-06-09 17:57:00+00:00,4286.7998046875,4287.2001953125,4284.7998046875,4285.2998046875,40
2026-06-09 17:58:00+00:00,4288.2998046875,4288.7998046875,4287.10009765625,4287.39990234375,35
2026-06-09 17:59:00+00:00,4287.2001953125,4288.60009765625,4286.7998046875,4288.39990234375,27
2026-06-09 18:00:00+00:00,4288.5,4289.2998046875,4286.7998046875,4287.5,80
2026-06-09 18:01:00+00:00,4287.60009765625,4290.0,4287.5,4288.39990234375,61
2026-06-09 18:02:00+00:00,4287.7001953125,4288.5,4287.7001953125,4288.0,15
2026-06-09 18:03:00+00:00,4284.7001953125,4287.39990234375,4283.60009765625,4287.0,78
2026-06-09 18:04:00+00:00,4286.5,4287.0,4284.39990234375,4285.0,49
2026-06-09 18:05:00+00:00,4286.7001953125,4287.5,4286.2001953125,4286.5,22
2026-06-09 18:06:00+00:00,4285.7001953125,4287.2998046875,4285.0,4287.2998046875,26
2026-06-09 18:07:00+00:00,4288.60009765625,4288.60009765625,4285.60009765625,4285.89990234375,63
2026-06-09 18:08:00+00:00,4288.7001953125,4289.2001953125,4287.7998046875,4288.7001953125,41
2026-06-09 18:09:00+00:00,4291.39990234375,4291.39990234375,4288.0,4288.89990234375,121
2026-06-09 18:10:00+00:00,4289.39990234375,4291.10009765625,4286.89990234375,4291.10009765625,222
2026-06-09 18:11:00+00:00,4288.89990234375,4290.0,4287.0,4289.39990234375,81
2026-06-09 18:12:00+00:00,4289.0,4289.7001953125,4288.60009765625,4289.10009765625,21
2026-06-09 18:13:00+00:00,4288.2998046875,4289.60009765625,4287.5,4289.5,49
2026-06-09 18:14:00+00:00,4289.7001953125,4290.7001953125,4288.7001953125,4288.7998046875,9
2026-06-09 18:15:00+00:00,4289.2001953125,4289.60009765625,4288.5,4289.60009765625,25
2026-06-09 18:16:00+00:00,4288.0,4289.7001953125,4288.0,4289.60009765625,30
2026-06-09 18:17:00+00:00,4289.0,4290.7998046875,4287.0,4288.10009765625,117
2026-06-09 18:18:00+00:00,4293.0,4293.60009765625,4289.2998046875,4289.2998046875,144
2026-06-09 18:19:00+00:00,4294.0,4294.5,4290.7998046875,4293.0,149
2026-06-09 18:20:00+00:00,4293.10009765625,4295.2998046875,4292.0,4293.7001953125,104
2026-06-09 18:21:00+00:00,4293.2001953125,4293.60009765625,4291.7001953125,4293.5,46
2026-06-09 18:22:00+00:00,4295.7001953125,4295.7001953125,4293.0,4293.60009765625,56
2026-06-09 18:23:00+00:00,4298.7001953125,4298.7001953125,4295.0,4295.60009765625,125
2026-06-09 18:24:00+00:00,4297.89990234375,4298.7998046875,4297.2001953125,4298.60009765625,78
2026-06-09 18:25:00+00:00,4294.10009765625,4297.89990234375,4293.7998046875,4297.7998046875,88
2026-06-09 18:26:00+00:00,4292.2998046875,4294.0,4292.2998046875,4293.7998046875,48
2026-06-09 18:27:00+00:00,4294.7998046875,4294.7998046875,4292.2998046875,4292.39990234375,29
2026-06-09 18:28:00+00:00,4295.60009765625,4295.60009765625,4293.2998046875,4294.7001953125,42
2026-06-09 18:29:00+00:00,4295.2001953125,4296.0,4294.5,4295.89990234375,33
2026-06-09 18:30:00+00:00,4296.39990234375,4298.60009765625,4295.0,4295.10009765625,80
2026-06-09 18:31:00+00:00,4296.2001953125,4297.39990234375,4295.7001953125,4297.39990234375,32
2026-06-09 18:32:00+00:00,4293.39990234375,4296.60009765625,4293.2001953125,4296.10009765625,64
2026-06-09 18:33:00+00:00,4294.89990234375,4295.60009765625,4293.7001953125,4294.2001953125,53
2026-06-09 18:34:00+00:00,4295.2998046875,4296.2998046875,4294.60009765625,4295.10009765625,36
2026-06-09 18:35:00+00:00,4293.60009765625,4295.39990234375,4292.7998046875,4295.2998046875,79
2026-06-09 18:36:00+00:00,4295.10009765625,4295.10009765625,4293.2998046875,4293.7001953125,33
2026-06-09 18:37:00+00:00,4293.7998046875,4295.0,4293.7998046875,4295.0,34
2026-06-09 18:38:00+00:00,4294.2001953125,4294.60009765625,4293.7998046875,4294.0,34
2026-06-09 18:39:00+00:00,4293.7998046875,4295.0,4293.7998046875,4294.0,20
2026-06-09 18:40:00+00:00,4293.7998046875,4294.39990234375,4292.7001953125,4293.39990234375,56
2026-06-09 18:41:00+00:00,4292.0,4293.60009765625,4292.0,4293.5,54
2026-06-09 18:42:00+00:00,4290.7998046875,4292.5,4290.7998046875,4292.5,35
2026-06-09 18:43:00+00:00,4289.5,4291.5,4289.0,4291.10009765625,74
2026-06-09 18:44:00+00:00,4288.7001953125,4289.7998046875,4288.0,4289.7998046875,60
2026-06-09 18:45:00+00:00,4289.60009765625,4289.7001953125,4288.7001953125,4288.7001953125,26
2026-06-09 18:46:00+00:00,4287.7998046875,4289.39990234375,4287.7001953125,4289.0,28
2026-06-09 18:47:00+00:00,4287.60009765625,4288.60009765625,4286.5,4287.60009765625,48
2026-06-09 18:48:00+00:00,4288.2998046875,4288.60009765625,4287.7998046875,4288.39990234375,28
2026-06-09 18:49:00+00:00,4289.89990234375,4289.89990234375,4287.39990234375,4288.7998046875,103
2026-06-09 18:50:00+00:00,4289.0,4289.60009765625,4288.5,4289.60009765625,19
2026-06-09 18:51:00+00:00,4289.60009765625,4290.5,4288.60009765625,4289.2998046875,85
2026-06-09 18:52:00+00:00,4291.7998046875,4292.5,4289.2998046875,4289.2998046875,62
2026-06-09 18:53:00+00:00,4291.7001953125,4292.2001953125,4291.5,4291.7998046875,14
2026-06-09 18:54:00+00:00,4290.2998046875,4291.39990234375,4289.7998046875,4291.39990234375,24
2026-06-09 18:55:00+00:00,4292.10009765625,4292.7001953125,4290.10009765625,4290.60009765625,44
2026-06-09 18:56:00+00:00,4293.0,4293.0,4291.89990234375,4292.2001953125,22
2026-06-09 18:57:00+00:00,4293.89990234375,4294.39990234375,4293.2001953125,4293.5,69
2026-06-09 18:58:00+00:00,4295.5,4296.10009765625,4293.89990234375,4294.0,71
2026-06-09 18:59:00+00:00,4294.39990234375,4295.7998046875,4294.10009765625,4295.39990234375,30
2026-06-09 19:00:00+00:00,4291.89990234375,4295.0,4291.5,4294.60009765625,54
2026-06-09 19:01:00+00:00,4292.2001953125,4292.60009765625,4290.7998046875,4292.10009765625,42
2026-06-09 19:02:00+00:00,4293.0,4293.5,4292.0,4292.10009765625,28
2026-06-09 19:03:00+00:00,4293.60009765625,4293.7001953125,4292.5,4292.89990234375,26
2026-06-09 19:04:00+00:00,4294.2001953125,4295.10009765625,4293.7998046875,4293.7998046875,38
2026-06-09 19:05:00+00:00,4294.10009765625,4296.10009765625,4293.7001953125,4294.0,56
2026-06-09 19:06:00+00:00,4291.2001953125,4293.7001953125,4291.0,4293.7001953125,32
2026-06-09 19:07:00+00:00,4291.60009765625,4292.10009765625,4291.39990234375,4291.39990234375,13
2026-06-09 19:08:00+00:00,4291.2001953125,4292.7001953125,4291.2001953125,4292.10009765625,36
2026-06-09 19:09:00+00:00,4289.5,4291.7998046875,4289.2998046875,4291.2998046875,103
2026-06-09 19:10:00+00:00,4288.7001953125,4289.2998046875,4288.10009765625,4289.2998046875,26
2026-06-09 19:11:00+00:00,4286.10009765625,4289.5,4286.0,4288.89990234375,101
2026-06-09 19:12:00+00:00,4285.10009765625,4287.2001953125,4285.0,4286.5,46
2026-06-09 19:13:00+00:00,4285.5,4286.2998046875,4285.0,4285.10009765625,54
2026-06-09 19:14:00+00:00,4283.0,4285.7001953125,4282.2998046875,4285.39990234375,196
2026-06-09 19:15:00+00:00,4280.7998046875,4283.39990234375,4280.7001953125,4282.89990234375,117
2026-06-09 19:16:00+00:00,4280.5,4282.10009765625,4280.5,4280.7998046875,116
2026-06-09 19:17:00+00:00,4281.0,4282.2001953125,4279.89990234375,4280.5,137
2026-06-09 19:18:00+00:00,4279.7001953125,4281.5,4279.2001953125,4281.10009765625,112
2026-06-09 19:19:00+00:00,4279.7001953125,4280.2001953125,4278.7998046875,4279.0,77
2026-06-09 19:20:00+00:00,4278.89990234375,4280.2998046875,4278.10009765625,4279.39990234375,103
2026-06-09 19:21:00+00:00,4279.2998046875,4280.2001953125,4278.60009765625,4278.7998046875,51
2026-06-09 19:22:00+00:00,4277.7998046875,4279.5,4277.10009765625,4279.0,80
2026-06-09 19:23:00+00:00,4278.2001953125,4279.0,4276.7001953125,4277.2001953125,139
2026-06-09 19:24:00+00:00,4279.60009765625,4280.10009765625,4277.89990234375,4278.5,101
2026-06-09 19:25:00+00:00,4278.7998046875,4280.60009765625,4278.5,4279.5,86
2026-06-09 19:26:00+00:00,4278.5,4279.2001953125,4278.2001953125,4278.7001953125,42
2026-06-09 19:27:00+00:00,4280.10009765625,4280.2998046875,4278.39990234375,4278.7998046875,59
2026-06-09 19:28:00+00:00,4281.10009765625,4281.2001953125,4279.7001953125,4280.2998046875,40
2026-06-09 19:29:00+00:00,4281.60009765625,4281.89990234375,4280.60009765625,4281.10009765625,96
2026-06-09 19:30:00+00:00,4281.0,4281.60009765625,4280.2998046875,4281.2001953125,42
2026-06-09 19:31:00+00:00,4282.7998046875,4282.7998046875,4280.5,4281.5,75
2026-06-09 19:32:00+00:00,4283.0,4284.2001953125,4282.7001953125,4282.89990234375,55
2026-06-09 19:33:00+00:00,4281.89990234375,4283.0,4281.5,4283.0,17
2026-06-09 19:34:00+00:00,4283.60009765625,4283.89990234375,4282.0,4282.2998046875,36
2026-06-09 19:35:00+00:00,4283.7001953125,4284.0,4282.5,4283.10009765625,31
2026-06-09 19:36:00+00:00,4281.0,4283.89990234375,4280.2998046875,4283.89990234375,78
2026-06-09 19:37:00+00:00,4281.0,4281.39990234375,4280.2998046875,4281.0,37
2026-06-09 19:38:00+00:00,4279.2001953125,4280.7998046875,4278.89990234375,4280.60009765625,133
2026-06-09 19:39:00+00:00,4278.0,4279.39990234375,4276.7998046875,4279.10009765625,69
2026-06-09 19:40:00+00:00,4275.89990234375,4277.60009765625,4275.89990234375,4277.60009765625,66
2026-06-09 19:41:00+00:00,4275.39990234375,4277.0,4275.2998046875,4276.0,68
2026-06-09 19:42:00+00:00,4276.10009765625,4276.89990234375,4274.2001953125,4275.39990234375,99
2026-06-09 19:43:00+00:00,4275.7998046875,4276.0,4274.7001953125,4276.0,23
2026-06-09 19:44:00+00:00,4275.0,4276.5,4274.7998046875,4275.5,59
2026-06-09 19:45:00+00:00,4275.7998046875,4276.0,4274.7001953125,4275.2998046875,71
2026-06-09 19:46:00+00:00,4274.7998046875,4276.39990234375,4274.7998046875,4275.60009765625,62
2026-06-09 19:47:00+00:00,4274.0,4275.2001953125,4274.0,4274.7001953125,99
2026-06-09 19:48:00+00:00,4274.10009765625,4275.0,4274.0,4274.2998046875,94
2026-06-09 19:49:00+00:00,4275.10009765625,4276.0,4274.2998046875,4274.2998046875,46
2026-06-09 19:50:00+00:00,4281.10009765625,4281.2001953125,4275.2001953125,4275.2001953125,305
2026-06-09 19:51:00+00:00,4281.60009765625,4281.60009765625,4280.2998046875,4280.89990234375,142
2026-06-09 19:52:00+00:00,4281.39990234375,4282.5,4280.89990234375,4280.89990234375,63
2026-06-09 19:53:00+00:00,4282.39990234375,4282.7998046875,4281.2998046875,4281.7998046875,72
2026-06-09 19:54:00+00:00,4283.0,4283.0,4281.2998046875,4282.0,114
2026-06-09 19:55:00+00:00,4281.5,4283.5,4280.7001953125,4283.10009765625,79
2026-06-09 19:56:00+00:00,4281.10009765625,4283.5,4280.0,4281.2998046875,217
2026-06-09 19:57:00+00:00,4281.2001953125,4281.7001953125,4280.60009765625,4281.10009765625,61
2026-06-09 19:58:00+00:00,4282.10009765625,4282.89990234375,4281.10009765625,4281.60009765625,75
2026-06-09 19:59:00+00:00,4282.7001953125,4283.2998046875,4281.7998046875,4282.10009765625,192
2026-06-09 20:00:00+00:00,4281.89990234375,4283.0,4280.89990234375,4282.7998046875,99
2026-06-09 20:01:00+00:00,4280.60009765625,4282.0,4280.60009765625,4281.5,41
2026-06-09 20:02:00+00:00,4280.7001953125,4281.2001953125,4280.0,4281.0,25
2026-06-09 20:03:00+00:00,4282.7001953125,4282.7001953125,4280.60009765625,4280.60009765625,27
2026-06-09 20:04:00+00:00,4284.89990234375,4285.2001953125,4282.7001953125,4282.89990234375,71
2026-06-09 20:05:00+00:00,4283.60009765625,4285.0,4283.5,4284.89990234375,24
2026-06-09 20:06:00+00:00,4282.2001953125,4283.5,4282.10009765625,4283.5,24
2026-06-09 20:07:00+00:00,4281.89990234375,4282.5,4281.89990234375,4282.10009765625,12
2026-06-09 20:08:00+00:00,4281.60009765625,4281.89990234375,4281.5,4281.7001953125,11
2026-06-09 20:09:00+00:00,4281.89990234375,4282.0,4281.7001953125,4282.0,6
2026-06-09 20:10:00+00:00,4281.2998046875,4281.89990234375,4280.89990234375,4281.89990234375,11
2026-06-09 20:11:00+00:00,4282.39990234375,4282.5,4281.7001953125,4281.7001953125,14
2026-06-09 20:12:00+00:00,4282.60009765625,4282.60009765625,4281.89990234375,4281.89990234375,7
2026-06-09 20:13:00+00:00,4282.7001953125,4282.7998046875,4282.10009765625,4282.2998046875,14
2026-06-09 20:14:00+00:00,4282.39990234375,4283.2998046875,4281.89990234375,4282.7998046875,19
2026-06-09 20:15:00+00:00,4283.7001953125,4284.5,4282.0,4282.0,62
2026-06-09 20:16:00+00:00,4283.5,4283.60009765625,4283.5,4283.60009765625,4
2026-06-09 20:17:00+00:00,4283.89990234375,4284.0,4283.60009765625,4284.0,5
2026-06-09 20:18:00+00:00,4283.39990234375,4284.5,4283.2998046875,4283.89990234375,22
2026-06-09 20:19:00+00:00,4283.0,4283.0,4283.0,4283.0,2
2026-06-09 20:20:00+00:00,4282.7998046875,4282.89990234375,4282.7998046875,4282.7998046875,5
2026-06-09 20:21:00+00:00,4283.2001953125,4283.39990234375,4282.7001953125,4282.7001953125,37
2026-06-09 20:22:00+00:00,4283.39990234375,4283.7998046875,4283.39990234375,4283.39990234375,8
2026-06-09 20:23:00+00:00,4282.0,4282.7998046875,4282.0,4282.7998046875,9
2026-06-09 20:24:00+00:00,4282.2001953125,4282.60009765625,4281.7998046875,4282.10009765625,17
2026-06-09 20:25:00+00:00,4282.89990234375,4282.89990234375,4282.10009765625,4282.39990234375,6
2026-06-09 20:26:00+00:00,4282.89990234375,4283.0,4282.89990234375,4282.89990234375,5
2026-06-09 20:27:00+00:00,4283.7001953125,4284.0,4283.0,4283.0,13
2026-06-09 20:28:00+00:00,4283.60009765625,4283.60009765625,4283.2998046875,4283.5,4
2026-06-09 20:29:00+00:00,4283.0,4283.39990234375,4282.2998046875,4283.39990234375,24
2026-06-09 20:30:00+00:00,4282.2001953125,4283.2001953125,4282.2001953125,4283.0,25
2026-06-09 20:31:00+00:00,4282.10009765625,4282.10009765625,4281.89990234375,4281.89990234375,9
2026-06-09 20:32:00+00:00,4281.7998046875,4282.2998046875,4281.7001953125,4282.2998046875,9
2026-06-09 20:33:00+00:00,4282.2001953125,4282.5,4282.2001953125,4282.39990234375,4
2026-06-09 20:34:00+00:00,4281.7998046875,4282.2001953125,4281.7998046875,4282.2001953125,4
2026-06-09 20:35:00+00:00,4282.7001953125,4282.7001953125,4282.0,4282.0,3
2026-06-09 20:36:00+00:00,4282.7998046875,4283.10009765625,4282.60009765625,4282.60009765625,10
2026-06-09 20:37:00+00:00,4284.60009765625,4285.0,4283.0,4283.0,54
2026-06-09 20:38:00+00:00,4284.2001953125,4284.7001953125,4283.7998046875,4284.7001953125,10
2026-06-09 20:39:00+00:00,4284.5,4284.5,4283.7998046875,4284.2001953125,14
2026-06-09 20:40:00+00:00,4285.5,4285.5,4284.2998046875,4284.5,50
2026-06-09 20:41:00+00:00,4285.10009765625,4285.60009765625,4285.10009765625,4285.2001953125,10
2026-06-09 20:42:00+00:00,4285.10009765625,4285.89990234375,4285.10009765625,4285.5,13
2026-06-09 20:43:00+00:00,4285.7001953125,4285.7998046875,4285.10009765625,4285.10009765625,9
2026-06-09 20:44:00+00:00,4285.2998046875,4285.60009765625,4285.0,4285.39990234375,32
2026-06-09 20:45:00+00:00,4285.7001953125,4286.10009765625,4285.5,4285.5,18
2026-06-09 20:46:00+00:00,4285.2998046875,4285.89990234375,4285.10009765625,4285.7998046875,29
2026-06-09 20:47:00+00:00,4284.60009765625,4285.2998046875,4284.60009765625,4285.2001953125,17
2026-06-09 20:48:00+00:00,4284.89990234375,4284.89990234375,4284.5,4284.7001953125,9
2026-06-09 20:49:00+00:00,4285.60009765625,4285.60009765625,4285.0,4285.0,3
2026-06-09 20:50:00+00:00,4284.7001953125,4285.89990234375,4284.5,4285.7998046875,23
2026-06-09 20:51:00+00:00,4284.60009765625,4284.60009765625,4284.60009765625,4284.60009765625,3
2026-06-09 20:52:00+00:00,4284.10009765625,4284.7998046875,4284.10009765625,4284.60009765625,9
2026-06-09 20:53:00+00:00,4284.2998046875,4284.39990234375,4284.0,4284.0,12
2026-06-09 20:54:00+00:00,4284.5,4284.5,4283.7998046875,4284.39990234375,18
2026-06-09 20:55:00+00:00,4283.89990234375,4284.7001953125,4283.89990234375,4284.39990234375,49
2026-06-09 20:56:00+00:00,4284.39990234375,4284.39990234375,4284.2998046875,4284.2998046875,3
2026-06-09 20:57:00+00:00,4284.2998046875,4284.2998046875,4284.10009765625,4284.2998046875,4
2026-06-09 20:58:00+00:00,4283.5,4284.39990234375,4283.5,4284.10009765625,24
2026-06-09 20:59:00+00:00,4284.7998046875,4284.89990234375,4283.39990234375,4283.39990234375,52
2026-06-09 22:00:00+00:00,4279.5,4281.10009765625,4270.2998046875,4276.10009765625,0
2026-06-09 22:01:00+00:00,4277.89990234375,4280.5,4275.7998046875,4278.89990234375,119
2026-06-09 22:02:00+00:00,4275.5,4279.2001953125,4275.5,4278.0,60
2026-06-09 22:03:00+00:00,4277.2998046875,4278.5,4274.39990234375,4274.60009765625,39
2026-06-09 22:04:00+00:00,4278.89990234375,4279.5,4277.89990234375,4277.89990234375,20
2026-06-09 22:05:00+00:00,4277.2998046875,4280.89990234375,4277.2998046875,4279.0,47
2026-06-09 22:06:00+00:00,4275.7998046875,4277.0,4274.60009765625,4277.0,40
2026-06-09 22:07:00+00:00,4277.10009765625,4277.10009765625,4276.39990234375,4276.60009765625,11
2026-06-09 22:08:00+00:00,4276.2998046875,4276.7001953125,4275.5,4276.7001953125,15
2026-06-09 22:09:00+00:00,4277.0,4277.0,4276.5,4276.89990234375,4
2026-06-09 22:10:00+00:00,4279.5,4279.60009765625,4277.39990234375,4277.7001953125,7
2026-06-09 22:11:00+00:00,4279.89990234375,4280.60009765625,4279.0,4279.2998046875,19
2026-06-09 22:12:00+00:00,4279.2001953125,4279.89990234375,4278.89990234375,4279.89990234375,11
2026-06-09 22:13:00+00:00,4279.39990234375,4279.39990234375,4278.39990234375,4279.39990234375,26
2026-06-09 22:14:00+00:00,4279.39990234375,4279.89990234375,4278.7998046875,4279.89990234375,16
2026-06-09 22:15:00+00:00,4279.7001953125,4279.89990234375,4278.60009765625,4279.39990234375,20
2026-06-09 22:16:00+00:00,4279.7001953125,4279.7001953125,4278.7001953125,4279.10009765625,8
2026-06-09 22:17:00+00:00,4277.2001953125,4279.60009765625,4276.5,4279.60009765625,35
2026-06-09 22:18:00+00:00,4277.10009765625,4277.5,4277.10009765625,4277.5,4
2026-06-09 22:19:00+00:00,4277.2998046875,4277.7998046875,4276.7998046875,4277.7998046875,17
2026-06-09 22:20:00+00:00,4279.2001953125,4279.2001953125,4277.39990234375,4277.39990234375,53
2026-06-09 22:21:00+00:00,4277.5,4279.0,4277.5,4279.0,29
2026-06-09 22:22:00+00:00,4278.5,4280.10009765625,4277.2998046875,4277.5,102
2026-06-09 22:23:00+00:00,4278.10009765625,4278.39990234375,4277.60009765625,4278.2001953125,21
2026-06-09 22:24:00+00:00,4277.7998046875,4278.7001953125,4277.5,4278.10009765625,39
2026-06-09 22:25:00+00:00,4277.2998046875,4278.39990234375,4276.7998046875,4277.60009765625,49
2026-06-09 22:26:00+00:00,4278.2001953125,4278.2001953125,4277.0,4277.10009765625,6
2026-06-09 22:27:00+00:00,4279.89990234375,4280.0,4278.0,4278.0,21
2026-06-09 22:28:00+00:00,4279.2001953125,4279.89990234375,4278.2998046875,4279.89990234375,35
2026-06-09 22:29:00+00:00,4280.60009765625,4280.60009765625,4279.7001953125,4279.7001953125,9
2026-06-09 22:30:00+00:00,4279.0,4280.89990234375,4278.10009765625,4280.5,79
2026-06-09 22:31:00+00:00,4280.0,4281.0,4278.7998046875,4278.7998046875,31
2026-06-09 22:32:00+00:00,4280.89990234375,4281.0,4279.2998046875,4279.5,63
2026-06-09 22:33:00+00:00,4279.7998046875,4280.39990234375,4279.7001953125,4280.2998046875,9
2026-06-09 22:34:00+00:00,4276.89990234375,4279.7998046875,4275.7998046875,4279.7998046875,68
2026-06-09 22:35:00+00:00,4276.5,4278.2998046875,4276.5,4277.2001953125,32
2026-06-09 22:36:00+00:00,4275.60009765625,4276.89990234375,4275.2998046875,4276.39990234375,21
2026-06-09 22:37:00+00:00,4274.0,4276.10009765625,4273.7998046875,4275.7001953125,63
2026-06-09 22:38:00+00:00,4275.0,4275.39990234375,4273.7001953125,4274.39990234375,65
2026-06-09 22:39:00+00:00,4276.7001953125,4276.89990234375,4274.5,4275.10009765625,87
2026-06-09 22:40:00+00:00,4278.39990234375,4278.60009765625,4276.5,4276.5,122
2026-06-09 22:41:00+00:00,4273.60009765625,4278.7001953125,4273.0,4278.39990234375,254
2026-06-09 22:42:00+00:00,4273.5,4275.0,4273.5,4274.0,24
2026-06-09 22:43:00+00:00,4274.7001953125,4274.7001953125,4270.7001953125,4273.89990234375,65
2026-06-09 22:44:00+00:00,4272.39990234375,4276.2998046875,4272.2001953125,4274.7001953125,160
2026-06-09 22:45:00+00:00,4269.5,4273.39990234375,4269.0,4272.89990234375,327
2026-06-09 22:46:00+00:00,4268.10009765625,4270.7001953125,4267.7001953125,4269.60009765625,291
2026-06-09 22:47:00+00:00,4263.2998046875,4268.5,4262.7001953125,4267.89990234375,244
2026-06-09 22:48:00+00:00,4266.5,4267.39990234375,4263.7001953125,4263.7001953125,116
2026-06-09 22:49:00+00:00,4262.39990234375,4266.89990234375,4259.10009765625,4266.2001953125,408
2026-06-09 22:50:00+00:00,4261.5,4264.60009765625,4261.5,4262.7998046875,82
2026-06-09 22:51:00+00:00,4257.5,4261.7998046875,4256.7001953125,4261.60009765625,183
2026-06-09 22:52:00+00:00,4256.89990234375,4257.39990234375,4255.39990234375,4257.2001953125,167
2026-06-09 22:53:00+00:00,4258.89990234375,4260.0,4257.0,4257.0,66
2026-06-09 22:54:00+00:00,4257.7998046875,4259.7001953125,4256.89990234375,4258.89990234375,37
2026-06-09 22:55:00+00:00,4259.39990234375,4260.10009765625,4258.60009765625,4258.60009765625,28
2026-06-09 22:56:00+00:00,4260.10009765625,4260.2998046875,4258.7998046875,4259.7998046875,46
2026-06-09 22:57:00+00:00,4259.5,4260.5,4258.7001953125,4260.2998046875,41
2026-06-09 22:58:00+00:00,4258.39990234375,4259.7998046875,4257.39990234375,4259.7998046875,36
2026-06-09 22:59:00+00:00,4260.39990234375,4261.5,4259.2998046875,4259.2998046875,39
2026-06-09 23:00:00+00:00,4262.5,4262.7001953125,4259.2001953125,4260.10009765625,40
2026-06-09 23:01:00+00:00,4261.60009765625,4262.2001953125,4260.89990234375,4262.2001953125,47
2026-06-09 23:02:00+00:00,4265.7001953125,4265.7998046875,4261.10009765625,4261.10009765625,81
2026-06-09 23:03:00+00:00,4269.2001953125,4269.7001953125,4266.0,4266.0,146
2026-06-09 23:04:00+00:00,4269.2998046875,4269.60009765625,4268.89990234375,4269.2001953125,35
2026-06-09 23:05:00+00:00,4268.60009765625,4270.60009765625,4268.60009765625,4269.2001953125,49
2026-06-09 23:06:00+00:00,4269.39990234375,4269.60009765625,4267.39990234375,4268.0,73
2026-06-09 23:07:00+00:00,4268.0,4268.7001953125,4266.89990234375,4268.60009765625,68
2026-06-09 23:08:00+00:00,4267.2001953125,4268.60009765625,4266.5,4268.0,34
2026-06-09 23:09:00+00:00,4264.89990234375,4266.5,4264.89990234375,4266.2001953125,30
2026-06-09 23:10:00+00:00,4265.2998046875,4266.10009765625,4264.5,4264.7001953125,64
2026-06-09 23:11:00+00:00,4264.2001953125,4265.2001953125,4263.60009765625,4265.0,28
2026-06-09 23:12:00+00:00,4262.10009765625,4265.60009765625,4260.7998046875,4264.7001953125,87
2026-06-09 23:13:00+00:00,4260.60009765625,4263.60009765625,4260.39990234375,4261.89990234375,68
2026-06-09 23:14:00+00:00,4259.0,4260.89990234375,4258.89990234375,4260.39990234375,109
2026-06-09 23:15:00+00:00,4256.2998046875,4259.5,4254.7001953125,4259.5,215
2026-06-09 23:16:00+00:00,4256.0,4258.2998046875,4255.7001953125,4256.2998046875,108
2026-06-09 23:17:00+00:00,4252.2998046875,4256.10009765625,4251.7001953125,4255.7001953125,282
2026-06-09 23:18:00+00:00,4252.5,4253.39990234375,4250.2998046875,4252.0,93
2026-06-09 23:19:00+00:00,4256.0,4256.2001953125,4252.60009765625,4252.60009765625,165
2026-06-09 23:20:00+00:00,4257.2001953125,4257.39990234375,4255.2001953125,4255.7001953125,58
2026-06-09 23:21:00+00:00,4255.7998046875,4257.5,4255.7998046875,4256.89990234375,28
2026-06-09 23:22:00+00:00,4254.89990234375,4256.7001953125,4254.7998046875,4256.2998046875,35
2026-06-09 23:23:00+00:00,4251.0,4256.0,4247.2001953125,4254.89990234375,280
2026-06-09 23:24:00+00:00,4250.2001953125,4252.2001953125,4249.7998046875,4250.2998046875,49
2026-06-09 23:25:00+00:00,4248.2001953125,4251.0,4247.89990234375,4250.7001953125,101
2026-06-09 23:26:00+00:00,4248.89990234375,4249.60009765625,4247.7998046875,4248.5,38
2026-06-09 23:27:00+00:00,4247.39990234375,4248.39990234375,4245.60009765625,4248.39990234375,93
2026-06-09 23:28:00+00:00,4249.89990234375,4250.2998046875,4247.7001953125,4247.7001953125,37
2026-06-09 23:29:00+00:00,4247.2001953125,4249.2998046875,4246.39990234375,4249.2998046875,42
2026-06-09 23:30:00+00:00,4245.5,4247.89990234375,4245.0,4247.60009765625,81
2026-06-09 23:31:00+00:00,4245.39990234375,4247.0,4244.60009765625,4245.0,76
2026-06-09 23:32:00+00:00,4251.0,4252.7001953125,4245.7001953125,4245.7001953125,95
2026-06-09 23:33:00+00:00,4249.7998046875,4251.2998046875,4249.60009765625,4250.60009765625,45
2026-06-09 23:34:00+00:00,4248.7001953125,4250.5,4247.89990234375,4250.10009765625,55
2026-06-09 23:35:00+00:00,4245.10009765625,4249.10009765625,4244.7998046875,4248.89990234375,46
2026-06-09 23:36:00+00:00,4245.5,4246.60009765625,4244.5,4245.7001953125,66
2026-06-09 23:37:00+00:00,4245.10009765625,4245.7001953125,4245.0,4245.39990234375,32
2026-06-09 23:38:00+00:00,4245.0,4245.89990234375,4244.60009765625,4245.0,25
2026-06-09 23:39:00+00:00,4245.2001953125,4246.5,4244.2998046875,4245.2998046875,56
2026-06-09 23:40:00+00:00,4244.5,4245.2998046875,4243.7001953125,4245.2001953125,41
2026-06-09 23:41:00+00:00,4244.10009765625,4246.0,4244.10009765625,4244.60009765625,54
2026-06-09 23:42:00+00:00,4245.10009765625,4245.89990234375,4244.0,4244.5,65
2026-06-09 23:43:00+00:00,4242.89990234375,4247.39990234375,4242.10009765625,4245.2001953125,178
2026-06-09 23:44:00+00:00,4241.5,4243.39990234375,4239.2001953125,4243.0,411
2026-06-09 23:45:00+00:00,4236.7001953125,4240.89990234375,4234.39990234375,4240.7001953125,302
2026-06-09 23:46:00+00:00,4237.89990234375,4240.10009765625,4236.2001953125,4236.7001953125,222
2026-06-09 23:47:00+00:00,4239.89990234375,4240.2001953125,4235.60009765625,4237.39990234375,85
2026-06-09 23:48:00+00:00,4239.5,4239.89990234375,4238.7998046875,4239.7001953125,42
2026-06-09 23:49:00+00:00,4235.7998046875,4239.2998046875,4234.5,4239.2998046875,66
2026-06-09 23:50:00+00:00,4238.0,4238.89990234375,4236.10009765625,4236.39990234375,84
2026-06-09 23:51:00+00:00,4236.89990234375,4236.89990234375,4233.0,4236.5,112
2026-06-09 23:52:00+00:00,4238.2001953125,4238.2001953125,4235.60009765625,4236.2001953125,79
2026-06-09 23:53:00+00:00,4243.0,4243.60009765625,4238.2998046875,4238.39990234375,200
2026-06-09 23:54:00+00:00,4243.7001953125,4243.89990234375,4239.89990234375,4242.7998046875,58
2026-06-09 23:55:00+00:00,4247.2001953125,4247.2001953125,4243.60009765625,4243.60009765625,83
2026-06-09 23:56:00+00:00,4245.2998046875,4247.5,4244.7001953125,4246.7001953125,46
2026-06-09 23:57:00+00:00,4243.5,4245.2001953125,4243.2998046875,4245.10009765625,38
2026-06-09 23:58:00+00:00,4241.5,4243.0,4240.7001953125,4243.0,23
2026-06-09 23:59:00+00:00,4245.10009765625,4245.5,4241.60009765625,4241.7001953125,21
2026-06-10 00:00:00+00:00,4246.5,4247.39990234375,4243.7998046875,4245.2001953125,124
2026-06-10 00:01:00+00:00,4242.0,4246.39990234375,4242.0,4245.7001953125,50
2026-06-10 00:02:00+00:00,4244.39990234375,4246.10009765625,4241.39990234375,4241.89990234375,71
2026-06-10 00:03:00+00:00,4244.2001953125,4246.39990234375,4244.2001953125,4245.5,18
2026-06-10 00:04:00+00:00,4243.2001953125,4245.7001953125,4242.89990234375,4243.89990234375,31
2026-06-10 00:05:00+00:00,4249.2001953125,4249.39990234375,4242.39990234375,4243.7998046875,54
2026-06-10 00:06:00+00:00,4248.5,4249.39990234375,4246.7998046875,4249.39990234375,65
2026-06-10 00:07:00+00:00,4248.89990234375,4249.10009765625,4246.5,4247.7998046875,37
2026-06-10 00:08:00+00:00,4245.10009765625,4248.7001953125,4244.5,4248.10009765625,47
2026-06-10 00:09:00+00:00,4247.89990234375,4248.7001953125,4242.5,4244.89990234375,43
2026-06-10 00:10:00+00:00,4245.2998046875,4247.7998046875,4244.7998046875,4247.10009765625,23
2026-06-10 00:11:00+00:00,4245.2998046875,4246.7001953125,4244.60009765625,4244.60009765625,17
2026-06-10 00:12:00+00:00,4242.89990234375,4244.5,4242.39990234375,4243.7998046875,41
2026-06-10 00:13:00+00:00,4241.10009765625,4242.60009765625,4239.5,4242.60009765625,125
2026-06-10 00:14:00+00:00,4248.2998046875,4248.2998046875,4241.2001953125,4241.39990234375,70
2026-06-10 00:15:00+00:00,4243.89990234375,4247.60009765625,4243.7998046875,4247.2998046875,62
2026-06-10 00:16:00+00:00,4242.2998046875,4244.5,4241.5,4243.5,43
2026-06-10 00:17:00+00:00,4246.89990234375,4246.89990234375,4242.5,4242.5,51
2026-06-10 00:18:00+00:00,4245.5,4246.60009765625,4244.10009765625,4246.60009765625,25
2026-06-10 00:19:00+00:00,4249.7001953125,4251.10009765625,4245.39990234375,4245.7998046875,142
2026-06-10 00:20:00+00:00,4249.5,4250.7998046875,4249.0,4249.0,66
2026-06-10 00:21:00+00:00,4248.7001953125,4249.2001953125,4247.0,4248.10009765625,33
2026-06-10 00:22:00+00:00,4250.2001953125,4250.2001953125,4247.2998046875,4248.2998046875,42
2026-06-10 00:23:00+00:00,4248.39990234375,4250.2001953125,4244.7998046875,4250.2001953125,45
2026-06-10 00:24:00+00:00,4247.7998046875,4248.39990234375,4246.60009765625,4248.39990234375,42
2026-06-10 00:25:00+00:00,4244.2998046875,4247.5,4244.2998046875,4247.5,29
2026-06-10 00:26:00+00:00,4244.0,4244.89990234375,4241.5,4244.5,53
2026-06-10 00:27:00+00:00,4246.39990234375,4246.60009765625,4242.7998046875,4243.7998046875,49
2026-06-10 00:28:00+00:00,4247.10009765625,4247.39990234375,4245.0,4245.5,58
2026-06-10 00:29:00+00:00,4240.60009765625,4247.0,4240.60009765625,4247.0,93
2026-06-10 00:30:00+00:00,4238.0,4241.89990234375,4236.10009765625,4241.10009765625,275
2026-06-10 00:31:00+00:00,4238.2998046875,4239.2998046875,4236.7998046875,4237.7998046875,60
2026-06-10 00:32:00+00:00,4231.60009765625,4237.89990234375,4230.60009765625,4237.89990234375,212
2026-06-10 00:33:00+00:00,4230.39990234375,4232.60009765625,4229.5,4232.10009765625,107
2026-06-10 00:34:00+00:00,4229.2998046875,4232.2998046875,4228.60009765625,4230.0,137
2026-06-10 00:35:00+00:00,4230.39990234375,4232.39990234375,4228.5,4229.0,152
2026-06-10 00:36:00+00:00,4228.39990234375,4230.2998046875,4228.10009765625,4229.7998046875,174
2026-06-10 00:37:00+00:00,4225.10009765625,4228.7001953125,4224.7998046875,4228.7001953125,411
2026-06-10 00:38:00+00:00,4231.7001953125,4232.89990234375,4225.60009765625,4225.60009765625,120
2026-06-10 00:39:00+00:00,4231.2998046875,4232.2001953125,4229.10009765625,4231.2001953125,149
2026-06-10 00:40:00+00:00,4229.2001953125,4231.2998046875,4228.89990234375,4230.89990234375,48
2026-06-10 00:41:00+00:00,4228.7998046875,4230.5,4227.7998046875,4229.10009765625,76
2026-06-10 00:42:00+00:00,4226.5,4228.89990234375,4224.7998046875,4228.89990234375,74
2026-06-10 00:43:00+00:00,4223.2001953125,4226.60009765625,4223.2001953125,4226.2998046875,164
2026-06-10 00:44:00+00:00,4227.7998046875,4227.7998046875,4222.0,4223.0,274
2026-06-10 00:45:00+00:00,4229.2998046875,4229.5,4226.2998046875,4228.0,116
2026-06-10 00:46:00+00:00,4227.10009765625,4229.5,4226.60009765625,4229.5,43
2026-06-10 00:47:00+00:00,4228.2998046875,4229.0,4225.7998046875,4226.5,59
2026-06-10 00:48:00+00:00,4224.7998046875,4228.2001953125,4224.7001953125,4227.60009765625,125
2026-06-10 00:49:00+00:00,4227.10009765625,4227.60009765625,4223.39990234375,4224.7998046875,87
2026-06-10 00:50:00+00:00,4225.2001953125,4228.5,4224.2001953125,4227.0,102
2026-06-10 00:51:00+00:00,4226.10009765625,4226.39990234375,4224.10009765625,4224.5,45
2026-06-10 00:52:00+00:00,4229.0,4229.89990234375,4225.7001953125,4225.89990234375,123
2026-06-10 00:53:00+00:00,4231.60009765625,4232.0,4228.2001953125,4229.0,66
2026-06-10 00:54:00+00:00,4231.0,4232.2001953125,4229.5,4231.5,56
2026-06-10 00:55:00+00:00,4233.0,4235.0,4231.39990234375,4231.39990234375,97
2026-06-10 00:56:00+00:00,4235.89990234375,4236.10009765625,4232.89990234375,4233.2001953125,66
2026-06-10 00:57:00+00:00,4236.10009765625,4236.89990234375,4234.10009765625,4235.10009765625,89
2026-06-10 00:58:00+00:00,4242.0,4242.2001953125,4235.7998046875,4236.0,318
2026-06-10 00:59:00+00:00,4241.60009765625,4244.10009765625,4240.10009765625,4242.10009765625,223
2026-06-10 01:00:00+00:00,4237.7998046875,4242.5,4229.89990234375,4242.2001953125,417
2026-06-10 01:01:00+00:00,4226.7998046875,4239.0,4226.2998046875,4237.60009765625,222
2026-06-10 01:02:00+00:00,4226.2001953125,4231.5,4223.10009765625,4226.2001953125,243
2026-06-10 01:03:00+00:00,4220.7998046875,4227.2998046875,4220.7001953125,4226.7001953125,425
2026-06-10 01:04:00+00:00,4218.0,4224.39990234375,4218.0,4221.2998046875,606
2026-06-10 01:05:00+00:00,4211.5,4218.5,4211.10009765625,4218.0,712
2026-06-10 01:06:00+00:00,4221.89990234375,4222.2001953125,4210.7001953125,4211.2998046875,343
2026-06-10 01:07:00+00:00,4218.7998046875,4223.5,4217.2001953125,4221.7998046875,101
2026-06-10 01:08:00+00:00,4221.5,4222.0,4217.2001953125,4218.2001953125,95
2026-06-10 01:09:00+00:00,4218.89990234375,4223.39990234375,4218.10009765625,4221.39990234375,81
2026-06-10 01:10:00+00:00,4219.7001953125,4220.2001953125,4217.5,4219.7001953125,78
2026-06-10 01:11:00+00:00,4224.7998046875,4226.0,4220.2998046875,4220.2998046875,91
2026-06-10 01:12:00+00:00,4227.7998046875,4228.2998046875,4223.5,4224.2001953125,81
2026-06-10 01:13:00+00:00,4227.5,4230.7001953125,4227.5,4228.0,89
2026-06-10 01:14:00+00:00,4227.2998046875,4228.7998046875,4226.0,4227.2001953125,61
2026-06-10 01:15:00+00:00,4228.5,4229.89990234375,4224.2998046875,4226.7998046875,123
2026-06-10 01:16:00+00:00,4235.0,4235.10009765625,4227.7001953125,4228.60009765625,187
2026-06-10 01:17:00+00:00,4239.7001953125,4239.7001953125,4233.7001953125,4234.39990234375,169
2026-06-10 01:18:00+00:00,4238.7001953125,4240.2998046875,4237.60009765625,4239.2001953125,92
2026-06-10 01:19:00+00:00,4237.10009765625,4240.2001953125,4236.10009765625,4238.60009765625,55
2026-06-10 01:20:00+00:00,4230.0,4236.89990234375,4229.7998046875,4236.89990234375,127
2026-06-10 01:21:00+00:00,4230.7998046875,4232.2998046875,4229.39990234375,4230.10009765625,98
2026-06-10 01:22:00+00:00,4230.7001953125,4231.39990234375,4229.10009765625,4230.89990234375,39
2026-06-10 01:23:00+00:00,4229.39990234375,4230.89990234375,4228.2998046875,4230.89990234375,31
2026-06-10 01:24:00+00:00,4224.5,4230.10009765625,4223.0,4229.2998046875,95
2026-06-10 01:25:00+00:00,4222.89990234375,4225.89990234375,4221.2001953125,4225.0,101
2026-06-10 01:26:00+00:00,4224.2001953125,4224.7998046875,4221.39990234375,4223.5,56
2026-06-10 01:27:00+00:00,4226.10009765625,4226.10009765625,4222.0,4223.5,39
2026-06-10 01:28:00+00:00,4226.0,4228.2998046875,4225.2998046875,4226.2998046875,28
2026-06-10 01:29:00+00:00,4225.5,4226.7998046875,4223.39990234375,4226.7998046875,74
2026-06-10 01:30:00+00:00,4221.10009765625,4227.10009765625,4220.39990234375,4224.7998046875,115
2026-06-10 01:31:00+00:00,4223.7001953125,4226.60009765625,4220.5,4220.5,66
2026-06-10 01:32:00+00:00,4225.0,4228.7001953125,4223.39990234375,4223.39990234375,62
2026-06-10 01:33:00+00:00,4223.10009765625,4225.0,4220.10009765625,4224.89990234375,73
2026-06-10 01:34:00+00:00,4226.10009765625,4226.60009765625,4221.5,4223.39990234375,37
2026-06-10 01:35:00+00:00,4224.60009765625,4226.2998046875,4223.5,4226.2998046875,45
2026-06-10 01:36:00+00:00,4226.39990234375,4226.39990234375,4221.39990234375,4224.2998046875,172
2026-06-10 01:37:00+00:00,4224.5,4227.0,4223.0,4226.2998046875,203
2026-06-10 01:38:00+00:00,4226.89990234375,4227.39990234375,4222.7998046875,4225.0,77
2026-06-10 01:39:00+00:00,4225.10009765625,4230.5,4224.2998046875,4226.89990234375,167
2026-06-10 01:40:00+00:00,4220.60009765625,4226.10009765625,4220.2998046875,4224.39990234375,211
2026-06-10 01:41:00+00:00,4217.0,4221.7001953125,4216.2001953125,4220.7001953125,171
2026-06-10 01:42:00+00:00,4211.5,4216.7998046875,4209.0,4216.7001953125,458
2026-06-10 01:43:00+00:00,4208.7001953125,4211.89990234375,4208.2001953125,4211.7001953125,238
2026-06-10 01:44:00+00:00,4210.7001953125,4211.2998046875,4208.5,4209.0,96
2026-06-10 01:45:00+00:00,4210.7001953125,4214.89990234375,4210.7001953125,4211.0,118
2026-06-10 01:46:00+00:00,4209.39990234375,4210.89990234375,4208.2001953125,4210.39990234375,72
2026-06-10 01:47:00+00:00,4208.39990234375,4210.7001953125,4208.39990234375,4209.60009765625,36
2026-06-10 01:48:00+00:00,4214.39990234375,4215.39990234375,4207.7001953125,4208.7001953125,131
2026-06-10 01:49:00+00:00,4216.0,4217.39990234375,4214.5,4215.39990234375,86
2026-06-10 01:50:00+00:00,4214.2998046875,4219.39990234375,4214.2998046875,4215.89990234375,70
2026-06-10 01:51:00+00:00,4210.7998046875,4214.7001953125,4208.39990234375,4214.7001953125,112
2026-06-10 01:52:00+00:00,4210.0,4212.7998046875,4207.2001953125,4210.60009765625,252
2026-06-10 01:53:00+00:00,4212.5,4213.0,4209.89990234375,4210.39990234375,58
2026-06-10 01:54:00+00:00,4216.39990234375,4216.39990234375,4212.39990234375,4212.89990234375,128
2026-06-10 01:55:00+00:00,4213.7001953125,4216.5,4213.0,4215.39990234375,90
2026-06-10 01:56:00+00:00,4213.7001953125,4216.0,4213.0,4213.0,56
2026-06-10 01:57:00+00:00,4213.5,4214.10009765625,4212.10009765625,4214.10009765625,23
2026-06-10 01:58:00+00:00,4211.2998046875,4213.0,4210.7001953125,4213.0,81
2026-06-10 01:59:00+00:00,4212.2001953125,4212.7998046875,4211.2001953125,4211.7001953125,32
2026-06-10 02:00:00+00:00,4213.89990234375,4215.7998046875,4212.39990234375,4212.89990234375,36
2026-06-10 02:01:00+00:00,4213.7001953125,4213.7998046875,4212.0,4212.7001953125,43
2026-06-10 02:02:00+00:00,4212.7998046875,4214.60009765625,4212.7001953125,4214.39990234375,32
2026-06-10 02:03:00+00:00,4209.0,4212.89990234375,4208.7001953125,4212.5,176
2026-06-10 02:04:00+00:00,4210.7001953125,4210.7998046875,4207.2001953125,4208.7998046875,82
2026-06-10 02:05:00+00:00,4207.7998046875,4210.2998046875,4206.89990234375,4210.2998046875,72
2026-06-10 02:06:00+00:00,4206.2998046875,4207.89990234375,4205.2001953125,4207.89990234375,188
2026-06-10 02:07:00+00:00,4205.89990234375,4206.39990234375,4203.2998046875,4206.2998046875,245
2026-06-10 02:08:00+00:00,4205.60009765625,4207.10009765625,4205.60009765625,4205.7998046875,44
2026-06-10 02:09:00+00:00,4205.2001953125,4205.7998046875,4203.2001953125,4205.10009765625,86
2026-06-10 02:10:00+00:00,4205.0,4205.0,4204.0,4204.60009765625,78
2026-06-10 02:11:00+00:00,4208.2001953125,4208.39990234375,4204.2998046875,4204.2998046875,77
2026-06-10 02:12:00+00:00,4208.2001953125,4208.2001953125,4206.39990234375,4208.0,46
2026-06-10 02:13:00+00:00,4208.0,4210.0,4208.0,4208.5,42
2026-06-10 02:14:00+00:00,4207.0,4208.5,4206.39990234375,4207.5,38
2026-06-10 02:15:00+00:00,4207.5,4208.39990234375,4205.7001953125,4207.2998046875,73
2026-06-10 02:16:00+00:00,4208.7001953125,4208.7001953125,4205.60009765625,4206.89990234375,34
2026-06-10 02:17:00+00:00,4210.2998046875,4210.2998046875,4207.7001953125,4208.10009765625,48
2026-06-10 02:18:00+00:00,4206.89990234375,4210.2001953125,4206.60009765625,4209.5,73
2026-06-10 02:19:00+00:00,4204.89990234375,4207.39990234375,4203.7998046875,4207.0,122
2026-06-10 02:20:00+00:00,4206.5,4206.89990234375,4204.2998046875,4204.89990234375,70
2026-06-10 02:21:00+00:00,4207.5,4208.5,4206.0,4206.2998046875,53
2026-06-10 02:22:00+00:00,4206.60009765625,4209.39990234375,4206.60009765625,4208.60009765625,22
2026-06-10 02:23:00+00:00,4207.7001953125,4209.0,4206.2998046875,4206.39990234375,35
2026-06-10 02:24:00+00:00,4207.2998046875,4211.0,4207.2001953125,4208.0,65
2026-06-10 02:25:00+00:00,4204.39990234375,4206.89990234375,4203.0,4206.89990234375,163
2026-06-10 02:26:00+00:00,4203.2998046875,4204.10009765625,4202.0,4204.10009765625,169
2026-06-10 02:27:00+00:00,4206.2001953125,4206.2998046875,4202.7998046875,4203.0,103
2026-06-10 02:28:00+00:00,4209.7001953125,4210.0,4206.2001953125,4206.2001953125,122
2026-06-10 02:29:00+00:00,4212.10009765625,4212.89990234375,4209.60009765625,4209.7001953125,127
2026-06-10 02:30:00+00:00,4209.5,4216.5,4209.39990234375,4212.5,252
2026-06-10 02:31:00+00:00,4210.5,4212.2998046875,4209.10009765625,4209.2998046875,107
2026-06-10 02:32:00+00:00,4201.7998046875,4211.2001953125,4200.7001953125,4210.39990234375,333
2026-06-10 02:33:00+00:00,4200.89990234375,4202.39990234375,4198.2001953125,4202.0,344
2026-06-10 02:34:00+00:00,4203.2998046875,4204.7998046875,4200.7001953125,4201.10009765625,83
2026-06-10 02:35:00+00:00,4204.0,4205.5,4202.60009765625,4203.39990234375,94
2026-06-10 02:36:00+00:00,4206.10009765625,4206.39990234375,4204.10009765625,4204.2001953125,93
2026-06-10 02:37:00+00:00,4207.2998046875,4207.89990234375,4205.2998046875,4205.7001953125,68
2026-06-10 02:38:00+00:00,4212.2998046875,4212.5,4207.0,4207.2998046875,157
2026-06-10 02:39:00+00:00,4208.7001953125,4213.60009765625,4208.0,4212.7001953125,111
2026-06-10 02:40:00+00:00,4210.2998046875,4210.89990234375,4207.10009765625,4208.7998046875,67
2026-06-10 02:41:00+00:00,4211.7998046875,4213.7001953125,4209.7001953125,4210.10009765625,55
2026-06-10 02:42:00+00:00,4210.0,4212.89990234375,4209.7998046875,4212.7001953125,69
2026-06-10 02:43:00+00:00,4205.7998046875,4210.60009765625,4205.60009765625,4210.60009765625,106
2026-06-10 02:44:00+00:00,4208.2998046875,4208.2998046875,4204.2998046875,4205.89990234375,159
2026-06-10 02:45:00+00:00,4210.39990234375,4211.0,4208.0,4208.7001953125,82
2026-06-10 02:46:00+00:00,4212.2001953125,4214.7998046875,4210.89990234375,4210.89990234375,122
2026-06-10 02:47:00+00:00,4209.2001953125,4212.2001953125,4208.60009765625,4212.2001953125,63
2026-06-10 02:48:00+00:00,4208.7001953125,4209.2998046875,4208.0,4208.39990234375,18
2026-06-10 02:49:00+00:00,4211.5,4212.0,4209.5,4209.5,32
2026-06-10 02:50:00+00:00,4205.2998046875,4212.7001953125,4205.2001953125,4211.7998046875,123
2026-06-10 02:51:00+00:00,4201.39990234375,4205.2998046875,4200.10009765625,4205.10009765625,148
2026-06-10 02:52:00+00:00,4199.5,4201.89990234375,4198.2998046875,4201.7001953125,266
2026-06-10 02:53:00+00:00,4199.2001953125,4200.89990234375,4197.60009765625,4200.0,114
2026-06-10 02:54:00+00:00,4198.7998046875,4199.5,4198.2998046875,4199.2998046875,63
2026-06-10 02:55:00+00:00,4199.89990234375,4200.7998046875,4199.0,4199.0,40
2026-06-10 02:56:00+00:00,4199.2001953125,4199.7001953125,4197.0,4199.60009765625,46
2026-06-10 02:57:00+00:00,4199.2998046875,4200.0,4198.60009765625,4199.0,66
2026-06-10 02:58:00+00:00,4197.10009765625,4199.5,4197.0,4199.39990234375,97
2026-06-10 02:59:00+00:00,4197.7998046875,4198.7001953125,4196.89990234375,4197.10009765625,83
2026-06-10 03:00:00+00:00,4197.7998046875,4198.2998046875,4195.5,4197.5,184
2026-06-10 03:01:00+00:00,4198.7998046875,4198.89990234375,4196.39990234375,4198.0,119
2026-06-10 03:02:00+00:00,4198.89990234375,4200.5,4198.10009765625,4198.7001953125,67
2026-06-10 03:03:00+00:00,4198.10009765625,4198.2998046875,4197.2998046875,4198.2998046875,61
2026-06-10 03:04:00+00:00,4200.39990234375,4200.5,4197.2998046875,4198.39990234375,61
2026-06-10 03:05:00+00:00,4202.2001953125,4202.5,4200.39990234375,4200.39990234375,106
2026-06-10 03:06:00+00:00,4204.2001953125,4204.7001953125,4202.5,4202.5,140
2026-06-10 03:07:00+00:00,4199.0,4204.10009765625,4197.89990234375,4203.7998046875,109
2026-06-10 03:08:00+00:00,4197.89990234375,4200.10009765625,4197.7001953125,4199.0,74
2026-06-10 03:09:00+00:00,4200.10009765625,4200.10009765625,4198.2998046875,4198.89990234375,43
2026-06-10 03:10:00+00:00,4198.5,4198.7001953125,4197.89990234375,4198.7001953125,20
2026-06-10 03:11:00+00:00,4200.5,4201.89990234375,4198.7001953125,4198.7001953125,44
2026-06-10 03:12:00+00:00,4200.7001953125,4201.89990234375,4200.2001953125,4200.89990234375,31
2026-06-10 03:13:00+00:00,4200.89990234375,4201.5,4200.39990234375,4200.60009765625,16
2026-06-10 03:14:00+00:00,4201.89990234375,4202.10009765625,4201.0,4201.10009765625,36
2026-06-10 03:15:00+00:00,4202.89990234375,4203.10009765625,4200.39990234375,4201.7998046875,46
2026-06-10 03:16:00+00:00,4204.39990234375,4204.5,4202.39990234375,4202.39990234375,62
2026-06-10 03:17:00+00:00,4201.7001953125,4205.0,4201.7001953125,4204.7001953125,50
2026-06-10 03:18:00+00:00,4202.2998046875,4202.7998046875,4201.89990234375,4202.10009765625,26
2026-06-10 03:19:00+00:00,4199.7001953125,4201.7998046875,4199.2998046875,4201.7998046875,41
2026-06-10 03:20:00+00:00,4199.7998046875,4199.7998046875,4197.2998046875,4199.0,45
2026-06-10 03:21:00+00:00,4198.2001953125,4199.10009765625,4197.7001953125,4199.10009765625,15
2026-06-10 03:22:00+00:00,4199.2001953125,4200.10009765625,4198.10009765625,4198.10009765625,36
2026-06-10 03:23:00+00:00,4199.39990234375,4199.60009765625,4198.2998046875,4198.7998046875,21
2026-06-10 03:24:00+00:00,4198.10009765625,4199.60009765625,4197.7001953125,4199.60009765625,21
2026-06-10 03:25:00+00:00,4199.2998046875,4200.10009765625,4198.7001953125,4199.0,57
2026-06-10 03:26:00+00:00,4202.2001953125,4204.0,4198.89990234375,4199.60009765625,77
2026-06-10 03:27:00+00:00,4199.7998046875,4202.2001953125,4199.7998046875,4202.2001953125,16
2026-06-10 03:28:00+00:00,4200.2001953125,4200.39990234375,4199.5,4200.2001953125,23
2026-06-10 03:29:00+00:00,4201.0,4202.0,4200.7001953125,4200.7001953125,27
2026-06-10 03:30:00+00:00,4202.39990234375,4202.5,4200.0,4200.7998046875,54
2026-06-10 03:31:00+00:00,4202.7998046875,4203.5,4202.10009765625,4202.60009765625,57
2026-06-10 03:32:00+00:00,4200.7001953125,4202.7001953125,4200.2001953125,4202.7001953125,42
2026-06-10 03:33:00+00:00,4203.0,4204.0,4200.7998046875,4200.89990234375,39
2026-06-10 03:34:00+00:00,4204.2001953125,4204.60009765625,4201.89990234375,4202.7998046875,60
2026-06-10 03:35:00+00:00,4202.2998046875,4204.0,4200.10009765625,4203.89990234375,51
2026-06-10 03:36:00+00:00,4202.10009765625,4202.89990234375,4200.89990234375,4202.0,76
2026-06-10 03:37:00+00:00,4202.7001953125,4203.2998046875,4201.7998046875,4202.0,43
2026-06-10 03:38:00+00:00,4206.39990234375,4206.39990234375,4202.5,4202.5,96
2026-06-10 03:39:00+00:00,4203.89990234375,4206.7001953125,4203.89990234375,4206.60009765625,33
2026-06-10 03:40:00+00:00,4206.39990234375,4206.39990234375,4203.5,4203.5,49
2026-06-10 03:41:00+00:00,4203.7001953125,4206.2998046875,4203.2001953125,4206.2998046875,42
2026-06-10 03:42:00+00:00,4203.0,4204.2001953125,4202.2001953125,4203.7998046875,23
2026-06-10 03:43:00+00:00,4201.7001953125,4203.2998046875,4201.7001953125,4202.5,18
2026-06-10 03:44:00+00:00,4203.39990234375,4204.2001953125,4201.5,4202.0,40
2026-06-10 03:45:00+00:00,4205.2998046875,4205.2998046875,4203.5,4204.0,30
2026-06-10 03:46:00+00:00,4208.39990234375,4209.39990234375,4205.60009765625,4205.60009765625,88
2026-06-10 03:47:00+00:00,4207.2998046875,4208.60009765625,4206.89990234375,4207.89990234375,44
2026-06-10 03:48:00+00:00,4208.2001953125,4208.89990234375,4207.2001953125,4207.2001953125,26
2026-06-10 03:49:00+00:00,4209.10009765625,4210.2001953125,4208.5,4208.5,68
2026-06-10 03:50:00+00:00,4207.7998046875,4209.60009765625,4207.60009765625,4208.89990234375,26
2026-06-10 03:51:00+00:00,4207.60009765625,4208.10009765625,4206.60009765625,4207.39990234375,19
2026-06-10 03:52:00+00:00,4207.5,4209.7998046875,4207.5,4208.2001953125,19
2026-06-10 03:53:00+00:00,4207.2998046875,4207.89990234375,4207.0,4207.2998046875,15
2026-06-10 03:54:00+00:00,4208.5,4209.0,4205.7998046875,4207.2998046875,35
2026-06-10 03:55:00+00:00,4205.89990234375,4208.89990234375,4205.5,4208.89990234375,29
2026-06-10 03:56:00+00:00,4207.39990234375,4207.39990234375,4206.2001953125,4206.2001953125,7
2026-06-10 03:57:00+00:00,4206.89990234375,4208.5,4206.89990234375,4207.10009765625,17
2026-06-10 03:58:00+00:00,4208.2001953125,4208.2998046875,4207.5,4207.7998046875,10
2026-06-10 04:00:00+00:00,4208.7001953125,4211.2001953125,4208.2001953125,4208.89990234375,43
2026-06-10 04:01:00+00:00,4206.60009765625,4208.5,4206.10009765625,4208.5,18
2026-06-10 04:02:00+00:00,4208.5,4208.60009765625,4205.7001953125,4206.60009765625,29
2026-06-10 04:03:00+00:00,4209.39990234375,4210.5,4208.60009765625,4208.60009765625,35
2026-06-10 04:04:00+00:00,4210.2001953125,4210.2001953125,4209.2998046875,4209.2998046875,20
2026-06-10 04:05:00+00:00,4210.10009765625,4210.5,4209.10009765625,4209.7001953125,34
2026-06-10 04:06:00+00:00,4208.7001953125,4209.5,4208.0,4209.5,23
2026-06-10 04:07:00+00:00,4205.39990234375,4208.60009765625,4205.39990234375,4208.2001953125,51
2026-06-10 04:08:00+00:00,4206.39990234375,4206.39990234375,4205.89990234375,4206.10009765625,7
2026-06-10 04:09:00+00:00,4208.7001953125,4208.7001953125,4206.0,4206.2001953125,22
2026-06-10 04:10:00+00:00,4206.5,4207.5,4206.2001953125,4207.5,26
2026-06-10 04:11:00+00:00,4207.0,4207.7001953125,4206.7998046875,4207.2001953125,11
2026-06-10 04:12:00+00:00,4204.2998046875,4205.89990234375,4204.2998046875,4205.89990234375,21
2026-06-10 04:13:00+00:00,4204.7001953125,4205.89990234375,4204.2001953125,4204.39990234375,34
2026-06-10 04:14:00+00:00,4204.60009765625,4205.39990234375,4204.60009765625,4205.2001953125,12
2026-06-10 04:15:00+00:00,4203.60009765625,4205.7998046875,4203.10009765625,4205.5,31
2026-06-10 04:16:00+00:00,4203.60009765625,4203.60009765625,4202.39990234375,4203.39990234375,20
2026-06-10 04:17:00+00:00,4203.7001953125,4204.2001953125,4203.7001953125,4204.2001953125,8
2026-06-10 04:18:00+00:00,4203.2998046875,4203.60009765625,4202.2998046875,4203.60009765625,19
2026-06-10 04:19:00+00:00,4204.89990234375,4205.39990234375,4204.2001953125,4204.39990234375,24
2026-06-10 04:20:00+00:00,4204.60009765625,4205.0,4204.39990234375,4205.0,10
2026-06-10 04:21:00+00:00,4202.2001953125,4203.89990234375,4201.2001953125,4203.89990234375,49
2026-06-10 04:22:00+00:00,4201.39990234375,4202.2001953125,4198.89990234375,4202.2001953125,97
2026-06-10 04:23:00+00:00,4201.89990234375,4202.60009765625,4200.7001953125,4201.2998046875,55
2026-06-10 04:24:00+00:00,4201.39990234375,4202.5,4201.39990234375,4202.0,13
2026-06-10 04:25:00+00:00,4203.2001953125,4203.2998046875,4201.39990234375,4202.10009765625,56
2026-06-10 04:26:00+00:00,4203.39990234375,4203.7998046875,4202.2001953125,4202.89990234375,29
2026-06-10 04:27:00+00:00,4201.39990234375,4203.60009765625,4201.2998046875,4203.60009765625,22
2026-06-10 04:28:00+00:00,4197.0,4201.39990234375,4196.89990234375,4201.0,114
2026-06-10 04:29:00+00:00,4197.89990234375,4199.5,4196.89990234375,4196.89990234375,139
2026-06-10 04:30:00+00:00,4196.89990234375,4197.89990234375,4196.2001953125,4197.89990234375,66
2026-06-10 04:31:00+00:00,4197.7998046875,4198.5,4195.7998046875,4196.7998046875,114
2026-06-10 04:32:00+00:00,4196.7998046875,4197.7001953125,4196.7998046875,4197.7001953125,12
2026-06-10 04:33:00+00:00,4196.89990234375,4198.0,4196.89990234375,4197.39990234375,11
2026-06-10 04:34:00+00:00,4198.2998046875,4198.5,4196.89990234375,4196.89990234375,20
2026-06-10 04:35:00+00:00,4196.7001953125,4197.5,4196.0,4197.39990234375,71
2026-06-10 04:36:00+00:00,4197.10009765625,4197.10009765625,4196.2998046875,4196.60009765625,16
2026-06-10 04:37:00+00:00,4198.2001953125,4198.2001953125,4197.0,4197.0,27
2026-06-10 04:38:00+00:00,4198.10009765625,4198.89990234375,4197.5,4198.2998046875,95
2026-06-10 04:39:00+00:00,4198.2998046875,4198.2998046875,4197.5,4198.10009765625,22
2026-06-10 04:40:00+00:00,4197.2998046875,4198.5,4196.7001953125,4198.2998046875,37
2026-06-10 04:41:00+00:00,4196.7001953125,4197.2001953125,4195.89990234375,4197.2001953125,39
2026-06-10 04:42:00+00:00,4197.0,4197.39990234375,4196.5,4196.5,18
2026-06-10 04:43:00+00:00,4197.2001953125,4197.7998046875,4196.89990234375,4197.7998046875,5
2026-06-10 04:44:00+00:00,4196.39990234375,4197.7001953125,4196.10009765625,4196.7998046875,54
2026-06-10 04:45:00+00:00,4196.60009765625,4197.10009765625,4194.2001953125,4196.60009765625,134
2026-06-10 04:46:00+00:00,4197.39990234375,4197.7998046875,4196.2998046875,4196.5,34
2026-06-10 04:47:00+00:00,4196.60009765625,4198.10009765625,4196.5,4197.7998046875,26
2026-06-10 04:48:00+00:00,4196.7998046875,4197.2998046875,4196.39990234375,4196.5,14
2026-06-10 04:49:00+00:00,4197.60009765625,4197.89990234375,4196.39990234375,4196.7998046875,27
2026-06-10 04:50:00+00:00,4198.5,4198.89990234375,4197.5,4197.5,36
2026-06-10 04:51:00+00:00,4196.7001953125,4198.10009765625,4196.7001953125,4198.10009765625,9
2026-06-10 04:52:00+00:00,4197.2998046875,4198.2998046875,4197.2001953125,4197.2998046875,16
2026-06-10 04:53:00+00:00,4197.7998046875,4197.7998046875,4197.2001953125,4197.5,5
2026-06-10 04:54:00+00:00,4198.2001953125,4198.5,4197.0,4198.0,20
2026-06-10 04:55:00+00:00,4197.7001953125,4199.0,4197.7001953125,4198.5,19
2026-06-10 04:56:00+00:00,4197.2998046875,4198.0,4196.89990234375,4197.0,16
2026-06-10 04:57:00+00:00,4198.10009765625,4198.39990234375,4196.89990234375,4197.39990234375,33
2026-06-10 04:58:00+00:00,4197.7998046875,4198.5,4197.60009765625,4198.5,8
2026-06-10 04:59:00+00:00,4198.0,4199.0,4197.60009765625,4197.60009765625,17
2026-06-10 05:00:00+00:00,4198.2998046875,4198.2998046875,4196.39990234375,4197.7001953125,30
2026-06-10 05:01:00+00:00,4197.2001953125,4198.10009765625,4196.89990234375,4198.10009765625,43
2026-06-10 05:02:00+00:00,4199.39990234375,4201.39990234375,4197.7001953125,4197.7001953125,127
2026-06-10 05:03:00+00:00,4198.39990234375,4199.39990234375,4197.89990234375,4199.39990234375,41
2026-06-10 05:04:00+00:00,4197.60009765625,4198.60009765625,4196.2998046875,4198.5,56
2026-06-10 05:05:00+00:00,4198.0,4198.0,4196.39990234375,4198.0,26
2026-06-10 05:06:00+00:00,4201.2998046875,4201.7001953125,4197.7998046875,4197.89990234375,51
2026-06-10 05:07:00+00:00,4201.2001953125,4201.2998046875,4200.2001953125,4201.2998046875,35
2026-06-10 05:08:00+00:00,4199.2001953125,4202.0,4198.39990234375,4201.5,41
2026-06-10 05:09:00+00:00,4199.89990234375,4200.10009765625,4198.60009765625,4199.2001953125,15
2026-06-10 05:10:00+00:00,4201.60009765625,4201.60009765625,4198.7001953125,4199.7998046875,23
2026-06-10 05:11:00+00:00,4201.2998046875,4202.5,4201.10009765625,4201.10009765625,18
2026-06-10 05:12:00+00:00,4200.89990234375,4201.39990234375,4200.5,4201.2998046875,28
2026-06-10 05:13:00+00:00,4203.2001953125,4203.89990234375,4200.0,4200.10009765625,75
2026-06-10 05:14:00+00:00,4202.60009765625,4203.2998046875,4202.10009765625,4203.2001953125,23
2026-06-10 05:15:00+00:00,4201.0,4203.39990234375,4200.7998046875,4203.2998046875,30
2026-06-10 05:16:00+00:00,4199.7998046875,4200.89990234375,4199.0,4200.7001953125,63
2026-06-10 05:17:00+00:00,4200.39990234375,4202.10009765625,4199.89990234375,4199.89990234375,53
2026-06-10 05:18:00+00:00,4198.89990234375,4200.5,4198.5,4200.5,40
2026-06-10 05:19:00+00:00,4199.5,4200.10009765625,4198.60009765625,4198.7001953125,28
2026-06-10 05:20:00+00:00,4199.7998046875,4200.10009765625,4199.39990234375,4199.7998046875,10
2026-06-10 05:21:00+00:00,4202.2001953125,4202.2001953125,4198.89990234375,4199.7001953125,53
2026-06-10 05:22:00+00:00,4204.39990234375,4204.5,4202.2001953125,4202.39990234375,65
2026-06-10 05:23:00+00:00,4205.10009765625,4206.2998046875,4204.5,4204.7001953125,93
2026-06-10 05:24:00+00:00,4203.7998046875,4205.7998046875,4203.5,4204.7998046875,44
2026-06-10 05:25:00+00:00,4203.7001953125,4204.60009765625,4203.2998046875,4204.10009765625,45
2026-06-10 05:26:00+00:00,4205.2998046875,4206.0,4203.39990234375,4203.39990234375,73
2026-06-10 05:27:00+00:00,4206.7998046875,4207.10009765625,4204.89990234375,4205.39990234375,38
2026-06-10 05:28:00+00:00,4207.10009765625,4207.7998046875,4206.10009765625,4207.10009765625,59
2026-06-10 05:29:00+00:00,4210.5,4210.5,4206.7998046875,4207.39990234375,78
2026-06-10 05:30:00+00:00,4208.7001953125,4213.0,4207.7998046875,4210.7001953125,269
2026-06-10 05:31:00+00:00,4208.2001953125,4209.0,4205.2001953125,4208.7998046875,91
2026-06-10 05:32:00+00:00,4213.39990234375,4214.2001953125,4207.89990234375,4207.89990234375,133
2026-06-10 05:33:00+00:00,4215.7001953125,4216.89990234375,4211.10009765625,4213.10009765625,191
2026-06-10 05:34:00+00:00,4214.2001953125,4216.10009765625,4212.5,4216.10009765625,136
2026-06-10 05:35:00+00:00,4218.2001953125,4218.2001953125,4211.39990234375,4213.89990234375,151
2026-06-10 05:36:00+00:00,4216.39990234375,4218.10009765625,4215.0,4218.10009765625,191
2026-06-10 05:37:00+00:00,4214.2998046875,4217.89990234375,4214.10009765625,4216.89990234375,47
2026-06-10 05:38:00+00:00,4217.0,4217.10009765625,4214.60009765625,4214.7998046875,45
2026-06-10 05:39:00+00:00,4217.10009765625,4218.0,4214.89990234375,4217.2998046875,85
2026-06-10 05:40:00+00:00,4219.39990234375,4219.5,4216.39990234375,4217.39990234375,111
2026-06-10 05:41:00+00:00,4219.7001953125,4220.60009765625,4218.39990234375,4219.2001953125,113
2026-06-10 05:42:00+00:00,4221.7001953125,4222.2998046875,4218.5,4220.2001953125,102
2026-06-10 05:43:00+00:00,4220.10009765625,4221.89990234375,4220.0,4221.5,65
2026-06-10 05:44:00+00:00,4221.39990234375,4222.2998046875,4218.0,4219.7998046875,93
2026-06-10 05:45:00+00:00,4222.7001953125,4223.2001953125,4220.7001953125,4221.60009765625,100
2026-06-10 05:46:00+00:00,4222.2001953125,4222.7998046875,4220.7998046875,4222.60009765625,58
2026-06-10 05:47:00+00:00,4223.10009765625,4223.2998046875,4221.0,4221.7001953125,71
2026-06-10 05:48:00+00:00,4227.2998046875,4227.5,4222.7998046875,4223.0,160
2026-06-10 05:49:00+00:00,4226.0,4229.0,4225.5,4227.0,188
2026-06-10 05:50:00+00:00,4224.7001953125,4228.5,4224.5,4226.10009765625,141
2026-06-10 05:51:00+00:00,4225.2998046875,4226.39990234375,4223.89990234375,4224.7001953125,82
2026-06-10 05:52:00+00:00,4224.5,4226.5,4224.5,4226.0,71
2026-06-10 05:53:00+00:00,4226.7998046875,4227.60009765625,4224.5,4224.89990234375,71
2026-06-10 05:54:00+00:00,4226.7998046875,4229.7001953125,4226.7998046875,4226.7998046875,121
2026-06-10 05:55:00+00:00,4228.89990234375,4230.2998046875,4226.7998046875,4227.10009765625,125
2026-06-10 05:56:00+00:00,4227.60009765625,4229.2001953125,4227.0,4229.2001953125,69
2026-06-10 05:57:00+00:00,4230.7998046875,4232.2001953125,4227.60009765625,4227.60009765625,154
2026-06-10 05:58:00+00:00,4227.2998046875,4230.0,4227.0,4230.0,56
2026-06-10 05:59:00+00:00,4228.7001953125,4229.0,4227.5,4227.5,52
2026-06-10 06:00:00+00:00,4232.2001953125,4232.89990234375,4228.39990234375,4228.60009765625,241
2026-06-10 06:01:00+00:00,4230.39990234375,4232.39990234375,4229.0,4232.39990234375,97
2026-06-10 06:02:00+00:00,4231.5,4232.7001953125,4230.39990234375,4230.5,65
2026-06-10 06:03:00+00:00,4233.0,4233.39990234375,4231.5,4232.0,80
2026-06-10 06:04:00+00:00,4234.10009765625,4235.89990234375,4233.5,4233.7001953125,148
2026-06-10 06:05:00+00:00,4234.60009765625,4235.2001953125,4232.39990234375,4234.0,81
2026-06-10 06:06:00+00:00,4239.2998046875,4239.5,4234.39990234375,4234.7001953125,218
2026-06-10 06:07:00+00:00,4243.10009765625,4243.10009765625,4237.0,4239.2001953125,246
2026-06-10 06:08:00+00:00,4242.60009765625,4245.5,4242.60009765625,4243.2001953125,362
2026-06-10 06:09:00+00:00,4236.89990234375,4243.39990234375,4235.89990234375,4242.7998046875,276
2026-06-10 06:10:00+00:00,4233.7998046875,4237.7998046875,4233.7998046875,4237.10009765625,155
2026-06-10 06:11:00+00:00,4234.0,4235.2001953125,4232.60009765625,4234.0,95
2026-06-10 06:12:00+00:00,4235.7001953125,4235.7001953125,4232.0,4233.2001953125,102
2026-06-10 06:13:00+00:00,4237.60009765625,4238.89990234375,4235.0,4236.0,79
2026-06-10 06:14:00+00:00,4235.7001953125,4238.39990234375,4235.0,4237.89990234375,31
2026-06-10 06:15:00+00:00,4236.7998046875,4236.7998046875,4235.7001953125,4236.10009765625,30
2026-06-10 06:16:00+00:00,4236.5,4238.2001953125,4236.0,4237.2001953125,67
2026-06-10 06:17:00+00:00,4235.10009765625,4237.0,4234.2998046875,4236.0,50
2026-06-10 06:18:00+00:00,4235.7998046875,4236.2998046875,4234.89990234375,4235.5,42
2026-06-10 06:19:00+00:00,4237.2001953125,4238.7001953125,4235.89990234375,4235.89990234375,104
2026-06-10 06:20:00+00:00,4239.2998046875,4240.10009765625,4238.2001953125,4238.2001953125,52
2026-06-10 06:21:00+00:00,4234.10009765625,4239.0,4233.0,4239.0,103
2026-06-10 06:22:00+00:00,4235.39990234375,4235.39990234375,4233.39990234375,4233.89990234375,64
2026-06-10 06:23:00+00:00,4234.7998046875,4236.2001953125,4234.39990234375,4235.10009765625,26
2026-06-10 06:24:00+00:00,4232.0,4235.2998046875,4231.10009765625,4234.89990234375,110
2026-06-10 06:25:00+00:00,4234.7001953125,4235.10009765625,4232.2998046875,4232.2998046875,101
2026-06-10 06:26:00+00:00,4237.7998046875,4238.0,4233.7998046875,4234.5,105
2026-06-10 06:27:00+00:00,4234.7001953125,4239.2001953125,4234.2001953125,4238.0,129
2026-06-10 06:28:00+00:00,4234.60009765625,4235.5,4233.7998046875,4234.7998046875,79
2026-06-10 06:29:00+00:00,4235.39990234375,4236.0,4233.60009765625,4234.2998046875,20
2026-06-10 06:30:00+00:00,4232.60009765625,4236.89990234375,4232.2998046875,4234.7001953125,91
2026-06-10 06:31:00+00:00,4232.10009765625,4233.89990234375,4231.60009765625,4233.0,65
2026-06-10 06:32:00+00:00,4233.0,4233.10009765625,4232.0,4232.39990234375,19
2026-06-10 06:33:00+00:00,4233.7998046875,4234.10009765625,4233.0,4233.7001953125,30
2026-06-10 06:34:00+00:00,4234.10009765625,4234.7998046875,4233.2001953125,4233.60009765625,35
2026-06-10 06:35:00+00:00,4234.2001953125,4234.2998046875,4232.60009765625,4234.0,60
2026-06-10 06:36:00+00:00,4234.5,4235.10009765625,4233.0,4233.89990234375,58
2026-06-10 06:37:00+00:00,4233.10009765625,4235.2001953125,4232.7001953125,4234.89990234375,59
2026-06-10 06:38:00+00:00,4232.7998046875,4233.89990234375,4231.10009765625,4233.60009765625,117
2026-06-10 06:39:00+00:00,4232.10009765625,4232.89990234375,4231.60009765625,4232.60009765625,57
2026-06-10 06:40:00+00:00,4230.39990234375,4232.7998046875,4229.7998046875,4232.2998046875,91
2026-06-10 06:41:00+00:00,4230.5,4231.10009765625,4229.60009765625,4230.5,62
2026-06-10 06:42:00+00:00,4231.0,4232.10009765625,4230.39990234375,4230.5,117
2026-06-10 06:43:00+00:00,4229.5,4231.10009765625,4228.89990234375,4230.7001953125,134
2026-06-10 06:44:00+00:00,4230.7998046875,4232.0,4228.60009765625,4229.60009765625,195
2026-06-10 06:45:00+00:00,4230.89990234375,4231.10009765625,4229.39990234375,4230.7998046875,43
2026-06-10 06:46:00+00:00,4229.7001953125,4231.0,4228.7998046875,4231.0,35
2026-06-10 06:47:00+00:00,4231.39990234375,4233.10009765625,4229.2001953125,4229.2001953125,78
2026-06-10 06:48:00+00:00,4229.2998046875,4231.2998046875,4229.0,4231.10009765625,47
2026-06-10 06:49:00+00:00,4226.89990234375,4229.39990234375,4226.5,4229.39990234375,126
2026-06-10 06:50:00+00:00,4227.60009765625,4228.7001953125,4226.0,4226.60009765625,105
2026-06-10 06:51:00+00:00,4229.39990234375,4229.7001953125,4227.7998046875,4227.7998046875,73
2026-06-10 06:52:00+00:00,4228.2998046875,4230.0,4228.2001953125,4229.39990234375,43
2026-06-10 06:53:00+00:00,4227.2001953125,4228.7001953125,4227.2001953125,4228.7001953125,37
2026-06-10 06:54:00+00:00,4225.39990234375,4226.89990234375,4225.10009765625,4226.89990234375,53
2026-06-10 06:55:00+00:00,4226.5,4227.5,4225.10009765625,4225.7001953125,75
2026-06-10 06:56:00+00:00,4225.89990234375,4226.89990234375,4225.2998046875,4226.60009765625,37
2026-06-10 06:57:00+00:00,4227.2001953125,4227.39990234375,4225.89990234375,4225.89990234375,14
2026-06-10 06:58:00+00:00,4227.0,4229.2998046875,4226.7998046875,4227.2998046875,46
2026-06-10 06:59:00+00:00,4227.10009765625,4227.2001953125,4226.10009765625,4226.7001953125,30
2026-06-10 07:00:00+00:00,4227.2998046875,4228.10009765625,4224.5,4226.7001953125,133
2026-06-10 07:01:00+00:00,4226.5,4227.89990234375,4224.5,4227.5,100
2026-06-10 07:02:00+00:00,4226.7998046875,4227.39990234375,4226.10009765625,4226.60009765625,37
2026-06-10 07:03:00+00:00,4225.39990234375,4228.7998046875,4225.39990234375,4227.10009765625,72
2026-06-10 07:04:00+00:00,4227.0,4227.89990234375,4224.39990234375,4226.10009765625,113
2026-06-10 07:05:00+00:00,4227.2001953125,4227.7001953125,4225.2998046875,4226.5,99
2026-06-10 07:06:00+00:00,4227.7998046875,4228.7001953125,4227.2001953125,4227.60009765625,32
2026-06-10 07:07:00+00:00,4228.89990234375,4229.7998046875,4228.0,4228.60009765625,71
2026-06-10 07:08:00+00:00,4229.2001953125,4229.5,4225.89990234375,4229.10009765625,80
2026-06-10 07:09:00+00:00,4230.2001953125,4231.0,4227.7001953125,4229.39990234375,116
2026-06-10 07:10:00+00:00,4228.2998046875,4231.0,4228.10009765625,4230.2998046875,115
2026-06-10 07:11:00+00:00,4224.7998046875,4228.7998046875,4223.5,4228.2001953125,113
2026-06-10 07:12:00+00:00,4223.0,4225.0,4222.5,4224.89990234375,84
2026-06-10 07:13:00+00:00,4221.39990234375,4223.0,4220.60009765625,4223.0,82
2026-06-10 07:14:00+00:00,4223.5,4223.7998046875,4221.5,4221.7998046875,68
2026-06-10 07:15:00+00:00,4225.7001953125,4225.7998046875,4222.5,4223.2998046875,136
2026-06-10 07:16:00+00:00,4223.2998046875,4225.89990234375,4223.2998046875,4225.7998046875,34
2026-06-10 07:17:00+00:00,4223.7001953125,4223.7001953125,4222.7001953125,4223.10009765625,39
2026-06-10 07:18:00+00:00,4222.0,4223.7998046875,4220.7998046875,4223.5,79
2026-06-10 07:19:00+00:00,4221.89990234375,4222.5,4221.10009765625,4222.2001953125,42
2026-06-10 07:20:00+00:00,4222.60009765625,4224.0,4221.60009765625,4221.7001953125,41
2026-06-10 07:21:00+00:00,4223.10009765625,4223.10009765625,4221.2998046875,4221.7998046875,31
2026-06-10 07:22:00+00:00,4224.0,4224.39990234375,4222.7998046875,4223.89990234375,31
2026-06-10 07:23:00+00:00,4224.7998046875,4226.5,4224.2998046875,4224.2998046875,50
2026-06-10 07:24:00+00:00,4222.39990234375,4224.60009765625,4222.39990234375,4224.5,33
2026-06-10 07:25:00+00:00,4219.7001953125,4222.0,4218.2001953125,4222.0,102
2026-06-10 07:26:00+00:00,4218.0,4219.2998046875,4217.89990234375,4219.2001953125,92
2026-06-10 07:27:00+00:00,4217.10009765625,4219.60009765625,4217.10009765625,4217.89990234375,56
2026-06-10 07:28:00+00:00,4217.60009765625,4217.7001953125,4216.5,4217.10009765625,72
2026-06-10 07:29:00+00:00,4218.10009765625,4218.2998046875,4216.7998046875,4217.60009765625,132
2026-06-10 07:30:00+00:00,4219.10009765625,4219.39990234375,4216.5,4218.2998046875,83
2026-06-10 07:31:00+00:00,4217.7998046875,4220.7001953125,4217.7998046875,4219.0,60
2026-06-10 07:32:00+00:00,4216.7998046875,4218.0,4215.0,4218.0,110
2026-06-10 07:33:00+00:00,4217.89990234375,4217.89990234375,4216.7001953125,4216.7001953125,35
2026-06-10 07:34:00+00:00,4218.5,4219.2001953125,4218.10009765625,4218.2001953125,54
2026-06-10 07:35:00+00:00,4218.0,4219.0,4217.60009765625,4218.10009765625,54
2026-06-10 07:36:00+00:00,4217.2998046875,4218.39990234375,4215.2998046875,4218.0,101
2026-06-10 07:37:00+00:00,4216.5,4218.10009765625,4215.7998046875,4217.2001953125,51
2026-06-10 07:38:00+00:00,4215.0,4217.0,4214.7001953125,4216.5,37
2026-06-10 07:39:00+00:00,4213.7998046875,4215.0,4213.5,4215.0,61
2026-06-10 07:40:00+00:00,4214.89990234375,4215.0,4213.0,4214.2001953125,172
2026-06-10 07:41:00+00:00,4215.60009765625,4216.60009765625,4214.89990234375,4215.0,65
2026-06-10 07:42:00+00:00,4215.10009765625,4216.60009765625,4214.2998046875,4215.7998046875,73
2026-06-10 07:43:00+00:00,4212.60009765625,4215.7998046875,4211.7998046875,4215.0,189
2026-06-10 07:44:00+00:00,4212.89990234375,4213.5,4211.10009765625,4212.5,122
2026-06-10 07:45:00+00:00,4215.39990234375,4215.7001953125,4212.7001953125,4213.0,138
2026-06-10 07:46:00+00:00,4215.89990234375,4216.2001953125,4215.0,4215.10009765625,66
2026-06-10 07:47:00+00:00,4216.10009765625,4216.2998046875,4214.10009765625,4215.7001953125,105
2026-06-10 07:48:00+00:00,4215.2998046875,4216.2001953125,4213.7998046875,4215.7001953125,81
2026-06-10 07:49:00+00:00,4213.89990234375,4215.7001953125,4213.0,4215.0,101
2026-06-10 07:50:00+00:00,4212.10009765625,4213.60009765625,4211.0,4213.39990234375,198
2026-06-10 07:51:00+00:00,4211.39990234375,4213.2998046875,4211.10009765625,4212.2001953125,170
2026-06-10 07:52:00+00:00,4205.2998046875,4211.2998046875,4205.10009765625,4211.0,348
2026-06-10 07:53:00+00:00,4207.2998046875,4207.5,4205.0,4205.60009765625,217
2026-06-10 07:54:00+00:00,4205.39990234375,4208.2998046875,4205.0,4207.10009765625,163
2026-06-10 07:55:00+00:00,4207.10009765625,4207.10009765625,4205.0,4205.7001953125,137
2026-06-10 07:56:00+00:00,4208.2001953125,4209.2998046875,4206.60009765625,4207.0,131
2026-06-10 07:57:00+00:00,4205.0,4208.7998046875,4205.0,4208.7998046875,108
2026-06-10 07:58:00+00:00,4209.2998046875,4209.39990234375,4205.39990234375,4205.39990234375,155
2026-06-10 07:59:00+00:00,4209.7001953125,4211.5,4209.10009765625,4209.2001953125,137
2026-06-10 08:00:00+00:00,4203.2001953125,4211.0,4202.60009765625,4209.39990234375,228
2026-06-10 08:01:00+00:00,4201.2998046875,4204.2001953125,4200.7001953125,4203.2998046875,221
2026-06-10 08:02:00+00:00,4197.7001953125,4201.7001953125,4197.39990234375,4201.39990234375,350
2026-06-10 08:03:00+00:00,4189.7001953125,4198.7998046875,4189.0,4197.5,483
2026-06-10 08:04:00+00:00,4187.10009765625,4190.39990234375,4184.7001953125,4190.0,477
2026-06-10 08:05:00+00:00,4189.0,4191.5,4185.5,4187.60009765625,294
2026-06-10 08:06:00+00:00,4190.10009765625,4190.39990234375,4187.5,4188.7001953125,112
2026-06-10 08:07:00+00:00,4193.7998046875,4194.5,4189.2001953125,4190.10009765625,233
2026-06-10 08:08:00+00:00,4190.7998046875,4194.0,4189.0,4193.89990234375,252
2026-06-10 08:09:00+00:00,4190.2001953125,4190.7001953125,4187.89990234375,4190.7001953125,125
2026-06-10 08:10:00+00:00,4193.39990234375,4194.0,4188.7998046875,4190.2998046875,139
2026-06-10 08:11:00+00:00,4194.89990234375,4195.2001953125,4191.7998046875,4193.60009765625,157
2026-06-10 08:12:00+00:00,4192.7998046875,4195.5,4192.60009765625,4194.39990234375,135
2026-06-10 08:13:00+00:00,4186.7998046875,4192.89990234375,4186.7998046875,4192.7998046875,160
2026-06-10 08:14:00+00:00,4189.89990234375,4190.5,4184.0,4187.5,327
2026-06-10 08:15:00+00:00,4194.5,4195.0,4189.0,4189.7001953125,306
2026-06-10 08:16:00+00:00,4198.60009765625,4201.60009765625,4194.2998046875,4194.5,270
2026-06-10 08:17:00+00:00,4199.60009765625,4201.2998046875,4198.7998046875,4199.0,156
2026-06-10 08:18:00+00:00,4196.0,4200.0,4195.5,4199.7998046875,124
2026-06-10 08:19:00+00:00,4196.5,4199.2998046875,4195.5,4196.5,60
2026-06-10 08:20:00+00:00,4193.7001953125,4197.39990234375,4193.7001953125,4196.5,119
2026-06-10 08:21:00+00:00,4193.0,4194.89990234375,4191.2001953125,4193.7001953125,117
2026-06-10 08:22:00+00:00,4193.10009765625,4193.7001953125,4192.2998046875,4193.10009765625,100
2026-06-10 08:23:00+00:00,4193.89990234375,4194.5,4192.7001953125,4193.5,136
2026-06-10 08:24:00+00:00,4193.7998046875,4195.2001953125,4192.0,4194.0,306
2026-06-10 08:25:00+00:00,4194.0,4196.2001953125,4193.7998046875,4194.5,72
2026-06-10 08:26:00+00:00,4193.2998046875,4195.60009765625,4192.7998046875,4194.2001953125,61
2026-06-10 08:27:00+00:00,4193.2998046875,4194.7998046875,4192.0,4193.0,155
2026-06-10 08:28:00+00:00,4195.5,4196.7001953125,4193.2998046875,4193.2998046875,69
2026-06-10 08:29:00+00:00,4194.7001953125,4196.5,4194.5,4195.39990234375,71
2026-06-10 08:30:00+00:00,4192.5,4195.0,4192.0,4194.7998046875,146
2026-06-10 08:31:00+00:00,4192.7998046875,4193.2998046875,4189.39990234375,4192.2998046875,282
2026-06-10 08:32:00+00:00,4190.2998046875,4192.5,4189.2998046875,4192.5,177
2026-06-10 08:33:00+00:00,4191.10009765625,4191.5,4190.0,4190.60009765625,68
2026-06-10 08:34:00+00:00,4191.10009765625,4192.2001953125,4190.7001953125,4191.10009765625,69
2026-06-10 08:35:00+00:00,4194.7998046875,4195.10009765625,4191.10009765625,4191.10009765625,56
2026-06-10 08:36:00+00:00,4198.39990234375,4198.60009765625,4194.7001953125,4195.0,96
2026-06-10 08:37:00+00:00,4197.39990234375,4198.39990234375,4195.7998046875,4198.2998046875,89
2026-06-10 08:38:00+00:00,4197.0,4197.39990234375,4195.60009765625,4197.39990234375,53
2026-06-10 08:39:00+00:00,4195.7998046875,4198.0,4194.7998046875,4197.5,51
2026-06-10 08:40:00+00:00,4197.5,4198.0,4195.5,4195.60009765625,43
2026-06-10 08:41:00+00:00,4200.5,4200.89990234375,4198.2998046875,4198.2998046875,122
2026-06-10 08:42:00+00:00,4200.2001953125,4202.0,4199.60009765625,4200.5,264
2026-06-10 08:43:00+00:00,4199.7998046875,4200.7998046875,4197.89990234375,4200.10009765625,554
2026-06-10 08:44:00+00:00,4193.2998046875,4199.39990234375,4192.7998046875,4199.2998046875,253
2026-06-10 08:45:00+00:00,4192.2998046875,4193.2001953125,4190.7001953125,4193.2001953125,206
2026-06-10 08:46:00+00:00,4190.2998046875,4192.5,4188.7001953125,4192.2998046875,172
2026-06-10 08:47:00+00:00,4192.39990234375,4192.5,4190.2998046875,4190.5,110
2026-06-10 08:48:00+00:00,4195.10009765625,4196.0,4192.10009765625,4192.10009765625,93
2026-06-10 08:49:00+00:00,4197.2001953125,4197.39990234375,4195.2998046875,4195.5,64
2026-06-10 08:50:00+00:00,4197.2998046875,4198.0,4196.10009765625,4197.10009765625,95
2026-06-10 08:51:00+00:00,4194.2998046875,4199.2001953125,4194.2998046875,4198.10009765625,114
2026-06-10 08:52:00+00:00,4197.0,4197.0,4193.7998046875,4194.60009765625,41
2026-06-10 08:53:00+00:00,4197.60009765625,4197.60009765625,4195.2001953125,4196.5,50
2026-06-10 08:54:00+00:00,4193.7998046875,4197.60009765625,4193.7998046875,4197.60009765625,49
2026-06-10 08:55:00+00:00,4194.7998046875,4195.39990234375,4193.0,4194.2001953125,103
2026-06-10 08:56:00+00:00,4194.39990234375,4195.0,4192.7001953125,4194.39990234375,239
2026-06-10 08:57:00+00:00,4193.2001953125,4194.60009765625,4192.7001953125,4194.2998046875,140
2026-06-10 08:58:00+00:00,4190.89990234375,4193.2001953125,4190.5,4192.7998046875,174
2026-06-10 08:59:00+00:00,4191.7001953125,4192.39990234375,4190.7001953125,4191.2001953125,62
2026-06-10 09:00:00+00:00,4191.39990234375,4192.2001953125,4189.7001953125,4192.0,143
2026-06-10 09:01:00+00:00,4191.60009765625,4191.7001953125,4190.2998046875,4191.7001953125,62
2026-06-10 09:02:00+00:00,4188.7001953125,4191.7998046875,4188.10009765625,4191.60009765625,70
2026-06-10 09:03:00+00:00,4190.2001953125,4192.39990234375,4188.2001953125,4188.5,208
2026-06-10 09:04:00+00:00,4190.2001953125,4191.5,4189.7998046875,4189.89990234375,72
2026-06-10 09:05:00+00:00,4192.0,4192.2001953125,4189.60009765625,4190.5,94
2026-06-10 09:06:00+00:00,4191.39990234375,4194.2998046875,4191.10009765625,4192.0,101
2026-06-10 09:07:00+00:00,4192.39990234375,4193.2001953125,4189.39990234375,4191.0,77
2026-06-10 09:08:00+00:00,4191.39990234375,4192.7001953125,4191.39990234375,4192.2998046875,50
2026-06-10 09:09:00+00:00,4193.2001953125,4193.60009765625,4191.7001953125,4191.7001953125,48
2026-06-10 09:10:00+00:00,4194.7998046875,4197.10009765625,4192.60009765625,4192.7001953125,118
2026-06-10 09:11:00+00:00,4191.7998046875,4195.10009765625,4191.7998046875,4195.0,102
2026-06-10 09:12:00+00:00,4189.89990234375,4192.2001953125,4189.89990234375,4191.7998046875,70
2026-06-10 09:13:00+00:00,4191.0,4191.7998046875,4189.10009765625,4189.7998046875,55
2026-06-10 09:14:00+00:00,4187.7001953125,4191.39990234375,4187.7001953125,4191.39990234375,184
2026-06-10 09:15:00+00:00,4190.10009765625,4191.2001953125,4187.0,4187.60009765625,145
2026-06-10 09:16:00+00:00,4192.60009765625,4192.7998046875,4188.89990234375,4190.10009765625,122
2026-06-10 09:17:00+00:00,4195.5,4196.0,4192.0,4192.5,173
2026-06-10 09:18:00+00:00,4194.7998046875,4197.7001953125,4194.7998046875,4195.5,129
2026-06-10 09:19:00+00:00,4194.10009765625,4196.5,4193.7001953125,4194.7998046875,80
2026-06-10 09:20:00+00:00,4193.0,4193.7001953125,4191.10009765625,4193.7001953125,84
2026-06-10 09:21:00+00:00,4191.5,4193.7998046875,4191.2998046875,4193.0,52
2026-06-10 09:22:00+00:00,4189.5,4191.7998046875,4189.0,4191.5,110
2026-06-10 09:23:00+00:00,4190.0,4190.7998046875,4188.7001953125,4189.2001953125,161
2026-06-10 09:24:00+00:00,4190.89990234375,4192.0,4189.2001953125,4189.89990234375,110
2026-06-10 09:25:00+00:00,4193.60009765625,4193.60009765625,4190.89990234375,4191.0,81
2026-06-10 09:26:00+00:00,4192.60009765625,4194.60009765625,4191.5,4193.7998046875,193
2026-06-10 09:27:00+00:00,4191.39990234375,4194.0,4190.89990234375,4192.7998046875,135
2026-06-10 09:28:00+00:00,4189.39990234375,4192.2998046875,4189.2001953125,4191.39990234375,142
2026-06-10 09:29:00+00:00,4189.0,4189.7998046875,4186.89990234375,4189.2001953125,218
2026-06-10 09:30:00+00:00,4191.5,4192.7998046875,4188.60009765625,4188.60009765625,240
2026-06-10 09:31:00+00:00,4191.60009765625,4192.7998046875,4190.7001953125,4192.10009765625,263
2026-06-10 09:32:00+00:00,4197.7001953125,4198.89990234375,4191.7998046875,4191.7998046875,330
2026-06-10 09:33:00+00:00,4196.10009765625,4198.60009765625,4196.10009765625,4198.10009765625,157
2026-06-10 09:34:00+00:00,4199.89990234375,4200.2998046875,4196.2001953125,4196.5,192
2026-06-10 09:35:00+00:00,4200.39990234375,4200.7001953125,4199.2001953125,4199.60009765625,94
2026-06-10 09:36:00+00:00,4196.60009765625,4202.60009765625,4196.2998046875,4200.89990234375,194
2026-06-10 09:37:00+00:00,4196.5,4197.60009765625,4195.39990234375,4197.0,64
2026-06-10 09:38:00+00:00,4197.10009765625,4198.7998046875,4196.0,4196.0,65
2026-06-10 09:39:00+00:00,4195.10009765625,4197.10009765625,4193.7001953125,4197.10009765625,57
2026-06-10 09:40:00+00:00,4191.7998046875,4195.60009765625,4190.39990234375,4195.2998046875,206
2026-06-10 09:41:00+00:00,4191.7001953125,4192.89990234375,4190.2998046875,4191.7998046875,70
2026-06-10 09:42:00+00:00,4191.39990234375,4192.60009765625,4190.2998046875,4191.7001953125,73
2026-06-10 09:43:00+00:00,4193.7998046875,4193.7998046875,4190.39990234375,4191.2998046875,57
2026-06-10 09:44:00+00:00,4194.2998046875,4194.5,4192.7001953125,4193.10009765625,51
2026-06-10 09:45:00+00:00,4196.5,4196.7001953125,4194.39990234375,4194.5,56
2026-06-10 09:46:00+00:00,4196.39990234375,4197.60009765625,4196.0,4196.2001953125,112
2026-06-10 09:47:00+00:00,4190.7001953125,4196.7001953125,4190.7001953125,4196.7001953125,236
2026-06-10 09:48:00+00:00,4190.10009765625,4191.7001953125,4188.89990234375,4190.5,202
2026-06-10 09:49:00+00:00,4191.10009765625,4192.0,4189.89990234375,4190.10009765625,107
2026-06-10 09:50:00+00:00,4190.60009765625,4191.5,4189.5,4191.0,125
2026-06-10 09:51:00+00:00,4191.10009765625,4191.5,4189.7001953125,4190.5,52
2026-06-10 09:52:00+00:00,4188.10009765625,4191.5,4187.7001953125,4191.2001953125,125
2026-06-10 09:53:00+00:00,4186.7998046875,4188.39990234375,4185.60009765625,4187.7001953125,150
2026-06-10 09:54:00+00:00,4188.7001953125,4189.2998046875,4187.10009765625,4187.2998046875,58
2026-06-10 09:55:00+00:00,4189.0,4189.39990234375,4188.10009765625,4188.60009765625,57
2026-06-10 09:56:00+00:00,4189.7998046875,4189.89990234375,4188.5,4188.7001953125,49
2026-06-10 09:57:00+00:00,4188.89990234375,4190.2001953125,4188.2998046875,4190.2001953125,99
2026-06-10 09:58:00+00:00,4190.2998046875,4190.5,4189.39990234375,4189.39990234375,33
2026-06-10 09:59:00+00:00,4191.60009765625,4192.10009765625,4189.39990234375,4189.7998046875,194
2026-06-10 10:00:00+00:00,4190.89990234375,4193.2998046875,4190.7998046875,4191.60009765625,332
2026-06-10 10:01:00+00:00,4193.2001953125,4193.5,4189.89990234375,4191.0,122
2026-06-10 10:02:00+00:00,4192.89990234375,4193.7998046875,4192.60009765625,4193.39990234375,70
2026-06-10 10:03:00+00:00,4191.2998046875,4193.0,4190.7998046875,4192.5,81
2026-06-10 10:04:00+00:00,4192.10009765625,4193.0,4190.60009765625,4191.2001953125,102
2026-06-10 10:05:00+00:00,4189.39990234375,4192.2998046875,4188.0,4192.0,70
2026-06-10 10:06:00+00:00,4185.7001953125,4189.7998046875,4185.7001953125,4189.10009765625,127
2026-06-10 10:07:00+00:00,4179.2998046875,4186.39990234375,4179.10009765625,4185.7001953125,442
2026-06-10 10:08:00+00:00,4179.7001953125,4181.0,4178.5,4179.39990234375,366
2026-06-10 10:09:00+00:00,4182.5,4183.10009765625,4179.7998046875,4180.10009765625,149
2026-06-10 10:10:00+00:00,4179.7001953125,4182.7998046875,4178.5,4182.39990234375,169
2026-06-10 10:11:00+00:00,4181.7998046875,4182.7001953125,4179.2998046875,4179.89990234375,82
2026-06-10 10:12:00+00:00,4184.60009765625,4184.7001953125,4181.10009765625,4181.60009765625,105
2026-06-10 10:13:00+00:00,4183.60009765625,4185.10009765625,4182.60009765625,4184.7001953125,53
2026-06-10 10:14:00+00:00,4184.0,4185.10009765625,4183.60009765625,4183.7001953125,95
2026-06-10 10:15:00+00:00,4182.7001953125,4184.5,4182.39990234375,4183.7001953125,104
2026-06-10 10:16:00+00:00,4183.7998046875,4184.2001953125,4182.89990234375,4183.0,36
2026-06-10 10:17:00+00:00,4183.60009765625,4184.2001953125,4182.7998046875,4183.7001953125,30
2026-06-10 10:18:00+00:00,4184.2001953125,4186.7001953125,4183.2998046875,4183.60009765625,250
2026-06-10 10:19:00+00:00,4187.10009765625,4187.60009765625,4184.2998046875,4184.39990234375,120
2026-06-10 10:20:00+00:00,4187.7001953125,4187.7998046875,4186.39990234375,4187.10009765625,52
2026-06-10 10:21:00+00:00,4192.2998046875,4192.7998046875,4187.89990234375,4188.0,125
2026-06-10 10:22:00+00:00,4191.2998046875,4192.7001953125,4191.10009765625,4191.89990234375,42
2026-06-10 10:23:00+00:00,4189.5,4191.60009765625,4189.39990234375,4191.5,114
2026-06-10 10:24:00+00:00,4189.60009765625,4190.39990234375,4188.0,4189.2998046875,105
2026-06-10 10:25:00+00:00,4188.0,4189.89990234375,4187.89990234375,4189.39990234375,84
2026-06-10 10:26:00+00:00,4186.39990234375,4187.7998046875,4185.5,4187.7998046875,81
2026-06-10 10:27:00+00:00,4188.10009765625,4188.2998046875,4186.60009765625,4186.60009765625,26
2026-06-10 10:28:00+00:00,4191.2001953125,4191.7998046875,4187.2001953125,4187.7998046875,109
2026-06-10 10:29:00+00:00,4187.60009765625,4192.0,4187.60009765625,4191.39990234375,95
2026-06-10 10:30:00+00:00,4190.89990234375,4191.7001953125,4186.7998046875,4187.39990234375,83
2026-06-10 10:31:00+00:00,4190.2001953125,4190.89990234375,4189.39990234375,4190.39990234375,51
2026-06-10 10:32:00+00:00,4189.39990234375,4190.60009765625,4189.10009765625,4190.2998046875,37
2026-06-10 10:33:00+00:00,4190.7001953125,4191.7998046875,4190.0,4190.0,36
2026-06-10 10:34:00+00:00,4187.7998046875,4190.5,4187.60009765625,4190.5,76
2026-06-10 10:35:00+00:00,4187.7998046875,4189.60009765625,4187.0,4188.0,87
2026-06-10 10:36:00+00:00,4191.10009765625,4191.10009765625,4187.7001953125,4187.7001953125,36
2026-06-10 10:37:00+00:00,4191.2001953125,4191.89990234375,4190.5,4191.89990234375,79
2026-06-10 10:38:00+00:00,4189.5,4192.0,4189.2001953125,4191.60009765625,32
2026-06-10 10:39:00+00:00,4189.89990234375,4189.89990234375,4188.7998046875,4189.2998046875,29
2026-06-10 10:40:00+00:00,4188.2998046875,4190.39990234375,4187.10009765625,4190.2001953125,115
2026-06-10 10:41:00+00:00,4190.10009765625,4190.7001953125,4188.7001953125,4188.7001953125,45
2026-06-10 10:42:00+00:00,4191.7001953125,4191.7998046875,4189.60009765625,4189.7998046875,33
2026-06-10 10:43:00+00:00,4191.10009765625,4193.7001953125,4190.7998046875,4191.7001953125,62
2026-06-10 10:44:00+00:00,4194.10009765625,4194.2001953125,4190.7001953125,4191.2998046875,34
2026-06-10 10:45:00+00:00,4193.39990234375,4194.2001953125,4193.0,4194.10009765625,68
2026-06-10 10:46:00+00:00,4193.7998046875,4194.0,4192.60009765625,4193.60009765625,85
2026-06-10 10:47:00+00:00,4193.89990234375,4196.0,4193.10009765625,4193.39990234375,100
2026-06-10 10:48:00+00:00,4195.10009765625,4195.10009765625,4193.10009765625,4194.10009765625,89
2026-06-10 10:49:00+00:00,4200.2001953125,4200.2998046875,4195.2001953125,4195.2001953125,195
2026-06-10 10:50:00+00:00,4198.7001953125,4201.5,4198.10009765625,4199.89990234375,148
2026-06-10 10:51:00+00:00,4197.39990234375,4198.60009765625,4197.39990234375,4198.39990234375,50
2026-06-10 10:52:00+00:00,4196.2998046875,4198.2998046875,4196.10009765625,4197.10009765625,54
2026-06-10 10:53:00+00:00,4195.7998046875,4196.2998046875,4194.0,4195.89990234375,39
2026-06-10 10:54:00+00:00,4194.60009765625,4196.0,4194.10009765625,4195.7998046875,76
2026-06-10 10:55:00+00:00,4195.5,4195.5,4194.10009765625,4194.2998046875,45
2026-06-10 10:56:00+00:00,4198.2001953125,4198.89990234375,4194.60009765625,4194.60009765625,174
2026-06-10 10:57:00+00:00,4199.10009765625,4201.0,4197.39990234375,4198.10009765625,151
2026-06-10 10:58:00+00:00,4198.60009765625,4199.60009765625,4196.89990234375,4199.39990234375,87
2026-06-10 10:59:00+00:00,4197.5,4198.2001953125,4196.5,4198.2001953125,51
2026-06-10 11:00:00+00:00,4196.7001953125,4198.60009765625,4196.0,4197.5,86
2026-06-10 11:01:00+00:00,4196.89990234375,4197.5,4196.7001953125,4196.7001953125,59
2026-06-10 11:02:00+00:00,4197.60009765625,4198.60009765625,4196.7001953125,4196.7998046875,48
2026-06-10 11:03:00+00:00,4184.7998046875,4197.7001953125,4184.0,4197.7001953125,858
2026-06-10 11:04:00+00:00,4184.2998046875,4188.5,4182.7001953125,4185.10009765625,339
2026-06-10 11:05:00+00:00,4185.39990234375,4186.7001953125,4176.0,4184.7001953125,531
2026-06-10 11:06:00+00:00,4184.7998046875,4185.7001953125,4180.89990234375,4184.7001953125,233
2026-06-10 11:07:00+00:00,4186.0,4187.39990234375,4183.60009765625,4184.7998046875,192
2026-06-10 11:08:00+00:00,4185.39990234375,4186.2998046875,4184.0,4184.89990234375,96
2026-06-10 11:09:00+00:00,4184.0,4186.2998046875,4181.39990234375,4185.5,111
2026-06-10 11:10:00+00:00,4185.7001953125,4187.0,4183.60009765625,4183.7998046875,146
2026-06-10 11:11:00+00:00,4187.2001953125,4189.2998046875,4185.89990234375,4185.89990234375,169
2026-06-10 11:12:00+00:00,4187.5,4189.0,4186.7001953125,4187.39990234375,93
2026-06-10 11:13:00+00:00,4187.10009765625,4188.0,4186.0,4187.7001953125,44
2026-06-10 11:14:00+00:00,4191.2998046875,4191.60009765625,4185.39990234375,4185.39990234375,144
2026-06-10 11:15:00+00:00,4194.2001953125,4194.60009765625,4191.2001953125,4191.39990234375,172
2026-06-10 11:16:00+00:00,4190.7001953125,4193.7998046875,4189.10009765625,4193.7998046875,109
2026-06-10 11:17:00+00:00,4189.60009765625,4192.0,4189.60009765625,4190.2001953125,38
2026-06-10 11:18:00+00:00,4189.60009765625,4191.7998046875,4188.89990234375,4189.5,117
2026-06-10 11:19:00+00:00,4187.60009765625,4190.7998046875,4187.2001953125,4190.0,71
2026-06-10 11:20:00+00:00,4188.10009765625,4190.89990234375,4187.5,4187.5,78
2026-06-10 11:21:00+00:00,4190.39990234375,4191.7998046875,4188.5,4188.5,108
2026-06-10 11:22:00+00:00,4191.7998046875,4193.2998046875,4189.60009765625,4189.7998046875,66
2026-06-10 11:23:00+00:00,4192.2998046875,4193.39990234375,4191.2998046875,4192.0,29
2026-06-10 11:24:00+00:00,4186.60009765625,4192.10009765625,4186.10009765625,4191.5,239
2026-06-10 11:25:00+00:00,4181.89990234375,4187.10009765625,4179.5,4186.10009765625,900
2026-06-10 11:26:00+00:00,4185.60009765625,4186.2998046875,4180.89990234375,4182.60009765625,165
2026-06-10 11:27:00+00:00,4188.2001953125,4189.60009765625,4184.7998046875,4184.7998046875,184
2026-06-10 11:28:00+00:00,4188.0,4189.0,4187.0,4188.5,85
2026-06-10 11:29:00+00:00,4189.2001953125,4189.2001953125,4186.39990234375,4188.0,36
2026-06-10 11:30:00+00:00,4188.89990234375,4190.60009765625,4187.5,4188.7998046875,75
2026-06-10 11:31:00+00:00,4184.60009765625,4188.7001953125,4184.0,4188.39990234375,52
2026-06-10 11:32:00+00:00,4185.39990234375,4187.89990234375,4184.2998046875,4184.7001953125,96
2026-06-10 11:33:00+00:00,4187.5,4189.2001953125,4185.10009765625,4185.5,146
2026-06-10 11:34:00+00:00,4187.39990234375,4188.10009765625,4185.0,4187.10009765625,98
2026-06-10 11:35:00+00:00,4185.89990234375,4188.5,4184.7998046875,4187.60009765625,69
2026-06-10 11:36:00+00:00,4186.7998046875,4187.10009765625,4184.5,4186.0,56
2026-06-10 11:37:00+00:00,4183.5,4187.0,4182.39990234375,4186.89990234375,68
2026-06-10 11:38:00+00:00,4180.10009765625,4184.0,4179.0,4183.10009765625,167
2026-06-10 11:39:00+00:00,4179.0,4180.2998046875,4178.89990234375,4179.89990234375,279
2026-06-10 11:40:00+00:00,4181.10009765625,4182.60009765625,4179.39990234375,4179.5,131
2026-06-10 11:41:00+00:00,4180.0,4180.89990234375,4179.0,4180.89990234375,151
2026-06-10 11:42:00+00:00,4180.0,4181.2998046875,4179.2998046875,4180.2998046875,111
2026-06-10 11:43:00+00:00,4181.39990234375,4181.7998046875,4179.0,4179.7998046875,115
2026-06-10 11:44:00+00:00,4177.10009765625,4181.2998046875,4176.89990234375,4181.10009765625,238
2026-06-10 11:45:00+00:00,4175.60009765625,4177.60009765625,4174.2001953125,4176.7998046875,715
2026-06-10 11:46:00+00:00,4175.7001953125,4176.89990234375,4175.2998046875,4175.89990234375,133
2026-06-10 11:47:00+00:00,4177.60009765625,4177.89990234375,4175.0,4176.10009765625,115
2026-06-10 11:48:00+00:00,4177.2998046875,4178.2001953125,4176.10009765625,4178.10009765625,121
2026-06-10 11:49:00+00:00,4177.7998046875,4178.2001953125,4175.60009765625,4177.7998046875,84
2026-06-10 11:50:00+00:00,4179.7001953125,4179.7998046875,4177.39990234375,4178.10009765625,132
2026-06-10 11:51:00+00:00,4184.7998046875,4186.2001953125,4179.10009765625,4179.5,264
2026-06-10 11:52:00+00:00,4183.7001953125,4186.2001953125,4183.7001953125,4185.0,158
2026-06-10 11:53:00+00:00,4180.7001953125,4185.2001953125,4179.89990234375,4183.2998046875,135
2026-06-10 11:54:00+00:00,4177.0,4180.7998046875,4176.2998046875,4180.60009765625,157
2026-06-10 11:55:00+00:00,4175.7001953125,4178.60009765625,4175.2001953125,4177.10009765625,154
2026-06-10 11:56:00+00:00,4173.5,4176.7001953125,4172.60009765625,4175.5,415
2026-06-10 11:57:00+00:00,4173.10009765625,4175.39990234375,4172.89990234375,4173.2998046875,85
2026-06-10 11:58:00+00:00,4169.7001953125,4175.0,4169.7001953125,4173.0,295
2026-06-10 11:59:00+00:00,4170.2001953125,4171.0,4168.2001953125,4169.7001953125,363
2026-06-10 12:00:00+00:00,4171.2998046875,4173.5,4169.2001953125,4169.89990234375,412
2026-06-10 12:01:00+00:00,4170.2001953125,4171.60009765625,4168.0,4171.60009765625,260
2026-06-10 12:02:00+00:00,4173.10009765625,4173.2998046875,4169.89990234375,4169.89990234375,123
2026-06-10 12:03:00+00:00,4171.7998046875,4175.2001953125,4171.10009765625,4173.2998046875,153
2026-06-10 12:04:00+00:00,4169.39990234375,4172.39990234375,4169.10009765625,4171.5,157
2026-06-10 12:05:00+00:00,4173.0,4173.0,4169.5,4169.5,172
2026-06-10 12:06:00+00:00,4170.7001953125,4172.7001953125,4169.5,4172.60009765625,69
2026-06-10 12:07:00+00:00,4169.60009765625,4170.89990234375,4167.7001953125,4170.60009765625,161
2026-06-10 12:08:00+00:00,4168.2998046875,4170.39990234375,4167.60009765625,4169.89990234375,98
2026-06-10 12:09:00+00:00,4167.2001953125,4170.10009765625,4167.10009765625,4168.39990234375,128
2026-06-10 12:10:00+00:00,4162.60009765625,4167.60009765625,4162.2998046875,4167.2998046875,429
2026-06-10 12:11:00+00:00,4162.89990234375,4164.5,4162.0,4162.39990234375,259
2026-06-10 12:12:00+00:00,4159.60009765625,4164.0,4157.10009765625,4163.10009765625,454
2026-06-10 12:13:00+00:00,4161.2001953125,4164.39990234375,4158.2001953125,4159.5,488
2026-06-10 12:14:00+00:00,4158.89990234375,4161.10009765625,4157.0,4160.7001953125,395
2026-06-10 12:15:00+00:00,4159.89990234375,4165.0,4158.10009765625,4158.60009765625,560
2026-06-10 12:16:00+00:00,4164.0,4164.5,4160.2998046875,4160.2998046875,204
2026-06-10 12:17:00+00:00,4165.0,4165.39990234375,4162.5,4163.2998046875,163
2026-06-10 12:18:00+00:00,4159.5,4165.10009765625,4158.7001953125,4165.0,164
2026-06-10 12:19:00+00:00,4159.10009765625,4160.7998046875,4158.10009765625,4159.60009765625,211
2026-06-10 12:20:00+00:00,4157.7998046875,4159.60009765625,4156.5,4159.2998046875,1116
2026-06-10 12:21:00+00:00,4158.2001953125,4160.2998046875,4157.7998046875,4157.7998046875,237
2026-06-10 12:22:00+00:00,4158.0,4160.0,4157.5,4158.5,217
2026-06-10 12:23:00+00:00,4157.7001953125,4158.5,4156.5,4157.7001953125,351
2026-06-10 12:24:00+00:00,4157.60009765625,4159.2998046875,4156.5,4157.7998046875,327
2026-06-10 12:25:00+00:00,4161.7001953125,4161.7998046875,4157.0,4157.10009765625,367
2026-06-10 12:26:00+00:00,4163.60009765625,4164.7998046875,4161.10009765625,4162.0,161
2026-06-10 12:27:00+00:00,4157.10009765625,4164.0,4153.2998046875,4163.2001953125,749
2026-06-10 12:28:00+00:00,4162.0,4162.0,4157.0,4157.0,351
2026-06-10 12:29:00+00:00,4165.10009765625,4166.2998046875,4152.0,4162.2998046875,440
2026-06-10 12:30:00+00:00,4192.60009765625,4197.2998046875,4161.5,4164.39990234375,2333
2026-06-10 12:31:00+00:00,4179.2998046875,4194.39990234375,4178.10009765625,4192.2998046875,911
2026-06-10 12:32:00+00:00,4185.89990234375,4186.2001953125,4177.5,4178.7998046875,484
2026-06-10 12:33:00+00:00,4189.39990234375,4194.7001953125,4185.0,4185.7998046875,489
2026-06-10 12:34:00+00:00,4185.7001953125,4190.7998046875,4181.7998046875,4189.7998046875,400
2026-06-10 12:35:00+00:00,4181.2001953125,4187.5,4181.0,4186.39990234375,357
2026-06-10 12:36:00+00:00,4189.89990234375,4189.89990234375,4179.5,4181.5,310
2026-06-10 12:37:00+00:00,4189.7001953125,4196.5,4188.60009765625,4189.39990234375,341
2026-06-10 12:38:00+00:00,4187.89990234375,4191.0,4185.60009765625,4190.39990234375,311
2026-06-10 12:39:00+00:00,4184.10009765625,4189.2001953125,4184.10009765625,4187.7001953125,136
2026-06-10 12:40:00+00:00,4182.7998046875,4185.2001953125,4178.5,4184.2998046875,293
2026-06-10 12:41:00+00:00,4188.10009765625,4188.2001953125,4181.0,4182.89990234375,240
2026-06-10 12:42:00+00:00,4184.2001953125,4190.10009765625,4181.89990234375,4188.0,231
2026-06-10 12:43:00+00:00,4183.7001953125,4186.7998046875,4182.2998046875,4184.7001953125,174
2026-06-10 12:44:00+00:00,4183.5,4183.89990234375,4181.0,4183.89990234375,224
2026-06-10 12:45:00+00:00,4182.39990234375,4184.39990234375,4180.7998046875,4183.7998046875,249
2026-06-10 12:46:00+00:00,4188.0,4192.7998046875,4182.2001953125,4182.2001953125,522
2026-06-10 12:47:00+00:00,4182.2998046875,4188.7001953125,4182.0,4187.7001953125,176
2026-06-10 12:48:00+00:00,4181.39990234375,4185.5,4181.0,4182.39990234375,251
2026-06-10 12:49:00+00:00,4180.60009765625,4182.5,4179.2001953125,4182.2001953125,223
2026-06-10 12:50:00+00:00,4179.0,4181.60009765625,4176.2998046875,4181.39990234375,205
2026-06-10 12:51:00+00:00,4176.2998046875,4178.7001953125,4174.7998046875,4178.60009765625,277
2026-06-10 12:52:00+00:00,4173.2998046875,4177.60009765625,4171.60009765625,4176.7001953125,279
2026-06-10 12:53:00+00:00,4176.60009765625,4178.5,4174.2001953125,4174.5,188
2026-06-10 12:54:00+00:00,4174.60009765625,4178.2001953125,4173.60009765625,4176.0,175
2026-06-10 12:55:00+00:00,4173.2001953125,4175.39990234375,4172.5,4174.5,89
2026-06-10 12:56:00+00:00,4167.2998046875,4173.89990234375,4166.10009765625,4173.5,337
2026-06-10 12:57:00+00:00,4166.10009765625,4170.39990234375,4165.7001953125,4167.0,288
2026-06-10 12:58:00+00:00,4168.2998046875,4170.0,4164.89990234375,4166.2001953125,231
2026-06-10 12:59:00+00:00,4169.60009765625,4170.89990234375,4168.0,4169.0,236
2026-06-10 13:00:00+00:00,4171.10009765625,4174.7998046875,4167.60009765625,4170.10009765625,529
2026-06-10 13:01:00+00:00,4177.10009765625,4179.0,4170.0,4170.89990234375,425
2026-06-10 13:02:00+00:00,4176.60009765625,4177.60009765625,4173.89990234375,4177.2001953125,375
2026-06-10 13:03:00+00:00,4175.39990234375,4179.39990234375,4171.39990234375,4176.60009765625,657
2026-06-10 13:04:00+00:00,4176.0,4176.89990234375,4173.89990234375,4174.7001953125,292
2026-06-10 13:05:00+00:00,4175.2998046875,4176.89990234375,4174.0,4175.89990234375,485
2026-06-10 13:06:00+00:00,4178.10009765625,4178.10009765625,4175.10009765625,4175.5,281
2026-06-10 13:07:00+00:00,4177.0,4179.60009765625,4176.10009765625,4177.7998046875,138
2026-06-10 13:08:00+00:00,4177.2998046875,4181.2001953125,4176.60009765625,4177.2001953125,364
2026-06-10 13:09:00+00:00,4177.2001953125,4178.2001953125,4171.39990234375,4177.7001953125,366
2026-06-10 13:10:00+00:00,4175.2998046875,4179.10009765625,4171.60009765625,4177.5,295
2026-06-10 13:11:00+00:00,4178.60009765625,4180.2998046875,4174.60009765625,4175.10009765625,420
2026-06-10 13:12:00+00:00,4177.5,4180.2998046875,4177.2998046875,4178.2998046875,202
2026-06-10 13:13:00+00:00,4177.89990234375,4179.0,4176.7998046875,4178.0,87
2026-06-10 13:14:00+00:00,4174.0,4178.39990234375,4172.89990234375,4178.2001953125,269
2026-06-10 13:15:00+00:00,4164.7998046875,4174.2998046875,4164.2001953125,4174.2998046875,401
2026-06-10 13:16:00+00:00,4159.7001953125,4167.7001953125,4159.10009765625,4164.60009765625,459
2026-06-10 13:17:00+00:00,4161.2001953125,4162.7001953125,4156.7001953125,4160.10009765625,333
2026-06-10 13:18:00+00:00,4164.10009765625,4165.5,4160.7998046875,4161.39990234375,210
2026-06-10 13:19:00+00:00,4158.10009765625,4164.60009765625,4158.0,4164.39990234375,323
2026-06-10 13:20:00+00:00,4158.10009765625,4158.7998046875,4154.89990234375,4157.89990234375,393
2026-06-10 13:21:00+00:00,4158.7998046875,4161.2001953125,4158.0,4158.2998046875,218
2026-06-10 13:22:00+00:00,4160.0,4160.5,4157.5,4158.5,146
2026-06-10 13:23:00+00:00,4162.10009765625,4162.10009765625,4159.0,4160.0,123
2026-06-10 13:24:00+00:00,4167.0,4169.39990234375,4161.5,4161.89990234375,280
2026-06-10 13:25:00+00:00,4171.2998046875,4172.5,4165.89990234375,4166.60009765625,220
2026-06-10 13:26:00+00:00,4170.2001953125,4172.10009765625,4169.60009765625,4171.2998046875,92
2026-06-10 13:27:00+00:00,4172.7998046875,4172.7998046875,4168.2001953125,4171.0,193
2026-06-10 13:28:00+00:00,4172.7001953125,4174.10009765625,4171.0,4173.0,154
2026-06-10 13:29:00+00:00,4172.10009765625,4173.60009765625,4170.5,4172.7001953125,167
2026-06-10 13:30:00+00:00,4171.89990234375,4176.7998046875,4169.2998046875,4172.0,584
2026-06-10 13:31:00+00:00,4174.2001953125,4174.7001953125,4168.60009765625,4171.7001953125,283
2026-06-10 13:32:00+00:00,4168.89990234375,4174.89990234375,4168.60009765625,4174.0,188
2026-06-10 13:33:00+00:00,4167.7001953125,4170.0,4166.2001953125,4169.0,211
2026-06-10 13:34:00+00:00,4165.89990234375,4170.39990234375,4165.5,4167.7998046875,198
2026-06-10 13:35:00+00:00,4176.39990234375,4177.5,4164.7998046875,4166.0,343
2026-06-10 13:36:00+00:00,4181.89990234375,4182.60009765625,4174.39990234375,4175.0,685
2026-06-10 13:37:00+00:00,4184.7998046875,4187.7001953125,4180.5,4182.2001953125,921
2026-06-10 13:38:00+00:00,4187.39990234375,4191.89990234375,4182.7998046875,4184.2998046875,718
2026-06-10 13:39:00+00:00,4188.89990234375,4191.39990234375,4185.10009765625,4186.7001953125,707
2026-06-10 13:40:00+00:00,4189.0,4190.7001953125,4187.0,4189.2001953125,380
2026-06-10 13:41:00+00:00,4192.60009765625,4192.60009765625,4186.10009765625,4188.5,405
2026-06-10 13:42:00+00:00,4194.0,4196.39990234375,4189.89990234375,4192.39990234375,613
2026-06-10 13:43:00+00:00,4195.60009765625,4197.60009765625,4191.60009765625,4193.7998046875,427
2026-06-10 13:44:00+00:00,4203.10009765625,4203.10009765625,4195.2001953125,4195.2001953125,537
2026-06-10 13:45:00+00:00,4207.0,4208.39990234375,4196.2998046875,4202.10009765625,802
2026-06-10 13:46:00+00:00,4200.2001953125,4207.2998046875,4198.7001953125,4207.2998046875,556
2026-06-10 13:47:00+00:00,4200.10009765625,4201.7998046875,4199.2001953125,4200.2001953125,282
2026-06-10 13:48:00+00:00,4205.7001953125,4205.89990234375,4200.0,4200.2001953125,442
2026-06-10 13:49:00+00:00,4209.0,4209.0,4202.89990234375,4205.89990234375,588
2026-06-10 13:50:00+00:00,4202.0,4209.0,4201.39990234375,4208.7998046875,361
2026-06-10 13:51:00+00:00,4200.7998046875,4204.5,4199.0,4201.7998046875,289
2026-06-10 13:52:00+00:00,4205.7998046875,4206.5,4200.39990234375,4200.39990234375,430
2026-06-10 13:53:00+00:00,4204.0,4209.5,4203.39990234375,4206.39990234375,541
2026-06-10 13:54:00+00:00,4203.60009765625,4207.0,4201.7998046875,4203.7998046875,258
2026-06-10 13:55:00+00:00,4200.39990234375,4204.10009765625,4198.39990234375,4203.5,312
2026-06-10 13:56:00+00:00,4203.7998046875,4204.2001953125,4200.10009765625,4200.2001953125,252
2026-06-10 13:57:00+00:00,4203.2998046875,4207.0,4201.7998046875,4203.2001953125,213
2026-06-10 13:58:00+00:00,4201.2998046875,4203.60009765625,4199.5,4202.89990234375,178
2026-06-10 13:59:00+00:00,4203.0,4203.0,4199.89990234375,4201.7001953125,154
2026-06-10 14:00:00+00:00,4198.10009765625,4204.10009765625,4194.5,4202.60009765625,797
2026-06-10 14:01:00+00:00,4194.7001953125,4200.5,4193.7998046875,4198.2001953125,481
2026-06-10 14:02:00+00:00,4195.2998046875,4197.2998046875,4193.7998046875,4194.39990234375,350
2026-06-10 14:03:00+00:00,4200.10009765625,4203.0,4195.10009765625,4195.10009765625,424
2026-06-10 14:04:00+00:00,4194.5,4200.5,4193.7998046875,4200.2001953125,307
2026-06-10 14:05:00+00:00,4194.5,4196.60009765625,4193.0,4194.7001953125,328
2026-06-10 14:06:00+00:00,4196.89990234375,4198.10009765625,4194.5,4194.5,235
2026-06-10 14:07:00+00:00,4196.7001953125,4198.2998046875,4195.10009765625,4197.10009765625,170
2026-06-10 14:08:00+00:00,4196.7001953125,4197.2001953125,4193.89990234375,4196.89990234375,103
2026-06-10 14:09:00+00:00,4196.60009765625,4199.89990234375,4195.60009765625,4196.5,142
2026-06-10 14:10:00+00:00,4196.2998046875,4198.2001953125,4193.60009765625,4196.7998046875,116
2026-06-10 14:11:00+00:00,4198.5,4200.89990234375,4195.60009765625,4196.39990234375,124
2026-06-10 14:12:00+00:00,4198.60009765625,4199.7998046875,4197.7998046875,4199.60009765625,74
2026-06-10 14:13:00+00:00,4202.7001953125,4203.5,4196.5,4198.89990234375,344
2026-06-10 14:14:00+00:00,4197.60009765625,4203.2001953125,4196.0,4202.2998046875,136
2026-06-10 14:15:00+00:00,4192.0,4198.2001953125,4191.2998046875,4198.0,156
2026-06-10 14:16:00+00:00,4197.39990234375,4198.5,4191.0,4191.39990234375,550
2026-06-10 14:17:00+00:00,4192.7001953125,4197.7001953125,4192.0,4197.7001953125,146
2026-06-10 14:18:00+00:00,4192.60009765625,4194.0,4191.7998046875,4192.2998046875,110
2026-06-10 14:19:00+00:00,4191.39990234375,4192.7001953125,4190.2001953125,4192.39990234375,186
2026-06-10 14:20:00+00:00,4189.5,4193.89990234375,4188.60009765625,4191.2998046875,221
2026-06-10 14:21:00+00:00,4187.89990234375,4189.2998046875,4185.39990234375,4189.2998046875,412
2026-06-10 14:22:00+00:00,4188.2001953125,4189.39990234375,4185.89990234375,4187.7001953125,147
2026-06-10 14:23:00+00:00,4188.60009765625,4189.5,4185.7998046875,4188.10009765625,136
2026-06-10 14:24:00+00:00,4193.2001953125,4196.10009765625,4188.7001953125,4188.7001953125,315
2026-06-10 14:25:00+00:00,4188.39990234375,4194.60009765625,4188.2998046875,4193.10009765625,295
2026-06-10 14:26:00+00:00,4190.7998046875,4190.7998046875,4187.2998046875,4189.10009765625,182
2026-06-10 14:27:00+00:00,4188.5,4190.89990234375,4187.2001953125,4190.7001953125,139
2026-06-10 14:28:00+00:00,4183.10009765625,4188.89990234375,4182.60009765625,4188.2001953125,340
2026-06-10 14:29:00+00:00,4184.2001953125,4185.0,4183.0,4183.7001953125,171
2026-06-10 14:30:00+00:00,4184.60009765625,4186.39990234375,4182.60009765625,4184.0,109
2026-06-10 14:31:00+00:00,4178.7001953125,4184.5,4178.2001953125,4184.5,375
2026-06-10 14:32:00+00:00,4183.2998046875,4183.2998046875,4178.2998046875,4178.5,359
2026-06-10 14:33:00+00:00,4181.2998046875,4183.2998046875,4180.5,4183.2998046875,199
2026-06-10 14:34:00+00:00,4183.5,4184.2001953125,4180.0,4181.2001953125,109
2026-06-10 14:35:00+00:00,4180.7998046875,4185.39990234375,4180.7001953125,4183.5,170
2026-06-10 14:36:00+00:00,4177.7998046875,4180.7001953125,4177.2998046875,4180.5,200
2026-06-10 14:37:00+00:00,4177.10009765625,4178.7001953125,4175.7001953125,4177.7001953125,169
2026-06-10 14:38:00+00:00,4177.5,4178.89990234375,4177.0,4177.5,69
2026-06-10 14:39:00+00:00,4181.10009765625,4181.39990234375,4177.60009765625,4177.7001953125,235
2026-06-10 14:40:00+00:00,4182.7001953125,4182.7001953125,4179.10009765625,4180.89990234375,106
2026-06-10 14:41:00+00:00,4183.39990234375,4184.2998046875,4181.39990234375,4182.10009765625,134
2026-06-10 14:42:00+00:00,4179.39990234375,4183.60009765625,4179.0,4183.39990234375,116
2026-06-10 14:43:00+00:00,4176.2998046875,4179.60009765625,4175.2001953125,4179.5,108
2026-06-10 14:44:00+00:00,4173.0,4176.60009765625,4172.7001953125,4176.2001953125,263
2026-06-10 14:45:00+00:00,4172.60009765625,4174.60009765625,4170.7001953125,4172.5,237
2026-06-10 14:46:00+00:00,4173.10009765625,4173.2998046875,4171.2998046875,4172.2998046875,174
2026-06-10 14:47:00+00:00,4170.5,4174.10009765625,4170.2998046875,4172.89990234375,151
2026-06-10 14:48:00+00:00,4163.60009765625,4170.7001953125,4163.60009765625,4170.7001953125,462
2026-06-10 14:49:00+00:00,4163.60009765625,4165.89990234375,4160.5,4163.5,383
2026-06-10 14:50:00+00:00,4162.60009765625,4164.7001953125,4160.5,4163.60009765625,221
2026-06-10 14:51:00+00:00,4162.7998046875,4165.89990234375,4161.0,4162.60009765625,484
2026-06-10 14:52:00+00:00,4162.10009765625,4162.7998046875,4160.2998046875,4162.7998046875,159
2026-06-10 14:53:00+00:00,4163.2998046875,4165.60009765625,4162.10009765625,4162.10009765625,180
2026-06-10 14:54:00+00:00,4160.7998046875,4164.0,4160.0,4163.0,146
2026-06-10 14:55:00+00:00,4156.89990234375,4161.0,4156.39990234375,4160.7998046875,341
2026-06-10 14:56:00+00:00,4150.10009765625,4157.2998046875,4147.89990234375,4157.0,986
2026-06-10 14:57:00+00:00,4141.5,4151.39990234375,4140.60009765625,4150.7001953125,920
2026-06-10 14:58:00+00:00,4142.39990234375,4145.0,4139.7001953125,4141.5,518
2026-06-10 14:59:00+00:00,4147.10009765625,4148.0,4141.7001953125,4142.39990234375,308
2026-06-10 15:00:00+00:00,4146.5,4151.2998046875,4145.5,4147.7001953125,469
2026-06-10 15:01:00+00:00,4158.39990234375,4158.89990234375,4146.2001953125,4146.5,436
2026-06-10 15:02:00+00:00,4155.10009765625,4159.2001953125,4154.39990234375,4158.2998046875,385
2026-06-10 15:03:00+00:00,4151.2001953125,4156.60009765625,4151.2001953125,4155.0,311
2026-06-10 15:04:00+00:00,4151.7001953125,4152.5,4148.2998046875,4151.7998046875,372
2026-06-10 15:05:00+00:00,4146.7998046875,4151.39990234375,4144.2001953125,4151.39990234375,389
2026-06-10 15:06:00+00:00,4147.0,4149.2001953125,4146.10009765625,4146.60009765625,174
2026-06-10 15:07:00+00:00,4151.0,4151.7998046875,4146.5,4146.5,307
2026-06-10 15:08:00+00:00,4148.7001953125,4151.2001953125,4146.89990234375,4150.60009765625,214
2026-06-10 15:09:00+00:00,4148.5,4150.7001953125,4148.2998046875,4148.60009765625,100
2026-06-10 15:10:00+00:00,4144.2998046875,4149.60009765625,4144.2001953125,4149.0,226
2026-06-10 15:11:00+00:00,4144.39990234375,4146.2001953125,4141.5,4144.10009765625,306
2026-06-10 15:12:00+00:00,4145.0,4145.2998046875,4142.7001953125,4144.10009765625,148
2026-06-10 15:13:00+00:00,4146.0,4149.2001953125,4144.60009765625,4144.60009765625,203
2026-06-10 15:14:00+00:00,4146.2998046875,4147.89990234375,4144.89990234375,4145.60009765625,145
2026-06-10 15:15:00+00:00,4141.7998046875,4146.2998046875,4139.2001953125,4145.7001953125,295
2026-06-10 15:16:00+00:00,4144.2998046875,4145.10009765625,4140.7998046875,4141.10009765625,241
2026-06-10 15:17:00+00:00,4140.60009765625,4143.39990234375,4140.0,4143.2998046875,238
2026-06-10 15:18:00+00:00,4137.7998046875,4141.89990234375,4136.7998046875,4140.2998046875,513
2026-06-10 15:19:00+00:00,4138.10009765625,4138.7998046875,4135.89990234375,4137.2001953125,413
2026-06-10 15:20:00+00:00,4147.0,4147.2998046875,4137.60009765625,4138.10009765625,443
2026-06-10 15:21:00+00:00,4149.5,4149.5,4145.39990234375,4146.5,255
2026-06-10 15:22:00+00:00,4151.10009765625,4151.5,4148.2001953125,4149.2998046875,246
2026-06-10 15:23:00+00:00,4154.2998046875,4154.2998046875,4150.5,4151.0,166
2026-06-10 15:24:00+00:00,4152.39990234375,4156.60009765625,4151.7998046875,4154.39990234375,310
2026-06-10 15:25:00+00:00,4155.89990234375,4156.89990234375,4151.39990234375,4152.39990234375,222
2026-06-10 15:26:00+00:00,4154.39990234375,4158.7001953125,4154.0,4155.7001953125,340
2026-06-10 15:27:00+00:00,4153.60009765625,4155.10009765625,4151.7998046875,4154.7001953125,161
2026-06-10 15:28:00+00:00,4156.89990234375,4159.7001953125,4153.39990234375,4153.5,398
2026-06-10 15:29:00+00:00,4150.5,4157.10009765625,4150.39990234375,4157.10009765625,247
2026-06-10 15:30:00+00:00,4151.7998046875,4153.39990234375,4148.60009765625,4150.7998046875,381
2026-06-10 15:31:00+00:00,4149.7001953125,4152.2001953125,4149.10009765625,4151.7998046875,342
2026-06-10 15:32:00+00:00,4152.89990234375,4154.2998046875,4148.5,4149.10009765625,213
2026-06-10 15:33:00+00:00,4147.39990234375,4153.2998046875,4146.60009765625,4153.2001953125,198
2026-06-10 15:34:00+00:00,4151.10009765625,4152.2998046875,4146.60009765625,4147.10009765625,141
2026-06-10 15:35:00+00:00,4149.2001953125,4152.5,4148.7998046875,4151.10009765625,78
2026-06-10 15:36:00+00:00,4152.89990234375,4153.7998046875,4148.60009765625,4149.2001953125,143
2026-06-10 15:37:00+00:00,4148.7001953125,4153.0,4148.0,4152.5,155
2026-06-10 15:38:00+00:00,4146.7001953125,4149.39990234375,4146.0,4148.7001953125,110
2026-06-10 15:39:00+00:00,4147.5,4149.60009765625,4145.39990234375,4146.39990234375,213
2026-06-10 15:40:00+00:00,4145.39990234375,4147.2001953125,4144.89990234375,4147.10009765625,223
2026-06-10 15:41:00+00:00,4150.0,4151.0,4144.89990234375,4145.39990234375,165
2026-06-10 15:42:00+00:00,4145.5,4149.60009765625,4144.89990234375,4149.60009765625,186
2026-06-10 15:43:00+00:00,4151.2998046875,4152.2001953125,4145.89990234375,4145.89990234375,129
2026-06-10 15:44:00+00:00,4152.10009765625,4153.2001953125,4150.5,4151.39990234375,148
2026-06-10 15:45:00+00:00,4150.39990234375,4152.10009765625,4147.7998046875,4151.60009765625,118
2026-06-10 15:46:00+00:00,4152.89990234375,4154.2998046875,4149.39990234375,4150.5,178
2026-06-10 15:47:00+00:00,4144.60009765625,4153.39990234375,4139.7998046875,4152.7001953125,991
2026-06-10 15:48:00+00:00,4138.7001953125,4146.2998046875,4131.5,4145.2001953125,1039
2026-06-10 15:49:00+00:00,4141.0,4146.39990234375,4137.2001953125,4138.2998046875,589
2026-06-10 15:50:00+00:00,4133.89990234375,4145.7001953125,4132.7001953125,4140.89990234375,674
2026-06-10 15:51:00+00:00,4130.89990234375,4137.60009765625,4130.0,4134.2998046875,519
2026-06-10 15:52:00+00:00,4136.39990234375,4136.7998046875,4129.60009765625,4130.60009765625,294
2026-06-10 15:53:00+00:00,4142.7998046875,4143.60009765625,4134.89990234375,4136.2998046875,326
2026-06-10 15:54:00+00:00,4143.5,4148.60009765625,4142.10009765625,4142.7998046875,288
2026-06-10 15:55:00+00:00,4141.2001953125,4143.7998046875,4140.39990234375,4143.2001953125,158
2026-06-10 15:56:00+00:00,4140.2998046875,4143.2001953125,4138.0,4141.7001953125,231
2026-06-10 15:57:00+00:00,4147.89990234375,4148.5,4140.2998046875,4140.60009765625,212
2026-06-10 15:58:00+00:00,4146.5,4148.7998046875,4146.0,4148.0,140
2026-06-10 15:59:00+00:00,4151.89990234375,4152.10009765625,4146.7001953125,4146.89990234375,291
2026-06-10 16:00:00+00:00,4151.7001953125,4154.7001953125,4151.60009765625,4152.7001953125,261
2026-06-10 16:01:00+00:00,4147.5,4151.7001953125,4145.89990234375,4151.7001953125,195
2026-06-10 16:02:00+00:00,4147.10009765625,4149.5,4146.5,4147.7998046875,88
2026-06-10 16:03:00+00:00,4149.5,4149.5,4146.60009765625,4146.60009765625,105
2026-06-10 16:04:00+00:00,4149.60009765625,4152.60009765625,4147.7001953125,4148.5,214
2026-06-10 16:05:00+00:00,4148.89990234375,4151.2998046875,4148.60009765625,4149.7001953125,111
2026-06-10 16:06:00+00:00,4154.0,4154.0,4148.2001953125,4148.5,269
2026-06-10 16:07:00+00:00,4152.5,4154.39990234375,4151.89990234375,4153.7998046875,95
2026-06-10 16:08:00+00:00,4149.2998046875,4153.2998046875,4148.7998046875,4152.7001953125,104
2026-06-10 16:09:00+00:00,4152.89990234375,4153.5,4147.5,4149.10009765625,154
2026-06-10 16:10:00+00:00,4149.5,4153.0,4149.2998046875,4153.0,82
2026-06-10 16:11:00+00:00,4149.39990234375,4151.0,4148.0,4149.7998046875,212
2026-06-10 16:12:00+00:00,4150.60009765625,4152.2998046875,4149.7001953125,4149.7001953125,85
2026-06-10 16:13:00+00:00,4154.10009765625,4154.2001953125,4150.5,4151.2001953125,92
2026-06-10 16:14:00+00:00,4152.2001953125,4156.10009765625,4151.7001953125,4154.0,194
2026-06-10 16:15:00+00:00,4152.2998046875,4153.7998046875,4151.2001953125,4152.2001953125,65
2026-06-10 16:16:00+00:00,4154.89990234375,4157.10009765625,4152.0,4152.5,170
2026-06-10 16:17:00+00:00,4153.2001953125,4156.10009765625,4153.0,4154.7001953125,113
2026-06-10 16:18:00+00:00,4152.39990234375,4153.7998046875,4151.5,4153.10009765625,106
2026-06-10 16:19:00+00:00,4155.7998046875,4155.89990234375,4150.89990234375,4152.2998046875,202
2026-06-10 16:20:00+00:00,4153.7001953125,4158.7998046875,4153.7001953125,4156.2998046875,248
2026-06-10 16:21:00+00:00,4155.2998046875,4155.2998046875,4151.39990234375,4154.2001953125,153
2026-06-10 16:22:00+00:00,4155.10009765625,4156.0,4153.60009765625,4155.2001953125,98
2026-06-10 16:23:00+00:00,4155.7998046875,4156.2998046875,4154.10009765625,4155.2001953125,101
2026-06-10 16:24:00+00:00,4153.0,4156.39990234375,4152.39990234375,4155.60009765625,141
2026-06-10 16:25:00+00:00,4152.5,4153.10009765625,4150.10009765625,4152.89990234375,136
2026-06-10 16:26:00+00:00,4154.0,4155.10009765625,4151.7001953125,4152.2001953125,119
2026-06-10 16:27:00+00:00,4153.5,4155.2998046875,4153.0,4154.60009765625,100
2026-06-10 16:28:00+00:00,4152.5,4154.89990234375,4151.2998046875,4153.5,140
2026-06-10 16:29:00+00:00,4150.60009765625,4152.60009765625,4148.7998046875,4152.2998046875,345
2026-06-10 16:30:00+00:00,4148.7998046875,4152.89990234375,4148.7998046875,4150.2998046875,187
2026-06-10 16:31:00+00:00,4147.89990234375,4150.89990234375,4147.60009765625,4148.7998046875,295
2026-06-10 16:32:00+00:00,4145.10009765625,4147.7001953125,4143.2001953125,4147.7001953125,240
2026-06-10 16:33:00+00:00,4145.39990234375,4146.7001953125,4145.0,4145.0,78
2026-06-10 16:34:00+00:00,4152.2998046875,4152.39990234375,4145.10009765625,4145.10009765625,166
2026-06-10 16:35:00+00:00,4149.60009765625,4153.0,4149.2998046875,4152.10009765625,81
2026-06-10 16:36:00+00:00,4152.10009765625,4152.10009765625,4149.2998046875,4150.39990234375,71
2026-06-10 16:37:00+00:00,4153.5,4155.0,4151.10009765625,4152.0,125
2026-06-10 16:38:00+00:00,4152.5,4153.60009765625,4152.2998046875,4153.2998046875,56
2026-06-10 16:39:00+00:00,4151.10009765625,4152.2998046875,4148.7998046875,4152.2998046875,84
2026-06-10 16:40:00+00:00,4149.7001953125,4151.0,4148.89990234375,4150.89990234375,89
2026-06-10 16:41:00+00:00,4147.0,4149.89990234375,4146.2998046875,4149.2998046875,102
2026-06-10 16:42:00+00:00,4144.2998046875,4147.2998046875,4143.60009765625,4146.89990234375,207
2026-06-10 16:43:00+00:00,4144.10009765625,4146.10009765625,4143.5,4144.10009765625,104
2026-06-10 16:44:00+00:00,4145.2001953125,4145.89990234375,4143.10009765625,4143.89990234375,113
2026-06-10 16:45:00+00:00,4143.5,4145.5,4143.0,4144.7998046875,112
2026-06-10 16:46:00+00:00,4142.89990234375,4144.5,4142.0,4143.10009765625,172
2026-06-10 16:47:00+00:00,4139.2001953125,4142.89990234375,4138.7001953125,4142.89990234375,317
2026-06-10 16:48:00+00:00,4142.39990234375,4143.0,4139.39990234375,4139.39990234375,256
2026-06-10 16:49:00+00:00,4143.2001953125,4143.7998046875,4142.10009765625,4142.39990234375,67
2026-06-10 16:50:00+00:00,4142.2001953125,4143.2998046875,4140.7001953125,4142.7998046875,121
2026-06-10 16:51:00+00:00,4144.2998046875,4144.7001953125,4141.60009765625,4142.10009765625,100
2026-06-10 16:52:00+00:00,4144.5,4145.0,4143.2001953125,4144.2001953125,115
2026-06-10 16:53:00+00:00,4143.2001953125,4145.7998046875,4142.7001953125,4144.2001953125,83
2026-06-10 16:54:00+00:00,4143.0,4143.39990234375,4141.89990234375,4142.89990234375,35
2026-06-10 16:55:00+00:00,4140.60009765625,4142.89990234375,4139.89990234375,4142.89990234375,79
2026-06-10 16:56:00+00:00,4142.7998046875,4142.89990234375,4140.39990234375,4140.7001953125,66
2026-06-10 16:57:00+00:00,4143.60009765625,4143.89990234375,4142.0,4142.7001953125,74
2026-06-10 16:58:00+00:00,4143.7001953125,4144.10009765625,4142.2001953125,4143.2001953125,189
2026-06-10 16:59:00+00:00,4144.60009765625,4145.2001953125,4143.2998046875,4143.5,112
2026-06-10 17:00:00+00:00,4147.89990234375,4148.2001953125,4143.89990234375,4144.5,121
2026-06-10 17:01:00+00:00,4146.2998046875,4147.5,4145.10009765625,4147.5,332
2026-06-10 17:02:00+00:00,4152.7001953125,4153.39990234375,4146.2998046875,4146.7998046875,342
2026-06-10 17:03:00+00:00,4155.7001953125,4157.60009765625,4152.2001953125,4152.60009765625,509
2026-06-10 17:04:00+00:00,4155.0,4155.7001953125,4154.2001953125,4155.39990234375,239
2026-06-10 17:05:00+00:00,4148.2001953125,4155.10009765625,4147.2998046875,4155.10009765625,190
2026-06-10 17:06:00+00:00,4148.5,4150.0,4147.39990234375,4148.39990234375,138
2026-06-10 17:07:00+00:00,4148.0,4148.7998046875,4147.0,4148.2998046875,58
2026-06-10 17:08:00+00:00,4144.7998046875,4147.7998046875,4143.2998046875,4147.7998046875,156
2026-06-10 17:09:00+00:00,4143.10009765625,4144.5,4142.0,4144.2001953125,156
2026-06-10 17:10:00+00:00,4139.39990234375,4143.2998046875,4137.89990234375,4142.89990234375,206
2026-06-10 17:11:00+00:00,4139.2998046875,4140.2001953125,4137.2998046875,4138.89990234375,182
2026-06-10 17:12:00+00:00,4140.5,4140.60009765625,4137.7998046875,4139.5,118
2026-06-10 17:13:00+00:00,4141.2001953125,4142.39990234375,4139.5,4140.39990234375,159
2026-06-10 17:14:00+00:00,4140.2998046875,4141.2001953125,4138.7998046875,4141.2001953125,141
2026-06-10 17:15:00+00:00,4139.2998046875,4143.0,4139.2001953125,4140.39990234375,282
2026-06-10 17:16:00+00:00,4141.5,4141.89990234375,4138.7001953125,4139.39990234375,131
2026-06-10 17:17:00+00:00,4138.10009765625,4141.89990234375,4137.7001953125,4141.2001953125,266
2026-06-10 17:18:00+00:00,4138.2998046875,4139.10009765625,4137.2001953125,4138.10009765625,185
2026-06-10 17:19:00+00:00,4136.5,4139.0,4136.0,4138.10009765625,342
2026-06-10 17:20:00+00:00,4138.7001953125,4138.7998046875,4136.39990234375,4136.5,201
2026-06-10 17:21:00+00:00,4138.2001953125,4139.0,4137.2998046875,4138.39990234375,174
2026-06-10 17:22:00+00:00,4133.7001953125,4138.2001953125,4133.10009765625,4138.2001953125,333
2026-06-10 17:23:00+00:00,4135.10009765625,4136.2001953125,4133.60009765625,4133.7998046875,196
2026-06-10 17:24:00+00:00,4134.39990234375,4135.39990234375,4132.5,4135.0,294
2026-06-10 17:25:00+00:00,4134.89990234375,4136.2001953125,4134.0,4134.0,170
2026-06-10 17:26:00+00:00,4136.10009765625,4136.39990234375,4133.7001953125,4135.0,156
2026-06-10 17:27:00+00:00,4134.89990234375,4136.60009765625,4134.7998046875,4136.39990234375,192
2026-06-10 17:28:00+00:00,4137.0,4137.89990234375,4134.89990234375,4134.89990234375,294
2026-06-10 17:29:00+00:00,4133.7998046875,4136.89990234375,4131.7001953125,4136.7001953125,1992
2026-06-10 17:30:00+00:00,4129.10009765625,4133.60009765625,4128.0,4133.60009765625,726
2026-06-10 17:31:00+00:00,4130.0,4132.2998046875,4129.0,4129.0,155
2026-06-10 17:32:00+00:00,4131.7001953125,4133.2001953125,4128.39990234375,4129.7001953125,252
2026-06-10 17:33:00+00:00,4131.2998046875,4132.39990234375,4130.39990234375,4131.2998046875,100
2026-06-10 17:34:00+00:00,4133.89990234375,4135.10009765625,4130.5,4131.0,270
2026-06-10 17:35:00+00:00,4133.7001953125,4134.60009765625,4132.0,4133.7001953125,133
2026-06-10 17:36:00+00:00,4129.7001953125,4133.39990234375,4128.89990234375,4133.2001953125,130
2026-06-10 17:37:00+00:00,4131.0,4132.10009765625,4129.60009765625,4129.60009765625,53
2026-06-10 17:38:00+00:00,4128.89990234375,4130.5,4128.0,4130.5,116
2026-06-10 17:39:00+00:00,4128.0,4130.60009765625,4127.2001953125,4128.89990234375,164
2026-06-10 17:40:00+00:00,4127.2998046875,4129.2001953125,4127.0,4128.2001953125,124
2026-06-10 17:41:00+00:00,4128.0,4128.2998046875,4126.7998046875,4127.5,117
2026-06-10 17:42:00+00:00,4127.7001953125,4128.89990234375,4127.2998046875,4128.0,37
2026-06-10 17:43:00+00:00,4127.89990234375,4128.0,4126.7998046875,4127.7001953125,103
2026-06-10 17:44:00+00:00,4124.7998046875,4128.7001953125,4124.7001953125,4127.39990234375,371
2026-06-10 17:45:00+00:00,4126.7998046875,4127.2998046875,4123.5,4125.2998046875,340
2026-06-10 17:46:00+00:00,4133.60009765625,4134.0,4127.0,4127.0,412
2026-06-10 17:47:00+00:00,4133.10009765625,4133.60009765625,4130.7001953125,4133.60009765625,161
2026-06-10 17:48:00+00:00,4134.7998046875,4135.10009765625,4131.5,4133.10009765625,159
2026-06-10 17:49:00+00:00,4134.39990234375,4135.60009765625,4133.60009765625,4134.60009765625,92
2026-06-10 17:50:00+00:00,4132.89990234375,4136.5,4126.60009765625,4134.2001953125,669
2026-06-10 17:51:00+00:00,4131.0,4133.5,4130.0,4132.89990234375,145
2026-06-10 17:52:00+00:00,4129.60009765625,4132.2001953125,4129.2001953125,4131.10009765625,106
2026-06-10 17:53:00+00:00,4132.10009765625,4132.2001953125,4129.89990234375,4129.89990234375,39
2026-06-10 17:54:00+00:00,4132.7998046875,4134.39990234375,4131.60009765625,4132.10009765625,41
2026-06-10 17:55:00+00:00,4135.39990234375,4136.39990234375,4132.7998046875,4133.0,100
2026-06-10 17:56:00+00:00,4135.89990234375,4136.0,4132.89990234375,4135.5,161
2026-06-10 17:57:00+00:00,4132.60009765625,4136.7001953125,4132.60009765625,4136.60009765625,68
2026-06-10 17:58:00+00:00,4135.39990234375,4135.5,4132.60009765625,4132.60009765625,60
2026-06-10 17:59:00+00:00,4134.89990234375,4135.60009765625,4133.89990234375,4135.2998046875,32
2026-06-10 18:00:00+00:00,4139.2001953125,4140.39990234375,4134.60009765625,4135.2998046875,213
2026-06-10 18:01:00+00:00,4138.2998046875,4139.60009765625,4138.0,4139.5,118
2026-06-10 18:02:00+00:00,4142.2001953125,4143.10009765625,4138.2001953125,4138.2001953125,129
2026-06-10 18:03:00+00:00,4142.0,4142.60009765625,4140.7001953125,4141.7998046875,169
2026-06-10 18:04:00+00:00,4143.2001953125,4144.0,4141.5,4142.0,122
2026-06-10 18:05:00+00:00,4142.2001953125,4143.7001953125,4141.2998046875,4143.5,73
2026-06-10 18:06:00+00:00,4140.89990234375,4142.60009765625,4140.60009765625,4142.2001953125,75
2026-06-10 18:07:00+00:00,4139.10009765625,4142.0,4139.10009765625,4140.89990234375,141
2026-06-10 18:08:00+00:00,4140.0,4141.39990234375,4138.2001953125,4138.89990234375,70
2026-06-10 18:09:00+00:00,4137.7001953125,4140.2001953125,4137.5,4140.0,66
2026-06-10 18:10:00+00:00,4138.89990234375,4140.10009765625,4137.7998046875,4137.89990234375,90
2026-06-10 18:11:00+00:00,4139.7998046875,4140.2001953125,4138.7998046875,4139.0,83
2026-06-10 18:12:00+00:00,4139.89990234375,4141.10009765625,4139.2998046875,4139.89990234375,45
2026-06-10 18:13:00+00:00,4139.10009765625,4140.0,4138.39990234375,4140.0,42
2026-06-10 18:14:00+00:00,4138.7998046875,4140.2998046875,4138.7001953125,4139.10009765625,48
2026-06-10 18:15:00+00:00,4140.2001953125,4141.2001953125,4139.0,4139.0,64
2026-06-10 18:16:00+00:00,4139.2998046875,4141.0,4138.60009765625,4140.2001953125,68
2026-06-10 18:17:00+00:00,4136.0,4138.89990234375,4136.0,4138.89990234375,115
2026-06-10 18:18:00+00:00,4134.0,4137.0,4133.60009765625,4136.0,102
2026-06-10 18:19:00+00:00,4135.7001953125,4136.0,4134.60009765625,4134.7998046875,44
2026-06-10 18:20:00+00:00,4136.2001953125,4136.39990234375,4135.5,4135.89990234375,31
2026-06-10 18:21:00+00:00,4136.10009765625,4138.39990234375,4135.5,4136.0,95
2026-06-10 18:22:00+00:00,4135.10009765625,4136.7001953125,4134.2998046875,4135.7998046875,67
2026-06-10 18:23:00+00:00,4136.2998046875,4136.7998046875,4134.60009765625,4135.2001953125,81
2026-06-10 18:24:00+00:00,4136.2998046875,4137.10009765625,4135.7998046875,4136.0,26
2026-06-10 18:25:00+00:00,4133.7001953125,4136.5,4132.7998046875,4136.2998046875,49
2026-06-10 18:26:00+00:00,4135.89990234375,4136.2001953125,4133.60009765625,4133.7001953125,56
2026-06-10 18:27:00+00:00,4135.0,4135.2998046875,4133.5,4135.2001953125,33
2026-06-10 18:28:00+00:00,4137.5,4137.7998046875,4135.2001953125,4135.39990234375,54
2026-06-10 18:29:00+00:00,4136.0,4138.0,4135.7001953125,4137.39990234375,83
2026-06-10 18:30:00+00:00,4134.7998046875,4135.89990234375,4133.89990234375,4135.7001953125,37
2026-06-10 18:31:00+00:00,4133.39990234375,4134.39990234375,4132.7998046875,4134.2998046875,79
2026-06-10 18:32:00+00:00,4133.7998046875,4135.2998046875,4133.5,4133.5,56
2026-06-10 18:33:00+00:00,4133.2001953125,4134.60009765625,4133.2001953125,4134.2001953125,31
2026-06-10 18:34:00+00:00,4132.2998046875,4133.2001953125,4132.10009765625,4133.10009765625,52
2026-06-10 18:35:00+00:00,4130.89990234375,4133.2001953125,4130.10009765625,4132.0,182
2026-06-10 18:36:00+00:00,4131.89990234375,4132.89990234375,4131.0,4131.0,105
2026-06-10 18:37:00+00:00,4130.60009765625,4131.7001953125,4130.2998046875,4131.2998046875,56
2026-06-10 18:38:00+00:00,4131.10009765625,4131.10009765625,4129.7001953125,4130.39990234375,30
2026-06-10 18:39:00+00:00,4130.0,4131.39990234375,4130.0,4130.2998046875,70
2026-06-10 18:40:00+00:00,4131.7001953125,4132.0,4130.10009765625,4130.2998046875,57
2026-06-10 18:41:00+00:00,4130.2001953125,4133.0,4130.2001953125,4132.2001953125,90
2026-06-10 18:42:00+00:00,4127.89990234375,4131.60009765625,4127.89990234375,4130.2998046875,159
2026-06-10 18:43:00+00:00,4129.2001953125,4129.7001953125,4128.0,4128.0,102
2026-06-10 18:44:00+00:00,4128.2001953125,4130.10009765625,4127.89990234375,4129.5,59
2026-06-10 18:45:00+00:00,4128.5,4129.2001953125,4127.60009765625,4128.10009765625,31
2026-06-10 18:46:00+00:00,4128.60009765625,4129.0,4128.0,4128.2998046875,40
2026-06-10 18:47:00+00:00,4128.0,4128.5,4127.2998046875,4128.39990234375,37
2026-06-10 18:48:00+00:00,4129.7001953125,4130.7998046875,4127.89990234375,4128.10009765625,43
2026-06-10 18:49:00+00:00,4127.7001953125,4129.7998046875,4127.5,4129.7001953125,32
2026-06-10 18:50:00+00:00,4121.10009765625,4127.7001953125,4120.2001953125,4127.7001953125,815
2026-06-10 18:51:00+00:00,4124.0,4126.2001953125,4120.89990234375,4121.10009765625,155
2026-06-10 18:52:00+00:00,4125.5,4125.7998046875,4123.5,4123.7001953125,91
2026-06-10 18:53:00+00:00,4126.10009765625,4126.60009765625,4125.2998046875,4125.2998046875,79
2026-06-10 18:54:00+00:00,4125.0,4126.2998046875,4124.7998046875,4126.0,63
2026-06-10 18:55:00+00:00,4123.7998046875,4124.7001953125,4122.2998046875,4124.7001953125,112
2026-06-10 18:56:00+00:00,4124.7001953125,4125.0,4123.0,4124.10009765625,89
2026-06-10 18:57:00+00:00,4126.2998046875,4126.60009765625,4124.7998046875,4125.0,48
2026-06-10 18:58:00+00:00,4126.0,4126.39990234375,4125.0,4125.89990234375,45
2026-06-10 18:59:00+00:00,4125.0,4125.5,4123.60009765625,4125.5,75
2026-06-10 19:00:00+00:00,4123.0,4125.7998046875,4122.60009765625,4125.39990234375,99
2026-06-10 19:01:00+00:00,4124.2001953125,4124.39990234375,4122.7001953125,4122.7998046875,67
2026-06-10 19:02:00+00:00,4123.2001953125,4123.7998046875,4121.60009765625,4123.7001953125,85
2026-06-10 19:03:00+00:00,4123.60009765625,4125.0,4122.89990234375,4123.39990234375,58
2026-06-10 19:04:00+00:00,4119.7001953125,4123.7001953125,4119.2998046875,4123.7001953125,497
2026-06-10 19:05:00+00:00,4120.2001953125,4120.7001953125,4118.89990234375,4119.7001953125,191
2026-06-10 19:06:00+00:00,4121.89990234375,4122.7998046875,4120.2001953125,4120.2001953125,107
2026-06-10 19:07:00+00:00,4120.60009765625,4122.39990234375,4119.60009765625,4121.89990234375,80
2026-06-10 19:08:00+00:00,4120.2998046875,4121.2998046875,4119.2001953125,4120.89990234375,57
2026-06-10 19:09:00+00:00,4118.7001953125,4120.5,4118.60009765625,4120.2001953125,126
2026-06-10 19:10:00+00:00,4116.89990234375,4118.7001953125,4116.2001953125,4118.7001953125,270
2026-06-10 19:11:00+00:00,4113.2001953125,4117.0,4113.2001953125,4116.7001953125,386
2026-06-10 19:12:00+00:00,4113.0,4114.60009765625,4112.10009765625,4113.2998046875,236
2026-06-10 19:13:00+00:00,4113.0,4113.60009765625,4111.0,4112.89990234375,292
2026-06-10 19:14:00+00:00,4112.7001953125,4113.39990234375,4110.60009765625,4113.2001953125,107
2026-06-10 19:15:00+00:00,4113.39990234375,4114.2001953125,4111.2001953125,4112.5,184
2026-06-10 19:16:00+00:00,4114.7001953125,4116.0,4113.10009765625,4113.10009765625,88
2026-06-10 19:17:00+00:00,4114.5,4114.89990234375,4113.10009765625,4114.7001953125,53
2026-06-10 19:18:00+00:00,4114.89990234375,4115.2001953125,4113.2998046875,4114.2998046875,87
2026-06-10 19:19:00+00:00,4113.2998046875,4115.0,4113.10009765625,4114.2001953125,44
2026-06-10 19:20:00+00:00,4112.7998046875,4113.7001953125,4112.10009765625,4113.39990234375,93
2026-06-10 19:21:00+00:00,4112.2998046875,4113.7001953125,4111.60009765625,4112.2001953125,186
2026-06-10 19:22:00+00:00,4112.2998046875,4114.0,4112.2001953125,4112.2998046875,109
2026-06-10 19:23:00+00:00,4107.2998046875,4112.2998046875,4106.2001953125,4112.2998046875,751
2026-06-10 19:24:00+00:00,4108.60009765625,4108.7998046875,4106.5,4107.0,114
2026-06-10 19:25:00+00:00,4106.0,4108.7998046875,4105.5,4108.5,107
2026-06-10 19:26:00+00:00,4106.10009765625,4107.10009765625,4105.60009765625,4105.7998046875,150
2026-06-10 19:27:00+00:00,4106.5,4106.7001953125,4105.0,4106.39990234375,162
2026-06-10 19:28:00+00:00,4108.60009765625,4109.0,4106.2001953125,4106.7001953125,168
2026-06-10 19:29:00+00:00,4108.0,4109.2998046875,4107.60009765625,4108.60009765625,74
2026-06-10 19:30:00+00:00,4110.10009765625,4110.2001953125,4107.2001953125,4108.2001953125,132
2026-06-10 19:31:00+00:00,4110.2998046875,4112.60009765625,4109.0,4110.0,249
2026-06-10 19:32:00+00:00,4111.10009765625,4111.2998046875,4109.7001953125,4110.2998046875,58
2026-06-10 19:33:00+00:00,4108.7001953125,4111.10009765625,4107.89990234375,4110.89990234375,94
2026-06-10 19:34:00+00:00,4109.7998046875,4110.60009765625,4108.7001953125,4109.0,70
2026-06-10 19:35:00+00:00,4107.0,4109.89990234375,4106.2001953125,4109.60009765625,71
2026-06-10 19:36:00+00:00,4106.2998046875,4108.0,4105.5,4106.89990234375,79
2026-06-10 19:37:00+00:00,4108.2001953125,4108.2001953125,4105.89990234375,4106.2001953125,49
2026-06-10 19:38:00+00:00,4108.7998046875,4110.2001953125,4107.89990234375,4108.2998046875,36
2026-06-10 19:39:00+00:00,4109.5,4110.5,4108.5,4108.60009765625,46
2026-06-10 19:40:00+00:00,4114.2001953125,4114.2001953125,4109.5,4109.5,127
2026-06-10 19:41:00+00:00,4112.7001953125,4114.2998046875,4111.5,4114.2998046875,96
2026-06-10 19:42:00+00:00,4113.5,4114.2998046875,4111.7001953125,4112.7998046875,195
2026-06-10 19:43:00+00:00,4114.7998046875,4115.2001953125,4113.2001953125,4113.7001953125,134
2026-06-10 19:44:00+00:00,4115.10009765625,4115.7998046875,4113.39990234375,4115.10009765625,97
2026-06-10 19:45:00+00:00,4114.60009765625,4116.10009765625,4113.7998046875,4115.39990234375,127
2026-06-10 19:46:00+00:00,4113.0,4115.2001953125,4111.7998046875,4114.60009765625,120
2026-06-10 19:47:00+00:00,4111.10009765625,4113.5,4110.7998046875,4113.2998046875,109
2026-06-10 19:48:00+00:00,4109.2001953125,4112.0,4109.2001953125,4111.60009765625,78
2026-06-10 19:49:00+00:00,4111.2001953125,4111.2001953125,4109.10009765625,4109.39990234375,48
2026-06-10 19:50:00+00:00,4114.2001953125,4115.39990234375,4109.2001953125,4111.7001953125,353
2026-06-10 19:51:00+00:00,4113.5,4114.2001953125,4112.0,4114.2001953125,61
2026-06-10 19:52:00+00:00,4112.0,4113.89990234375,4111.60009765625,4113.7998046875,63
2026-06-10 19:53:00+00:00,4112.10009765625,4112.5,4110.10009765625,4112.10009765625,72
2026-06-10 19:54:00+00:00,4110.7001953125,4111.7998046875,4110.10009765625,4111.7001953125,94
2026-06-10 19:55:00+00:00,4107.39990234375,4110.7001953125,4106.7998046875,4110.7001953125,288
2026-06-10 19:56:00+00:00,4108.39990234375,4109.2001953125,4106.89990234375,4107.0,70
2026-06-10 19:57:00+00:00,4106.2001953125,4108.7001953125,4106.2001953125,4108.39990234375,81
2026-06-10 19:58:00+00:00,4106.5,4106.7001953125,4105.10009765625,4106.10009765625,176
2026-06-10 19:59:00+00:00,4106.2001953125,4107.5,4105.7998046875,4106.2998046875,284
2026-06-10 20:00:00+00:00,4105.2998046875,4106.39990234375,4104.39990234375,4106.0,153
2026-06-10 20:01:00+00:00,4102.2998046875,4105.39990234375,4102.10009765625,4105.0,114
2026-06-10 20:02:00+00:00,4101.2001953125,4102.10009765625,4100.5,4102.0,197
2026-06-10 20:03:00+00:00,4100.89990234375,4102.10009765625,4098.5,4101.2001953125,280
2026-06-10 20:04:00+00:00,4100.60009765625,4102.2998046875,4100.0,4101.0,126
2026-06-10 20:05:00+00:00,4099.7001953125,4101.2001953125,4097.7001953125,4101.0,143
2026-06-10 20:06:00+00:00,4099.39990234375,4101.2001953125,4099.2998046875,4099.7001953125,33
2026-06-10 20:07:00+00:00,4098.7998046875,4099.2998046875,4098.39990234375,4099.0,51
2026-06-10 20:08:00+00:00,4096.0,4099.0,4095.300048828125,4098.7998046875,165
2026-06-10 20:09:00+00:00,4094.5,4096.5,4093.0,4096.0,321
2026-06-10 20:10:00+00:00,4095.199951171875,4095.800048828125,4093.60009765625,4094.5,92
2026-06-10 20:11:00+00:00,4094.300048828125,4095.10009765625,4092.300048828125,4095.10009765625,94
2026-06-10 20:12:00+00:00,4094.199951171875,4095.699951171875,4093.89990234375,4093.89990234375,36
2026-06-10 20:13:00+00:00,4095.300048828125,4096.89990234375,4094.0,4094.10009765625,49
2026-06-10 20:14:00+00:00,4095.300048828125,4095.89990234375,4094.800048828125,4095.800048828125,41
2026-06-10 20:15:00+00:00,4096.2998046875,4096.60009765625,4095.0,4095.0,29
2026-06-10 20:16:00+00:00,4095.39990234375,4097.7001953125,4095.0,4096.5,62
2026-06-10 20:17:00+00:00,4096.60009765625,4096.89990234375,4094.300048828125,4095.300048828125,37
2026-06-10 20:18:00+00:00,4095.800048828125,4097.60009765625,4095.699951171875,4096.60009765625,37
2026-06-10 20:19:00+00:00,4097.0,4097.39990234375,4095.89990234375,4096.2001953125,11
2026-06-10 20:20:00+00:00,4097.10009765625,4097.5,4096.0,4096.89990234375,31
2026-06-10 20:21:00+00:00,4100.10009765625,4100.10009765625,4096.89990234375,4096.89990234375,53
2026-06-10 20:22:00+00:00,4098.7998046875,4099.89990234375,4098.7001953125,4099.89990234375,18
2026-06-10 20:23:00+00:00,4099.5,4100.0,4098.7001953125,4098.7001953125,30
2026-06-10 20:24:00+00:00,4099.39990234375,4099.89990234375,4099.2998046875,4099.39990234375,11
2026-06-10 20:25:00+00:00,4101.10009765625,4101.10009765625,4098.89990234375,4099.60009765625,72
2026-06-10 20:26:00+00:00,4102.5,4103.10009765625,4101.10009765625,4101.2998046875,82
2026-06-10 20:27:00+00:00,4102.2001953125,4102.2998046875,4101.89990234375,4102.2998046875,21
2026-06-10 20:28:00+00:00,4102.2998046875,4103.2001953125,4102.0,4102.2001953125,63
2026-06-10 20:29:00+00:00,4101.5,4102.2001953125,4101.2998046875,4101.7998046875,32
2026-06-10 20:30:00+00:00,4099.5,4101.2998046875,4099.5,4101.2998046875,35
2026-06-10 20:31:00+00:00,4098.39990234375,4100.39990234375,4097.39990234375,4099.7998046875,83
2026-06-10 20:32:00+00:00,4098.7998046875,4098.89990234375,4097.89990234375,4098.39990234375,16
2026-06-10 20:33:00+00:00,4099.39990234375,4100.2998046875,4098.7001953125,4098.7001953125,54
2026-06-10 20:34:00+00:00,4098.7001953125,4100.2001953125,4098.7001953125,4099.60009765625,42
2026-06-10 20:35:00+00:00,4098.0,4099.60009765625,4098.0,4098.7001953125,69
2026-06-10 20:36:00+00:00,4098.5,4098.89990234375,4097.7998046875,4098.2001953125,23
2026-06-10 20:37:00+00:00,4099.7001953125,4099.89990234375,4097.0,4098.7998046875,45
2026-06-10 20:38:00+00:00,4101.0,4101.2001953125,4099.39990234375,4099.7998046875,35
2026-06-10 20:39:00+00:00,4099.5,4101.0,4099.2001953125,4101.0,21
2026-06-10 20:40:00+00:00,4098.39990234375,4099.39990234375,4098.2998046875,4099.39990234375,19
2026-06-10 20:41:00+00:00,4098.0,4098.5,4097.7998046875,4098.5,41
2026-06-10 20:42:00+00:00,4097.7998046875,4098.2998046875,4097.10009765625,4098.2998046875,31
2026-06-10 20:43:00+00:00,4094.800048828125,4098.0,4094.199951171875,4098.0,88
2026-06-10 20:44:00+00:00,4095.89990234375,4096.7998046875,4094.699951171875,4094.699951171875,51
2026-06-10 20:45:00+00:00,4093.5,4095.699951171875,4093.10009765625,4095.60009765625,47
2026-06-10 20:46:00+00:00,4091.699951171875,4094.10009765625,4091.0,4093.10009765625,152
2026-06-10 20:47:00+00:00,4091.39990234375,4093.10009765625,4091.199951171875,4091.60009765625,67
2026-06-10 20:48:00+00:00,4090.89990234375,4091.60009765625,4090.699951171875,4091.199951171875,104
2026-06-10 20:49:00+00:00,4090.89990234375,4091.10009765625,4090.5,4090.89990234375,50
2026-06-10 20:50:00+00:00,4090.60009765625,4091.699951171875,4090.10009765625,4090.800048828125,63
2026-06-10 20:51:00+00:00,4090.800048828125,4091.300048828125,4090.10009765625,4090.199951171875,87
2026-06-10 20:52:00+00:00,4091.0,4091.0,4090.39990234375,4090.699951171875,15
2026-06-10 20:53:00+00:00,4090.699951171875,4091.10009765625,4090.39990234375,4090.89990234375,15
2026-06-10 20:54:00+00:00,4092.0,4092.300048828125,4090.5,4090.800048828125,52
2026-06-10 20:55:00+00:00,4092.699951171875,4092.89990234375,4091.60009765625,4092.10009765625,58
2026-06-10 20:56:00+00:00,4093.10009765625,4093.10009765625,4092.199951171875,4092.89990234375,24
2026-06-10 20:57:00+00:00,4093.60009765625,4093.699951171875,4092.89990234375,4092.89990234375,25
2026-06-10 20:58:00+00:00,4094.300048828125,4095.10009765625,4093.39990234375,4093.39990234375,77
2026-06-10 20:59:00+00:00,4094.10009765625,4095.199951171875,4094.10009765625,4094.699951171875,54
2026-06-10 22:00:00+00:00,4091.89990234375,4094.39990234375,4091.39990234375,4094.39990234375,0
2026-06-10 22:01:00+00:00,4088.0,4093.5,4087.89990234375,4092.39990234375,229
2026-06-10 22:02:00+00:00,4082.60009765625,4088.300048828125,4081.60009765625,4088.10009765625,398
2026-06-10 22:03:00+00:00,4085.60009765625,4085.60009765625,4080.60009765625,4082.800048828125,212
2026-06-10 22:04:00+00:00,4085.60009765625,4085.699951171875,4082.699951171875,4085.699951171875,79
2026-06-10 22:05:00+00:00,4082.5,4085.60009765625,4082.5,4085.60009765625,39
2026-06-10 22:06:00+00:00,4077.5,4083.60009765625,4077.5,4081.60009765625,318
2026-06-10 22:07:00+00:00,4076.10009765625,4079.0,4075.5,4077.89990234375,308
2026-06-10 22:08:00+00:00,4076.300048828125,4078.5,4075.10009765625,4075.60009765625,148
2026-06-10 22:09:00+00:00,4073.39990234375,4077.199951171875,4073.10009765625,4076.300048828125,214
2026-06-10 22:10:00+00:00,4073.699951171875,4076.39990234375,4072.800048828125,4073.800048828125,131
2026-06-10 22:11:00+00:00,4072.89990234375,4074.199951171875,4072.39990234375,4073.5,102
2026-06-10 22:12:00+00:00,4073.10009765625,4074.300048828125,4072.800048828125,4073.300048828125,47
2026-06-10 22:13:00+00:00,4076.800048828125,4076.800048828125,4073.0,4073.10009765625,82
2026-06-10 22:14:00+00:00,4077.800048828125,4079.39990234375,4075.300048828125,4076.800048828125,74
2026-06-10 22:15:00+00:00,4072.199951171875,4079.60009765625,4072.199951171875,4079.0,236
2026-06-10 22:16:00+00:00,4070.0,4072.800048828125,4066.199951171875,4072.699951171875,508
2026-06-10 22:17:00+00:00,4067.300048828125,4070.199951171875,4065.60009765625,4070.199951171875,112
2026-06-10 22:18:00+00:00,4067.300048828125,4070.300048828125,4066.800048828125,4067.5,101
2026-06-10 22:19:00+00:00,4070.89990234375,4071.39990234375,4067.0,4067.89990234375,69
2026-06-10 22:20:00+00:00,4062.5,4070.39990234375,4062.5,4070.39990234375,252
2026-06-10 22:21:00+00:00,4060.60009765625,4065.39990234375,4060.0,4062.800048828125,226
2026-06-10 22:22:00+00:00,4063.10009765625,4063.60009765625,4059.199951171875,4061.10009765625,189
2026-06-10 22:23:00+00:00,4064.39990234375,4067.10009765625,4062.60009765625,4063.0,66
2026-06-10 22:24:00+00:00,4061.39990234375,4063.89990234375,4061.0,4063.89990234375,74
2026-06-10 22:25:00+00:00,4063.699951171875,4064.800048828125,4059.199951171875,4061.39990234375,165
2026-06-10 22:26:00+00:00,4063.300048828125,4065.10009765625,4061.60009765625,4063.5,95
2026-06-10 22:27:00+00:00,4063.5,4064.89990234375,4061.699951171875,4063.199951171875,117
2026-06-10 22:28:00+00:00,4066.10009765625,4067.699951171875,4063.199951171875,4064.10009765625,125
2026-06-10 22:29:00+00:00,4068.0,4068.10009765625,4064.300048828125,4066.10009765625,103
2026-06-10 22:30:00+00:00,4074.5,4075.300048828125,4067.5,4068.5,257
2026-06-10 22:31:00+00:00,4074.5,4075.5,4073.0,4074.39990234375,107
2026-06-10 22:32:00+00:00,4073.699951171875,4074.89990234375,4072.800048828125,4074.0,79
2026-06-10 22:33:00+00:00,4073.800048828125,4077.699951171875,4072.5,4073.699951171875,95
2026-06-10 22:34:00+00:00,4073.199951171875,4076.60009765625,4073.199951171875,4074.699951171875,87
2026-06-10 22:35:00+00:00,4078.0,4078.0,4074.10009765625,4074.10009765625,40
2026-06-10 22:36:00+00:00,4078.800048828125,4079.5,4077.699951171875,4078.39990234375,74
2026-06-10 22:37:00+00:00,4085.60009765625,4086.300048828125,4079.10009765625,4079.10009765625,290
2026-06-10 22:38:00+00:00,4086.39990234375,4086.5,4084.5,4085.800048828125,79
2026-06-10 22:39:00+00:00,4088.5,4089.300048828125,4085.39990234375,4086.199951171875,155
2026-06-10 22:40:00+00:00,4089.89990234375,4092.0,4087.0,4088.300048828125,111
2026-06-10 22:41:00+00:00,4086.10009765625,4089.300048828125,4086.10009765625,4089.300048828125,51
2026-06-10 22:42:00+00:00,4088.699951171875,4089.10009765625,4084.10009765625,4085.89990234375,129
2026-06-10 22:43:00+00:00,4091.0,4091.10009765625,4089.5,4089.5,39
2026-06-10 22:44:00+00:00,4085.89990234375,4092.300048828125,4083.199951171875,4091.10009765625,226
2026-06-10 22:45:00+00:00,4082.5,4086.39990234375,4080.89990234375,4085.89990234375,89
2026-06-10 22:46:00+00:00,4087.60009765625,4087.699951171875,4081.89990234375,4083.89990234375,114
2026-06-10 22:47:00+00:00,4087.800048828125,4090.10009765625,4087.199951171875,4087.300048828125,89
2026-06-10 22:48:00+00:00,4087.10009765625,4089.800048828125,4085.300048828125,4087.5,62
2026-06-10 22:49:00+00:00,4085.0,4086.699951171875,4084.800048828125,4086.699951171875,30
2026-06-10 22:50:00+00:00,4083.10009765625,4087.300048828125,4082.0,4085.300048828125,103
2026-06-10 22:51:00+00:00,4083.5,4083.60009765625,4082.199951171875,4082.699951171875,21
2026-06-10 22:52:00+00:00,4082.300048828125,4083.39990234375,4082.0,4083.0,51
2026-06-10 22:53:00+00:00,4076.39990234375,4082.89990234375,4075.0,4082.10009765625,164
2026-06-10 22:54:00+00:00,4077.0,4078.699951171875,4076.10009765625,4076.39990234375,80
2026-06-10 22:55:00+00:00,4073.5,4077.0,4070.89990234375,4077.0,157
2026-06-10 22:56:00+00:00,4073.800048828125,4075.699951171875,4072.89990234375,4074.300048828125,72
2026-06-10 22:57:00+00:00,4074.0,4075.0,4073.699951171875,4073.699951171875,51
2026-06-10 22:58:00+00:00,4071.199951171875,4074.39990234375,4070.0,4074.39990234375,48
2026-06-10 22:59:00+00:00,4069.10009765625,4071.0,4068.199951171875,4070.699951171875,59
2026-06-10 23:00:00+00:00,4071.699951171875,4073.199951171875,4067.10009765625,4069.199951171875,202
2026-06-10 23:01:00+00:00,4072.5,4074.300048828125,4071.5,4072.0,111
2026-06-10 23:02:00+00:00,4074.60009765625,4076.89990234375,4072.199951171875,4072.800048828125,105
2026-06-10 23:03:00+00:00,4073.39990234375,4075.10009765625,4073.10009765625,4074.89990234375,15
2026-06-10 23:04:00+00:00,4074.60009765625,4074.60009765625,4071.5,4072.699951171875,25
2026-06-10 23:05:00+00:00,4071.300048828125,4072.699951171875,4070.0,4072.5,116
2026-06-10 23:06:00+00:00,4068.89990234375,4071.199951171875,4068.89990234375,4070.800048828125,50
2026-06-10 23:07:00+00:00,4068.39990234375,4069.39990234375,4067.0,4069.39990234375,87
2026-06-10 23:08:00+00:00,4066.39990234375,4067.60009765625,4065.5,4067.0,34
2026-06-10 23:09:00+00:00,4062.800048828125,4066.800048828125,4061.10009765625,4066.800048828125,80
2026-06-10 23:10:00+00:00,4063.5,4065.199951171875,4062.89990234375,4063.60009765625,42
2026-06-10 23:11:00+00:00,4062.10009765625,4065.0,4061.10009765625,4063.800048828125,42
2026-06-10 23:12:00+00:00,4056.300048828125,4063.300048828125,4054.60009765625,4062.0,199
2026-06-10 23:13:00+00:00,4047.0,4056.199951171875,4046.300048828125,4056.0,371
2026-06-10 23:14:00+00:00,4052.89990234375,4053.0,4046.199951171875,4047.10009765625,508
2026-06-10 23:15:00+00:00,4052.89990234375,4055.5,4048.5,4052.10009765625,137
2026-06-10 23:16:00+00:00,4050.10009765625,4052.60009765625,4047.60009765625,4052.5,46
2026-06-10 23:17:00+00:00,4052.10009765625,4054.0,4049.800048828125,4051.0,144
2026-06-10 23:18:00+00:00,4051.60009765625,4052.89990234375,4051.0,4052.10009765625,83
2026-06-10 23:19:00+00:00,4061.199951171875,4064.5,4050.300048828125,4050.800048828125,384
2026-06-10 23:20:00+00:00,4066.10009765625,4070.39990234375,4059.300048828125,4061.800048828125,308
2026-06-10 23:21:00+00:00,4066.199951171875,4069.10009765625,4060.300048828125,4066.10009765625,184
2026-06-10 23:22:00+00:00,4067.39990234375,4068.39990234375,4064.10009765625,4067.10009765625,162
2026-06-10 23:23:00+00:00,4064.300048828125,4069.0,4064.300048828125,4068.10009765625,50
2026-06-10 23:24:00+00:00,4065.199951171875,4066.199951171875,4063.60009765625,4064.89990234375,56
2026-06-10 23:25:00+00:00,4070.5,4072.800048828125,4064.89990234375,4065.89990234375,257
2026-06-10 23:26:00+00:00,4081.800048828125,4083.800048828125,4069.89990234375,4070.5,337
2026-06-10 23:27:00+00:00,4083.699951171875,4084.60009765625,4080.60009765625,4082.0,119
2026-06-10 23:28:00+00:00,4082.699951171875,4083.800048828125,4080.699951171875,4083.5,65
2026-06-10 23:29:00+00:00,4084.10009765625,4087.199951171875,4081.60009765625,4082.300048828125,126
2026-06-10 23:30:00+00:00,4084.5,4086.199951171875,4082.10009765625,4083.60009765625,78
2026-06-10 23:31:00+00:00,4081.0,4084.39990234375,4081.0,4083.10009765625,31
2026-06-10 23:32:00+00:00,4084.199951171875,4084.699951171875,4079.60009765625,4081.300048828125,111
2026-06-10 23:33:00+00:00,4078.800048828125,4083.800048828125,4078.39990234375,4083.800048828125,85
2026-06-10 23:34:00+00:00,4080.0,4081.0,4079.0,4079.300048828125,51
2026-06-10 23:35:00+00:00,4083.300048828125,4084.199951171875,4079.5,4080.0,22
2026-06-10 23:36:00+00:00,4082.39990234375,4084.699951171875,4082.300048828125,4082.89990234375,29
2026-06-10 23:37:00+00:00,4085.39990234375,4086.0,4082.199951171875,4082.199951171875,17
2026-06-10 23:38:00+00:00,4083.10009765625,4084.300048828125,4081.60009765625,4084.300048828125,14
2026-06-10 23:39:00+00:00,4083.199951171875,4083.199951171875,4081.800048828125,4083.0,16
2026-06-10 23:40:00+00:00,4085.60009765625,4086.10009765625,4081.5,4082.800048828125,63
2026-06-10 23:41:00+00:00,4082.5,4086.800048828125,4080.0,4085.5,103
2026-06-10 23:42:00+00:00,4082.199951171875,4085.0,4082.10009765625,4082.60009765625,31
2026-06-10 23:43:00+00:00,4082.5,4084.60009765625,4082.0,4082.89990234375,56
2026-06-10 23:44:00+00:00,4078.10009765625,4081.89990234375,4077.199951171875,4081.60009765625,110
2026-06-10 23:45:00+00:00,4071.800048828125,4078.800048828125,4071.10009765625,4078.39990234375,183
2026-06-10 23:46:00+00:00,4075.300048828125,4076.199951171875,4071.300048828125,4071.5,119
2026-06-10 23:47:00+00:00,4079.199951171875,4079.699951171875,4073.199951171875,4074.89990234375,94
2026-06-10 23:48:00+00:00,4073.0,4079.699951171875,4072.800048828125,4079.199951171875,72
2026-06-10 23:49:00+00:00,4072.5,4074.5,4072.0,4072.39990234375,18
2026-06-10 23:50:00+00:00,4074.39990234375,4074.89990234375,4071.199951171875,4072.0,41
2026-06-10 23:51:00+00:00,4071.89990234375,4073.199951171875,4071.89990234375,4073.199951171875,19
2026-06-10 23:52:00+00:00,4072.39990234375,4072.800048828125,4071.89990234375,4072.300048828125,13
2026-06-10 23:53:00+00:00,4074.10009765625,4074.5,4071.89990234375,4072.60009765625,36
2026-06-10 23:54:00+00:00,4073.39990234375,4074.10009765625,4072.0,4074.10009765625,22
2026-06-10 23:55:00+00:00,4071.89990234375,4073.5,4071.0,4073.5,37
2026-06-10 23:56:00+00:00,4071.0,4072.89990234375,4068.89990234375,4071.60009765625,97
2026-06-10 23:57:00+00:00,4068.89990234375,4069.89990234375,4066.699951171875,4069.89990234375,99
2026-06-10 23:58:00+00:00,4071.699951171875,4071.699951171875,4069.0,4069.199951171875,42
2026-06-10 23:59:00+00:00,4069.699951171875,4074.89990234375,4068.800048828125,4071.800048828125,96
2026-06-11 00:00:00+00:00,4079.699951171875,4081.800048828125,4068.60009765625,4070.89990234375,158
2026-06-11 00:01:00+00:00,4078.699951171875,4078.89990234375,4073.5,4078.89990234375,91
2026-06-11 00:02:00+00:00,4075.199951171875,4080.699951171875,4074.10009765625,4080.0,137
2026-06-11 00:03:00+00:00,4066.89990234375,4075.0,4066.699951171875,4073.89990234375,108
2026-06-11 00:04:00+00:00,4065.5,4069.699951171875,4063.199951171875,4067.800048828125,195
2026-06-11 00:05:00+00:00,4071.0,4072.89990234375,4065.60009765625,4066.10009765625,78
2026-06-11 00:06:00+00:00,4067.300048828125,4070.60009765625,4066.199951171875,4070.60009765625,105
2026-06-11 00:07:00+00:00,4066.0,4069.89990234375,4066.0,4067.89990234375,190
2026-06-11 00:08:00+00:00,4066.699951171875,4067.60009765625,4061.699951171875,4065.800048828125,100
2026-06-11 00:09:00+00:00,4065.60009765625,4067.800048828125,4064.199951171875,4066.699951171875,145
2026-06-11 00:10:00+00:00,4058.699951171875,4065.89990234375,4058.0,4064.60009765625,165
2026-06-11 00:11:00+00:00,4067.10009765625,4067.10009765625,4058.300048828125,4059.10009765625,102
2026-06-11 00:12:00+00:00,4069.699951171875,4070.199951171875,4064.300048828125,4066.199951171875,65
2026-06-11 00:13:00+00:00,4072.60009765625,4078.0,4068.89990234375,4069.0,198
2026-06-11 00:14:00+00:00,4074.5,4075.800048828125,4072.10009765625,4072.300048828125,48
2026-06-11 00:15:00+00:00,4079.39990234375,4080.199951171875,4072.0,4074.89990234375,120
2026-06-11 00:16:00+00:00,4082.0,4083.39990234375,4076.199951171875,4078.60009765625,157
2026-06-11 00:17:00+00:00,4093.0,4095.39990234375,4079.699951171875,4081.39990234375,387
2026-06-11 00:18:00+00:00,4085.699951171875,4093.199951171875,4085.300048828125,4093.199951171875,311
2026-06-11 00:19:00+00:00,4087.199951171875,4090.199951171875,4084.60009765625,4086.89990234375,113
2026-06-11 00:20:00+00:00,4087.0,4087.60009765625,4083.60009765625,4087.39990234375,94
2026-06-11 00:21:00+00:00,4089.699951171875,4092.60009765625,4084.800048828125,4087.5,152
2026-06-11 00:22:00+00:00,4089.199951171875,4091.39990234375,4087.800048828125,4090.10009765625,202
2026-06-11 00:23:00+00:00,4090.10009765625,4092.0,4088.60009765625,4089.699951171875,166
2026-06-11 00:24:00+00:00,4084.10009765625,4090.699951171875,4083.300048828125,4090.199951171875,192
2026-06-11 00:25:00+00:00,4082.300048828125,4083.699951171875,4079.60009765625,4083.699951171875,177
2026-06-11 00:26:00+00:00,4087.89990234375,4093.199951171875,4080.0,4081.0,789
2026-06-11 00:27:00+00:00,4087.10009765625,4090.89990234375,4086.89990234375,4089.199951171875,164
2026-06-11 00:28:00+00:00,4090.39990234375,4091.300048828125,4086.60009765625,4087.5,77
2026-06-11 00:29:00+00:00,4089.39990234375,4091.10009765625,4087.699951171875,4090.89990234375,63
2026-06-11 00:30:00+00:00,4085.199951171875,4089.60009765625,4084.300048828125,4089.0,133
2026-06-11 00:31:00+00:00,4090.300048828125,4090.800048828125,4083.800048828125,4085.699951171875,128
2026-06-11 00:32:00+00:00,4090.10009765625,4093.0,4090.10009765625,4090.39990234375,71
2026-06-11 00:33:00+00:00,4093.699951171875,4098.7001953125,4086.699951171875,4090.10009765625,225
2026-06-11 00:34:00+00:00,4086.199951171875,4094.39990234375,4086.199951171875,4093.39990234375,182
2026-06-11 00:35:00+00:00,4090.5,4090.60009765625,4085.5,4085.5,91
2026-06-11 00:36:00+00:00,4086.10009765625,4089.5,4084.699951171875,4089.5,133
2026-06-11 00:37:00+00:00,4084.10009765625,4086.800048828125,4081.0,4086.0,484
2026-06-11 00:38:00+00:00,4085.5,4087.699951171875,4084.199951171875,4084.199951171875,713
2026-06-11 00:39:00+00:00,4085.10009765625,4086.60009765625,4084.10009765625,4086.199951171875,32
2026-06-11 00:40:00+00:00,4087.60009765625,4088.60009765625,4083.60009765625,4085.0,138
2026-06-11 00:41:00+00:00,4094.89990234375,4095.0,4088.60009765625,4088.60009765625,50
2026-06-11 00:42:00+00:00,4093.800048828125,4096.5,4093.800048828125,4095.199951171875,59
2026-06-11 00:43:00+00:00,4088.199951171875,4094.89990234375,4086.10009765625,4093.800048828125,187
2026-06-11 00:44:00+00:00,4085.0,4087.5,4084.39990234375,4087.5,31
2026-06-11 00:45:00+00:00,4088.199951171875,4090.0,4085.300048828125,4085.60009765625,53
2026-06-11 00:46:00+00:00,4091.699951171875,4093.300048828125,4086.300048828125,4087.800048828125,78
2026-06-11 00:47:00+00:00,4090.699951171875,4092.800048828125,4089.699951171875,4092.0,37
2026-06-11 00:48:00+00:00,4092.300048828125,4093.0,4089.39990234375,4090.5,47
2026-06-11 00:49:00+00:00,4092.699951171875,4093.0,4091.60009765625,4092.199951171875,50
2026-06-11 00:50:00+00:00,4094.0,4094.699951171875,4092.10009765625,4092.800048828125,80
2026-06-11 00:51:00+00:00,4093.5,4095.0,4091.800048828125,4094.0,47
2026-06-11 00:52:00+00:00,4094.89990234375,4096.89990234375,4093.300048828125,4093.89990234375,63
2026-06-11 00:53:00+00:00,4091.699951171875,4094.5,4091.5,4094.5,80
2026-06-11 00:54:00+00:00,4091.5,4092.10009765625,4090.5,4092.10009765625,87
2026-06-11 00:55:00+00:00,4093.39990234375,4093.5,4090.60009765625,4090.89990234375,188
2026-06-11 00:56:00+00:00,4097.10009765625,4097.39990234375,4092.300048828125,4093.300048828125,314
2026-06-11 00:57:00+00:00,4098.5,4099.5,4096.2998046875,4097.5,217
2026-06-11 00:58:00+00:00,4097.2998046875,4098.5,4096.5,4098.2998046875,128
2026-06-11 00:59:00+00:00,4097.5,4100.0,4097.2001953125,4098.0,224
2026-06-11 01:00:00+00:00,4099.7001953125,4111.39990234375,4097.2998046875,4097.2998046875,847
2026-06-11 01:01:00+00:00,4104.2001953125,4105.0,4093.39990234375,4099.7001953125,289
2026-06-11 01:02:00+00:00,4101.89990234375,4108.5,4101.60009765625,4103.7998046875,167
2026-06-11 01:03:00+00:00,4102.7998046875,4104.2998046875,4099.60009765625,4100.0,105
2026-06-11 01:04:00+00:00,4100.7001953125,4107.10009765625,4097.39990234375,4102.39990234375,314
2026-06-11 01:05:00+00:00,4101.5,4103.5,4098.10009765625,4100.39990234375,152
2026-06-11 01:06:00+00:00,4099.2001953125,4102.0,4098.7998046875,4100.2998046875,126
2026-06-11 01:07:00+00:00,4090.699951171875,4099.7998046875,4087.39990234375,4099.10009765625,478
2026-06-11 01:08:00+00:00,4093.699951171875,4093.699951171875,4088.60009765625,4090.39990234375,258
2026-06-11 01:09:00+00:00,4099.89990234375,4099.89990234375,4093.300048828125,4093.699951171875,340
2026-06-11 01:10:00+00:00,4103.60009765625,4105.0,4099.5,4099.5,360
2026-06-11 01:11:00+00:00,4106.60009765625,4107.2998046875,4100.89990234375,4103.5,339
2026-06-11 01:12:00+00:00,4105.2998046875,4110.5,4104.60009765625,4106.5,472
2026-06-11 01:13:00+00:00,4105.2998046875,4109.7001953125,4103.60009765625,4105.2998046875,306
2026-06-11 01:14:00+00:00,4108.0,4108.60009765625,4104.10009765625,4104.89990234375,120
2026-06-11 01:15:00+00:00,4110.2001953125,4111.2998046875,4106.89990234375,4107.7001953125,162
2026-06-11 01:16:00+00:00,4119.2001953125,4121.0,4109.60009765625,4109.7001953125,810
2026-06-11 01:17:00+00:00,4117.5,4120.2001953125,4115.60009765625,4119.0,335
2026-06-11 01:18:00+00:00,4116.89990234375,4118.2998046875,4115.0,4117.7001953125,261
2026-06-11 01:19:00+00:00,4114.7998046875,4116.7998046875,4112.89990234375,4116.7998046875,219
2026-06-11 01:20:00+00:00,4117.60009765625,4119.7001953125,4114.10009765625,4114.5,528
2026-06-11 01:21:00+00:00,4116.89990234375,4120.89990234375,4113.7998046875,4117.60009765625,452
2026-06-11 01:22:00+00:00,4115.60009765625,4117.10009765625,4113.2001953125,4117.0,206
2026-06-11 01:23:00+00:00,4117.60009765625,4121.60009765625,4115.10009765625,4116.2998046875,405
2026-06-11 01:24:00+00:00,4123.5,4124.0,4117.7998046875,4118.60009765625,249
2026-06-11 01:25:00+00:00,4128.10009765625,4128.5,4123.2001953125,4123.7001953125,355
2026-06-11 01:26:00+00:00,4126.10009765625,4129.7001953125,4125.5,4127.60009765625,410
2026-06-11 01:27:00+00:00,4124.5,4125.89990234375,4122.0,4125.89990234375,436
2026-06-11 01:28:00+00:00,4124.60009765625,4127.7001953125,4123.10009765625,4124.7001953125,367
2026-06-11 01:29:00+00:00,4124.89990234375,4126.60009765625,4122.7998046875,4124.10009765625,161
2026-06-11 01:30:00+00:00,4126.39990234375,4128.2998046875,4124.2998046875,4125.10009765625,149
2026-06-11 01:31:00+00:00,4125.89990234375,4127.7001953125,4124.5,4126.5,161
2026-06-11 01:32:00+00:00,4129.7998046875,4132.7001953125,4125.7998046875,4125.7998046875,284
2026-06-11 01:33:00+00:00,4127.60009765625,4129.89990234375,4126.2998046875,4129.2998046875,149
2026-06-11 01:34:00+00:00,4131.10009765625,4133.2998046875,4128.0,4128.10009765625,193
2026-06-11 01:35:00+00:00,4133.10009765625,4133.7001953125,4130.5,4131.39990234375,143
2026-06-11 01:36:00+00:00,4134.0,4134.7001953125,4132.5,4132.89990234375,192
2026-06-11 01:37:00+00:00,4130.7998046875,4134.89990234375,4129.7001953125,4133.60009765625,269
2026-06-11 01:38:00+00:00,4133.10009765625,4135.0,4130.60009765625,4131.2998046875,164
2026-06-11 01:39:00+00:00,4135.0,4135.5,4130.39990234375,4133.0,163
2026-06-11 01:40:00+00:00,4134.89990234375,4136.2998046875,4132.7001953125,4134.7001953125,146
2026-06-11 01:41:00+00:00,4136.10009765625,4137.7998046875,4134.89990234375,4134.89990234375,271
2026-06-11 01:42:00+00:00,4137.39990234375,4138.5,4135.60009765625,4136.7998046875,235
2026-06-11 01:43:00+00:00,4133.2998046875,4137.89990234375,4131.0,4137.60009765625,330
2026-06-11 01:44:00+00:00,4134.10009765625,4134.10009765625,4130.60009765625,4133.2998046875,166
2026-06-11 01:45:00+00:00,4127.7998046875,4134.7998046875,4126.5,4134.2998046875,226
2026-06-11 01:46:00+00:00,4131.89990234375,4132.2001953125,4127.39990234375,4128.10009765625,133
2026-06-11 01:47:00+00:00,4134.0,4137.7001953125,4131.10009765625,4131.2998046875,144
2026-06-11 01:48:00+00:00,4132.2998046875,4135.2001953125,4132.2998046875,4134.2998046875,57
2026-06-11 01:49:00+00:00,4131.0,4133.0,4131.0,4132.39990234375,65
2026-06-11 01:50:00+00:00,4128.0,4130.5,4126.89990234375,4130.2001953125,152
2026-06-11 01:51:00+00:00,4131.2998046875,4131.7001953125,4127.2998046875,4128.2998046875,161
2026-06-11 01:52:00+00:00,4127.60009765625,4131.5,4126.7998046875,4131.39990234375,71
2026-06-11 01:53:00+00:00,4125.2998046875,4127.60009765625,4124.7998046875,4127.2001953125,181
2026-06-11 01:54:00+00:00,4123.7998046875,4127.39990234375,4123.7001953125,4125.7998046875,138
2026-06-11 01:55:00+00:00,4119.7998046875,4124.10009765625,4118.60009765625,4123.7998046875,230
2026-06-11 01:56:00+00:00,4120.2998046875,4122.5,4119.5,4119.89990234375,151
2026-06-11 01:57:00+00:00,4120.7998046875,4124.2998046875,4120.10009765625,4120.60009765625,92
2026-06-11 01:58:00+00:00,4120.7998046875,4121.10009765625,4118.0,4120.5,79
2026-06-11 01:59:00+00:00,4122.39990234375,4123.2998046875,4120.89990234375,4121.0,77
2026-06-11 02:00:00+00:00,4118.60009765625,4122.89990234375,4117.39990234375,4122.7998046875,156
2026-06-11 02:01:00+00:00,4119.39990234375,4119.39990234375,4116.7998046875,4119.0,117
2026-06-11 02:02:00+00:00,4116.2998046875,4121.0,4114.89990234375,4118.89990234375,105
2026-06-11 02:03:00+00:00,4115.39990234375,4118.10009765625,4115.0,4116.89990234375,60
2026-06-11 02:04:00+00:00,4121.0,4121.0,4114.7998046875,4115.10009765625,105
2026-06-11 02:05:00+00:00,4118.0,4121.39990234375,4116.7001953125,4121.2998046875,65
2026-06-11 02:06:00+00:00,4115.7001953125,4118.2001953125,4115.0,4118.2001953125,103
2026-06-11 02:07:00+00:00,4115.60009765625,4116.2998046875,4114.39990234375,4115.2001953125,63
2026-06-11 02:08:00+00:00,4113.7001953125,4115.5,4113.10009765625,4115.5,87
2026-06-11 02:09:00+00:00,4115.0,4115.10009765625,4112.60009765625,4114.0,116
2026-06-11 02:10:00+00:00,4112.7001953125,4118.10009765625,4112.2001953125,4114.7998046875,112
2026-06-11 02:11:00+00:00,4113.5,4114.0,4111.5,4112.7998046875,98
2026-06-11 02:12:00+00:00,4112.2001953125,4115.0,4111.89990234375,4113.7998046875,118
2026-06-11 02:13:00+00:00,4111.2001953125,4112.5,4110.89990234375,4111.39990234375,78
2026-06-11 02:14:00+00:00,4110.0,4111.60009765625,4109.2998046875,4111.5,134
2026-06-11 02:15:00+00:00,4109.2001953125,4111.10009765625,4108.7998046875,4110.89990234375,91
2026-06-11 02:16:00+00:00,4109.5,4110.60009765625,4108.2998046875,4109.2001953125,77
2026-06-11 02:17:00+00:00,4108.7001953125,4110.89990234375,4108.0,4110.10009765625,105
2026-06-11 02:18:00+00:00,4113.7001953125,4116.2001953125,4108.39990234375,4108.39990234375,267
2026-06-11 02:19:00+00:00,4114.2001953125,4115.39990234375,4112.10009765625,4113.39990234375,115
2026-06-11 02:20:00+00:00,4112.60009765625,4114.89990234375,4111.2998046875,4114.39990234375,142
2026-06-11 02:21:00+00:00,4110.7001953125,4112.2998046875,4109.5,4112.10009765625,56
2026-06-11 02:22:00+00:00,4110.7998046875,4112.5,4109.60009765625,4110.39990234375,64
2026-06-11 02:23:00+00:00,4111.2998046875,4112.0,4109.60009765625,4110.7998046875,43
2026-06-11 02:24:00+00:00,4110.60009765625,4111.7001953125,4109.39990234375,4111.60009765625,45
2026-06-11 02:25:00+00:00,4107.7001953125,4110.39990234375,4106.7001953125,4110.39990234375,104
2026-06-11 02:26:00+00:00,4109.10009765625,4109.60009765625,4105.39990234375,4107.2001953125,107
2026-06-11 02:27:00+00:00,4106.39990234375,4109.2998046875,4106.2998046875,4108.7998046875,53
2026-06-11 02:28:00+00:00,4105.7001953125,4107.39990234375,4104.39990234375,4106.0,140
2026-06-11 02:29:00+00:00,4102.7998046875,4105.10009765625,4101.89990234375,4105.10009765625,115
2026-06-11 02:30:00+00:00,4102.2998046875,4105.5,4101.7001953125,4103.2001953125,246
2026-06-11 02:31:00+00:00,4093.60009765625,4102.2001953125,4092.199951171875,4102.2001953125,407
2026-06-11 02:32:00+00:00,4096.39990234375,4097.7001953125,4093.199951171875,4093.5,124
2026-06-11 02:33:00+00:00,4095.800048828125,4099.2998046875,4095.800048828125,4096.5,112
2026-06-11 02:34:00+00:00,4093.89990234375,4095.60009765625,4092.300048828125,4095.300048828125,97
2026-06-11 02:35:00+00:00,4096.2998046875,4096.89990234375,4093.5,4093.800048828125,81
2026-06-11 02:36:00+00:00,4094.60009765625,4096.7998046875,4092.60009765625,4096.60009765625,83
2026-06-11 02:37:00+00:00,4094.199951171875,4096.0,4093.5,4094.0,62
2026-06-11 02:38:00+00:00,4091.10009765625,4095.0,4091.10009765625,4093.199951171875,80
2026-06-11 02:39:00+00:00,4087.60009765625,4091.300048828125,4085.699951171875,4091.199951171875,258
2026-06-11 02:40:00+00:00,4083.800048828125,4088.60009765625,4082.0,4087.60009765625,286
2026-06-11 02:41:00+00:00,4077.800048828125,4083.5,4076.89990234375,4083.199951171875,322
2026-06-11 02:42:00+00:00,4076.10009765625,4080.10009765625,4076.0,4078.60009765625,226
2026-06-11 02:43:00+00:00,4082.199951171875,4084.10009765625,4076.0,4076.0,226
2026-06-11 02:44:00+00:00,4080.5,4083.39990234375,4080.5,4082.199951171875,150
2026-06-11 02:45:00+00:00,4081.0,4081.60009765625,4077.60009765625,4080.199951171875,115
2026-06-11 02:46:00+00:00,4077.39990234375,4080.699951171875,4076.300048828125,4080.699951171875,123
2026-06-11 02:47:00+00:00,4076.800048828125,4078.800048828125,4076.5,4077.89990234375,69
2026-06-11 02:48:00+00:00,4077.199951171875,4077.60009765625,4073.39990234375,4076.5,162
2026-06-11 02:49:00+00:00,4075.699951171875,4077.5,4074.0,4076.699951171875,86
2026-06-11 02:50:00+00:00,4080.10009765625,4080.89990234375,4076.300048828125,4076.300048828125,100
2026-06-11 02:51:00+00:00,4080.800048828125,4083.699951171875,4079.800048828125,4080.0,79
2026-06-11 02:52:00+00:00,4081.60009765625,4081.60009765625,4078.0,4080.0,68
2026-06-11 02:53:00+00:00,4081.39990234375,4082.800048828125,4077.800048828125,4081.800048828125,133
2026-06-11 02:54:00+00:00,4083.800048828125,4085.300048828125,4079.300048828125,4080.60009765625,176
2026-06-11 02:55:00+00:00,4087.699951171875,4088.199951171875,4083.0,4083.5,181
2026-06-11 02:56:00+00:00,4093.0,4093.5,4087.300048828125,4087.300048828125,174
2026-06-11 02:57:00+00:00,4092.800048828125,4094.199951171875,4091.89990234375,4092.800048828125,80
2026-06-11 02:58:00+00:00,4093.199951171875,4095.199951171875,4092.39990234375,4092.60009765625,77
2026-06-11 02:59:00+00:00,4089.300048828125,4093.300048828125,4088.800048828125,4093.300048828125,51
2026-06-11 03:00:00+00:00,4093.0,4093.5,4089.0,4089.39990234375,85
2026-06-11 03:01:00+00:00,4092.39990234375,4095.5,4091.5,4092.89990234375,74
2026-06-11 03:02:00+00:00,4096.0,4096.39990234375,4092.39990234375,4092.39990234375,151
2026-06-11 03:03:00+00:00,4094.800048828125,4097.0,4094.60009765625,4095.89990234375,111
2026-06-11 03:04:00+00:00,4096.0,4096.60009765625,4094.300048828125,4094.800048828125,67
2026-06-11 03:05:00+00:00,4096.10009765625,4097.10009765625,4095.0,4096.10009765625,42
2026-06-11 03:06:00+00:00,4092.5,4096.2998046875,4091.10009765625,4096.10009765625,67
2026-06-11 03:07:00+00:00,4095.5,4096.7998046875,4092.300048828125,4092.60009765625,80
2026-06-11 03:08:00+00:00,4096.2998046875,4096.7001953125,4092.39990234375,4095.699951171875,119
2026-06-11 03:09:00+00:00,4098.10009765625,4099.7998046875,4096.10009765625,4096.5,104
2026-06-11 03:10:00+00:00,4093.5,4097.39990234375,4092.60009765625,4097.39990234375,55
2026-06-11 03:11:00+00:00,4092.5,4094.10009765625,4092.0,4094.10009765625,53
2026-06-11 03:12:00+00:00,4087.199951171875,4092.199951171875,4087.199951171875,4092.10009765625,56
2026-06-11 03:13:00+00:00,4089.199951171875,4089.39990234375,4087.0,4087.60009765625,67
2026-06-11 03:14:00+00:00,4086.199951171875,4088.89990234375,4085.60009765625,4088.800048828125,83
2026-06-11 03:15:00+00:00,4090.800048828125,4091.0,4087.800048828125,4087.800048828125,47
2026-06-11 03:16:00+00:00,4089.60009765625,4092.300048828125,4089.60009765625,4092.0,59
2026-06-11 03:17:00+00:00,4089.300048828125,4090.699951171875,4088.39990234375,4089.89990234375,59
2026-06-11 03:18:00+00:00,4088.60009765625,4090.39990234375,4088.60009765625,4089.199951171875,56
2026-06-11 03:19:00+00:00,4086.699951171875,4089.39990234375,4086.699951171875,4089.10009765625,117
2026-06-11 03:20:00+00:00,4082.89990234375,4086.89990234375,4082.199951171875,4086.89990234375,153
2026-06-11 03:21:00+00:00,4084.10009765625,4084.39990234375,4081.10009765625,4082.5,118
2026-06-11 03:22:00+00:00,4083.89990234375,4085.10009765625,4083.0,4084.800048828125,37
2026-06-11 03:23:00+00:00,4082.89990234375,4084.60009765625,4082.5,4084.39990234375,67
2026-06-11 03:24:00+00:00,4083.800048828125,4084.199951171875,4082.0,4082.60009765625,117
2026-06-11 03:25:00+00:00,4083.0,4084.699951171875,4082.10009765625,4084.5,31
2026-06-11 03:26:00+00:00,4081.10009765625,4084.0,4080.0,4082.60009765625,51
2026-06-11 03:27:00+00:00,4082.60009765625,4083.10009765625,4078.10009765625,4080.800048828125,166
2026-06-11 03:28:00+00:00,4084.5,4084.5,4081.699951171875,4082.5,83
2026-06-11 03:29:00+00:00,4084.300048828125,4085.199951171875,4083.300048828125,4084.60009765625,76
2026-06-11 03:30:00+00:00,4088.5,4089.0,4084.199951171875,4084.199951171875,84
2026-06-11 03:31:00+00:00,4088.800048828125,4089.0,4085.699951171875,4087.0,91
2026-06-11 03:32:00+00:00,4084.699951171875,4088.699951171875,4083.89990234375,4088.699951171875,123
2026-06-11 03:33:00+00:00,4088.39990234375,4088.5,4084.800048828125,4084.800048828125,81
2026-06-11 03:34:00+00:00,4088.60009765625,4088.60009765625,4086.60009765625,4088.5,50
2026-06-11 03:35:00+00:00,4088.800048828125,4090.0,4087.0,4088.39990234375,49
2026-06-11 03:36:00+00:00,4087.0,4089.60009765625,4085.60009765625,4089.60009765625,64
2026-06-11 03:37:00+00:00,4087.60009765625,4088.800048828125,4086.699951171875,4086.699951171875,42
2026-06-11 03:38:00+00:00,4087.199951171875,4087.60009765625,4086.39990234375,4087.60009765625,16
2026-06-11 03:39:00+00:00,4091.89990234375,4091.89990234375,4087.10009765625,4087.39990234375,46
2026-06-11 03:40:00+00:00,4092.199951171875,4093.300048828125,4091.300048828125,4092.0,55
2026-06-11 03:41:00+00:00,4089.699951171875,4092.39990234375,4089.5,4091.39990234375,48
2026-06-11 03:42:00+00:00,4089.300048828125,4090.39990234375,4087.89990234375,4089.89990234375,44
2026-06-11 03:43:00+00:00,4089.39990234375,4091.199951171875,4089.0,4089.699951171875,27
2026-06-11 03:44:00+00:00,4089.199951171875,4089.699951171875,4088.699951171875,4089.699951171875,18
2026-06-11 03:45:00+00:00,4088.800048828125,4090.39990234375,4088.0,4090.39990234375,62
2026-06-11 03:46:00+00:00,4088.60009765625,4090.0,4087.800048828125,4089.10009765625,35
2026-06-11 03:47:00+00:00,4088.10009765625,4089.60009765625,4087.800048828125,4089.39990234375,19
2026-06-11 03:48:00+00:00,4088.0,4089.10009765625,4087.800048828125,4088.10009765625,14
2026-06-11 03:49:00+00:00,4087.10009765625,4089.199951171875,4086.5,4089.0,36
2026-06-11 03:50:00+00:00,4088.800048828125,4089.199951171875,4086.60009765625,4087.199951171875,23
2026-06-11 03:51:00+00:00,4092.0,4092.10009765625,4088.800048828125,4089.10009765625,45
2026-06-11 03:52:00+00:00,4091.800048828125,4091.89990234375,4089.5,4091.89990234375,45
2026-06-11 03:53:00+00:00,4095.89990234375,4096.5,4092.10009765625,4092.10009765625,166
2026-06-11 03:54:00+00:00,4094.699951171875,4095.699951171875,4094.39990234375,4095.699951171875,60
2026-06-11 03:55:00+00:00,4094.5,4095.300048828125,4094.10009765625,4094.699951171875,14
2026-06-11 03:56:00+00:00,4095.60009765625,4096.0,4093.60009765625,4094.39990234375,30
2026-06-11 03:57:00+00:00,4095.5,4097.0,4095.5,4096.2001953125,17
2026-06-11 03:58:00+00:00,4095.5,4096.7001953125,4095.10009765625,4096.2998046875,15
2026-06-11 04:00:00+00:00,4095.10009765625,4096.39990234375,4094.39990234375,4094.39990234375,58
2026-06-11 04:01:00+00:00,4095.5,4095.5,4093.10009765625,4094.39990234375,61
2026-06-11 04:02:00+00:00,4096.2001953125,4097.10009765625,4095.10009765625,4095.300048828125,32
2026-06-11 04:03:00+00:00,4093.89990234375,4095.800048828125,4093.300048828125,4095.800048828125,25
2026-06-11 04:04:00+00:00,4094.0,4096.10009765625,4093.800048828125,4094.800048828125,15
2026-06-11 04:05:00+00:00,4093.199951171875,4093.89990234375,4091.199951171875,4093.5,67
2026-06-11 04:06:00+00:00,4095.10009765625,4095.300048828125,4093.199951171875,4093.199951171875,16
2026-06-11 04:07:00+00:00,4098.0,4098.2001953125,4095.300048828125,4095.300048828125,105
2026-06-11 04:08:00+00:00,4097.89990234375,4098.7001953125,4096.89990234375,4098.0,71
2026-06-11 04:09:00+00:00,4101.10009765625,4101.10009765625,4097.89990234375,4098.2001953125,113
2026-06-11 04:10:00+00:00,4099.7001953125,4101.60009765625,4099.39990234375,4101.0,76
2026-06-11 04:11:00+00:00,4100.7998046875,4102.5,4099.89990234375,4099.89990234375,45
2026-06-11 04:12:00+00:00,4101.89990234375,4102.2001953125,4100.7001953125,4100.7998046875,65
2026-06-11 04:13:00+00:00,4102.60009765625,4103.5,4101.0,4101.89990234375,65
2026-06-11 04:14:00+00:00,4104.10009765625,4104.5,4101.89990234375,4103.0,64
2026-06-11 04:15:00+00:00,4102.89990234375,4104.7998046875,4102.89990234375,4103.89990234375,42
2026-06-11 04:16:00+00:00,4101.10009765625,4102.89990234375,4101.10009765625,4102.5,30
2026-06-11 04:17:00+00:00,4103.0,4103.7998046875,4100.7001953125,4100.7001953125,32
2026-06-11 04:18:00+00:00,4101.2998046875,4102.89990234375,4101.2998046875,4102.89990234375,13
2026-06-11 04:19:00+00:00,4102.89990234375,4102.89990234375,4101.5,4101.7001953125,18
2026-06-11 04:20:00+00:00,4106.0,4106.0,4101.7001953125,4102.60009765625,78
2026-06-11 04:21:00+00:00,4105.60009765625,4106.89990234375,4104.7998046875,4106.2001953125,60
2026-06-11 04:22:00+00:00,4102.89990234375,4105.10009765625,4102.7998046875,4105.10009765625,51
2026-06-11 04:23:00+00:00,4102.7998046875,4104.0,4102.7998046875,4103.10009765625,16
2026-06-11 04:24:00+00:00,4102.2001953125,4103.5,4102.2001953125,4103.10009765625,27
2026-06-11 04:25:00+00:00,4102.0,4103.0,4101.2998046875,4102.5,40
2026-06-11 04:26:00+00:00,4101.0,4102.5,4100.0,4101.7998046875,69
2026-06-11 04:27:00+00:00,4098.10009765625,4100.7001953125,4097.2001953125,4100.7001953125,92
2026-06-11 04:28:00+00:00,4100.0,4100.2001953125,4098.0,4098.0,65
2026-06-11 04:29:00+00:00,4098.89990234375,4100.89990234375,4098.89990234375,4100.0,33
2026-06-11 04:30:00+00:00,4103.60009765625,4105.10009765625,4099.2001953125,4099.2001953125,123
2026-06-11 04:31:00+00:00,4103.60009765625,4104.39990234375,4102.39990234375,4104.2001953125,34
2026-06-11 04:32:00+00:00,4103.10009765625,4105.0,4102.7998046875,4103.39990234375,45
2026-06-11 04:33:00+00:00,4101.0,4103.2001953125,4100.0,4103.2001953125,46
2026-06-11 04:34:00+00:00,4099.2001953125,4101.2998046875,4099.2001953125,4101.2998046875,46
2026-06-11 04:35:00+00:00,4097.7998046875,4099.2001953125,4096.89990234375,4099.2001953125,53
2026-06-11 04:36:00+00:00,4097.5,4098.2001953125,4095.800048828125,4097.7001953125,63
2026-06-11 04:37:00+00:00,4097.89990234375,4098.5,4096.89990234375,4097.39990234375,41
2026-06-11 04:38:00+00:00,4100.39990234375,4100.89990234375,4097.39990234375,4097.39990234375,36
2026-06-11 04:39:00+00:00,4099.7998046875,4100.89990234375,4099.7998046875,4100.89990234375,55
2026-06-11 04:40:00+00:00,4101.5,4102.5,4100.0,4100.39990234375,48
2026-06-11 04:41:00+00:00,4101.60009765625,4101.60009765625,4099.89990234375,4101.0,73
2026-06-11 04:42:00+00:00,4103.39990234375,4104.5,4101.2998046875,4102.0,46
2026-06-11 04:43:00+00:00,4104.0,4104.60009765625,4103.0,4103.0,50
2026-06-11 04:44:00+00:00,4103.7001953125,4105.39990234375,4103.60009765625,4104.7998046875,34
2026-06-11 04:45:00+00:00,4104.7998046875,4104.7998046875,4103.7001953125,4103.7998046875,18
2026-06-11 04:46:00+00:00,4105.2998046875,4106.2998046875,4104.0,4104.7998046875,51
2026-06-11 04:47:00+00:00,4105.7001953125,4106.89990234375,4104.89990234375,4105.39990234375,62
2026-06-11 04:48:00+00:00,4105.7998046875,4107.39990234375,4105.60009765625,4105.60009765625,60
2026-06-11 04:49:00+00:00,4104.7001953125,4106.5,4104.7001953125,4106.0,16
2026-06-11 04:50:00+00:00,4103.2998046875,4104.89990234375,4102.5,4104.89990234375,38
2026-06-11 04:51:00+00:00,4102.2998046875,4103.2998046875,4101.0,4103.0,45
2026-06-11 04:52:00+00:00,4102.60009765625,4102.7001953125,4101.2998046875,4101.7001953125,48
2026-06-11 04:53:00+00:00,4104.5,4106.39990234375,4103.0,4103.10009765625,64
2026-06-11 04:54:00+00:00,4105.2001953125,4106.2001953125,4103.89990234375,4104.0,35
2026-06-11 04:55:00+00:00,4104.7001953125,4106.5,4104.5,4105.60009765625,24
2026-06-11 04:56:00+00:00,4104.2998046875,4105.39990234375,4103.7998046875,4104.89990234375,19
2026-06-11 04:57:00+00:00,4104.5,4106.2998046875,4103.7998046875,4104.0,60
2026-06-11 04:58:00+00:00,4104.2001953125,4105.10009765625,4102.7001953125,4103.7998046875,63
2026-06-11 04:59:00+00:00,4103.7998046875,4105.2001953125,4103.7001953125,4104.2001953125,61
2026-06-11 05:00:00+00:00,4098.2001953125,4104.5,4098.2001953125,4104.2998046875,148
2026-06-11 05:01:00+00:00,4098.60009765625,4099.2998046875,4097.2001953125,4098.7998046875,90
2026-06-11 05:02:00+00:00,4100.0,4100.0,4097.39990234375,4098.89990234375,40
2026-06-11 05:03:00+00:00,4097.7998046875,4099.10009765625,4096.7998046875,4098.89990234375,22
2026-06-11 05:04:00+00:00,4098.60009765625,4099.2998046875,4097.0,4098.0,32
2026-06-11 05:05:00+00:00,4100.5,4101.0,4099.10009765625,4099.2998046875,34
2026-06-11 05:06:00+00:00,4096.89990234375,4099.7001953125,4096.39990234375,4099.7001953125,28
2026-06-11 05:07:00+00:00,4098.39990234375,4098.7998046875,4096.7001953125,4096.7001953125,23
2026-06-11 05:08:00+00:00,4100.0,4100.60009765625,4096.60009765625,4097.89990234375,45
2026-06-11 05:09:00+00:00,4100.60009765625,4102.0,4098.5,4099.2998046875,53
2026-06-11 05:10:00+00:00,4098.60009765625,4100.60009765625,4098.0,4100.60009765625,26
2026-06-11 05:11:00+00:00,4098.10009765625,4099.2001953125,4098.10009765625,4098.5,21
2026-06-11 05:12:00+00:00,4100.2998046875,4100.2998046875,4098.39990234375,4098.39990234375,27
2026-06-11 05:13:00+00:00,4099.10009765625,4099.2998046875,4098.2998046875,4099.2998046875,10
2026-06-11 05:14:00+00:00,4098.60009765625,4100.89990234375,4098.60009765625,4099.39990234375,23
2026-06-11 05:15:00+00:00,4100.10009765625,4100.2998046875,4096.0,4098.10009765625,70
2026-06-11 05:16:00+00:00,4098.10009765625,4102.0,4098.0,4100.0,49
2026-06-11 05:17:00+00:00,4099.7001953125,4099.7001953125,4097.5,4098.2001953125,31
2026-06-11 05:18:00+00:00,4099.5,4100.2001953125,4099.10009765625,4100.0,40
2026-06-11 05:19:00+00:00,4100.5,4100.7001953125,4098.60009765625,4099.2998046875,23
2026-06-11 05:20:00+00:00,4099.2998046875,4101.2001953125,4099.0,4100.39990234375,14
2026-06-11 05:21:00+00:00,4101.2998046875,4102.5,4099.89990234375,4099.89990234375,33
2026-06-11 05:22:00+00:00,4099.39990234375,4101.39990234375,4099.39990234375,4101.39990234375,23
2026-06-11 05:23:00+00:00,4098.60009765625,4100.2001953125,4098.0,4099.39990234375,24
2026-06-11 05:24:00+00:00,4098.7001953125,4099.7001953125,4096.89990234375,4098.7998046875,47
2026-06-11 05:25:00+00:00,4098.60009765625,4098.60009765625,4095.10009765625,4097.7001953125,76
2026-06-11 05:26:00+00:00,4098.7001953125,4101.10009765625,4098.39990234375,4098.7001953125,55
2026-06-11 05:27:00+00:00,4094.89990234375,4099.0,4093.800048828125,4098.89990234375,81
2026-06-11 05:28:00+00:00,4094.5,4095.5,4094.0,4095.199951171875,31
2026-06-11 05:29:00+00:00,4096.7001953125,4096.7001953125,4094.5,4094.5,30
2026-06-11 05:30:00+00:00,4099.7998046875,4102.60009765625,4095.89990234375,4095.89990234375,135
2026-06-11 05:31:00+00:00,4105.39990234375,4105.5,4099.2998046875,4099.39990234375,132
2026-06-11 05:32:00+00:00,4110.7001953125,4111.7998046875,4104.7998046875,4105.39990234375,419
2026-06-11 05:33:00+00:00,4112.7001953125,4115.5,4109.39990234375,4110.39990234375,337
2026-06-11 05:34:00+00:00,4116.10009765625,4117.2001953125,4113.0,4113.0,296
2026-06-11 05:35:00+00:00,4113.60009765625,4117.0,4111.7998046875,4116.2998046875,160
2026-06-11 05:36:00+00:00,4115.89990234375,4117.0,4112.10009765625,4113.2998046875,169
2026-06-11 05:37:00+00:00,4117.2998046875,4117.7001953125,4114.39990234375,4115.7998046875,129
2026-06-11 05:38:00+00:00,4116.5,4117.0,4114.39990234375,4117.0,66
2026-06-11 05:39:00+00:00,4114.89990234375,4115.7998046875,4113.10009765625,4115.39990234375,179
2026-06-11 05:40:00+00:00,4116.89990234375,4118.0,4115.2001953125,4115.2001953125,117
2026-06-11 05:41:00+00:00,4118.2001953125,4118.5,4117.0,4117.60009765625,81
2026-06-11 05:42:00+00:00,4119.0,4119.2998046875,4116.7998046875,4117.7001953125,150
2026-06-11 05:43:00+00:00,4120.2001953125,4120.60009765625,4118.89990234375,4118.89990234375,162
2026-06-11 05:44:00+00:00,4120.10009765625,4120.89990234375,4119.2001953125,4119.7001953125,58
2026-06-11 05:45:00+00:00,4118.60009765625,4120.89990234375,4117.5,4120.0,115
2026-06-11 05:46:00+00:00,4120.10009765625,4120.10009765625,4117.7998046875,4118.39990234375,110
2026-06-11 05:47:00+00:00,4122.10009765625,4124.39990234375,4119.0,4119.39990234375,168
2026-06-11 05:48:00+00:00,4126.39990234375,4126.5,4120.7001953125,4122.2001953125,88
2026-06-11 05:49:00+00:00,4121.39990234375,4127.39990234375,4121.39990234375,4126.2001953125,146
2026-06-11 05:50:00+00:00,4120.5,4121.5,4118.5,4121.2998046875,89
2026-06-11 05:51:00+00:00,4121.2001953125,4122.39990234375,4118.5,4120.2998046875,97
2026-06-11 05:52:00+00:00,4117.5,4121.2001953125,4117.2001953125,4121.0,71
2026-06-11 05:53:00+00:00,4117.89990234375,4118.2001953125,4116.0,4117.5,97
2026-06-11 05:54:00+00:00,4114.5,4117.60009765625,4114.39990234375,4117.60009765625,66
2026-06-11 05:55:00+00:00,4117.2998046875,4119.60009765625,4115.0,4115.0,51
2026-06-11 05:56:00+00:00,4117.89990234375,4119.10009765625,4117.89990234375,4118.60009765625,15
2026-06-11 05:57:00+00:00,4117.60009765625,4119.10009765625,4116.5,4117.89990234375,39
2026-06-11 05:58:00+00:00,4116.0,4118.5,4115.7001953125,4117.89990234375,53
2026-06-11 05:59:00+00:00,4115.5,4116.7001953125,4114.5,4115.89990234375,51
2026-06-11 06:00:00+00:00,4112.0,4115.7998046875,4112.0,4115.0,234
2026-06-11 06:01:00+00:00,4110.2001953125,4112.60009765625,4109.10009765625,4111.5,229
2026-06-11 06:02:00+00:00,4110.2001953125,4111.0,4108.7998046875,4110.10009765625,66
2026-06-11 06:03:00+00:00,4109.0,4110.7001953125,4107.89990234375,4109.39990234375,61
2026-06-11 06:04:00+00:00,4105.5,4108.7998046875,4105.5,4108.39990234375,115
2026-06-11 06:05:00+00:00,4104.5,4106.7001953125,4104.0,4105.7001953125,257
2026-06-11 06:06:00+00:00,4101.0,4105.0,4100.60009765625,4104.7001953125,161
2026-06-11 06:07:00+00:00,4100.2001953125,4101.89990234375,4099.10009765625,4100.89990234375,124
2026-06-11 06:08:00+00:00,4101.7001953125,4103.7001953125,4100.39990234375,4100.39990234375,112
2026-06-11 06:09:00+00:00,4101.2998046875,4103.89990234375,4101.0,4102.0,92
2026-06-11 06:10:00+00:00,4099.7998046875,4101.5,4098.2998046875,4101.39990234375,92
2026-06-11 06:11:00+00:00,4098.39990234375,4099.2001953125,4097.0,4098.7998046875,134
2026-06-11 06:12:00+00:00,4103.0,4104.0,4098.89990234375,4098.89990234375,111
2026-06-11 06:13:00+00:00,4102.2001953125,4104.0,4101.5,4104.0,40
2026-06-11 06:14:00+00:00,4105.39990234375,4105.60009765625,4101.7001953125,4101.89990234375,74
2026-06-11 06:15:00+00:00,4103.2001953125,4105.7001953125,4102.60009765625,4105.0,149
2026-06-11 06:16:00+00:00,4106.39990234375,4107.0,4103.5,4103.5,101
2026-06-11 06:17:00+00:00,4109.0,4109.0,4106.89990234375,4106.89990234375,81
2026-06-11 06:18:00+00:00,4106.39990234375,4109.0,4105.10009765625,4109.0,85
2026-06-11 06:19:00+00:00,4107.60009765625,4107.60009765625,4105.60009765625,4106.39990234375,28
2026-06-11 06:20:00+00:00,4109.5,4109.5,4107.7001953125,4107.7001953125,40
2026-06-11 06:21:00+00:00,4109.60009765625,4110.60009765625,4109.0,4109.5,43
2026-06-11 06:22:00+00:00,4109.7998046875,4109.7998046875,4107.39990234375,4109.2001953125,39
2026-06-11 06:23:00+00:00,4109.0,4109.60009765625,4107.89990234375,4109.2001953125,52
2026-06-11 06:24:00+00:00,4111.89990234375,4112.10009765625,4108.7001953125,4108.7001953125,48
2026-06-11 06:25:00+00:00,4113.2001953125,4114.0,4112.10009765625,4112.10009765625,62
2026-06-11 06:26:00+00:00,4111.39990234375,4113.60009765625,4111.39990234375,4113.0,66
2026-06-11 06:27:00+00:00,4111.60009765625,4112.0,4110.10009765625,4111.2001953125,56
2026-06-11 06:28:00+00:00,4109.60009765625,4111.7001953125,4109.0,4111.2001953125,60
2026-06-11 06:29:00+00:00,4107.5,4109.7001953125,4107.0,4109.60009765625,51
2026-06-11 06:30:00+00:00,4107.2001953125,4108.5,4106.0,4108.0,67
2026-06-11 06:31:00+00:00,4108.2001953125,4108.2001953125,4106.7001953125,4106.89990234375,18
2026-06-11 06:32:00+00:00,4107.2998046875,4108.60009765625,4107.0,4108.60009765625,64
2026-06-11 06:33:00+00:00,4106.89990234375,4107.7998046875,4106.2001953125,4107.7998046875,43
2026-06-11 06:34:00+00:00,4105.2001953125,4107.39990234375,4104.5,4106.5,54
2026-06-11 06:35:00+00:00,4104.7998046875,4105.7001953125,4103.7001953125,4105.39990234375,114
2026-06-11 06:36:00+00:00,4108.5,4108.60009765625,4105.89990234375,4105.89990234375,118
2026-06-11 06:37:00+00:00,4110.7001953125,4112.2998046875,4108.7998046875,4108.7998046875,58
2026-06-11 06:38:00+00:00,4109.0,4112.2001953125,4109.0,4110.7998046875,52
2026-06-11 06:39:00+00:00,4109.39990234375,4110.10009765625,4107.39990234375,4108.5,47
2026-06-11 06:40:00+00:00,4109.7001953125,4110.60009765625,4108.7998046875,4109.2001953125,37
2026-06-11 06:41:00+00:00,4110.89990234375,4111.0,4107.7998046875,4109.2001953125,46
2026-06-11 06:42:00+00:00,4110.89990234375,4111.5,4110.39990234375,4110.60009765625,36
2026-06-11 06:43:00+00:00,4110.7998046875,4111.0,4109.60009765625,4110.89990234375,31
2026-06-11 06:44:00+00:00,4113.60009765625,4113.60009765625,4111.0,4111.10009765625,57
2026-06-11 06:45:00+00:00,4113.89990234375,4115.2001953125,4112.7001953125,4113.89990234375,115
2026-06-11 06:46:00+00:00,4113.0,4114.39990234375,4112.39990234375,4114.39990234375,31
2026-06-11 06:47:00+00:00,4112.2001953125,4113.5,4112.0,4113.10009765625,34
2026-06-11 06:48:00+00:00,4113.7001953125,4113.7001953125,4112.39990234375,4112.5,20
2026-06-11 06:49:00+00:00,4112.39990234375,4113.7998046875,4112.39990234375,4113.5,36
2026-06-11 06:50:00+00:00,4112.7998046875,4113.39990234375,4112.10009765625,4112.60009765625,105
2026-06-11 06:51:00+00:00,4113.2998046875,4113.7998046875,4112.5,4113.10009765625,22
2026-06-11 06:52:00+00:00,4116.0,4116.0,4113.7998046875,4113.7998046875,74
2026-06-11 06:53:00+00:00,4116.89990234375,4117.2001953125,4115.5,4115.7998046875,83
2026-06-11 06:54:00+00:00,4117.89990234375,4118.39990234375,4115.7001953125,4116.7998046875,58
2026-06-11 06:55:00+00:00,4115.60009765625,4118.5,4115.60009765625,4118.5,59
2026-06-11 06:56:00+00:00,4116.2001953125,4116.2998046875,4114.89990234375,4115.5,41
2026-06-11 06:57:00+00:00,4115.0,4116.2998046875,4114.2001953125,4116.2998046875,66
2026-06-11 06:58:00+00:00,4114.60009765625,4115.7001953125,4112.7001953125,4114.2998046875,98
2026-06-11 06:59:00+00:00,4115.7001953125,4116.2998046875,4114.39990234375,4114.89990234375,31
2026-06-11 07:00:00+00:00,4115.7001953125,4117.0,4114.60009765625,4115.60009765625,115
2026-06-11 07:01:00+00:00,4114.5,4116.0,4113.89990234375,4115.0,65
2026-06-11 07:02:00+00:00,4115.7001953125,4117.7001953125,4114.60009765625,4115.0,81
2026-06-11 07:03:00+00:00,4117.7998046875,4117.7998046875,4115.5,4115.7998046875,35
2026-06-11 07:04:00+00:00,4115.89990234375,4118.89990234375,4114.0,4117.7001953125,181
2026-06-11 07:05:00+00:00,4117.39990234375,4118.2998046875,4115.7001953125,4115.7998046875,86
2026-06-11 07:06:00+00:00,4115.0,4116.89990234375,4114.2998046875,4116.7998046875,98
2026-06-11 07:07:00+00:00,4116.0,4116.60009765625,4114.0,4115.0,91
2026-06-11 07:08:00+00:00,4114.7998046875,4117.0,4114.7998046875,4116.10009765625,26
2026-06-11 07:09:00+00:00,4114.89990234375,4115.7998046875,4114.60009765625,4114.7998046875,37
2026-06-11 07:10:00+00:00,4117.0,4117.39990234375,4113.7998046875,4114.60009765625,55
2026-06-11 07:11:00+00:00,4116.60009765625,4117.60009765625,4115.7998046875,4116.0,48
2026-06-11 07:12:00+00:00,4116.7998046875,4119.39990234375,4115.7001953125,4115.7001953125,68
2026-06-11 07:13:00+00:00,4117.0,4117.60009765625,4112.0,4116.5,368
2026-06-11 07:14:00+00:00,4117.7998046875,4118.39990234375,4117.10009765625,4117.2998046875,35
2026-06-11 07:15:00+00:00,4121.89990234375,4121.89990234375,4117.7001953125,4117.7001953125,125
2026-06-11 07:16:00+00:00,4122.2001953125,4123.7001953125,4120.0,4121.89990234375,730
2026-06-11 07:17:00+00:00,4123.0,4123.39990234375,4120.7001953125,4121.5,94
2026-06-11 07:18:00+00:00,4125.60009765625,4125.60009765625,4122.89990234375,4122.89990234375,193
2026-06-11 07:19:00+00:00,4126.10009765625,4127.39990234375,4123.7001953125,4125.0,199
2026-06-11 07:20:00+00:00,4124.60009765625,4127.0,4123.60009765625,4125.89990234375,82
2026-06-11 07:21:00+00:00,4125.0,4125.7001953125,4124.2001953125,4124.60009765625,82
2026-06-11 07:22:00+00:00,4125.7998046875,4126.2001953125,4124.0,4125.0,79
2026-06-11 07:23:00+00:00,4127.0,4128.0,4124.7998046875,4125.89990234375,124
2026-06-11 07:24:00+00:00,4128.7001953125,4129.0,4125.89990234375,4126.89990234375,121
2026-06-11 07:25:00+00:00,4128.39990234375,4129.39990234375,4127.60009765625,4128.5,142
2026-06-11 07:26:00+00:00,4129.60009765625,4131.2001953125,4128.2001953125,4128.60009765625,217
2026-06-11 07:27:00+00:00,4128.7998046875,4130.2998046875,4128.2998046875,4129.5,120
2026-06-11 07:28:00+00:00,4128.7001953125,4129.2998046875,4127.2001953125,4129.10009765625,71
2026-06-11 07:29:00+00:00,4128.39990234375,4129.2001953125,4127.60009765625,4128.7001953125,90
2026-06-11 07:30:00+00:00,4129.10009765625,4131.5,4127.60009765625,4128.2001953125,120
2026-06-11 07:31:00+00:00,4128.0,4129.2998046875,4126.5,4129.2998046875,144
2026-06-11 07:32:00+00:00,4129.5,4129.5,4128.10009765625,4128.10009765625,65
2026-06-11 07:33:00+00:00,4130.5,4130.5,4128.0,4128.89990234375,43
2026-06-11 07:34:00+00:00,4128.10009765625,4131.39990234375,4127.60009765625,4130.39990234375,183
2026-06-11 07:35:00+00:00,4125.2998046875,4129.7998046875,4125.2001953125,4128.2001953125,172
2026-06-11 07:36:00+00:00,4122.89990234375,4125.0,4122.5,4125.0,126
2026-06-11 07:37:00+00:00,4125.0,4125.2998046875,4122.7001953125,4123.2998046875,83
2026-06-11 07:38:00+00:00,4125.7001953125,4125.7001953125,4124.7998046875,4125.0,136
2026-06-11 07:39:00+00:00,4125.7001953125,4127.7998046875,4125.2001953125,4125.7998046875,81
2026-06-11 07:40:00+00:00,4124.39990234375,4125.7001953125,4124.0,4125.7001953125,68
2026-06-11 07:41:00+00:00,4126.7998046875,4127.0,4124.2001953125,4124.60009765625,66
2026-06-11 07:42:00+00:00,4129.7001953125,4129.7998046875,4127.0,4127.0,79
2026-06-11 07:43:00+00:00,4129.0,4130.2998046875,4128.60009765625,4129.7998046875,79
2026-06-11 07:44:00+00:00,4128.39990234375,4129.7001953125,4127.39990234375,4129.10009765625,124
2026-06-11 07:45:00+00:00,4127.2001953125,4128.2998046875,4126.60009765625,4128.2001953125,96
2026-06-11 07:46:00+00:00,4127.2998046875,4128.2001953125,4126.10009765625,4127.39990234375,44
2026-06-11 07:47:00+00:00,4127.39990234375,4128.7998046875,4127.10009765625,4127.10009765625,49
2026-06-11 07:48:00+00:00,4127.39990234375,4128.0,4126.5,4127.10009765625,69
2026-06-11 07:49:00+00:00,4124.0,4127.89990234375,4124.0,4127.7998046875,86
2026-06-11 07:50:00+00:00,4120.7998046875,4124.10009765625,4120.5,4123.7001953125,180
2026-06-11 07:51:00+00:00,4121.2001953125,4121.89990234375,4119.39990234375,4121.2001953125,179
2026-06-11 07:52:00+00:00,4122.2998046875,4122.39990234375,4120.0,4121.2998046875,79
2026-06-11 07:53:00+00:00,4123.89990234375,4124.5,4122.2001953125,4122.2001953125,40
2026-06-11 07:54:00+00:00,4123.7998046875,4125.2001953125,4123.2001953125,4123.60009765625,71
2026-06-11 07:55:00+00:00,4124.89990234375,4124.89990234375,4123.7001953125,4123.7001953125,23
2026-06-11 07:56:00+00:00,4124.5,4125.2998046875,4124.2001953125,4125.0,28
2026-06-11 07:57:00+00:00,4126.0,4126.2998046875,4124.60009765625,4124.60009765625,33
2026-06-11 07:58:00+00:00,4125.7001953125,4126.2998046875,4125.0,4126.10009765625,45
2026-06-11 07:59:00+00:00,4125.7998046875,4126.89990234375,4125.5,4125.89990234375,39
2026-06-11 08:00:00+00:00,4130.7001953125,4131.2001953125,4124.7998046875,4125.7001953125,166
2026-06-11 08:01:00+00:00,4130.0,4132.7998046875,4129.89990234375,4130.7001953125,159
2026-06-11 08:02:00+00:00,4131.7998046875,4132.2998046875,4129.7001953125,4130.0,49
2026-06-11 08:03:00+00:00,4129.39990234375,4131.7001953125,4129.10009765625,4131.7001953125,89
2026-06-11 08:04:00+00:00,4127.0,4130.10009765625,4126.89990234375,4129.2001953125,91
2026-06-11 08:05:00+00:00,4127.39990234375,4128.2998046875,4126.2998046875,4127.2998046875,47
2026-06-11 08:06:00+00:00,4129.10009765625,4129.89990234375,4127.10009765625,4127.5,51
2026-06-11 08:07:00+00:00,4128.7998046875,4130.0,4128.10009765625,4128.7998046875,55
2026-06-11 08:08:00+00:00,4129.7001953125,4129.7001953125,4126.2998046875,4129.2001953125,78
2026-06-11 08:09:00+00:00,4132.39990234375,4133.5,4129.60009765625,4129.89990234375,290
2026-06-11 08:10:00+00:00,4131.39990234375,4133.60009765625,4130.7998046875,4132.5,134
2026-06-11 08:11:00+00:00,4128.89990234375,4131.2001953125,4128.39990234375,4131.0,86
2026-06-11 08:12:00+00:00,4127.89990234375,4129.7001953125,4126.5,4129.0,90
2026-06-11 08:13:00+00:00,4127.5,4128.5,4127.0,4128.2001953125,52
2026-06-11 08:14:00+00:00,4126.7998046875,4127.7001953125,4125.89990234375,4127.7001953125,95
2026-06-11 08:15:00+00:00,4128.10009765625,4128.39990234375,4126.2998046875,4127.10009765625,120
2026-06-11 08:16:00+00:00,4126.10009765625,4129.2998046875,4125.39990234375,4128.10009765625,84
2026-06-11 08:17:00+00:00,4124.89990234375,4127.5,4124.10009765625,4125.39990234375,112
2026-06-11 08:18:00+00:00,4125.89990234375,4126.2998046875,4123.60009765625,4124.89990234375,68
2026-06-11 08:19:00+00:00,4126.5,4127.0,4125.7998046875,4125.7998046875,54
2026-06-11 08:20:00+00:00,4123.5,4126.10009765625,4122.10009765625,4126.0,102
2026-06-11 08:21:00+00:00,4121.89990234375,4123.2998046875,4120.89990234375,4123.10009765625,75
2026-06-11 08:22:00+00:00,4122.5,4123.60009765625,4121.7001953125,4121.89990234375,68
2026-06-11 08:23:00+00:00,4123.7998046875,4126.0,4122.39990234375,4122.39990234375,64
2026-06-11 08:24:00+00:00,4123.39990234375,4123.60009765625,4121.7001953125,4123.60009765625,137
2026-06-11 08:25:00+00:00,4121.89990234375,4124.0,4121.2998046875,4124.0,37
2026-06-11 08:26:00+00:00,4124.10009765625,4124.39990234375,4121.89990234375,4122.0,44
2026-06-11 08:27:00+00:00,4121.60009765625,4124.0,4121.39990234375,4123.89990234375,28
2026-06-11 08:28:00+00:00,4120.60009765625,4122.10009765625,4120.39990234375,4121.7001953125,58
2026-06-11 08:29:00+00:00,4118.5,4121.2001953125,4117.7998046875,4120.7001953125,188
2026-06-11 08:30:00+00:00,4117.5,4118.5,4116.60009765625,4118.39990234375,84
2026-06-11 08:31:00+00:00,4117.5,4118.2001953125,4117.10009765625,4117.5,47
2026-06-11 08:32:00+00:00,4116.2998046875,4117.7001953125,4115.2001953125,4117.7001953125,165
2026-06-11 08:33:00+00:00,4114.89990234375,4116.60009765625,4114.7998046875,4116.2998046875,96
2026-06-11 08:34:00+00:00,4116.10009765625,4116.7998046875,4114.7001953125,4115.2001953125,137
2026-06-11 08:35:00+00:00,4117.2998046875,4117.89990234375,4116.0,4116.2998046875,97
2026-06-11 08:36:00+00:00,4120.2001953125,4120.5,4117.10009765625,4117.2998046875,123
2026-06-11 08:37:00+00:00,4118.5,4120.2998046875,4118.5,4119.89990234375,136
2026-06-11 08:38:00+00:00,4117.2001953125,4118.7001953125,4116.0,4118.5,45
2026-06-11 08:39:00+00:00,4116.10009765625,4118.0,4115.5,4116.7001953125,104
2026-06-11 08:40:00+00:00,4116.7998046875,4117.60009765625,4115.7001953125,4115.89990234375,70
2026-06-11 08:41:00+00:00,4114.60009765625,4116.60009765625,4113.10009765625,4116.2998046875,134
2026-06-11 08:42:00+00:00,4112.7001953125,4114.39990234375,4111.5,4114.39990234375,107
2026-06-11 08:43:00+00:00,4113.2001953125,4113.89990234375,4112.5,4112.7998046875,51
2026-06-11 08:44:00+00:00,4111.5,4113.0,4111.0,4112.89990234375,85
2026-06-11 08:45:00+00:00,4111.5,4111.89990234375,4109.60009765625,4111.2998046875,130
2026-06-11 08:46:00+00:00,4112.39990234375,4113.10009765625,4111.60009765625,4111.7001953125,56
2026-06-11 08:47:00+00:00,4110.2001953125,4112.2001953125,4110.0,4112.2001953125,50
2026-06-11 08:48:00+00:00,4110.5,4110.7998046875,4109.7001953125,4110.39990234375,65
2026-06-11 08:49:00+00:00,4110.2998046875,4111.5,4109.89990234375,4110.10009765625,49
2026-06-11 08:50:00+00:00,4110.10009765625,4111.0,4109.5,4110.2001953125,90
2026-06-11 08:51:00+00:00,4110.2998046875,4111.7998046875,4110.10009765625,4110.2001953125,109
2026-06-11 08:52:00+00:00,4111.60009765625,4112.60009765625,4110.60009765625,4110.60009765625,51
2026-06-11 08:53:00+00:00,4108.0,4112.0,4107.7998046875,4111.39990234375,132
2026-06-11 08:54:00+00:00,4107.7001953125,4108.39990234375,4107.39990234375,4108.0,87
2026-06-11 08:55:00+00:00,4107.10009765625,4108.0,4105.89990234375,4107.2998046875,227
2026-06-11 08:56:00+00:00,4108.60009765625,4108.7001953125,4106.89990234375,4107.10009765625,70
2026-06-11 08:57:00+00:00,4107.0,4108.2998046875,4106.2001953125,4108.10009765625,47
2026-06-11 08:58:00+00:00,4106.60009765625,4107.39990234375,4106.60009765625,4107.39990234375,15
2026-06-11 08:59:00+00:00,4105.60009765625,4107.0,4105.60009765625,4106.2998046875,37
2026-06-11 09:00:00+00:00,4105.10009765625,4106.10009765625,4104.2998046875,4105.0,102
2026-06-11 09:01:00+00:00,4107.0,4107.5,4103.7001953125,4105.0,154
2026-06-11 09:02:00+00:00,4107.89990234375,4108.5,4106.2001953125,4106.7998046875,102
2026-06-11 09:03:00+00:00,4107.2001953125,4108.0,4104.7998046875,4107.39990234375,59
2026-06-11 09:04:00+00:00,4106.39990234375,4107.0,4105.89990234375,4107.0,26
2026-06-11 09:05:00+00:00,4106.89990234375,4108.2998046875,4106.2998046875,4106.5,35
2026-06-11 09:06:00+00:00,4104.89990234375,4106.60009765625,4103.5,4106.60009765625,109
2026-06-11 09:07:00+00:00,4104.7001953125,4105.2001953125,4103.89990234375,4105.0,68
2026-06-11 09:08:00+00:00,4103.7998046875,4105.10009765625,4102.89990234375,4104.60009765625,65
2026-06-11 09:09:00+00:00,4101.89990234375,4104.10009765625,4101.89990234375,4104.10009765625,42
2026-06-11 09:10:00+00:00,4104.39990234375,4104.39990234375,4101.89990234375,4102.2998046875,92
2026-06-11 09:11:00+00:00,4105.60009765625,4105.7998046875,4103.5,4104.10009765625,69
2026-06-11 09:12:00+00:00,4106.2001953125,4106.7001953125,4104.5,4105.7001953125,105
2026-06-11 09:13:00+00:00,4107.89990234375,4108.39990234375,4105.89990234375,4105.89990234375,120
2026-06-11 09:14:00+00:00,4107.10009765625,4107.60009765625,4106.0,4107.60009765625,79
2026-06-11 09:15:00+00:00,4108.0,4109.0,4106.0,4106.7998046875,73
2026-06-11 09:16:00+00:00,4108.89990234375,4109.2998046875,4107.2998046875,4107.60009765625,124
2026-06-11 09:17:00+00:00,4107.0,4108.60009765625,4106.2998046875,4108.60009765625,60
2026-06-11 09:18:00+00:00,4108.7001953125,4110.0,4107.5,4107.5,94
2026-06-11 09:19:00+00:00,4107.2998046875,4109.2001953125,4107.2001953125,4109.10009765625,76
2026-06-11 09:20:00+00:00,4107.0,4107.2998046875,4106.10009765625,4107.2998046875,32
2026-06-11 09:21:00+00:00,4104.89990234375,4107.2001953125,4104.60009765625,4106.7998046875,79
2026-06-11 09:22:00+00:00,4105.2998046875,4105.5,4104.10009765625,4104.7998046875,47
2026-06-11 09:23:00+00:00,4105.0,4107.2001953125,4104.7998046875,4105.60009765625,66
2026-06-11 09:24:00+00:00,4106.0,4106.7998046875,4105.0,4105.10009765625,58
2026-06-11 09:25:00+00:00,4102.5,4105.89990234375,4101.5,4105.7998046875,145
2026-06-11 09:26:00+00:00,4101.0,4103.0,4100.0,4102.60009765625,226
2026-06-11 09:27:00+00:00,4101.7998046875,4102.2001953125,4099.7998046875,4101.10009765625,152
2026-06-11 09:28:00+00:00,4100.7998046875,4101.89990234375,4100.39990234375,4101.60009765625,45
2026-06-11 09:29:00+00:00,4100.0,4101.60009765625,4099.5,4100.89990234375,183
2026-06-11 09:30:00+00:00,4098.39990234375,4102.0,4098.2001953125,4100.0,371
2026-06-11 09:31:00+00:00,4100.7001953125,4100.7001953125,4098.10009765625,4098.7001953125,150
2026-06-11 09:32:00+00:00,4102.0,4102.5,4100.60009765625,4100.89990234375,103
2026-06-11 09:33:00+00:00,4102.5,4103.89990234375,4101.7001953125,4102.39990234375,76
2026-06-11 09:34:00+00:00,4101.5,4102.2001953125,4100.60009765625,4102.10009765625,88
2026-06-11 09:35:00+00:00,4103.2998046875,4103.60009765625,4101.2001953125,4101.2001953125,71
2026-06-11 09:36:00+00:00,4102.89990234375,4103.89990234375,4102.10009765625,4103.5,52
2026-06-11 09:37:00+00:00,4106.0,4106.2001953125,4102.7998046875,4103.10009765625,75
2026-06-11 09:38:00+00:00,4106.60009765625,4107.2001953125,4105.60009765625,4106.2998046875,98
2026-06-11 09:39:00+00:00,4109.7998046875,4109.7998046875,4106.60009765625,4107.0,95
2026-06-11 09:40:00+00:00,4109.7998046875,4110.7998046875,4108.39990234375,4109.7001953125,79
2026-06-11 09:41:00+00:00,4109.60009765625,4110.2998046875,4109.10009765625,4110.10009765625,58
2026-06-11 09:42:00+00:00,4109.60009765625,4110.2001953125,4109.2001953125,4109.39990234375,36
2026-06-11 09:43:00+00:00,4111.0,4111.0,4109.39990234375,4109.5,39
2026-06-11 09:44:00+00:00,4112.60009765625,4112.89990234375,4110.7998046875,4110.89990234375,96
2026-06-11 09:45:00+00:00,4113.60009765625,4113.60009765625,4112.39990234375,4112.60009765625,45
2026-06-11 09:46:00+00:00,4115.60009765625,4115.7001953125,4113.60009765625,4113.60009765625,76
2026-06-11 09:47:00+00:00,4117.2001953125,4117.5,4115.0,4115.60009765625,104
2026-06-11 09:48:00+00:00,4116.2998046875,4116.7001953125,4115.0,4116.60009765625,44
2026-06-11 09:49:00+00:00,4114.39990234375,4116.7001953125,4113.2998046875,4116.2001953125,156
2026-06-11 09:50:00+00:00,4115.7001953125,4116.60009765625,4115.0,4115.0,70
2026-06-11 09:51:00+00:00,4114.39990234375,4115.2998046875,4114.0,4115.2998046875,43
2026-06-11 09:52:00+00:00,4112.89990234375,4114.2998046875,4112.89990234375,4114.2998046875,50
2026-06-11 09:53:00+00:00,4113.2001953125,4113.2998046875,4111.0,4113.2001953125,55
2026-06-11 09:54:00+00:00,4114.60009765625,4115.0,4112.5,4112.7001953125,82
2026-06-11 09:55:00+00:00,4114.7998046875,4115.10009765625,4113.89990234375,4115.0,36
2026-06-11 09:56:00+00:00,4113.0,4115.60009765625,4113.0,4115.2998046875,41
2026-06-11 09:57:00+00:00,4112.5,4113.60009765625,4112.2001953125,4112.60009765625,59
2026-06-11 09:58:00+00:00,4111.10009765625,4112.39990234375,4111.10009765625,4112.39990234375,44
2026-06-11 09:59:00+00:00,4112.39990234375,4112.39990234375,4110.2001953125,4111.39990234375,70
2026-06-11 10:00:00+00:00,4114.39990234375,4114.39990234375,4111.7998046875,4111.7998046875,37
2026-06-11 10:01:00+00:00,4114.10009765625,4114.7001953125,4113.39990234375,4114.5,61
2026-06-11 10:02:00+00:00,4112.2001953125,4115.0,4112.2001953125,4114.0,73
2026-06-11 10:03:00+00:00,4111.60009765625,4113.0,4111.60009765625,4112.7001953125,24
2026-06-11 10:04:00+00:00,4112.2998046875,4112.2998046875,4110.0,4111.2001953125,67
2026-06-11 10:05:00+00:00,4113.5,4113.5,4112.2998046875,4112.7001953125,39
2026-06-11 10:06:00+00:00,4114.10009765625,4114.2001953125,4113.60009765625,4113.60009765625,14
2026-06-11 10:07:00+00:00,4113.89990234375,4114.60009765625,4113.39990234375,4113.89990234375,34
2026-06-11 10:08:00+00:00,4111.2998046875,4113.7998046875,4111.2998046875,4113.7998046875,47
2026-06-11 10:09:00+00:00,4111.39990234375,4112.2001953125,4111.2001953125,4111.39990234375,26
2026-06-11 10:10:00+00:00,4110.7998046875,4111.39990234375,4108.2998046875,4110.7998046875,144
2026-06-11 10:11:00+00:00,4111.89990234375,4111.89990234375,4110.2001953125,4110.5,32
2026-06-11 10:12:00+00:00,4111.39990234375,4112.7998046875,4111.2001953125,4112.7001953125,38
2026-06-11 10:13:00+00:00,4112.2998046875,4112.39990234375,4111.5,4112.0,25
2026-06-11 10:14:00+00:00,4113.0,4113.39990234375,4111.89990234375,4111.89990234375,30
2026-06-11 10:15:00+00:00,4113.39990234375,4114.0,4112.2001953125,4112.60009765625,35
2026-06-11 10:16:00+00:00,4111.2001953125,4113.7001953125,4110.60009765625,4113.7001953125,31
2026-06-11 10:17:00+00:00,4107.89990234375,4111.2001953125,4107.89990234375,4111.2001953125,44
2026-06-11 10:18:00+00:00,4108.89990234375,4109.60009765625,4108.10009765625,4108.10009765625,94
2026-06-11 10:19:00+00:00,4107.39990234375,4108.89990234375,4107.2001953125,4108.89990234375,34
2026-06-11 10:20:00+00:00,4107.89990234375,4109.0,4107.7001953125,4108.0,40
2026-06-11 10:21:00+00:00,4109.0,4109.39990234375,4108.2001953125,4108.2001953125,20
2026-06-11 10:22:00+00:00,4109.7001953125,4109.7001953125,4109.10009765625,4109.10009765625,7
2026-06-11 10:23:00+00:00,4114.10009765625,4114.10009765625,4109.5,4109.60009765625,70
2026-06-11 10:24:00+00:00,4114.60009765625,4115.60009765625,4114.10009765625,4114.5,59
2026-06-11 10:25:00+00:00,4113.2001953125,4114.2998046875,4112.60009765625,4114.2998046875,26
2026-06-11 10:26:00+00:00,4112.5,4114.60009765625,4112.2998046875,4113.5,82
2026-06-11 10:27:00+00:00,4113.39990234375,4113.7001953125,4111.7998046875,4112.2998046875,49
2026-06-11 10:28:00+00:00,4111.7998046875,4113.2998046875,4111.7998046875,4113.2001953125,35
2026-06-11 10:29:00+00:00,4108.60009765625,4111.60009765625,4108.10009765625,4111.2001953125,45
2026-06-11 10:30:00+00:00,4111.2001953125,4111.2001953125,4107.5,4108.2001953125,142
2026-06-11 10:31:00+00:00,4110.7001953125,4112.10009765625,4110.2001953125,4111.0,38
2026-06-11 10:32:00+00:00,4112.10009765625,4112.2998046875,4110.5,4110.7998046875,38
2026-06-11 10:33:00+00:00,4112.7998046875,4113.60009765625,4112.0,4112.2998046875,36
2026-06-11 10:34:00+00:00,4112.89990234375,4113.7001953125,4111.60009765625,4112.89990234375,44
2026-06-11 10:35:00+00:00,4109.7998046875,4112.7001953125,4109.60009765625,4112.7001953125,18
2026-06-11 10:36:00+00:00,4111.39990234375,4112.0,4109.5,4109.60009765625,49
2026-06-11 10:37:00+00:00,4112.5,4112.5,4110.7998046875,4111.0,25
2026-06-11 10:38:00+00:00,4111.89990234375,4113.39990234375,4111.89990234375,4112.7998046875,46
2026-06-11 10:39:00+00:00,4111.5,4112.39990234375,4111.10009765625,4111.7001953125,25
2026-06-11 10:40:00+00:00,4112.2998046875,4112.2998046875,4111.39990234375,4111.39990234375,13
2026-06-11 10:41:00+00:00,4112.2001953125,4112.7998046875,4111.7001953125,4112.2998046875,23
2026-06-11 10:42:00+00:00,4111.10009765625,4112.2001953125,4111.0,4112.2001953125,37
2026-06-11 10:43:00+00:00,4110.10009765625,4111.7001953125,4110.10009765625,4110.7998046875,35
2026-06-11 10:44:00+00:00,4111.10009765625,4111.10009765625,4110.2998046875,4110.2998046875,26
2026-06-11 10:45:00+00:00,4111.0,4111.39990234375,4111.0,4111.0,142
2026-06-11 10:46:00+00:00,4111.60009765625,4112.2001953125,4110.2998046875,4110.7001953125,25
2026-06-11 10:47:00+00:00,4109.5,4111.7998046875,4109.39990234375,4111.2001953125,42
2026-06-11 10:48:00+00:00,4109.0,4109.7001953125,4109.0,4109.7001953125,6
2026-06-11 10:49:00+00:00,4109.2001953125,4109.2001953125,4108.10009765625,4109.0,18
2026-06-11 10:50:00+00:00,4110.0,4110.2001953125,4109.0,4109.0,21
2026-06-11 10:51:00+00:00,4113.2998046875,4113.39990234375,4110.0,4110.10009765625,62
2026-06-11 10:52:00+00:00,4111.2998046875,4113.60009765625,4111.2998046875,4113.2998046875,18
2026-06-11 10:53:00+00:00,4112.2998046875,4112.39990234375,4111.5,4111.5,16
2026-06-11 10:54:00+00:00,4110.5,4112.2998046875,4110.2998046875,4112.10009765625,42
2026-06-11 10:55:00+00:00,4109.39990234375,4110.7998046875,4108.7998046875,4110.5,41
2026-06-11 10:56:00+00:00,4109.0,4110.39990234375,4108.2001953125,4109.0,41
2026-06-11 10:57:00+00:00,4110.89990234375,4111.0,4109.0,4109.0,29
2026-06-11 10:58:00+00:00,4110.2001953125,4111.39990234375,4109.60009765625,4110.7998046875,49
2026-06-11 10:59:00+00:00,4110.2998046875,4111.89990234375,4110.10009765625,4110.5,30
2026-06-11 11:00:00+00:00,4108.7001953125,4110.2998046875,4107.2998046875,4110.2998046875,76
2026-06-11 11:01:00+00:00,4108.60009765625,4110.2001953125,4107.39990234375,4109.10009765625,53
2026-06-11 11:02:00+00:00,4109.7001953125,4110.7998046875,4108.2998046875,4108.5,74
2026-06-11 11:03:00+00:00,4111.7001953125,4111.7001953125,4109.2001953125,4109.7001953125,56
2026-06-11 11:04:00+00:00,4112.2998046875,4113.60009765625,4111.10009765625,4111.7001953125,62
2026-06-11 11:05:00+00:00,4112.0,4112.7998046875,4111.89990234375,4112.39990234375,16
2026-06-11 11:06:00+00:00,4110.2998046875,4111.60009765625,4110.10009765625,4111.60009765625,16
2026-06-11 11:07:00+00:00,4112.7001953125,4112.89990234375,4110.39990234375,4110.39990234375,45
2026-06-11 11:08:00+00:00,4112.10009765625,4114.0,4108.39990234375,4112.60009765625,141
2026-06-11 11:09:00+00:00,4111.89990234375,4112.7998046875,4111.5,4112.2998046875,47
2026-06-11 11:10:00+00:00,4111.7001953125,4112.39990234375,4110.60009765625,4111.7998046875,51
2026-06-11 11:11:00+00:00,4112.7001953125,4113.5,4112.2001953125,4112.2001953125,16
2026-06-11 11:12:00+00:00,4110.39990234375,4112.10009765625,4108.89990234375,4112.10009765625,47
2026-06-11 11:13:00+00:00,4109.39990234375,4110.7001953125,4108.39990234375,4110.39990234375,66
2026-06-11 11:14:00+00:00,4106.60009765625,4109.7001953125,4106.39990234375,4109.60009765625,140
2026-06-11 11:15:00+00:00,4106.2001953125,4107.60009765625,4105.7001953125,4106.2998046875,47
2026-06-11 11:16:00+00:00,4104.39990234375,4106.5,4104.39990234375,4106.5,83
2026-06-11 11:17:00+00:00,4108.7998046875,4109.2998046875,4104.7998046875,4104.89990234375,86
2026-06-11 11:18:00+00:00,4108.7998046875,4110.0,4108.2001953125,4108.7998046875,86
2026-06-11 11:19:00+00:00,4106.7998046875,4108.2001953125,4106.7998046875,4108.2001953125,22
2026-06-11 11:20:00+00:00,4104.7998046875,4107.10009765625,4103.39990234375,4107.0,88
2026-06-11 11:21:00+00:00,4105.2001953125,4105.7998046875,4104.0,4104.89990234375,44
2026-06-11 11:22:00+00:00,4106.5,4107.7998046875,4105.2998046875,4105.39990234375,42
2026-06-11 11:23:00+00:00,4108.0,4108.89990234375,4106.60009765625,4106.60009765625,58
2026-06-11 11:24:00+00:00,4106.60009765625,4108.10009765625,4106.39990234375,4108.10009765625,36
2026-06-11 11:25:00+00:00,4105.2001953125,4107.5,4105.2001953125,4107.0,28
2026-06-11 11:26:00+00:00,4105.89990234375,4107.39990234375,4104.7001953125,4104.89990234375,57
2026-06-11 11:27:00+00:00,4108.60009765625,4109.39990234375,4105.2001953125,4105.7001953125,90
2026-06-11 11:28:00+00:00,4109.39990234375,4110.7998046875,4107.7998046875,4108.7001953125,217
2026-06-11 11:29:00+00:00,4110.89990234375,4111.60009765625,4108.39990234375,4109.5,106
2026-06-11 11:30:00+00:00,4112.7001953125,4116.39990234375,4109.89990234375,4110.39990234375,431
2026-06-11 11:31:00+00:00,4113.7001953125,4114.60009765625,4111.5,4113.0,140
2026-06-11 11:32:00+00:00,4113.39990234375,4115.39990234375,4113.2998046875,4113.39990234375,119
2026-06-11 11:33:00+00:00,4111.39990234375,4113.7998046875,4111.39990234375,4113.0,86
2026-06-11 11:34:00+00:00,4108.39990234375,4111.60009765625,4108.2998046875,4111.60009765625,112
2026-06-11 11:35:00+00:00,4106.60009765625,4108.7001953125,4104.60009765625,4108.5,96
2026-06-11 11:36:00+00:00,4109.0,4109.0,4105.7001953125,4106.2001953125,56
2026-06-11 11:37:00+00:00,4108.2998046875,4109.2998046875,4108.10009765625,4109.2001953125,17
2026-06-11 11:38:00+00:00,4104.7998046875,4108.10009765625,4103.39990234375,4107.89990234375,294
2026-06-11 11:39:00+00:00,4103.7998046875,4107.0,4102.7998046875,4104.7998046875,179
2026-06-11 11:40:00+00:00,4102.5,4104.5,4102.0,4104.2998046875,50
2026-06-11 11:41:00+00:00,4102.60009765625,4103.89990234375,4102.2001953125,4102.5,64
2026-06-11 11:42:00+00:00,4105.39990234375,4105.60009765625,4102.60009765625,4102.60009765625,29
2026-06-11 11:43:00+00:00,4107.10009765625,4107.2001953125,4104.39990234375,4104.89990234375,41
2026-06-11 11:44:00+00:00,4105.39990234375,4107.2998046875,4105.39990234375,4106.7998046875,27
2026-06-11 11:45:00+00:00,4103.5,4105.0,4103.0,4105.0,46
2026-06-11 11:46:00+00:00,4104.5,4104.5,4103.39990234375,4103.39990234375,14
2026-06-11 11:47:00+00:00,4105.2998046875,4105.5,4104.39990234375,4104.7001953125,12
2026-06-11 11:48:00+00:00,4104.89990234375,4105.2998046875,4104.0,4104.60009765625,35
2026-06-11 11:49:00+00:00,4105.39990234375,4106.89990234375,4105.2998046875,4105.39990234375,40
2026-06-11 11:50:00+00:00,4105.2001953125,4106.10009765625,4105.10009765625,4105.39990234375,28
2026-06-11 11:51:00+00:00,4106.2001953125,4106.7998046875,4105.0,4105.2998046875,31
2026-06-11 11:52:00+00:00,4106.7001953125,4107.2001953125,4105.89990234375,4105.89990234375,55
2026-06-11 11:53:00+00:00,4106.60009765625,4108.2998046875,4106.60009765625,4106.60009765625,70
2026-06-11 11:54:00+00:00,4106.60009765625,4107.2001953125,4106.2001953125,4106.5,45
2026-06-11 11:55:00+00:00,4106.60009765625,4106.7001953125,4106.10009765625,4106.5,22
2026-06-11 11:56:00+00:00,4106.2998046875,4108.10009765625,4106.2001953125,4106.2001953125,47
2026-06-11 11:57:00+00:00,4102.89990234375,4106.7998046875,4102.2001953125,4106.0,112
2026-06-11 11:58:00+00:00,4101.7001953125,4103.0,4101.60009765625,4102.5,74
2026-06-11 11:59:00+00:00,4100.7001953125,4101.5,4100.2001953125,4101.2998046875,75
2026-06-11 12:00:00+00:00,4101.10009765625,4102.0,4098.89990234375,4100.89990234375,243
2026-06-11 12:01:00+00:00,4104.60009765625,4104.60009765625,4101.0,4101.5,58
2026-06-11 12:02:00+00:00,4104.2998046875,4105.39990234375,4104.0,4104.5,40
2026-06-11 12:03:00+00:00,4107.10009765625,4107.7998046875,4104.0,4104.0,93
2026-06-11 12:04:00+00:00,4107.60009765625,4107.60009765625,4104.7998046875,4106.7001953125,71
2026-06-11 12:05:00+00:00,4106.0,4107.60009765625,4106.0,4106.89990234375,29
2026-06-11 12:06:00+00:00,4103.5,4107.0,4103.2001953125,4105.7998046875,119
2026-06-11 12:07:00+00:00,4102.0,4104.60009765625,4100.89990234375,4103.7001953125,226
2026-06-11 12:08:00+00:00,4100.7001953125,4102.2001953125,4099.7001953125,4101.89990234375,138
2026-06-11 12:09:00+00:00,4100.39990234375,4102.39990234375,4100.2001953125,4100.7001953125,63
2026-06-11 12:10:00+00:00,4096.5,4100.2998046875,4096.5,4100.2001953125,176
2026-06-11 12:11:00+00:00,4095.699951171875,4096.7001953125,4095.60009765625,4096.2998046875,85
2026-06-11 12:12:00+00:00,4095.10009765625,4098.0,4091.89990234375,4096.10009765625,184
2026-06-11 12:13:00+00:00,4098.0,4098.0,4095.5,4095.5,115
2026-06-11 12:14:00+00:00,4096.39990234375,4097.89990234375,4095.5,4097.89990234375,57
2026-06-11 12:15:00+00:00,4098.89990234375,4099.0,4096.39990234375,4096.39990234375,47
2026-06-11 12:16:00+00:00,4100.5,4102.5,4098.7998046875,4098.89990234375,129
2026-06-11 12:17:00+00:00,4097.89990234375,4102.5,4097.89990234375,4101.2998046875,76
2026-06-11 12:18:00+00:00,4097.39990234375,4098.0,4095.89990234375,4097.60009765625,70
2026-06-11 12:19:00+00:00,4095.10009765625,4097.39990234375,4095.10009765625,4097.2998046875,72
2026-06-11 12:20:00+00:00,4092.39990234375,4096.2001953125,4090.89990234375,4095.39990234375,298
2026-06-11 12:21:00+00:00,4098.2001953125,4098.60009765625,4092.39990234375,4092.39990234375,159
2026-06-11 12:22:00+00:00,4083.300048828125,4098.7998046875,4082.5,4098.39990234375,1191
2026-06-11 12:23:00+00:00,4088.199951171875,4088.60009765625,4081.60009765625,4084.300048828125,464
2026-06-11 12:24:00+00:00,4089.800048828125,4091.39990234375,4086.300048828125,4087.800048828125,277
2026-06-11 12:25:00+00:00,4085.699951171875,4091.5,4085.0,4089.39990234375,227
2026-06-11 12:26:00+00:00,4091.300048828125,4091.300048828125,4083.199951171875,4086.10009765625,252
2026-06-11 12:27:00+00:00,4092.300048828125,4093.39990234375,4089.199951171875,4091.300048828125,140
2026-06-11 12:28:00+00:00,4089.89990234375,4092.39990234375,4087.699951171875,4091.89990234375,217
2026-06-11 12:29:00+00:00,4089.5,4090.699951171875,4087.39990234375,4090.10009765625,92
2026-06-11 12:30:00+00:00,4093.0,4096.10009765625,4083.800048828125,4089.0,433
2026-06-11 12:31:00+00:00,4087.800048828125,4094.699951171875,4087.39990234375,4093.0,210
2026-06-11 12:32:00+00:00,4079.10009765625,4089.300048828125,4078.199951171875,4087.800048828125,572
2026-06-11 12:33:00+00:00,4081.300048828125,4082.60009765625,4078.0,4079.0,368
2026-06-11 12:34:00+00:00,4082.800048828125,4084.199951171875,4078.0,4081.199951171875,243
2026-06-11 12:35:00+00:00,4080.199951171875,4082.699951171875,4078.199951171875,4082.60009765625,186
2026-06-11 12:36:00+00:00,4082.800048828125,4084.300048828125,4079.39990234375,4080.0,235
2026-06-11 12:37:00+00:00,4081.5,4083.199951171875,4080.300048828125,4082.5,176
2026-06-11 12:38:00+00:00,4085.300048828125,4086.89990234375,4081.39990234375,4081.39990234375,197
2026-06-11 12:39:00+00:00,4086.699951171875,4087.60009765625,4084.300048828125,4085.199951171875,112
2026-06-11 12:40:00+00:00,4089.0,4090.0,4085.699951171875,4086.89990234375,173
2026-06-11 12:41:00+00:00,4089.300048828125,4090.5,4088.0,4088.699951171875,156
2026-06-11 12:42:00+00:00,4091.699951171875,4092.39990234375,4088.39990234375,4089.199951171875,130
2026-06-11 12:43:00+00:00,4090.800048828125,4092.300048828125,4088.699951171875,4091.60009765625,145
2026-06-11 12:44:00+00:00,4093.5,4097.7001953125,4087.0,4090.39990234375,592
2026-06-11 12:45:00+00:00,4095.60009765625,4095.60009765625,4090.39990234375,4093.60009765625,236
2026-06-11 12:46:00+00:00,4100.89990234375,4102.10009765625,4095.199951171875,4095.800048828125,264
2026-06-11 12:47:00+00:00,4101.2001953125,4101.60009765625,4098.7998046875,4101.0,227
2026-06-11 12:48:00+00:00,4096.0,4100.89990234375,4094.89990234375,4100.89990234375,180
2026-06-11 12:49:00+00:00,4098.39990234375,4099.60009765625,4096.39990234375,4096.39990234375,159
2026-06-11 12:50:00+00:00,4095.39990234375,4098.7998046875,4095.0,4097.7001953125,106
2026-06-11 12:51:00+00:00,4095.5,4096.7998046875,4093.5,4095.60009765625,159
2026-06-11 12:52:00+00:00,4097.2001953125,4098.7001953125,4095.60009765625,4095.800048828125,158
2026-06-11 12:53:00+00:00,4100.60009765625,4100.7001953125,4097.5,4097.60009765625,274
2026-06-11 12:54:00+00:00,4100.89990234375,4102.2001953125,4099.7001953125,4100.89990234375,245
2026-06-11 12:55:00+00:00,4103.60009765625,4106.2998046875,4100.60009765625,4100.60009765625,312
2026-06-11 12:56:00+00:00,4099.10009765625,4103.89990234375,4098.5,4103.7001953125,182
2026-06-11 12:57:00+00:00,4098.60009765625,4100.7998046875,4097.5,4099.0,240
2026-06-11 12:58:00+00:00,4102.5,4104.39990234375,4098.0,4098.60009765625,278
2026-06-11 12:59:00+00:00,4102.5,4102.7001953125,4100.7998046875,4102.7001953125,133
2026-06-11 13:00:00+00:00,4101.7001953125,4104.5,4100.0,4102.7001953125,221
2026-06-11 13:01:00+00:00,4098.7001953125,4102.7998046875,4098.5,4102.2001953125,139
2026-06-11 13:02:00+00:00,4105.2998046875,4105.60009765625,4098.89990234375,4098.89990234375,156
2026-06-11 13:03:00+00:00,4105.89990234375,4106.60009765625,4102.5,4105.7001953125,223
2026-06-11 13:04:00+00:00,4104.2998046875,4106.39990234375,4104.2001953125,4106.0,80
2026-06-11 13:05:00+00:00,4100.7998046875,4105.89990234375,4099.60009765625,4104.7998046875,236
2026-06-11 13:06:00+00:00,4101.39990234375,4102.7998046875,4100.0,4101.0,147
2026-06-11 13:07:00+00:00,4100.60009765625,4104.0,4099.60009765625,4101.5,141
2026-06-11 13:08:00+00:00,4102.2998046875,4103.2998046875,4100.2001953125,4100.7001953125,77
2026-06-11 13:09:00+00:00,4106.89990234375,4106.89990234375,4101.5,4102.60009765625,126
2026-06-11 13:10:00+00:00,4105.2998046875,4106.7998046875,4103.10009765625,4106.7001953125,202
2026-06-11 13:11:00+00:00,4101.10009765625,4105.2998046875,4100.2001953125,4105.2998046875,148
2026-06-11 13:12:00+00:00,4099.2998046875,4104.2001953125,4098.39990234375,4101.5,197
2026-06-11 13:13:00+00:00,4095.60009765625,4100.2998046875,4095.300048828125,4099.60009765625,233
2026-06-11 13:14:00+00:00,4094.10009765625,4096.5,4092.699951171875,4095.39990234375,173
2026-06-11 13:15:00+00:00,4096.60009765625,4097.60009765625,4094.0,4094.300048828125,267
2026-06-11 13:16:00+00:00,4098.10009765625,4098.2001953125,4095.89990234375,4096.2001953125,116
2026-06-11 13:17:00+00:00,4095.89990234375,4097.7001953125,4095.60009765625,4097.10009765625,64
2026-06-11 13:18:00+00:00,4098.2001953125,4098.2001953125,4095.39990234375,4095.89990234375,83
2026-06-11 13:19:00+00:00,4093.699951171875,4098.10009765625,4093.699951171875,4098.0,102
2026-06-11 13:20:00+00:00,4096.2998046875,4096.89990234375,4093.5,4093.60009765625,141
2026-06-11 13:21:00+00:00,4096.2998046875,4096.89990234375,4094.300048828125,4095.60009765625,107
2026-06-11 13:22:00+00:00,4096.60009765625,4099.2998046875,4096.0,4096.2998046875,131
2026-06-11 13:23:00+00:00,4098.2998046875,4099.7998046875,4096.2001953125,4096.5,69
2026-06-11 13:24:00+00:00,4097.0,4099.10009765625,4096.2998046875,4098.89990234375,117
2026-06-11 13:25:00+00:00,4093.39990234375,4096.60009765625,4093.0,4096.60009765625,98
2026-06-11 13:26:00+00:00,4095.89990234375,4097.10009765625,4093.60009765625,4093.60009765625,79
2026-06-11 13:27:00+00:00,4098.89990234375,4099.5,4095.800048828125,4095.800048828125,110
2026-06-11 13:28:00+00:00,4099.2998046875,4102.7001953125,4098.7001953125,4098.89990234375,158
2026-06-11 13:29:00+00:00,4096.39990234375,4099.39990234375,4096.0,4099.39990234375,188
2026-06-11 13:30:00+00:00,4099.7001953125,4099.89990234375,4095.10009765625,4096.2001953125,343
2026-06-11 13:31:00+00:00,4099.5,4100.5,4098.2001953125,4099.39990234375,250
2026-06-11 13:32:00+00:00,4097.7001953125,4102.5,4096.5,4099.7998046875,227
2026-06-11 13:33:00+00:00,4094.300048828125,4098.39990234375,4093.10009765625,4097.7001953125,191
2026-06-11 13:34:00+00:00,4096.2001953125,4097.7998046875,4092.89990234375,4094.60009765625,232
2026-06-11 13:35:00+00:00,4097.0,4097.60009765625,4095.5,4095.60009765625,139
2026-06-11 13:36:00+00:00,4101.2998046875,4103.7001953125,4097.60009765625,4097.89990234375,231
2026-06-11 13:37:00+00:00,4100.89990234375,4103.60009765625,4099.10009765625,4101.0,262
2026-06-11 13:38:00+00:00,4092.300048828125,4100.7001953125,4089.199951171875,4100.7001953125,375
2026-06-11 13:39:00+00:00,4093.60009765625,4096.2001953125,4092.10009765625,4092.5,136
2026-06-11 13:40:00+00:00,4089.300048828125,4093.699951171875,4088.10009765625,4093.199951171875,180
2026-06-11 13:41:00+00:00,4091.89990234375,4093.60009765625,4088.0,4088.699951171875,218
2026-06-11 13:42:00+00:00,4091.800048828125,4092.800048828125,4088.89990234375,4091.699951171875,159
2026-06-11 13:43:00+00:00,4096.89990234375,4098.0,4090.0,4091.800048828125,135
2026-06-11 13:44:00+00:00,4097.39990234375,4099.7001953125,4095.39990234375,4097.0,124
2026-06-11 13:45:00+00:00,4103.2001953125,4108.60009765625,4094.39990234375,4097.60009765625,1070
2026-06-11 13:46:00+00:00,4111.10009765625,4112.10009765625,4100.60009765625,4103.60009765625,468
2026-06-11 13:47:00+00:00,4112.39990234375,4114.2998046875,4108.10009765625,4111.2998046875,376
2026-06-11 13:48:00+00:00,4106.60009765625,4112.7001953125,4105.89990234375,4112.2998046875,399
2026-06-11 13:49:00+00:00,4104.7998046875,4110.7998046875,4104.7998046875,4107.0,153
2026-06-11 13:50:00+00:00,4110.0,4112.7001953125,4104.89990234375,4104.89990234375,319
2026-06-11 13:51:00+00:00,4110.60009765625,4112.89990234375,4108.2998046875,4109.5,159
2026-06-11 13:52:00+00:00,4111.10009765625,4111.2998046875,4108.2998046875,4110.7998046875,201
2026-06-11 13:53:00+00:00,4111.2001953125,4112.0,4107.7001953125,4111.2001953125,125
2026-06-11 13:54:00+00:00,4106.10009765625,4113.5,4105.7998046875,4111.10009765625,257
2026-06-11 13:55:00+00:00,4112.5,4112.5,4106.0,4106.5,209
2026-06-11 13:56:00+00:00,4108.10009765625,4112.2998046875,4107.7998046875,4112.2998046875,169
2026-06-11 13:57:00+00:00,4105.60009765625,4109.2001953125,4105.2001953125,4108.60009765625,186
2026-06-11 13:58:00+00:00,4108.2998046875,4109.10009765625,4105.60009765625,4106.10009765625,433
2026-06-11 13:59:00+00:00,4104.2998046875,4108.7998046875,4103.2998046875,4108.5,244
2026-06-11 14:00:00+00:00,4102.39990234375,4105.2001953125,4099.39990234375,4104.0,642
2026-06-11 14:01:00+00:00,4105.2998046875,4105.7998046875,4101.89990234375,4102.60009765625,435
2026-06-11 14:02:00+00:00,4099.60009765625,4106.60009765625,4099.2998046875,4104.89990234375,366
2026-06-11 14:03:00+00:00,4097.39990234375,4102.39990234375,4096.0,4100.10009765625,441
2026-06-11 14:04:00+00:00,4098.89990234375,4100.10009765625,4096.5,4097.5,229
2026-06-11 14:05:00+00:00,4094.699951171875,4098.5,4092.89990234375,4098.2998046875,448
2026-06-11 14:06:00+00:00,4095.199951171875,4095.89990234375,4091.10009765625,4094.300048828125,275
2026-06-11 14:07:00+00:00,4096.10009765625,4096.60009765625,4093.800048828125,4095.0,113
2026-06-11 14:08:00+00:00,4091.10009765625,4095.89990234375,4089.800048828125,4095.60009765625,201
2026-06-11 14:09:00+00:00,4082.800048828125,4091.10009765625,4081.10009765625,4090.89990234375,584
2026-06-11 14:10:00+00:00,4078.300048828125,4084.39990234375,4075.300048828125,4083.39990234375,697
2026-06-11 14:11:00+00:00,4078.699951171875,4080.800048828125,4075.5,4078.199951171875,456
2026-06-11 14:12:00+00:00,4074.39990234375,4079.10009765625,4072.800048828125,4078.60009765625,403
2026-06-11 14:13:00+00:00,4078.60009765625,4079.89990234375,4073.39990234375,4074.39990234375,313
2026-06-11 14:14:00+00:00,4081.60009765625,4082.300048828125,4078.199951171875,4078.89990234375,368
2026-06-11 14:15:00+00:00,4084.0,4086.89990234375,4081.0,4081.699951171875,424
2026-06-11 14:16:00+00:00,4076.699951171875,4083.800048828125,4075.800048828125,4083.699951171875,324
2026-06-11 14:17:00+00:00,4082.0,4083.0,4076.5,4076.699951171875,388
2026-06-11 14:18:00+00:00,4080.699951171875,4081.89990234375,4079.0,4081.699951171875,167
2026-06-11 14:19:00+00:00,4084.0,4084.89990234375,4080.89990234375,4080.89990234375,164
2026-06-11 14:20:00+00:00,4088.60009765625,4089.0,4083.39990234375,4083.800048828125,215
2026-06-11 14:21:00+00:00,4089.10009765625,4089.60009765625,4086.39990234375,4088.199951171875,221
2026-06-11 14:22:00+00:00,4093.5,4093.89990234375,4088.60009765625,4089.199951171875,292
2026-06-11 14:23:00+00:00,4100.39990234375,4100.5,4093.0,4093.5,357
2026-06-11 14:24:00+00:00,4100.0,4102.7998046875,4099.10009765625,4100.2001953125,414
2026-06-11 14:25:00+00:00,4102.7001953125,4104.10009765625,4099.89990234375,4100.2001953125,274
2026-06-11 14:26:00+00:00,4099.7998046875,4105.60009765625,4099.7998046875,4102.89990234375,395
2026-06-11 14:27:00+00:00,4097.10009765625,4101.2001953125,4096.39990234375,4100.2998046875,197
2026-06-11 14:28:00+00:00,4097.2998046875,4097.7998046875,4094.39990234375,4097.5,170
2026-06-11 14:29:00+00:00,4095.300048828125,4097.39990234375,4094.5,4097.39990234375,102
2026-06-11 14:30:00+00:00,4093.699951171875,4098.5,4092.60009765625,4095.300048828125,172
2026-06-11 14:31:00+00:00,4093.699951171875,4094.300048828125,4091.300048828125,4093.10009765625,176
2026-06-11 14:32:00+00:00,4094.699951171875,4097.5,4093.60009765625,4094.300048828125,124
2026-06-11 14:33:00+00:00,4091.800048828125,4095.89990234375,4091.60009765625,4095.300048828125,135
2026-06-11 14:34:00+00:00,4093.300048828125,4094.10009765625,4091.300048828125,4091.5,204
2026-06-11 14:35:00+00:00,4096.89990234375,4097.10009765625,4091.60009765625,4092.10009765625,158
2026-06-11 14:36:00+00:00,4099.7998046875,4100.10009765625,4095.5,4096.39990234375,214
2026-06-11 14:37:00+00:00,4093.5,4100.2998046875,4092.800048828125,4100.2998046875,232
2026-06-11 14:38:00+00:00,4100.10009765625,4100.89990234375,4093.10009765625,4093.5,99
2026-06-11 14:39:00+00:00,4099.39990234375,4100.0,4097.5,4099.89990234375,88
2026-06-11 14:40:00+00:00,4102.2001953125,4103.2001953125,4099.2998046875,4099.7001953125,162
2026-06-11 14:41:00+00:00,4102.5,4103.89990234375,4101.0,4102.5,135
2026-06-11 14:42:00+00:00,4104.0,4104.39990234375,4100.60009765625,4102.2001953125,148
2026-06-11 14:43:00+00:00,4101.7998046875,4103.60009765625,4101.39990234375,4103.60009765625,266
2026-06-11 14:44:00+00:00,4097.2001953125,4102.89990234375,4096.7998046875,4102.10009765625,307
2026-06-11 14:45:00+00:00,4095.699951171875,4098.7001953125,4095.699951171875,4097.2998046875,153
2026-06-11 14:46:00+00:00,4094.10009765625,4096.5,4093.60009765625,4095.60009765625,93
2026-06-11 14:47:00+00:00,4095.699951171875,4097.2001953125,4094.199951171875,4094.699951171875,143
2026-06-11 14:48:00+00:00,4096.7998046875,4097.7998046875,4094.39990234375,4095.60009765625,76
2026-06-11 14:49:00+00:00,4099.2998046875,4100.2001953125,4097.10009765625,4097.2998046875,114
2026-06-11 14:50:00+00:00,4098.2001953125,4099.0,4096.2998046875,4098.60009765625,58
2026-06-11 14:51:00+00:00,4099.89990234375,4100.10009765625,4097.10009765625,4097.7998046875,110
2026-06-11 14:52:00+00:00,4096.2998046875,4099.7001953125,4094.39990234375,4099.7001953125,209
2026-06-11 14:53:00+00:00,4098.2998046875,4101.39990234375,4096.2001953125,4096.2001953125,135
2026-06-11 14:54:00+00:00,4097.89990234375,4098.60009765625,4096.89990234375,4098.2001953125,50
2026-06-11 14:55:00+00:00,4096.10009765625,4099.7001953125,4094.89990234375,4097.5,157
2026-06-11 14:56:00+00:00,4096.0,4096.7001953125,4094.800048828125,4096.0,99
2026-06-11 14:57:00+00:00,4096.60009765625,4096.7998046875,4094.800048828125,4095.0,65
2026-06-11 14:58:00+00:00,4093.39990234375,4098.39990234375,4092.699951171875,4096.7998046875,116
2026-06-11 14:59:00+00:00,4094.39990234375,4094.89990234375,4093.0,4093.300048828125,127
2026-06-11 15:00:00+00:00,4094.39990234375,4096.2001953125,4092.60009765625,4094.199951171875,138
2026-06-11 15:01:00+00:00,4092.0,4094.89990234375,4090.89990234375,4094.300048828125,131
2026-06-11 15:02:00+00:00,4093.800048828125,4096.60009765625,4091.699951171875,4091.699951171875,165
2026-06-11 15:03:00+00:00,4096.60009765625,4097.0,4092.800048828125,4093.5,496
2026-06-11 15:04:00+00:00,4094.10009765625,4097.2001953125,4093.60009765625,4096.0,219
2026-06-11 15:05:00+00:00,4093.5,4094.5,4092.699951171875,4094.300048828125,127
2026-06-11 15:06:00+00:00,4095.39990234375,4097.0,4092.699951171875,4093.39990234375,267
2026-06-11 15:07:00+00:00,4104.2001953125,4104.7001953125,4093.5,4094.89990234375,391
2026-06-11 15:08:00+00:00,4102.10009765625,4107.10009765625,4101.7998046875,4103.7001953125,259
2026-06-11 15:09:00+00:00,4101.7998046875,4107.5,4100.7998046875,4102.7998046875,171
2026-06-11 15:10:00+00:00,4102.2998046875,4103.39990234375,4100.2001953125,4102.2001953125,92
2026-06-11 15:11:00+00:00,4103.89990234375,4104.39990234375,4102.0,4103.0,115
2026-06-11 15:12:00+00:00,4106.60009765625,4108.7998046875,4103.89990234375,4104.39990234375,468
2026-06-11 15:13:00+00:00,4105.2001953125,4107.10009765625,4103.7001953125,4106.5,121
2026-06-11 15:14:00+00:00,4101.2998046875,4105.2998046875,4101.2998046875,4105.2998046875,71
2026-06-11 15:15:00+00:00,4106.2998046875,4107.5,4101.89990234375,4101.89990234375,79
2026-06-11 15:16:00+00:00,4102.7001953125,4105.39990234375,4101.7001953125,4105.39990234375,206
2026-06-11 15:17:00+00:00,4103.89990234375,4104.39990234375,4102.5,4103.0,195
2026-06-11 15:18:00+00:00,4101.60009765625,4104.5,4100.7998046875,4104.0,379
2026-06-11 15:19:00+00:00,4103.2001953125,4104.39990234375,4101.2998046875,4101.89990234375,148
2026-06-11 15:20:00+00:00,4109.0,4110.60009765625,4102.7001953125,4102.7001953125,260
2026-06-11 15:21:00+00:00,4104.2998046875,4108.89990234375,4104.0,4108.60009765625,148
2026-06-11 15:22:00+00:00,4100.5,4104.7998046875,4100.10009765625,4104.5,147
2026-06-11 15:23:00+00:00,4100.5,4101.2001953125,4097.60009765625,4100.5,162
2026-06-11 15:24:00+00:00,4100.10009765625,4100.60009765625,4098.60009765625,4099.89990234375,80
2026-06-11 15:25:00+00:00,4098.89990234375,4100.2998046875,4096.0,4100.10009765625,151
2026-06-11 15:26:00+00:00,4103.0,4103.0,4098.39990234375,4099.10009765625,153
2026-06-11 15:27:00+00:00,4104.7998046875,4106.0,4102.39990234375,4102.7998046875,164
2026-06-11 15:28:00+00:00,4104.2001953125,4105.7998046875,4103.2001953125,4105.2998046875,87
2026-06-11 15:29:00+00:00,4102.89990234375,4105.39990234375,4102.60009765625,4104.0,102
2026-06-11 15:30:00+00:00,4100.5,4103.5,4099.60009765625,4102.89990234375,138
2026-06-11 15:31:00+00:00,4101.2998046875,4101.39990234375,4098.5,4100.39990234375,100
2026-06-11 15:32:00+00:00,4101.89990234375,4103.7001953125,4101.10009765625,4101.7001953125,127
2026-06-11 15:33:00+00:00,4100.7001953125,4101.5,4098.89990234375,4101.2001953125,93
2026-06-11 15:34:00+00:00,4100.60009765625,4101.7001953125,4099.89990234375,4100.7998046875,148
2026-06-11 15:35:00+00:00,4101.5,4102.2001953125,4099.89990234375,4100.7001953125,64
2026-06-11 15:36:00+00:00,4103.7998046875,4103.89990234375,4100.0,4100.7001953125,88
2026-06-11 15:37:00+00:00,4105.7998046875,4106.0,4103.60009765625,4103.7001953125,128
2026-06-11 15:38:00+00:00,4107.2001953125,4108.10009765625,4104.60009765625,4105.89990234375,249
2026-06-11 15:39:00+00:00,4107.2998046875,4108.2998046875,4105.5,4107.10009765625,90
2026-06-11 15:40:00+00:00,4110.60009765625,4111.5,4107.39990234375,4107.60009765625,218
2026-06-11 15:41:00+00:00,4109.2998046875,4110.7001953125,4108.2001953125,4110.2001953125,116
2026-06-11 15:42:00+00:00,4110.39990234375,4110.39990234375,4108.2001953125,4109.5,100
2026-06-11 15:43:00+00:00,4108.2998046875,4111.89990234375,4107.89990234375,4110.7001953125,139
2026-06-11 15:44:00+00:00,4109.0,4110.2998046875,4108.2998046875,4108.60009765625,154
2026-06-11 15:45:00+00:00,4111.0,4112.2998046875,4109.0,4109.7001953125,152
2026-06-11 15:46:00+00:00,4112.7998046875,4112.7998046875,4110.60009765625,4111.0,141
2026-06-11 15:47:00+00:00,4110.7998046875,4113.0,4110.2998046875,4112.7001953125,116
2026-06-11 15:48:00+00:00,4111.7001953125,4113.0,4109.7998046875,4110.7001953125,121
2026-06-11 15:49:00+00:00,4111.0,4112.39990234375,4110.7001953125,4111.7998046875,63
2026-06-11 15:50:00+00:00,4110.60009765625,4111.7998046875,4109.7001953125,4111.39990234375,118
2026-06-11 15:51:00+00:00,4114.89990234375,4116.7998046875,4110.5,4110.60009765625,304
2026-06-11 15:52:00+00:00,4113.2001953125,4114.7998046875,4112.60009765625,4114.7998046875,103
2026-06-11 15:53:00+00:00,4112.7998046875,4113.5,4112.0,4112.89990234375,87
2026-06-11 15:54:00+00:00,4112.2001953125,4112.7001953125,4110.0,4112.7001953125,182
2026-06-11 15:55:00+00:00,4109.2998046875,4111.60009765625,4107.39990234375,4111.60009765625,307
2026-06-11 15:56:00+00:00,4108.39990234375,4108.89990234375,4106.7001953125,4108.89990234375,108
2026-06-11 15:57:00+00:00,4110.5,4111.0,4108.2998046875,4108.7001953125,103
2026-06-11 15:58:00+00:00,4110.5,4110.7998046875,4108.89990234375,4110.10009765625,71
2026-06-11 15:59:00+00:00,4110.0,4111.2998046875,4109.5,4110.7998046875,83
2026-06-11 16:00:00+00:00,4114.2998046875,4114.60009765625,4109.89990234375,4110.2001953125,144
2026-06-11 16:01:00+00:00,4112.5,4114.5,4112.2998046875,4114.10009765625,143
2026-06-11 16:02:00+00:00,4113.89990234375,4114.60009765625,4112.5,4112.5,84
2026-06-11 16:03:00+00:00,4110.39990234375,4114.2998046875,4110.39990234375,4114.10009765625,36
2026-06-11 16:04:00+00:00,4108.89990234375,4110.89990234375,4108.0,4110.7001953125,81
2026-06-11 16:05:00+00:00,4109.89990234375,4111.0,4108.0,4108.7998046875,92
2026-06-11 16:06:00+00:00,4113.10009765625,4113.39990234375,4109.5,4109.60009765625,91
2026-06-11 16:07:00+00:00,4114.10009765625,4114.5,4112.10009765625,4112.7001953125,59
2026-06-11 16:08:00+00:00,4114.39990234375,4114.89990234375,4113.0,4113.89990234375,55
2026-06-11 16:09:00+00:00,4114.2998046875,4114.60009765625,4113.5,4114.39990234375,38
2026-06-11 16:10:00+00:00,4115.10009765625,4115.39990234375,4112.39990234375,4113.5,93
2026-06-11 16:11:00+00:00,4120.39990234375,4120.89990234375,4114.2998046875,4115.2998046875,362
2026-06-11 16:12:00+00:00,4119.60009765625,4122.10009765625,4119.2001953125,4120.2998046875,335
2026-06-11 16:13:00+00:00,4120.5,4121.0,4118.39990234375,4120.2998046875,151
2026-06-11 16:14:00+00:00,4124.0,4124.60009765625,4120.2998046875,4120.5,177
2026-06-11 16:15:00+00:00,4126.39990234375,4129.0,4123.60009765625,4123.7998046875,535
2026-06-11 16:16:00+00:00,4122.2001953125,4128.39990234375,4121.7001953125,4126.2001953125,283
2026-06-11 16:17:00+00:00,4120.5,4121.2998046875,4119.2998046875,4121.10009765625,113
2026-06-11 16:18:00+00:00,4119.89990234375,4120.2998046875,4117.60009765625,4120.2998046875,138
2026-06-11 16:19:00+00:00,4117.89990234375,4120.10009765625,4117.2001953125,4120.0,83
2026-06-11 16:20:00+00:00,4117.0,4119.60009765625,4116.7001953125,4118.2001953125,70
2026-06-11 16:21:00+00:00,4116.2998046875,4117.2001953125,4113.2001953125,4116.89990234375,444
2026-06-11 16:22:00+00:00,4114.0,4116.60009765625,4114.0,4116.39990234375,104
2026-06-11 16:23:00+00:00,4113.0,4116.10009765625,4113.0,4114.60009765625,194
2026-06-11 16:24:00+00:00,4109.39990234375,4113.2001953125,4108.10009765625,4113.0,193
2026-06-11 16:25:00+00:00,4105.89990234375,4110.0,4105.0,4109.2998046875,241
2026-06-11 16:26:00+00:00,4105.2998046875,4107.10009765625,4104.39990234375,4105.60009765625,147
2026-06-11 16:27:00+00:00,4104.60009765625,4106.10009765625,4103.7001953125,4104.7998046875,62
2026-06-11 16:28:00+00:00,4104.5,4106.5,4104.39990234375,4104.7001953125,116
2026-06-11 16:29:00+00:00,4100.7998046875,4104.60009765625,4100.39990234375,4104.39990234375,252
2026-06-11 16:30:00+00:00,4101.60009765625,4102.60009765625,4099.5,4100.39990234375,202
2026-06-11 16:31:00+00:00,4103.7998046875,4104.60009765625,4101.39990234375,4101.60009765625,117
2026-06-11 16:32:00+00:00,4104.0,4104.0,4101.7998046875,4103.60009765625,117
2026-06-11 16:33:00+00:00,4106.7001953125,4107.0,4102.7001953125,4103.7001953125,129
2026-06-11 16:34:00+00:00,4105.89990234375,4109.10009765625,4105.89990234375,4106.60009765625,204
2026-06-11 16:35:00+00:00,4106.39990234375,4107.0,4104.5,4105.60009765625,122
2026-06-11 16:36:00+00:00,4107.60009765625,4107.7001953125,4105.0,4106.2998046875,81
2026-06-11 16:37:00+00:00,4105.10009765625,4107.2001953125,4105.10009765625,4107.2001953125,52
2026-06-11 16:38:00+00:00,4105.5,4105.5,4102.7001953125,4105.2001953125,163
2026-06-11 16:39:00+00:00,4103.7998046875,4105.39990234375,4103.10009765625,4105.10009765625,74
2026-06-11 16:40:00+00:00,4105.0,4105.10009765625,4103.7998046875,4104.0,60
2026-06-11 16:41:00+00:00,4104.5,4105.7001953125,4104.10009765625,4105.0,91
2026-06-11 16:42:00+00:00,4104.7998046875,4105.7001953125,4104.0,4104.39990234375,78
2026-06-11 16:43:00+00:00,4104.89990234375,4106.60009765625,4104.39990234375,4105.0,64
2026-06-11 16:44:00+00:00,4103.2998046875,4105.0,4102.2998046875,4104.60009765625,82
2026-06-11 16:45:00+00:00,4101.39990234375,4105.5,4101.39990234375,4103.0,88
2026-06-11 16:46:00+00:00,4103.5,4104.10009765625,4101.39990234375,4101.60009765625,59
2026-06-11 16:47:00+00:00,4104.2998046875,4105.0,4102.7998046875,4103.10009765625,43
2026-06-11 16:48:00+00:00,4104.7001953125,4104.7001953125,4103.7001953125,4104.2998046875,20
2026-06-11 16:49:00+00:00,4102.60009765625,4104.39990234375,4101.7001953125,4104.39990234375,94
2026-06-11 16:50:00+00:00,4102.2001953125,4102.7001953125,4100.10009765625,4102.5,101
2026-06-11 16:51:00+00:00,4102.0,4103.7001953125,4102.0,4102.0,61
2026-06-11 16:52:00+00:00,4100.7998046875,4102.89990234375,4100.7998046875,4101.7001953125,38
2026-06-11 16:53:00+00:00,4100.60009765625,4101.7001953125,4100.0,4100.39990234375,67
2026-06-11 16:54:00+00:00,4100.89990234375,4101.60009765625,4098.89990234375,4100.2998046875,96
2026-06-11 16:55:00+00:00,4100.7998046875,4101.60009765625,4100.60009765625,4100.89990234375,64
2026-06-11 16:56:00+00:00,4101.5,4102.5,4100.5,4100.60009765625,59
2026-06-11 16:57:00+00:00,4102.5,4102.89990234375,4101.2001953125,4101.5,137
2026-06-11 16:58:00+00:00,4102.39990234375,4103.60009765625,4102.2998046875,4102.7998046875,59
2026-06-11 16:59:00+00:00,4101.2001953125,4102.10009765625,4100.7001953125,4102.10009765625,149
2026-06-11 17:00:00+00:00,4098.10009765625,4101.5,4096.2998046875,4101.5,303
2026-06-11 17:01:00+00:00,4100.7001953125,4101.89990234375,4097.60009765625,4097.60009765625,257
2026-06-11 17:02:00+00:00,4095.39990234375,4100.89990234375,4095.300048828125,4100.60009765625,188
2026-06-11 17:03:00+00:00,4094.300048828125,4096.0,4092.89990234375,4095.800048828125,233
2026-06-11 17:04:00+00:00,4095.60009765625,4096.10009765625,4094.10009765625,4094.60009765625,103
2026-06-11 17:05:00+00:00,4096.60009765625,4097.7001953125,4095.300048828125,4095.39990234375,255
2026-06-11 17:06:00+00:00,4096.39990234375,4097.2998046875,4095.699951171875,4096.2001953125,88
2026-06-11 17:07:00+00:00,4098.0,4098.89990234375,4096.0,4096.0,91
2026-06-11 17:08:00+00:00,4096.5,4098.2001953125,4096.0,4098.2001953125,102
2026-06-11 17:09:00+00:00,4097.5,4097.60009765625,4095.89990234375,4096.2001953125,133
2026-06-11 17:10:00+00:00,4098.2998046875,4098.89990234375,4097.2998046875,4097.7998046875,68
2026-06-11 17:11:00+00:00,4098.5,4099.89990234375,4097.5,4097.7998046875,72
2026-06-11 17:12:00+00:00,4096.5,4098.60009765625,4096.39990234375,4098.39990234375,44
2026-06-11 17:13:00+00:00,4095.89990234375,4096.7998046875,4093.300048828125,4096.39990234375,224
2026-06-11 17:14:00+00:00,4097.2001953125,4097.39990234375,4096.2001953125,4096.2001953125,66
2026-06-11 17:15:00+00:00,4095.60009765625,4099.0,4095.199951171875,4096.89990234375,301
2026-06-11 17:16:00+00:00,4096.60009765625,4097.39990234375,4095.5,4095.60009765625,251
2026-06-11 17:17:00+00:00,4097.0,4097.39990234375,4096.10009765625,4096.39990234375,123
2026-06-11 17:18:00+00:00,4096.89990234375,4097.89990234375,4096.7001953125,4096.7998046875,220
2026-06-11 17:19:00+00:00,4099.39990234375,4099.7998046875,4096.5,4097.10009765625,228
2026-06-11 17:20:00+00:00,4100.39990234375,4100.7001953125,4098.10009765625,4099.2001953125,203
2026-06-11 17:21:00+00:00,4099.5,4100.5,4099.2998046875,4100.2998046875,153
2026-06-11 17:22:00+00:00,4097.7998046875,4100.10009765625,4097.0,4100.10009765625,241
2026-06-11 17:23:00+00:00,4100.2001953125,4100.7998046875,4097.39990234375,4097.60009765625,153
2026-06-11 17:24:00+00:00,4101.2998046875,4102.10009765625,4099.39990234375,4100.0,162
2026-06-11 17:25:00+00:00,4101.60009765625,4101.60009765625,4099.89990234375,4101.2998046875,118
2026-06-11 17:26:00+00:00,4102.10009765625,4103.10009765625,4101.2001953125,4101.7001953125,266
2026-06-11 17:27:00+00:00,4102.2001953125,4103.7998046875,4101.89990234375,4102.5,251
2026-06-11 17:28:00+00:00,4110.39990234375,4119.0,4099.2001953125,4102.39990234375,1227
2026-06-11 17:29:00+00:00,4122.5,4123.2001953125,4107.2998046875,4110.2998046875,2545
2026-06-11 17:30:00+00:00,4145.39990234375,4146.39990234375,4122.10009765625,4122.60009765625,2524
2026-06-11 17:31:00+00:00,4145.2001953125,4146.89990234375,4135.7001953125,4145.89990234375,994
2026-06-11 17:32:00+00:00,4157.2001953125,4157.89990234375,4143.2001953125,4145.5,1121
2026-06-11 17:33:00+00:00,4160.10009765625,4165.2001953125,4148.60009765625,4157.2998046875,996
2026-06-11 17:34:00+00:00,4170.7998046875,4171.0,4158.10009765625,4159.5,963
2026-06-11 17:35:00+00:00,4169.10009765625,4170.7998046875,4163.10009765625,4169.89990234375,553
2026-06-11 17:36:00+00:00,4167.2001953125,4174.2998046875,4163.5,4169.5,662
2026-06-11 17:37:00+00:00,4163.5,4171.7998046875,4160.7001953125,4167.2998046875,443
2026-06-11 17:38:00+00:00,4168.5,4170.0,4159.2001953125,4163.2998046875,786
2026-06-11 17:39:00+00:00,4171.10009765625,4176.10009765625,4167.5,4169.0,542
2026-06-11 17:40:00+00:00,4175.89990234375,4177.0,4168.89990234375,4171.7998046875,1085
2026-06-11 17:41:00+00:00,4184.0,4184.89990234375,4174.2001953125,4176.2001953125,915
2026-06-11 17:42:00+00:00,4186.7998046875,4191.0,4184.0,4184.5,1007
2026-06-11 17:43:00+00:00,4184.10009765625,4189.2998046875,4180.39990234375,4186.5,503
2026-06-11 17:44:00+00:00,4188.2001953125,4191.7998046875,4182.7001953125,4184.0,438
2026-06-11 17:45:00+00:00,4179.7001953125,4188.39990234375,4177.0,4188.39990234375,495
2026-06-11 17:46:00+00:00,4180.2001953125,4183.2998046875,4177.7998046875,4180.0,397
2026-06-11 17:47:00+00:00,4182.7001953125,4185.7998046875,4177.7998046875,4179.89990234375,395
2026-06-11 17:48:00+00:00,4179.7998046875,4185.5,4178.89990234375,4183.5,275
2026-06-11 17:49:00+00:00,4175.7998046875,4181.2998046875,4174.60009765625,4179.7998046875,342
2026-06-11 17:50:00+00:00,4169.7998046875,4177.0,4168.10009765625,4175.7001953125,496
2026-06-11 17:51:00+00:00,4178.0,4178.5,4169.7001953125,4169.7001953125,246
2026-06-11 17:52:00+00:00,4178.2001953125,4182.7998046875,4177.5,4177.7001953125,391
2026-06-11 17:53:00+00:00,4173.60009765625,4178.60009765625,4173.0,4178.10009765625,308
2026-06-11 17:54:00+00:00,4174.7998046875,4175.0,4171.5,4173.7998046875,138
2026-06-11 17:55:00+00:00,4172.7001953125,4175.2998046875,4171.7998046875,4173.89990234375,140
2026-06-11 17:56:00+00:00,4169.0,4173.2001953125,4167.39990234375,4172.5,251
2026-06-11 17:57:00+00:00,4176.7001953125,4176.7001953125,4169.0,4169.2998046875,433
2026-06-11 17:58:00+00:00,4174.7001953125,4178.5,4174.0,4177.0,170
2026-06-11 17:59:00+00:00,4173.2001953125,4175.2001953125,4171.39990234375,4174.7998046875,172
2026-06-11 18:00:00+00:00,4172.2001953125,4175.7998046875,4171.60009765625,4173.2001953125,196
2026-06-11 18:01:00+00:00,4171.39990234375,4176.7001953125,4170.7998046875,4172.10009765625,229
2026-06-11 18:02:00+00:00,4166.5,4171.5,4166.5,4170.5,312
2026-06-11 18:03:00+00:00,4158.2998046875,4168.60009765625,4157.10009765625,4166.7001953125,1007
2026-06-11 18:04:00+00:00,4159.60009765625,4160.7001953125,4157.2001953125,4157.89990234375,267
2026-06-11 18:05:00+00:00,4155.2998046875,4160.0,4155.2001953125,4159.0,236
2026-06-11 18:06:00+00:00,4153.7998046875,4156.7001953125,4152.0,4155.5,244
2026-06-11 18:07:00+00:00,4161.60009765625,4161.60009765625,4152.7001953125,4154.0,217
2026-06-11 18:08:00+00:00,4157.2001953125,4162.2001953125,4156.39990234375,4161.60009765625,155
2026-06-11 18:09:00+00:00,4156.2001953125,4158.10009765625,4154.5,4156.89990234375,201
2026-06-11 18:10:00+00:00,4159.2001953125,4159.7998046875,4156.60009765625,4156.60009765625,114
2026-06-11 18:11:00+00:00,4162.39990234375,4163.60009765625,4158.60009765625,4158.60009765625,136
2026-06-11 18:12:00+00:00,4163.39990234375,4166.0,4162.39990234375,4162.39990234375,197
2026-06-11 18:13:00+00:00,4164.7001953125,4165.7001953125,4162.7001953125,4163.89990234375,96
2026-06-11 18:14:00+00:00,4167.5,4167.7001953125,4164.5,4164.89990234375,95
2026-06-11 18:15:00+00:00,4172.10009765625,4173.10009765625,4165.7001953125,4167.2001953125,607
2026-06-11 18:16:00+00:00,4174.60009765625,4174.89990234375,4171.2001953125,4172.0,260
2026-06-11 18:17:00+00:00,4172.7001953125,4174.89990234375,4171.60009765625,4174.7998046875,311
2026-06-11 18:18:00+00:00,4177.2998046875,4177.39990234375,4172.0,4172.5,495
2026-06-11 18:19:00+00:00,4181.89990234375,4184.10009765625,4175.7001953125,4176.89990234375,249
2026-06-11 18:20:00+00:00,4178.7998046875,4182.7998046875,4176.7001953125,4181.60009765625,317
2026-06-11 18:21:00+00:00,4181.89990234375,4183.5,4178.7001953125,4178.89990234375,238
2026-06-11 18:22:00+00:00,4176.2998046875,4182.0,4172.2001953125,4181.7001953125,748
2026-06-11 18:23:00+00:00,4177.2998046875,4182.60009765625,4173.39990234375,4176.7998046875,397
2026-06-11 18:24:00+00:00,4177.10009765625,4180.0,4175.7001953125,4177.7998046875,205
2026-06-11 18:25:00+00:00,4176.5,4178.10009765625,4173.5,4177.2998046875,197
2026-06-11 18:26:00+00:00,4174.2998046875,4177.39990234375,4173.10009765625,4177.0,96
2026-06-11 18:27:00+00:00,4174.5,4175.7001953125,4173.5,4174.2998046875,96
2026-06-11 18:28:00+00:00,4173.0,4175.2998046875,4171.60009765625,4175.2998046875,156
2026-06-11 18:29:00+00:00,4173.7001953125,4175.7998046875,4173.5,4173.5,80
2026-06-11 18:30:00+00:00,4176.39990234375,4176.5,4172.7001953125,4173.7998046875,82
2026-06-11 18:31:00+00:00,4177.7001953125,4179.2001953125,4175.7001953125,4175.89990234375,111
2026-06-11 18:32:00+00:00,4172.2001953125,4178.2998046875,4170.10009765625,4177.89990234375,216
2026-06-11 18:33:00+00:00,4175.60009765625,4175.7001953125,4172.39990234375,4172.39990234375,34
2026-06-11 18:34:00+00:00,4175.5,4177.10009765625,4175.0,4175.89990234375,38
2026-06-11 18:35:00+00:00,4174.5,4176.10009765625,4173.7998046875,4175.60009765625,22
2026-06-11 18:36:00+00:00,4178.89990234375,4179.5,4174.0,4174.0,107
2026-06-11 18:37:00+00:00,4179.7001953125,4179.7001953125,4176.89990234375,4179.39990234375,73
2026-06-11 18:38:00+00:00,4177.5,4179.89990234375,4176.2998046875,4179.89990234375,38
2026-06-11 18:39:00+00:00,4177.7001953125,4178.39990234375,4177.0,4177.7001953125,40
2026-06-11 18:40:00+00:00,4176.7001953125,4180.2001953125,4176.7001953125,4177.0,84
2026-06-11 18:41:00+00:00,4180.5,4181.0,4176.2998046875,4176.60009765625,84
2026-06-11 18:42:00+00:00,4181.0,4182.2001953125,4180.2001953125,4180.2001953125,96
2026-06-11 18:43:00+00:00,4183.89990234375,4184.60009765625,4181.0,4181.39990234375,90
2026-06-11 18:44:00+00:00,4186.0,4186.60009765625,4182.5,4183.2998046875,186
2026-06-11 18:45:00+00:00,4186.7998046875,4188.10009765625,4185.2998046875,4185.7998046875,198
2026-06-11 18:46:00+00:00,4187.10009765625,4188.2001953125,4186.2998046875,4186.5,100
2026-06-11 18:47:00+00:00,4189.10009765625,4189.39990234375,4186.7998046875,4187.2001953125,89
2026-06-11 18:48:00+00:00,4191.7001953125,4192.60009765625,4189.0,4189.5,246
2026-06-11 18:49:00+00:00,4189.7998046875,4193.0,4188.5,4191.7998046875,264
2026-06-11 18:50:00+00:00,4189.7998046875,4191.2998046875,4188.60009765625,4189.39990234375,256
2026-06-11 18:51:00+00:00,4188.60009765625,4190.5,4188.2001953125,4190.10009765625,114
2026-06-11 18:52:00+00:00,4188.2001953125,4189.60009765625,4187.2998046875,4188.89990234375,66
2026-06-11 18:53:00+00:00,4187.60009765625,4188.5,4186.39990234375,4188.10009765625,132
2026-06-11 18:54:00+00:00,4186.10009765625,4188.7001953125,4185.5,4188.0,105
2026-06-11 18:55:00+00:00,4183.39990234375,4186.60009765625,4183.39990234375,4186.60009765625,84
2026-06-11 18:56:00+00:00,4182.89990234375,4187.0,4182.10009765625,4183.89990234375,329
2026-06-11 18:57:00+00:00,4184.7998046875,4184.7998046875,4181.7998046875,4183.0,48
2026-06-11 18:58:00+00:00,4184.5,4185.7998046875,4184.2998046875,4184.2998046875,29
2026-06-11 18:59:00+00:00,4183.10009765625,4184.0,4182.0,4184.0,53
2026-06-11 19:00:00+00:00,4193.7001953125,4194.5,4183.5,4183.5,298
2026-06-11 19:01:00+00:00,4191.7001953125,4193.89990234375,4191.39990234375,4193.0,177
2026-06-11 19:02:00+00:00,4194.0,4194.2001953125,4191.39990234375,4191.89990234375,133
2026-06-11 19:03:00+00:00,4192.2998046875,4194.2001953125,4192.0,4194.0,120
2026-06-11 19:04:00+00:00,4195.7998046875,4195.7998046875,4192.5,4192.7998046875,125
2026-06-11 19:05:00+00:00,4191.39990234375,4195.7998046875,4190.89990234375,4195.5,147
2026-06-11 19:06:00+00:00,4192.5,4194.2001953125,4191.89990234375,4191.89990234375,219
2026-06-11 19:07:00+00:00,4193.2998046875,4194.2998046875,4191.89990234375,4192.2001953125,88
2026-06-11 19:08:00+00:00,4192.7998046875,4193.7998046875,4191.2998046875,4193.10009765625,65
2026-06-11 19:09:00+00:00,4195.10009765625,4197.39990234375,4192.60009765625,4192.60009765625,172
2026-06-11 19:10:00+00:00,4196.7001953125,4197.10009765625,4194.5,4195.10009765625,81
2026-06-11 19:11:00+00:00,4201.7998046875,4203.60009765625,4196.2001953125,4196.60009765625,503
2026-06-11 19:12:00+00:00,4204.7998046875,4209.39990234375,4200.89990234375,4201.60009765625,908
2026-06-11 19:13:00+00:00,4206.7001953125,4207.5,4202.60009765625,4204.5,352
2026-06-11 19:14:00+00:00,4209.89990234375,4211.0,4206.2998046875,4206.60009765625,416
2026-06-11 19:15:00+00:00,4209.89990234375,4210.2998046875,4207.7001953125,4210.0,150
2026-06-11 19:16:00+00:00,4215.0,4215.39990234375,4209.7998046875,4209.89990234375,345
2026-06-11 19:17:00+00:00,4209.89990234375,4218.60009765625,4207.7998046875,4214.7001953125,587
2026-06-11 19:18:00+00:00,4212.2001953125,4213.39990234375,4210.39990234375,4210.39990234375,170
2026-06-11 19:19:00+00:00,4217.2001953125,4217.2001953125,4210.2998046875,4211.7998046875,184
2026-06-11 19:20:00+00:00,4214.0,4219.5,4212.7998046875,4217.2001953125,384
2026-06-11 19:21:00+00:00,4213.5,4214.7001953125,4212.2998046875,4214.7001953125,76
2026-06-11 19:22:00+00:00,4212.2998046875,4214.89990234375,4210.7998046875,4212.89990234375,132
2026-06-11 19:23:00+00:00,4210.39990234375,4213.10009765625,4210.0,4211.89990234375,157
2026-06-11 19:24:00+00:00,4213.2998046875,4213.2998046875,4210.7998046875,4210.7998046875,95
2026-06-11 19:25:00+00:00,4212.2001953125,4212.89990234375,4211.10009765625,4212.89990234375,74
2026-06-11 19:26:00+00:00,4215.89990234375,4216.39990234375,4211.39990234375,4212.10009765625,95
2026-06-11 19:27:00+00:00,4215.7998046875,4217.0,4214.39990234375,4215.60009765625,161
2026-06-11 19:28:00+00:00,4218.60009765625,4219.2998046875,4215.60009765625,4215.60009765625,81
2026-06-11 19:29:00+00:00,4216.7998046875,4220.0,4215.7001953125,4218.60009765625,167
2026-06-11 19:30:00+00:00,4229.7001953125,4233.0,4217.0,4217.0,802
2026-06-11 19:31:00+00:00,4225.2998046875,4231.2998046875,4225.2001953125,4229.39990234375,557
2026-06-11 19:32:00+00:00,4228.2001953125,4230.5,4224.2001953125,4225.60009765625,248
2026-06-11 19:33:00+00:00,4229.7998046875,4229.7998046875,4224.2001953125,4228.60009765625,159
2026-06-11 19:34:00+00:00,4235.7998046875,4236.0,4228.7998046875,4229.2998046875,478
2026-06-11 19:35:00+00:00,4233.60009765625,4237.0,4231.5,4235.7998046875,375
2026-06-11 19:36:00+00:00,4238.5,4241.2998046875,4234.0,4234.10009765625,570
2026-06-11 19:37:00+00:00,4235.89990234375,4238.2998046875,4234.2998046875,4238.2998046875,188
2026-06-11 19:38:00+00:00,4232.39990234375,4237.0,4230.0,4235.60009765625,247
2026-06-11 19:39:00+00:00,4229.89990234375,4233.0,4229.2998046875,4232.2998046875,94
2026-06-11 19:40:00+00:00,4232.2001953125,4233.60009765625,4229.2001953125,4229.2001953125,99
2026-06-11 19:41:00+00:00,4235.0,4236.5,4232.7001953125,4232.7998046875,175
2026-06-11 19:42:00+00:00,4237.0,4238.5,4235.89990234375,4236.0,151
2026-06-11 19:43:00+00:00,4232.5,4236.60009765625,4232.5,4236.5,64
2026-06-11 19:44:00+00:00,4230.89990234375,4235.0,4230.0,4233.10009765625,295
2026-06-11 19:45:00+00:00,4231.39990234375,4236.0,4230.7998046875,4231.2998046875,177
2026-06-11 19:46:00+00:00,4231.39990234375,4234.2001953125,4230.7998046875,4231.60009765625,152
2026-06-11 19:47:00+00:00,4234.2998046875,4234.7998046875,4231.7001953125,4231.89990234375,100
2026-06-11 19:48:00+00:00,4232.2998046875,4234.0,4231.89990234375,4234.0,99
2026-06-11 19:49:00+00:00,4231.10009765625,4232.89990234375,4230.7998046875,4232.7998046875,109
2026-06-11 19:50:00+00:00,4231.2001953125,4232.5,4230.0,4231.10009765625,161
2026-06-11 19:51:00+00:00,4233.60009765625,4233.60009765625,4230.7998046875,4230.7998046875,100
2026-06-11 19:52:00+00:00,4232.89990234375,4234.2998046875,4231.89990234375,4233.2998046875,177
2026-06-11 19:53:00+00:00,4235.10009765625,4236.0,4233.39990234375,4233.7001953125,166
2026-06-11 19:54:00+00:00,4236.39990234375,4236.39990234375,4232.89990234375,4235.5,223
2026-06-11 19:55:00+00:00,4233.2998046875,4236.2001953125,4230.2001953125,4236.2001953125,380
2026-06-11 19:56:00+00:00,4233.2001953125,4234.2998046875,4232.39990234375,4233.2998046875,78
2026-06-11 19:57:00+00:00,4232.7998046875,4233.5,4231.89990234375,4233.5,125
2026-06-11 19:58:00+00:00,4229.2998046875,4232.89990234375,4228.7001953125,4232.7001953125,225
2026-06-11 19:59:00+00:00,4229.89990234375,4230.7001953125,4228.2001953125,4229.2001953125,376
2026-06-11 20:00:00+00:00,4233.0,4233.7998046875,4230.2001953125,4230.2001953125,362
2026-06-11 20:01:00+00:00,4237.10009765625,4237.10009765625,4232.5,4232.89990234375,173
2026-06-11 20:02:00+00:00,4234.39990234375,4237.10009765625,4233.60009765625,4237.10009765625,138
2026-06-11 20:03:00+00:00,4231.2998046875,4234.7001953125,4230.7998046875,4234.5,114
2026-06-11 20:04:00+00:00,4229.7001953125,4231.2001953125,4229.2998046875,4231.10009765625,60
2026-06-11 20:05:00+00:00,4230.2998046875,4231.10009765625,4229.2001953125,4229.60009765625,150
2026-06-11 20:06:00+00:00,4233.0,4233.5,4230.39990234375,4230.39990234375,80
2026-06-11 20:07:00+00:00,4231.7998046875,4232.7998046875,4230.7001953125,4232.7998046875,64
2026-06-11 20:08:00+00:00,4236.2998046875,4236.60009765625,4232.0,4232.0,133
2026-06-11 20:09:00+00:00,4236.2001953125,4237.39990234375,4235.89990234375,4236.5,63
2026-06-11 20:10:00+00:00,4234.0,4235.7001953125,4233.10009765625,4235.2998046875,36
2026-06-11 20:11:00+00:00,4235.7001953125,4235.7001953125,4233.60009765625,4233.60009765625,24
2026-06-11 20:12:00+00:00,4239.89990234375,4239.89990234375,4235.39990234375,4235.89990234375,47
2026-06-11 20:13:00+00:00,4236.39990234375,4240.0,4235.7001953125,4240.0,126
2026-06-11 20:14:00+00:00,4235.39990234375,4236.7998046875,4234.7001953125,4236.5,26
2026-06-11 20:15:00+00:00,4235.7001953125,4235.7998046875,4234.60009765625,4234.7998046875,24
2026-06-11 20:16:00+00:00,4233.7998046875,4236.2001953125,4233.39990234375,4236.0,41
2026-06-11 20:17:00+00:00,4233.89990234375,4234.5,4233.7998046875,4233.89990234375,15
2026-06-11 20:18:00+00:00,4234.2998046875,4236.10009765625,4233.89990234375,4234.39990234375,51
2026-06-11 20:19:00+00:00,4234.2001953125,4235.7001953125,4234.2001953125,4234.5,38
2026-06-11 20:20:00+00:00,4237.2001953125,4237.39990234375,4234.7001953125,4234.7001953125,43
2026-06-11 20:21:00+00:00,4235.60009765625,4236.7998046875,4235.10009765625,4236.7998046875,110
2026-06-11 20:22:00+00:00,4234.89990234375,4235.5,4234.2001953125,4235.10009765625,35
2026-06-11 20:23:00+00:00,4234.39990234375,4235.10009765625,4234.10009765625,4235.10009765625,17
2026-06-11 20:24:00+00:00,4236.89990234375,4236.89990234375,4234.7001953125,4234.7001953125,36
2026-06-11 20:25:00+00:00,4234.60009765625,4236.60009765625,4234.2001953125,4236.60009765625,49
2026-06-11 20:26:00+00:00,4234.89990234375,4237.10009765625,4234.10009765625,4234.2001953125,145
2026-06-11 20:27:00+00:00,4234.7001953125,4235.10009765625,4234.2998046875,4235.10009765625,16
2026-06-11 20:28:00+00:00,4234.2001953125,4234.5,4232.7998046875,4234.2998046875,68
2026-06-11 20:29:00+00:00,4235.39990234375,4235.39990234375,4234.2001953125,4234.2998046875,35
2026-06-11 20:30:00+00:00,4234.89990234375,4237.2998046875,4234.89990234375,4235.7001953125,97
2026-06-11 20:31:00+00:00,4234.39990234375,4236.10009765625,4233.7001953125,4235.2001953125,43
2026-06-11 20:32:00+00:00,4235.7998046875,4235.7998046875,4234.2998046875,4234.60009765625,27
2026-06-11 20:33:00+00:00,4233.2001953125,4235.2998046875,4233.2001953125,4235.2998046875,39
2026-06-11 20:34:00+00:00,4234.7998046875,4234.7998046875,4233.60009765625,4234.0,47
2026-06-11 20:35:00+00:00,4236.2998046875,4236.60009765625,4232.2998046875,4234.7998046875,127
2026-06-11 20:36:00+00:00,4236.10009765625,4236.5,4235.5,4236.0,41
2026-06-11 20:37:00+00:00,4236.5,4236.60009765625,4235.60009765625,4236.10009765625,31
2026-06-11 20:38:00+00:00,4234.0,4236.5,4233.5,4236.5,81
2026-06-11 20:39:00+00:00,4231.89990234375,4234.60009765625,4231.39990234375,4233.7998046875,110
2026-06-11 20:40:00+00:00,4232.7998046875,4233.60009765625,4231.39990234375,4232.2998046875,104
2026-06-11 20:41:00+00:00,4232.0,4233.0,4232.0,4232.7001953125,14
2026-06-11 20:42:00+00:00,4232.5,4233.5,4232.10009765625,4232.7998046875,34
2026-06-11 20:43:00+00:00,4232.2998046875,4232.7001953125,4231.7998046875,4232.7001953125,22
2026-06-11 20:44:00+00:00,4230.39990234375,4232.2001953125,4230.39990234375,4232.2001953125,27
2026-06-11 20:45:00+00:00,4230.2001953125,4232.0,4230.0,4230.39990234375,198
2026-06-11 20:46:00+00:00,4232.89990234375,4232.89990234375,4230.2998046875,4230.2998046875,79
2026-06-11 20:47:00+00:00,4232.10009765625,4232.5,4231.2001953125,4232.5,54
2026-06-11 20:48:00+00:00,4231.60009765625,4232.5,4231.2001953125,4232.39990234375,29
2026-06-11 20:49:00+00:00,4232.10009765625,4232.2001953125,4231.2001953125,4231.2001953125,15
2026-06-11 20:50:00+00:00,4232.60009765625,4233.7001953125,4231.89990234375,4232.2001953125,65
2026-06-11 20:51:00+00:00,4232.2001953125,4232.89990234375,4232.0,4232.39990234375,14
2026-06-11 20:52:00+00:00,4231.7001953125,4232.60009765625,4231.7001953125,4232.2998046875,17
2026-06-11 20:53:00+00:00,4231.5,4231.7998046875,4231.10009765625,4231.7998046875,36
2026-06-11 20:54:00+00:00,4233.0,4233.39990234375,4231.5,4231.7001953125,81
2026-06-11 20:55:00+00:00,4232.7001953125,4233.2998046875,4231.7998046875,4232.7998046875,25
2026-06-11 20:56:00+00:00,4232.5,4232.60009765625,4231.7001953125,4232.60009765625,40
2026-06-11 20:57:00+00:00,4232.2998046875,4232.2998046875,4231.5,4231.89990234375,19
2026-06-11 20:58:00+00:00,4231.7998046875,4232.2998046875,4231.7001953125,4232.2998046875,15
2026-06-11 20:59:00+00:00,4233.7998046875,4233.7998046875,4231.7001953125,4231.7998046875,83
2026-06-11 22:00:00+00:00,4239.60009765625,4243.5,4228.5,4234.89990234375,0
2026-06-11 22:01:00+00:00,4236.60009765625,4239.7001953125,4236.0,4238.89990234375,119
2026-06-11 22:02:00+00:00,4230.0,4236.10009765625,4230.0,4236.10009765625,114
2026-06-11 22:03:00+00:00,4227.7998046875,4232.39990234375,4226.2001953125,4230.39990234375,69
2026-06-11 22:04:00+00:00,4229.60009765625,4230.7001953125,4228.2998046875,4228.2998046875,47
2026-06-11 22:05:00+00:00,4229.39990234375,4230.0,4228.39990234375,4229.39990234375,42
2026-06-11 22:06:00+00:00,4228.5,4229.7998046875,4227.60009765625,4229.7998046875,22
2026-06-11 22:07:00+00:00,4229.89990234375,4230.5,4228.60009765625,4228.60009765625,28
2026-06-11 22:08:00+00:00,4230.5,4231.0,4228.5,4229.89990234375,32
2026-06-11 22:09:00+00:00,4230.10009765625,4231.60009765625,4230.10009765625,4230.7998046875,11
2026-06-11 22:10:00+00:00,4229.60009765625,4229.89990234375,4229.0,4229.89990234375,10
2026-06-11 22:11:00+00:00,4229.7998046875,4230.10009765625,4229.10009765625,4229.10009765625,17
2026-06-11 22:12:00+00:00,4228.7998046875,4229.0,4227.7001953125,4229.0,14
2026-06-11 22:13:00+00:00,4227.60009765625,4229.10009765625,4227.60009765625,4228.7001953125,22
2026-06-11 22:14:00+00:00,4230.7001953125,4231.39990234375,4228.10009765625,4228.7998046875,30
2026-06-11 22:15:00+00:00,4227.7001953125,4229.7998046875,4227.7001953125,4229.7998046875,26
2026-06-11 22:16:00+00:00,4229.60009765625,4230.2998046875,4227.7998046875,4227.7998046875,18
2026-06-11 22:17:00+00:00,4231.39990234375,4231.39990234375,4229.7001953125,4230.10009765625,8
2026-06-11 22:18:00+00:00,4229.2001953125,4230.89990234375,4229.2001953125,4230.89990234375,41
2026-06-11 22:19:00+00:00,4229.2001953125,4230.10009765625,4229.2001953125,4230.10009765625,11
2026-06-11 22:20:00+00:00,4228.7001953125,4229.5,4228.5,4229.2001953125,22
2026-06-11 22:21:00+00:00,4227.5,4228.5,4227.5,4228.10009765625,10
2026-06-11 22:22:00+00:00,4232.10009765625,4232.10009765625,4227.5,4227.60009765625,46
2026-06-11 22:23:00+00:00,4230.5,4232.0,4229.39990234375,4232.0,40
2026-06-11 22:24:00+00:00,4227.10009765625,4231.60009765625,4226.7998046875,4231.10009765625,88
2026-06-11 22:25:00+00:00,4228.60009765625,4228.7001953125,4227.2001953125,4227.2001953125,16
2026-06-11 22:26:00+00:00,4229.39990234375,4230.60009765625,4227.89990234375,4228.60009765625,52
2026-06-11 22:27:00+00:00,4229.2998046875,4230.0,4228.0,4229.2998046875,95
2026-06-11 22:28:00+00:00,4231.2998046875,4233.7001953125,4229.7998046875,4229.7998046875,57
2026-06-11 22:29:00+00:00,4235.5,4236.2998046875,4231.89990234375,4231.89990234375,84
2026-06-11 22:30:00+00:00,4236.10009765625,4237.5,4234.10009765625,4235.5,140
2026-06-11 22:31:00+00:00,4233.7001953125,4235.5,4233.39990234375,4235.5,36
2026-06-11 22:32:00+00:00,4233.2001953125,4234.0,4233.10009765625,4234.0,8
2026-06-11 22:33:00+00:00,4235.5,4235.89990234375,4232.39990234375,4232.60009765625,37
2026-06-11 22:34:00+00:00,4235.10009765625,4235.89990234375,4233.7998046875,4234.7998046875,40
2026-06-11 22:35:00+00:00,4234.7998046875,4236.2001953125,4234.2998046875,4235.5,36
2026-06-11 22:36:00+00:00,4233.39990234375,4234.7001953125,4233.39990234375,4234.7001953125,19
2026-06-11 22:37:00+00:00,4233.60009765625,4233.60009765625,4233.39990234375,4233.5,7
2026-06-11 22:38:00+00:00,4232.89990234375,4233.7998046875,4232.89990234375,4233.2001953125,39
2026-06-11 22:39:00+00:00,4236.7998046875,4236.7998046875,4232.7001953125,4232.7001953125,44
2026-06-11 22:40:00+00:00,4238.60009765625,4238.7001953125,4236.39990234375,4236.5,39
2026-06-11 22:41:00+00:00,4240.0,4240.2001953125,4238.0,4238.39990234375,55
2026-06-11 22:42:00+00:00,4241.7001953125,4241.89990234375,4239.2001953125,4239.7998046875,86
2026-06-11 22:43:00+00:00,4248.2998046875,4248.89990234375,4241.5,4241.60009765625,272
2026-06-11 22:44:00+00:00,4246.7001953125,4249.2001953125,4245.10009765625,4247.89990234375,186
2026-06-11 22:45:00+00:00,4253.10009765625,4255.0,4246.2001953125,4246.5,224
2026-06-11 22:46:00+00:00,4254.0,4255.5,4250.10009765625,4252.39990234375,209
2026-06-11 22:47:00+00:00,4256.2001953125,4256.2001953125,4253.5,4253.89990234375,76
2026-06-11 22:48:00+00:00,4253.7001953125,4257.2001953125,4253.60009765625,4255.7998046875,145
2026-06-11 22:49:00+00:00,4253.0,4255.2998046875,4253.0,4253.60009765625,70
2026-06-11 22:50:00+00:00,4250.7001953125,4253.5,4250.7001953125,4252.2998046875,77
2026-06-11 22:51:00+00:00,4247.89990234375,4251.60009765625,4247.89990234375,4251.2998046875,77
2026-06-11 22:52:00+00:00,4250.0,4250.0,4245.89990234375,4248.2001953125,115
2026-06-11 22:53:00+00:00,4252.89990234375,4253.39990234375,4248.60009765625,4249.39990234375,172
2026-06-11 22:54:00+00:00,4256.2001953125,4256.2998046875,4251.2998046875,4253.0,121
2026-06-11 22:55:00+00:00,4255.7001953125,4257.60009765625,4255.39990234375,4256.10009765625,54
2026-06-11 22:56:00+00:00,4259.2001953125,4259.5,4254.0,4255.7001953125,236
2026-06-11 22:57:00+00:00,4266.39990234375,4267.7998046875,4258.89990234375,4259.10009765625,297
2026-06-11 22:58:00+00:00,4264.5,4266.10009765625,4262.10009765625,4265.89990234375,94
2026-06-11 22:59:00+00:00,4264.2001953125,4266.10009765625,4263.60009765625,4264.0,67
2026-06-11 23:00:00+00:00,4265.2001953125,4267.2001953125,4262.7001953125,4264.5,123
2026-06-11 23:01:00+00:00,4261.10009765625,4265.10009765625,4260.2998046875,4265.10009765625,151
2026-06-11 23:02:00+00:00,4254.7998046875,4260.2998046875,4254.7998046875,4260.2998046875,115
2026-06-11 23:03:00+00:00,4250.7998046875,4254.89990234375,4248.7001953125,4254.60009765625,143
2026-06-11 23:04:00+00:00,4247.7998046875,4250.89990234375,4245.0,4250.7001953125,172
2026-06-11 23:05:00+00:00,4246.7001953125,4247.39990234375,4244.0,4247.39990234375,75
2026-06-11 23:06:00+00:00,4246.60009765625,4247.2998046875,4245.10009765625,4246.89990234375,28
2026-06-11 23:07:00+00:00,4249.2001953125,4250.0,4245.7001953125,4246.5,116
2026-06-11 23:08:00+00:00,4250.0,4250.2001953125,4247.39990234375,4249.0,70
2026-06-11 23:09:00+00:00,4246.5,4249.89990234375,4245.7998046875,4249.89990234375,41
2026-06-11 23:10:00+00:00,4247.2001953125,4247.89990234375,4245.60009765625,4246.60009765625,20
2026-06-11 23:11:00+00:00,4247.60009765625,4248.2998046875,4246.7001953125,4246.89990234375,14
2026-06-11 23:12:00+00:00,4248.2001953125,4248.60009765625,4245.2998046875,4246.5,31
2026-06-11 23:13:00+00:00,4243.2001953125,4248.5,4240.0,4248.5,153
2026-06-11 23:14:00+00:00,4245.0,4245.0,4242.7001953125,4243.7001953125,27
2026-06-11 23:15:00+00:00,4246.60009765625,4246.7998046875,4243.60009765625,4244.10009765625,48
2026-06-11 23:16:00+00:00,4245.2001953125,4246.7001953125,4244.0,4246.2998046875,22
2026-06-11 23:17:00+00:00,4242.39990234375,4245.2998046875,4242.39990234375,4245.0,116
2026-06-11 23:18:00+00:00,4244.60009765625,4244.60009765625,4242.0,4242.60009765625,48
2026-06-11 23:19:00+00:00,4243.0,4244.0,4241.60009765625,4243.7998046875,35
2026-06-11 23:20:00+00:00,4242.60009765625,4243.60009765625,4242.39990234375,4242.60009765625,16
2026-06-11 23:21:00+00:00,4242.60009765625,4243.2998046875,4242.2001953125,4242.7001953125,33
2026-06-11 23:22:00+00:00,4242.10009765625,4242.60009765625,4241.7001953125,4242.0,22
2026-06-11 23:23:00+00:00,4236.7001953125,4242.10009765625,4236.10009765625,4242.10009765625,69
2026-06-11 23:24:00+00:00,4236.7001953125,4238.60009765625,4236.7001953125,4236.7001953125,59
2026-06-11 23:25:00+00:00,4238.0,4238.5,4236.7001953125,4237.0,36
2026-06-11 23:26:00+00:00,4236.60009765625,4237.5,4236.39990234375,4237.10009765625,26
2026-06-11 23:27:00+00:00,4235.60009765625,4238.7998046875,4234.60009765625,4237.2001953125,74
2026-06-11 23:28:00+00:00,4234.7998046875,4236.89990234375,4234.7998046875,4236.0,45
2026-06-11 23:29:00+00:00,4237.2998046875,4237.89990234375,4235.0,4235.39990234375,86
2026-06-11 23:30:00+00:00,4241.5,4243.7001953125,4236.7998046875,4236.7998046875,177
2026-06-11 23:31:00+00:00,4237.0,4240.2001953125,4236.5,4240.2001953125,30
2026-06-11 23:32:00+00:00,4236.7001953125,4237.10009765625,4235.0,4236.60009765625,40
2026-06-11 23:33:00+00:00,4239.89990234375,4240.7001953125,4235.7001953125,4236.5,53
2026-06-11 23:34:00+00:00,4237.39990234375,4239.10009765625,4236.7001953125,4238.89990234375,19
2026-06-11 23:35:00+00:00,4236.5,4238.2001953125,4236.2998046875,4237.39990234375,13
2026-06-11 23:36:00+00:00,4236.7998046875,4238.60009765625,4234.7998046875,4236.89990234375,129
2026-06-11 23:37:00+00:00,4240.0,4241.10009765625,4237.2001953125,4237.2001953125,64
2026-06-11 23:38:00+00:00,4238.7001953125,4240.89990234375,4238.7001953125,4239.89990234375,35
2026-06-11 23:39:00+00:00,4237.2998046875,4239.89990234375,4237.0,4239.89990234375,67
2026-06-11 23:40:00+00:00,4237.89990234375,4237.89990234375,4235.89990234375,4236.89990234375,41
2026-06-11 23:41:00+00:00,4236.2998046875,4238.39990234375,4235.5,4238.2001953125,21
2026-06-11 23:42:00+00:00,4237.7998046875,4238.39990234375,4236.2998046875,4236.2998046875,19
2026-06-11 23:43:00+00:00,4239.2998046875,4241.5,4238.39990234375,4238.39990234375,113
2026-06-11 23:44:00+00:00,4240.10009765625,4240.7998046875,4238.7001953125,4239.10009765625,35
2026-06-11 23:45:00+00:00,4244.0,4245.2001953125,4240.7001953125,4240.7001953125,152
2026-06-11 23:46:00+00:00,4244.0,4244.2998046875,4242.7998046875,4244.0,18
2026-06-11 23:47:00+00:00,4240.10009765625,4242.7998046875,4239.7998046875,4242.5,60
2026-06-11 23:48:00+00:00,4238.39990234375,4241.0,4238.2001953125,4240.10009765625,34
2026-06-11 23:49:00+00:00,4240.89990234375,4241.10009765625,4238.10009765625,4238.10009765625,26
2026-06-11 23:50:00+00:00,4243.0,4243.2998046875,4239.60009765625,4239.60009765625,54
2026-06-11 23:51:00+00:00,4239.39990234375,4243.60009765625,4239.2998046875,4243.2001953125,42
2026-06-11 23:52:00+00:00,4238.7998046875,4241.7001953125,4238.2998046875,4239.39990234375,47
2026-06-11 23:53:00+00:00,4236.39990234375,4238.2001953125,4235.60009765625,4238.10009765625,27
2026-06-11 23:54:00+00:00,4237.2998046875,4238.5,4236.39990234375,4236.39990234375,47
2026-06-11 23:55:00+00:00,4239.39990234375,4239.39990234375,4236.7001953125,4236.7998046875,32
2026-06-11 23:56:00+00:00,4242.7998046875,4242.7998046875,4239.89990234375,4239.89990234375,30
2026-06-11 23:57:00+00:00,4241.7001953125,4242.39990234375,4241.2001953125,4242.10009765625,17
2026-06-11 23:58:00+00:00,4239.2998046875,4242.10009765625,4239.2998046875,4242.10009765625,18
2026-06-11 23:59:00+00:00,4240.60009765625,4240.60009765625,4239.0,4239.7001953125,16
2026-06-12 00:00:00+00:00,4235.89990234375,4243.5,4235.89990234375,4240.10009765625,95
2026-06-12 00:01:00+00:00,4238.2001953125,4238.2001953125,4233.0,4236.10009765625,125
2026-06-12 00:02:00+00:00,4239.0,4241.10009765625,4237.5,4238.5,55
2026-06-12 00:03:00+00:00,4238.10009765625,4239.2001953125,4236.2001953125,4238.2001953125,28
2026-06-12 00:04:00+00:00,4239.39990234375,4240.5,4238.10009765625,4238.10009765625,44
2026-06-12 00:05:00+00:00,4240.5,4242.39990234375,4237.39990234375,4239.7001953125,70
2026-06-12 00:06:00+00:00,4242.7998046875,4244.39990234375,4239.2001953125,4241.10009765625,49
2026-06-12 00:07:00+00:00,4243.89990234375,4246.7998046875,4242.2001953125,4242.2998046875,90
2026-06-12 00:08:00+00:00,4236.89990234375,4244.39990234375,4236.7998046875,4244.0,115
2026-06-12 00:09:00+00:00,4237.2998046875,4239.60009765625,4236.7001953125,4237.7998046875,47
2026-06-12 00:10:00+00:00,4238.0,4239.5,4236.10009765625,4239.10009765625,92
2026-06-12 00:11:00+00:00,4238.7998046875,4239.2998046875,4237.0,4238.0,42
2026-06-12 00:12:00+00:00,4238.5,4238.5,4236.2001953125,4237.7998046875,33
2026-06-12 00:13:00+00:00,4237.2998046875,4238.7998046875,4236.7998046875,4237.89990234375,19
2026-06-12 00:14:00+00:00,4237.2998046875,4238.60009765625,4237.0,4238.2998046875,22
2026-06-12 00:15:00+00:00,4230.5,4237.0,4228.10009765625,4237.0,225
2026-06-12 00:16:00+00:00,4232.0,4233.5,4230.89990234375,4231.2998046875,49
2026-06-12 00:17:00+00:00,4229.5,4232.2001953125,4229.0,4232.2001953125,64
2026-06-12 00:18:00+00:00,4231.39990234375,4232.60009765625,4230.0,4230.0,54
2026-06-12 00:19:00+00:00,4237.5,4238.0,4230.39990234375,4231.39990234375,136
2026-06-12 00:20:00+00:00,4236.2001953125,4238.0,4235.7001953125,4237.0,58
2026-06-12 00:21:00+00:00,4240.0,4240.89990234375,4236.5,4236.5,71
2026-06-12 00:22:00+00:00,4240.2001953125,4241.2998046875,4238.7998046875,4239.7001953125,56
2026-06-12 00:23:00+00:00,4242.5,4242.5,4238.7001953125,4240.0,145
2026-06-12 00:24:00+00:00,4244.7998046875,4245.0,4242.7998046875,4242.7998046875,78
2026-06-12 00:25:00+00:00,4246.2001953125,4246.2998046875,4241.39990234375,4244.60009765625,78
2026-06-12 00:26:00+00:00,4248.2998046875,4251.7001953125,4245.2998046875,4245.7001953125,184
2026-06-12 00:27:00+00:00,4244.2001953125,4247.89990234375,4243.2001953125,4247.89990234375,236
2026-06-12 00:28:00+00:00,4243.5,4244.0,4241.0,4243.7001953125,65
2026-06-12 00:29:00+00:00,4241.39990234375,4245.2998046875,4241.2998046875,4244.2998046875,52
2026-06-12 00:30:00+00:00,4249.2998046875,4249.2998046875,4240.7998046875,4241.7001953125,130
2026-06-12 00:31:00+00:00,4248.2998046875,4249.7998046875,4247.7998046875,4247.89990234375,111
2026-06-12 00:32:00+00:00,4248.2001953125,4248.60009765625,4246.39990234375,4247.7998046875,54
2026-06-12 00:33:00+00:00,4243.7001953125,4247.89990234375,4243.7001953125,4247.60009765625,40
2026-06-12 00:34:00+00:00,4242.39990234375,4243.7001953125,4241.89990234375,4243.5,65
2026-06-12 00:35:00+00:00,4244.60009765625,4245.0,4240.5,4243.10009765625,62
2026-06-12 00:36:00+00:00,4241.60009765625,4244.39990234375,4241.39990234375,4244.39990234375,49
2026-06-12 00:37:00+00:00,4237.7998046875,4242.39990234375,4237.0,4242.0,115
2026-06-12 00:38:00+00:00,4237.7998046875,4238.89990234375,4237.2998046875,4237.60009765625,42
2026-06-12 00:39:00+00:00,4235.7001953125,4237.7998046875,4235.7001953125,4237.7998046875,26
2026-06-12 00:40:00+00:00,4232.5,4235.89990234375,4230.10009765625,4235.89990234375,141
2026-06-12 00:41:00+00:00,4231.60009765625,4233.2998046875,4231.60009765625,4232.2001953125,17
2026-06-12 00:42:00+00:00,4228.5,4232.7998046875,4228.5,4232.2998046875,44
2026-06-12 00:43:00+00:00,4228.39990234375,4230.7001953125,4228.0,4229.2998046875,70
2026-06-12 00:44:00+00:00,4225.0,4229.10009765625,4223.7001953125,4228.10009765625,163
2026-06-12 00:45:00+00:00,4228.2998046875,4229.39990234375,4225.5,4225.7001953125,106
2026-06-12 00:46:00+00:00,4225.5,4227.5,4225.5,4227.5,36
2026-06-12 00:47:00+00:00,4225.0,4226.7998046875,4223.7001953125,4226.0,106
2026-06-12 00:48:00+00:00,4223.60009765625,4224.2001953125,4222.39990234375,4224.2001953125,84
2026-06-12 00:49:00+00:00,4223.0,4224.5,4223.0,4224.0,60
2026-06-12 00:50:00+00:00,4223.39990234375,4226.2001953125,4222.7998046875,4223.10009765625,75
2026-06-12 00:51:00+00:00,4224.89990234375,4225.2001953125,4221.7001953125,4222.5,59
2026-06-12 00:52:00+00:00,4226.5,4226.7001953125,4224.5,4224.89990234375,45
2026-06-12 00:53:00+00:00,4223.7001953125,4226.10009765625,4223.60009765625,4225.89990234375,69
2026-06-12 00:54:00+00:00,4221.89990234375,4224.2001953125,4221.39990234375,4223.60009765625,57
2026-06-12 00:55:00+00:00,4223.60009765625,4223.7998046875,4221.39990234375,4221.7998046875,39
2026-06-12 00:56:00+00:00,4224.2001953125,4224.2001953125,4223.10009765625,4223.2001953125,24
2026-06-12 00:57:00+00:00,4225.2001953125,4225.2001953125,4222.5,4223.7998046875,63
2026-06-12 00:58:00+00:00,4223.2001953125,4225.7998046875,4222.60009765625,4225.60009765625,44
2026-06-12 00:59:00+00:00,4229.0,4229.2001953125,4223.60009765625,4223.60009765625,170
2026-06-12 01:00:00+00:00,4223.7998046875,4232.39990234375,4221.5,4229.7001953125,364
2026-06-12 01:01:00+00:00,4217.5,4225.2001953125,4215.5,4224.5,406
2026-06-12 01:02:00+00:00,4213.5,4219.2998046875,4211.2001953125,4217.2001953125,404
2026-06-12 01:03:00+00:00,4209.2001953125,4215.60009765625,4209.0,4213.60009765625,316
2026-06-12 01:04:00+00:00,4205.7001953125,4209.89990234375,4204.60009765625,4209.60009765625,483
2026-06-12 01:05:00+00:00,4207.60009765625,4211.5,4204.0,4205.89990234375,252
2026-06-12 01:06:00+00:00,4212.60009765625,4213.5,4208.0,4208.10009765625,132
2026-06-12 01:07:00+00:00,4210.5,4214.60009765625,4210.10009765625,4213.10009765625,125
2026-06-12 01:08:00+00:00,4210.7001953125,4212.39990234375,4210.5,4210.89990234375,31
2026-06-12 01:09:00+00:00,4214.60009765625,4214.7998046875,4210.2998046875,4210.2998046875,65
2026-06-12 01:10:00+00:00,4211.10009765625,4214.2001953125,4211.10009765625,4212.7998046875,64
2026-06-12 01:11:00+00:00,4210.39990234375,4214.7001953125,4209.60009765625,4211.60009765625,63
2026-06-12 01:12:00+00:00,4213.60009765625,4214.2998046875,4210.39990234375,4210.7998046875,91
2026-06-12 01:13:00+00:00,4207.2998046875,4213.7998046875,4206.2001953125,4213.60009765625,112
2026-06-12 01:14:00+00:00,4208.39990234375,4211.2998046875,4208.0,4208.0,89
2026-06-12 01:15:00+00:00,4210.60009765625,4210.7998046875,4208.5,4208.89990234375,70
2026-06-12 01:16:00+00:00,4212.5,4215.39990234375,4211.39990234375,4211.39990234375,98
2026-06-12 01:17:00+00:00,4209.89990234375,4213.0,4209.0,4212.7001953125,57
2026-06-12 01:18:00+00:00,4209.7998046875,4210.7998046875,4206.89990234375,4210.2001953125,55
2026-06-12 01:19:00+00:00,4211.0,4211.0,4208.2998046875,4210.10009765625,45
2026-06-12 01:20:00+00:00,4212.2998046875,4212.89990234375,4209.89990234375,4211.2001953125,45
2026-06-12 01:21:00+00:00,4211.7001953125,4212.2001953125,4210.5,4211.7998046875,22
2026-06-12 01:22:00+00:00,4210.2001953125,4212.7998046875,4209.10009765625,4211.89990234375,66
2026-06-12 01:23:00+00:00,4213.0,4213.60009765625,4210.10009765625,4210.7001953125,47
2026-06-12 01:24:00+00:00,4211.60009765625,4213.2001953125,4211.60009765625,4212.89990234375,16
2026-06-12 01:25:00+00:00,4206.7001953125,4210.89990234375,4205.0,4210.89990234375,160
2026-06-12 01:26:00+00:00,4206.2001953125,4206.89990234375,4205.0,4206.10009765625,60
2026-06-12 01:27:00+00:00,4202.5,4205.2998046875,4200.2998046875,4205.2998046875,259
2026-06-12 01:28:00+00:00,4201.89990234375,4205.0,4201.7998046875,4203.10009765625,133
2026-06-12 01:29:00+00:00,4202.60009765625,4204.2001953125,4201.5,4202.0,48
2026-06-12 01:30:00+00:00,4206.2001953125,4208.2998046875,4203.39990234375,4204.0,147
2026-06-12 01:31:00+00:00,4202.7001953125,4206.0,4202.10009765625,4206.0,129
2026-06-12 01:32:00+00:00,4202.2001953125,4204.39990234375,4202.0,4202.7998046875,104
2026-06-12 01:33:00+00:00,4201.7001953125,4203.7998046875,4200.5,4202.89990234375,239
2026-06-12 01:34:00+00:00,4201.5,4203.0,4198.2998046875,4201.7998046875,172
2026-06-12 01:35:00+00:00,4200.0,4202.2001953125,4198.60009765625,4201.39990234375,98
2026-06-12 01:36:00+00:00,4193.60009765625,4199.0,4193.60009765625,4199.0,515
2026-06-12 01:37:00+00:00,4195.39990234375,4195.89990234375,4192.89990234375,4193.7001953125,132
2026-06-12 01:38:00+00:00,4196.0,4196.60009765625,4194.5,4195.89990234375,76
2026-06-12 01:39:00+00:00,4200.7001953125,4201.39990234375,4196.39990234375,4196.39990234375,91
2026-06-12 01:40:00+00:00,4198.89990234375,4202.60009765625,4198.89990234375,4200.89990234375,188
2026-06-12 01:41:00+00:00,4199.7998046875,4199.7998046875,4198.60009765625,4199.0,50
2026-06-12 01:42:00+00:00,4202.0,4202.39990234375,4200.2998046875,4200.60009765625,100
2026-06-12 01:43:00+00:00,4204.39990234375,4205.5,4201.5,4201.7001953125,114
2026-06-12 01:44:00+00:00,4201.10009765625,4204.39990234375,4200.0,4204.39990234375,83
2026-06-12 01:45:00+00:00,4207.0,4208.2998046875,4201.2998046875,4201.2998046875,84
2026-06-12 01:46:00+00:00,4210.2998046875,4210.7001953125,4206.0,4206.7001953125,102
2026-06-12 01:47:00+00:00,4211.2001953125,4212.39990234375,4209.2001953125,4209.7998046875,175
2026-06-12 01:48:00+00:00,4210.5,4211.2001953125,4208.7001953125,4211.2001953125,59
2026-06-12 01:49:00+00:00,4213.2001953125,4213.2001953125,4211.2001953125,4211.2998046875,51
2026-06-12 01:50:00+00:00,4210.0,4213.0,4210.0,4213.0,63
2026-06-12 01:51:00+00:00,4210.39990234375,4210.7001953125,4209.0,4210.0,88
2026-06-12 01:52:00+00:00,4212.2998046875,4212.7998046875,4210.10009765625,4210.39990234375,49
2026-06-12 01:53:00+00:00,4209.2998046875,4212.10009765625,4209.0,4212.0,48
2026-06-12 01:54:00+00:00,4207.89990234375,4211.39990234375,4207.7001953125,4209.7998046875,74
2026-06-12 01:55:00+00:00,4208.10009765625,4208.60009765625,4205.7001953125,4208.2998046875,55
2026-06-12 01:56:00+00:00,4211.2001953125,4211.5,4208.7001953125,4208.7001953125,46
2026-06-12 01:57:00+00:00,4210.39990234375,4211.7998046875,4209.89990234375,4210.5,30
2026-06-12 01:58:00+00:00,4207.39990234375,4210.89990234375,4207.39990234375,4210.89990234375,18
2026-06-12 01:59:00+00:00,4208.2001953125,4209.2001953125,4208.2001953125,4209.0,18
2026-06-12 02:00:00+00:00,4207.2001953125,4209.39990234375,4206.5,4208.2001953125,27
2026-06-12 02:01:00+00:00,4211.2998046875,4211.7998046875,4205.5,4207.2998046875,208
2026-06-12 02:02:00+00:00,4214.60009765625,4215.39990234375,4209.7998046875,4210.60009765625,277
2026-06-12 02:03:00+00:00,4213.89990234375,4216.2001953125,4213.0,4214.5,73
2026-06-12 02:04:00+00:00,4213.10009765625,4214.89990234375,4212.0,4214.2998046875,72
2026-06-12 02:05:00+00:00,4213.89990234375,4213.89990234375,4212.7001953125,4212.89990234375,21
2026-06-12 02:06:00+00:00,4215.0,4215.0,4212.0,4212.89990234375,50
2026-06-12 02:07:00+00:00,4216.0,4216.39990234375,4214.39990234375,4214.5,73
2026-06-12 02:08:00+00:00,4216.39990234375,4217.10009765625,4215.10009765625,4215.7998046875,54
2026-06-12 02:09:00+00:00,4219.2998046875,4219.2998046875,4215.2998046875,4215.2998046875,82
2026-06-12 02:10:00+00:00,4220.89990234375,4221.89990234375,4218.89990234375,4219.39990234375,89
2026-06-12 02:11:00+00:00,4216.7998046875,4221.0,4216.2998046875,4221.0,65
2026-06-12 02:12:00+00:00,4215.7998046875,4216.7998046875,4215.7001953125,4216.39990234375,40
2026-06-12 02:13:00+00:00,4218.10009765625,4218.10009765625,4216.60009765625,4216.60009765625,22
2026-06-12 02:14:00+00:00,4215.89990234375,4217.0,4215.5,4217.0,17
2026-06-12 02:15:00+00:00,4215.0,4215.89990234375,4214.60009765625,4215.89990234375,21
2026-06-12 02:16:00+00:00,4214.39990234375,4215.2001953125,4213.10009765625,4214.7001953125,37
2026-06-12 02:17:00+00:00,4213.89990234375,4214.89990234375,4213.60009765625,4214.2998046875,30
2026-06-12 02:18:00+00:00,4212.7998046875,4214.5,4212.2998046875,4213.7998046875,28
2026-06-12 02:19:00+00:00,4214.5,4214.89990234375,4212.60009765625,4212.7998046875,38
2026-06-12 02:20:00+00:00,4215.0,4215.0,4214.0,4214.7001953125,12
2026-06-12 02:21:00+00:00,4214.5,4215.0,4213.39990234375,4214.7998046875,15
2026-06-12 02:22:00+00:00,4213.7998046875,4215.2998046875,4213.7998046875,4215.0,16
2026-06-12 02:23:00+00:00,4213.89990234375,4214.60009765625,4213.89990234375,4214.39990234375,24
2026-06-12 02:24:00+00:00,4212.89990234375,4213.7001953125,4212.0,4213.5,20
2026-06-12 02:25:00+00:00,4212.5,4213.0,4211.89990234375,4213.0,13
2026-06-12 02:26:00+00:00,4210.10009765625,4213.0,4210.10009765625,4212.7001953125,45
2026-06-12 02:27:00+00:00,4209.2001953125,4210.2001953125,4208.2998046875,4210.10009765625,77
2026-06-12 02:28:00+00:00,4211.60009765625,4212.39990234375,4209.5,4209.5,49
2026-06-12 02:29:00+00:00,4209.89990234375,4211.60009765625,4209.2001953125,4211.39990234375,32
2026-06-12 02:30:00+00:00,4208.2998046875,4210.89990234375,4207.2001953125,4210.60009765625,104
2026-06-12 02:31:00+00:00,4209.5,4209.7998046875,4206.5,4208.10009765625,64
2026-06-12 02:32:00+00:00,4208.0,4210.39990234375,4207.7001953125,4210.10009765625,32
2026-06-12 02:33:00+00:00,4207.7001953125,4210.2001953125,4207.39990234375,4208.5,26
2026-06-12 02:34:00+00:00,4204.7998046875,4206.7998046875,4204.2001953125,4206.7998046875,62
2026-06-12 02:35:00+00:00,4206.60009765625,4206.7001953125,4204.39990234375,4204.7998046875,31
2026-06-12 02:36:00+00:00,4208.2998046875,4208.2998046875,4205.60009765625,4206.39990234375,32
2026-06-12 02:37:00+00:00,4210.2001953125,4210.60009765625,4208.60009765625,4208.60009765625,43
2026-06-12 02:38:00+00:00,4211.7001953125,4215.2998046875,4210.2001953125,4210.2001953125,119
2026-06-12 02:39:00+00:00,4210.0,4211.39990234375,4210.0,4211.39990234375,29
2026-06-12 02:40:00+00:00,4207.60009765625,4212.2998046875,4207.60009765625,4211.2998046875,65
2026-06-12 02:41:00+00:00,4208.2998046875,4208.60009765625,4208.2001953125,4208.60009765625,7
2026-06-12 02:42:00+00:00,4207.5,4208.7001953125,4207.2998046875,4208.60009765625,26
2026-06-12 02:43:00+00:00,4208.2998046875,4208.7998046875,4206.2998046875,4207.0,43
2026-06-12 02:44:00+00:00,4208.2998046875,4208.5,4206.5,4208.2998046875,42
2026-06-12 02:45:00+00:00,4208.7001953125,4210.60009765625,4207.7998046875,4208.0,64
2026-06-12 02:46:00+00:00,4207.60009765625,4208.89990234375,4207.60009765625,4208.89990234375,10
2026-06-12 02:47:00+00:00,4206.0,4207.89990234375,4205.60009765625,4207.89990234375,45
2026-06-12 02:48:00+00:00,4208.7001953125,4208.7001953125,4206.60009765625,4206.60009765625,18
2026-06-12 02:49:00+00:00,4212.2998046875,4213.0,4208.5,4209.0,65
2026-06-12 02:50:00+00:00,4210.60009765625,4213.5,4210.2001953125,4212.60009765625,60
2026-06-12 02:51:00+00:00,4211.7001953125,4211.7001953125,4210.60009765625,4210.89990234375,12
2026-06-12 02:52:00+00:00,4213.7998046875,4214.10009765625,4211.5,4211.5,38
2026-06-12 02:53:00+00:00,4210.39990234375,4213.2001953125,4210.39990234375,4213.0,28
2026-06-12 02:54:00+00:00,4210.39990234375,4211.0,4209.39990234375,4210.7001953125,32
2026-06-12 02:55:00+00:00,4211.10009765625,4211.39990234375,4210.10009765625,4210.5,26
2026-06-12 02:56:00+00:00,4210.60009765625,4211.2998046875,4209.5,4210.2998046875,23
2026-06-12 02:57:00+00:00,4211.60009765625,4212.0,4210.5,4211.0,20
2026-06-12 02:58:00+00:00,4213.7998046875,4213.7998046875,4211.0,4211.89990234375,33
2026-06-12 02:59:00+00:00,4213.5,4215.39990234375,4212.7998046875,4213.7001953125,70
2026-06-12 03:00:00+00:00,4213.39990234375,4214.7998046875,4211.39990234375,4212.7001953125,67
2026-06-12 03:01:00+00:00,4216.7998046875,4218.10009765625,4213.60009765625,4213.89990234375,60
2026-06-12 03:02:00+00:00,4213.7001953125,4216.89990234375,4212.7998046875,4216.60009765625,51
2026-06-12 03:03:00+00:00,4215.0,4216.5,4214.60009765625,4214.60009765625,35
2026-06-12 03:04:00+00:00,4213.5,4215.89990234375,4213.0,4214.7998046875,23
2026-06-12 03:05:00+00:00,4213.89990234375,4213.89990234375,4212.39990234375,4213.39990234375,20
2026-06-12 03:06:00+00:00,4216.0,4216.7998046875,4213.5,4213.7998046875,62
2026-06-12 03:07:00+00:00,4215.5,4216.89990234375,4215.5,4216.0,10
2026-06-12 03:08:00+00:00,4214.60009765625,4215.10009765625,4213.89990234375,4214.7998046875,15
2026-06-12 03:09:00+00:00,4214.10009765625,4214.2001953125,4213.7001953125,4213.89990234375,7
2026-06-12 03:10:00+00:00,4214.2998046875,4215.10009765625,4213.5,4215.10009765625,11
2026-06-12 03:11:00+00:00,4216.60009765625,4217.0,4214.2998046875,4214.2998046875,13
2026-06-12 03:12:00+00:00,4215.0,4217.2998046875,4213.89990234375,4217.2998046875,31
2026-06-12 03:13:00+00:00,4214.7998046875,4215.2001953125,4213.39990234375,4213.5,16
2026-06-12 03:14:00+00:00,4216.0,4216.2001953125,4214.89990234375,4215.2001953125,29
2026-06-12 03:15:00+00:00,4219.0,4219.89990234375,4215.60009765625,4215.89990234375,52
2026-06-12 03:16:00+00:00,4219.60009765625,4220.7998046875,4218.0,4219.0,56
2026-06-12 03:17:00+00:00,4221.7998046875,4222.5,4219.7001953125,4219.7001953125,88
2026-06-12 03:18:00+00:00,4223.10009765625,4223.2001953125,4220.0,4221.39990234375,101
2026-06-12 03:19:00+00:00,4218.2001953125,4221.7998046875,4217.89990234375,4221.7998046875,68
2026-06-12 03:20:00+00:00,4215.2001953125,4218.5,4215.0,4218.0,46
2026-06-12 03:21:00+00:00,4219.10009765625,4219.10009765625,4215.5,4215.5,30
2026-06-12 03:22:00+00:00,4218.39990234375,4219.39990234375,4218.10009765625,4219.39990234375,47
2026-06-12 03:23:00+00:00,4217.39990234375,4218.0,4216.7998046875,4216.89990234375,33
2026-06-12 03:24:00+00:00,4219.2998046875,4221.10009765625,4218.39990234375,4218.39990234375,30
2026-06-12 03:25:00+00:00,4221.39990234375,4221.89990234375,4218.5,4219.0,30
2026-06-12 03:26:00+00:00,4222.10009765625,4222.2998046875,4221.39990234375,4221.7998046875,30
2026-06-12 03:27:00+00:00,4222.89990234375,4223.7998046875,4221.0,4221.7998046875,116
2026-06-12 03:28:00+00:00,4223.5,4224.0,4222.2001953125,4222.5,49
2026-06-12 03:29:00+00:00,4225.10009765625,4225.39990234375,4223.10009765625,4223.5,139
2026-06-12 03:30:00+00:00,4222.60009765625,4225.2001953125,4220.89990234375,4224.7998046875,103
2026-06-12 03:31:00+00:00,4224.2998046875,4225.0,4221.7001953125,4222.10009765625,50
2026-06-12 03:32:00+00:00,4224.60009765625,4224.89990234375,4223.60009765625,4224.2001953125,30
2026-06-12 03:33:00+00:00,4224.2998046875,4226.10009765625,4223.10009765625,4224.39990234375,77
2026-06-12 03:34:00+00:00,4225.39990234375,4225.39990234375,4222.7998046875,4224.10009765625,49
2026-06-12 03:35:00+00:00,4223.7998046875,4225.0,4222.7001953125,4225.0,21
2026-06-12 03:36:00+00:00,4224.10009765625,4224.2001953125,4223.60009765625,4223.7001953125,16
2026-06-12 03:37:00+00:00,4226.0,4226.0,4224.2001953125,4224.2001953125,51
2026-06-12 03:38:00+00:00,4225.0,4226.60009765625,4224.89990234375,4226.2001953125,37
2026-06-12 03:39:00+00:00,4223.7001953125,4224.89990234375,4223.7001953125,4224.89990234375,11
2026-06-12 03:40:00+00:00,4225.0,4226.2998046875,4223.7998046875,4223.89990234375,26
2026-06-12 03:41:00+00:00,4226.10009765625,4226.7001953125,4225.0,4225.2001953125,22
2026-06-12 03:42:00+00:00,4223.39990234375,4225.60009765625,4223.39990234375,4225.39990234375,35
2026-06-12 03:43:00+00:00,4222.0,4224.10009765625,4221.7998046875,4223.5,47
2026-06-12 03:44:00+00:00,4221.10009765625,4222.5,4220.7998046875,4222.2998046875,27
2026-06-12 03:45:00+00:00,4219.2001953125,4221.2001953125,4218.2001953125,4221.0,57
2026-06-12 03:46:00+00:00,4218.7001953125,4219.7998046875,4218.10009765625,4219.60009765625,28
2026-06-12 03:47:00+00:00,4217.7998046875,4219.60009765625,4217.5,4218.7001953125,43
2026-06-12 03:48:00+00:00,4218.10009765625,4219.5,4217.7001953125,4218.2001953125,43
2026-06-12 03:49:00+00:00,4219.0,4219.2001953125,4217.39990234375,4218.39990234375,28
2026-06-12 03:50:00+00:00,4219.2001953125,4220.5,4219.10009765625,4219.10009765625,30
2026-06-12 03:51:00+00:00,4219.10009765625,4219.5,4218.7001953125,4219.5,11
2026-06-12 03:52:00+00:00,4218.2001953125,4219.0,4218.2001953125,4218.39990234375,14
2026-06-12 03:53:00+00:00,4219.89990234375,4220.10009765625,4218.2001953125,4218.2001953125,20
2026-06-12 03:54:00+00:00,4222.10009765625,4222.60009765625,4220.5,4220.7998046875,30
2026-06-12 03:55:00+00:00,4222.2001953125,4223.2998046875,4221.89990234375,4221.89990234375,20
2026-06-12 03:56:00+00:00,4221.89990234375,4222.5,4221.10009765625,4221.7998046875,11
2026-06-12 03:57:00+00:00,4220.39990234375,4222.39990234375,4220.39990234375,4222.39990234375,9
2026-06-12 03:58:00+00:00,4220.89990234375,4220.89990234375,4220.10009765625,4220.10009765625,7
