Datetime,Close,High,Low,Open,Volume
2026-06-05 04:00:00+00:00,72.91999816894531,72.91999816894531,72.90499877929688,72.90499877929688,0
2026-06-05 04:01:00+00:00,72.88999938964844,72.88999938964844,72.88999938964844,72.88999938964844,1
2026-06-05 04:02:00+00:00,72.88999938964844,72.88999938964844,72.88500213623047,72.88500213623047,2
2026-06-05 04:04:00+00:00,72.84500122070312,72.8550033569336,72.80999755859375,72.8550033569336,24
2026-06-05 04:05:00+00:00,72.87999725341797,72.87999725341797,72.84500122070312,72.84500122070312,2
2026-06-05 04:06:00+00:00,72.86499786376953,72.9000015258789,72.86499786376953,72.875,3
2026-06-05 04:07:00+00:00,72.8499984741211,72.87000274658203,72.8499984741211,72.8550033569336,9
2026-06-05 04:08:00+00:00,72.78500366210938,72.83000183105469,72.7699966430664,72.83000183105469,15
2026-06-05 04:09:00+00:00,72.80500030517578,72.80500030517578,72.80500030517578,72.80500030517578,1
2026-06-05 04:10:00+00:00,72.82499694824219,72.83000183105469,72.82499694824219,72.83000183105469,2
2026-06-05 04:11:00+00:00,72.74500274658203,72.7750015258789,72.7300033569336,72.7699966430664,15
2026-06-05 04:12:00+00:00,72.74500274658203,72.80000305175781,72.73999786376953,72.75,7
2026-06-05 04:13:00+00:00,72.74500274658203,72.75499725341797,72.71499633789062,72.75,13
2026-06-05 04:14:00+00:00,72.83000183105469,72.83000183105469,72.80000305175781,72.80000305175781,8
2026-06-05 04:15:00+00:00,72.83999633789062,72.83999633789062,72.7699966430664,72.80999755859375,10
2026-06-05 04:16:00+00:00,72.83000183105469,72.83000183105469,72.80999755859375,72.81500244140625,5
2026-06-05 04:17:00+00:00,72.83000183105469,72.83000183105469,72.83000183105469,72.83000183105469,1
2026-06-05 04:18:00+00:00,72.79499816894531,72.79499816894531,72.79499816894531,72.79499816894531,6
2026-06-05 04:19:00+00:00,72.79499816894531,72.79499816894531,72.79499816894531,72.79499816894531,2
2026-06-05 04:22:00+00:00,72.81500244140625,72.81500244140625,72.81500244140625,72.81500244140625,1
2026-06-05 04:23:00+00:00,72.81500244140625,72.81500244140625,72.79499816894531,72.79499816894531,2
2026-06-05 04:24:00+00:00,72.80000305175781,72.80000305175781,72.79000091552734,72.79000091552734,4
2026-06-05 04:25:00+00:00,72.875,72.88500213623047,72.81500244140625,72.81500244140625,11
2026-06-05 04:26:00+00:00,72.9000015258789,72.91500091552734,72.87999725341797,72.88500213623047,10
2026-06-05 04:27:00+00:00,72.8550033569336,72.91000366210938,72.8550033569336,72.90499877929688,8
2026-06-05 04:28:00+00:00,72.86000061035156,72.86000061035156,72.86000061035156,72.86000061035156,1
2026-06-05 04:29:00+00:00,72.80000305175781,72.81999969482422,72.80000305175781,72.81999969482422,2
2026-06-05 04:30:00+00:00,72.76499938964844,72.83000183105469,72.76499938964844,72.83000183105469,3
2026-06-05 04:32:00+00:00,72.7699966430664,72.7699966430664,72.75,72.75499725341797,4
2026-06-05 04:34:00+00:00,72.77999877929688,72.79499816894531,72.77999877929688,72.79499816894531,2
2026-06-05 04:35:00+00:00,72.80000305175781,72.80999755859375,72.80000305175781,72.80500030517578,9
2026-06-05 04:36:00+00:00,72.83000183105469,72.83000183105469,72.80999755859375,72.80999755859375,4
2026-06-05 04:38:00+00:00,72.80500030517578,72.80500030517578,72.80500030517578,72.80500030517578,1
2026-06-05 04:39:00+00:00,72.91999816894531,72.91999816894531,72.83000183105469,72.83000183105469,8
2026-06-05 04:40:00+00:00,72.96499633789062,72.98999786376953,72.88500213623047,72.9000015258789,28
2026-06-05 04:41:00+00:00,72.91999816894531,72.94999694824219,72.91999816894531,72.94999694824219,3
2026-06-05 04:42:00+00:00,72.88999938964844,72.9000015258789,72.88999938964844,72.9000015258789,7
2026-06-05 04:43:00+00:00,72.83999633789062,72.83999633789062,72.83999633789062,72.83999633789062,1
2026-06-05 04:44:00+00:00,72.8499984741211,72.8499984741211,72.8499984741211,72.8499984741211,3
2026-06-05 04:45:00+00:00,72.90499877929688,72.91000366210938,72.9000015258789,72.9000015258789,3
2026-06-05 04:46:00+00:00,72.86000061035156,72.86499786376953,72.86000061035156,72.86499786376953,2
2026-06-05 04:47:00+00:00,72.8499984741211,72.86000061035156,72.83999633789062,72.86000061035156,19
2026-06-05 04:48:00+00:00,72.82499694824219,72.88500213623047,72.82499694824219,72.8550033569336,24
2026-06-05 04:49:00+00:00,72.83999633789062,72.83999633789062,72.83999633789062,72.83999633789062,1
2026-06-05 04:53:00+00:00,72.8499984741211,72.8499984741211,72.8499984741211,72.8499984741211,1
2026-06-05 04:54:00+00:00,72.95500183105469,72.95500183105469,72.88999938964844,72.88999938964844,12
2026-06-05 04:55:00+00:00,72.9800033569336,72.98500061035156,72.97000122070312,72.97000122070312,8
2026-06-05 04:56:00+00:00,72.9749984741211,73.04499816894531,72.9749984741211,72.99500274658203,20
2026-06-05 04:57:00+00:00,72.97000122070312,72.99500274658203,72.97000122070312,72.99500274658203,3
2026-06-05 04:58:00+00:00,72.94499969482422,72.9800033569336,72.92500305175781,72.9800033569336,12
2026-06-05 04:59:00+00:00,73.0,73.01499938964844,72.9800033569336,72.9800033569336,21
2026-06-05 05:00:00+00:00,73.0199966430664,73.0250015258789,72.96499633789062,72.98999786376953,53
2026-06-05 05:01:00+00:00,72.93499755859375,72.94999694824219,72.93499755859375,72.94999694824219,3
2026-06-05 05:02:00+00:00,72.9749984741211,72.98999786376953,72.9749984741211,72.98999786376953,5
2026-06-05 05:03:00+00:00,73.0,73.03500366210938,73.0,73.0,7
2026-06-05 05:04:00+00:00,72.95500183105469,72.98999786376953,72.95500183105469,72.9749984741211,8
2026-06-05 05:05:00+00:00,72.98500061035156,73.00499725341797,72.98500061035156,72.98999786376953,10
2026-06-05 05:06:00+00:00,73.0,73.0250015258789,73.0,73.01000213623047,4
2026-06-05 05:07:00+00:00,72.97000122070312,73.0,72.96499633789062,73.0,15
2026-06-05 05:08:00+00:00,72.97000122070312,72.97000122070312,72.94000244140625,72.94000244140625,9
2026-06-05 05:09:00+00:00,72.91000366210938,72.96499633789062,72.9000015258789,72.96499633789062,36
2026-06-05 05:10:00+00:00,72.91500091552734,72.91500091552734,72.91500091552734,72.91500091552734,1
2026-06-05 05:11:00+00:00,72.93499755859375,72.93499755859375,72.91000366210938,72.91999816894531,5
2026-06-05 05:12:00+00:00,72.92500305175781,72.92500305175781,72.90499877929688,72.90499877929688,5
2026-06-05 05:13:00+00:00,72.97000122070312,73.0,72.97000122070312,72.9749984741211,10
2026-06-05 05:14:00+00:00,72.92500305175781,72.94499969482422,72.92500305175781,72.94000244140625,8
2026-06-05 05:15:00+00:00,72.91500091552734,72.94000244140625,72.875,72.94000244140625,8
2026-06-05 05:16:00+00:00,72.9000015258789,72.9000015258789,72.9000015258789,72.9000015258789,3
2026-06-05 05:17:00+00:00,72.86000061035156,72.86000061035156,72.86000061035156,72.86000061035156,1
2026-06-05 05:18:00+00:00,72.88500213623047,72.88500213623047,72.84500122070312,72.84500122070312,5
2026-06-05 05:19:00+00:00,72.87000274658203,72.8949966430664,72.87000274658203,72.8949966430664,4
2026-06-05 05:20:00+00:00,72.86499786376953,72.90499877929688,72.86499786376953,72.8949966430664,3
2026-06-05 05:22:00+00:00,72.80000305175781,72.80000305175781,72.80000305175781,72.80000305175781,1
2026-06-05 05:23:00+00:00,72.80999755859375,72.82499694824219,72.80999755859375,72.82499694824219,2
2026-06-05 05:25:00+00:00,72.8499984741211,72.8499984741211,72.81999969482422,72.81999969482422,3
2026-06-05 05:28:00+00:00,72.82499694824219,72.82499694824219,72.81500244140625,72.82499694824219,5
2026-06-05 05:30:00+00:00,72.66500091552734,72.83499908447266,72.55999755859375,72.7699966430664,154
2026-06-05 05:31:00+00:00,72.6500015258789,72.68000030517578,72.625,72.67500305175781,51
2026-06-05 05:32:00+00:00,72.45999908447266,72.61499786376953,72.3949966430664,72.61499786376953,161
2026-06-05 05:33:00+00:00,72.47000122070312,72.48999786376953,72.3949966430664,72.4800033569336,74
2026-06-05 05:34:00+00:00,72.44499969482422,72.54000091552734,72.38500213623047,72.48500061035156,39
2026-06-05 05:35:00+00:00,72.41999816894531,72.46499633789062,72.40499877929688,72.42500305175781,53
2026-06-05 05:36:00+00:00,72.66500091552734,72.67500305175781,72.375,72.41000366210938,30
2026-06-05 05:37:00+00:00,72.59500122070312,72.66999816894531,72.57499694824219,72.65499877929688,22
2026-06-05 05:38:00+00:00,72.6050033569336,72.66999816894531,72.58000183105469,72.66500091552734,12
2026-06-05 05:39:00+00:00,72.61000061035156,72.66000366210938,72.5999984741211,72.66000366210938,9
2026-06-05 05:40:00+00:00,72.625,72.6500015258789,72.6050033569336,72.6050033569336,12
2026-06-05 05:41:00+00:00,72.59500122070312,72.59500122070312,72.5250015258789,72.58499908447266,14
2026-06-05 05:42:00+00:00,72.62999725341797,72.63999938964844,72.61000061035156,72.61499786376953,8
2026-06-05 05:43:00+00:00,72.54000091552734,72.62999725341797,72.52999877929688,72.62999725341797,15
2026-06-05 05:44:00+00:00,72.56999969482422,72.58499908447266,72.56999969482422,72.56999969482422,4
2026-06-05 05:45:00+00:00,72.58000183105469,72.61000061035156,72.58000183105469,72.58999633789062,4
2026-06-05 05:46:00+00:00,72.48999786376953,72.5199966430664,72.4800033569336,72.5,11
2026-06-05 05:47:00+00:00,72.61000061035156,72.63999938964844,72.53500366210938,72.53500366210938,19
2026-06-05 05:48:00+00:00,72.5999984741211,72.63500213623047,72.5999984741211,72.62999725341797,9
2026-06-05 05:49:00+00:00,72.69499969482422,72.70999908447266,72.6449966430664,72.6449966430664,28
2026-06-05 05:50:00+00:00,72.68499755859375,72.72000122070312,72.66999816894531,72.68499755859375,36
2026-06-05 05:51:00+00:00,72.72000122070312,72.7300033569336,72.70999908447266,72.70999908447266,7
2026-06-05 05:52:00+00:00,72.71499633789062,72.7249984741211,72.71499633789062,72.7249984741211,4
2026-06-05 05:53:00+00:00,72.63999938964844,72.70500183105469,72.63999938964844,72.70500183105469,15
2026-06-05 05:54:00+00:00,72.56999969482422,72.6050033569336,72.52999877929688,72.6050033569336,13
2026-06-05 05:55:00+00:00,72.56500244140625,72.58999633789062,72.56500244140625,72.58499908447266,10
2026-06-05 05:56:00+00:00,72.47000122070312,72.56500244140625,72.46499633789062,72.53500366210938,47
2026-06-05 05:57:00+00:00,72.375,72.4800033569336,72.3550033569336,72.45500183105469,47
2026-06-05 05:58:00+00:00,72.45999908447266,72.46499633789062,72.38500213623047,72.38500213623047,11
2026-06-05 05:59:00+00:00,72.45500183105469,72.45500183105469,72.44999694824219,72.44999694824219,2
2026-06-05 06:00:00+00:00,72.43000030517578,72.51000213623047,72.41500091552734,72.43499755859375,47
2026-06-05 06:01:00+00:00,72.41500091552734,72.43499755859375,72.37000274658203,72.43499755859375,54
2026-06-05 06:02:00+00:00,72.30999755859375,72.41500091552734,72.2699966430664,72.41000366210938,128
2026-06-05 06:03:00+00:00,72.30000305175781,72.33000183105469,72.25,72.30500030517578,95
2026-06-05 06:04:00+00:00,72.30500030517578,72.33000183105469,72.2300033569336,72.25,83
2026-06-05 06:05:00+00:00,72.36499786376953,72.375,72.30999755859375,72.31999969482422,31
2026-06-05 06:06:00+00:00,72.3949966430664,72.43000030517578,72.33499908447266,72.36000061035156,22
2026-06-05 06:07:00+00:00,72.3499984741211,72.36000061035156,72.31999969482422,72.36000061035156,32
2026-06-05 06:08:00+00:00,72.37999725341797,72.37999725341797,72.33499908447266,72.34500122070312,28
2026-06-05 06:09:00+00:00,72.37000274658203,72.37000274658203,72.31999969482422,72.33999633789062,39
2026-06-05 06:10:00+00:00,72.36499786376953,72.41000366210938,72.36000061035156,72.3949966430664,12
2026-06-05 06:11:00+00:00,72.21499633789062,72.38500213623047,72.15499877929688,72.36499786376953,129
2026-06-05 06:12:00+00:00,72.1050033569336,72.23500061035156,72.04000091552734,72.2300033569336,251
2026-06-05 06:13:00+00:00,72.1449966430664,72.16500091552734,72.09500122070312,72.0999984741211,59
2026-06-05 06:14:00+00:00,72.05000305175781,72.1500015258789,72.05000305175781,72.1500015258789,53
2026-06-05 06:15:00+00:00,71.91500091552734,72.04000091552734,71.86000061035156,72.04000091552734,469
2026-06-05 06:16:00+00:00,71.75,71.95999908447266,71.75,71.94499969482422,118
2026-06-05 06:17:00+00:00,71.59500122070312,71.80500030517578,71.58499908447266,71.76000213623047,171
2026-06-05 06:18:00+00:00,71.58499908447266,71.625,71.44000244140625,71.59500122070312,307
2026-06-05 06:19:00+00:00,71.94999694824219,71.9749984741211,71.57499694824219,71.58999633789062,191
2026-06-05 06:20:00+00:00,71.91000366210938,71.94999694824219,71.82499694824219,71.94499969482422,133
2026-06-05 06:21:00+00:00,71.97000122070312,71.97000122070312,71.875,71.9000015258789,113
2026-06-05 06:22:00+00:00,71.9000015258789,71.98999786376953,71.8550033569336,71.9749984741211,136
2026-06-05 06:23:00+00:00,72.01499938964844,72.04000091552734,71.88500213623047,71.91000366210938,75
2026-06-05 06:24:00+00:00,72.15499877929688,72.19000244140625,72.00499725341797,72.01000213623047,88
2026-06-05 06:25:00+00:00,72.13999938964844,72.17500305175781,72.1050033569336,72.15499877929688,93
2026-06-05 06:26:00+00:00,72.1500015258789,72.18000030517578,72.08000183105469,72.1449966430664,27
2026-06-05 06:27:00+00:00,72.22000122070312,72.25,72.16500091552734,72.17500305175781,130
2026-06-05 06:28:00+00:00,72.15499877929688,72.26000213623047,72.15499877929688,72.2249984741211,17
2026-06-05 06:29:00+00:00,72.18499755859375,72.19000244140625,72.11000061035156,72.12999725341797,44
2026-06-05 06:30:00+00:00,72.27999877929688,72.30999755859375,72.1500015258789,72.19000244140625,65
2026-06-05 06:31:00+00:00,72.29000091552734,72.30999755859375,72.26499938964844,72.26499938964844,31
2026-06-05 06:32:00+00:00,72.36000061035156,72.38999938964844,72.31500244140625,72.31500244140625,58
2026-06-05 06:33:00+00:00,72.46499633789062,72.47000122070312,72.32499694824219,72.3550033569336,43
2026-06-05 06:34:00+00:00,72.44999694824219,72.51499938964844,72.43000030517578,72.46499633789062,53
2026-06-05 06:35:00+00:00,72.46499633789062,72.46499633789062,72.41500091552734,72.43000030517578,12
2026-06-05 06:36:00+00:00,72.54499816894531,72.58000183105469,72.44499969482422,72.44999694824219,61
2026-06-05 06:37:00+00:00,72.56999969482422,72.6500015258789,72.5199966430664,72.54000091552734,98
2026-06-05 06:38:00+00:00,72.57499694824219,72.625,72.55500030517578,72.58000183105469,68
2026-06-05 06:39:00+00:00,72.55999755859375,72.56500244140625,72.49500274658203,72.55999755859375,46
2026-06-05 06:40:00+00:00,72.62000274658203,72.625,72.55000305175781,72.56500244140625,24
2026-06-05 06:41:00+00:00,72.57499694824219,72.61499786376953,72.54000091552734,72.58000183105469,29
2026-06-05 06:42:00+00:00,72.5250015258789,72.57499694824219,72.48999786376953,72.55500030517578,106
2026-06-05 06:43:00+00:00,72.5250015258789,72.52999877929688,72.42500305175781,72.51499938964844,60
2026-06-05 06:44:00+00:00,72.55500030517578,72.55500030517578,72.48999786376953,72.52999877929688,28
2026-06-05 06:45:00+00:00,72.53500366210938,72.55000305175781,72.44999694824219,72.55000305175781,65
2026-06-05 06:46:00+00:00,72.63500213623047,72.63500213623047,72.53500366210938,72.55500030517578,48
2026-06-05 06:47:00+00:00,72.68499755859375,72.76000213623047,72.625,72.6500015258789,99
2026-06-05 06:48:00+00:00,72.68499755859375,72.7300033569336,72.68000030517578,72.70999908447266,42
2026-06-05 06:49:00+00:00,72.71499633789062,72.71499633789062,72.68499755859375,72.69999694824219,18
2026-06-05 06:50:00+00:00,72.72000122070312,72.73500061035156,72.67500305175781,72.7249984741211,45
2026-06-05 06:51:00+00:00,72.72000122070312,72.75499725341797,72.72000122070312,72.7249984741211,8
2026-06-05 06:52:00+00:00,72.61000061035156,72.70999908447266,72.61000061035156,72.68499755859375,19
2026-06-05 06:53:00+00:00,72.63500213623047,72.63500213623047,72.58999633789062,72.6050033569336,42
2026-06-05 06:54:00+00:00,72.66000366210938,72.66500091552734,72.6500015258789,72.65499877929688,5
2026-06-05 06:55:00+00:00,72.62999725341797,72.6449966430664,72.62000274658203,72.62999725341797,25
2026-06-05 06:56:00+00:00,72.69999694824219,72.69999694824219,72.66999816894531,72.66999816894531,17
2026-06-05 06:57:00+00:00,72.77999877929688,72.79000091552734,72.69000244140625,72.69000244140625,29
2026-06-05 06:58:00+00:00,72.79499816894531,72.80500030517578,72.76499938964844,72.76499938964844,19
2026-06-05 06:59:00+00:00,72.76000213623047,72.80500030517578,72.7249984741211,72.75,24
2026-06-05 07:00:00+00:00,72.7249984741211,72.7699966430664,72.70500183105469,72.76000213623047,38
2026-06-05 07:01:00+00:00,72.8550033569336,72.86000061035156,72.75,72.75,50
2026-06-05 07:02:00+00:00,72.70500183105469,72.86499786376953,72.68499755859375,72.8550033569336,50
2026-06-05 07:03:00+00:00,72.76499938964844,72.81999969482422,72.70999908447266,72.72000122070312,43
2026-06-05 07:04:00+00:00,72.76499938964844,72.7750015258789,72.67500305175781,72.7699966430664,42
2026-06-05 07:05:00+00:00,72.68000030517578,72.80000305175781,72.68000030517578,72.7249984741211,19
2026-06-05 07:06:00+00:00,72.72000122070312,72.72000122070312,72.67500305175781,72.70999908447266,8
2026-06-05 07:07:00+00:00,72.68499755859375,72.68499755859375,72.61000061035156,72.66000366210938,24
2026-06-05 07:08:00+00:00,72.76000213623047,72.80500030517578,72.67500305175781,72.69999694824219,33
2026-06-05 07:09:00+00:00,72.76000213623047,72.76499938964844,72.7300033569336,72.76499938964844,4
2026-06-05 07:10:00+00:00,72.71499633789062,72.76499938964844,72.70999908447266,72.76499938964844,12
2026-06-05 07:11:00+00:00,72.68499755859375,72.73999786376953,72.66999816894531,72.7249984741211,42
2026-06-05 07:12:00+00:00,72.70999908447266,72.70999908447266,72.69000244140625,72.69499969482422,15
2026-06-05 07:13:00+00:00,72.69999694824219,72.73999786376953,72.65499877929688,72.72000122070312,35
2026-06-05 07:14:00+00:00,72.69499969482422,72.71499633789062,72.69499969482422,72.69499969482422,9
2026-06-05 07:15:00+00:00,72.74500274658203,72.76499938964844,72.69499969482422,72.69499969482422,12
2026-06-05 07:16:00+00:00,72.70999908447266,72.80999755859375,72.70999908447266,72.80000305175781,34
2026-06-05 07:17:00+00:00,72.7249984741211,72.7249984741211,72.69999694824219,72.70999908447266,8
2026-06-05 07:18:00+00:00,72.68499755859375,72.73500061035156,72.68499755859375,72.70999908447266,11
2026-06-05 07:19:00+00:00,72.67500305175781,72.70999908447266,72.63999938964844,72.70999908447266,51
2026-06-05 07:20:00+00:00,72.66999816894531,72.68000030517578,72.63500213623047,72.67500305175781,13
2026-06-05 07:21:00+00:00,72.71499633789062,72.71499633789062,72.625,72.66000366210938,42
2026-06-05 07:22:00+00:00,72.7750015258789,72.79000091552734,72.69999694824219,72.71499633789062,14
2026-06-05 07:23:00+00:00,72.8499984741211,72.8499984741211,72.76000213623047,72.76499938964844,23
2026-06-05 07:24:00+00:00,72.83999633789062,72.91999816894531,72.81999969482422,72.81999969482422,31
2026-06-05 07:25:00+00:00,72.79499816894531,72.83000183105469,72.7750015258789,72.81999969482422,25
2026-06-05 07:26:00+00:00,72.77999877929688,72.80500030517578,72.73999786376953,72.79499816894531,7
2026-06-05 07:27:00+00:00,72.84500122070312,72.875,72.80500030517578,72.80500030517578,39
2026-06-05 07:28:00+00:00,72.8550033569336,72.8550033569336,72.83000183105469,72.84500122070312,5
2026-06-05 07:29:00+00:00,72.86499786376953,72.86499786376953,72.83000183105469,72.83000183105469,6
2026-06-05 07:30:00+00:00,72.87000274658203,72.87999725341797,72.8499984741211,72.8499984741211,27
2026-06-05 07:31:00+00:00,72.83000183105469,72.86499786376953,72.81500244140625,72.83999633789062,18
2026-06-05 07:32:00+00:00,72.86000061035156,72.91000366210938,72.83000183105469,72.83000183105469,10
2026-06-05 07:33:00+00:00,72.8550033569336,72.8550033569336,72.8550033569336,72.8550033569336,1
2026-06-05 07:34:00+00:00,72.88500213623047,72.9000015258789,72.83499908447266,72.83499908447266,11
2026-06-05 07:35:00+00:00,72.83999633789062,72.875,72.83999633789062,72.875,12
2026-06-05 07:36:00+00:00,72.83499908447266,72.84500122070312,72.83499908447266,72.84500122070312,15
2026-06-05 07:37:00+00:00,72.76000213623047,72.77999877929688,72.73500061035156,72.77999877929688,9
2026-06-05 07:38:00+00:00,72.7750015258789,72.7750015258789,72.7750015258789,72.7750015258789,2
2026-06-05 07:39:00+00:00,72.68499755859375,72.78500366210938,72.68499755859375,72.78500366210938,29
2026-06-05 07:40:00+00:00,72.62000274658203,72.69499969482422,72.59500122070312,72.69499969482422,87
2026-06-05 07:41:00+00:00,72.63999938964844,72.66500091552734,72.61000061035156,72.63500213623047,43
2026-06-05 07:42:00+00:00,72.7249984741211,72.75499725341797,72.6500015258789,72.66500091552734,24
2026-06-05 07:43:00+00:00,72.70999908447266,72.73500061035156,72.69999694824219,72.71499633789062,14
2026-06-05 07:44:00+00:00,72.66500091552734,72.66500091552734,72.6449966430664,72.66000366210938,6
2026-06-05 07:45:00+00:00,72.7249984741211,72.75499725341797,72.67500305175781,72.67500305175781,36
2026-06-05 07:46:00+00:00,72.7249984741211,72.76499938964844,72.72000122070312,72.73500061035156,12
2026-06-05 07:47:00+00:00,72.72000122070312,72.72000122070312,72.72000122070312,72.72000122070312,1
2026-06-05 07:48:00+00:00,72.70500183105469,72.72000122070312,72.69499969482422,72.72000122070312,5
2026-06-05 07:49:00+00:00,72.7300033569336,72.73500061035156,72.7300033569336,72.73500061035156,3
2026-06-05 07:50:00+00:00,72.70999908447266,72.70999908447266,72.70999908447266,72.70999908447266,2
2026-06-05 07:51:00+00:00,72.76000213623047,72.7750015258789,72.7249984741211,72.7249984741211,9
2026-06-05 07:52:00+00:00,72.80500030517578,72.80500030517578,72.78500366210938,72.78500366210938,3
2026-06-05 07:53:00+00:00,72.79000091552734,72.8499984741211,72.79000091552734,72.82499694824219,20
2026-06-05 07:54:00+00:00,72.80999755859375,72.80999755859375,72.76499938964844,72.78500366210938,22
2026-06-05 07:55:00+00:00,72.83999633789062,72.83999633789062,72.80000305175781,72.80500030517578,14
2026-06-05 07:56:00+00:00,72.79499816894531,72.81999969482422,72.79499816894531,72.81999969482422,5
2026-06-05 07:57:00+00:00,72.7750015258789,72.78500366210938,72.7699966430664,72.78500366210938,8
2026-06-05 07:58:00+00:00,72.79499816894531,72.79499816894531,72.75,72.7699966430664,12
2026-06-05 07:59:00+00:00,72.7699966430664,72.77999877929688,72.7699966430664,72.77999877929688,3
2026-06-05 08:00:00+00:00,72.69000244140625,72.7750015258789,72.625,72.7750015258789,34
2026-06-05 08:01:00+00:00,72.73500061035156,72.73500061035156,72.6500015258789,72.67500305175781,69
2026-06-05 08:02:00+00:00,72.66000366210938,72.7300033569336,72.63500213623047,72.7300033569336,43
2026-06-05 08:03:00+00:00,72.68000030517578,72.68000030517578,72.66000366210938,72.68000030517578,16
2026-06-05 08:04:00+00:00,72.66999816894531,72.66999816894531,72.62999725341797,72.66500091552734,31
2026-06-05 08:05:00+00:00,72.69000244140625,72.69000244140625,72.66500091552734,72.66500091552734,2
2026-06-05 08:06:00+00:00,72.69499969482422,72.70500183105469,72.67500305175781,72.68000030517578,9
2026-06-05 08:07:00+00:00,72.67500305175781,72.70999908447266,72.63999938964844,72.66999816894531,88
2026-06-05 08:08:00+00:00,72.62999725341797,72.66999816894531,72.58999633789062,72.65499877929688,44
2026-06-05 08:09:00+00:00,72.62000274658203,72.66999816894531,72.61499786376953,72.62999725341797,18
2026-06-05 08:10:00+00:00,72.66999816894531,72.68000030517578,72.6449966430664,72.6449966430664,29
2026-06-05 08:11:00+00:00,72.65499877929688,72.66000366210938,72.65499877929688,72.66000366210938,2
2026-06-05 08:12:00+00:00,72.5999984741211,72.63500213623047,72.5999984741211,72.63500213623047,3
2026-06-05 08:13:00+00:00,72.61499786376953,72.62000274658203,72.58999633789062,72.6050033569336,21
2026-06-05 08:14:00+00:00,72.625,72.63999938964844,72.58999633789062,72.61499786376953,63
2026-06-05 08:15:00+00:00,72.58499908447266,72.625,72.58499908447266,72.625,138
2026-06-05 08:16:00+00:00,72.70999908447266,72.70999908447266,72.5999984741211,72.5999984741211,61
2026-06-05 08:17:00+00:00,72.69999694824219,72.72000122070312,72.66500091552734,72.70500183105469,23
2026-06-05 08:18:00+00:00,72.7750015258789,72.79000091552734,72.75,72.75,10
2026-06-05 08:19:00+00:00,72.75499725341797,72.7750015258789,72.73999786376953,72.74500274658203,5
2026-06-05 08:21:00+00:00,72.79499816894531,72.79499816894531,72.75499725341797,72.75499725341797,14
2026-06-05 08:22:00+00:00,72.83999633789062,72.83999633789062,72.79499816894531,72.79499816894531,14
2026-06-05 08:23:00+00:00,72.79499816894531,72.8550033569336,72.79000091552734,72.84500122070312,5
2026-06-05 08:24:00+00:00,72.81500244140625,72.81999969482422,72.81500244140625,72.81999969482422,3
2026-06-05 08:25:00+00:00,72.86499786376953,72.86499786376953,72.80000305175781,72.83499908447266,4
2026-06-05 08:26:00+00:00,72.81999969482422,72.87000274658203,72.81500244140625,72.87000274658203,11
2026-06-05 08:27:00+00:00,72.76000213623047,72.79499816894531,72.74500274658203,72.79499816894531,11
2026-06-05 08:28:00+00:00,72.7750015258789,72.78500366210938,72.7750015258789,72.78500366210938,13
2026-06-05 08:29:00+00:00,72.92500305175781,72.92500305175781,72.83000183105469,72.83999633789062,16
2026-06-05 08:30:00+00:00,72.84500122070312,72.95999908447266,72.83999633789062,72.91000366210938,50
2026-06-05 08:31:00+00:00,72.86000061035156,72.86000061035156,72.80999755859375,72.81500244140625,36
2026-06-05 08:32:00+00:00,72.8949966430664,72.90499877929688,72.86000061035156,72.90499877929688,10
2026-06-05 08:33:00+00:00,72.81999969482422,72.8499984741211,72.80500030517578,72.8499984741211,56
2026-06-05 08:34:00+00:00,72.84500122070312,72.8499984741211,72.80000305175781,72.81500244140625,46
2026-06-05 08:35:00+00:00,72.80999755859375,72.8550033569336,72.80999755859375,72.83999633789062,29
2026-06-05 08:36:00+00:00,72.81999969482422,72.83999633789062,72.7750015258789,72.82499694824219,59
2026-06-05 08:37:00+00:00,72.74500274658203,72.81999969482422,72.74500274658203,72.81500244140625,9
2026-06-05 08:38:00+00:00,72.7300033569336,72.73999786376953,72.72000122070312,72.73999786376953,6
2026-06-05 08:39:00+00:00,72.73999786376953,72.75499725341797,72.7249984741211,72.75,6
2026-06-05 08:40:00+00:00,72.73999786376953,72.73999786376953,72.73999786376953,72.73999786376953,1
2026-06-05 08:41:00+00:00,72.76000213623047,72.76499938964844,72.76000213623047,72.76499938964844,3
2026-06-05 08:42:00+00:00,72.73500061035156,72.75499725341797,72.73500061035156,72.73500061035156,3
2026-06-05 08:43:00+00:00,72.7249984741211,72.73999786376953,72.7249984741211,72.73999786376953,11
2026-06-05 08:44:00+00:00,72.73999786376953,72.75,72.73999786376953,72.74500274658203,7
2026-06-05 08:45:00+00:00,72.7699966430664,72.7750015258789,72.70999908447266,72.70999908447266,11
2026-06-05 08:46:00+00:00,72.79000091552734,72.79000091552734,72.73999786376953,72.76499938964844,20
2026-06-05 08:47:00+00:00,72.76000213623047,72.7750015258789,72.76000213623047,72.76499938964844,3
2026-06-05 08:48:00+00:00,72.76000213623047,72.7699966430664,72.74500274658203,72.74500274658203,6
2026-06-05 08:49:00+00:00,72.76000213623047,72.77999877929688,72.74500274658203,72.77999877929688,8
2026-06-05 08:50:00+00:00,72.74500274658203,72.75,72.73999786376953,72.75,8
2026-06-05 08:51:00+00:00,72.75,72.75,72.74500274658203,72.74500274658203,2
2026-06-05 08:52:00+00:00,72.75499725341797,72.7699966430664,72.73999786376953,72.7699966430664,26
2026-06-05 08:53:00+00:00,72.76499938964844,72.76499938964844,72.75499725341797,72.76000213623047,4
2026-06-05 08:54:00+00:00,72.75,72.75,72.74500274658203,72.74500274658203,3
2026-06-05 08:55:00+00:00,72.7300033569336,72.7300033569336,72.7300033569336,72.7300033569336,2
2026-06-05 08:56:00+00:00,72.73999786376953,72.73999786376953,72.7300033569336,72.73500061035156,3
2026-06-05 08:57:00+00:00,72.7699966430664,72.7699966430664,72.69999694824219,72.71499633789062,21
2026-06-05 08:58:00+00:00,72.76000213623047,72.7750015258789,72.76000213623047,72.7699966430664,9
2026-06-05 09:00:00+00:00,72.68499755859375,72.7300033569336,72.67500305175781,72.7300033569336,10
2026-06-05 09:01:00+00:00,72.76000213623047,72.76000213623047,72.69499969482422,72.71499633789062,21
2026-06-05 09:02:00+00:00,72.77999877929688,72.78500366210938,72.76000213623047,72.78500366210938,7
2026-06-05 09:03:00+00:00,72.74500274658203,72.79499816894531,72.73500061035156,72.79000091552734,45
2026-06-05 09:04:00+00:00,72.72000122070312,72.7699966430664,72.72000122070312,72.75499725341797,20
2026-06-05 09:05:00+00:00,72.75,72.75,72.7249984741211,72.7249984741211,3
2026-06-05 09:06:00+00:00,72.80000305175781,72.80999755859375,72.7750015258789,72.7750015258789,15
2026-06-05 09:07:00+00:00,72.77999877929688,72.81999969482422,72.77999877929688,72.79499816894531,20
2026-06-05 09:08:00+00:00,72.73500061035156,72.74500274658203,72.7249984741211,72.74500274658203,13
2026-06-05 09:11:00+00:00,72.73500061035156,72.74500274658203,72.7249984741211,72.73500061035156,8
2026-06-05 09:12:00+00:00,72.77999877929688,72.77999877929688,72.75,72.75,18
2026-06-05 09:13:00+00:00,73.0999984741211,73.0999984741211,72.7249984741211,72.75,190
2026-06-05 09:14:00+00:00,72.91999816894531,73.11000061035156,72.87999725341797,73.07499694824219,171
2026-06-05 09:15:00+00:00,72.88500213623047,72.97000122070312,72.88500213623047,72.92500305175781,61
2026-06-05 09:16:00+00:00,72.93000030517578,72.93000030517578,72.87000274658203,72.9000015258789,26
2026-06-05 09:17:00+00:00,72.91000366210938,72.98500061035156,72.9000015258789,72.96499633789062,25
2026-06-05 09:18:00+00:00,73.01499938964844,73.0199966430664,72.91000366210938,72.91000366210938,52
2026-06-05 09:19:00+00:00,73.04499816894531,73.05500030517578,73.0,73.0,22
2026-06-05 09:20:00+00:00,73.0199966430664,73.0250015258789,72.95999908447266,72.9800033569336,24
2026-06-05 09:21:00+00:00,73.0199966430664,73.06500244140625,72.99500274658203,73.01000213623047,18
2026-06-05 09:22:00+00:00,73.02999877929688,73.02999877929688,72.9800033569336,73.02999877929688,14
2026-06-05 09:23:00+00:00,73.02999877929688,73.04499816894531,73.0199966430664,73.02999877929688,16
2026-06-05 09:24:00+00:00,72.8949966430664,73.01000213623047,72.8949966430664,73.01000213623047,85
2026-06-05 09:25:00+00:00,72.96499633789062,72.98999786376953,72.8949966430664,72.90499877929688,55
2026-06-05 09:26:00+00:00,72.93499755859375,72.95999908447266,72.91999816894531,72.95500183105469,12
2026-06-05 09:27:00+00:00,72.91999816894531,72.94000244140625,72.91999816894531,72.94000244140625,4
2026-06-05 09:28:00+00:00,72.86499786376953,72.92500305175781,72.8550033569336,72.92500305175781,33
2026-06-05 09:29:00+00:00,72.84500122070312,72.9000015258789,72.84500122070312,72.9000015258789,162
2026-06-05 09:30:00+00:00,72.78500366210938,72.8499984741211,72.76499938964844,72.8499984741211,17
2026-06-05 09:31:00+00:00,72.7699966430664,72.77999877929688,72.76499938964844,72.77999877929688,3
2026-06-05 09:32:00+00:00,72.83499908447266,72.83499908447266,72.77999877929688,72.79000091552734,6
2026-06-05 09:33:00+00:00,72.8499984741211,72.91999816894531,72.80000305175781,72.83499908447266,23
2026-06-05 09:34:00+00:00,72.87000274658203,73.00499725341797,72.87000274658203,72.90499877929688,44
2026-06-05 09:35:00+00:00,72.86499786376953,72.87999725341797,72.86499786376953,72.87999725341797,7
2026-06-05 09:36:00+00:00,72.86000061035156,72.86000061035156,72.84500122070312,72.84500122070312,2
2026-06-05 09:37:00+00:00,72.84500122070312,72.8550033569336,72.84500122070312,72.8550033569336,2
2026-06-05 09:38:00+00:00,72.86499786376953,72.875,72.84500122070312,72.86000061035156,103
2026-06-05 09:39:00+00:00,72.88500213623047,72.88500213623047,72.88500213623047,72.88500213623047,2
2026-06-05 09:40:00+00:00,72.87000274658203,72.87000274658203,72.87000274658203,72.87000274658203,1
2026-06-05 09:41:00+00:00,72.90499877929688,72.90499877929688,72.88500213623047,72.88500213623047,3
2026-06-05 09:42:00+00:00,72.8949966430664,72.8949966430664,72.87999725341797,72.87999725341797,2
2026-06-05 09:43:00+00:00,72.91500091552734,72.91500091552734,72.91500091552734,72.91500091552734,1
2026-06-05 09:44:00+00:00,72.9000015258789,72.91999816894531,72.9000015258789,72.91500091552734,5
2026-06-05 09:45:00+00:00,72.93499755859375,72.93499755859375,72.92500305175781,72.92500305175781,4
2026-06-05 09:46:00+00:00,73.0,73.0,72.95999908447266,72.95999908447266,2
2026-06-05 09:47:00+00:00,72.9749984741211,73.01499938964844,72.95999908447266,73.0,12
2026-06-05 09:48:00+00:00,72.94499969482422,72.9749984741211,72.94499969482422,72.9749984741211,2
2026-06-05 09:49:00+00:00,72.91000366210938,72.93499755859375,72.91000366210938,72.93499755859375,6
2026-06-05 09:50:00+00:00,72.88999938964844,72.9000015258789,72.87999725341797,72.8949966430664,6
2026-06-05 09:51:00+00:00,72.875,72.88999938964844,72.875,72.88999938964844,8
2026-06-05 09:54:00+00:00,72.91999816894531,72.91999816894531,72.91999816894531,72.91999816894531,1
2026-06-05 09:55:00+00:00,72.88500213623047,72.92500305175781,72.88500213623047,72.91000366210938,9
2026-06-05 09:56:00+00:00,72.86000061035156,72.86000061035156,72.86000061035156,72.86000061035156,1
2026-06-05 09:57:00+00:00,72.8949966430664,72.9000015258789,72.8949966430664,72.8949966430664,3
2026-06-05 09:58:00+00:00,72.90499877929688,72.90499877929688,72.90499877929688,72.90499877929688,1
2026-06-05 09:59:00+00:00,72.94499969482422,72.94499969482422,72.94499969482422,72.94499969482422,1
2026-06-05 10:00:00+00:00,72.93000030517578,72.94999694824219,72.92500305175781,72.93000030517578,4
2026-06-05 10:01:00+00:00,72.94000244140625,72.94000244140625,72.94000244140625,72.94000244140625,1
2026-06-05 10:03:00+00:00,72.90499877929688,72.94000244140625,72.90499877929688,72.94000244140625,7
2026-06-05 10:04:00+00:00,72.91500091552734,72.93000030517578,72.91000366210938,72.91500091552734,6
2026-06-05 10:05:00+00:00,72.9000015258789,72.90499877929688,72.9000015258789,72.90499877929688,2
2026-06-05 10:06:00+00:00,72.87000274658203,72.88500213623047,72.87000274658203,72.88500213623047,6
2026-06-05 10:07:00+00:00,72.87000274658203,72.87999725341797,72.86499786376953,72.86499786376953,3
2026-06-05 10:08:00+00:00,72.86499786376953,72.88500213623047,72.86499786376953,72.87000274658203,7
2026-06-05 10:09:00+00:00,72.86499786376953,72.8949966430664,72.83999633789062,72.87000274658203,71
2026-06-05 10:10:00+00:00,72.91500091552734,72.93000030517578,72.87999725341797,72.87999725341797,7
2026-06-05 10:11:00+00:00,72.91999816894531,72.93499755859375,72.91999816894531,72.93499755859375,4
2026-06-05 10:12:00+00:00,72.88999938964844,72.88999938964844,72.88999938964844,72.88999938964844,3
2026-06-05 10:13:00+00:00,72.9000015258789,72.9000015258789,72.88999938964844,72.88999938964844,2
2026-06-05 10:14:00+00:00,72.9000015258789,72.91000366210938,72.9000015258789,72.9000015258789,6
2026-06-05 10:15:00+00:00,72.90499877929688,72.90499877929688,72.90499877929688,72.90499877929688,1
2026-06-05 10:16:00+00:00,72.94000244140625,72.94000244140625,72.90499877929688,72.90499877929688,3
2026-06-05 10:17:00+00:00,72.90499877929688,72.93499755859375,72.9000015258789,72.91500091552734,43
2026-06-05 10:18:00+00:00,72.92500305175781,72.92500305175781,72.91000366210938,72.91000366210938,19
2026-06-05 10:19:00+00:00,72.9000015258789,72.91999816894531,72.88999938964844,72.91500091552734,16
2026-06-05 10:20:00+00:00,72.91999816894531,72.91999816894531,72.91999816894531,72.91999816894531,1
2026-06-05 10:21:00+00:00,72.93000030517578,72.94000244140625,72.92500305175781,72.92500305175781,6
2026-06-05 10:22:00+00:00,72.91500091552734,72.91500091552734,72.91500091552734,72.91500091552734,1
2026-06-05 10:23:00+00:00,72.99500274658203,72.99500274658203,72.91500091552734,72.94000244140625,132
2026-06-05 10:24:00+00:00,72.98999786376953,73.0,72.9749984741211,72.98500061035156,5
2026-06-05 10:25:00+00:00,72.98999786376953,72.98999786376953,72.9800033569336,72.98500061035156,9
2026-06-05 10:26:00+00:00,72.9800033569336,72.9800033569336,72.9749984741211,72.9800033569336,4
2026-06-05 10:27:00+00:00,72.95999908447266,72.95999908447266,72.95999908447266,72.95999908447266,1
2026-06-05 10:28:00+00:00,72.95999908447266,72.98999786376953,72.94999694824219,72.95999908447266,36
2026-06-05 10:29:00+00:00,72.97000122070312,72.9800033569336,72.95500183105469,72.96499633789062,65
2026-06-05 10:30:00+00:00,72.96499633789062,72.98500061035156,72.96499633789062,72.9749984741211,6
2026-06-05 10:31:00+00:00,72.95999908447266,72.9800033569336,72.95999908447266,72.9800033569336,6
2026-06-05 10:32:00+00:00,72.94000244140625,72.94000244140625,72.94000244140625,72.94000244140625,1
2026-06-05 10:33:00+00:00,72.98500061035156,72.98500061035156,72.95999908447266,72.95999908447266,41
2026-06-05 10:34:00+00:00,72.91999816894531,72.93499755859375,72.88500213623047,72.91000366210938,9
2026-06-05 10:35:00+00:00,72.94499969482422,72.94499969482422,72.93499755859375,72.94000244140625,3
2026-06-05 10:36:00+00:00,72.94499969482422,72.95500183105469,72.92500305175781,72.92500305175781,8
2026-06-05 10:37:00+00:00,72.93499755859375,72.93499755859375,72.93499755859375,72.93499755859375,1
2026-06-05 10:38:00+00:00,72.91500091552734,72.92500305175781,72.91500091552734,72.92500305175781,3
2026-06-05 10:40:00+00:00,72.92500305175781,72.93499755859375,72.92500305175781,72.93499755859375,22
2026-06-05 10:41:00+00:00,72.88999938964844,72.95500183105469,72.84500122070312,72.94499969482422,26
2026-06-05 10:42:00+00:00,72.90499877929688,72.90499877929688,72.88500213623047,72.88500213623047,4
2026-06-05 10:43:00+00:00,72.93499755859375,72.93499755859375,72.91000366210938,72.91000366210938,20
2026-06-05 10:44:00+00:00,72.98999786376953,72.98999786376953,72.95500183105469,72.95500183105469,12
2026-06-05 10:45:00+00:00,73.05999755859375,73.05999755859375,72.98999786376953,72.99500274658203,44
2026-06-05 10:46:00+00:00,73.03500366210938,73.08000183105469,73.03500366210938,73.05999755859375,15
2026-06-05 10:47:00+00:00,73.01000213623047,73.07499694824219,73.01000213623047,73.05999755859375,25
2026-06-05 10:48:00+00:00,73.00499725341797,73.00499725341797,72.99500274658203,72.99500274658203,8
2026-06-05 10:50:00+00:00,73.07499694824219,73.07499694824219,73.0250015258789,73.0250015258789,5
2026-06-05 10:51:00+00:00,73.03500366210938,73.05500030517578,73.03500366210938,73.05500030517578,2
2026-06-05 10:52:00+00:00,73.03500366210938,73.03500366210938,73.03500366210938,73.03500366210938,1
2026-06-05 10:53:00+00:00,73.01499938964844,73.02999877929688,73.01499938964844,73.02999877929688,14
2026-06-05 10:54:00+00:00,73.04499816894531,73.04499816894531,73.0250015258789,73.02999877929688,16
2026-06-05 10:55:00+00:00,73.05500030517578,73.05999755859375,73.04499816894531,73.05000305175781,5
2026-06-05 10:56:00+00:00,73.07499694824219,73.08999633789062,73.04499816894531,73.04499816894531,25
2026-06-05 10:57:00+00:00,73.0250015258789,73.07499694824219,73.0250015258789,73.07499694824219,27
2026-06-05 10:59:00+00:00,73.03500366210938,73.03500366210938,73.0,73.01499938964844,8
2026-06-05 11:00:00+00:00,72.95999908447266,73.05999755859375,72.93499755859375,73.02999877929688,92
2026-06-05 11:01:00+00:00,72.91999816894531,72.97000122070312,72.9000015258789,72.95999908447266,151
2026-06-05 11:02:00+00:00,72.79499816894531,72.95500183105469,72.79000091552734,72.92500305175781,309
2026-06-05 11:03:00+00:00,72.83499908447266,72.875,72.80000305175781,72.80000305175781,78
2026-06-05 11:04:00+00:00,72.8550033569336,72.8550033569336,72.8499984741211,72.8499984741211,7
2026-06-05 11:05:00+00:00,72.87000274658203,72.87000274658203,72.8499984741211,72.86000061035156,13
2026-06-05 11:06:00+00:00,72.80000305175781,72.8550033569336,72.80000305175781,72.8550033569336,33
2026-06-05 11:07:00+00:00,72.81999969482422,72.83499908447266,72.79499816894531,72.80999755859375,55
2026-06-05 11:08:00+00:00,72.86000061035156,72.86000061035156,72.82499694824219,72.83000183105469,86
2026-06-05 11:09:00+00:00,72.87000274658203,72.9000015258789,72.87000274658203,72.88999938964844,9
2026-06-05 11:10:00+00:00,72.8949966430664,72.91999816894531,72.88500213623047,72.9000015258789,12
2026-06-05 11:11:00+00:00,72.9000015258789,72.9000015258789,72.87000274658203,72.87999725341797,9
2026-06-05 11:12:00+00:00,72.9000015258789,72.9000015258789,72.875,72.88999938964844,4
2026-06-05 11:13:00+00:00,72.80999755859375,72.87999725341797,72.79499816894531,72.87999725341797,17
2026-06-05 11:14:00+00:00,72.76000213623047,72.80000305175781,72.75,72.80000305175781,19
2026-06-05 11:15:00+00:00,72.7750015258789,72.83499908447266,72.74500274658203,72.7699966430664,156
2026-06-05 11:16:00+00:00,72.7750015258789,72.79499816894531,72.7699966430664,72.77999877929688,70
2026-06-05 11:17:00+00:00,72.80000305175781,72.80000305175781,72.76499938964844,72.7750015258789,71
2026-06-05 11:18:00+00:00,72.7699966430664,72.79000091552734,72.7699966430664,72.7750015258789,11
2026-06-05 11:19:00+00:00,72.76499938964844,72.81500244140625,72.69999694824219,72.79000091552734,77
2026-06-05 11:20:00+00:00,72.7750015258789,72.78500366210938,72.75499725341797,72.75499725341797,7
2026-06-05 11:21:00+00:00,72.81500244140625,72.81500244140625,72.7750015258789,72.7750015258789,115
2026-06-05 11:22:00+00:00,72.81500244140625,72.8550033569336,72.80999755859375,72.81500244140625,43
2026-06-05 11:23:00+00:00,72.8499984741211,72.86000061035156,72.81500244140625,72.81500244140625,29
2026-06-05 11:24:00+00:00,72.80999755859375,72.83999633789062,72.62000274658203,72.83999633789062,303
2026-06-05 11:25:00+00:00,72.78500366210938,72.81500244140625,72.7750015258789,72.79000091552734,63
2026-06-05 11:26:00+00:00,72.83999633789062,72.83999633789062,72.78500366210938,72.80000305175781,204
2026-06-05 11:27:00+00:00,72.87999725341797,72.87999725341797,72.81999969482422,72.83999633789062,37
2026-06-05 11:28:00+00:00,72.87999725341797,72.9000015258789,72.86499786376953,72.86499786376953,15
2026-06-05 11:29:00+00:00,72.95999908447266,72.9800033569336,72.88999938964844,72.88999938964844,48
2026-06-05 11:30:00+00:00,72.9800033569336,73.0,72.94000244140625,72.95999908447266,40
2026-06-05 11:31:00+00:00,73.01000213623047,73.04000091552734,72.98500061035156,72.98500061035156,51
2026-06-05 11:32:00+00:00,73.00499725341797,73.0199966430664,72.99500274658203,73.0,19
2026-06-05 11:33:00+00:00,72.94499969482422,73.01499938964844,72.94499969482422,72.9800033569336,26
2026-06-05 11:34:00+00:00,72.91500091552734,72.94499969482422,72.9000015258789,72.93499755859375,56
2026-06-05 11:35:00+00:00,72.88999938964844,72.94000244140625,72.88999938964844,72.91999816894531,118
2026-06-05 11:36:00+00:00,72.87999725341797,72.87999725341797,72.86499786376953,72.86499786376953,7
2026-06-05 11:37:00+00:00,72.9000015258789,72.91000366210938,72.8550033569336,72.8550033569336,17
2026-06-05 11:38:00+00:00,72.97000122070312,72.97000122070312,72.90499877929688,72.90499877929688,15
2026-06-05 11:39:00+00:00,72.82499694824219,72.93499755859375,72.80999755859375,72.93000030517578,30
2026-06-05 11:40:00+00:00,72.83999633789062,72.8499984741211,72.82499694824219,72.84500122070312,16
2026-06-05 11:41:00+00:00,72.8499984741211,72.8499984741211,72.83000183105469,72.83000183105469,5
2026-06-05 11:42:00+00:00,72.8949966430664,72.90499877929688,72.875,72.875,8
2026-06-05 11:44:00+00:00,72.84500122070312,72.87999725341797,72.84500122070312,72.87999725341797,5
2026-06-05 11:45:00+00:00,72.80500030517578,72.83999633789062,72.80500030517578,72.83999633789062,7
2026-06-05 11:46:00+00:00,72.82499694824219,72.82499694824219,72.79499816894531,72.80500030517578,4
2026-06-05 11:47:00+00:00,72.86000061035156,72.875,72.82499694824219,72.82499694824219,22
2026-06-05 11:48:00+00:00,72.88999938964844,72.88999938964844,72.86000061035156,72.86000061035156,39
2026-06-05 11:49:00+00:00,72.93000030517578,72.93000030517578,72.91000366210938,72.91000366210938,4
2026-06-05 11:50:00+00:00,72.97000122070312,72.97000122070312,72.91999816894531,72.94499969482422,17
2026-06-05 11:51:00+00:00,73.16999816894531,73.19999694824219,72.95999908447266,72.95999908447266,174
2026-06-05 11:52:00+00:00,73.08000183105469,73.18499755859375,73.04000091552734,73.18499755859375,136
2026-06-05 11:53:00+00:00,73.125,73.1500015258789,73.08999633789062,73.08999633789062,54
2026-06-05 11:54:00+00:00,73.18000030517578,73.2249984741211,73.13999938964844,73.13999938964844,38
2026-06-05 11:55:00+00:00,73.16500091552734,73.19000244140625,73.16500091552734,73.18499755859375,13
2026-06-05 11:56:00+00:00,73.08999633789062,73.16999816894531,73.07499694824219,73.16999816894531,133
2026-06-05 11:57:00+00:00,73.05000305175781,73.08499908447266,73.04000091552734,73.08499908447266,76
2026-06-05 11:58:00+00:00,73.15499877929688,73.15499877929688,73.05000305175781,73.11000061035156,180
2026-06-05 11:59:00+00:00,73.16999816894531,73.16999816894531,73.125,73.13500213623047,18
2026-06-05 12:00:00+00:00,73.23999786376953,73.26499938964844,73.16999816894531,73.16999816894531,68
2026-06-05 12:01:00+00:00,73.1050033569336,73.29499816894531,73.1050033569336,73.2249984741211,162
2026-06-05 12:02:00+00:00,73.05999755859375,73.09500122070312,73.0250015258789,73.09500122070312,75
2026-06-05 12:03:00+00:00,73.06500244140625,73.08999633789062,73.04499816894531,73.05999755859375,18
2026-06-05 12:04:00+00:00,73.05000305175781,73.06500244140625,73.02999877929688,73.04499816894531,9
2026-06-05 12:05:00+00:00,73.12000274658203,73.12000274658203,73.05000305175781,73.05000305175781,6
2026-06-05 12:06:00+00:00,73.13999938964844,73.1500015258789,73.12000274658203,73.13999938964844,27
2026-06-05 12:07:00+00:00,73.22000122070312,73.2249984741211,73.1500015258789,73.16000366210938,13
2026-06-05 12:08:00+00:00,73.23999786376953,73.26000213623047,73.20999908447266,73.25499725341797,21
2026-06-05 12:09:00+00:00,73.29499816894531,73.3499984741211,73.25,73.25499725341797,97
2026-06-05 12:10:00+00:00,73.33499908447266,73.33499908447266,73.28500366210938,73.31999969482422,66
2026-06-05 12:11:00+00:00,73.37999725341797,73.41999816894531,73.32499694824219,73.36000061035156,108
2026-06-05 12:12:00+00:00,73.30999755859375,73.38999938964844,73.30500030517578,73.38999938964844,20
2026-06-05 12:13:00+00:00,73.33499908447266,73.34500122070312,73.30000305175781,73.30000305175781,8
2026-06-05 12:14:00+00:00,73.30500030517578,73.31999969482422,73.2750015258789,73.30500030517578,34
2026-06-05 12:15:00+00:00,73.37000274658203,73.37000274658203,73.31500244140625,73.31999969482422,11
2026-06-05 12:16:00+00:00,73.41999816894531,73.43499755859375,73.36499786376953,73.37999725341797,23
2026-06-05 12:17:00+00:00,73.44499969482422,73.45500183105469,73.40499877929688,73.41500091552734,39
2026-06-05 12:18:00+00:00,73.49500274658203,73.52999877929688,73.44499969482422,73.44499969482422,76
2026-06-05 12:19:00+00:00,73.56999969482422,73.56999969482422,73.5,73.5,23
2026-06-05 12:20:00+00:00,73.54000091552734,73.6500015258789,73.5250015258789,73.55000305175781,78
2026-06-05 12:21:00+00:00,73.61499786376953,73.63500213623047,73.55000305175781,73.55000305175781,69
2026-06-05 12:22:00+00:00,73.69999694824219,73.69999694824219,73.5999984741211,73.5999984741211,88
2026-06-05 12:23:00+00:00,73.63999938964844,73.69499969482422,73.63999938964844,73.66500091552734,26
2026-06-05 12:24:00+00:00,73.63500213623047,73.63999938964844,73.6050033569336,73.63500213623047,31
2026-06-05 12:25:00+00:00,73.5199966430664,73.63999938964844,73.49500274658203,73.63500213623047,74
2026-06-05 12:26:00+00:00,73.48999786376953,73.53500366210938,73.48500061035156,73.53500366210938,63
2026-06-05 12:27:00+00:00,73.43000030517578,73.49500274658203,73.43000030517578,73.4800033569336,58
2026-06-05 12:28:00+00:00,73.5199966430664,73.54000091552734,73.42500305175781,73.43000030517578,54
2026-06-05 12:29:00+00:00,73.54000091552734,73.54000091552734,73.47000122070312,73.50499725341797,29
2026-06-05 12:30:00+00:00,73.09500122070312,73.54000091552734,72.98999786376953,73.54000091552734,315
2026-06-05 12:31:00+00:00,73.05000305175781,73.125,72.98500061035156,73.11000061035156,101
2026-06-05 12:32:00+00:00,72.97000122070312,73.07499694824219,72.96499633789062,73.04499816894531,157
2026-06-05 12:33:00+00:00,73.05999755859375,73.06999969482422,72.96499633789062,72.9749984741211,98
2026-06-05 12:34:00+00:00,72.9800033569336,73.09500122070312,72.94999694824219,73.05000305175781,150
2026-06-05 12:35:00+00:00,72.83999633789062,73.0,72.82499694824219,72.97000122070312,199
2026-06-05 12:36:00+00:00,72.6449966430664,72.87000274658203,72.61000061035156,72.82499694824219,270
2026-06-05 12:37:00+00:00,72.69499969482422,72.75,72.6500015258789,72.66999816894531,121
2026-06-05 12:38:00+00:00,72.70500183105469,72.77999877929688,72.66999816894531,72.70500183105469,92
2026-06-05 12:39:00+00:00,72.73999786376953,72.83999633789062,72.68499755859375,72.73500061035156,83
2026-06-05 12:40:00+00:00,72.77999877929688,72.80500030517578,72.66999816894531,72.75,78
2026-06-05 12:41:00+00:00,72.73999786376953,72.82499694824219,72.67500305175781,72.7750015258789,67
2026-06-05 12:42:00+00:00,72.66999816894531,72.76000213623047,72.63999938964844,72.73999786376953,52
2026-06-05 12:43:00+00:00,72.7699966430664,72.7699966430664,72.6449966430664,72.66999816894531,49
2026-06-05 12:44:00+00:00,72.83000183105469,72.83000183105469,72.76000213623047,72.76499938964844,68
2026-06-05 12:45:00+00:00,72.81999969482422,72.8550033569336,72.75499725341797,72.82499694824219,69
2026-06-05 12:46:00+00:00,72.80999755859375,72.875,72.79499816894531,72.82499694824219,59
2026-06-05 12:47:00+00:00,72.77999877929688,72.83999633789062,72.7750015258789,72.80000305175781,27
2026-06-05 12:48:00+00:00,72.7699966430664,72.82499694824219,72.75499725341797,72.76000213623047,116
2026-06-05 12:49:00+00:00,72.61499786376953,72.77999877929688,72.61499786376953,72.76499938964844,79
2026-06-05 12:50:00+00:00,72.43499755859375,72.63999938964844,72.3499984741211,72.62000274658203,354
2026-06-05 12:51:00+00:00,72.23500061035156,72.42500305175781,72.19499969482422,72.42500305175781,167
2026-06-05 12:52:00+00:00,72.23999786376953,72.38500213623047,72.16500091552734,72.24500274658203,174
2026-06-05 12:53:00+00:00,72.25,72.27999877929688,72.19499969482422,72.21499633789062,137
2026-06-05 12:54:00+00:00,72.13500213623047,72.2249984741211,72.0999984741211,72.19000244140625,109
2026-06-05 12:55:00+00:00,72.11499786376953,72.23999786376953,72.01499938964844,72.13999938964844,163
2026-06-05 12:56:00+00:00,72.06999969482422,72.12999725341797,72.02999877929688,72.11000061035156,94
2026-06-05 12:57:00+00:00,72.02999877929688,72.0999984741211,71.96499633789062,72.08000183105469,125
2026-06-05 12:58:00+00:00,72.04000091552734,72.12999725341797,71.93000030517578,72.0250015258789,133
2026-06-05 12:59:00+00:00,71.6449966430664,72.01000213623047,71.51499938964844,72.01000213623047,694
2026-06-05 13:00:00+00:00,71.19999694824219,71.6500015258789,70.97000122070312,71.6500015258789,1482
2026-06-05 13:01:00+00:00,71.59500122070312,71.61000061035156,71.19499969482422,71.19999694824219,509
2026-06-05 13:02:00+00:00,71.51000213623047,71.66500091552734,71.4800033569336,71.61499786376953,343
2026-06-05 13:03:00+00:00,71.31500244140625,71.5,71.29000091552734,71.5,190
2026-06-05 13:04:00+00:00,71.1449966430664,71.375,70.9000015258789,71.3499984741211,740
2026-06-05 13:05:00+00:00,71.23500061035156,71.27999877929688,71.1449966430664,71.1500015258789,273
2026-06-05 13:06:00+00:00,71.13500213623047,71.22000122070312,71.0,71.22000122070312,218
2026-06-05 13:07:00+00:00,71.41500091552734,71.43000030517578,71.09500122070312,71.09500122070312,176
2026-06-05 13:08:00+00:00,71.37999725341797,71.44999694824219,71.3499984741211,71.4000015258789,103
2026-06-05 13:09:00+00:00,71.3499984741211,71.49500274658203,71.31500244140625,71.38999938964844,178
2026-06-05 13:10:00+00:00,71.43000030517578,71.44000244140625,71.30999755859375,71.32499694824219,119
2026-06-05 13:11:00+00:00,71.4800033569336,71.48500061035156,71.38999938964844,71.3949966430664,125
2026-06-05 13:12:00+00:00,71.51000213623047,71.62000274658203,71.47000122070312,71.47000122070312,177
2026-06-05 13:13:00+00:00,71.41999816894531,71.55000305175781,71.38500213623047,71.50499725341797,179
2026-06-05 13:14:00+00:00,71.44000244140625,71.5250015258789,71.41000366210938,71.41000366210938,52
2026-06-05 13:15:00+00:00,71.375,71.46499633789062,71.36499786376953,71.41000366210938,58
2026-06-05 13:16:00+00:00,71.3499984741211,71.50499725341797,71.29499816894531,71.375,107
2026-06-05 13:17:00+00:00,71.375,71.44499969482422,71.27999877929688,71.33999633789062,37
2026-06-05 13:18:00+00:00,71.41500091552734,71.44000244140625,71.32499694824219,71.36000061035156,37
2026-06-05 13:19:00+00:00,71.31999969482422,71.41500091552734,71.31500244140625,71.41500091552734,40
2026-06-05 13:20:00+00:00,71.20500183105469,71.33999633789062,71.17500305175781,71.31500244140625,151
2026-06-05 13:21:00+00:00,71.4000015258789,71.46499633789062,71.30000305175781,71.30000305175781,103
2026-06-05 13:22:00+00:00,71.28500366210938,71.46499633789062,71.28500366210938,71.41999816894531,72
2026-06-05 13:23:00+00:00,71.27999877929688,71.29499816894531,71.15499877929688,71.27999877929688,82
2026-06-05 13:24:00+00:00,71.16999816894531,71.27999877929688,71.13500213623047,71.27999877929688,90
2026-06-05 13:25:00+00:00,71.19999694824219,71.2300033569336,71.16999816894531,71.18499755859375,61
2026-06-05 13:26:00+00:00,71.1500015258789,71.25499725341797,71.1500015258789,71.16999816894531,37
2026-06-05 13:27:00+00:00,71.16000366210938,71.19999694824219,71.13999938964844,71.16000366210938,56
2026-06-05 13:28:00+00:00,71.1449966430664,71.27999877929688,71.1449966430664,71.19999694824219,54
2026-06-05 13:29:00+00:00,71.01000213623047,71.15499877929688,70.94000244140625,71.125,344
2026-06-05 13:30:00+00:00,70.77999877929688,71.11499786376953,70.77999877929688,71.0,423
2026-06-05 13:31:00+00:00,71.0250015258789,71.04000091552734,70.81999969482422,70.81999969482422,147
2026-06-05 13:32:00+00:00,71.16000366210938,71.18000030517578,71.0199966430664,71.0250015258789,122
2026-06-05 13:33:00+00:00,71.16000366210938,71.18000030517578,71.01000213623047,71.16999816894531,149
2026-06-05 13:34:00+00:00,71.125,71.19000244140625,71.11000061035156,71.18499755859375,90
2026-06-05 13:35:00+00:00,71.0999984741211,71.125,70.93499755859375,71.11000061035156,118
2026-06-05 13:36:00+00:00,70.91000366210938,71.04499816894531,70.86499786376953,71.04499816894531,140
2026-06-05 13:37:00+00:00,70.67500305175781,70.87999725341797,70.66000366210938,70.875,247
2026-06-05 13:38:00+00:00,70.6050033569336,70.68499755859375,70.54499816894531,70.67500305175781,258
2026-06-05 13:39:00+00:00,70.6500015258789,70.6500015258789,70.54499816894531,70.59500122070312,129
2026-06-05 13:40:00+00:00,70.80500030517578,70.87000274658203,70.61499786376953,70.66500091552734,198
2026-06-05 13:41:00+00:00,70.53500366210938,70.80500030517578,70.5199966430664,70.79000091552734,110
2026-06-05 13:42:00+00:00,70.53500366210938,70.59500122070312,70.45500183105469,70.54000091552734,196
2026-06-05 13:43:00+00:00,70.625,70.66000366210938,70.48999786376953,70.54000091552734,318
2026-06-05 13:44:00+00:00,70.62000274658203,70.71499633789062,70.57499694824219,70.625,208
2026-06-05 13:45:00+00:00,70.58999633789062,70.68499755859375,70.53500366210938,70.625,99
2026-06-05 13:46:00+00:00,70.69000244140625,70.70999908447266,70.58499908447266,70.58499908447266,397
2026-06-05 13:47:00+00:00,70.57499694824219,70.72000122070312,70.55999755859375,70.66999816894531,86
2026-06-05 13:48:00+00:00,70.63999938964844,70.66999816894531,70.58999633789062,70.59500122070312,62
2026-06-05 13:49:00+00:00,70.48500061035156,70.69000244140625,70.4749984741211,70.63500213623047,400
2026-06-05 13:50:00+00:00,70.56999969482422,70.6050033569336,70.41500091552734,70.4800033569336,349
2026-06-05 13:51:00+00:00,70.66000366210938,70.67500305175781,70.5,70.56999969482422,188
2026-06-05 13:52:00+00:00,70.63999938964844,70.73500061035156,70.44000244140625,70.68000030517578,434
2026-06-05 13:53:00+00:00,70.58000183105469,70.71499633789062,70.56999969482422,70.62999725341797,125
2026-06-05 13:54:00+00:00,70.51499938964844,70.57499694824219,70.46499633789062,70.57499694824219,143
2026-06-05 13:55:00+00:00,70.41999816894531,70.55000305175781,70.3949966430664,70.55000305175781,261
2026-06-05 13:56:00+00:00,70.19999694824219,70.4749984741211,70.12000274658203,70.41500091552734,327
2026-06-05 13:57:00+00:00,70.0999984741211,70.2699966430664,70.07499694824219,70.19999694824219,203
2026-06-05 13:58:00+00:00,70.08000183105469,70.1050033569336,69.97000122070312,70.1050033569336,555
2026-06-05 13:59:00+00:00,69.77999877929688,70.1050033569336,69.74500274658203,70.08499908447266,391
2026-06-05 14:00:00+00:00,69.83499908447266,69.87000274658203,69.67500305175781,69.79499816894531,613
2026-06-05 14:01:00+00:00,69.7300033569336,69.83999633789062,69.62000274658203,69.82499694824219,293
2026-06-05 14:02:00+00:00,69.98500061035156,70.12000274658203,69.73999786376953,69.73999786376953,486
2026-06-05 14:03:00+00:00,69.86000061035156,70.01000213623047,69.83499908447266,69.9749984741211,325
2026-06-05 14:04:00+00:00,69.7249984741211,69.86499786376953,69.54000091552734,69.86000061035156,354
2026-06-05 14:05:00+00:00,69.91000366210938,70.00499725341797,69.71499633789062,69.72000122070312,237
2026-06-05 14:06:00+00:00,69.69999694824219,69.8949966430664,69.62999725341797,69.88999938964844,197
2026-06-05 14:07:00+00:00,69.5999984741211,69.7699966430664,69.5999984741211,69.7249984741211,267
2026-06-05 14:08:00+00:00,69.72000122070312,69.73500061035156,69.6050033569336,69.62999725341797,107
2026-06-05 14:09:00+00:00,69.81500244140625,69.83999633789062,69.55999755859375,69.70500183105469,286
2026-06-05 14:10:00+00:00,69.74500274658203,69.88500213623047,69.7300033569336,69.83499908447266,139
2026-06-05 14:11:00+00:00,69.55500030517578,69.77999877929688,69.53500366210938,69.76000213623047,260
2026-06-05 14:12:00+00:00,69.55000305175781,69.5999984741211,69.46499633789062,69.58000183105469,133
2026-06-05 14:13:00+00:00,69.48500061035156,69.55000305175781,69.46499633789062,69.55000305175781,200
2026-06-05 14:14:00+00:00,69.5199966430664,69.5199966430664,69.41999816894531,69.4800033569336,196
2026-06-05 14:15:00+00:00,69.56999969482422,69.62999725341797,69.46499633789062,69.51000213623047,216
2026-06-05 14:16:00+00:00,69.57499694824219,69.61000061035156,69.5250015258789,69.59500122070312,77
2026-06-05 14:17:00+00:00,69.62000274658203,69.6449966430664,69.47000122070312,69.6050033569336,123
2026-06-05 14:18:00+00:00,69.58499908447266,69.625,69.47000122070312,69.625,122
2026-06-05 14:19:00+00:00,69.69499969482422,69.70999908447266,69.54499816894531,69.55999755859375,161
2026-06-05 14:20:00+00:00,69.63999938964844,69.75,69.5250015258789,69.68000030517578,264
2026-06-05 14:21:00+00:00,69.47000122070312,69.67500305175781,69.41999816894531,69.67500305175781,175
2026-06-05 14:22:00+00:00,69.04499816894531,69.45500183105469,69.01499938964844,69.45500183105469,388
2026-06-05 14:23:00+00:00,69.12999725341797,69.25499725341797,69.04000091552734,69.04499816894531,271
2026-06-05 14:24:00+00:00,69.16500091552734,69.23500061035156,69.05999755859375,69.11499786376953,268
2026-06-05 14:25:00+00:00,68.9800033569336,69.19999694824219,68.93499755859375,69.1500015258789,339
2026-06-05 14:26:00+00:00,69.05999755859375,69.06500244140625,68.91999816894531,68.98999786376953,179
2026-06-05 14:27:00+00:00,69.1500015258789,69.20999908447266,69.04000091552734,69.04499816894531,79
2026-06-05 14:28:00+00:00,69.17500305175781,69.18000030517578,69.0999984741211,69.1449966430664,101
2026-06-05 14:29:00+00:00,69.29499816894531,69.30999755859375,69.13999938964844,69.19499969482422,323
2026-06-05 14:30:00+00:00,69.5199966430664,69.53500366210938,69.2699966430664,69.30000305175781,264
2026-06-05 14:31:00+00:00,69.45999908447266,69.51499938964844,69.38999938964844,69.50499725341797,144
2026-06-05 14:32:00+00:00,69.49500274658203,69.61499786376953,69.4749984741211,69.4800033569336,206
2026-06-05 14:33:00+00:00,69.2300033569336,69.48500061035156,69.2300033569336,69.48500061035156,115
2026-06-05 14:34:00+00:00,69.25,69.27999877929688,69.19000244140625,69.2249984741211,104
2026-06-05 14:35:00+00:00,69.32499694824219,69.32499694824219,69.16999816894531,69.20500183105469,87
2026-06-05 14:36:00+00:00,69.20999908447266,69.3550033569336,69.12000274658203,69.29000091552734,239
2026-06-05 14:37:00+00:00,69.31500244140625,69.31999969482422,69.06999969482422,69.21499633789062,183
2026-06-05 14:38:00+00:00,69.16000366210938,69.31500244140625,69.12000274658203,69.31500244140625,108
2026-06-05 14:39:00+00:00,69.125,69.19999694824219,69.0999984741211,69.16000366210938,48
2026-06-05 14:40:00+00:00,69.13999938964844,69.13999938964844,69.0199966430664,69.125,146
2026-06-05 14:41:00+00:00,69.18000030517578,69.19999694824219,69.11499786376953,69.1500015258789,61
2026-06-05 14:42:00+00:00,69.15499877929688,69.16999816894531,69.0250015258789,69.15499877929688,51
2026-06-05 14:43:00+00:00,69.05000305175781,69.19499969482422,69.02999877929688,69.16000366210938,73
2026-06-05 14:44:00+00:00,69.1050033569336,69.11000061035156,68.96499633789062,69.04000091552734,118
2026-06-05 14:45:00+00:00,69.19000244140625,69.20999908447266,69.08000183105469,69.0999984741211,178
2026-06-05 14:46:00+00:00,69.1500015258789,69.18000030517578,69.07499694824219,69.18000030517578,69
2026-06-05 14:47:00+00:00,69.17500305175781,69.19999694824219,69.09500122070312,69.13500213623047,58
2026-06-05 14:48:00+00:00,69.08999633789062,69.25499725341797,69.05999755859375,69.19999694824219,317
2026-06-05 14:49:00+00:00,69.06500244140625,69.09500122070312,68.95500183105469,69.08999633789062,199
2026-06-05 14:50:00+00:00,69.18499755859375,69.21499633789062,69.02999877929688,69.02999877929688,274
2026-06-05 14:51:00+00:00,69.26499938964844,69.27999877929688,69.13500213623047,69.16000366210938,387
2026-06-05 14:52:00+00:00,69.18499755859375,69.25499725341797,69.1500015258789,69.23500061035156,147
2026-06-05 14:53:00+00:00,69.21499633789062,69.2699966430664,69.13999938964844,69.20500183105469,45
2026-06-05 14:54:00+00:00,69.23500061035156,69.2699966430664,69.20999908447266,69.23999786376953,78
2026-06-05 14:55:00+00:00,69.32499694824219,69.375,69.19000244140625,69.2300033569336,252
2026-06-05 14:56:00+00:00,69.36000061035156,69.42500305175781,69.29000091552734,69.31500244140625,75
2026-06-05 14:57:00+00:00,69.48999786376953,69.5199966430664,69.3499984741211,69.37000274658203,53
2026-06-05 14:58:00+00:00,69.50499725341797,69.54499816894531,69.4749984741211,69.48999786376953,158
2026-06-05 14:59:00+00:00,69.58499908447266,69.58999633789062,69.44499969482422,69.48999786376953,96
2026-06-05 15:00:00+00:00,69.59500122070312,69.66000366210938,69.5199966430664,69.58999633789062,116
2026-06-05 15:01:00+00:00,69.58000183105469,69.62000274658203,69.50499725341797,69.61000061035156,81
2026-06-05 15:02:00+00:00,69.44999694824219,69.56500244140625,69.4000015258789,69.55000305175781,87
2026-06-05 15:03:00+00:00,69.4800033569336,69.58000183105469,69.47000122070312,69.4749984741211,106
2026-06-05 15:04:00+00:00,69.5250015258789,69.56999969482422,69.47000122070312,69.4800033569336,171
2026-06-05 15:05:00+00:00,69.45500183105469,69.55000305175781,69.45500183105469,69.55000305175781,26
2026-06-05 15:06:00+00:00,69.46499633789062,69.54499816894531,69.40499877929688,69.51000213623047,246
2026-06-05 15:07:00+00:00,69.42500305175781,69.48999786376953,69.41500091552734,69.45999908447266,217
2026-06-05 15:08:00+00:00,69.44499969482422,69.48999786376953,69.36000061035156,69.40499877929688,83
2026-06-05 15:09:00+00:00,69.41000366210938,69.54000091552734,69.38999938964844,69.45500183105469,116
2026-06-05 15:10:00+00:00,69.30999755859375,69.375,69.2750015258789,69.375,57
2026-06-05 15:11:00+00:00,69.21499633789062,69.36000061035156,69.19499969482422,69.30500030517578,62
2026-06-05 15:12:00+00:00,69.26499938964844,69.29499816894531,69.2249984741211,69.23500061035156,39
2026-06-05 15:13:00+00:00,69.26000213623047,69.26499938964844,69.1500015258789,69.23500061035156,68
2026-06-05 15:14:00+00:00,68.9749984741211,69.20999908447266,68.9749984741211,69.20999908447266,120
2026-06-05 15:15:00+00:00,68.7699966430664,69.0,68.7699966430664,68.94999694824219,319
2026-06-05 15:16:00+00:00,68.7300033569336,68.80500030517578,68.6500015258789,68.79499816894531,323
2026-06-05 15:17:00+00:00,68.73999786376953,68.77999877929688,68.62999725341797,68.72000122070312,95
2026-06-05 15:18:00+00:00,68.80000305175781,68.81500244140625,68.74500274658203,68.74500274658203,84
2026-06-05 15:19:00+00:00,69.0250015258789,69.03500366210938,68.79499816894531,68.79499816894531,118
2026-06-05 15:20:00+00:00,68.81500244140625,69.01499938964844,68.81500244140625,69.01499938964844,65
2026-06-05 15:21:00+00:00,68.86499786376953,68.87000274658203,68.7699966430664,68.78500366210938,53
2026-06-05 15:22:00+00:00,68.9000015258789,68.93000030517578,68.84500122070312,68.8550033569336,163
2026-06-05 15:23:00+00:00,68.9800033569336,69.18000030517578,68.87000274658203,68.9000015258789,200
2026-06-05 15:24:00+00:00,69.02999877929688,69.04499816894531,68.95999908447266,68.9749984741211,78
2026-06-05 15:25:00+00:00,69.08000183105469,69.1050033569336,69.02999877929688,69.05999755859375,121
2026-06-05 15:26:00+00:00,69.08499908447266,69.1449966430664,69.04000091552734,69.08499908447266,80
2026-06-05 15:27:00+00:00,69.13999938964844,69.1500015258789,69.06999969482422,69.0999984741211,36
2026-06-05 15:28:00+00:00,69.1050033569336,69.13999938964844,69.05999755859375,69.12000274658203,84
2026-06-05 15:29:00+00:00,69.11499786376953,69.13500213623047,69.05000305175781,69.09500122070312,64
2026-06-05 15:30:00+00:00,69.20500183105469,69.21499633789062,69.08999633789062,69.09500122070312,44
2026-06-05 15:31:00+00:00,69.0999984741211,69.19499969482422,69.06999969482422,69.19000244140625,66
2026-06-05 15:32:00+00:00,69.09500122070312,69.12000274658203,69.08000183105469,69.11000061035156,28
2026-06-05 15:33:00+00:00,68.93499755859375,69.09500122070312,68.92500305175781,69.08000183105469,106
2026-06-05 15:34:00+00:00,68.91000366210938,68.95999908447266,68.8550033569336,68.95999908447266,106
2026-06-05 15:35:00+00:00,68.9800033569336,68.9800033569336,68.88500213623047,68.8949966430664,100
2026-06-05 15:36:00+00:00,68.95500183105469,69.0250015258789,68.93000030517578,68.98500061035156,93
2026-06-05 15:37:00+00:00,68.81500244140625,69.01000213623047,68.80500030517578,68.94000244140625,150
2026-06-05 15:38:00+00:00,68.69000244140625,68.81500244140625,68.65499877929688,68.80500030517578,160
2026-06-05 15:39:00+00:00,68.83999633789062,68.8499984741211,68.70999908447266,68.70999908447266,131
2026-06-05 15:40:00+00:00,68.90499877929688,68.93000030517578,68.80000305175781,68.83499908447266,73
2026-06-05 15:41:00+00:00,68.82499694824219,68.88999938964844,68.80500030517578,68.88999938964844,107
2026-06-05 15:42:00+00:00,68.9749984741211,69.0,68.87000274658203,68.875,318
2026-06-05 15:43:00+00:00,69.08499908447266,69.08999633789062,68.94499969482422,68.94499969482422,240
2026-06-05 15:44:00+00:00,69.0199966430664,69.08000183105469,68.98500061035156,69.06500244140625,72
2026-06-05 15:45:00+00:00,68.94499969482422,69.01499938964844,68.91999816894531,69.01000213623047,162
2026-06-05 15:46:00+00:00,69.05000305175781,69.05999755859375,68.94999694824219,68.94999694824219,76
2026-06-05 15:47:00+00:00,69.06500244140625,69.13999938964844,69.04499816894531,69.05500030517578,84
2026-06-05 15:48:00+00:00,69.02999877929688,69.05999755859375,69.0,69.03500366210938,32
2026-06-05 15:49:00+00:00,69.0250015258789,69.05000305175781,68.96499633789062,69.01499938964844,80
2026-06-05 15:50:00+00:00,68.9800033569336,69.08999633789062,68.9800033569336,69.05500030517578,57
2026-06-05 15:51:00+00:00,69.0,69.0250015258789,68.96499633789062,68.96499633789062,71
2026-06-05 15:52:00+00:00,69.06500244140625,69.06500244140625,68.98999786376953,68.98999786376953,34
2026-06-05 15:53:00+00:00,69.04000091552734,69.08000183105469,69.0250015258789,69.04000091552734,29
2026-06-05 15:54:00+00:00,69.02999877929688,69.08000183105469,69.00499725341797,69.05999755859375,36
2026-06-05 15:55:00+00:00,69.0199966430664,69.04499816894531,68.9749984741211,69.02999877929688,68
2026-06-05 15:56:00+00:00,69.0,69.05500030517578,69.0,69.04000091552734,40
2026-06-05 15:57:00+00:00,68.94999694824219,69.05999755859375,68.87999725341797,69.01000213623047,94
2026-06-05 15:58:00+00:00,68.91000366210938,68.95999908447266,68.86499786376953,68.95500183105469,98
2026-06-05 15:59:00+00:00,68.88999938964844,68.98500061035156,68.875,68.91000366210938,99
2026-06-05 16:00:00+00:00,68.86499786376953,68.92500305175781,68.79000091552734,68.90499877929688,197
2026-06-05 16:01:00+00:00,68.94000244140625,68.95999908447266,68.83499908447266,68.86000061035156,61
2026-06-05 16:02:00+00:00,68.94999694824219,68.96499633789062,68.83499908447266,68.92500305175781,81
2026-06-05 16:03:00+00:00,68.93000030517578,69.07499694824219,68.93000030517578,68.97000122070312,123
2026-06-05 16:04:00+00:00,69.0,69.04000091552734,68.93000030517578,68.93000030517578,78
2026-06-05 16:05:00+00:00,68.91999816894531,68.98999786376953,68.88500213623047,68.98999786376953,130
2026-06-05 16:06:00+00:00,68.83000183105469,68.91999816894531,68.83000183105469,68.91000366210938,90
2026-06-05 16:07:00+00:00,68.86499786376953,68.91999816894531,68.84500122070312,68.84500122070312,96
2026-06-05 16:08:00+00:00,68.91000366210938,68.91000366210938,68.81999969482422,68.875,53
2026-06-05 16:09:00+00:00,68.93000030517578,68.94499969482422,68.9000015258789,68.91500091552734,137
2026-06-05 16:10:00+00:00,68.94999694824219,68.98999786376953,68.8949966430664,68.92500305175781,80
2026-06-05 16:11:00+00:00,68.98999786376953,68.99500274658203,68.94000244140625,68.94000244140625,55
2026-06-05 16:12:00+00:00,69.06999969482422,69.08000183105469,68.97000122070312,68.98999786376953,124
2026-06-05 16:13:00+00:00,69.07499694824219,69.1050033569336,69.05000305175781,69.05500030517578,91
2026-06-05 16:14:00+00:00,69.0,69.08000183105469,69.0,69.08000183105469,109
2026-06-05 16:15:00+00:00,68.87999725341797,69.01499938964844,68.87999725341797,68.98999786376953,56
2026-06-05 16:16:00+00:00,68.875,68.8949966430664,68.7699966430664,68.8550033569336,100
2026-06-05 16:17:00+00:00,68.80999755859375,68.93000030517578,68.80500030517578,68.87999725341797,67
2026-06-05 16:18:00+00:00,68.9000015258789,68.9000015258789,68.81500244140625,68.81500244140625,32
2026-06-05 16:19:00+00:00,68.9000015258789,68.91500091552734,68.83999633789062,68.88500213623047,49
2026-06-05 16:20:00+00:00,68.78500366210938,68.91500091552734,68.77999877929688,68.90499877929688,65
2026-06-05 16:21:00+00:00,68.8949966430664,68.92500305175781,68.79499816894531,68.79499816894531,81
2026-06-05 16:22:00+00:00,68.94499969482422,69.01000213623047,68.87000274658203,68.88500213623047,115
2026-06-05 16:23:00+00:00,68.9749984741211,68.9749984741211,68.91000366210938,68.93000030517578,71
2026-06-05 16:24:00+00:00,68.98999786376953,68.99500274658203,68.9000015258789,68.97000122070312,121
2026-06-05 16:25:00+00:00,69.1050033569336,69.1050033569336,68.9800033569336,69.0,56
2026-06-05 16:26:00+00:00,69.16000366210938,69.19000244140625,69.0999984741211,69.1050033569336,194
2026-06-05 16:27:00+00:00,69.1500015258789,69.22000122070312,69.12999725341797,69.16000366210938,136
2026-06-05 16:28:00+00:00,69.1500015258789,69.16500091552734,69.08499908447266,69.1449966430664,75
2026-06-05 16:29:00+00:00,69.06500244140625,69.12999725341797,69.06500244140625,69.12000274658203,78
2026-06-05 16:30:00+00:00,68.94000244140625,69.06999969482422,68.91000366210938,69.05999755859375,255
2026-06-05 16:31:00+00:00,68.875,68.93499755859375,68.875,68.91999816894531,101
2026-06-05 16:32:00+00:00,68.86000061035156,68.8949966430664,68.83499908447266,68.875,96
2026-06-05 16:33:00+00:00,68.80999755859375,68.9000015258789,68.80999755859375,68.87000274658203,42
2026-06-05 16:34:00+00:00,68.91999816894531,68.94000244140625,68.77999877929688,68.79000091552734,117
2026-06-05 16:35:00+00:00,68.88999938964844,68.94000244140625,68.86000061035156,68.9000015258789,51
2026-06-05 16:36:00+00:00,68.90499877929688,68.91999816894531,68.875,68.8949966430664,78
2026-06-05 16:37:00+00:00,68.91500091552734,68.93499755859375,68.87999725341797,68.87999725341797,35
2026-06-05 16:38:00+00:00,68.92500305175781,68.97000122070312,68.9000015258789,68.91999816894531,98
2026-06-05 16:39:00+00:00,68.91000366210938,68.92500305175781,68.88500213623047,68.91000366210938,49
2026-06-05 16:40:00+00:00,68.83499908447266,68.9000015258789,68.80999755859375,68.9000015258789,33
2026-06-05 16:41:00+00:00,68.80500030517578,68.86499786376953,68.80000305175781,68.8499984741211,38
2026-06-05 16:42:00+00:00,68.76000213623047,68.81500244140625,68.76000213623047,68.80000305175781,98
2026-06-05 16:43:00+00:00,68.79000091552734,68.80000305175781,68.75499725341797,68.76499938964844,31
2026-06-05 16:44:00+00:00,68.79000091552734,68.80500030517578,68.7249984741211,68.78500366210938,84
2026-06-05 16:45:00+00:00,68.66999816894531,68.79000091552734,68.61000061035156,68.76000213623047,161
2026-06-05 16:46:00+00:00,68.78500366210938,68.83000183105469,68.67500305175781,68.67500305175781,48
2026-06-05 16:47:00+00:00,68.80000305175781,68.80000305175781,68.74500274658203,68.76000213623047,32
2026-06-05 16:48:00+00:00,68.8499984741211,68.8499984741211,68.80000305175781,68.80500030517578,72
2026-06-05 16:49:00+00:00,68.94000244140625,68.94000244140625,68.86000061035156,68.86000061035156,85
2026-06-05 16:50:00+00:00,68.91000366210938,68.97000122070312,68.90499877929688,68.94499969482422,89
2026-06-05 16:51:00+00:00,68.9749984741211,68.98500061035156,68.91500091552734,68.91999816894531,65
2026-06-05 16:52:00+00:00,69.01000213623047,69.0250015258789,68.95500183105469,68.9749984741211,85
2026-06-05 16:53:00+00:00,69.08000183105469,69.0999984741211,69.00499725341797,69.00499725341797,93
2026-06-05 16:54:00+00:00,69.12999725341797,69.13999938964844,69.08000183105469,69.08000183105469,85
2026-06-05 16:55:00+00:00,69.16500091552734,69.20500183105469,69.125,69.125,149
2026-06-05 16:56:00+00:00,69.2300033569336,69.25,69.11499786376953,69.17500305175781,156
2026-06-05 16:57:00+00:00,69.3550033569336,69.37999725341797,69.21499633789062,69.2249984741211,142
2026-06-05 16:58:00+00:00,69.31999969482422,69.34500122070312,69.2699966430664,69.33999633789062,116
2026-06-05 16:59:00+00:00,69.3499984741211,69.36499786376953,69.2699966430664,69.30500030517578,90
2026-06-05 17:00:00+00:00,69.36499786376953,69.47000122070312,69.33000183105469,69.37000274658203,289
2026-06-05 17:01:00+00:00,69.2699966430664,69.37999725341797,69.26499938964844,69.37999725341797,70
2026-06-05 17:02:00+00:00,69.2300033569336,69.27999877929688,69.2300033569336,69.27999877929688,60
2026-06-05 17:03:00+00:00,69.2300033569336,69.25,69.18000030517578,69.23500061035156,90
2026-06-05 17:04:00+00:00,69.30500030517578,69.40499877929688,69.22000122070312,69.25,230
2026-06-05 17:05:00+00:00,69.29499816894531,69.30999755859375,69.23500061035156,69.30500030517578,171
2026-06-05 17:06:00+00:00,69.17500305175781,69.30000305175781,69.16000366210938,69.30000305175781,93
2026-06-05 17:07:00+00:00,69.24500274658203,69.24500274658203,69.16500091552734,69.16500091552734,70
2026-06-05 17:08:00+00:00,69.20500183105469,69.23500061035156,69.19000244140625,69.23500061035156,37
2026-06-05 17:09:00+00:00,69.125,69.21499633789062,69.11499786376953,69.19999694824219,47
2026-06-05 17:10:00+00:00,69.12000274658203,69.18000030517578,69.07499694824219,69.1449966430664,115
2026-06-05 17:11:00+00:00,69.05999755859375,69.12999725341797,69.05500030517578,69.125,72
2026-06-05 17:12:00+00:00,69.12000274658203,69.1500015258789,69.04499816894531,69.06999969482422,86
2026-06-05 17:13:00+00:00,69.19499969482422,69.22000122070312,69.12999725341797,69.13999938964844,84
2026-06-05 17:14:00+00:00,69.17500305175781,69.23500061035156,69.15499877929688,69.18000030517578,253
2026-06-05 17:15:00+00:00,69.33499908447266,69.33499908447266,69.21499633789062,69.21499633789062,76
2026-06-05 17:16:00+00:00,69.26000213623047,69.34500122070312,69.2300033569336,69.34500122070312,83
2026-06-05 17:17:00+00:00,69.37000274658203,69.38500213623047,69.26499938964844,69.26499938964844,101
2026-06-05 17:18:00+00:00,69.30000305175781,69.37999725341797,69.30000305175781,69.37999725341797,97
2026-06-05 17:19:00+00:00,69.30000305175781,69.30999755859375,69.21499633789062,69.29499816894531,109
2026-06-05 17:20:00+00:00,69.18000030517578,69.30500030517578,69.13999938964844,69.29000091552734,203
2026-06-05 17:21:00+00:00,69.19999694824219,69.2750015258789,69.18000030517578,69.18000030517578,219
2026-06-05 17:22:00+00:00,69.19000244140625,69.22000122070312,69.1449966430664,69.17500305175781,151
2026-06-05 17:23:00+00:00,69.19499969482422,69.21499633789062,69.1500015258789,69.18499755859375,172
2026-06-05 17:24:00+00:00,69.13500213623047,69.2750015258789,68.99500274658203,69.19999694824219,2855
2026-06-05 17:25:00+00:00,69.08499908447266,69.19000244140625,69.07499694824219,69.13999938964844,209
2026-06-05 17:26:00+00:00,69.1050033569336,69.12000274658203,69.06500244140625,69.06500244140625,55
2026-06-05 17:27:00+00:00,69.05999755859375,69.0999984741211,68.9800033569336,69.08999633789062,81
2026-06-05 17:28:00+00:00,69.06500244140625,69.08000183105469,69.00499725341797,69.05500030517578,36
2026-06-05 17:29:00+00:00,69.16999816894531,69.16999816894531,69.03500366210938,69.05000305175781,72
2026-06-05 17:30:00+00:00,69.1449966430664,69.17500305175781,69.12000274658203,69.17500305175781,28
2026-06-05 17:31:00+00:00,69.0999984741211,69.18000030517578,69.0999984741211,69.15499877929688,21
2026-06-05 17:32:00+00:00,69.13500213623047,69.13999938964844,69.07499694824219,69.12000274658203,40
2026-06-05 17:33:00+00:00,69.16000366210938,69.16000366210938,69.125,69.125,30
2026-06-05 17:34:00+00:00,69.15499877929688,69.16500091552734,69.125,69.13500213623047,37
2026-06-05 17:35:00+00:00,69.13999938964844,69.16500091552734,69.11499786376953,69.1500015258789,20
2026-06-05 17:36:00+00:00,69.16500091552734,69.16500091552734,69.0999984741211,69.0999984741211,15
2026-06-05 17:37:00+00:00,69.12999725341797,69.17500305175781,69.12000274658203,69.16999816894531,39
2026-06-05 17:38:00+00:00,69.1500015258789,69.16500091552734,69.08999633789062,69.1449966430664,35
2026-06-05 17:39:00+00:00,69.18499755859375,69.20999908447266,69.15499877929688,69.15499877929688,29
2026-06-05 17:40:00+00:00,69.22000122070312,69.26000213623047,69.19000244140625,69.19999694824219,65
2026-06-05 17:41:00+00:00,69.07499694824219,69.2249984741211,69.06500244140625,69.21499633789062,80
2026-06-05 17:42:00+00:00,69.11499786376953,69.13999938964844,69.06500244140625,69.09500122070312,31
2026-06-05 17:43:00+00:00,69.0199966430664,69.13500213623047,69.0,69.125,82
2026-06-05 17:44:00+00:00,69.00499725341797,69.04499816894531,68.95999908447266,69.03500366210938,59
2026-06-05 17:45:00+00:00,69.0250015258789,69.0250015258789,69.01000213623047,69.0250015258789,8
2026-06-05 17:46:00+00:00,69.0,69.05999755859375,68.99500274658203,69.05999755859375,27
2026-06-05 17:47:00+00:00,68.9800033569336,69.00499725341797,68.9749984741211,68.98500061035156,28
2026-06-05 17:48:00+00:00,68.98500061035156,69.0,68.9800033569336,68.98999786376953,37
2026-06-05 17:49:00+00:00,69.0250015258789,69.04000091552734,68.87999725341797,68.9800033569336,81
2026-06-05 17:50:00+00:00,69.0199966430664,69.04000091552734,69.01499938964844,69.03500366210938,277
2026-06-05 17:51:00+00:00,68.98999786376953,69.1050033569336,68.98999786376953,69.04000091552734,170
2026-06-05 17:52:00+00:00,69.0250015258789,69.0250015258789,69.00499725341797,69.00499725341797,17
2026-06-05 17:53:00+00:00,69.04000091552734,69.04499816894531,69.01499938964844,69.04000091552734,76
2026-06-05 17:54:00+00:00,69.08999633789062,69.08999633789062,69.0250015258789,69.02999877929688,51
2026-06-05 17:55:00+00:00,69.01499938964844,69.08499908447266,69.01499938964844,69.08499908447266,17
2026-06-05 17:56:00+00:00,69.03500366210938,69.04000091552734,69.0,69.00499725341797,12
2026-06-05 17:57:00+00:00,69.07499694824219,69.08000183105469,69.0250015258789,69.0250015258789,22
2026-06-05 17:58:00+00:00,69.08000183105469,69.08000183105469,69.05500030517578,69.07499694824219,10
2026-06-05 17:59:00+00:00,69.04000091552734,69.07499694824219,69.02999877929688,69.06500244140625,13
2026-06-05 18:00:00+00:00,69.01000213623047,69.07499694824219,69.00499725341797,69.04499816894531,56
2026-06-05 18:01:00+00:00,68.98999786376953,69.03500366210938,68.9749984741211,69.01000213623047,20
2026-06-05 18:02:00+00:00,68.93000030517578,68.98500061035156,68.93000030517578,68.9800033569336,19
2026-06-05 18:03:00+00:00,68.9000015258789,68.93000030517578,68.81999969482422,68.93000030517578,69
2026-06-05 18:04:00+00:00,68.7699966430664,68.8949966430664,68.7699966430664,68.8949966430664,188
2026-06-05 18:05:00+00:00,68.75499725341797,68.83999633789062,68.71499633789062,68.75499725341797,65
2026-06-05 18:06:00+00:00,68.71499633789062,68.80999755859375,68.71499633789062,68.7699966430664,19
2026-06-05 18:07:00+00:00,68.77999877929688,68.79499816894531,68.66999816894531,68.7249984741211,51
2026-06-05 18:08:00+00:00,68.7750015258789,68.7750015258789,68.7750015258789,68.7750015258789,6
2026-06-05 18:09:00+00:00,68.76499938964844,68.78500366210938,68.75499725341797,68.7699966430664,8
2026-06-05 18:10:00+00:00,68.76499938964844,68.78500366210938,68.73999786376953,68.73999786376953,25
2026-06-05 18:11:00+00:00,68.63999938964844,68.75,68.63999938964844,68.73999786376953,33
2026-06-05 18:12:00+00:00,68.63999938964844,68.68499755859375,68.5999984741211,68.63500213623047,111
2026-06-05 18:13:00+00:00,68.6449966430664,68.66999816894531,68.58999633789062,68.61499786376953,27
2026-06-05 18:14:00+00:00,68.375,68.6500015258789,68.36000061035156,68.63999938964844,304
2026-06-05 18:15:00+00:00,68.41500091552734,68.47000122070312,68.375,68.37999725341797,106
2026-06-05 18:16:00+00:00,68.48500061035156,68.55000305175781,68.44499969482422,68.44499969482422,91
2026-06-05 18:17:00+00:00,68.43000030517578,68.51499938964844,68.375,68.50499725341797,41
2026-06-05 18:18:00+00:00,68.43000030517578,68.48500061035156,68.375,68.44499969482422,62
2026-06-05 18:19:00+00:00,68.45500183105469,68.49500274658203,68.44000244140625,68.44000244140625,41
2026-06-05 18:20:00+00:00,68.55000305175781,68.67500305175781,68.5,68.5,103
2026-06-05 18:21:00+00:00,68.54499816894531,68.58000183105469,68.48500061035156,68.55000305175781,44
2026-06-05 18:22:00+00:00,68.52999877929688,68.56500244140625,68.48500061035156,68.56500244140625,33
2026-06-05 18:23:00+00:00,68.47000122070312,68.53500366210938,68.47000122070312,68.5250015258789,41
2026-06-05 18:24:00+00:00,68.4000015258789,68.50499725341797,68.3550033569336,68.48999786376953,95
2026-06-05 18:25:00+00:00,68.41000366210938,68.46499633789062,68.37999725341797,68.41500091552734,59
2026-06-05 18:26:00+00:00,68.29499816894531,68.40499877929688,68.2699966430664,68.3949966430664,160
2026-06-05 18:27:00+00:00,68.31999969482422,68.36499786376953,68.26000213623047,68.28500366210938,91
2026-06-05 18:28:00+00:00,68.20500183105469,68.3499984741211,68.19000244140625,68.33499908447266,291
2026-06-05 18:29:00+00:00,68.26499938964844,68.30500030517578,68.21499633789062,68.23500061035156,101
2026-06-05 18:30:00+00:00,68.30999755859375,68.33000183105469,68.2699966430664,68.27999877929688,19
2026-06-05 18:31:00+00:00,68.33000183105469,68.33000183105469,68.23999786376953,68.28500366210938,13
2026-06-05 18:32:00+00:00,68.17500305175781,68.30999755859375,68.17500305175781,68.30500030517578,43
2026-06-05 18:33:00+00:00,68.28500366210938,68.28500366210938,68.19000244140625,68.19499969482422,32
2026-06-05 18:34:00+00:00,68.37999725341797,68.37999725341797,68.24500274658203,68.28500366210938,145
2026-06-05 18:35:00+00:00,68.33499908447266,68.38500213623047,68.30999755859375,68.37999725341797,23
2026-06-05 18:36:00+00:00,68.37000274658203,68.37999725341797,68.30999755859375,68.31999969482422,24
2026-06-05 18:37:00+00:00,68.33000183105469,68.375,68.33000183105469,68.36000061035156,9
2026-06-05 18:38:00+00:00,68.2300033569336,68.33999633789062,68.20999908447266,68.33499908447266,37
2026-06-05 18:39:00+00:00,68.26000213623047,68.26000213623047,68.20500183105469,68.23500061035156,55
2026-06-05 18:40:00+00:00,68.19000244140625,68.23999786376953,68.19000244140625,68.23999786376953,12
2026-06-05 18:41:00+00:00,68.20500183105469,68.25,68.19999694824219,68.19999694824219,63
2026-06-05 18:42:00+00:00,68.16000366210938,68.18000030517578,68.12000274658203,68.18000030517578,50
2026-06-05 18:43:00+00:00,68.16000366210938,68.20999908447266,68.12000274658203,68.20999908447266,72
2026-06-05 18:44:00+00:00,68.25499725341797,68.26000213623047,68.16000366210938,68.16000366210938,41
2026-06-05 18:45:00+00:00,68.19499969482422,68.2249984741211,68.18000030517578,68.22000122070312,32
2026-06-05 18:46:00+00:00,68.19999694824219,68.26000213623047,68.18499755859375,68.19499969482422,30
2026-06-05 18:47:00+00:00,68.23999786376953,68.25499725341797,68.19000244140625,68.19000244140625,17
2026-06-05 18:48:00+00:00,68.21499633789062,68.23500061035156,68.16500091552734,68.23500061035156,30
2026-06-05 18:49:00+00:00,68.30999755859375,68.30999755859375,68.18000030517578,68.18499755859375,139
2026-06-05 18:50:00+00:00,68.26499938964844,68.29000091552734,68.25499725341797,68.29000091552734,40
2026-06-05 18:51:00+00:00,68.22000122070312,68.27999877929688,68.19999694824219,68.2750015258789,44
2026-06-05 18:52:00+00:00,68.2300033569336,68.25499725341797,68.2249984741211,68.2249984741211,10
2026-06-05 18:53:00+00:00,68.19499969482422,68.2249984741211,68.19499969482422,68.2249984741211,6
2026-06-05 18:54:00+00:00,68.29499816894531,68.29499816894531,68.19999694824219,68.19999694824219,19
2026-06-05 18:55:00+00:00,68.33000183105469,68.33499908447266,68.26000213623047,68.28500366210938,39
2026-06-05 18:56:00+00:00,68.45999908447266,68.51499938964844,68.26000213623047,68.33999633789062,104
2026-06-05 18:57:00+00:00,68.41999816894531,68.4800033569336,68.36000061035156,68.42500305175781,57
2026-06-05 18:58:00+00:00,68.40499877929688,68.44999694824219,68.38500213623047,68.41999816894531,37
2026-06-05 18:59:00+00:00,68.44000244140625,68.44000244140625,68.375,68.38999938964844,18
2026-06-05 19:00:00+00:00,68.24500274658203,68.40499877929688,68.23500061035156,68.4000015258789,49
2026-06-05 19:01:00+00:00,68.2750015258789,68.2750015258789,68.19000244140625,68.25499725341797,20
2026-06-05 19:02:00+00:00,68.31500244140625,68.31500244140625,68.2699966430664,68.27999877929688,10
2026-06-05 19:03:00+00:00,68.34500122070312,68.36499786376953,68.29499816894531,68.29499816894531,10
2026-06-05 19:04:00+00:00,68.33499908447266,68.3550033569336,68.33000183105469,68.34500122070312,9
2026-06-05 19:05:00+00:00,68.30500030517578,68.3499984741211,68.30000305175781,68.3499984741211,14
2026-06-05 19:06:00+00:00,68.3550033569336,68.3550033569336,68.2300033569336,68.32499694824219,39
2026-06-05 19:07:00+00:00,68.2300033569336,68.30999755859375,68.2300033569336,68.30999755859375,9
2026-06-05 19:08:00+00:00,68.21499633789062,68.25,68.18499755859375,68.24500274658203,34
2026-06-05 19:09:00+00:00,68.25499725341797,68.28500366210938,68.17500305175781,68.17500305175781,9
2026-06-05 19:10:00+00:00,68.24500274658203,68.28500366210938,68.24500274658203,68.27999877929688,10
2026-06-05 19:11:00+00:00,68.2300033569336,68.2300033569336,68.2300033569336,68.2300033569336,3
2026-06-05 19:12:00+00:00,68.16500091552734,68.23500061035156,68.16500091552734,68.20999908447266,16
2026-06-05 19:13:00+00:00,68.19999694824219,68.20500183105469,68.16500091552734,68.17500305175781,6
2026-06-05 19:14:00+00:00,68.16500091552734,68.18499755859375,68.13500213623047,68.18000030517578,16
2026-06-05 19:15:00+00:00,68.13999938964844,68.18000030517578,68.11000061035156,68.16999816894531,51
2026-06-05 19:16:00+00:00,68.16500091552734,68.16500091552734,68.13500213623047,68.13500213623047,10
2026-06-05 19:17:00+00:00,68.0999984741211,68.16999816894531,68.08499908447266,68.16999816894531,48
2026-06-05 19:18:00+00:00,68.2699966430664,68.28500366210938,68.05999755859375,68.0999984741211,132
2026-06-05 19:19:00+00:00,68.26000213623047,68.28500366210938,68.23999786376953,68.23999786376953,31
2026-06-05 19:20:00+00:00,68.34500122070312,68.34500122070312,68.25,68.25,14
2026-06-05 19:21:00+00:00,68.23500061035156,68.3499984741211,68.23500061035156,68.34500122070312,43
2026-06-05 19:22:00+00:00,68.19000244140625,68.33000183105469,68.13999938964844,68.25499725341797,109
2026-06-05 19:23:00+00:00,68.08000183105469,68.18499755859375,68.06999969482422,68.18000030517578,45
2026-06-05 19:24:00+00:00,68.19999694824219,68.19999694824219,68.06999969482422,68.07499694824219,126
2026-06-05 19:25:00+00:00,68.34500122070312,68.3499984741211,68.23999786376953,68.23999786376953,52
2026-06-05 19:26:00+00:00,68.30999755859375,68.33999633789062,68.27999877929688,68.33999633789062,11
2026-06-05 19:27:00+00:00,68.3949966430664,68.3949966430664,68.34500122070312,68.34500122070312,8
2026-06-05 19:28:00+00:00,68.36499786376953,68.41000366210938,68.36499786376953,68.4000015258789,11
2026-06-05 19:29:00+00:00,68.38999938964844,68.38999938964844,68.30999755859375,68.37000274658203,27
2026-06-05 19:30:00+00:00,68.29499816894531,68.41500091552734,68.29499816894531,68.38999938964844,14
2026-06-05 19:31:00+00:00,68.31999969482422,68.31999969482422,68.26499938964844,68.28500366210938,28
2026-06-05 19:32:00+00:00,68.26000213623047,68.33999633789062,68.26000213623047,68.33999633789062,18
2026-06-05 19:33:00+00:00,68.30000305175781,68.31500244140625,68.23999786376953,68.26499938964844,22
2026-06-05 19:34:00+00:00,68.29000091552734,68.30999755859375,68.25,68.26499938964844,15
2026-06-05 19:35:00+00:00,68.28500366210938,68.34500122070312,68.27999877929688,68.28500366210938,47
2026-06-05 19:36:00+00:00,68.19999694824219,68.26499938964844,68.19999694824219,68.26499938964844,19
2026-06-05 19:37:00+00:00,68.25,68.26499938964844,68.21499633789062,68.2300033569336,30
2026-06-05 19:38:00+00:00,68.25499725341797,68.2699966430664,68.19999694824219,68.25499725341797,37
2026-06-05 19:39:00+00:00,68.28500366210938,68.28500366210938,68.23500061035156,68.24500274658203,13
2026-06-05 19:40:00+00:00,68.13500213623047,68.27999877929688,68.13500213623047,68.27999877929688,21
2026-06-05 19:41:00+00:00,67.9749984741211,68.15499877929688,67.9749984741211,68.12000274658203,139
2026-06-05 19:42:00+00:00,68.04000091552734,68.05500030517578,67.96499633789062,67.97000122070312,26
2026-06-05 19:43:00+00:00,68.01000213623047,68.04000091552734,68.00499725341797,68.02999877929688,99
2026-06-05 19:44:00+00:00,68.13500213623047,68.17500305175781,68.01000213623047,68.02999877929688,91
2026-06-05 19:45:00+00:00,68.18000030517578,68.18000030517578,68.11499786376953,68.13500213623047,17
2026-06-05 19:46:00+00:00,68.22000122070312,68.22000122070312,68.13999938964844,68.1500015258789,26
2026-06-05 19:47:00+00:00,68.23500061035156,68.25,68.20500183105469,68.21499633789062,41
2026-06-05 19:48:00+00:00,68.19999694824219,68.2699966430664,68.19999694824219,68.22000122070312,15
2026-06-05 19:49:00+00:00,68.2249984741211,68.2300033569336,68.19999694824219,68.19999694824219,12
2026-06-05 19:50:00+00:00,68.29000091552734,68.32499694824219,68.18499755859375,68.2300033569336,36
2026-06-05 19:51:00+00:00,68.25499725341797,68.3499984741211,68.24500274658203,68.27999877929688,17
2026-06-05 19:52:00+00:00,68.25499725341797,68.27999877929688,68.2300033569336,68.26000213623047,29
2026-06-05 19:53:00+00:00,68.19999694824219,68.26000213623047,68.17500305175781,68.26000213623047,43
2026-06-05 19:54:00+00:00,68.16999816894531,68.19000244140625,68.1449966430664,68.18000030517578,50
2026-06-05 19:55:00+00:00,68.20500183105469,68.24500274658203,68.12999725341797,68.1500015258789,30
2026-06-05 19:56:00+00:00,68.15499877929688,68.19000244140625,68.1500015258789,68.19000244140625,10
2026-06-05 19:57:00+00:00,68.19999694824219,68.20500183105469,68.16999816894531,68.16999816894531,23
2026-06-05 19:58:00+00:00,68.17500305175781,68.20500183105469,68.16999816894531,68.16999816894531,5
2026-06-05 19:59:00+00:00,68.16000366210938,68.19999694824219,68.1500015258789,68.18499755859375,32
2026-06-05 20:00:00+00:00,68.07499694824219,68.18000030517578,68.07499694824219,68.15499877929688,35
2026-06-05 20:01:00+00:00,68.0199966430664,68.07499694824219,68.0199966430664,68.07499694824219,27
2026-06-05 20:02:00+00:00,68.00499725341797,68.0199966430664,67.94999694824219,68.01499938964844,59
2026-06-05 20:03:00+00:00,67.94999694824219,68.00499725341797,67.93000030517578,68.0,132
2026-06-05 20:04:00+00:00,67.91500091552734,68.0,67.88500213623047,67.96499633789062,24
2026-06-05 20:05:00+00:00,67.81999969482422,67.90499877929688,67.81999969482422,67.9000015258789,103
2026-06-05 20:06:00+00:00,67.7699966430664,67.8499984741211,67.72000122070312,67.8499984741211,113
2026-06-05 20:07:00+00:00,67.78500366210938,67.78500366210938,67.75499725341797,67.7750015258789,11
2026-06-05 20:08:00+00:00,67.7750015258789,67.80000305175781,67.75499725341797,67.75499725341797,27
2026-06-05 20:09:00+00:00,67.77999877929688,67.83000183105469,67.7750015258789,67.79000091552734,30
2026-06-05 20:10:00+00:00,67.76000213623047,67.77999877929688,67.73999786376953,67.7699966430664,19
2026-06-05 20:11:00+00:00,67.7249984741211,67.75,67.7249984741211,67.75,24
2026-06-05 20:12:00+00:00,67.7300033569336,67.75,67.70500183105469,67.73999786376953,23
2026-06-05 20:13:00+00:00,67.78500366210938,67.78500366210938,67.7249984741211,67.7249984741211,10
2026-06-05 20:14:00+00:00,67.80500030517578,67.81500244140625,67.76499938964844,67.76499938964844,22
2026-06-05 20:15:00+00:00,67.73999786376953,67.78500366210938,67.73999786376953,67.78500366210938,9
2026-06-05 20:16:00+00:00,67.73999786376953,67.7750015258789,67.73999786376953,67.75,34
2026-06-05 20:17:00+00:00,67.78500366210938,67.78500366210938,67.69999694824219,67.7249984741211,35
2026-06-05 20:18:00+00:00,67.7750015258789,67.7750015258789,67.76000213623047,67.76000213623047,4
2026-06-05 20:19:00+00:00,67.69999694824219,67.75499725341797,67.69999694824219,67.74500274658203,20
2026-06-05 20:20:00+00:00,67.69999694824219,67.7699966430664,67.69999694824219,67.73999786376953,28
2026-06-05 20:21:00+00:00,67.77999877929688,67.77999877929688,67.69999694824219,67.72000122070312,29
2026-06-05 20:22:00+00:00,67.80500030517578,67.83999633789062,67.80000305175781,67.80000305175781,26
2026-06-05 20:23:00+00:00,67.81999969482422,67.83499908447266,67.80500030517578,67.81500244140625,6
2026-06-05 20:24:00+00:00,67.82499694824219,67.82499694824219,67.80500030517578,67.80500030517578,2
2026-06-05 20:25:00+00:00,67.83000183105469,67.8550033569336,67.81999969482422,67.8499984741211,13
2026-06-05 20:26:00+00:00,67.95999908447266,67.95999908447266,67.8499984741211,67.8499984741211,29
2026-06-05 20:27:00+00:00,68.03500366210938,68.04499816894531,67.91999816894531,67.94499969482422,36
2026-06-05 20:28:00+00:00,68.01000213623047,68.03500366210938,68.00499725341797,68.03500366210938,13
2026-06-05 20:29:00+00:00,67.98999786376953,68.02999877929688,67.98999786376953,68.02999877929688,15
2026-06-05 20:30:00+00:00,67.98500061035156,68.0199966430664,67.98500061035156,67.99500274658203,8
2026-06-05 20:31:00+00:00,67.95999908447266,67.98500061035156,67.93499755859375,67.9749984741211,9
2026-06-05 20:32:00+00:00,67.95999908447266,67.95999908447266,67.91000366210938,67.92500305175781,15
2026-06-05 20:33:00+00:00,67.94000244140625,67.94000244140625,67.91999816894531,67.93499755859375,6
2026-06-05 20:34:00+00:00,67.97000122070312,68.0,67.97000122070312,67.9749984741211,12
2026-06-05 20:35:00+00:00,67.97000122070312,67.97000122070312,67.93000030517578,67.95500183105469,14
2026-06-05 20:36:00+00:00,68.01000213623047,68.02999877929688,67.96499633789062,67.96499633789062,7
2026-06-05 20:37:00+00:00,68.0,68.0,67.9800033569336,67.98500061035156,5
2026-06-05 20:38:00+00:00,67.94999694824219,67.9800033569336,67.94999694824219,67.9800033569336,11
2026-06-05 20:39:00+00:00,67.91999816894531,67.94999694824219,67.90499877929688,67.94000244140625,18
2026-06-05 20:40:00+00:00,67.91999816894531,67.92500305175781,67.91999816894531,67.91999816894531,7
2026-06-05 20:41:00+00:00,67.8499984741211,67.88500213623047,67.83999633789062,67.88500213623047,7
2026-06-05 20:42:00+00:00,67.7750015258789,67.84500122070312,67.7750015258789,67.83499908447266,26
2026-06-05 20:43:00+00:00,67.81999969482422,67.81999969482422,67.7699966430664,67.7750015258789,14
2026-06-05 20:44:00+00:00,67.93000030517578,67.98999786376953,67.80000305175781,67.80000305175781,55
2026-06-05 20:45:00+00:00,67.8550033569336,67.93000030517578,67.83000183105469,67.88999938964844,19
2026-06-05 20:46:00+00:00,67.9000015258789,67.9000015258789,67.8550033569336,67.86000061035156,18
2026-06-05 20:47:00+00:00,67.90499877929688,67.90499877929688,67.90499877929688,67.90499877929688,4
2026-06-05 20:48:00+00:00,68.0250015258789,68.07499694824219,67.93499755859375,67.97000122070312,37
2026-06-05 20:49:00+00:00,68.0199966430664,68.03500366210938,68.0,68.00499725341797,15
2026-06-05 20:50:00+00:00,68.05500030517578,68.05999755859375,67.9800033569336,68.03500366210938,31
2026-06-05 20:51:00+00:00,68.08000183105469,68.08000183105469,68.05000305175781,68.05000305175781,7
2026-06-05 20:52:00+00:00,68.12999725341797,68.12999725341797,68.06999969482422,68.06999969482422,13
2026-06-05 20:53:00+00:00,68.06500244140625,68.06500244140625,68.06500244140625,68.06500244140625,1
2026-06-05 20:54:00+00:00,68.05000305175781,68.08000183105469,68.03500366210938,68.08000183105469,6
2026-06-05 20:55:00+00:00,68.01000213623047,68.06999969482422,68.01000213623047,68.05000305175781,24
2026-06-05 20:56:00+00:00,67.95999908447266,68.01000213623047,67.95999908447266,68.01000213623047,23
2026-06-05 20:57:00+00:00,67.94999694824219,68.00499725341797,67.94499969482422,68.00499725341797,16
2026-06-05 20:58:00+00:00,67.95999908447266,67.97000122070312,67.94000244140625,67.94999694824219,26
2026-06-05 20:59:00+00:00,69.10299682617188,69.10299682617188,67.88999938964844,67.94499969482422,92
2026-06-07 22:10:00+00:00,67.07499694824219,67.28500366210938,67.06500244140625,67.26499938964844,0
2026-06-07 22:11:00+00:00,67.08999633789062,67.13999938964844,67.0250015258789,67.08000183105469,130
2026-06-07 22:12:00+00:00,67.4000015258789,67.4000015258789,67.08999633789062,67.11499786376953,60
2026-06-07 22:13:00+00:00,67.61000061035156,67.61000061035156,67.4000015258789,67.43000030517578,95
2026-06-07 22:14:00+00:00,67.72000122070312,67.7300033569336,67.51000213623047,67.54000091552734,63
2026-06-07 22:15:00+00:00,67.56500244140625,67.68000030517578,67.44999694824219,67.68000030517578,114
2026-06-07 22:16:00+00:00,67.69499969482422,67.69499969482422,67.53500366210938,67.59500122070312,31
2026-06-07 22:17:00+00:00,67.79000091552734,67.81500244140625,67.61499786376953,67.6449966430664,36
2026-06-07 22:18:00+00:00,67.74500274658203,67.80999755859375,67.73999786376953,67.76499938964844,47
2026-06-07 22:19:00+00:00,67.80999755859375,67.84500122070312,67.73999786376953,67.7699966430664,23
2026-06-07 22:20:00+00:00,67.83999633789062,67.875,67.79000091552734,67.80000305175781,18
2026-06-07 22:21:00+00:00,67.70500183105469,67.8550033569336,67.66999816894531,67.83499908447266,44
2026-06-07 22:22:00+00:00,67.78500366210938,67.78500366210938,67.70500183105469,67.70500183105469,18
2026-06-07 22:23:00+00:00,67.79000091552734,67.79499816894531,67.73999786376953,67.75499725341797,9
2026-06-07 22:24:00+00:00,67.67500305175781,67.76499938964844,67.67500305175781,67.76499938964844,10
2026-06-07 22:25:00+00:00,67.68000030517578,67.70500183105469,67.66999816894531,67.66999816894531,15
2026-06-07 22:26:00+00:00,67.42500305175781,67.65499877929688,67.4000015258789,67.6449966430664,25
2026-06-07 22:27:00+00:00,67.5250015258789,67.54000091552734,67.4000015258789,67.4000015258789,17
2026-06-07 22:28:00+00:00,67.4749984741211,67.49500274658203,67.43499755859375,67.48500061035156,35
2026-06-07 22:29:00+00:00,67.41000366210938,67.4800033569336,67.41000366210938,67.44499969482422,5
2026-06-07 22:30:00+00:00,67.46499633789062,67.55999755859375,67.41999816894531,67.47000122070312,57
2026-06-07 22:31:00+00:00,67.55999755859375,67.55999755859375,67.48999786376953,67.49500274658203,20
2026-06-07 22:32:00+00:00,67.62999725341797,67.66000366210938,67.56999969482422,67.56999969482422,10
2026-06-07 22:33:00+00:00,67.69000244140625,67.69000244140625,67.58999633789062,67.62000274658203,29
2026-06-07 22:34:00+00:00,67.77999877929688,67.79000091552734,67.70500183105469,67.70500183105469,23
2026-06-07 22:35:00+00:00,67.79000091552734,67.80000305175781,67.75,67.76000213623047,41
2026-06-07 22:36:00+00:00,67.84500122070312,67.84500122070312,67.7750015258789,67.7750015258789,20
2026-06-07 22:37:00+00:00,67.8499984741211,67.8499984741211,67.78500366210938,67.84500122070312,14
2026-06-07 22:38:00+00:00,67.87000274658203,67.9000015258789,67.8499984741211,67.8550033569336,30
2026-06-07 22:39:00+00:00,67.76499938964844,67.83000183105469,67.76000213623047,67.83000183105469,12
2026-06-07 22:40:00+00:00,67.83999633789062,67.83999633789062,67.80500030517578,67.80500030517578,12
2026-06-07 22:41:00+00:00,67.81500244140625,67.84500122070312,67.79499816894531,67.79499816894531,8
2026-06-07 22:42:00+00:00,67.80000305175781,67.80500030517578,67.75499725341797,67.78500366210938,11
2026-06-07 22:43:00+00:00,67.80000305175781,67.81500244140625,67.80000305175781,67.80999755859375,3
2026-06-07 22:44:00+00:00,67.79499816894531,67.81500244140625,67.79000091552734,67.81500244140625,7
2026-06-07 22:45:00+00:00,67.7249984741211,67.80000305175781,67.7249984741211,67.7750015258789,12
2026-06-07 22:46:00+00:00,67.66000366210938,67.75499725341797,67.63999938964844,67.66500091552734,27
2026-06-07 22:47:00+00:00,67.72000122070312,67.73500061035156,67.66500091552734,67.70999908447266,24
2026-06-07 22:48:00+00:00,67.69999694824219,67.72000122070312,67.68499755859375,67.72000122070312,3
2026-06-07 22:49:00+00:00,67.66500091552734,67.68000030517578,67.66500091552734,67.68000030517578,13
2026-06-07 22:50:00+00:00,67.69000244140625,67.69000244140625,67.65499877929688,67.65499877929688,2
2026-06-07 22:51:00+00:00,67.75499725341797,67.75499725341797,67.69499969482422,67.69499969482422,4
2026-06-07 22:52:00+00:00,67.79499816894531,67.79499816894531,67.7249984741211,67.7249984741211,5
2026-06-07 22:53:00+00:00,67.69999694824219,67.75499725341797,67.68000030517578,67.75499725341797,8
2026-06-07 22:54:00+00:00,67.74500274658203,67.74500274658203,67.7249984741211,67.7249984741211,2
2026-06-07 22:55:00+00:00,67.6050033569336,67.70500183105469,67.6050033569336,67.70500183105469,5
2026-06-07 22:56:00+00:00,67.53500366210938,67.6050033569336,67.48500061035156,67.56999969482422,72
2026-06-07 22:57:00+00:00,67.57499694824219,67.5999984741211,67.5250015258789,67.54000091552734,11
2026-06-07 22:58:00+00:00,67.54000091552734,67.58499908447266,67.5199966430664,67.56500244140625,13
2026-06-07 22:59:00+00:00,67.41999816894531,67.5250015258789,67.41999816894531,67.5,11
2026-06-07 23:00:00+00:00,67.51499938964844,67.55000305175781,67.46499633789062,67.46499633789062,20
2026-06-07 23:01:00+00:00,67.73999786376953,67.73999786376953,67.54499816894531,67.54499816894531,21
2026-06-07 23:02:00+00:00,67.79000091552734,67.79000091552734,67.73999786376953,67.73999786376953,5
2026-06-07 23:03:00+00:00,67.80500030517578,67.80500030517578,67.7300033569336,67.7300033569336,16
2026-06-07 23:04:00+00:00,67.7750015258789,67.80000305175781,67.75,67.80000305175781,18
2026-06-07 23:05:00+00:00,67.69999694824219,67.78500366210938,67.67500305175781,67.7699966430664,19
2026-06-07 23:06:00+00:00,67.66999816894531,67.75,67.66500091552734,67.72000122070312,36
2026-06-07 23:07:00+00:00,67.7750015258789,67.83999633789062,67.76499938964844,67.76499938964844,17
2026-06-07 23:09:00+00:00,67.80500030517578,67.83499908447266,67.76499938964844,67.76499938964844,14
2026-06-07 23:10:00+00:00,67.83499908447266,67.83999633789062,67.76499938964844,67.83000183105469,13
2026-06-07 23:11:00+00:00,67.86000061035156,67.91500091552734,67.81999969482422,67.81999969482422,67
2026-06-07 23:12:00+00:00,67.84500122070312,67.8550033569336,67.84500122070312,67.8550033569336,4
2026-06-07 23:13:00+00:00,67.8949966430664,67.91000366210938,67.84500122070312,67.84500122070312,23
2026-06-07 23:14:00+00:00,67.8499984741211,67.8949966430664,67.81999969482422,67.8949966430664,40
2026-06-07 23:15:00+00:00,67.94000244140625,67.94000244140625,67.8499984741211,67.8499984741211,13
2026-06-07 23:16:00+00:00,67.94000244140625,67.94999694824219,67.9000015258789,67.94000244140625,18
2026-06-07 23:17:00+00:00,67.90499877929688,67.90499877929688,67.88500213623047,67.90499877929688,9
2026-06-07 23:18:00+00:00,67.94499969482422,67.94499969482422,67.91500091552734,67.91500091552734,2
2026-06-07 23:19:00+00:00,67.93499755859375,67.95500183105469,67.91000366210938,67.95500183105469,8
2026-06-07 23:20:00+00:00,67.9000015258789,67.91000366210938,67.88500213623047,67.9000015258789,5
2026-06-07 23:21:00+00:00,67.83499908447266,67.90499877929688,67.80999755859375,67.87000274658203,15
2026-06-07 23:22:00+00:00,67.91999816894531,67.91999816894531,67.84500122070312,67.84500122070312,6
2026-06-07 23:23:00+00:00,67.82499694824219,67.87999725341797,67.82499694824219,67.87999725341797,7
2026-06-07 23:24:00+00:00,67.77999877929688,67.84500122070312,67.77999877929688,67.80999755859375,5
2026-06-07 23:25:00+00:00,67.75,67.7699966430664,67.75,67.7699966430664,9
2026-06-07 23:26:00+00:00,67.75,67.75,67.75,67.75,1
2026-06-07 23:27:00+00:00,67.75499725341797,67.77999877929688,67.75499725341797,67.7699966430664,16
2026-06-07 23:28:00+00:00,67.82499694824219,67.82499694824219,67.75499725341797,67.75499725341797,7
2026-06-07 23:29:00+00:00,67.87000274658203,67.92500305175781,67.79000091552734,67.81999969482422,37
2026-06-07 23:30:00+00:00,67.96499633789062,67.98500061035156,67.8550033569336,67.87000274658203,57
2026-06-07 23:32:00+00:00,68.05500030517578,68.05500030517578,67.97000122070312,67.97000122070312,15
2026-06-07 23:33:00+00:00,68.06500244140625,68.06500244140625,67.98500061035156,68.03500366210938,27
2026-06-07 23:34:00+00:00,68.0,68.04499816894531,68.0,68.0250015258789,7
2026-06-07 23:35:00+00:00,67.9800033569336,68.0250015258789,67.9800033569336,67.98999786376953,6
2026-06-07 23:36:00+00:00,68.0,68.0,67.98500061035156,67.98500061035156,7
2026-06-07 23:37:00+00:00,68.0250015258789,68.03500366210938,68.0250015258789,68.0250015258789,5
2026-06-07 23:38:00+00:00,68.03500366210938,68.05000305175781,68.02999877929688,68.02999877929688,4
2026-06-07 23:39:00+00:00,67.9749984741211,68.0,67.9749984741211,68.0,2
2026-06-07 23:40:00+00:00,68.0250015258789,68.06500244140625,68.01000213623047,68.04000091552734,19
2026-06-07 23:41:00+00:00,68.0,68.02999877929688,68.0,68.0199966430664,34
2026-06-07 23:42:00+00:00,68.0,68.01499938964844,67.99500274658203,67.99500274658203,22
2026-06-07 23:43:00+00:00,68.12000274658203,68.1500015258789,68.01000213623047,68.01000213623047,38
2026-06-07 23:44:00+00:00,68.1050033569336,68.1050033569336,68.07499694824219,68.08999633789062,5
2026-06-07 23:45:00+00:00,68.05500030517578,68.12000274658203,68.01499938964844,68.06500244140625,14
2026-06-07 23:46:00+00:00,68.05999755859375,68.06999969482422,68.0,68.06999969482422,10
2026-06-07 23:47:00+00:00,68.13500213623047,68.1449966430664,68.05500030517578,68.05999755859375,13
2026-06-07 23:48:00+00:00,68.24500274658203,68.29499816894531,68.1500015258789,68.1500015258789,87
2026-06-07 23:49:00+00:00,68.23500061035156,68.30999755859375,68.21499633789062,68.24500274658203,14
2026-06-07 23:50:00+00:00,68.24500274658203,68.24500274658203,68.19499969482422,68.23999786376953,15
2026-06-07 23:51:00+00:00,68.13500213623047,68.24500274658203,68.13500213623047,68.24500274658203,11
2026-06-07 23:52:00+00:00,68.15499877929688,68.15499877929688,68.12000274658203,68.1500015258789,31
2026-06-07 23:53:00+00:00,68.12999725341797,68.12999725341797,68.12999725341797,68.12999725341797,1
2026-06-07 23:54:00+00:00,68.22000122070312,68.24500274658203,68.18000030517578,68.18000030517578,4
2026-06-07 23:55:00+00:00,68.2300033569336,68.33499908447266,68.2249984741211,68.2249984741211,45
2026-06-07 23:56:00+00:00,68.26000213623047,68.26000213623047,68.19000244140625,68.23500061035156,8
2026-06-07 23:57:00+00:00,68.30000305175781,68.30999755859375,68.30000305175781,68.30000305175781,3
2026-06-07 23:58:00+00:00,68.2699966430664,68.29000091552734,68.25499725341797,68.29000091552734,10
2026-06-07 23:59:00+00:00,68.30500030517578,68.33000183105469,68.2750015258789,68.2750015258789,16
2026-06-08 00:00:00+00:00,68.30000305175781,68.30999755859375,68.21499633789062,68.30500030517578,25
2026-06-08 00:01:00+00:00,68.37000274658203,68.37000274658203,68.25499725341797,68.2699966430664,30
2026-06-08 00:02:00+00:00,68.36499786376953,68.37000274658203,68.31500244140625,68.37000274658203,13
2026-06-08 00:03:00+00:00,68.3499984741211,68.3499984741211,68.30999755859375,68.30999755859375,2
2026-06-08 00:04:00+00:00,68.3550033569336,68.3550033569336,68.31999969482422,68.31999969482422,2
2026-06-08 00:05:00+00:00,68.31500244140625,68.31999969482422,68.28500366210938,68.28500366210938,9
2026-06-08 00:06:00+00:00,68.24500274658203,68.33000183105469,68.2300033569336,68.27999877929688,57
2026-06-08 00:07:00+00:00,68.17500305175781,68.26000213623047,68.15499877929688,68.26000213623047,20
2026-06-08 00:08:00+00:00,68.26000213623047,68.26000213623047,68.2249984741211,68.2249984741211,3
2026-06-08 00:09:00+00:00,68.23999786376953,68.2699966430664,68.20999908447266,68.23999786376953,7
2026-06-08 00:10:00+00:00,68.1500015258789,68.18499755859375,68.11499786376953,68.18499755859375,10
2026-06-08 00:11:00+00:00,68.19499969482422,68.19499969482422,68.1449966430664,68.1449966430664,4
2026-06-08 00:12:00+00:00,68.20999908447266,68.26000213623047,68.20999908447266,68.25499725341797,9
2026-06-08 00:13:00+00:00,68.13999938964844,68.18000030517578,68.13999938964844,68.18000030517578,5
2026-06-08 00:14:00+00:00,68.19499969482422,68.19999694824219,68.11499786376953,68.13500213623047,11
2026-06-08 00:15:00+00:00,68.26000213623047,68.26000213623047,68.15499877929688,68.2249984741211,5
2026-06-08 00:16:00+00:00,68.28500366210938,68.29000091552734,68.26499938964844,68.26499938964844,11
2026-06-08 00:17:00+00:00,68.30000305175781,68.33000183105469,68.30000305175781,68.30500030517578,11
2026-06-08 00:18:00+00:00,68.38500213623047,68.41999816894531,68.30500030517578,68.33499908447266,22
2026-06-08 00:19:00+00:00,68.36499786376953,68.38999938964844,68.33999633789062,68.37999725341797,17
2026-06-08 00:20:00+00:00,68.44000244140625,68.44000244140625,68.37999725341797,68.37999725341797,8
2026-06-08 00:21:00+00:00,68.4000015258789,68.45500183105469,68.4000015258789,68.42500305175781,15
2026-06-08 00:22:00+00:00,68.48999786376953,68.48999786376953,68.41000366210938,68.41000366210938,10
2026-06-08 00:23:00+00:00,68.51499938964844,68.54499816894531,68.44999694824219,68.4749984741211,41
2026-06-08 00:24:00+00:00,68.45500183105469,68.5,68.44999694824219,68.5,10
2026-06-08 00:25:00+00:00,68.44000244140625,68.44999694824219,68.4000015258789,68.40499877929688,37
2026-06-08 00:26:00+00:00,68.43000030517578,68.45500183105469,68.40499877929688,68.42500305175781,11
2026-06-08 00:27:00+00:00,68.45999908447266,68.48500061035156,68.44499969482422,68.44499969482422,51
2026-06-08 00:28:00+00:00,68.56999969482422,68.5999984741211,68.4749984741211,68.4749984741211,55
2026-06-08 00:29:00+00:00,68.56999969482422,68.58499908447266,68.54499816894531,68.55000305175781,12
2026-06-08 00:30:00+00:00,68.54000091552734,68.54000091552734,68.5,68.54000091552734,40
2026-06-08 00:31:00+00:00,68.55999755859375,68.55999755859375,68.52999877929688,68.52999877929688,9
2026-06-08 00:32:00+00:00,68.4800033569336,68.51499938964844,68.4749984741211,68.5,16
2026-06-08 00:33:00+00:00,68.45999908447266,68.4800033569336,68.41999816894531,68.46499633789062,17
2026-06-08 00:34:00+00:00,68.43000030517578,68.43000030517578,68.38500213623047,68.41500091552734,14
2026-06-08 00:35:00+00:00,68.41999816894531,68.42500305175781,68.40499877929688,68.42500305175781,5
2026-06-08 00:36:00+00:00,68.55500030517578,68.55500030517578,68.44999694824219,68.45500183105469,17
2026-06-08 00:37:00+00:00,68.55000305175781,68.58000183105469,68.53500366210938,68.53500366210938,15
2026-06-08 00:38:00+00:00,68.49500274658203,68.52999877929688,68.4800033569336,68.5,7
2026-06-08 00:39:00+00:00,68.51000213623047,68.56500244140625,68.4749984741211,68.4749984741211,6
2026-06-08 00:40:00+00:00,68.4749984741211,68.5,68.46499633789062,68.5,8
2026-06-08 00:41:00+00:00,68.4000015258789,68.45999908447266,68.3499984741211,68.45999908447266,20
2026-06-08 00:42:00+00:00,68.42500305175781,68.42500305175781,68.4000015258789,68.4000015258789,5
2026-06-08 00:43:00+00:00,68.38500213623047,68.38500213623047,68.38500213623047,68.38500213623047,1
2026-06-08 00:44:00+00:00,68.38999938964844,68.38999938964844,68.3550033569336,68.3550033569336,15
2026-06-08 00:45:00+00:00,68.375,68.41999816894531,68.3499984741211,68.41999816894531,14
2026-06-08 00:46:00+00:00,68.37999725341797,68.3949966430664,68.34500122070312,68.36499786376953,10
2026-06-08 00:47:00+00:00,68.36499786376953,68.37999725341797,68.3550033569336,68.36000061035156,15
2026-06-08 00:48:00+00:00,68.30500030517578,68.3550033569336,68.26499938964844,68.3550033569336,17
2026-06-08 00:49:00+00:00,68.41999816894531,68.41999816894531,68.36499786376953,68.36499786376953,10
2026-06-08 00:50:00+00:00,68.33499908447266,68.40499877929688,68.33499908447266,68.38999938964844,12
2026-06-08 00:51:00+00:00,68.33999633789062,68.37999725341797,68.33999633789062,68.3499984741211,6
2026-06-08 00:52:00+00:00,68.34500122070312,68.34500122070312,68.32499694824219,68.32499694824219,13
2026-06-08 00:53:00+00:00,68.33499908447266,68.33499908447266,68.33499908447266,68.33499908447266,1
2026-06-08 00:54:00+00:00,68.41999816894531,68.41999816894531,68.38500213623047,68.38500213623047,11
2026-06-08 00:55:00+00:00,68.375,68.38500213623047,68.33999633789062,68.36499786376953,13
2026-06-08 00:56:00+00:00,68.41500091552734,68.41999816894531,68.3949966430664,68.3949966430664,5
2026-06-08 00:57:00+00:00,68.5199966430664,68.52999877929688,68.38999938964844,68.40499877929688,16
2026-06-08 00:58:00+00:00,68.47000122070312,68.55000305175781,68.44000244140625,68.53500366210938,23
2026-06-08 00:59:00+00:00,68.44000244140625,68.48500061035156,68.44000244140625,68.46499633789062,19
2026-06-08 01:00:00+00:00,68.13999938964844,68.58000183105469,68.0999984741211,68.43000030517578,144
2026-06-08 01:01:00+00:00,68.3550033569336,68.43000030517578,68.05500030517578,68.13999938964844,86
2026-06-08 01:02:00+00:00,68.26499938964844,68.375,68.22000122070312,68.32499694824219,28
2026-06-08 01:03:00+00:00,68.33499908447266,68.44000244140625,68.29000091552734,68.30000305175781,27
2026-06-08 01:04:00+00:00,68.2300033569336,68.31500244140625,68.18000030517578,68.31500244140625,48
2026-06-08 01:05:00+00:00,68.00499725341797,68.18000030517578,67.8499984741211,68.18000030517578,118
2026-06-08 01:06:00+00:00,67.875,68.04499816894531,67.83000183105469,67.98500061035156,73
2026-06-08 01:07:00+00:00,67.91000366210938,67.91000366210938,67.7300033569336,67.875,68
2026-06-08 01:08:00+00:00,68.03500366210938,68.03500366210938,67.82499694824219,67.90499877929688,52
2026-06-08 01:09:00+00:00,67.95500183105469,68.0999984741211,67.91999816894531,68.04499816894531,43
2026-06-08 01:10:00+00:00,67.88500213623047,68.0,67.8550033569336,67.97000122070312,27
2026-06-08 01:11:00+00:00,67.99500274658203,67.99500274658203,67.87999725341797,67.87999725341797,10
2026-06-08 01:12:00+00:00,67.83000183105469,68.01000213623047,67.83000183105469,67.99500274658203,23
2026-06-08 01:13:00+00:00,67.90499877929688,67.93000030517578,67.86499786376953,67.9000015258789,9
2026-06-08 01:14:00+00:00,67.62000274658203,67.91999816894531,67.61000061035156,67.91999816894531,84
2026-06-08 01:15:00+00:00,67.6500015258789,67.6500015258789,67.45500183105469,67.62999725341797,114
2026-06-08 01:16:00+00:00,67.48999786376953,67.68000030517578,67.48999786376953,67.68000030517578,35
2026-06-08 01:17:00+00:00,67.44999694824219,67.52999877929688,67.38500213623047,67.4749984741211,81
2026-06-08 01:18:00+00:00,67.22000122070312,67.47000122070312,67.22000122070312,67.45999908447266,165
2026-06-08 01:19:00+00:00,67.17500305175781,67.2750015258789,67.15499877929688,67.21499633789062,72
2026-06-08 01:20:00+00:00,67.19999694824219,67.26000213623047,67.12000274658203,67.2300033569336,150
2026-06-08 01:21:00+00:00,67.26000213623047,67.26000213623047,67.08499908447266,67.24500274658203,108
2026-06-08 01:22:00+00:00,67.63999938964844,67.69000244140625,67.26000213623047,67.29000091552734,162
2026-06-08 01:23:00+00:00,67.80500030517578,67.86000061035156,67.625,67.6449966430664,100
2026-06-08 01:24:00+00:00,67.66000366210938,67.7750015258789,67.61000061035156,67.7699966430664,82
2026-06-08 01:25:00+00:00,67.6050033569336,67.70999908447266,67.55000305175781,67.70999908447266,53
2026-06-08 01:26:00+00:00,67.56999969482422,67.66000366210938,67.52999877929688,67.6050033569336,35
2026-06-08 01:27:00+00:00,67.58999633789062,67.77999877929688,67.54499816894531,67.55000305175781,40
2026-06-08 01:28:00+00:00,67.44499969482422,67.55000305175781,67.30500030517578,67.55000305175781,93
2026-06-08 01:29:00+00:00,67.4000015258789,67.44499969482422,67.29499816894531,67.44000244140625,64
2026-06-08 01:30:00+00:00,67.1500015258789,67.4000015258789,67.0199966430664,67.37999725341797,213
2026-06-08 01:31:00+00:00,67.4749984741211,67.68499755859375,67.08499908447266,67.1449966430664,137
2026-06-08 01:32:00+00:00,67.53500366210938,67.54499816894531,67.375,67.45999908447266,72
2026-06-08 01:33:00+00:00,67.42500305175781,67.5199966430664,67.33999633789062,67.5199966430664,53
2026-06-08 01:34:00+00:00,67.4749984741211,67.55000305175781,67.375,67.3949966430664,52
2026-06-08 01:35:00+00:00,67.37000274658203,67.44499969482422,67.3550033569336,67.44499969482422,50
2026-06-08 01:36:00+00:00,67.4000015258789,67.5250015258789,67.4000015258789,67.44000244140625,37
2026-06-08 01:37:00+00:00,67.41500091552734,67.5,67.41500091552734,67.43000030517578,9
2026-06-08 01:38:00+00:00,67.55500030517578,67.61000061035156,67.5,67.5,42
2026-06-08 01:39:00+00:00,67.57499694824219,67.58000183105469,67.48500061035156,67.58000183105469,24
2026-06-08 01:40:00+00:00,67.62999725341797,67.72000122070312,67.55000305175781,67.55500030517578,23
2026-06-08 01:41:00+00:00,67.75,67.76000213623047,67.65499877929688,67.67500305175781,33
2026-06-08 01:42:00+00:00,67.79000091552734,67.81500244140625,67.69999694824219,67.7300033569336,38
2026-06-08 01:43:00+00:00,67.91500091552734,67.93000030517578,67.75,67.81999969482422,39
2026-06-08 01:44:00+00:00,67.83999633789062,67.8949966430664,67.79499816894531,67.87000274658203,36
2026-06-08 01:45:00+00:00,67.94000244140625,67.97000122070312,67.79000091552734,67.83499908447266,35
2026-06-08 01:46:00+00:00,67.84500122070312,67.95999908447266,67.81999969482422,67.95999908447266,27
2026-06-08 01:47:00+00:00,67.7699966430664,67.84500122070312,67.7699966430664,67.81999969482422,11
2026-06-08 01:48:00+00:00,67.80500030517578,67.83499908447266,67.75,67.83499908447266,11
2026-06-08 01:49:00+00:00,67.73500061035156,67.7699966430664,67.70999908447266,67.7699966430664,8
2026-06-08 01:50:00+00:00,67.66000366210938,67.69999694824219,67.58999633789062,67.69999694824219,44
2026-06-08 01:51:00+00:00,67.80500030517578,67.83000183105469,67.71499633789062,67.75,26
2026-06-08 01:52:00+00:00,67.83999633789062,67.92500305175781,67.78500366210938,67.92500305175781,57
2026-06-08 01:53:00+00:00,67.80000305175781,67.9000015258789,67.80000305175781,67.9000015258789,18
2026-06-08 01:54:00+00:00,67.80999755859375,67.81999969482422,67.73500061035156,67.75499725341797,18
2026-06-08 01:55:00+00:00,67.90499877929688,67.91999816894531,67.79499816894531,67.80000305175781,21
2026-06-08 01:56:00+00:00,67.93499755859375,67.93499755859375,67.8499984741211,67.875,12
2026-06-08 01:57:00+00:00,67.87000274658203,67.94000244140625,67.87000274658203,67.91999816894531,6
2026-06-08 01:58:00+00:00,67.8949966430664,67.9000015258789,67.83499908447266,67.8499984741211,5
2026-06-08 01:59:00+00:00,67.95500183105469,67.96499633789062,67.8949966430664,67.9000015258789,10
2026-06-08 02:00:00+00:00,68.0999984741211,68.15499877929688,67.93000030517578,67.96499633789062,62
2026-06-08 02:01:00+00:00,67.87999725341797,68.07499694824219,67.87999725341797,68.06999969482422,40
2026-06-08 02:02:00+00:00,67.86499786376953,67.88500213623047,67.81500244140625,67.86499786376953,19
2026-06-08 02:03:00+00:00,67.81999969482422,67.96499633789062,67.78500366210938,67.87999725341797,31
2026-06-08 02:04:00+00:00,67.82499694824219,67.8550033569336,67.75499725341797,67.83000183105469,27
2026-06-08 02:05:00+00:00,67.83499908447266,67.86499786376953,67.75,67.83000183105469,36
2026-06-08 02:06:00+00:00,67.88500213623047,67.91999816894531,67.81500244140625,67.81500244140625,20
2026-06-08 02:07:00+00:00,67.95500183105469,68.0,67.86499786376953,67.86499786376953,30
2026-06-08 02:08:00+00:00,67.8949966430664,67.9749984741211,67.875,67.97000122070312,18
2026-06-08 02:09:00+00:00,67.83000183105469,67.83000183105469,67.79499816894531,67.81500244140625,4
2026-06-08 02:10:00+00:00,67.75,67.83000183105469,67.7300033569336,67.83000183105469,10
2026-06-08 02:11:00+00:00,67.81999969482422,67.8550033569336,67.70999908447266,67.73500061035156,14
2026-06-08 02:12:00+00:00,67.7750015258789,67.79000091552734,67.7750015258789,67.78500366210938,4
2026-06-08 02:13:00+00:00,67.76000213623047,67.76000213623047,67.74500274658203,67.74500274658203,3
2026-06-08 02:14:00+00:00,67.7750015258789,67.82499694824219,67.74500274658203,67.74500274658203,23
2026-06-08 02:15:00+00:00,67.83000183105469,67.83999633789062,67.76499938964844,67.7750015258789,6
2026-06-08 02:16:00+00:00,67.69499969482422,67.71499633789062,67.68499755859375,67.71499633789062,12
2026-06-08 02:17:00+00:00,67.69000244140625,67.71499633789062,67.69000244140625,67.71499633789062,5
2026-06-08 02:18:00+00:00,67.63999938964844,67.66999816894531,67.63999938964844,67.66000366210938,12
2026-06-08 02:19:00+00:00,67.625,67.6449966430664,67.625,67.6449966430664,10
2026-06-08 02:20:00+00:00,67.6050033569336,67.66999816894531,67.59500122070312,67.625,12
2026-06-08 02:21:00+00:00,67.67500305175781,67.69999694824219,67.6449966430664,67.66000366210938,10
2026-06-08 02:22:00+00:00,67.68499755859375,67.68499755859375,67.68000030517578,67.68499755859375,3
2026-06-08 02:23:00+00:00,67.67500305175781,67.68000030517578,67.6449966430664,67.66000366210938,6
2026-06-08 02:24:00+00:00,67.73999786376953,67.73999786376953,67.69000244140625,67.69000244140625,2
2026-06-08 02:25:00+00:00,67.73500061035156,67.74500274658203,67.73500061035156,67.74500274658203,3
2026-06-08 02:26:00+00:00,67.75,67.75,67.70500183105469,67.70500183105469,7
2026-06-08 02:27:00+00:00,67.71499633789062,67.7750015258789,67.71499633789062,67.7750015258789,4
2026-06-08 02:28:00+00:00,67.67500305175781,67.74500274658203,67.5999984741211,67.74500274658203,57
2026-06-08 02:29:00+00:00,67.70500183105469,67.71499633789062,67.69999694824219,67.69999694824219,6
2026-06-08 02:30:00+00:00,67.58999633789062,67.83499908447266,67.56500244140625,67.71499633789062,57
2026-06-08 02:31:00+00:00,67.55999755859375,67.59500122070312,67.48999786376953,67.58000183105469,41
2026-06-08 02:32:00+00:00,67.5999984741211,67.69999694824219,67.54499816894531,67.58499908447266,63
2026-06-08 02:33:00+00:00,67.625,67.65499877929688,67.58000183105469,67.58000183105469,23
2026-06-08 02:34:00+00:00,67.61499786376953,67.70500183105469,67.61499786376953,67.67500305175781,9
2026-06-08 02:35:00+00:00,67.58999633789062,67.63999938964844,67.55000305175781,67.6050033569336,32
2026-06-08 02:36:00+00:00,67.58999633789062,67.71499633789062,67.56999969482422,67.56999969482422,46
2026-06-08 02:37:00+00:00,67.62000274658203,67.66000366210938,67.61000061035156,67.66000366210938,10
2026-06-08 02:38:00+00:00,67.6050033569336,67.6449966430664,67.58499908447266,67.61000061035156,14
2026-06-08 02:39:00+00:00,67.7249984741211,67.7249984741211,67.68499755859375,67.68499755859375,9
2026-06-08 02:40:00+00:00,67.69999694824219,67.71499633789062,67.63999938964844,67.63999938964844,15
2026-06-08 02:41:00+00:00,67.68499755859375,67.72000122070312,67.62000274658203,67.62000274658203,9
2026-06-08 02:42:00+00:00,67.68499755859375,67.72000122070312,67.66999816894531,67.70500183105469,10
2026-06-08 02:43:00+00:00,67.72000122070312,67.72000122070312,67.62000274658203,67.62999725341797,11
2026-06-08 02:44:00+00:00,67.81500244140625,67.875,67.76499938964844,67.76499938964844,9
2026-06-08 02:45:00+00:00,67.80999755859375,67.81999969482422,67.79000091552734,67.79000091552734,11
2026-06-08 02:46:00+00:00,67.92500305175781,67.95999908447266,67.91000366210938,67.95999908447266,20
2026-06-08 02:47:00+00:00,67.94999694824219,67.94999694824219,67.88999938964844,67.88999938964844,7
2026-06-08 02:48:00+00:00,67.875,67.97000122070312,67.875,67.95500183105469,6
2026-06-08 02:49:00+00:00,67.83000183105469,67.86000061035156,67.81500244140625,67.84500122070312,7
2026-06-08 02:50:00+00:00,67.8550033569336,67.88500213623047,67.83499908447266,67.88500213623047,5
2026-06-08 02:51:00+00:00,67.69999694824219,67.83999633789062,67.63999938964844,67.83999633789062,48
2026-06-08 02:52:00+00:00,67.7249984741211,67.7249984741211,67.69999694824219,67.70500183105469,3
2026-06-08 02:53:00+00:00,67.73999786376953,67.73999786376953,67.73999786376953,67.73999786376953,1
2026-06-08 02:54:00+00:00,67.72000122070312,67.76499938964844,67.72000122070312,67.76499938964844,3
2026-06-08 02:55:00+00:00,67.80000305175781,67.80000305175781,67.7300033569336,67.75499725341797,6
2026-06-08 02:56:00+00:00,67.78500366210938,67.87999725341797,67.7699966430664,67.81999969482422,17
2026-06-08 02:57:00+00:00,67.71499633789062,67.75499725341797,67.66000366210938,67.75499725341797,54
2026-06-08 02:58:00+00:00,67.70999908447266,67.7750015258789,67.70999908447266,67.73999786376953,19
2026-06-08 02:59:00+00:00,67.61499786376953,67.68499755859375,67.61499786376953,67.68499755859375,24
2026-06-08 03:00:00+00:00,67.73500061035156,67.77999877929688,67.68499755859375,67.69000244140625,28
2026-06-08 03:01:00+00:00,67.63500213623047,67.76000213623047,67.62000274658203,67.75499725341797,18
2026-06-08 03:02:00+00:00,67.6449966430664,67.73999786376953,67.6449966430664,67.6500015258789,5
2026-06-08 03:03:00+00:00,67.58499908447266,67.62000274658203,67.55999755859375,67.62000274658203,8
2026-06-08 03:04:00+00:00,67.63999938964844,67.63999938964844,67.625,67.63999938964844,3
2026-06-08 03:05:00+00:00,67.63999938964844,67.63999938964844,67.51000213623047,67.58499908447266,21
2026-06-08 03:06:00+00:00,67.51499938964844,67.58000183105469,67.51499938964844,67.58000183105469,2
2026-06-08 03:07:00+00:00,67.45500183105469,67.5,67.44999694824219,67.5,15
2026-06-08 03:08:00+00:00,67.48500061035156,67.49500274658203,67.41000366210938,67.41000366210938,6
2026-06-08 03:09:00+00:00,67.5199966430664,67.5199966430664,67.47000122070312,67.47000122070312,4
2026-06-08 03:10:00+00:00,67.45999908447266,67.45999908447266,67.45999908447266,67.45999908447266,1
2026-06-08 03:11:00+00:00,67.41500091552734,67.4749984741211,67.38999938964844,67.4749984741211,9
2026-06-08 03:12:00+00:00,67.42500305175781,67.4800033569336,67.41999816894531,67.41999816894531,7
2026-06-08 03:13:00+00:00,67.43000030517578,67.44999694824219,67.43000030517578,67.44999694824219,2
2026-06-08 03:14:00+00:00,67.42500305175781,67.44999694824219,67.38500213623047,67.38500213623047,11
2026-06-08 03:15:00+00:00,67.43499755859375,67.44499969482422,67.3949966430664,67.41000366210938,9
2026-06-08 03:16:00+00:00,67.40499877929688,67.41500091552734,67.40499877929688,67.40499877929688,4
2026-06-08 03:17:00+00:00,67.41999816894531,67.41999816894531,67.41500091552734,67.41500091552734,3
2026-06-08 03:18:00+00:00,67.42500305175781,67.42500305175781,67.42500305175781,67.42500305175781,1
2026-06-08 03:19:00+00:00,67.5250015258789,67.55999755859375,67.4800033569336,67.4800033569336,10
2026-06-08 03:20:00+00:00,67.5250015258789,67.55999755859375,67.49500274658203,67.49500274658203,11
2026-06-08 03:21:00+00:00,67.6050033569336,67.63500213623047,67.5199966430664,67.5199966430664,15
2026-06-08 03:22:00+00:00,67.58999633789062,67.61000061035156,67.58999633789062,67.61000061035156,3
2026-06-08 03:23:00+00:00,67.55999755859375,67.59500122070312,67.55999755859375,67.58999633789062,8
2026-06-08 03:24:00+00:00,67.55999755859375,67.55999755859375,67.5250015258789,67.53500366210938,5
2026-06-08 03:25:00+00:00,67.62000274658203,67.63999938964844,67.58999633789062,67.63999938964844,5
2026-06-08 03:26:00+00:00,67.54000091552734,67.54000091552734,67.54000091552734,67.54000091552734,1
2026-06-08 03:27:00+00:00,67.55000305175781,67.55000305175781,67.54499816894531,67.54499816894531,2
2026-06-08 03:28:00+00:00,67.55500030517578,67.55500030517578,67.55500030517578,67.55500030517578,1
2026-06-08 03:29:00+00:00,67.49500274658203,67.55000305175781,67.45999908447266,67.55000305175781,18
2026-06-08 03:30:00+00:00,67.56500244140625,67.58000183105469,67.50499725341797,67.50499725341797,5
2026-06-08 03:31:00+00:00,67.50499725341797,67.59500122070312,67.48500061035156,67.57499694824219,21
2026-06-08 03:32:00+00:00,67.42500305175781,67.5,67.42500305175781,67.49500274658203,6
2026-06-08 03:33:00+00:00,67.47000122070312,67.4749984741211,67.41999816894531,67.44999694824219,14
2026-06-08 03:34:00+00:00,67.48500061035156,67.48500061035156,67.43000030517578,67.43000030517578,3
2026-06-08 03:35:00+00:00,67.55000305175781,67.55000305175781,67.5250015258789,67.52999877929688,12
2026-06-08 03:36:00+00:00,67.6050033569336,67.6050033569336,67.55500030517578,67.55500030517578,4
2026-06-08 03:37:00+00:00,67.61000061035156,67.61000061035156,67.56500244140625,67.6050033569336,15
2026-06-08 03:38:00+00:00,67.59500122070312,67.5999984741211,67.58000183105469,67.58000183105469,4
2026-06-08 03:39:00+00:00,67.56999969482422,67.56999969482422,67.56500244140625,67.56999969482422,3
2026-06-08 03:40:00+00:00,67.55000305175781,67.58000183105469,67.55000305175781,67.55500030517578,3
2026-06-08 03:41:00+00:00,67.5999984741211,67.5999984741211,67.56500244140625,67.56500244140625,3
2026-06-08 03:42:00+00:00,67.6050033569336,67.61000061035156,67.58499908447266,67.58499908447266,5
2026-06-08 03:43:00+00:00,67.55999755859375,67.5999984741211,67.55000305175781,67.5999984741211,10
2026-06-08 03:44:00+00:00,67.66000366210938,67.66000366210938,67.625,67.62999725341797,7
2026-06-08 03:45:00+00:00,67.68000030517578,67.69999694824219,67.66000366210938,67.66000366210938,11
2026-06-08 03:47:00+00:00,67.74500274658203,67.74500274658203,67.70999908447266,67.70999908447266,2
2026-06-08 03:48:00+00:00,67.7249984741211,67.7300033569336,67.7249984741211,67.7300033569336,2
2026-06-08 03:49:00+00:00,67.7300033569336,67.76499938964844,67.7300033569336,67.76499938964844,2
2026-06-08 03:50:00+00:00,67.73999786376953,67.73999786376953,67.73500061035156,67.73500061035156,2
2026-06-08 03:51:00+00:00,67.72000122070312,67.72000122070312,67.72000122070312,67.72000122070312,1
2026-06-08 03:52:00+00:00,67.76499938964844,67.76499938964844,67.70500183105469,67.71499633789062,9
2026-06-08 03:53:00+00:00,67.9000015258789,67.91000366210938,67.76499938964844,67.76499938964844,20
2026-06-08 03:54:00+00:00,67.91000366210938,67.91500091552734,67.86000061035156,67.8949966430664,25
2026-06-08 03:55:00+00:00,67.88999938964844,67.8949966430664,67.88500213623047,67.88500213623047,3
2026-06-08 03:56:00+00:00,67.87000274658203,67.88999938964844,67.87000274658203,67.88500213623047,8
2026-06-08 03:57:00+00:00,67.86000061035156,67.9000015258789,67.86000061035156,67.88500213623047,9
2026-06-08 03:58:00+00:00,67.92500305175781,67.92500305175781,67.92500305175781,67.92500305175781,5
2026-06-08 04:00:00+00:00,68.08999633789062,68.0999984741211,67.9749984741211,68.01000213623047,22
2026-06-08 04:01:00+00:00,68.08000183105469,68.08000183105469,68.05000305175781,68.07499694824219,12
2026-06-08 04:02:00+00:00,68.07499694824219,68.09500122070312,68.05000305175781,68.07499694824219,14
2026-06-08 04:03:00+00:00,67.96499633789062,68.05500030517578,67.96499633789062,68.03500366210938,26
2026-06-08 04:04:00+00:00,67.92500305175781,67.95500183105469,67.92500305175781,67.95500183105469,14
2026-06-08 04:05:00+00:00,67.88999938964844,67.8949966430664,67.87000274658203,67.88999938964844,8
2026-06-08 04:06:00+00:00,67.86000061035156,67.87000274658203,67.8550033569336,67.87000274658203,3
2026-06-08 04:07:00+00:00,68.04000091552734,68.04000091552734,67.90499877929688,67.90499877929688,23
2026-06-08 04:08:00+00:00,68.1050033569336,68.125,68.0,68.0,12
2026-06-08 04:09:00+00:00,68.1050033569336,68.1050033569336,68.05999755859375,68.08000183105469,17
2026-06-08 04:10:00+00:00,68.11499786376953,68.11499786376953,68.07499694824219,68.08999633789062,6
2026-06-08 04:11:00+00:00,68.12000274658203,68.13500213623047,68.1050033569336,68.13500213623047,8
2026-06-08 04:12:00+00:00,68.07499694824219,68.125,68.07499694824219,68.125,3
2026-06-08 04:13:00+00:00,68.0199966430664,68.05999755859375,68.0199966430664,68.05999755859375,10
2026-06-08 04:14:00+00:00,68.04499816894531,68.05000305175781,68.03500366210938,68.05000305175781,5
2026-06-08 04:15:00+00:00,68.04499816894531,68.09500122070312,68.04499816894531,68.08999633789062,8
2026-06-08 04:16:00+00:00,68.11499786376953,68.12999725341797,68.08499908447266,68.12999725341797,6
2026-06-08 04:17:00+00:00,68.06999969482422,68.11499786376953,68.06999969482422,68.11000061035156,5
2026-06-08 04:18:00+00:00,68.05999755859375,68.05999755859375,68.05500030517578,68.05500030517578,2
2026-06-08 04:19:00+00:00,67.9749984741211,68.05999755859375,67.9749984741211,68.05999755859375,9
2026-06-08 04:20:00+00:00,67.93499755859375,67.96499633789062,67.93499755859375,67.95500183105469,10
2026-06-08 04:21:00+00:00,67.94000244140625,67.97000122070312,67.91000366210938,67.97000122070312,32
2026-06-08 04:22:00+00:00,67.93499755859375,67.94499969482422,67.91999816894531,67.91999816894531,5
2026-06-08 04:23:00+00:00,67.93000030517578,67.93000030517578,67.93000030517578,67.93000030517578,1
2026-06-08 04:24:00+00:00,67.97000122070312,67.97000122070312,67.92500305175781,67.93499755859375,5
2026-06-08 04:25:00+00:00,67.95500183105469,67.95500183105469,67.95500183105469,67.95500183105469,1
2026-06-08 04:26:00+00:00,67.91999816894531,67.92500305175781,67.91999816894531,67.92500305175781,2
2026-06-08 04:27:00+00:00,67.98500061035156,67.98500061035156,67.92500305175781,67.92500305175781,15
2026-06-08 04:28:00+00:00,67.98500061035156,68.04499816894531,67.98500061035156,67.99500274658203,14
2026-06-08 04:29:00+00:00,68.01000213623047,68.01000213623047,67.95999908447266,67.9800033569336,6
2026-06-08 04:30:00+00:00,67.91500091552734,68.01499938964844,67.91500091552734,67.98500061035156,10
2026-06-08 04:31:00+00:00,67.90499877929688,67.90499877929688,67.90499877929688,67.90499877929688,1
2026-06-08 04:32:00+00:00,67.92500305175781,67.95999908447266,67.92500305175781,67.95999908447266,5
2026-06-08 04:33:00+00:00,67.84500122070312,67.91500091552734,67.82499694824219,67.88500213623047,37
2026-06-08 04:34:00+00:00,67.83499908447266,67.83499908447266,67.80500030517578,67.80500030517578,12
2026-06-08 04:35:00+00:00,67.82499694824219,67.8499984741211,67.82499694824219,67.84500122070312,11
2026-06-08 04:36:00+00:00,67.83999633789062,67.83999633789062,67.83000183105469,67.83000183105469,3
2026-06-08 04:37:00+00:00,67.90499877929688,67.90499877929688,67.83000183105469,67.86000061035156,10
2026-06-08 04:38:00+00:00,67.91000366210938,67.91500091552734,67.88999938964844,67.91000366210938,8
2026-06-08 04:40:00+00:00,67.87999725341797,67.9000015258789,67.86499786376953,67.9000015258789,8
2026-06-08 04:41:00+00:00,67.875,67.88999938964844,67.87000274658203,67.88999938964844,6
2026-06-08 04:42:00+00:00,67.83999633789062,67.87000274658203,67.83999633789062,67.86499786376953,3
2026-06-08 04:43:00+00:00,67.78500366210938,67.81999969482422,67.78500366210938,67.81999969482422,11
2026-06-08 04:44:00+00:00,67.73500061035156,67.82499694824219,67.73500061035156,67.78500366210938,7
2026-06-08 04:46:00+00:00,67.87999725341797,67.8949966430664,67.83000183105469,67.83000183105469,10
2026-06-08 04:47:00+00:00,67.875,67.88500213623047,67.875,67.88500213623047,3
2026-06-08 04:48:00+00:00,67.87000274658203,67.88999938964844,67.87000274658203,67.87000274658203,3
2026-06-08 04:49:00+00:00,67.84500122070312,67.87000274658203,67.84500122070312,67.87000274658203,2
2026-06-08 04:50:00+00:00,67.875,67.91000366210938,67.875,67.87999725341797,7
2026-06-08 04:51:00+00:00,67.9000015258789,67.9000015258789,67.87000274658203,67.87999725341797,7
2026-06-08 04:52:00+00:00,67.88500213623047,67.95500183105469,67.88500213623047,67.93000030517578,8
2026-06-08 04:53:00+00:00,67.87999725341797,67.87999725341797,67.86499786376953,67.86499786376953,3
2026-06-08 04:54:00+00:00,67.81999969482422,67.8949966430664,67.81999969482422,67.8949966430664,7
2026-06-08 04:55:00+00:00,67.83499908447266,67.86000061035156,67.83499908447266,67.8550033569336,9
2026-06-08 04:56:00+00:00,67.80999755859375,67.83499908447266,67.77999877929688,67.83499908447266,7
2026-06-08 04:57:00+00:00,67.83499908447266,67.83499908447266,67.81500244140625,67.81500244140625,2
2026-06-08 04:58:00+00:00,67.83000183105469,67.83000183105469,67.83000183105469,67.83000183105469,1
2026-06-08 04:59:00+00:00,67.9000015258789,67.91999816894531,67.83499908447266,67.83499908447266,10
2026-06-08 05:00:00+00:00,67.97000122070312,67.98999786376953,67.9000015258789,67.9000015258789,8
2026-06-08 05:01:00+00:00,67.91999816894531,67.93499755859375,67.91500091552734,67.93000030517578,7
2026-06-08 05:02:00+00:00,67.875,67.9000015258789,67.875,67.8949966430664,12
2026-06-08 05:03:00+00:00,67.90499877929688,67.93000030517578,67.90499877929688,67.93000030517578,2
2026-06-08 05:04:00+00:00,67.91999816894531,67.91999816894531,67.87999725341797,67.88500213623047,11
2026-06-08 05:05:00+00:00,67.83000183105469,67.91000366210938,67.83000183105469,67.88500213623047,19
2026-06-08 05:06:00+00:00,67.76499938964844,67.83499908447266,67.75,67.83000183105469,11
2026-06-08 05:07:00+00:00,67.75499725341797,67.75499725341797,67.69499969482422,67.73999786376953,20
2026-06-08 05:08:00+00:00,67.76499938964844,67.7699966430664,67.76000213623047,67.7699966430664,3
2026-06-08 05:09:00+00:00,67.7699966430664,67.7750015258789,67.74500274658203,67.7750015258789,6
2026-06-08 05:10:00+00:00,67.74500274658203,67.78500366210938,67.74500274658203,67.77999877929688,6
2026-06-08 05:11:00+00:00,67.80000305175781,67.80500030517578,67.7750015258789,67.77999877929688,8
2026-06-08 05:12:00+00:00,67.79499816894531,67.80000305175781,67.7750015258789,67.7750015258789,7
2026-06-08 05:13:00+00:00,67.70999908447266,67.7699966430664,67.69499969482422,67.7699966430664,13
2026-06-08 05:14:00+00:00,67.68499755859375,67.7300033569336,67.68499755859375,67.7249984741211,11
2026-06-08 05:15:00+00:00,67.69000244140625,67.74500274658203,67.69000244140625,67.7249984741211,14
2026-06-08 05:16:00+00:00,67.69999694824219,67.69999694824219,67.6449966430664,67.66000366210938,20
2026-06-08 05:17:00+00:00,67.76499938964844,67.80999755859375,67.69499969482422,67.72000122070312,12
2026-06-08 05:18:00+00:00,67.81500244140625,67.81500244140625,67.7699966430664,67.7699966430664,11
2026-06-08 05:19:00+00:00,67.7750015258789,67.83499908447266,67.7750015258789,67.80500030517578,6
2026-06-08 05:20:00+00:00,67.79499816894531,67.79499816894531,67.79499816894531,67.79499816894531,2
2026-06-08 05:21:00+00:00,67.82499694824219,67.8550033569336,67.77999877929688,67.77999877929688,9
2026-06-08 05:22:00+00:00,67.79000091552734,67.9000015258789,67.7699966430664,67.83000183105469,25
2026-06-08 05:23:00+00:00,67.79000091552734,67.81500244140625,67.7750015258789,67.79000091552734,17
2026-06-08 05:24:00+00:00,67.72000122070312,67.75,67.70500183105469,67.75,9
2026-06-08 05:25:00+00:00,67.68000030517578,67.7249984741211,67.63999938964844,67.7249984741211,18
2026-06-08 05:26:00+00:00,67.70999908447266,67.71499633789062,67.62999725341797,67.66000366210938,35
2026-06-08 05:27:00+00:00,67.71499633789062,67.72000122070312,67.66500091552734,67.68000030517578,14
2026-06-08 05:28:00+00:00,67.66999816894531,67.72000122070312,67.66999816894531,67.72000122070312,7
2026-06-08 05:29:00+00:00,67.625,67.70500183105469,67.625,67.70500183105469,5
2026-06-08 05:30:00+00:00,67.04000091552734,67.70500183105469,66.97000122070312,67.68000030517578,305
2026-06-08 05:31:00+00:00,67.17500305175781,67.32499694824219,67.05500030517578,67.05500030517578,68
2026-06-08 05:32:00+00:00,67.06500244140625,67.16000366210938,67.04499816894531,67.1449966430664,43
2026-06-08 05:33:00+00:00,67.0,67.16999816894531,66.96499633789062,67.06999969482422,82
2026-06-08 05:34:00+00:00,66.63500213623047,67.0,66.61000061035156,66.98500061035156,415
2026-06-08 05:35:00+00:00,66.62000274658203,66.66500091552734,66.5250015258789,66.62999725341797,129
2026-06-08 05:36:00+00:00,66.53500366210938,66.61499786376953,66.4800033569336,66.61499786376953,131
2026-06-08 05:37:00+00:00,66.37000274658203,66.5250015258789,66.30500030517578,66.51499938964844,181
2026-06-08 05:38:00+00:00,66.76499938964844,66.76499938964844,66.38999938964844,66.38999938964844,161
2026-06-08 05:39:00+00:00,66.70999908447266,66.7750015258789,66.6449966430664,66.73500061035156,60
2026-06-08 05:40:00+00:00,66.8550033569336,66.8949966430664,66.69000244140625,66.71499633789062,121
2026-06-08 05:41:00+00:00,66.65499877929688,66.8499984741211,66.58000183105469,66.8499984741211,52
2026-06-08 05:42:00+00:00,66.66000366210938,66.66000366210938,66.5250015258789,66.62000274658203,85
2026-06-08 05:43:00+00:00,66.5999984741211,66.70999908447266,66.5999984741211,66.66999816894531,50
2026-06-08 05:44:00+00:00,66.55999755859375,66.58999633789062,66.48500061035156,66.58999633789062,48
2026-06-08 05:45:00+00:00,66.5250015258789,66.55999755859375,66.44000244140625,66.54499816894531,55
2026-06-08 05:46:00+00:00,66.61499786376953,66.61499786376953,66.4749984741211,66.5250015258789,48
2026-06-08 05:47:00+00:00,66.62999725341797,66.63500213623047,66.53500366210938,66.56999969482422,61
2026-06-08 05:48:00+00:00,66.5199966430664,66.62999725341797,66.5,66.58000183105469,30
2026-06-08 05:49:00+00:00,66.4800033569336,66.52999877929688,66.44000244140625,66.5250015258789,28
2026-06-08 05:50:00+00:00,66.58000183105469,66.66500091552734,66.49500274658203,66.50499725341797,52
2026-06-08 05:51:00+00:00,66.68499755859375,66.69999694824219,66.58999633789062,66.5999984741211,58
2026-06-08 05:52:00+00:00,66.80999755859375,66.81500244140625,66.68499755859375,66.68499755859375,79
2026-06-08 05:53:00+00:00,66.66999816894531,66.82499694824219,66.66999816894531,66.78500366210938,42
2026-06-08 05:54:00+00:00,66.66500091552734,66.68499755859375,66.625,66.66500091552734,30
2026-06-08 05:55:00+00:00,66.57499694824219,66.69999694824219,66.56500244140625,66.69999694824219,19
2026-06-08 05:56:00+00:00,66.63999938964844,66.69499969482422,66.62999725341797,66.65499877929688,24
2026-06-08 05:57:00+00:00,66.6500015258789,66.6500015258789,66.5999984741211,66.62999725341797,15
2026-06-08 05:58:00+00:00,66.6500015258789,66.69999694824219,66.63500213623047,66.66999816894531,68
2026-06-08 05:59:00+00:00,66.76000213623047,66.87000274658203,66.67500305175781,66.68000030517578,119
2026-06-08 06:00:00+00:00,67.04499816894531,67.04499816894531,66.74500274658203,66.7699966430664,78
2026-06-08 06:01:00+00:00,67.11000061035156,67.13500213623047,66.9800033569336,67.02999877929688,68
2026-06-08 06:02:00+00:00,67.1050033569336,67.12999725341797,67.04000091552734,67.08999633789062,39
2026-06-08 06:03:00+00:00,67.125,67.19499969482422,67.08000183105469,67.13500213623047,59
2026-06-08 06:04:00+00:00,67.16500091552734,67.17500305175781,67.0250015258789,67.12999725341797,77
2026-06-08 06:05:00+00:00,67.20500183105469,67.20999908447266,67.13500213623047,67.16000366210938,25
2026-06-08 06:06:00+00:00,67.12999725341797,67.30999755859375,67.12999725341797,67.20500183105469,41
2026-06-08 06:07:00+00:00,67.12999725341797,67.16000366210938,67.0999984741211,67.13500213623047,13
2026-06-08 06:08:00+00:00,67.13999938964844,67.16500091552734,67.0999984741211,67.125,24
2026-06-08 06:09:00+00:00,67.19999694824219,67.23500061035156,67.16500091552734,67.20999908447266,48
2026-06-08 06:10:00+00:00,67.20999908447266,67.22000122070312,67.12000274658203,67.22000122070312,44
2026-06-08 06:11:00+00:00,67.13999938964844,67.2300033569336,67.13500213623047,67.21499633789062,35
2026-06-08 06:12:00+00:00,67.13500213623047,67.16999816894531,67.08000183105469,67.1449966430664,46
2026-06-08 06:13:00+00:00,67.16500091552734,67.19000244140625,67.13999938964844,67.13999938964844,21
2026-06-08 06:14:00+00:00,67.17500305175781,67.19000244140625,67.13999938964844,67.19000244140625,18
2026-06-08 06:15:00+00:00,67.11499786376953,67.16999816894531,67.11000061035156,67.13500213623047,19
2026-06-08 06:16:00+00:00,67.16500091552734,67.20999908447266,67.13500213623047,67.15499877929688,29
2026-06-08 06:17:00+00:00,67.25,67.27999877929688,67.15499877929688,67.19000244140625,29
2026-06-08 06:18:00+00:00,67.11000061035156,67.26000213623047,67.08999633789062,67.25499725341797,26
2026-06-08 06:19:00+00:00,67.18000030517578,67.22000122070312,67.0999984741211,67.0999984741211,22
2026-06-08 06:20:00+00:00,67.2249984741211,67.2300033569336,67.17500305175781,67.18499755859375,16
2026-06-08 06:21:00+00:00,67.44000244140625,67.44000244140625,67.20999908447266,67.2300033569336,74
2026-06-08 06:22:00+00:00,67.45999908447266,67.48999786376953,67.38999938964844,67.41500091552734,22
2026-06-08 06:23:00+00:00,67.41999816894531,67.48999786376953,67.4000015258789,67.44000244140625,25
2026-06-08 06:24:00+00:00,67.44999694824219,67.44999694824219,67.3949966430664,67.3949966430664,8
2026-06-08 06:25:00+00:00,67.38500213623047,67.46499633789062,67.38500213623047,67.44000244140625,21
2026-06-08 06:26:00+00:00,67.48999786376953,67.51000213623047,67.47000122070312,67.4749984741211,18
2026-06-08 06:27:00+00:00,67.47000122070312,67.51499938964844,67.44499969482422,67.47000122070312,22
2026-06-08 06:28:00+00:00,67.44999694824219,67.46499633789062,67.43499755859375,67.45500183105469,12
2026-06-08 06:29:00+00:00,67.37999725341797,67.46499633789062,67.37999725341797,67.46499633789062,18
2026-06-08 06:30:00+00:00,67.32499694824219,67.38999938964844,67.2750015258789,67.38999938964844,28
2026-06-08 06:31:00+00:00,67.26000213623047,67.33000183105469,67.23999786376953,67.33000183105469,50
2026-06-08 06:32:00+00:00,67.21499633789062,67.2300033569336,67.17500305175781,67.2300033569336,27
2026-06-08 06:33:00+00:00,67.16000366210938,67.22000122070312,67.16000366210938,67.22000122070312,21
2026-06-08 06:34:00+00:00,67.1449966430664,67.19000244140625,67.1449966430664,67.15499877929688,13
2026-06-08 06:35:00+00:00,67.04499816894531,67.15499877929688,67.04499816894531,67.1500015258789,57
2026-06-08 06:36:00+00:00,67.15499877929688,67.18499755859375,67.05000305175781,67.06999969482422,20
2026-06-08 06:37:00+00:00,67.11499786376953,67.15499877929688,67.08499908447266,67.15499877929688,23
2026-06-08 06:38:00+00:00,67.08499908447266,67.12999725341797,67.04000091552734,67.04000091552734,11
2026-06-08 06:39:00+00:00,67.08999633789062,67.08999633789062,67.06999969482422,67.08999633789062,6
2026-06-08 06:40:00+00:00,67.09500122070312,67.12000274658203,67.06999969482422,67.1050033569336,17
2026-06-08 06:41:00+00:00,67.12000274658203,67.125,67.07499694824219,67.11000061035156,17
2026-06-08 06:42:00+00:00,67.0999984741211,67.13999938964844,67.0999984741211,67.12000274658203,3
2026-06-08 06:43:00+00:00,67.21499633789062,67.25,67.16999816894531,67.18000030517578,60
2026-06-08 06:44:00+00:00,67.20500183105469,67.24500274658203,67.19999694824219,67.2300033569336,11
2026-06-08 06:45:00+00:00,67.18499755859375,67.2300033569336,67.18499755859375,67.20999908447266,10
2026-06-08 06:46:00+00:00,67.19499969482422,67.21499633789062,67.18499755859375,67.19999694824219,20
2026-06-08 06:47:00+00:00,67.2300033569336,67.23500061035156,67.17500305175781,67.19499969482422,26
2026-06-08 06:48:00+00:00,67.21499633789062,67.25,67.20500183105469,67.25,12
2026-06-08 06:49:00+00:00,67.12999725341797,67.17500305175781,67.12999725341797,67.17500305175781,3
2026-06-08 06:50:00+00:00,67.17500305175781,67.22000122070312,67.11499786376953,67.12000274658203,50
2026-06-08 06:51:00+00:00,67.19000244140625,67.19999694824219,67.1500015258789,67.16999816894531,14
2026-06-08 06:52:00+00:00,67.18499755859375,67.18499755859375,67.18000030517578,67.18000030517578,6
2026-06-08 06:53:00+00:00,67.19000244140625,67.2300033569336,67.19000244140625,67.19499969482422,13
2026-06-08 06:54:00+00:00,67.16500091552734,67.19000244140625,67.15499877929688,67.19000244140625,14
2026-06-08 06:55:00+00:00,67.13999938964844,67.20500183105469,67.0999984741211,67.19999694824219,20
2026-06-08 06:56:00+00:00,67.19000244140625,67.19000244140625,67.13500213623047,67.13500213623047,20
2026-06-08 06:57:00+00:00,67.21499633789062,67.2249984741211,67.16999816894531,67.19499969482422,51
2026-06-08 06:58:00+00:00,67.25499725341797,67.26499938964844,67.22000122070312,67.22000122070312,25
2026-06-08 06:59:00+00:00,67.25499725341797,67.29000091552734,67.23500061035156,67.24500274658203,31
2026-06-08 07:00:00+00:00,67.2249984741211,67.33000183105469,67.2249984741211,67.26000213623047,48
2026-06-08 07:01:00+00:00,67.11000061035156,67.15499877929688,67.06500244140625,67.15499877929688,17
2026-06-08 07:02:00+00:00,67.08000183105469,67.12000274658203,67.05999755859375,67.11000061035156,13
2026-06-08 07:03:00+00:00,67.26499938964844,67.27999877929688,67.08999633789062,67.08999633789062,27
2026-06-08 07:04:00+00:00,67.19000244140625,67.26499938964844,67.19000244140625,67.26499938964844,5
2026-06-08 07:05:00+00:00,67.0999984741211,67.16999816894531,67.08000183105469,67.16999816894531,14
2026-06-08 07:06:00+00:00,67.0250015258789,67.1050033569336,67.0250015258789,67.1050033569336,22
2026-06-08 07:07:00+00:00,67.01499938964844,67.08499908447266,67.01499938964844,67.08499908447266,11
2026-06-08 07:08:00+00:00,67.18000030517578,67.18000030517578,67.04000091552734,67.04000091552734,32
2026-06-08 07:09:00+00:00,67.19000244140625,67.19000244140625,67.17500305175781,67.17500305175781,10
2026-06-08 07:10:00+00:00,67.19999694824219,67.20999908447266,67.18499755859375,67.18499755859375,7
2026-06-08 07:11:00+00:00,67.17500305175781,67.23500061035156,67.15499877929688,67.19499969482422,27
2026-06-08 07:12:00+00:00,67.18000030517578,67.2699966430664,67.16999816894531,67.19499969482422,42
2026-06-08 07:13:00+00:00,67.30999755859375,67.36000061035156,67.17500305175781,67.18000030517578,33
2026-06-08 07:14:00+00:00,67.25499725341797,67.31500244140625,67.23500061035156,67.31500244140625,6
2026-06-08 07:15:00+00:00,67.23999786376953,67.24500274658203,67.06500244140625,67.24500274658203,66
2026-06-08 07:16:00+00:00,67.31999969482422,67.33499908447266,67.22000122070312,67.22000122070312,16
2026-06-08 07:17:00+00:00,67.41500091552734,67.44499969482422,67.33999633789062,67.33999633789062,20
2026-06-08 07:18:00+00:00,67.33000183105469,67.38999938964844,67.33000183105469,67.38999938964844,7
2026-06-08 07:19:00+00:00,67.42500305175781,67.42500305175781,67.30999755859375,67.31500244140625,24
2026-06-08 07:20:00+00:00,67.44000244140625,67.44000244140625,67.41500091552734,67.43000030517578,21
2026-06-08 07:21:00+00:00,67.53500366210938,67.54499816894531,67.45500183105469,67.46499633789062,60
2026-06-08 07:22:00+00:00,67.46499633789062,67.51499938964844,67.45500183105469,67.51499938964844,22
2026-06-08 07:23:00+00:00,67.52999877929688,67.52999877929688,67.45500183105469,67.4800033569336,6
2026-06-08 07:24:00+00:00,67.6050033569336,67.625,67.51499938964844,67.52999877929688,22
2026-06-08 07:25:00+00:00,67.67500305175781,67.70999908447266,67.55500030517578,67.6050033569336,62
2026-06-08 07:26:00+00:00,67.6500015258789,67.72000122070312,67.625,67.70500183105469,30
2026-06-08 07:27:00+00:00,67.66999816894531,67.69999694824219,67.6449966430664,67.6500015258789,32
2026-06-08 07:28:00+00:00,67.61000061035156,67.68000030517578,67.59500122070312,67.66999816894531,15
2026-06-08 07:29:00+00:00,67.5199966430664,67.56999969482422,67.5199966430664,67.56999969482422,8
2026-06-08 07:30:00+00:00,67.55000305175781,67.62999725341797,67.48999786376953,67.51499938964844,63
2026-06-08 07:31:00+00:00,67.55999755859375,67.58499908447266,67.55500030517578,67.56500244140625,19
2026-06-08 07:32:00+00:00,67.53500366210938,67.58999633789062,67.53500366210938,67.58999633789062,15
2026-06-08 07:33:00+00:00,67.61499786376953,67.61499786376953,67.55999755859375,67.55999755859375,5
2026-06-08 07:34:00+00:00,67.56999969482422,67.59500122070312,67.56999969482422,67.59500122070312,5
2026-06-08 07:35:00+00:00,67.54499816894531,67.62000274658203,67.53500366210938,67.5999984741211,11
2026-06-08 07:36:00+00:00,67.52999877929688,67.56999969482422,67.5,67.55500030517578,21
2026-06-08 07:37:00+00:00,67.56500244140625,67.56500244140625,67.41999816894531,67.54499816894531,104
2026-06-08 07:38:00+00:00,67.5,67.71499633789062,67.5,67.54499816894531,48
2026-06-08 07:39:00+00:00,67.5999984741211,67.6050033569336,67.45999908447266,67.48999786376953,24
2026-06-08 07:40:00+00:00,67.44499969482422,67.55000305175781,67.42500305175781,67.53500366210938,31
2026-06-08 07:41:00+00:00,67.41500091552734,67.44999694824219,67.4000015258789,67.44999694824219,9
2026-06-08 07:42:00+00:00,67.33499908447266,67.375,67.31999969482422,67.37000274658203,16
2026-06-08 07:43:00+00:00,67.33000183105469,67.38999938964844,67.29000091552734,67.3550033569336,37
2026-06-08 07:44:00+00:00,67.2699966430664,67.30500030517578,67.2699966430664,67.30500030517578,13
2026-06-08 07:45:00+00:00,67.25499725341797,67.30000305175781,67.21499633789062,67.28500366210938,44
2026-06-08 07:46:00+00:00,67.2300033569336,67.23500061035156,67.18000030517578,67.23500061035156,28
2026-06-08 07:47:00+00:00,67.26000213623047,67.26000213623047,67.16999816894531,67.20999908447266,13
2026-06-08 07:48:00+00:00,67.24500274658203,67.26000213623047,67.2300033569336,67.26000213623047,15
2026-06-08 07:49:00+00:00,67.19499969482422,67.25499725341797,67.19499969482422,67.23999786376953,13
2026-06-08 07:50:00+00:00,67.2300033569336,67.25,67.22000122070312,67.22000122070312,24
2026-06-08 07:51:00+00:00,67.18499755859375,67.25,67.18000030517578,67.23999786376953,22
2026-06-08 07:52:00+00:00,67.1449966430664,67.17500305175781,67.13999938964844,67.17500305175781,34
2026-06-08 07:53:00+00:00,67.18000030517578,67.18000030517578,67.1050033569336,67.1500015258789,28
2026-06-08 07:54:00+00:00,67.1500015258789,67.20500183105469,67.1500015258789,67.18000030517578,4
2026-06-08 07:55:00+00:00,67.20500183105469,67.21499633789062,67.16000366210938,67.16999816894531,21
2026-06-08 07:56:00+00:00,67.11000061035156,67.17500305175781,67.1050033569336,67.17500305175781,16
2026-06-08 07:57:00+00:00,67.16000366210938,67.16000366210938,67.12999725341797,67.12999725341797,2
2026-06-08 07:58:00+00:00,67.12000274658203,67.19499969482422,67.12000274658203,67.19499969482422,18
2026-06-08 07:59:00+00:00,67.08000183105469,67.11000061035156,67.08000183105469,67.11000061035156,5
2026-06-08 08:00:00+00:00,67.04499816894531,67.18000030517578,67.01499938964844,67.125,56
2026-06-08 08:01:00+00:00,66.96499633789062,67.05500030517578,66.93499755859375,67.04000091552734,65
2026-06-08 08:02:00+00:00,67.06500244140625,67.06500244140625,67.0,67.00499725341797,43
2026-06-08 08:03:00+00:00,67.13500213623047,67.16999816894531,67.08000183105469,67.0999984741211,14
2026-06-08 08:04:00+00:00,67.08000183105469,67.16500091552734,67.04000091552734,67.1500015258789,26
2026-06-08 08:05:00+00:00,67.11000061035156,67.125,67.06500244140625,67.08499908447266,24
2026-06-08 08:06:00+00:00,67.15499877929688,67.16000366210938,67.11499786376953,67.11499786376953,14
2026-06-08 08:07:00+00:00,67.1050033569336,67.15499877929688,67.08499908447266,67.125,16
2026-06-08 08:08:00+00:00,67.125,67.15499877929688,67.12000274658203,67.12000274658203,6
2026-06-08 08:09:00+00:00,67.21499633789062,67.26000213623047,67.17500305175781,67.17500305175781,32
2026-06-08 08:10:00+00:00,67.08000183105469,67.18000030517578,67.03500366210938,67.18000030517578,17
2026-06-08 08:11:00+00:00,67.11499786376953,67.11499786376953,67.09500122070312,67.09500122070312,10
2026-06-08 08:12:00+00:00,67.0999984741211,67.15499877929688,67.0999984741211,67.15499877929688,12
2026-06-08 08:13:00+00:00,67.1050033569336,67.16500091552734,67.1050033569336,67.125,5
2026-06-08 08:14:00+00:00,67.09500122070312,67.11000061035156,67.06500244140625,67.11000061035156,9
2026-06-08 08:15:00+00:00,67.13999938964844,67.16500091552734,67.06500244140625,67.06999969482422,14
2026-06-08 08:16:00+00:00,67.07499694824219,67.18000030517578,67.02999877929688,67.13999938964844,33
2026-06-08 08:17:00+00:00,67.11499786376953,67.13999938964844,67.06999969482422,67.1050033569336,36
2026-06-08 08:18:00+00:00,67.18000030517578,67.18000030517578,67.1050033569336,67.15499877929688,25
2026-06-08 08:19:00+00:00,67.16500091552734,67.19999694824219,67.13999938964844,67.16000366210938,45
2026-06-08 08:20:00+00:00,67.16000366210938,67.19999694824219,67.12000274658203,67.18499755859375,31
2026-06-08 08:21:00+00:00,67.13500213623047,67.15499877929688,67.08000183105469,67.15499877929688,42
2026-06-08 08:22:00+00:00,67.09500122070312,67.19000244140625,67.07499694824219,67.12000274658203,19
2026-06-08 08:23:00+00:00,67.09500122070312,67.12999725341797,67.06500244140625,67.06999969482422,17
2026-06-08 08:24:00+00:00,67.09500122070312,67.18499755859375,67.08000183105469,67.125,30
2026-06-08 08:25:00+00:00,67.13999938964844,67.15499877929688,67.06500244140625,67.08499908447266,19
2026-06-08 08:26:00+00:00,67.15499877929688,67.16000366210938,67.11499786376953,67.125,13
2026-06-08 08:27:00+00:00,67.1050033569336,67.1500015258789,67.08000183105469,67.1500015258789,25
2026-06-08 08:28:00+00:00,67.08000183105469,67.11499786376953,67.08000183105469,67.08499908447266,18
2026-06-08 08:29:00+00:00,67.125,67.125,67.0999984741211,67.12000274658203,9
2026-06-08 08:30:00+00:00,67.2249984741211,67.2249984741211,67.08000183105469,67.13999938964844,13
2026-06-08 08:31:00+00:00,67.16999816894531,67.19499969482422,67.12000274658203,67.16999816894531,21
2026-06-08 08:32:00+00:00,67.16999816894531,67.19000244140625,67.1500015258789,67.1500015258789,21
2026-06-08 08:33:00+00:00,67.13500213623047,67.1500015258789,67.06999969482422,67.125,27
2026-06-08 08:34:00+00:00,67.13500213623047,67.15499877929688,67.12999725341797,67.12999725341797,8
2026-06-08 08:35:00+00:00,67.02999877929688,67.09500122070312,67.0199966430664,67.09500122070312,10
2026-06-08 08:36:00+00:00,67.02999877929688,67.05000305175781,67.01499938964844,67.0199966430664,14
2026-06-08 08:37:00+00:00,67.02999877929688,67.05999755859375,67.00499725341797,67.03500366210938,12
2026-06-08 08:38:00+00:00,67.02999877929688,67.02999877929688,67.02999877929688,67.02999877929688,1
2026-06-08 08:39:00+00:00,67.0,67.05999755859375,66.98999786376953,67.05999755859375,19
2026-06-08 08:40:00+00:00,67.0,67.06500244140625,66.9800033569336,67.00499725341797,33
2026-06-08 08:41:00+00:00,66.94000244140625,67.01000213623047,66.94000244140625,67.01000213623047,21
2026-06-08 08:42:00+00:00,66.95500183105469,66.9800033569336,66.95500183105469,66.95999908447266,18
2026-06-08 08:43:00+00:00,67.08499908447266,67.1050033569336,67.01000213623047,67.01000213623047,49
2026-06-08 08:44:00+00:00,67.15499877929688,67.16500091552734,67.09500122070312,67.0999984741211,32
2026-06-08 08:45:00+00:00,67.23500061035156,67.23500061035156,67.16000366210938,67.16000366210938,18
2026-06-08 08:46:00+00:00,67.12000274658203,67.2249984741211,67.08499908447266,67.2249984741211,32
2026-06-08 08:47:00+00:00,67.04499816894531,67.13500213623047,66.97000122070312,67.13500213623047,54
2026-06-08 08:48:00+00:00,67.08000183105469,67.08000183105469,67.05999755859375,67.05999755859375,8
2026-06-08 08:49:00+00:00,67.09500122070312,67.17500305175781,67.08999633789062,67.13999938964844,28
2026-06-08 08:50:00+00:00,67.15499877929688,67.16500091552734,67.0999984741211,67.12000274658203,29
2026-06-08 08:51:00+00:00,67.0999984741211,67.1500015258789,67.0999984741211,67.13999938964844,13
2026-06-08 08:52:00+00:00,67.07499694824219,67.13500213623047,67.07499694824219,67.12999725341797,11
2026-06-08 08:53:00+00:00,67.08499908447266,67.0999984741211,67.08499908447266,67.0999984741211,2
2026-06-08 08:54:00+00:00,67.11000061035156,67.12000274658203,67.11000061035156,67.12000274658203,7
2026-06-08 08:55:00+00:00,67.0199966430664,67.08999633789062,67.0199966430664,67.08999633789062,4
2026-06-08 08:56:00+00:00,67.1449966430664,67.16500091552734,67.04000091552734,67.04000091552734,26
2026-06-08 08:57:00+00:00,67.16500091552734,67.16500091552734,67.12000274658203,67.125,11
2026-06-08 08:58:00+00:00,67.22000122070312,67.22000122070312,67.16999816894531,67.16999816894531,7
2026-06-08 08:59:00+00:00,67.17500305175781,67.22000122070312,67.17500305175781,67.22000122070312,8
2026-06-08 09:00:00+00:00,67.26000213623047,67.26000213623047,67.18000030517578,67.19999694824219,25
2026-06-08 09:01:00+00:00,67.26000213623047,67.30500030517578,67.2300033569336,67.30500030517578,28
2026-06-08 09:02:00+00:00,67.2300033569336,67.2699966430664,67.22000122070312,67.2699966430664,13
2026-06-08 09:03:00+00:00,67.2300033569336,67.28500366210938,67.17500305175781,67.26499938964844,31
2026-06-08 09:04:00+00:00,67.23500061035156,67.24500274658203,67.22000122070312,67.22000122070312,7
2026-06-08 09:05:00+00:00,67.1449966430664,67.19499969482422,67.13999938964844,67.18499755859375,9
2026-06-08 09:06:00+00:00,67.16500091552734,67.18499755859375,67.1449966430664,67.1449966430664,10
2026-06-08 09:07:00+00:00,67.13999938964844,67.1500015258789,67.13999938964844,67.1500015258789,2
2026-06-08 09:08:00+00:00,67.1500015258789,67.1500015258789,67.13999938964844,67.13999938964844,2
2026-06-08 09:09:00+00:00,67.08999633789062,67.11499786376953,67.05999755859375,67.11499786376953,12
2026-06-08 09:10:00+00:00,67.11499786376953,67.12999725341797,67.06500244140625,67.06500244140625,6
2026-06-08 09:11:00+00:00,67.18000030517578,67.18000030517578,67.1500015258789,67.1500015258789,4
2026-06-08 09:12:00+00:00,67.19499969482422,67.19499969482422,67.16999816894531,67.18000030517578,10
2026-06-08 09:13:00+00:00,67.19499969482422,67.21499633789062,67.19499969482422,67.20999908447266,3
2026-06-08 09:14:00+00:00,67.1500015258789,67.18000030517578,67.1500015258789,67.18000030517578,3
2026-06-08 09:15:00+00:00,67.20999908447266,67.22000122070312,67.18499755859375,67.18499755859375,12
2026-06-08 09:16:00+00:00,67.20999908447266,67.21499633789062,67.20500183105469,67.21499633789062,23
2026-06-08 09:17:00+00:00,67.17500305175781,67.20999908447266,67.15499877929688,67.20999908447266,4
2026-06-08 09:19:00+00:00,67.16000366210938,67.16000366210938,67.125,67.125,3
2026-06-08 09:20:00+00:00,67.25,67.25,67.16999816894531,67.18000030517578,31
2026-06-08 09:21:00+00:00,67.29499816894531,67.33000183105469,67.27999877929688,67.29000091552734,32
2026-06-08 09:22:00+00:00,67.24500274658203,67.29000091552734,67.24500274658203,67.29000091552734,4
2026-06-08 09:24:00+00:00,67.18499755859375,67.2300033569336,67.18499755859375,67.2300033569336,7
2026-06-08 09:25:00+00:00,67.16500091552734,67.16500091552734,67.1500015258789,67.16000366210938,4
2026-06-08 09:26:00+00:00,67.1449966430664,67.17500305175781,67.1449966430664,67.16000366210938,7
2026-06-08 09:27:00+00:00,67.15499877929688,67.21499633789062,67.15499877929688,67.19499969482422,15
2026-06-08 09:28:00+00:00,67.0199966430664,67.12999725341797,67.01000213623047,67.12999725341797,25
2026-06-08 09:29:00+00:00,66.95999908447266,67.04000091552734,66.95999908447266,67.04000091552734,42
2026-06-08 09:30:00+00:00,66.97000122070312,67.0250015258789,66.88500213623047,66.95999908447266,48
2026-06-08 09:31:00+00:00,66.94000244140625,66.98999786376953,66.94000244140625,66.9800033569336,16
2026-06-08 09:32:00+00:00,66.91999816894531,66.93000030517578,66.8949966430664,66.93000030517578,8
2026-06-08 09:33:00+00:00,66.90499877929688,66.93499755859375,66.9000015258789,66.93499755859375,17
2026-06-08 09:34:00+00:00,66.83000183105469,66.88999938964844,66.83000183105469,66.88999938964844,20
2026-06-08 09:35:00+00:00,66.75499725341797,66.83000183105469,66.7249984741211,66.80500030517578,77
2026-06-08 09:36:00+00:00,67.15499877929688,67.2300033569336,66.75499725341797,66.75499725341797,116
2026-06-08 09:37:00+00:00,67.19000244140625,67.36000061035156,67.12000274658203,67.17500305175781,58
2026-06-08 09:38:00+00:00,67.12999725341797,67.18499755859375,67.12000274658203,67.16500091552734,23
2026-06-08 09:39:00+00:00,67.2249984741211,67.29000091552734,67.125,67.125,59
2026-06-08 09:40:00+00:00,67.2699966430664,67.2750015258789,67.2249984741211,67.2300033569336,18
2026-06-08 09:41:00+00:00,67.19499969482422,67.24500274658203,67.16999816894531,67.2249984741211,9
2026-06-08 09:42:00+00:00,67.3499984741211,67.3499984741211,67.19999694824219,67.19999694824219,35
2026-06-08 09:43:00+00:00,67.3550033569336,67.38500213623047,67.27999877929688,67.3499984741211,46
2026-06-08 09:44:00+00:00,67.30000305175781,67.33000183105469,67.27999877929688,67.33000183105469,30
2026-06-08 09:45:00+00:00,67.38500213623047,67.38500213623047,67.27999877929688,67.27999877929688,14
2026-06-08 09:46:00+00:00,67.36499786376953,67.37000274658203,67.31999969482422,67.37000274658203,14
2026-06-08 09:47:00+00:00,67.38500213623047,67.38500213623047,67.3499984741211,67.3499984741211,7
2026-06-08 09:48:00+00:00,67.47000122070312,67.4800033569336,67.3949966430664,67.41000366210938,91
2026-06-08 09:49:00+00:00,67.45999908447266,67.48500061035156,67.45999908447266,67.48500061035156,17
2026-06-08 09:50:00+00:00,67.375,67.45999908447266,67.375,67.45999908447266,33
2026-06-08 09:51:00+00:00,67.3499984741211,67.36000061035156,67.33999633789062,67.36000061035156,10
2026-06-08 09:52:00+00:00,67.26499938964844,67.33999633789062,67.25,67.33999633789062,13
2026-06-08 09:53:00+00:00,67.26000213623047,67.2750015258789,67.20500183105469,67.24500274658203,32
2026-06-08 09:54:00+00:00,67.29499816894531,67.29499816894531,67.27999877929688,67.27999877929688,3
2026-06-08 09:55:00+00:00,67.23999786376953,67.30500030517578,67.23999786376953,67.27999877929688,13
2026-06-08 09:56:00+00:00,67.19499969482422,67.26499938964844,67.16500091552734,67.26499938964844,46
2026-06-08 09:57:00+00:00,67.19499969482422,67.22000122070312,67.19499969482422,67.21499633789062,6
2026-06-08 09:58:00+00:00,67.22000122070312,67.22000122070312,67.19000244140625,67.19000244140625,4
2026-06-08 09:59:00+00:00,67.20500183105469,67.21499633789062,67.19000244140625,67.19000244140625,4
2026-06-08 10:00:00+00:00,67.16999816894531,67.23999786376953,67.13999938964844,67.23999786376953,17
2026-06-08 10:01:00+00:00,67.08499908447266,67.18499755859375,67.08499908447266,67.1500015258789,51
2026-06-08 10:02:00+00:00,67.125,67.125,66.94000244140625,67.0999984741211,55
2026-06-08 10:03:00+00:00,67.0999984741211,67.11000061035156,67.0999984741211,67.11000061035156,9
2026-06-08 10:04:00+00:00,67.0999984741211,67.12000274658203,67.04000091552734,67.05999755859375,28
2026-06-08 10:05:00+00:00,67.13500213623047,67.17500305175781,67.0999984741211,67.16000366210938,9
2026-06-08 10:06:00+00:00,67.25,67.25,67.19999694824219,67.19999694824219,15
2026-06-08 10:07:00+00:00,67.30999755859375,67.30999755859375,67.26499938964844,67.30000305175781,18
2026-06-08 10:08:00+00:00,67.31500244140625,67.31500244140625,67.2699966430664,67.30999755859375,8
2026-06-08 10:09:00+00:00,67.27999877929688,67.34500122070312,67.26000213623047,67.33000183105469,15
2026-06-08 10:10:00+00:00,67.33000183105469,67.33000183105469,67.28500366210938,67.28500366210938,6
2026-06-08 10:11:00+00:00,67.3550033569336,67.3550033569336,67.3550033569336,67.3550033569336,1
2026-06-08 10:12:00+00:00,67.31500244140625,67.33499908447266,67.29000091552734,67.33499908447266,9
2026-06-08 10:13:00+00:00,67.29499816894531,67.31500244140625,67.29000091552734,67.30999755859375,5
2026-06-08 10:14:00+00:00,67.30999755859375,67.30999755859375,67.26499938964844,67.26499938964844,7
2026-06-08 10:15:00+00:00,67.27999877929688,67.30999755859375,67.27999877929688,67.30999755859375,11
2026-06-08 10:16:00+00:00,67.28500366210938,67.29000091552734,67.2699966430664,67.2699966430664,5
2026-06-08 10:17:00+00:00,67.19000244140625,67.21499633789062,67.1449966430664,67.21499633789062,15
2026-06-08 10:18:00+00:00,67.1500015258789,67.19999694824219,67.1500015258789,67.19999694824219,13
2026-06-08 10:19:00+00:00,67.11499786376953,67.15499877929688,67.11499786376953,67.13999938964844,14
2026-06-08 10:20:00+00:00,67.1449966430664,67.1449966430664,67.11000061035156,67.12000274658203,13
2026-06-08 10:21:00+00:00,67.08999633789062,67.13500213623047,67.08999633789062,67.13500213623047,14
2026-06-08 10:22:00+00:00,67.08000183105469,67.125,67.05000305175781,67.06999969482422,19
2026-06-08 10:23:00+00:00,67.06999969482422,67.06999969482422,67.04000091552734,67.05500030517578,8
2026-06-08 10:24:00+00:00,67.05000305175781,67.0999984741211,67.02999877929688,67.04499816894531,11
2026-06-08 10:25:00+00:00,67.12000274658203,67.12000274658203,67.03500366210938,67.08000183105469,12
2026-06-08 10:26:00+00:00,67.1050033569336,67.12999725341797,67.08999633789062,67.12999725341797,7
2026-06-08 10:27:00+00:00,67.1050033569336,67.11499786376953,67.1050033569336,67.11499786376953,4
2026-06-08 10:28:00+00:00,67.1500015258789,67.1500015258789,67.12999725341797,67.12999725341797,2
2026-06-08 10:29:00+00:00,67.2249984741211,67.23500061035156,67.1500015258789,67.1500015258789,36
2026-06-08 10:30:00+00:00,67.19999694824219,67.19999694824219,67.16500091552734,67.16500091552734,4
2026-06-08 10:31:00+00:00,67.18499755859375,67.2249984741211,67.18499755859375,67.19999694824219,16
2026-06-08 10:32:00+00:00,67.20999908447266,67.21499633789062,67.19999694824219,67.20999908447266,8
2026-06-08 10:33:00+00:00,67.30000305175781,67.33499908447266,67.21499633789062,67.22000122070312,25
2026-06-08 10:34:00+00:00,67.55000305175781,67.6050033569336,67.2699966430664,67.2699966430664,204
2026-06-08 10:35:00+00:00,67.5,67.62999725341797,67.4800033569336,67.5999984741211,51
2026-06-08 10:36:00+00:00,67.5,67.55000305175781,67.49500274658203,67.51000213623047,31
2026-06-08 10:37:00+00:00,67.47000122070312,67.56999969482422,67.44000244140625,67.52999877929688,52
2026-06-08 10:38:00+00:00,67.51000213623047,67.51000213623047,67.47000122070312,67.48500061035156,9
2026-06-08 10:39:00+00:00,67.41999816894531,67.45999908447266,67.40499877929688,67.45500183105469,7
2026-06-08 10:40:00+00:00,67.41999816894531,67.43000030517578,67.4000015258789,67.41000366210938,7
2026-06-08 10:41:00+00:00,67.45500183105469,67.47000122070312,67.41500091552734,67.44000244140625,8
2026-06-08 10:42:00+00:00,67.47000122070312,67.48999786376953,67.44999694824219,67.44999694824219,11
2026-06-08 10:43:00+00:00,67.51000213623047,67.54000091552734,67.4800033569336,67.4800033569336,11
2026-06-08 10:44:00+00:00,67.53500366210938,67.54000091552734,67.51000213623047,67.53500366210938,14
2026-06-08 10:45:00+00:00,67.41999816894531,67.54000091552734,67.41999816894531,67.51499938964844,27
2026-06-08 10:46:00+00:00,67.33000183105469,67.44999694824219,67.33000183105469,67.44999694824219,23
2026-06-08 10:47:00+00:00,67.34500122070312,67.34500122070312,67.30500030517578,67.31999969482422,11
2026-06-08 10:48:00+00:00,67.37000274658203,67.37000274658203,67.3499984741211,67.36000061035156,9
2026-06-08 10:49:00+00:00,67.36000061035156,67.40499877929688,67.36000061035156,67.38500213623047,10
2026-06-08 10:50:00+00:00,67.375,67.38500213623047,67.3499984741211,67.375,9
2026-06-08 10:51:00+00:00,67.40499877929688,67.40499877929688,67.27999877929688,67.34500122070312,50
2026-06-08 10:52:00+00:00,67.43499755859375,67.43499755859375,67.3949966430664,67.4000015258789,8
2026-06-08 10:53:00+00:00,67.4000015258789,67.45500183105469,67.4000015258789,67.44000244140625,11
2026-06-08 10:54:00+00:00,67.29499816894531,67.3949966430664,67.29499816894531,67.3949966430664,61
2026-06-08 10:55:00+00:00,67.25499725341797,67.30500030517578,67.25499725341797,67.30500030517578,34
2026-06-08 10:56:00+00:00,67.27999877929688,67.27999877929688,67.24500274658203,67.24500274658203,11
2026-06-08 10:57:00+00:00,67.32499694824219,67.32499694824219,67.29000091552734,67.30000305175781,27
2026-06-08 10:58:00+00:00,67.2750015258789,67.31500244140625,67.2750015258789,67.31500244140625,39
2026-06-08 10:59:00+00:00,67.30500030517578,67.33999633789062,67.27999877929688,67.28500366210938,6
2026-06-08 11:00:00+00:00,67.2750015258789,67.375,67.26000213623047,67.29499816894531,150
2026-06-08 11:01:00+00:00,67.24500274658203,67.27999877929688,67.24500274658203,67.26000213623047,16
2026-06-08 11:02:00+00:00,67.25499725341797,67.26499938964844,67.2300033569336,67.24500274658203,19
2026-06-08 11:03:00+00:00,67.29499816894531,67.30999755859375,67.26499938964844,67.2699966430664,14
2026-06-08 11:04:00+00:00,67.28500366210938,67.30500030517578,67.24500274658203,67.30500030517578,18
2026-06-08 11:05:00+00:00,67.34500122070312,67.3499984741211,67.30000305175781,67.31500244140625,38
2026-06-08 11:06:00+00:00,67.33999633789062,67.33999633789062,67.32499694824219,67.33000183105469,10
2026-06-08 11:07:00+00:00,67.375,67.38500213623047,67.33999633789062,67.33999633789062,9
2026-06-08 11:08:00+00:00,67.375,67.3949966430664,67.375,67.3949966430664,14
2026-06-08 11:09:00+00:00,67.44499969482422,67.44499969482422,67.3550033569336,67.3949966430664,15
2026-06-08 11:10:00+00:00,67.7699966430664,67.80000305175781,67.44499969482422,67.4749984741211,205
2026-06-08 11:11:00+00:00,67.58999633789062,67.76499938964844,67.53500366210938,67.76499938964844,122
2026-06-08 11:12:00+00:00,67.6050033569336,67.70999908447266,67.55999755859375,67.57499694824219,53
2026-06-08 11:13:00+00:00,67.59500122070312,67.69000244140625,67.54499816894531,67.5999984741211,44
2026-06-08 11:14:00+00:00,67.8949966430664,67.91500091552734,67.6050033569336,67.6050033569336,177
2026-06-08 11:15:00+00:00,67.83000183105469,68.06500244140625,67.7300033569336,67.90499877929688,248
2026-06-08 11:16:00+00:00,67.80000305175781,67.86000061035156,67.69999694824219,67.79000091552734,54
2026-06-08 11:17:00+00:00,67.80000305175781,67.8499984741211,67.78500366210938,67.80000305175781,59
2026-06-08 11:18:00+00:00,67.9000015258789,67.95999908447266,67.75,67.78500366210938,65
2026-06-08 11:19:00+00:00,68.22000122070312,68.22000122070312,67.875,67.94499969482422,141
2026-06-08 11:20:00+00:00,68.20500183105469,68.44000244140625,68.1500015258789,68.19499969482422,239
2026-06-08 11:21:00+00:00,68.2750015258789,68.27999877929688,68.18000030517578,68.21499633789062,64
2026-06-08 11:22:00+00:00,68.18499755859375,68.26000213623047,68.18499755859375,68.25,24
2026-06-08 11:23:00+00:00,68.16500091552734,68.20500183105469,68.09500122070312,68.16500091552734,48
2026-06-08 11:24:00+00:00,68.19999694824219,68.25,68.15499877929688,68.15499877929688,38
2026-06-08 11:25:00+00:00,68.26499938964844,68.2750015258789,68.19499969482422,68.20999908447266,63
2026-06-08 11:26:00+00:00,68.34500122070312,68.37999725341797,68.22000122070312,68.23999786376953,130
2026-06-08 11:27:00+00:00,68.26000213623047,68.36000061035156,68.26000213623047,68.30999755859375,63
2026-06-08 11:28:00+00:00,68.18000030517578,68.2699966430664,68.11499786376953,68.26499938964844,45
2026-06-08 11:29:00+00:00,68.2300033569336,68.26499938964844,68.18000030517578,68.18499755859375,43
2026-06-08 11:30:00+00:00,68.26000213623047,68.29499816894531,68.23999786376953,68.24500274658203,47
2026-06-08 11:31:00+00:00,68.37999725341797,68.37999725341797,68.26000213623047,68.28500366210938,56
2026-06-08 11:32:00+00:00,68.43000030517578,68.43000030517578,68.33999633789062,68.375,91
2026-06-08 11:33:00+00:00,68.37999725341797,68.40499877929688,68.3550033569336,68.40499877929688,22
2026-06-08 11:34:00+00:00,68.37999725341797,68.38999938964844,68.31999969482422,68.3550033569336,72
2026-06-08 11:35:00+00:00,68.34500122070312,68.375,68.32499694824219,68.375,19
2026-06-08 11:36:00+00:00,68.25499725341797,68.37999725341797,68.25499725341797,68.37999725341797,48
2026-06-08 11:37:00+00:00,68.34500122070312,68.3550033569336,68.30000305175781,68.31500244140625,35
2026-06-08 11:38:00+00:00,68.37000274658203,68.4000015258789,68.3499984741211,68.375,16
2026-06-08 11:39:00+00:00,68.33000183105469,68.37999725341797,68.30999755859375,68.36499786376953,10
2026-06-08 11:40:00+00:00,68.30500030517578,68.3499984741211,68.29499816894531,68.33999633789062,19
2026-06-08 11:41:00+00:00,68.31999969482422,68.33999633789062,68.27999877929688,68.33999633789062,14
2026-06-08 11:42:00+00:00,68.33499908447266,68.36000061035156,68.32499694824219,68.36000061035156,32
2026-06-08 11:43:00+00:00,68.23500061035156,68.37000274658203,68.23500061035156,68.3550033569336,24
2026-06-08 11:44:00+00:00,68.3499984741211,68.3499984741211,68.2249984741211,68.26000213623047,41
2026-06-08 11:45:00+00:00,68.36499786376953,68.41999816894531,68.30500030517578,68.33000183105469,34
2026-06-08 11:46:00+00:00,68.31500244140625,68.37000274658203,68.30500030517578,68.36499786376953,19
2026-06-08 11:47:00+00:00,68.26499938964844,68.31500244140625,68.25,68.30000305175781,39
2026-06-08 11:48:00+00:00,68.29000091552734,68.30500030517578,68.26000213623047,68.2699966430664,26
2026-06-08 11:49:00+00:00,68.31500244140625,68.33000183105469,68.23999786376953,68.27999877929688,76
2026-06-08 11:50:00+00:00,68.3499984741211,68.3550033569336,68.31999969482422,68.31999969482422,18
2026-06-08 11:51:00+00:00,68.44499969482422,68.4800033569336,68.3499984741211,68.36000061035156,91
2026-06-08 11:52:00+00:00,68.4000015258789,68.5250015258789,68.37999725341797,68.47000122070312,151
2026-06-08 11:53:00+00:00,68.43499755859375,68.43499755859375,68.33000183105469,68.38999938964844,80
2026-06-08 11:54:00+00:00,68.38500213623047,68.46499633789062,68.38500213623047,68.41500091552734,64
2026-06-08 11:55:00+00:00,68.3949966430664,68.43000030517578,68.38500213623047,68.41000366210938,38
2026-06-08 11:56:00+00:00,68.59500122070312,68.6050033569336,68.41500091552734,68.41500091552734,129
2026-06-08 11:57:00+00:00,68.62000274658203,68.63500213623047,68.58000183105469,68.5999984741211,59
2026-06-08 11:58:00+00:00,68.66999816894531,68.71499633789062,68.58999633789062,68.58999633789062,208
2026-06-08 11:59:00+00:00,68.5999984741211,68.66500091552734,68.56999969482422,68.66500091552734,122
2026-06-08 12:00:00+00:00,68.66500091552734,68.68000030517578,68.5,68.58999633789062,79
2026-06-08 12:01:00+00:00,68.56500244140625,68.69499969482422,68.55999755859375,68.68000030517578,30
2026-06-08 12:02:00+00:00,68.6050033569336,68.6050033569336,68.5250015258789,68.58000183105469,54
2026-06-08 12:03:00+00:00,68.54499816894531,68.66999816894531,68.54000091552734,68.62000274658203,77
2026-06-08 12:04:00+00:00,68.68000030517578,68.7300033569336,68.54000091552734,68.56500244140625,67
2026-06-08 12:05:00+00:00,68.67500305175781,68.75499725341797,68.6449966430664,68.66999816894531,93
2026-06-08 12:06:00+00:00,68.70999908447266,68.75499725341797,68.61000061035156,68.66000366210938,85
2026-06-08 12:07:00+00:00,68.65499877929688,68.69499969482422,68.61000061035156,68.69499969482422,45
2026-06-08 12:08:00+00:00,68.69499969482422,68.77999877929688,68.66000366210938,68.66000366210938,32
2026-06-08 12:09:00+00:00,68.66000366210938,68.69999694824219,68.66000366210938,68.66500091552734,15
2026-06-08 12:10:00+00:00,68.5999984741211,68.68499755859375,68.5999984741211,68.66000366210938,63
2026-06-08 12:11:00+00:00,68.63999938964844,68.63999938964844,68.56999969482422,68.6050033569336,84
2026-06-08 12:12:00+00:00,68.48999786376953,68.6500015258789,68.4749984741211,68.6500015258789,124
2026-06-08 12:13:00+00:00,68.4000015258789,68.5,68.38500213623047,68.5,71
2026-06-08 12:14:00+00:00,68.36499786376953,68.44000244140625,68.36000061035156,68.42500305175781,36
2026-06-08 12:15:00+00:00,68.26000213623047,68.36000061035156,68.23999786376953,68.36000061035156,49
2026-06-08 12:16:00+00:00,68.38500213623047,68.4000015258789,68.27999877929688,68.29499816894531,58
2026-06-08 12:17:00+00:00,68.44000244140625,68.45999908447266,68.36499786376953,68.375,49
2026-06-08 12:18:00+00:00,68.51499938964844,68.52999877929688,68.43499755859375,68.44999694824219,27
2026-06-08 12:19:00+00:00,68.51499938964844,68.54000091552734,68.48999786376953,68.5199966430664,31
2026-06-08 12:20:00+00:00,68.55500030517578,68.56500244140625,68.48500061035156,68.51000213623047,56
2026-06-08 12:21:00+00:00,68.54499816894531,68.63999938964844,68.54499816894531,68.55500030517578,35
2026-06-08 12:22:00+00:00,68.70500183105469,68.71499633789062,68.54000091552734,68.54000091552734,66
2026-06-08 12:23:00+00:00,68.66000366210938,68.7300033569336,68.56999969482422,68.7249984741211,54
2026-06-08 12:24:00+00:00,68.6500015258789,68.69000244140625,68.62999725341797,68.66000366210938,22
2026-06-08 12:25:00+00:00,68.625,68.66500091552734,68.57499694824219,68.66500091552734,33
2026-06-08 12:26:00+00:00,68.61000061035156,68.63500213623047,68.57499694824219,68.63500213623047,40
2026-06-08 12:27:00+00:00,68.75499725341797,68.7699966430664,68.58999633789062,68.58999633789062,102
2026-06-08 12:28:00+00:00,68.69000244140625,68.74500274658203,68.66999816894531,68.74500274658203,75
2026-06-08 12:29:00+00:00,68.70999908447266,68.74500274658203,68.67500305175781,68.69499969482422,52
2026-06-08 12:30:00+00:00,68.80000305175781,68.83000183105469,68.69499969482422,68.72000122070312,71
2026-06-08 12:31:00+00:00,68.79499816894531,68.83000183105469,68.75499725341797,68.79000091552734,122
2026-06-08 12:32:00+00:00,68.86499786376953,68.96499633789062,68.80500030517578,68.82499694824219,155
2026-06-08 12:33:00+00:00,68.86000061035156,68.95500183105469,68.83000183105469,68.875,51
2026-06-08 12:34:00+00:00,68.76499938964844,68.91500091552734,68.76499938964844,68.86000061035156,104
2026-06-08 12:35:00+00:00,68.83000183105469,68.83499908447266,68.74500274658203,68.77999877929688,30
2026-06-08 12:36:00+00:00,68.83999633789062,68.9000015258789,68.81500244140625,68.83000183105469,42
2026-06-08 12:37:00+00:00,68.91500091552734,68.91500091552734,68.83499908447266,68.84500122070312,39
2026-06-08 12:38:00+00:00,68.80999755859375,68.91000366210938,68.80999755859375,68.88500213623047,30
2026-06-08 12:39:00+00:00,68.70500183105469,68.8550033569336,68.69000244140625,68.81500244140625,188
2026-06-08 12:40:00+00:00,68.71499633789062,68.80500030517578,68.67500305175781,68.72000122070312,119
2026-06-08 12:41:00+00:00,68.76000213623047,68.7699966430664,68.69499969482422,68.71499633789062,73
2026-06-08 12:42:00+00:00,68.97000122070312,69.08499908447266,68.73500061035156,68.73999786376953,281
2026-06-08 12:43:00+00:00,68.93499755859375,68.9800033569336,68.91999816894531,68.9749984741211,106
2026-06-08 12:44:00+00:00,68.91999816894531,68.93000030517578,68.86000061035156,68.90499877929688,119
2026-06-08 12:45:00+00:00,68.94499969482422,68.94999694824219,68.87999725341797,68.93499755859375,42
2026-06-08 12:46:00+00:00,68.88999938964844,68.93000030517578,68.875,68.93000030517578,32
2026-06-08 12:47:00+00:00,68.93499755859375,68.93499755859375,68.86499786376953,68.87000274658203,35
2026-06-08 12:48:00+00:00,68.83499908447266,68.94999694824219,68.82499694824219,68.94999694824219,52
2026-06-08 12:49:00+00:00,68.80999755859375,68.875,68.77999877929688,68.83499908447266,61
2026-06-08 12:50:00+00:00,68.80000305175781,68.83999633789062,68.7750015258789,68.80999755859375,32
2026-06-08 12:51:00+00:00,68.77999877929688,68.83999633789062,68.77999877929688,68.79000091552734,27
2026-06-08 12:52:00+00:00,68.76000213623047,68.7750015258789,68.75,68.7699966430664,26
2026-06-08 12:53:00+00:00,68.8499984741211,68.8550033569336,68.75,68.75,37
2026-06-08 12:54:00+00:00,68.9000015258789,68.98999786376953,68.84500122070312,68.84500122070312,66
2026-06-08 12:55:00+00:00,68.91999816894531,68.93499755859375,68.88500213623047,68.91000366210938,35
2026-06-08 12:56:00+00:00,68.83499908447266,68.93499755859375,68.83499908447266,68.93499755859375,44
2026-06-08 12:57:00+00:00,68.80500030517578,68.83000183105469,68.79499816894531,68.83000183105469,35
2026-06-08 12:58:00+00:00,68.875,68.875,68.80999755859375,68.82499694824219,36
2026-06-08 12:59:00+00:00,69.01499938964844,69.05999755859375,68.8550033569336,68.86000061035156,110
2026-06-08 13:00:00+00:00,68.63999938964844,69.09500122070312,68.61499786376953,69.0199966430664,603
2026-06-08 13:01:00+00:00,68.56500244140625,68.69999694824219,68.45999908447266,68.6500015258789,535
2026-06-08 13:02:00+00:00,68.51499938964844,68.625,68.51499938964844,68.56500244140625,88
2026-06-08 13:03:00+00:00,68.71499633789062,68.79000091552734,68.52999877929688,68.54499816894531,148
2026-06-08 13:04:00+00:00,68.56999969482422,68.72000122070312,68.55000305175781,68.72000122070312,170
2026-06-08 13:05:00+00:00,68.61499786376953,68.66999816894531,68.52999877929688,68.56999969482422,86
2026-06-08 13:06:00+00:00,68.58000183105469,68.61000061035156,68.5199966430664,68.61000061035156,44
2026-06-08 13:07:00+00:00,68.48500061035156,68.55500030517578,68.46499633789062,68.55500030517578,60
2026-06-08 13:08:00+00:00,68.62000274658203,68.66000366210938,68.48500061035156,68.48500061035156,64
2026-06-08 13:09:00+00:00,68.51000213623047,68.62999725341797,68.51000213623047,68.59500122070312,28
2026-06-08 13:10:00+00:00,68.55000305175781,68.56500244140625,68.50499725341797,68.51499938964844,20
2026-06-08 13:11:00+00:00,68.51499938964844,68.58499908447266,68.51499938964844,68.53500366210938,36
2026-06-08 13:12:00+00:00,68.50499725341797,68.56999969482422,68.44000244140625,68.53500366210938,50
2026-06-08 13:13:00+00:00,68.55999755859375,68.58000183105469,68.51000213623047,68.52999877929688,24
2026-06-08 13:14:00+00:00,68.51499938964844,68.55500030517578,68.48500061035156,68.55500030517578,17
2026-06-08 13:15:00+00:00,68.44000244140625,68.50499725341797,68.43499755859375,68.48500061035156,45
2026-06-08 13:16:00+00:00,68.4800033569336,68.4800033569336,68.42500305175781,68.45500183105469,49
2026-06-08 13:17:00+00:00,68.52999877929688,68.52999877929688,68.37999725341797,68.48500061035156,108
2026-06-08 13:18:00+00:00,68.54000091552734,68.56500244140625,68.45500183105469,68.5199966430664,54
2026-06-08 13:19:00+00:00,68.55999755859375,68.55999755859375,68.44999694824219,68.5199966430664,46
2026-06-08 13:20:00+00:00,68.75499725341797,68.7699966430664,68.55000305175781,68.56999969482422,76
2026-06-08 13:21:00+00:00,68.71499633789062,68.75499725341797,68.69999694824219,68.75499725341797,55
2026-06-08 13:22:00+00:00,68.78500366210938,68.84500122070312,68.70999908447266,68.70999908447266,46
2026-06-08 13:23:00+00:00,68.63999938964844,68.7750015258789,68.58000183105469,68.7750015258789,77
2026-06-08 13:24:00+00:00,68.6449966430664,68.69499969482422,68.61000061035156,68.66000366210938,26
2026-06-08 13:25:00+00:00,68.56500244140625,68.69000244140625,68.55500030517578,68.65499877929688,33
2026-06-08 13:26:00+00:00,68.5999984741211,68.5999984741211,68.54499816894531,68.55000305175781,20
2026-06-08 13:27:00+00:00,68.58999633789062,68.6050033569336,68.56500244140625,68.56999969482422,31
2026-06-08 13:28:00+00:00,68.6449966430664,68.69999694824219,68.5999984741211,68.5999984741211,99
2026-06-08 13:29:00+00:00,68.66999816894531,68.68499755859375,68.625,68.63500213623047,66
2026-06-08 13:30:00+00:00,68.84500122070312,68.87999725341797,68.67500305175781,68.68000030517578,142
2026-06-08 13:31:00+00:00,68.83000183105469,68.8949966430664,68.81500244140625,68.81999969482422,89
2026-06-08 13:32:00+00:00,68.80999755859375,68.91000366210938,68.7699966430664,68.83000183105469,77
2026-06-08 13:33:00+00:00,68.73500061035156,68.84500122070312,68.7300033569336,68.81999969482422,39
2026-06-08 13:34:00+00:00,68.66999816894531,68.76000213623047,68.66999816894531,68.73500061035156,65
2026-06-08 13:35:00+00:00,68.74500274658203,68.77999877929688,68.6449966430664,68.66999816894531,73
2026-06-08 13:36:00+00:00,68.83000183105469,68.87000274658203,68.75,68.76000213623047,43
2026-06-08 13:37:00+00:00,68.9000015258789,68.9000015258789,68.81999969482422,68.83499908447266,33
2026-06-08 13:38:00+00:00,68.84500122070312,69.00499725341797,68.84500122070312,68.88999938964844,147
2026-06-08 13:39:00+00:00,68.84500122070312,68.91500091552734,68.81500244140625,68.87999725341797,36
2026-06-08 13:40:00+00:00,68.8499984741211,68.8499984741211,68.79000091552734,68.81999969482422,43
2026-06-08 13:41:00+00:00,68.91000366210938,68.9749984741211,68.81500244140625,68.81999969482422,74
2026-06-08 13:42:00+00:00,68.90499877929688,68.94499969482422,68.8949966430664,68.92500305175781,15
2026-06-08 13:43:00+00:00,68.80500030517578,68.93000030517578,68.7750015258789,68.91500091552734,97
2026-06-08 13:44:00+00:00,68.65499877929688,68.80000305175781,68.65499877929688,68.79499816894531,75
2026-06-08 13:45:00+00:00,68.58000183105469,68.69000244140625,68.56999969482422,68.69000244140625,109
2026-06-08 13:46:00+00:00,68.63500213623047,68.69000244140625,68.58499908447266,68.58499908447266,40
2026-06-08 13:47:00+00:00,68.53500366210938,68.59500122070312,68.5199966430664,68.57499694824219,49
2026-06-08 13:48:00+00:00,68.51000213623047,68.58499908447266,68.5,68.55999755859375,91
2026-06-08 13:49:00+00:00,68.40499877929688,68.52999877929688,68.40499877929688,68.50499725341797,87
2026-06-08 13:50:00+00:00,68.2300033569336,68.44999694824219,68.21499633789062,68.41500091552734,221
2026-06-08 13:51:00+00:00,68.2750015258789,68.32499694824219,68.18499755859375,68.25,164
2026-06-08 13:52:00+00:00,68.30500030517578,68.3499984741211,68.25499725341797,68.25499725341797,70
2026-06-08 13:53:00+00:00,68.5,68.5,68.33499908447266,68.33499908447266,71
2026-06-08 13:54:00+00:00,68.30000305175781,68.49500274658203,68.27999877929688,68.49500274658203,70
2026-06-08 13:55:00+00:00,68.2699966430664,68.40499877929688,68.2699966430664,68.31999969482422,59
2026-06-08 13:56:00+00:00,68.23500061035156,68.27999877929688,68.19499969482422,68.27999877929688,121
2026-06-08 13:57:00+00:00,68.12000274658203,68.23500061035156,68.1050033569336,68.2249984741211,135
2026-06-08 13:58:00+00:00,68.12999725341797,68.1500015258789,68.05000305175781,68.125,107
2026-06-08 13:59:00+00:00,68.08499908447266,68.18000030517578,68.08000183105469,68.13500213623047,92
2026-06-08 14:00:00+00:00,68.11499786376953,68.16000366210938,68.08999633789062,68.0999984741211,169
2026-06-08 14:01:00+00:00,68.20999908447266,68.2300033569336,68.09500122070312,68.12999725341797,92
2026-06-08 14:02:00+00:00,68.04499816894531,68.2249984741211,68.04499816894531,68.19499969482422,66
2026-06-08 14:03:00+00:00,68.04499816894531,68.11000061035156,68.01499938964844,68.04000091552734,180
2026-06-08 14:04:00+00:00,67.94999694824219,68.05500030517578,67.93499755859375,68.05500030517578,98
2026-06-08 14:05:00+00:00,67.91500091552734,67.9749984741211,67.8499984741211,67.95500183105469,91
2026-06-08 14:06:00+00:00,68.11000061035156,68.125,67.91000366210938,67.91500091552734,133
2026-06-08 14:07:00+00:00,67.99500274658203,68.13999938964844,67.9800033569336,68.0999984741211,68
2026-06-08 14:08:00+00:00,68.0,68.01499938964844,67.91000366210938,67.98999786376953,67
2026-06-08 14:09:00+00:00,67.99500274658203,68.05000305175781,67.97000122070312,68.0,52
2026-06-08 14:10:00+00:00,67.94499969482422,68.01000213623047,67.93000030517578,67.98500061035156,45
2026-06-08 14:11:00+00:00,68.00499725341797,68.01499938964844,67.90499877929688,67.94000244140625,56
2026-06-08 14:12:00+00:00,67.92500305175781,67.9800033569336,67.90499877929688,67.9800033569336,79
2026-06-08 14:13:00+00:00,68.0250015258789,68.0250015258789,67.91500091552734,67.93000030517578,48
2026-06-08 14:14:00+00:00,67.96499633789062,68.0199966430664,67.93499755859375,68.0199966430664,47
2026-06-08 14:15:00+00:00,67.9749984741211,67.98999786376953,67.91999816894531,67.95500183105469,56
2026-06-08 14:16:00+00:00,67.96499633789062,68.02999877929688,67.91999816894531,67.99500274658203,102
2026-06-08 14:17:00+00:00,68.12999725341797,68.12999725341797,67.93000030517578,67.94999694824219,63
2026-06-08 14:18:00+00:00,68.01499938964844,68.1050033569336,68.01499938964844,68.09500122070312,59
2026-06-08 14:19:00+00:00,68.11000061035156,68.11000061035156,68.00499725341797,68.01000213623047,134
2026-06-08 14:20:00+00:00,68.05000305175781,68.19000244140625,68.04000091552734,68.13500213623047,59
2026-06-08 14:21:00+00:00,68.0999984741211,68.1449966430664,68.0250015258789,68.07499694824219,44
2026-06-08 14:22:00+00:00,68.08999633789062,68.125,68.05500030517578,68.11000061035156,55
2026-06-08 14:23:00+00:00,68.08000183105469,68.12000274658203,68.06500244140625,68.08000183105469,75
2026-06-08 14:24:00+00:00,68.04000091552734,68.13500213623047,68.04000091552734,68.06999969482422,61
2026-06-08 14:25:00+00:00,68.02999877929688,68.06500244140625,67.96499633789062,68.03500366210938,79
2026-06-08 14:26:00+00:00,68.16500091552734,68.18499755859375,68.04499816894531,68.04499816894531,59
2026-06-08 14:27:00+00:00,68.15499877929688,68.2249984741211,68.12000274658203,68.19000244140625,54
2026-06-08 14:28:00+00:00,68.15499877929688,68.16000366210938,68.08000183105469,68.16000366210938,26
2026-06-08 14:29:00+00:00,68.1449966430664,68.19000244140625,68.13999938964844,68.17500305175781,43
2026-06-08 14:30:00+00:00,68.19499969482422,68.24500274658203,68.08999633789062,68.1500015258789,72
2026-06-08 14:31:00+00:00,68.18000030517578,68.19499969482422,68.15499877929688,68.18000030517578,31
2026-06-08 14:32:00+00:00,68.23500061035156,68.27999877929688,68.19000244140625,68.19499969482422,49
2026-06-08 14:33:00+00:00,68.22000122070312,68.24500274658203,68.19999694824219,68.2249984741211,42
2026-06-08 14:34:00+00:00,68.23999786376953,68.26499938964844,68.19499969482422,68.21499633789062,29
2026-06-08 14:35:00+00:00,68.2300033569336,68.26499938964844,68.18499755859375,68.2249984741211,52
2026-06-08 14:36:00+00:00,68.25499725341797,68.30000305175781,68.18000030517578,68.25499725341797,26
2026-06-08 14:37:00+00:00,68.06999969482422,68.21499633789062,68.05000305175781,68.20999908447266,115
2026-06-08 14:38:00+00:00,68.12000274658203,68.13999938964844,68.0250015258789,68.05500030517578,23
2026-06-08 14:39:00+00:00,68.18499755859375,68.18499755859375,67.9749984741211,68.1050033569336,232
2026-06-08 14:40:00+00:00,68.23500061035156,68.2699966430664,68.15499877929688,68.16500091552734,61
2026-06-08 14:41:00+00:00,68.12999725341797,68.25499725341797,68.12999725341797,68.2300033569336,48
2026-06-08 14:42:00+00:00,68.12000274658203,68.1449966430664,68.08000183105469,68.13999938964844,26
2026-06-08 14:43:00+00:00,68.17500305175781,68.22000122070312,68.125,68.19000244140625,44
2026-06-08 14:44:00+00:00,68.33499908447266,68.33499908447266,68.19000244140625,68.19000244140625,79
2026-06-08 14:45:00+00:00,68.30999755859375,68.37000274658203,68.30999755859375,68.31999969482422,31
2026-06-08 14:46:00+00:00,68.3949966430664,68.4000015258789,68.29499816894531,68.30999755859375,67
2026-06-08 14:47:00+00:00,68.33000183105469,68.43000030517578,68.33000183105469,68.38500213623047,226
2026-06-08 14:48:00+00:00,68.24500274658203,68.29000091552734,68.20999908447266,68.29000091552734,43
2026-06-08 14:49:00+00:00,68.08999633789062,68.25499725341797,68.08499908447266,68.23500061035156,80
2026-06-08 14:50:00+00:00,68.11499786376953,68.12000274658203,68.06500244140625,68.11499786376953,33
2026-06-08 14:51:00+00:00,68.22000122070312,68.23999786376953,68.1449966430664,68.1449966430664,47
2026-06-08 14:52:00+00:00,68.3499984741211,68.3499984741211,68.2300033569336,68.23999786376953,49
2026-06-08 14:53:00+00:00,68.36000061035156,68.36000061035156,68.30999755859375,68.33000183105469,15
2026-06-08 14:54:00+00:00,68.33499908447266,68.33499908447266,68.31999969482422,68.31999969482422,4
2026-06-08 14:55:00+00:00,68.34500122070312,68.3550033569336,68.31999969482422,68.34500122070312,44
2026-06-08 14:56:00+00:00,68.37000274658203,68.3949966430664,68.33499908447266,68.36499786376953,12
2026-06-08 14:57:00+00:00,68.40499877929688,68.43000030517578,68.36499786376953,68.375,37
2026-06-08 14:58:00+00:00,68.46499633789062,68.46499633789062,68.37000274658203,68.38999938964844,38
2026-06-08 14:59:00+00:00,68.56500244140625,68.59500122070312,68.45999908447266,68.47000122070312,238
2026-06-08 15:00:00+00:00,68.58499908447266,68.6050033569336,68.53500366210938,68.58000183105469,93
2026-06-08 15:01:00+00:00,68.56999969482422,68.66500091552734,68.55999755859375,68.56999969482422,72
2026-06-08 15:02:00+00:00,68.58999633789062,68.58999633789062,68.55000305175781,68.58000183105469,59
2026-06-08 15:03:00+00:00,68.5,68.58499908447266,68.48500061035156,68.57499694824219,80
2026-06-08 15:04:00+00:00,68.41000366210938,68.51499938964844,68.41000366210938,68.49500274658203,56
2026-06-08 15:05:00+00:00,68.44999694824219,68.45500183105469,68.38500213623047,68.41500091552734,45
2026-06-08 15:06:00+00:00,68.51000213623047,68.52999877929688,68.44999694824219,68.45999908447266,45
2026-06-08 15:07:00+00:00,68.46499633789062,68.51000213623047,68.46499633789062,68.50499725341797,31
2026-06-08 15:08:00+00:00,68.44499969482422,68.50499725341797,68.44499969482422,68.47000122070312,36
2026-06-08 15:09:00+00:00,68.51499938964844,68.51499938964844,68.43000030517578,68.44000244140625,22
2026-06-08 15:10:00+00:00,68.48500061035156,68.51000213623047,68.48500061035156,68.50499725341797,41
2026-06-08 15:11:00+00:00,68.44000244140625,68.5199966430664,68.44000244140625,68.48999786376953,36
2026-06-08 15:12:00+00:00,68.48999786376953,68.48999786376953,68.44499969482422,68.44999694824219,26
2026-06-08 15:13:00+00:00,68.45500183105469,68.5,68.44999694824219,68.48999786376953,36
2026-06-08 15:14:00+00:00,68.44000244140625,68.4749984741211,68.44000244140625,68.4749984741211,50
2026-06-08 15:15:00+00:00,68.48999786376953,68.5,68.41500091552734,68.41999816894531,42
2026-06-08 15:16:00+00:00,68.42500305175781,68.5,68.4000015258789,68.49500274658203,92
2026-06-08 15:17:00+00:00,68.37000274658203,68.41999816894531,68.36000061035156,68.41999816894531,42
2026-06-08 15:18:00+00:00,68.54000091552734,68.63500213623047,68.375,68.375,186
2026-06-08 15:19:00+00:00,68.72000122070312,68.73999786376953,68.52999877929688,68.55500030517578,181
2026-06-08 15:20:00+00:00,68.66000366210938,68.71499633789062,68.66000366210938,68.71499633789062,52
2026-06-08 15:21:00+00:00,68.67500305175781,68.68000030517578,68.62999725341797,68.65499877929688,35
2026-06-08 15:22:00+00:00,68.69499969482422,68.69499969482422,68.68499755859375,68.68499755859375,20
2026-06-08 15:23:00+00:00,68.75,68.75,68.69000244140625,68.70999908447266,36
2026-06-08 15:24:00+00:00,68.77999877929688,68.80999755859375,68.74500274658203,68.75499725341797,50
2026-06-08 15:25:00+00:00,68.66000366210938,68.7300033569336,68.65499877929688,68.7300033569336,44
2026-06-08 15:26:00+00:00,68.58000183105469,68.6500015258789,68.58000183105469,68.6500015258789,53
2026-06-08 15:27:00+00:00,68.5999984741211,68.5999984741211,68.56999969482422,68.59500122070312,22
2026-06-08 15:28:00+00:00,68.66000366210938,68.66000366210938,68.5999984741211,68.61000061035156,76
2026-06-08 15:29:00+00:00,68.6449966430664,68.68000030517578,68.62000274658203,68.65499877929688,63
2026-06-08 15:30:00+00:00,68.6449966430664,68.69499969482422,68.62999725341797,68.66000366210938,63
2026-06-08 15:31:00+00:00,68.69499969482422,68.76499938964844,68.6500015258789,68.6500015258789,61
2026-06-08 15:32:00+00:00,68.63500213623047,68.69999694824219,68.61000061035156,68.69999694824219,79
2026-06-08 15:33:00+00:00,68.63500213623047,68.6500015258789,68.61499786376953,68.61499786376953,37
2026-06-08 15:34:00+00:00,68.66999816894531,68.69000244140625,68.62000274658203,68.63999938964844,79
2026-06-08 15:35:00+00:00,68.69000244140625,68.69999694824219,68.65499877929688,68.65499877929688,24
2026-06-08 15:36:00+00:00,68.70500183105469,68.7249984741211,68.62999725341797,68.67500305175781,34
2026-06-08 15:37:00+00:00,68.7750015258789,68.8499984741211,68.69000244140625,68.69000244140625,131
2026-06-08 15:38:00+00:00,68.79499816894531,68.79499816894531,68.75499725341797,68.7750015258789,41
2026-06-08 15:39:00+00:00,68.86000061035156,68.8949966430664,68.77999877929688,68.79000091552734,105
2026-06-08 15:40:00+00:00,68.86499786376953,68.90499877929688,68.83000183105469,68.875,66
2026-06-08 15:41:00+00:00,68.875,68.9000015258789,68.86000061035156,68.86000061035156,205
2026-06-08 15:42:00+00:00,68.86499786376953,68.92500305175781,68.80999755859375,68.8949966430664,155
2026-06-08 15:43:00+00:00,68.8550033569336,68.87999725341797,68.83999633789062,68.86499786376953,30
2026-06-08 15:44:00+00:00,68.95500183105469,68.95500183105469,68.84500122070312,68.8499984741211,80
2026-06-08 15:45:00+00:00,68.92500305175781,69.0199966430664,68.92500305175781,68.93499755859375,144
2026-06-08 15:46:00+00:00,68.94499969482422,68.95500183105469,68.90499877929688,68.91000366210938,42
2026-06-08 15:47:00+00:00,68.87000274658203,68.95500183105469,68.87000274658203,68.95500183105469,60
2026-06-08 15:48:00+00:00,68.8499984741211,68.8949966430664,68.8499984741211,68.875,53
2026-06-08 15:49:00+00:00,68.8499984741211,68.86499786376953,68.81500244140625,68.86499786376953,33
2026-06-08 15:50:00+00:00,68.8499984741211,68.8949966430664,68.8499984741211,68.86000061035156,31
2026-06-08 15:51:00+00:00,68.91999816894531,68.94999694824219,68.8550033569336,68.86000061035156,33
2026-06-08 15:52:00+00:00,68.94499969482422,68.95500183105469,68.91999816894531,68.91999816894531,48
2026-06-08 15:53:00+00:00,68.93000030517578,68.9749984741211,68.91000366210938,68.9749984741211,41
2026-06-08 15:54:00+00:00,68.96499633789062,68.97000122070312,68.91000366210938,68.91000366210938,28
2026-06-08 15:55:00+00:00,68.92500305175781,68.95500183105469,68.90499877929688,68.94999694824219,28
2026-06-08 15:56:00+00:00,68.95500183105469,68.97000122070312,68.91999816894531,68.91999816894531,78
2026-06-08 15:57:00+00:00,68.88500213623047,68.94499969482422,68.88500213623047,68.94499969482422,66
2026-06-08 15:58:00+00:00,68.83000183105469,68.88500213623047,68.81999969482422,68.88500213623047,35
2026-06-08 15:59:00+00:00,68.81500244140625,68.84500122070312,68.80500030517578,68.83000183105469,46
2026-06-08 16:00:00+00:00,68.73500061035156,68.86000061035156,68.73500061035156,68.83000183105469,100
2026-06-08 16:01:00+00:00,68.80999755859375,68.83000183105469,68.7300033569336,68.74500274658203,90
2026-06-08 16:02:00+00:00,68.80000305175781,68.80500030517578,68.75499725341797,68.76499938964844,27
2026-06-08 16:03:00+00:00,68.80999755859375,68.83000183105469,68.80000305175781,68.80000305175781,25
2026-06-08 16:04:00+00:00,68.81999969482422,68.81999969482422,68.78500366210938,68.79000091552734,57
2026-06-08 16:05:00+00:00,68.82499694824219,68.86000061035156,68.76000213623047,68.78500366210938,72
2026-06-08 16:06:00+00:00,68.83000183105469,68.84500122070312,68.81999969482422,68.82499694824219,30
2026-06-08 16:07:00+00:00,68.80000305175781,68.83499908447266,68.77999877929688,68.83499908447266,49
2026-06-08 16:08:00+00:00,68.80500030517578,68.8499984741211,68.80500030517578,68.80500030517578,87
2026-06-08 16:09:00+00:00,68.73999786376953,68.7750015258789,68.71499633789062,68.7750015258789,51
2026-06-08 16:10:00+00:00,68.76499938964844,68.7699966430664,68.72000122070312,68.73500061035156,19
2026-06-08 16:11:00+00:00,68.83000183105469,68.8550033569336,68.76000213623047,68.76000213623047,46
2026-06-08 16:12:00+00:00,68.84500122070312,68.8499984741211,68.81999969482422,68.83000183105469,31
2026-06-08 16:13:00+00:00,68.81500244140625,68.8499984741211,68.80500030517578,68.84500122070312,60
2026-06-08 16:14:00+00:00,68.83000183105469,68.83000183105469,68.79000091552734,68.79499816894531,16
2026-06-08 16:15:00+00:00,68.9000015258789,68.93000030517578,68.82499694824219,68.82499694824219,69
2026-06-08 16:16:00+00:00,68.8949966430664,68.9000015258789,68.86499786376953,68.875,38
2026-06-08 16:17:00+00:00,68.8499984741211,68.87999725341797,68.83999633789062,68.87999725341797,30
2026-06-08 16:18:00+00:00,68.8499984741211,68.87000274658203,68.8499984741211,68.86499786376953,18
2026-06-08 16:19:00+00:00,68.88500213623047,68.88500213623047,68.8499984741211,68.86000061035156,60
2026-06-08 16:20:00+00:00,68.83000183105469,68.90499877929688,68.82499694824219,68.88999938964844,59
2026-06-08 16:21:00+00:00,68.82499694824219,68.8550033569336,68.82499694824219,68.83999633789062,32
2026-06-08 16:22:00+00:00,68.77999877929688,68.80000305175781,68.76499938964844,68.79499816894531,27
2026-06-08 16:23:00+00:00,68.78500366210938,68.83999633789062,68.75499725341797,68.7750015258789,96
2026-06-08 16:24:00+00:00,68.82499694824219,68.83499908447266,68.77999877929688,68.79499816894531,56
2026-06-08 16:25:00+00:00,68.83999633789062,68.8550033569336,68.83000183105469,68.8499984741211,54
2026-06-08 16:26:00+00:00,68.8499984741211,68.87000274658203,68.84500122070312,68.8499984741211,39
2026-06-08 16:27:00+00:00,68.83499908447266,68.84500122070312,68.83499908447266,68.83999633789062,16
2026-06-08 16:28:00+00:00,68.79499816894531,68.82499694824219,68.79000091552734,68.82499694824219,44
2026-06-08 16:29:00+00:00,68.76000213623047,68.79499816894531,68.75499725341797,68.79499816894531,93
2026-06-08 16:30:00+00:00,68.80500030517578,68.80500030517578,68.78500366210938,68.79499816894531,26
2026-06-08 16:31:00+00:00,68.83000183105469,68.83000183105469,68.7750015258789,68.79000091552734,53
2026-06-08 16:32:00+00:00,68.8550033569336,68.87000274658203,68.80000305175781,68.81999969482422,40
2026-06-08 16:33:00+00:00,68.86499786376953,68.88500213623047,68.80500030517578,68.87000274658203,127
2026-06-08 16:34:00+00:00,68.80000305175781,68.8550033569336,68.80000305175781,68.8550033569336,56
2026-06-08 16:35:00+00:00,68.83000183105469,68.83000183105469,68.80000305175781,68.80000305175781,20
2026-06-08 16:36:00+00:00,68.86000061035156,68.90499877929688,68.80999755859375,68.83000183105469,95
2026-06-08 16:37:00+00:00,68.83999633789062,68.88999938964844,68.82499694824219,68.87999725341797,43
2026-06-08 16:38:00+00:00,68.7699966430664,68.83499908447266,68.7699966430664,68.81500244140625,43
2026-06-08 16:39:00+00:00,68.75,68.80000305175781,68.75,68.78500366210938,34
2026-06-08 16:40:00+00:00,68.79000091552734,68.79499816894531,68.76000213623047,68.76499938964844,36
2026-06-08 16:41:00+00:00,68.77999877929688,68.80000305175781,68.76000213623047,68.7750015258789,38
2026-06-08 16:42:00+00:00,68.7249984741211,68.79499816894531,68.7249984741211,68.78500366210938,65
2026-06-08 16:43:00+00:00,68.75,68.75,68.7300033569336,68.7300033569336,15
2026-06-08 16:44:00+00:00,68.77999877929688,68.80500030517578,68.74500274658203,68.74500274658203,26
2026-06-08 16:45:00+00:00,68.78500366210938,68.80000305175781,68.75499725341797,68.80000305175781,41
2026-06-08 16:46:00+00:00,68.80999755859375,68.80999755859375,68.76000213623047,68.76000213623047,23
2026-06-08 16:47:00+00:00,68.83499908447266,68.83999633789062,68.80500030517578,68.80999755859375,27
2026-06-08 16:48:00+00:00,68.83999633789062,68.88999938964844,68.83000183105469,68.8499984741211,53
2026-06-08 16:49:00+00:00,68.88999938964844,68.91000366210938,68.8550033569336,68.8550033569336,40
2026-06-08 16:50:00+00:00,68.83000183105469,68.94000244140625,68.82499694824219,68.9000015258789,74
2026-06-08 16:51:00+00:00,68.79000091552734,68.86000061035156,68.79000091552734,68.82499694824219,47
2026-06-08 16:52:00+00:00,68.75,68.79499816894531,68.73999786376953,68.79499816894531,124
2026-06-08 16:53:00+00:00,68.76000213623047,68.76000213623047,68.71499633789062,68.73999786376953,29
2026-06-08 16:54:00+00:00,68.71499633789062,68.75499725341797,68.70500183105469,68.7300033569336,31
2026-06-08 16:55:00+00:00,68.75,68.75,68.70500183105469,68.72000122070312,67
2026-06-08 16:56:00+00:00,68.7750015258789,68.77999877929688,68.73999786376953,68.75499725341797,65
2026-06-08 16:57:00+00:00,68.79499816894531,68.79499816894531,68.76499938964844,68.76499938964844,26
2026-06-08 16:58:00+00:00,68.74500274658203,68.78500366210938,68.74500274658203,68.7750015258789,39
2026-06-08 16:59:00+00:00,68.76000213623047,68.78500366210938,68.7300033569336,68.74500274658203,33
2026-06-08 17:00:00+00:00,68.73999786376953,68.80500030517578,68.7300033569336,68.76000213623047,24
2026-06-08 17:01:00+00:00,68.72000122070312,68.74500274658203,68.69999694824219,68.72000122070312,34
2026-06-08 17:02:00+00:00,68.6449966430664,68.70500183105469,68.6449966430664,68.70500183105469,56
2026-06-08 17:03:00+00:00,68.61000061035156,68.68499755859375,68.59500122070312,68.63999938964844,58
2026-06-08 17:04:00+00:00,68.66000366210938,68.66000366210938,68.6050033569336,68.6050033569336,24
2026-06-08 17:05:00+00:00,68.69999694824219,68.70999908447266,68.65499877929688,68.66000366210938,12
2026-06-08 17:06:00+00:00,68.68499755859375,68.7300033569336,68.68499755859375,68.70500183105469,14
2026-06-08 17:07:00+00:00,68.73999786376953,68.76499938964844,68.7249984741211,68.7300033569336,90
2026-06-08 17:08:00+00:00,68.75,68.75,68.69499969482422,68.72000122070312,63
2026-06-08 17:09:00+00:00,68.67500305175781,68.73500061035156,68.6449966430664,68.73500061035156,35
2026-06-08 17:10:00+00:00,68.69999694824219,68.72000122070312,68.68499755859375,68.69000244140625,41
2026-06-08 17:11:00+00:00,68.68499755859375,68.70999908447266,68.67500305175781,68.69000244140625,34
2026-06-08 17:12:00+00:00,68.67500305175781,68.70500183105469,68.63500213623047,68.70500183105469,147
2026-06-08 17:13:00+00:00,68.69999694824219,68.69999694824219,68.66500091552734,68.66500091552734,66
2026-06-08 17:14:00+00:00,68.74500274658203,68.75,68.69499969482422,68.69499969482422,40
2026-06-08 17:15:00+00:00,68.71499633789062,68.7750015258789,68.71499633789062,68.76000213623047,97
2026-06-08 17:16:00+00:00,68.77999877929688,68.77999877929688,68.7300033569336,68.7300033569336,82
2026-06-08 17:17:00+00:00,68.7699966430664,68.80000305175781,68.76499938964844,68.7699966430664,168
2026-06-08 17:18:00+00:00,68.63999938964844,68.77999877929688,68.63999938964844,68.77999877929688,98
2026-06-08 17:19:00+00:00,68.69000244140625,68.69000244140625,68.65499877929688,68.66000366210938,53
2026-06-08 17:20:00+00:00,68.69499969482422,68.69499969482422,68.66000366210938,68.69499969482422,141
2026-06-08 17:21:00+00:00,68.69499969482422,68.73999786376953,68.69499969482422,68.70500183105469,126
2026-06-08 17:22:00+00:00,68.68499755859375,68.71499633789062,68.66500091552734,68.69499969482422,270
2026-06-08 17:23:00+00:00,68.63500213623047,68.69000244140625,68.63500213623047,68.69000244140625,328
2026-06-08 17:24:00+00:00,68.56999969482422,68.66500091552734,68.54499816894531,68.6449966430664,1123
2026-06-08 17:25:00+00:00,68.56500244140625,68.57499694824219,68.53500366210938,68.57499694824219,159
2026-06-08 17:26:00+00:00,68.54000091552734,68.58000183105469,68.51000213623047,68.55500030517578,102
2026-06-08 17:27:00+00:00,68.55999755859375,68.58999633789062,68.54000091552734,68.54000091552734,18
2026-06-08 17:28:00+00:00,68.59500122070312,68.61000061035156,68.55000305175781,68.55000305175781,127
2026-06-08 17:29:00+00:00,68.63999938964844,68.6500015258789,68.58999633789062,68.58999633789062,128
2026-06-08 17:30:00+00:00,68.61000061035156,68.6449966430664,68.61000061035156,68.63500213623047,15
2026-06-08 17:31:00+00:00,68.58000183105469,68.61000061035156,68.49500274658203,68.58499908447266,172
2026-06-08 17:32:00+00:00,68.55500030517578,68.5999984741211,68.52999877929688,68.5999984741211,49
2026-06-08 17:33:00+00:00,68.47000122070312,68.55500030517578,68.47000122070312,68.55500030517578,69
2026-06-08 17:34:00+00:00,68.55999755859375,68.55999755859375,68.46499633789062,68.48999786376953,30
2026-06-08 17:35:00+00:00,68.44000244140625,68.55999755859375,68.4000015258789,68.55500030517578,99
2026-06-08 17:36:00+00:00,68.43499755859375,68.44499969482422,68.40499877929688,68.41500091552734,22
2026-06-08 17:37:00+00:00,68.41500091552734,68.46499633789062,68.38500213623047,68.44000244140625,51
2026-06-08 17:38:00+00:00,68.41500091552734,68.41500091552734,68.37000274658203,68.3949966430664,11
2026-06-08 17:39:00+00:00,68.44000244140625,68.44000244140625,68.41999816894531,68.43499755859375,38
2026-06-08 17:40:00+00:00,68.41500091552734,68.45500183105469,68.41000366210938,68.44999694824219,9
2026-06-08 17:41:00+00:00,68.40499877929688,68.45500183105469,68.4000015258789,68.43000030517578,20
2026-06-08 17:42:00+00:00,68.36499786376953,68.4000015258789,68.36000061035156,68.3949966430664,114
2026-06-08 17:43:00+00:00,68.38500213623047,68.3949966430664,68.37000274658203,68.37000274658203,14
2026-06-08 17:44:00+00:00,68.41000366210938,68.43000030517578,68.3949966430664,68.43000030517578,11
2026-06-08 17:45:00+00:00,68.41999816894531,68.44000244140625,68.3949966430664,68.41000366210938,206
2026-06-08 17:46:00+00:00,68.49500274658203,68.51000213623047,68.44999694824219,68.44999694824219,158
2026-06-08 17:47:00+00:00,68.4800033569336,68.5199966430664,68.4749984741211,68.5199966430664,15
2026-06-08 17:48:00+00:00,68.46499633789062,68.46499633789062,68.46499633789062,68.46499633789062,2
2026-06-08 17:49:00+00:00,68.54000091552734,68.54000091552734,68.51499938964844,68.5250015258789,58
2026-06-08 17:50:00+00:00,68.53500366210938,68.54000091552734,68.53500366210938,68.53500366210938,7
2026-06-08 17:51:00+00:00,68.54499816894531,68.55000305175781,68.52999877929688,68.53500366210938,55
2026-06-08 17:52:00+00:00,68.5250015258789,68.53500366210938,68.5250015258789,68.53500366210938,6
2026-06-08 17:53:00+00:00,68.55000305175781,68.56999969482422,68.51000213623047,68.51000213623047,24
2026-06-08 17:54:00+00:00,68.5250015258789,68.55000305175781,68.5250015258789,68.54499816894531,13
2026-06-08 17:55:00+00:00,68.5,68.52999877929688,68.5,68.51000213623047,15
2026-06-08 17:56:00+00:00,68.5250015258789,68.54499816894531,68.50499725341797,68.51000213623047,11
2026-06-08 17:57:00+00:00,68.5199966430664,68.52999877929688,68.5199966430664,68.52999877929688,8
2026-06-08 17:58:00+00:00,68.57499694824219,68.58999633789062,68.50499725341797,68.50499725341797,27
2026-06-08 17:59:00+00:00,68.57499694824219,68.57499694824219,68.55999755859375,68.56500244140625,15
2026-06-08 18:00:00+00:00,68.58000183105469,68.5999984741211,68.58000183105469,68.58999633789062,17
2026-06-08 18:01:00+00:00,68.66999816894531,68.69499969482422,68.58499908447266,68.58499908447266,138
2026-06-08 18:02:00+00:00,68.66500091552734,68.69000244140625,68.66500091552734,68.69000244140625,14
2026-06-08 18:03:00+00:00,68.6449966430664,68.69999694824219,68.6449966430664,68.69000244140625,43
2026-06-08 18:04:00+00:00,68.69499969482422,68.70500183105469,68.66999816894531,68.66999816894531,6
2026-06-08 18:05:00+00:00,68.70500183105469,68.71499633789062,68.68000030517578,68.68000030517578,16
2026-06-08 18:06:00+00:00,68.73500061035156,68.73500061035156,68.69999694824219,68.70500183105469,8
2026-06-08 18:07:00+00:00,68.68000030517578,68.70500183105469,68.67500305175781,68.70500183105469,24
2026-06-08 18:08:00+00:00,68.65499877929688,68.66999816894531,68.62000274658203,68.66999816894531,23
2026-06-08 18:09:00+00:00,68.66000366210938,68.68000030517578,68.66000366210938,68.68000030517578,8
2026-06-08 18:10:00+00:00,68.69000244140625,68.69000244140625,68.6449966430664,68.66000366210938,14
2026-06-08 18:11:00+00:00,68.63500213623047,68.68499755859375,68.63500213623047,68.68499755859375,29
2026-06-08 18:12:00+00:00,68.6050033569336,68.62999725341797,68.6050033569336,68.62999725341797,8
2026-06-08 18:13:00+00:00,68.63999938964844,68.66999816894531,68.62000274658203,68.62000274658203,21
2026-06-08 18:14:00+00:00,68.625,68.63999938964844,68.56500244140625,68.61000061035156,112
2026-06-08 18:15:00+00:00,68.66500091552734,68.67500305175781,68.6500015258789,68.6500015258789,7
2026-06-08 18:16:00+00:00,68.66999816894531,68.66999816894531,68.66000366210938,68.66000366210938,13
2026-06-08 18:17:00+00:00,68.7300033569336,68.74500274658203,68.69999694824219,68.69999694824219,149
2026-06-08 18:18:00+00:00,68.72000122070312,68.73999786376953,68.72000122070312,68.73999786376953,9
2026-06-08 18:19:00+00:00,68.68499755859375,68.70999908447266,68.68499755859375,68.70999908447266,6
2026-06-08 18:20:00+00:00,68.66500091552734,68.70500183105469,68.66000366210938,68.69499969482422,14
2026-06-08 18:21:00+00:00,68.69000244140625,68.69000244140625,68.67500305175781,68.67500305175781,8
2026-06-08 18:22:00+00:00,68.75499725341797,68.78500366210938,68.7300033569336,68.7300033569336,61
2026-06-08 18:23:00+00:00,68.75499725341797,68.75499725341797,68.72000122070312,68.75,14
2026-06-08 18:24:00+00:00,68.75,68.76000213623047,68.73999786376953,68.75,14
2026-06-08 18:25:00+00:00,68.78500366210938,68.78500366210938,68.74500274658203,68.74500274658203,16
2026-06-08 18:26:00+00:00,68.75,68.7699966430664,68.73999786376953,68.73999786376953,12
2026-06-08 18:27:00+00:00,68.71499633789062,68.75499725341797,68.71499633789062,68.75499725341797,12
2026-06-08 18:28:00+00:00,68.69499969482422,68.7300033569336,68.66500091552734,68.7300033569336,27
2026-06-08 18:29:00+00:00,68.70500183105469,68.71499633789062,68.68000030517578,68.69999694824219,17
2026-06-08 18:30:00+00:00,68.74500274658203,68.74500274658203,68.69999694824219,68.69999694824219,13
2026-06-08 18:31:00+00:00,68.66999816894531,68.74500274658203,68.66999816894531,68.74500274658203,20
2026-06-08 18:32:00+00:00,68.66000366210938,68.66999816894531,68.62999725341797,68.66500091552734,23
2026-06-08 18:33:00+00:00,68.68000030517578,68.69999694824219,68.66999816894531,68.66999816894531,9
2026-06-08 18:34:00+00:00,68.625,68.62999725341797,68.62000274658203,68.62999725341797,74
2026-06-08 18:35:00+00:00,68.5999984741211,68.5999984741211,68.56999969482422,68.5999984741211,21
2026-06-08 18:36:00+00:00,68.6050033569336,68.6449966430664,68.6050033569336,68.62000274658203,12
2026-06-08 18:37:00+00:00,68.55500030517578,68.58999633789062,68.55500030517578,68.57499694824219,9
2026-06-08 18:38:00+00:00,68.53500366210938,68.56999969482422,68.5199966430664,68.55000305175781,65
2026-06-08 18:39:00+00:00,68.50499725341797,68.55500030517578,68.50499725341797,68.53500366210938,11
2026-06-08 18:40:00+00:00,68.5199966430664,68.54499816894531,68.50499725341797,68.52999877929688,16
2026-06-08 18:41:00+00:00,68.5250015258789,68.55500030517578,68.51499938964844,68.54000091552734,47
2026-06-08 18:42:00+00:00,68.5,68.5250015258789,68.4749984741211,68.48999786376953,16
2026-06-08 18:43:00+00:00,68.48999786376953,68.48999786376953,68.4800033569336,68.4800033569336,2
2026-06-08 18:44:00+00:00,68.49500274658203,68.49500274658203,68.45500183105469,68.45500183105469,6
2026-06-08 18:45:00+00:00,68.45999908447266,68.49500274658203,68.45999908447266,68.48500061035156,20
2026-06-08 18:46:00+00:00,68.4749984741211,68.4749984741211,68.43000030517578,68.44999694824219,23
2026-06-08 18:47:00+00:00,68.47000122070312,68.4800033569336,68.45999908447266,68.4800033569336,6
2026-06-08 18:48:00+00:00,68.49500274658203,68.49500274658203,68.4800033569336,68.4800033569336,5
2026-06-08 18:49:00+00:00,68.46499633789062,68.46499633789062,68.44000244140625,68.46499633789062,10
2026-06-08 18:50:00+00:00,68.4749984741211,68.4749984741211,68.47000122070312,68.47000122070312,2
2026-06-08 18:51:00+00:00,68.48500061035156,68.51000213623047,68.4800033569336,68.4800033569336,8
2026-06-08 18:52:00+00:00,68.46499633789062,68.46499633789062,68.45999908447266,68.46499633789062,5
2026-06-08 18:53:00+00:00,68.44000244140625,68.44000244140625,68.41999816894531,68.43499755859375,4
2026-06-08 18:54:00+00:00,68.43000030517578,68.47000122070312,68.43000030517578,68.43000030517578,5
2026-06-08 18:55:00+00:00,68.42500305175781,68.44999694824219,68.3949966430664,68.44999694824219,15
2026-06-08 18:56:00+00:00,68.43000030517578,68.44999694824219,68.42500305175781,68.43000030517578,13
2026-06-08 18:57:00+00:00,68.44999694824219,68.44999694824219,68.42500305175781,68.42500305175781,5
2026-06-08 18:58:00+00:00,68.41500091552734,68.45500183105469,68.41000366210938,68.45500183105469,6
2026-06-08 18:59:00+00:00,68.44000244140625,68.44000244140625,68.4000015258789,68.41000366210938,19
2026-06-08 19:00:00+00:00,68.46499633789062,68.4749984741211,68.41000366210938,68.42500305175781,17
2026-06-08 19:01:00+00:00,68.4749984741211,68.4749984741211,68.44999694824219,68.46499633789062,42
2026-06-08 19:02:00+00:00,68.55000305175781,68.55500030517578,68.5,68.5,84
2026-06-08 19:03:00+00:00,68.55999755859375,68.56500244140625,68.54000091552734,68.54000091552734,17
2026-06-08 19:04:00+00:00,68.54499816894531,68.55500030517578,68.54499816894531,68.55500030517578,3
2026-06-08 19:05:00+00:00,68.50499725341797,68.54499816894531,68.5,68.53500366210938,11
2026-06-08 19:06:00+00:00,68.48500061035156,68.53500366210938,68.48500061035156,68.52999877929688,9
2026-06-08 19:07:00+00:00,68.48999786376953,68.49500274658203,68.47000122070312,68.49500274658203,10
2026-06-08 19:08:00+00:00,68.42500305175781,68.4800033569336,68.41000366210938,68.4800033569336,49
2026-06-08 19:09:00+00:00,68.41999816894531,68.43000030517578,68.41000366210938,68.41999816894531,44
2026-06-08 19:10:00+00:00,68.31500244140625,68.38500213623047,68.31500244140625,68.38500213623047,30
2026-06-08 19:11:00+00:00,68.28500366210938,68.33499908447266,68.28500366210938,68.33499908447266,60
2026-06-08 19:12:00+00:00,68.30999755859375,68.30999755859375,68.29000091552734,68.29000091552734,24
2026-06-08 19:13:00+00:00,68.3499984741211,68.3499984741211,68.30999755859375,68.30999755859375,4
2026-06-08 19:14:00+00:00,68.27999877929688,68.34500122070312,68.2750015258789,68.34500122070312,43
2026-06-08 19:15:00+00:00,68.25,68.27999877929688,68.22000122070312,68.2750015258789,23
2026-06-08 19:16:00+00:00,68.2249984741211,68.30500030517578,68.2249984741211,68.25499725341797,28
2026-06-08 19:17:00+00:00,68.2249984741211,68.2300033569336,68.20999908447266,68.2249984741211,16
2026-06-08 19:18:00+00:00,68.2300033569336,68.24500274658203,68.22000122070312,68.2300033569336,14
2026-06-08 19:19:00+00:00,68.26499938964844,68.26499938964844,68.2249984741211,68.2249984741211,11
2026-06-08 19:20:00+00:00,68.2699966430664,68.30000305175781,68.26000213623047,68.26499938964844,39
2026-06-08 19:21:00+00:00,68.28500366210938,68.29499816894531,68.2699966430664,68.2699966430664,31
2026-06-08 19:22:00+00:00,68.26000213623047,68.30000305175781,68.26000213623047,68.30000305175781,27
2026-06-08 19:23:00+00:00,68.22000122070312,68.24500274658203,68.21499633789062,68.24500274658203,17
2026-06-08 19:24:00+00:00,68.24500274658203,68.26499938964844,68.2300033569336,68.23500061035156,24
2026-06-08 19:25:00+00:00,68.23999786376953,68.25499725341797,68.22000122070312,68.25499725341797,13
2026-06-08 19:26:00+00:00,68.29499816894531,68.31500244140625,68.2249984741211,68.2249984741211,41
2026-06-08 19:27:00+00:00,68.33999633789062,68.33999633789062,68.28500366210938,68.28500366210938,9
2026-06-08 19:28:00+00:00,68.37000274658203,68.37999725341797,68.32499694824219,68.3499984741211,22
2026-06-08 19:29:00+00:00,68.37999725341797,68.37999725341797,68.36000061035156,68.375,6
2026-06-08 19:30:00+00:00,68.38500213623047,68.4000015258789,68.36499786376953,68.37000274658203,25
2026-06-08 19:31:00+00:00,68.38999938964844,68.43000030517578,68.37000274658203,68.38500213623047,40
2026-06-08 19:32:00+00:00,68.375,68.41500091552734,68.36000061035156,68.36499786376953,18
2026-06-08 19:33:00+00:00,68.29000091552734,68.375,68.29000091552734,68.375,31
2026-06-08 19:34:00+00:00,68.29499816894531,68.30500030517578,68.29499816894531,68.29499816894531,4
2026-06-08 19:35:00+00:00,68.33000183105469,68.33499908447266,68.31999969482422,68.31999969482422,9
2026-06-08 19:36:00+00:00,68.30000305175781,68.31999969482422,68.29499816894531,68.30999755859375,15
2026-06-08 19:37:00+00:00,68.3499984741211,68.3550033569336,68.2750015258789,68.2750015258789,32
2026-06-08 19:38:00+00:00,68.3499984741211,68.36000061035156,68.3499984741211,68.3550033569336,3
2026-06-08 19:39:00+00:00,68.29000091552734,68.34500122070312,68.2750015258789,68.34500122070312,5
2026-06-08 19:40:00+00:00,68.27999877929688,68.29000091552734,68.2699966430664,68.2699966430664,7
2026-06-08 19:41:00+00:00,68.2750015258789,68.29000091552734,68.2750015258789,68.27999877929688,14
2026-06-08 19:42:00+00:00,68.24500274658203,68.27999877929688,68.24500274658203,68.26499938964844,6
2026-06-08 19:43:00+00:00,68.26000213623047,68.26499938964844,68.2249984741211,68.2300033569336,22
2026-06-08 19:44:00+00:00,68.25499725341797,68.2699966430664,68.25,68.26000213623047,13
2026-06-08 19:45:00+00:00,68.26499938964844,68.29000091552734,68.25,68.25499725341797,12
2026-06-08 19:46:00+00:00,68.30500030517578,68.31500244140625,68.26499938964844,68.2699966430664,12
2026-06-08 19:47:00+00:00,68.29499816894531,68.29499816894531,68.29000091552734,68.29499816894531,4
2026-06-08 19:48:00+00:00,68.29000091552734,68.30000305175781,68.27999877929688,68.30000305175781,20
2026-06-08 19:49:00+00:00,68.30999755859375,68.30999755859375,68.28500366210938,68.29499816894531,6
2026-06-08 19:50:00+00:00,68.3499984741211,68.38500213623047,68.31999969482422,68.31999969482422,161
2026-06-08 19:51:00+00:00,68.30500030517578,68.36000061035156,68.30500030517578,68.33999633789062,12
2026-06-08 19:52:00+00:00,68.33999633789062,68.3499984741211,68.29499816894531,68.29499816894531,5
2026-06-08 19:53:00+00:00,68.33000183105469,68.36000061035156,68.33000183105469,68.33499908447266,10
2026-06-08 19:54:00+00:00,68.31999969482422,68.3550033569336,68.31999969482422,68.3499984741211,14
2026-06-08 19:55:00+00:00,68.30000305175781,68.3499984741211,68.30000305175781,68.32499694824219,11
2026-06-08 19:56:00+00:00,68.20500183105469,68.30500030517578,68.19000244140625,68.30500030517578,78
2026-06-08 19:57:00+00:00,68.25499725341797,68.26499938964844,68.20500183105469,68.20500183105469,8
2026-06-08 19:58:00+00:00,68.24500274658203,68.2699966430664,68.24500274658203,68.2699966430664,18
2026-06-08 19:59:00+00:00,68.23999786376953,68.2750015258789,68.2300033569336,68.25,42
2026-06-08 20:00:00+00:00,68.26499938964844,68.2699966430664,68.25499725341797,68.25499725341797,8
2026-06-08 20:01:00+00:00,68.25,68.25,68.23500061035156,68.24500274658203,6
2026-06-08 20:02:00+00:00,68.24500274658203,68.2750015258789,68.23500061035156,68.23999786376953,34
2026-06-08 20:03:00+00:00,68.29499816894531,68.29499816894531,68.2699966430664,68.2699966430664,13
2026-06-08 20:04:00+00:00,68.34500122070312,68.34500122070312,68.28500366210938,68.28500366210938,49
2026-06-08 20:05:00+00:00,68.33000183105469,68.3550033569336,68.33000183105469,68.34500122070312,7
2026-06-08 20:06:00+00:00,68.31999969482422,68.31999969482422,68.30999755859375,68.30999755859375,3
2026-06-08 20:07:00+00:00,68.33499908447266,68.33499908447266,68.33499908447266,68.33499908447266,3
2026-06-08 20:08:00+00:00,68.33000183105469,68.33999633789062,68.33000183105469,68.33999633789062,2
2026-06-08 20:09:00+00:00,68.29000091552734,68.33499908447266,68.25,68.30999755859375,80
2026-06-08 20:10:00+00:00,68.28500366210938,68.29000091552734,68.27999877929688,68.29000091552734,10
2026-06-08 20:11:00+00:00,68.24500274658203,68.28500366210938,68.23999786376953,68.28500366210938,6
2026-06-08 20:12:00+00:00,68.25499725341797,68.25499725341797,68.23500061035156,68.23500061035156,14
2026-06-08 20:13:00+00:00,68.26000213623047,68.26000213623047,68.25499725341797,68.25499725341797,2
2026-06-08 20:14:00+00:00,68.36499786376953,68.36499786376953,68.26000213623047,68.26000213623047,187
2026-06-08 20:15:00+00:00,68.36000061035156,68.36000061035156,68.3550033569336,68.3550033569336,5
2026-06-08 20:16:00+00:00,68.25,68.3550033569336,68.25,68.3550033569336,149
2026-06-08 20:17:00+00:00,68.16000366210938,68.25,68.12000274658203,68.25,161
2026-06-08 20:18:00+00:00,68.17500305175781,68.19000244140625,68.1500015258789,68.18499755859375,7
2026-06-08 20:19:00+00:00,68.17500305175781,68.17500305175781,68.16000366210938,68.16000366210938,4
2026-06-08 20:20:00+00:00,68.16999816894531,68.17500305175781,68.16000366210938,68.17500305175781,5
2026-06-08 20:21:00+00:00,68.19499969482422,68.19999694824219,68.17500305175781,68.17500305175781,13
2026-06-08 20:22:00+00:00,68.22000122070312,68.22000122070312,68.22000122070312,68.22000122070312,3
2026-06-08 20:23:00+00:00,68.24500274658203,68.24500274658203,68.23999786376953,68.23999786376953,2
2026-06-08 20:24:00+00:00,68.26499938964844,68.26499938964844,68.25,68.25,2
2026-06-08 20:25:00+00:00,68.25,68.25,68.25,68.25,1
2026-06-08 20:26:00+00:00,68.2750015258789,68.2750015258789,68.125,68.24500274658203,149
2026-06-08 20:27:00+00:00,68.21499633789062,68.26499938964844,68.21499633789062,68.26499938964844,25
2026-06-08 20:28:00+00:00,68.20999908447266,68.23999786376953,68.20999908447266,68.23999786376953,13
2026-06-08 20:29:00+00:00,68.21499633789062,68.2249984741211,68.21499633789062,68.2249984741211,5
2026-06-08 20:30:00+00:00,68.25,68.25,68.23999786376953,68.23999786376953,17
2026-06-08 20:31:00+00:00,68.23999786376953,68.24500274658203,68.23500061035156,68.24500274658203,3
2026-06-08 20:32:00+00:00,68.2300033569336,68.23999786376953,68.2300033569336,68.23999786376953,20
2026-06-08 20:33:00+00:00,68.23500061035156,68.23500061035156,68.23500061035156,68.23500061035156,1
2026-06-08 20:35:00+00:00,68.23999786376953,68.24500274658203,68.23500061035156,68.24500274658203,6
2026-06-08 20:36:00+00:00,68.23999786376953,68.23999786376953,68.23999786376953,68.23999786376953,1
2026-06-08 20:37:00+00:00,68.26000213623047,68.26000213623047,68.26000213623047,68.26000213623047,2
2026-06-08 20:38:00+00:00,68.2750015258789,68.2750015258789,68.2750015258789,68.2750015258789,1
2026-06-08 20:39:00+00:00,68.30999755859375,68.30999755859375,68.30000305175781,68.30000305175781,4
2026-06-08 20:40:00+00:00,68.2750015258789,68.30500030517578,68.26000213623047,68.26000213623047,23
2026-06-08 20:41:00+00:00,68.25,68.26499938964844,68.25,68.26499938964844,4
2026-06-08 20:43:00+00:00,68.24500274658203,68.24500274658203,68.24500274658203,68.24500274658203,1
2026-06-08 20:45:00+00:00,68.2750015258789,68.28500366210938,68.25499725341797,68.25499725341797,4
2026-06-08 20:46:00+00:00,68.25499725341797,68.28500366210938,68.25499725341797,68.28500366210938,5
2026-06-08 20:47:00+00:00,68.2300033569336,68.23500061035156,68.2300033569336,68.23500061035156,2
2026-06-08 20:48:00+00:00,68.2699966430664,68.2699966430664,68.2699966430664,68.2699966430664,1
2026-06-08 20:49:00+00:00,68.31500244140625,68.31500244140625,68.29499816894531,68.29499816894531,6
2026-06-08 20:50:00+00:00,68.29000091552734,68.33000183105469,68.29000091552734,68.29499816894531,26
2026-06-08 20:51:00+00:00,68.2750015258789,68.32499694824219,68.2750015258789,68.30999755859375,8
2026-06-08 20:52:00+00:00,68.2750015258789,68.2750015258789,68.25499725341797,68.26000213623047,5
2026-06-08 20:53:00+00:00,68.30999755859375,68.32499694824219,68.30999755859375,68.30999755859375,5
2026-06-08 20:54:00+00:00,68.30999755859375,68.30999755859375,68.30500030517578,68.30500030517578,18
2026-06-08 20:55:00+00:00,68.36000061035156,68.36000061035156,68.32499694824219,68.32499694824219,11
2026-06-08 20:56:00+00:00,68.33499908447266,68.34500122070312,68.33499908447266,68.34500122070312,2
2026-06-08 20:57:00+00:00,68.31999969482422,68.33000183105469,68.31999969482422,68.33000183105469,15
2026-06-08 20:58:00+00:00,68.33499908447266,68.33499908447266,68.31500244140625,68.31500244140625,4
2026-06-08 20:59:00+00:00,68.32499694824219,68.33999633789062,68.31999969482422,68.33999633789062,8
2026-06-08 22:00:00+00:00,68.33499908447266,68.3550033569336,68.31999969482422,68.31999969482422,0
2026-06-08 22:01:00+00:00,68.31999969482422,68.3499984741211,68.31999969482422,68.3499984741211,5
2026-06-08 22:03:00+00:00,68.24500274658203,68.26000213623047,68.2300033569336,68.26000213623047,4
2026-06-08 22:04:00+00:00,68.2249984741211,68.24500274658203,68.2249984741211,68.23500061035156,6
2026-06-08 22:05:00+00:00,68.2750015258789,68.30500030517578,68.26499938964844,68.26499938964844,18
2026-06-08 22:06:00+00:00,68.24500274658203,68.28500366210938,68.24500274658203,68.25499725341797,6
2026-06-08 22:07:00+00:00,68.2249984741211,68.23999786376953,68.2249984741211,68.23999786376953,3
2026-06-08 22:08:00+00:00,68.24500274658203,68.24500274658203,68.24500274658203,68.24500274658203,2
2026-06-08 22:09:00+00:00,68.30999755859375,68.30999755859375,68.30999755859375,68.30999755859375,1
2026-06-08 22:10:00+00:00,68.30500030517578,68.31500244140625,68.30500030517578,68.30999755859375,5
2026-06-08 22:11:00+00:00,68.27999877929688,68.27999877929688,68.26499938964844,68.26499938964844,3
2026-06-08 22:13:00+00:00,68.26000213623047,68.26000213623047,68.26000213623047,68.26000213623047,2
2026-06-08 22:14:00+00:00,68.25499725341797,68.25499725341797,68.25499725341797,68.25499725341797,1
2026-06-08 22:15:00+00:00,68.23999786376953,68.23999786376953,68.23999786376953,68.23999786376953,1
2026-06-08 22:16:00+00:00,68.22000122070312,68.2249984741211,68.20999908447266,68.2249984741211,3
2026-06-08 22:17:00+00:00,68.19999694824219,68.19999694824219,68.17500305175781,68.17500305175781,2
2026-06-08 22:27:00+00:00,68.58499908447266,68.58499908447266,68.58499908447266,68.58499908447266,14
2026-06-08 22:29:00+00:00,68.21499633789062,68.24500274658203,68.20999908447266,68.24500274658203,18
2026-06-08 22:30:00+00:00,68.29000091552734,68.29000091552734,68.20999908447266,68.20999908447266,6
2026-06-08 22:32:00+00:00,68.27999877929688,68.29000091552734,68.25,68.25,9
2026-06-08 22:33:00+00:00,68.23999786376953,68.2699966430664,68.23999786376953,68.2699966430664,2
2026-06-08 22:36:00+00:00,68.29000091552734,68.29000091552734,68.29000091552734,68.29000091552734,1
2026-06-08 22:39:00+00:00,68.29000091552734,68.30000305175781,68.29000091552734,68.29000091552734,4
2026-06-08 22:40:00+00:00,68.2699966430664,68.2699966430664,68.26499938964844,68.26499938964844,3
2026-06-08 22:42:00+00:00,68.2699966430664,68.2699966430664,68.2699966430664,68.2699966430664,1
2026-06-08 22:44:00+00:00,68.27999877929688,68.27999877929688,68.27999877929688,68.27999877929688,1
2026-06-08 22:48:00+00:00,68.2699966430664,68.2699966430664,68.25,68.26499938964844,4
2026-06-08 22:49:00+00:00,68.26499938964844,68.2699966430664,68.26499938964844,68.2699966430664,4
2026-06-08 22:51:00+00:00,68.26000213623047,68.26000213623047,68.26000213623047,68.26000213623047,1
2026-06-08 22:53:00+00:00,68.29499816894531,68.29499816894531,68.2699966430664,68.2699966430664,3
2026-06-08 22:54:00+00:00,68.29499816894531,68.30000305175781,68.29000091552734,68.30000305175781,11
2026-06-08 22:55:00+00:00,68.27999877929688,68.30000305175781,68.27999877929688,68.27999877929688,18
2026-06-08 22:56:00+00:00,68.30000305175781,68.30000305175781,68.28500366210938,68.28500366210938,4
2026-06-08 22:59:00+00:00,68.30000305175781,68.30000305175781,68.30000305175781,68.30000305175781,1
2026-06-08 23:00:00+00:00,68.2699966430664,68.2750015258789,68.2699966430664,68.2750015258789,3
2026-06-08 23:01:00+00:00,68.29499816894531,68.30000305175781,68.29499816894531,68.30000305175781,4
2026-06-08 23:02:00+00:00,68.27999877929688,68.28500366210938,68.27999877929688,68.28500366210938,5
2026-06-08 23:03:00+00:00,68.27999877929688,68.27999877929688,68.27999877929688,68.27999877929688,1
2026-06-08 23:05:00+00:00,68.2300033569336,68.2750015258789,68.2300033569336,68.2750015258789,6
2026-06-08 23:09:00+00:00,68.23999786376953,68.23999786376953,68.23999786376953,68.23999786376953,1
2026-06-08 23:10:00+00:00,68.26000213623047,68.26000213623047,68.26000213623047,68.26000213623047,1
2026-06-08 23:11:00+00:00,68.26499938964844,68.26499938964844,68.26499938964844,68.26499938964844,1
2026-06-08 23:12:00+00:00,68.28500366210938,68.28500366210938,68.2750015258789,68.2750015258789,2
2026-06-08 23:13:00+00:00,68.29000091552734,68.30000305175781,68.29000091552734,68.30000305175781,6
2026-06-08 23:14:00+00:00,68.26000213623047,68.2699966430664,68.26000213623047,68.2699966430664,2
2026-06-08 23:15:00+00:00,68.27999877929688,68.27999877929688,68.2750015258789,68.2750015258789,3
2026-06-08 23:17:00+00:00,68.25499725341797,68.25499725341797,68.25499725341797,68.25499725341797,3
2026-06-08 23:18:00+00:00,68.23999786376953,68.23999786376953,68.23999786376953,68.23999786376953,1
2026-06-08 23:19:00+00:00,68.26000213623047,68.26000213623047,68.26000213623047,68.26000213623047,1
2026-06-08 23:21:00+00:00,68.20999908447266,68.24500274658203,68.20999908447266,68.24500274658203,5
2026-06-08 23:22:00+00:00,68.25499725341797,68.25499725341797,68.25499725341797,68.25499725341797,1
2026-06-08 23:24:00+00:00,68.20999908447266,68.2249984741211,68.20999908447266,68.2249984741211,2
2026-06-08 23:25:00+00:00,68.18499755859375,68.18499755859375,68.18499755859375,68.18499755859375,1
2026-06-08 23:27:00+00:00,68.13999938964844,68.16000366210938,68.13999938964844,68.16000366210938,2
2026-06-08 23:28:00+00:00,68.12999725341797,68.13999938964844,68.12999725341797,68.13999938964844,4
2026-06-08 23:30:00+00:00,68.11499786376953,68.125,68.06500244140625,68.0999984741211,27
2026-06-08 23:31:00+00:00,68.02999877929688,68.07499694824219,68.02999877929688,68.07499694824219,7
2026-06-08 23:32:00+00:00,68.03500366210938,68.04000091552734,68.01499938964844,68.04000091552734,10
2026-06-08 23:34:00+00:00,68.0250015258789,68.04499816894531,67.98500061035156,68.04499816894531,18
2026-06-08 23:35:00+00:00,68.0999984741211,68.0999984741211,68.06500244140625,68.06500244140625,5
2026-06-08 23:36:00+00:00,68.12000274658203,68.12000274658203,68.09500122070312,68.09500122070312,3
2026-06-08 23:40:00+00:00,68.13500213623047,68.17500305175781,68.13500213623047,68.16500091552734,10
2026-06-08 23:41:00+00:00,68.12000274658203,68.12000274658203,68.12000274658203,68.12000274658203,1
2026-06-08 23:43:00+00:00,68.11499786376953,68.11499786376953,68.11499786376953,68.11499786376953,1
2026-06-08 23:44:00+00:00,68.125,68.125,68.0999984741211,68.11000061035156,6
2026-06-08 23:45:00+00:00,68.05999755859375,68.09500122070312,68.02999877929688,68.09500122070312,13
2026-06-08 23:47:00+00:00,68.08000183105469,68.08000183105469,68.00499725341797,68.01499938964844,5
2026-06-08 23:50:00+00:00,68.02999877929688,68.05500030517578,68.01499938964844,68.04000091552734,8
2026-06-08 23:51:00+00:00,68.0199966430664,68.0199966430664,68.0199966430664,68.0199966430664,1
2026-06-08 23:52:00+00:00,68.01000213623047,68.02999877929688,67.98500061035156,68.02999877929688,8
2026-06-08 23:53:00+00:00,68.0199966430664,68.0199966430664,67.99500274658203,68.01000213623047,16
2026-06-08 23:54:00+00:00,68.04499816894531,68.08999633789062,68.04499816894531,68.07499694824219,3
2026-06-08 23:55:00+00:00,67.98999786376953,68.0250015258789,67.95999908447266,68.0250015258789,9
2026-06-08 23:56:00+00:00,68.00499725341797,68.00499725341797,67.98500061035156,68.00499725341797,4
2026-06-08 23:57:00+00:00,68.0199966430664,68.0199966430664,67.9749984741211,67.9800033569336,3
2026-06-08 23:58:00+00:00,67.94000244140625,67.9749984741211,67.94000244140625,67.96499633789062,8
2026-06-08 23:59:00+00:00,67.99500274658203,67.99500274658203,67.9749984741211,67.9749984741211,4
2026-06-09 00:00:00+00:00,67.94999694824219,68.03500366210938,67.94999694824219,68.01000213623047,12
2026-06-09 00:01:00+00:00,67.99500274658203,67.99500274658203,67.93000030517578,67.94499969482422,18
2026-06-09 00:02:00+00:00,68.05999755859375,68.05999755859375,68.00499725341797,68.00499725341797,23
2026-06-09 00:03:00+00:00,67.98500061035156,68.07499694824219,67.98500061035156,68.05999755859375,16
2026-06-09 00:04:00+00:00,67.91999816894531,67.9800033569336,67.91000366210938,67.9800033569336,6
2026-06-09 00:05:00+00:00,67.93499755859375,68.00499725341797,67.93000030517578,67.95500183105469,22
2026-06-09 00:06:00+00:00,68.04000091552734,68.05500030517578,68.00499725341797,68.00499725341797,7
2026-06-09 00:07:00+00:00,68.0250015258789,68.06500244140625,68.0250015258789,68.05500030517578,3
2026-06-09 00:08:00+00:00,68.0250015258789,68.06999969482422,68.0250015258789,68.06999969482422,3
2026-06-09 00:09:00+00:00,67.95500183105469,67.97000122070312,67.95500183105469,67.97000122070312,3
2026-06-09 00:10:00+00:00,68.02999877929688,68.02999877929688,67.98999786376953,67.98999786376953,3
2026-06-09 00:11:00+00:00,68.05000305175781,68.05000305175781,68.02999877929688,68.03500366210938,4
2026-06-09 00:12:00+00:00,68.06999969482422,68.1050033569336,68.05500030517578,68.05500030517578,14
2026-06-09 00:13:00+00:00,68.08000183105469,68.08000183105469,68.03500366210938,68.03500366210938,2
2026-06-09 00:14:00+00:00,67.97000122070312,68.05999755859375,67.95999908447266,68.05999755859375,11
2026-06-09 00:15:00+00:00,67.95999908447266,68.01499938964844,67.94999694824219,67.97000122070312,15
2026-06-09 00:16:00+00:00,67.98999786376953,67.98999786376953,67.92500305175781,67.94000244140625,14
2026-06-09 00:17:00+00:00,67.93499755859375,67.94000244140625,67.93499755859375,67.94000244140625,3
2026-06-09 00:18:00+00:00,67.97000122070312,67.97000122070312,67.94999694824219,67.94999694824219,3
2026-06-09 00:19:00+00:00,67.93499755859375,67.94000244140625,67.93499755859375,67.94000244140625,2
2026-06-09 00:20:00+00:00,67.8949966430664,67.93000030517578,67.8949966430664,67.91999816894531,3
2026-06-09 00:21:00+00:00,67.84500122070312,67.9000015258789,67.84500122070312,67.88999938964844,11
2026-06-09 00:23:00+00:00,67.79000091552734,67.83499908447266,67.75,67.83499908447266,48
2026-06-09 00:24:00+00:00,67.83000183105469,67.83000183105469,67.81500244140625,67.81500244140625,5
2026-06-09 00:25:00+00:00,67.78500366210938,67.79000091552734,67.7699966430664,67.79000091552734,7
2026-06-09 00:26:00+00:00,67.7699966430664,67.79000091552734,67.74500274658203,67.74500274658203,15
2026-06-09 00:27:00+00:00,67.79000091552734,67.80000305175781,67.73999786376953,67.75499725341797,15
2026-06-09 00:28:00+00:00,67.73500061035156,67.7699966430664,67.73500061035156,67.7699966430664,2
2026-06-09 00:29:00+00:00,67.76000213623047,67.76000213623047,67.76000213623047,67.76000213623047,1
2026-06-09 00:30:00+00:00,67.66999816894531,67.7300033569336,67.66500091552734,67.7300033569336,34
2026-06-09 00:31:00+00:00,67.65499877929688,67.65499877929688,67.6449966430664,67.6500015258789,5
2026-06-09 00:32:00+00:00,67.70999908447266,67.70999908447266,67.68000030517578,67.70500183105469,4
2026-06-09 00:33:00+00:00,67.62999725341797,67.69999694824219,67.53500366210938,67.69999694824219,44
2026-06-09 00:34:00+00:00,67.75499725341797,67.75499725341797,67.58999633789062,67.59500122070312,47
2026-06-09 00:35:00+00:00,67.69499969482422,67.76499938964844,67.69499969482422,67.76499938964844,12
2026-06-09 00:36:00+00:00,67.72000122070312,67.72000122070312,67.72000122070312,67.72000122070312,2
2026-06-09 00:37:00+00:00,67.79499816894531,67.81999969482422,67.73500061035156,67.76499938964844,38
2026-06-09 00:38:00+00:00,67.70500183105469,67.76499938964844,67.70500183105469,67.76499938964844,6
2026-06-09 00:39:00+00:00,67.6449966430664,67.70999908447266,67.6449966430664,67.70999908447266,13
2026-06-09 00:40:00+00:00,67.69000244140625,67.69999694824219,67.68000030517578,67.69999694824219,9
2026-06-09 00:41:00+00:00,67.63999938964844,67.68000030517578,67.63999938964844,67.68000030517578,3
2026-06-09 00:42:00+00:00,67.67500305175781,67.67500305175781,67.63999938964844,67.66999816894531,7
2026-06-09 00:43:00+00:00,67.72000122070312,67.7249984741211,67.70999908447266,67.7249984741211,6
2026-06-09 00:44:00+00:00,67.71499633789062,67.73999786376953,67.71499633789062,67.73999786376953,3
2026-06-09 00:45:00+00:00,67.70999908447266,67.7300033569336,67.69999694824219,67.7300033569336,8
2026-06-09 00:47:00+00:00,67.68499755859375,67.68499755859375,67.68000030517578,67.68000030517578,2
2026-06-09 00:48:00+00:00,67.66000366210938,67.69000244140625,67.66000366210938,67.69000244140625,3
2026-06-09 00:49:00+00:00,67.6449966430664,67.66000366210938,67.63999938964844,67.65499877929688,15
2026-06-09 00:50:00+00:00,67.79499816894531,67.79499816894531,67.70999908447266,67.72000122070312,18
2026-06-09 00:51:00+00:00,67.81999969482422,67.87000274658203,67.80000305175781,67.80000305175781,13
2026-06-09 00:52:00+00:00,67.77999877929688,67.77999877929688,67.73500061035156,67.7750015258789,14
2026-06-09 00:53:00+00:00,67.74500274658203,67.76499938964844,67.74500274658203,67.76499938964844,2
2026-06-09 00:54:00+00:00,67.76000213623047,67.76000213623047,67.73999786376953,67.73999786376953,2
2026-06-09 00:55:00+00:00,67.77999877929688,67.78500366210938,67.75,67.75499725341797,7
2026-06-09 00:56:00+00:00,67.77999877929688,67.77999877929688,67.7249984741211,67.74500274658203,7
2026-06-09 00:57:00+00:00,67.83000183105469,67.83000183105469,67.80000305175781,67.80500030517578,13
2026-06-09 00:58:00+00:00,67.9000015258789,67.91000366210938,67.8499984741211,67.8499984741211,19
2026-06-09 00:59:00+00:00,67.8550033569336,67.95500183105469,67.8499984741211,67.8949966430664,33
2026-06-09 01:00:00+00:00,67.98500061035156,68.03500366210938,67.81500244140625,67.8550033569336,122
2026-06-09 01:01:00+00:00,67.97000122070312,68.1050033569336,67.94999694824219,68.0199966430664,44
2026-06-09 01:02:00+00:00,67.9800033569336,67.98999786376953,67.83000183105469,67.92500305175781,77
2026-06-09 01:03:00+00:00,67.98500061035156,68.05500030517578,67.87000274658203,67.94499969482422,58
2026-06-09 01:04:00+00:00,67.91000366210938,67.98500061035156,67.87999725341797,67.98500061035156,21
2026-06-09 01:05:00+00:00,68.02999877929688,68.04000091552734,67.88999938964844,67.91000366210938,54
2026-06-09 01:06:00+00:00,68.1050033569336,68.11499786376953,68.06999969482422,68.06999969482422,6
2026-06-09 01:07:00+00:00,68.0,68.1050033569336,68.0,68.1050033569336,10
2026-06-09 01:08:00+00:00,67.96499633789062,67.97000122070312,67.93499755859375,67.97000122070312,7
2026-06-09 01:10:00+00:00,67.95999908447266,67.97000122070312,67.95999908447266,67.97000122070312,3
2026-06-09 01:11:00+00:00,67.8949966430664,67.8949966430664,67.8949966430664,67.8949966430664,1
2026-06-09 01:12:00+00:00,68.01000213623047,68.01000213623047,67.94499969482422,67.94499969482422,8
2026-06-09 01:13:00+00:00,67.93000030517578,67.95500183105469,67.93000030517578,67.93499755859375,6
2026-06-09 01:14:00+00:00,67.9000015258789,67.93000030517578,67.9000015258789,67.91500091552734,4
2026-06-09 01:15:00+00:00,67.98999786376953,68.03500366210938,67.90499877929688,67.90499877929688,60
2026-06-09 01:16:00+00:00,68.05999755859375,68.12999725341797,68.00499725341797,68.00499725341797,24
2026-06-09 01:17:00+00:00,68.11499786376953,68.12999725341797,68.07499694824219,68.11499786376953,20
2026-06-09 01:18:00+00:00,67.83999633789062,68.11499786376953,67.83000183105469,68.08999633789062,54
2026-06-09 01:19:00+00:00,67.69000244140625,67.8550033569336,67.67500305175781,67.8550033569336,124
2026-06-09 01:20:00+00:00,67.7249984741211,67.7249984741211,67.6449966430664,67.69499969482422,26
2026-06-09 01:21:00+00:00,67.86000061035156,67.86000061035156,67.75,67.7699966430664,19
2026-06-09 01:22:00+00:00,68.09500122070312,68.0999984741211,67.87000274658203,67.87000274658203,60
2026-06-09 01:23:00+00:00,68.0199966430664,68.09500122070312,68.01499938964844,68.07499694824219,23
2026-06-09 01:24:00+00:00,67.98999786376953,68.01000213623047,67.98999786376953,68.01000213623047,4
2026-06-09 01:25:00+00:00,68.03500366210938,68.05999755859375,68.02999877929688,68.05999755859375,5
2026-06-09 01:26:00+00:00,68.03500366210938,68.03500366210938,68.00499725341797,68.0250015258789,8
2026-06-09 01:27:00+00:00,68.125,68.16000366210938,68.04499816894531,68.04499816894531,53
2026-06-09 01:28:00+00:00,68.20500183105469,68.20999908447266,68.0999984741211,68.11499786376953,51
2026-06-09 01:29:00+00:00,68.24500274658203,68.34500122070312,68.20999908447266,68.23500061035156,78
2026-06-09 01:30:00+00:00,68.16500091552734,68.25,68.1449966430664,68.2300033569336,10
2026-06-09 01:31:00+00:00,68.28500366210938,68.29000091552734,68.20999908447266,68.20999908447266,16
2026-06-09 01:32:00+00:00,68.32499694824219,68.37999725341797,68.30999755859375,68.33499908447266,15
2026-06-09 01:33:00+00:00,68.375,68.375,68.33499908447266,68.36499786376953,15
2026-06-09 01:34:00+00:00,68.3499984741211,68.41500091552734,68.33999633789062,68.37000274658203,16
2026-06-09 01:35:00+00:00,68.33999633789062,68.38500213623047,68.33999633789062,68.33999633789062,9
2026-06-09 01:36:00+00:00,68.31500244140625,68.40499877929688,68.31500244140625,68.38999938964844,12
2026-06-09 01:37:00+00:00,68.29000091552734,68.31999969482422,68.29000091552734,68.30999755859375,13
2026-06-09 01:38:00+00:00,68.30500030517578,68.31500244140625,68.2699966430664,68.31500244140625,7
2026-06-09 01:39:00+00:00,68.30500030517578,68.31999969482422,68.28500366210938,68.28500366210938,4
2026-06-09 01:40:00+00:00,68.3550033569336,68.38500213623047,68.33999633789062,68.36499786376953,12
2026-06-09 01:41:00+00:00,68.3550033569336,68.40499877929688,68.33999633789062,68.36000061035156,38
2026-06-09 01:42:00+00:00,68.2300033569336,68.37999725341797,68.2300033569336,68.34500122070312,13
2026-06-09 01:43:00+00:00,68.1500015258789,68.19999694824219,68.13999938964844,68.19999694824219,14
2026-06-09 01:44:00+00:00,68.19499969482422,68.22000122070312,68.18000030517578,68.18000030517578,10
2026-06-09 01:45:00+00:00,68.29499816894531,68.30999755859375,68.26000213623047,68.27999877929688,6
2026-06-09 01:46:00+00:00,68.26499938964844,68.2750015258789,68.2249984741211,68.2249984741211,9
2026-06-09 01:47:00+00:00,68.26499938964844,68.26499938964844,68.24500274658203,68.26000213623047,5
2026-06-09 01:48:00+00:00,68.24500274658203,68.33000183105469,68.21499633789062,68.21499633789062,18
2026-06-09 01:49:00+00:00,68.18499755859375,68.18499755859375,68.15499877929688,68.18000030517578,8
2026-06-09 01:50:00+00:00,68.1449966430664,68.2300033569336,68.1449966430664,68.2300033569336,4
2026-06-09 01:51:00+00:00,68.1500015258789,68.1500015258789,68.1500015258789,68.1500015258789,1
2026-06-09 01:53:00+00:00,68.0999984741211,68.18000030517578,68.0999984741211,68.1500015258789,12
2026-06-09 01:54:00+00:00,68.13500213623047,68.1500015258789,68.07499694824219,68.08000183105469,9
2026-06-09 01:55:00+00:00,68.06500244140625,68.125,68.05000305175781,68.1050033569336,21
2026-06-09 01:56:00+00:00,68.11000061035156,68.11000061035156,68.02999877929688,68.05999755859375,18
2026-06-09 01:57:00+00:00,68.09500122070312,68.09500122070312,68.06500244140625,68.06999969482422,5
2026-06-09 01:58:00+00:00,68.1449966430664,68.1449966430664,68.12999725341797,68.12999725341797,3
2026-06-09 01:59:00+00:00,68.18000030517578,68.18000030517578,68.16000366210938,68.16500091552734,9
2026-06-09 02:01:00+00:00,68.13999938964844,68.13999938964844,68.07499694824219,68.1050033569336,5
2026-06-09 02:02:00+00:00,68.12000274658203,68.12000274658203,68.09500122070312,68.09500122070312,2
2026-06-09 02:03:00+00:00,68.04499816894531,68.09500122070312,68.03500366210938,68.09500122070312,6
2026-06-09 02:04:00+00:00,68.06999969482422,68.06999969482422,68.06999969482422,68.06999969482422,1
2026-06-09 02:05:00+00:00,67.80000305175781,68.02999877929688,67.7699966430664,68.02999877929688,116
2026-06-09 02:06:00+00:00,67.81500244140625,67.9000015258789,67.81500244140625,67.8499984741211,22
2026-06-09 02:07:00+00:00,67.93499755859375,67.94499969482422,67.84500122070312,67.84500122070312,10
2026-06-09 02:08:00+00:00,68.0,68.0199966430664,67.91500091552734,67.92500305175781,26
2026-06-09 02:09:00+00:00,67.94999694824219,68.0,67.94999694824219,67.99500274658203,8
2026-06-09 02:10:00+00:00,67.93499755859375,67.97000122070312,67.93499755859375,67.97000122070312,3
2026-06-09 02:11:00+00:00,67.94499969482422,67.94499969482422,67.88999938964844,67.94000244140625,5
2026-06-09 02:12:00+00:00,67.95999908447266,67.96499633789062,67.94000244140625,67.94000244140625,5
2026-06-09 02:13:00+00:00,68.04000091552734,68.04000091552734,67.95999908447266,67.96499633789062,16
2026-06-09 02:14:00+00:00,67.99500274658203,68.01499938964844,67.99500274658203,68.01499938964844,12
2026-06-09 02:15:00+00:00,67.87999725341797,67.94499969482422,67.86499786376953,67.94499969482422,7
2026-06-09 02:16:00+00:00,67.88999938964844,67.91999816894531,67.86499786376953,67.88500213623047,7
2026-06-09 02:17:00+00:00,67.95999908447266,67.95999908447266,67.95500183105469,67.95500183105469,2
2026-06-09 02:19:00+00:00,67.87999725341797,67.87999725341797,67.87000274658203,67.87000274658203,2
2026-06-09 02:20:00+00:00,67.87000274658203,67.875,67.8499984741211,67.8499984741211,4
2026-06-09 02:21:00+00:00,67.87000274658203,67.87999725341797,67.83999633789062,67.8499984741211,5
2026-06-09 02:23:00+00:00,67.93499755859375,67.93499755859375,67.8499984741211,67.8499984741211,12
2026-06-09 02:24:00+00:00,67.95999908447266,67.95999908447266,67.95999908447266,67.95999908447266,1
2026-06-09 02:25:00+00:00,67.91000366210938,67.91999816894531,67.91000366210938,67.91999816894531,5
2026-06-09 02:27:00+00:00,67.88999938964844,67.91500091552734,67.88999938964844,67.91500091552734,2
2026-06-09 02:28:00+00:00,68.02999877929688,68.02999877929688,67.90499877929688,67.90499877929688,12
2026-06-09 02:29:00+00:00,68.0199966430664,68.03500366210938,68.0199966430664,68.03500366210938,3
2026-06-09 02:30:00+00:00,67.98500061035156,68.06999969482422,67.9749984741211,68.0199966430664,13
2026-06-09 02:31:00+00:00,68.12000274658203,68.12000274658203,67.98500061035156,67.98500061035156,7
2026-06-09 02:32:00+00:00,68.04000091552734,68.08499908447266,68.03500366210938,68.08499908447266,4
2026-06-09 02:33:00+00:00,68.06999969482422,68.06999969482422,68.06999969482422,68.06999969482422,4
2026-06-09 02:34:00+00:00,68.02999877929688,68.05500030517578,68.01000213623047,68.04000091552734,9
2026-06-09 02:35:00+00:00,67.81999969482422,67.90499877929688,67.81999969482422,67.90499877929688,15
2026-06-09 02:36:00+00:00,67.83000183105469,67.83499908447266,67.7750015258789,67.80000305175781,12
2026-06-09 02:37:00+00:00,67.78500366210938,67.84500122070312,67.7750015258789,67.83000183105469,10
2026-06-09 02:38:00+00:00,67.87000274658203,67.87000274658203,67.80999755859375,67.80999755859375,13
2026-06-09 02:40:00+00:00,67.83499908447266,67.84500122070312,67.81999969482422,67.84500122070312,4
2026-06-09 02:41:00+00:00,67.86000061035156,67.86000061035156,67.83999633789062,67.83999633789062,4
2026-06-09 02:42:00+00:00,67.91999816894531,67.91999816894531,67.90499877929688,67.90499877929688,3
2026-06-09 02:43:00+00:00,67.96499633789062,67.96499633789062,67.91999816894531,67.91999816894531,5
2026-06-09 02:44:00+00:00,67.9800033569336,67.9800033569336,67.94999694824219,67.94999694824219,6
2026-06-09 02:45:00+00:00,68.0,68.08000183105469,67.99500274658203,68.00499725341797,7
2026-06-09 02:46:00+00:00,68.01000213623047,68.0250015258789,68.01000213623047,68.01000213623047,3
2026-06-09 02:47:00+00:00,67.99500274658203,67.99500274658203,67.99500274658203,67.99500274658203,3
2026-06-09 02:48:00+00:00,67.9800033569336,67.99500274658203,67.95999908447266,67.97000122070312,15
2026-06-09 02:49:00+00:00,67.94499969482422,67.9800033569336,67.93499755859375,67.9800033569336,7
2026-06-09 02:50:00+00:00,67.95999908447266,67.95999908447266,67.95500183105469,67.95500183105469,2
2026-06-09 02:51:00+00:00,67.81999969482422,67.90499877929688,67.80000305175781,67.90499877929688,16
2026-06-09 02:52:00+00:00,67.87000274658203,67.87000274658203,67.81999969482422,67.81999969482422,6
2026-06-09 02:53:00+00:00,67.94000244140625,67.94000244140625,67.91999816894531,67.91999816894531,2
2026-06-09 02:54:00+00:00,67.91500091552734,67.98999786376953,67.91500091552734,67.94499969482422,7
2026-06-09 02:55:00+00:00,67.91500091552734,67.91500091552734,67.875,67.90499877929688,10
2026-06-09 02:56:00+00:00,67.79499816894531,67.92500305175781,67.79000091552734,67.92500305175781,25
2026-06-09 02:57:00+00:00,67.77999877929688,67.84500122070312,67.7750015258789,67.81999969482422,20
2026-06-09 02:58:00+00:00,67.79000091552734,67.79000091552734,67.79000091552734,67.79000091552734,1
2026-06-09 02:59:00+00:00,67.76000213623047,67.80000305175781,67.76000213623047,67.80000305175781,8
2026-06-09 03:00:00+00:00,67.7699966430664,67.7699966430664,67.7300033569336,67.7699966430664,4
2026-06-09 03:01:00+00:00,67.84500122070312,67.84500122070312,67.80999755859375,67.81500244140625,5
2026-06-09 03:02:00+00:00,67.8499984741211,67.8550033569336,67.80999755859375,67.80999755859375,12
2026-06-09 03:03:00+00:00,67.73500061035156,67.7699966430664,67.7300033569336,67.7699966430664,15
2026-06-09 03:04:00+00:00,67.6449966430664,67.71499633789062,67.63500213623047,67.69999694824219,31
2026-06-09 03:05:00+00:00,67.73500061035156,67.76000213623047,67.62999725341797,67.65499877929688,86
2026-06-09 03:06:00+00:00,67.82499694824219,67.83999633789062,67.75,67.75,18
2026-06-09 03:07:00+00:00,67.74500274658203,67.8499984741211,67.74500274658203,67.8499984741211,16
2026-06-09 03:08:00+00:00,67.79000091552734,67.79000091552734,67.7300033569336,67.7750015258789,18
2026-06-09 03:09:00+00:00,67.74500274658203,67.75,67.74500274658203,67.75,5
2026-06-09 03:10:00+00:00,67.79499816894531,67.79499816894531,67.79499816894531,67.79499816894531,1
2026-06-09 03:11:00+00:00,67.8550033569336,67.86499786376953,67.80000305175781,67.80000305175781,6
2026-06-09 03:12:00+00:00,67.86000061035156,67.87999725341797,67.84500122070312,67.84500122070312,16
2026-06-09 03:13:00+00:00,67.8550033569336,67.88999938964844,67.8550033569336,67.88500213623047,8
2026-06-09 03:14:00+00:00,67.875,67.91500091552734,67.875,67.8949966430664,7
2026-06-09 03:15:00+00:00,68.01000213623047,68.0199966430664,67.93499755859375,67.93499755859375,30
2026-06-09 03:16:00+00:00,68.01499938964844,68.09500122070312,68.0,68.0,26
2026-06-09 03:17:00+00:00,68.0250015258789,68.05000305175781,68.0250015258789,68.05000305175781,3
2026-06-09 03:18:00+00:00,67.9800033569336,68.0,67.9800033569336,67.98999786376953,5
2026-06-09 03:19:00+00:00,67.95500183105469,67.99500274658203,67.95500183105469,67.9800033569336,5
2026-06-09 03:20:00+00:00,67.98999786376953,67.98999786376953,67.96499633789062,67.96499633789062,5
2026-06-09 03:21:00+00:00,67.875,68.0,67.875,68.0,10
2026-06-09 03:23:00+00:00,67.7699966430664,67.86000061035156,67.75499725341797,67.86000061035156,17
2026-06-09 03:24:00+00:00,67.76499938964844,67.7699966430664,67.75,67.7699966430664,6
2026-06-09 03:25:00+00:00,67.80999755859375,67.82499694824219,67.80999755859375,67.82499694824219,2
2026-06-09 03:26:00+00:00,67.84500122070312,67.84500122070312,67.83999633789062,67.83999633789062,2
2026-06-09 03:27:00+00:00,67.86000061035156,67.86000061035156,67.83499908447266,67.83499908447266,5
2026-06-09 03:28:00+00:00,67.83499908447266,67.87999725341797,67.83499908447266,67.87999725341797,2
2026-06-09 03:29:00+00:00,67.86499786376953,67.86499786376953,67.8499984741211,67.8499984741211,2
2026-06-09 03:30:00+00:00,67.91500091552734,67.91500091552734,67.875,67.875,2
2026-06-09 03:31:00+00:00,67.83000183105469,67.83999633789062,67.83000183105469,67.83999633789062,3
2026-06-09 03:32:00+00:00,67.91000366210938,67.93000030517578,67.87999725341797,67.87999725341797,12
2026-06-09 03:33:00+00:00,67.9000015258789,67.9000015258789,67.9000015258789,67.9000015258789,2
2026-06-09 03:34:00+00:00,67.87999725341797,67.8949966430664,67.87999725341797,67.88999938964844,3
2026-06-09 03:35:00+00:00,67.93000030517578,67.93499755859375,67.88999938964844,67.91000366210938,18
2026-06-09 03:36:00+00:00,67.94499969482422,67.94499969482422,67.90499877929688,67.90499877929688,15
2026-06-09 03:37:00+00:00,67.9800033569336,67.9800033569336,67.94499969482422,67.9749984741211,7
2026-06-09 03:38:00+00:00,67.94499969482422,67.95999908447266,67.94499969482422,67.95999908447266,3
2026-06-09 03:39:00+00:00,67.9749984741211,67.9749984741211,67.9749984741211,67.9749984741211,1
2026-06-09 03:41:00+00:00,68.00499725341797,68.00499725341797,68.00499725341797,68.00499725341797,1
2026-06-09 03:42:00+00:00,67.99500274658203,67.99500274658203,67.9749984741211,67.9800033569336,3
2026-06-09 03:43:00+00:00,68.04000091552734,68.04000091552734,68.02999877929688,68.02999877929688,10
2026-06-09 03:44:00+00:00,68.11000061035156,68.125,68.08999633789062,68.08999633789062,25
2026-06-09 03:45:00+00:00,68.16500091552734,68.16500091552734,68.11499786376953,68.13500213623047,19
2026-06-09 03:46:00+00:00,68.18499755859375,68.20500183105469,68.16000366210938,68.18499755859375,9
2026-06-09 03:47:00+00:00,68.19499969482422,68.25499725341797,68.19499969482422,68.2300033569336,29
2026-06-09 03:48:00+00:00,68.21499633789062,68.21499633789062,68.17500305175781,68.19999694824219,10
2026-06-09 03:49:00+00:00,68.17500305175781,68.21499633789062,68.17500305175781,68.21499633789062,4
2026-06-09 03:50:00+00:00,68.13500213623047,68.19000244140625,68.13500213623047,68.17500305175781,12
2026-06-09 03:53:00+00:00,68.19999694824219,68.19999694824219,68.16000366210938,68.16000366210938,19
2026-06-09 03:54:00+00:00,68.18499755859375,68.18499755859375,68.16999816894531,68.18499755859375,5
2026-06-09 03:55:00+00:00,68.16500091552734,68.16500091552734,68.16500091552734,68.16500091552734,7
2026-06-09 03:56:00+00:00,68.15499877929688,68.16000366210938,68.1449966430664,68.16000366210938,6
2026-06-09 03:57:00+00:00,68.1449966430664,68.16000366210938,68.1449966430664,68.16000366210938,2
2026-06-09 03:58:00+00:00,68.08499908447266,68.1449966430664,68.05500030517578,68.1449966430664,12
2026-06-09 04:00:00+00:00,68.08499908447266,68.0999984741211,68.08000183105469,68.0999984741211,3
2026-06-09 04:03:00+00:00,68.02999877929688,68.08000183105469,68.02999877929688,68.07499694824219,8
2026-06-09 04:04:00+00:00,68.02999877929688,68.02999877929688,68.00499725341797,68.00499725341797,8
2026-06-09 04:06:00+00:00,68.05500030517578,68.06500244140625,68.05500030517578,68.05999755859375,5
2026-06-09 04:08:00+00:00,68.08999633789062,68.08999633789062,68.02999877929688,68.04499816894531,10
2026-06-09 04:09:00+00:00,68.13500213623047,68.1500015258789,68.08000183105469,68.08999633789062,11
2026-06-09 04:10:00+00:00,68.0999984741211,68.0999984741211,68.09500122070312,68.0999984741211,3
2026-06-09 04:11:00+00:00,68.1050033569336,68.11000061035156,68.08999633789062,68.08999633789062,3
2026-06-09 04:12:00+00:00,68.13999938964844,68.13999938964844,68.13999938964844,68.13999938964844,1
2026-06-09 04:13:00+00:00,68.03500366210938,68.08000183105469,68.03500366210938,68.08000183105469,3
2026-06-09 04:15:00+00:00,67.98500061035156,67.98500061035156,67.95999908447266,67.9800033569336,9
2026-06-09 04:16:00+00:00,67.98500061035156,67.98500061035156,67.98500061035156,67.98500061035156,1
2026-06-09 04:17:00+00:00,68.03500366210938,68.03500366210938,68.02999877929688,68.02999877929688,2
2026-06-09 04:18:00+00:00,68.0250015258789,68.0250015258789,68.0250015258789,68.0250015258789,1
2026-06-09 04:19:00+00:00,67.9800033569336,67.9800033569336,67.9800033569336,67.9800033569336,1
2026-06-09 04:20:00+00:00,68.01499938964844,68.01499938964844,68.01499938964844,68.01499938964844,1
2026-06-09 04:21:00+00:00,67.94000244140625,67.97000122070312,67.94000244140625,67.95500183105469,6
2026-06-09 04:22:00+00:00,68.0,68.0,67.99500274658203,67.99500274658203,2
2026-06-09 04:23:00+00:00,68.0,68.0,68.0,68.0,1
2026-06-09 04:24:00+00:00,68.0250015258789,68.0250015258789,68.0,68.0,2
2026-06-09 04:25:00+00:00,68.02999877929688,68.05000305175781,68.0199966430664,68.0199966430664,6
2026-06-09 04:26:00+00:00,68.00499725341797,68.00499725341797,68.00499725341797,68.00499725341797,2
2026-06-09 04:28:00+00:00,67.99500274658203,67.99500274658203,67.99500274658203,67.99500274658203,1
2026-06-09 04:29:00+00:00,68.03500366210938,68.04000091552734,68.03500366210938,68.04000091552734,2
2026-06-09 04:30:00+00:00,67.95999908447266,68.02999877929688,67.95999908447266,68.02999877929688,7
2026-06-09 04:31:00+00:00,67.94999694824219,67.94999694824219,67.94000244140625,67.94000244140625,2
2026-06-09 04:32:00+00:00,67.94499969482422,67.94499969482422,67.94499969482422,67.94499969482422,1
2026-06-09 04:33:00+00:00,67.92500305175781,67.95999908447266,67.8949966430664,67.95999908447266,22
2026-06-09 04:34:00+00:00,67.91000366210938,67.91000366210938,67.88500213623047,67.8949966430664,9
2026-06-09 04:35:00+00:00,68.0250015258789,68.0250015258789,67.93000030517578,67.93000030517578,4
2026-06-09 04:36:00+00:00,67.99500274658203,67.99500274658203,67.98500061035156,67.98500061035156,2
2026-06-09 04:37:00+00:00,68.04000091552734,68.04000091552734,68.01499938964844,68.01499938964844,2
2026-06-09 04:38:00+00:00,68.03500366210938,68.04000091552734,68.00499725341797,68.04000091552734,5
2026-06-09 04:39:00+00:00,68.04000091552734,68.04499816894531,68.00499725341797,68.00499725341797,3
2026-06-09 04:40:00+00:00,68.04499816894531,68.04499816894531,68.03500366210938,68.04000091552734,5
2026-06-09 04:41:00+00:00,68.0199966430664,68.02999877929688,68.0199966430664,68.02999877929688,2
2026-06-09 04:42:00+00:00,68.02999877929688,68.02999877929688,68.02999877929688,68.02999877929688,2
2026-06-09 04:44:00+00:00,68.0199966430664,68.0199966430664,68.0199966430664,68.0199966430664,1
2026-06-09 04:45:00+00:00,68.0199966430664,68.04499816894531,68.0199966430664,68.04499816894531,3
2026-06-09 04:46:00+00:00,68.08499908447266,68.08499908447266,68.08499908447266,68.08499908447266,1
2026-06-09 04:47:00+00:00,68.04499816894531,68.04499816894531,68.04499816894531,68.04499816894531,1
2026-06-09 04:49:00+00:00,68.12000274658203,68.12000274658203,68.05500030517578,68.05999755859375,9
2026-06-09 04:50:00+00:00,68.06500244140625,68.12000274658203,68.06500244140625,68.11499786376953,9
2026-06-09 04:51:00+00:00,68.01000213623047,68.05999755859375,67.99500274658203,68.05999755859375,22
2026-06-09 04:52:00+00:00,68.0199966430664,68.0199966430664,68.0199966430664,68.0199966430664,1
2026-06-09 04:53:00+00:00,68.0199966430664,68.0199966430664,68.0199966430664,68.0199966430664,1
2026-06-09 04:55:00+00:00,67.99500274658203,67.99500274658203,67.99500274658203,67.99500274658203,7
2026-06-09 05:00:00+00:00,68.16999816894531,68.16999816894531,68.08999633789062,68.08999633789062,16
2026-06-09 05:01:00+00:00,68.15499877929688,68.15499877929688,68.15499877929688,68.15499877929688,5
2026-06-09 05:02:00+00:00,68.16500091552734,68.16500091552734,68.1500015258789,68.1500015258789,5
2026-06-09 05:03:00+00:00,68.18499755859375,68.18499755859375,68.15499877929688,68.16999816894531,5
2026-06-09 05:04:00+00:00,68.19499969482422,68.19499969482422,68.19499969482422,68.19499969482422,1
2026-06-09 05:05:00+00:00,68.19999694824219,68.19999694824219,68.19999694824219,68.19999694824219,1
2026-06-09 05:06:00+00:00,68.19999694824219,68.19999694824219,68.18000030517578,68.18000030517578,4
2026-06-09 05:07:00+00:00,68.16500091552734,68.16500091552734,68.16500091552734,68.16500091552734,1
2026-06-09 05:08:00+00:00,68.13999938964844,68.15499877929688,68.13999938964844,68.15499877929688,2
2026-06-09 05:09:00+00:00,68.04499816894531,68.11499786376953,68.04499816894531,68.11499786376953,3
2026-06-09 05:10:00+00:00,68.05500030517578,68.05500030517578,68.05500030517578,68.05500030517578,1
2026-06-09 05:13:00+00:00,68.04499816894531,68.05999755859375,68.04499816894531,68.05000305175781,6
2026-06-09 05:16:00+00:00,68.09500122070312,68.09500122070312,68.06999969482422,68.06999969482422,3
2026-06-09 05:18:00+00:00,68.08499908447266,68.08999633789062,68.05999755859375,68.05999755859375,6
2026-06-09 05:19:00+00:00,68.0999984741211,68.0999984741211,68.0999984741211,68.0999984741211,3
2026-06-09 05:20:00+00:00,68.12000274658203,68.12000274658203,68.11499786376953,68.11499786376953,9
2026-06-09 05:21:00+00:00,68.06999969482422,68.08000183105469,68.06999969482422,68.08000183105469,2
2026-06-09 05:22:00+00:00,68.06999969482422,68.06999969482422,68.06999969482422,68.06999969482422,1
2026-06-09 05:23:00+00:00,68.08000183105469,68.08000183105469,68.08000183105469,68.08000183105469,4
2026-06-09 05:24:00+00:00,68.08999633789062,68.08999633789062,68.08999633789062,68.08999633789062,2
2026-06-09 05:25:00+00:00,68.07499694824219,68.12000274658203,68.07499694824219,68.12000274658203,3
2026-06-09 05:27:00+00:00,68.08999633789062,68.08999633789062,68.08999633789062,68.08999633789062,1
2026-06-09 05:29:00+00:00,68.04499816894531,68.04499816894531,68.04499816894531,68.04499816894531,2
2026-06-09 05:30:00+00:00,68.12999725341797,68.17500305175781,67.93499755859375,68.0250015258789,84
2026-06-09 05:31:00+00:00,68.25,68.25,68.09500122070312,68.0999984741211,19
2026-06-09 05:32:00+00:00,68.30000305175781,68.41500091552734,68.2249984741211,68.23500061035156,40
2026-06-09 05:33:00+00:00,68.2300033569336,68.37000274658203,68.2249984741211,68.30500030517578,23
2026-06-09 05:34:00+00:00,68.36000061035156,68.38500213623047,68.28500366210938,68.28500366210938,30
2026-06-09 05:35:00+00:00,68.38999938964844,68.4000015258789,68.33499908447266,68.36000061035156,38
2026-06-09 05:36:00+00:00,68.41999816894531,68.44999694824219,68.3949966430664,68.41000366210938,21
2026-06-09 05:37:00+00:00,68.38500213623047,68.38500213623047,68.34500122070312,68.36499786376953,12
2026-06-09 05:38:00+00:00,68.3550033569336,68.375,68.34500122070312,68.375,11
2026-06-09 05:39:00+00:00,68.49500274658203,68.51000213623047,68.40499877929688,68.40499877929688,20
2026-06-09 05:40:00+00:00,68.47000122070312,68.61000061035156,68.47000122070312,68.58000183105469,20
2026-06-09 05:41:00+00:00,68.58000183105469,68.58000183105469,68.51000213623047,68.51000213623047,9
2026-06-09 05:42:00+00:00,68.66000366210938,68.68000030517578,68.62000274658203,68.62000274658203,25
2026-06-09 05:43:00+00:00,68.75,68.75,68.65499877929688,68.65499877929688,43
2026-06-09 05:44:00+00:00,68.66000366210938,68.7300033569336,68.6500015258789,68.70500183105469,24
2026-06-09 05:45:00+00:00,68.58999633789062,68.68499755859375,68.57499694824219,68.66999816894531,17
2026-06-09 05:46:00+00:00,68.66999816894531,68.66999816894531,68.59500122070312,68.59500122070312,8
2026-06-09 05:47:00+00:00,68.6500015258789,68.65499877929688,68.6500015258789,68.65499877929688,2
2026-06-09 05:48:00+00:00,68.6050033569336,68.61499786376953,68.6050033569336,68.61499786376953,4
2026-06-09 05:49:00+00:00,68.66500091552734,68.66500091552734,68.61499786376953,68.63500213623047,6
2026-06-09 05:50:00+00:00,68.55999755859375,68.59500122070312,68.55999755859375,68.59500122070312,8
2026-06-09 05:51:00+00:00,68.58999633789062,68.5999984741211,68.56999969482422,68.56999969482422,3
2026-06-09 05:52:00+00:00,68.57499694824219,68.58999633789062,68.56999969482422,68.56999969482422,4
2026-06-09 05:53:00+00:00,68.57499694824219,68.62000274658203,68.55999755859375,68.6050033569336,10
2026-06-09 05:54:00+00:00,68.62000274658203,68.62000274658203,68.56500244140625,68.56500244140625,16
2026-06-09 05:55:00+00:00,68.5,68.58000183105469,68.4800033569336,68.57499694824219,27
2026-06-09 05:56:00+00:00,68.5199966430664,68.5199966430664,68.5,68.5,2
2026-06-09 05:57:00+00:00,68.5,68.50499725341797,68.48500061035156,68.50499725341797,4
2026-06-09 05:58:00+00:00,68.49500274658203,68.51499938964844,68.49500274658203,68.51499938964844,11
2026-06-09 05:59:00+00:00,68.48999786376953,68.51499938964844,68.48999786376953,68.48999786376953,11
2026-06-09 06:00:00+00:00,68.54000091552734,68.57499694824219,68.48999786376953,68.48999786376953,20
2026-06-09 06:01:00+00:00,68.63500213623047,68.63500213623047,68.54000091552734,68.54000091552734,29
2026-06-09 06:02:00+00:00,68.66999816894531,68.75499725341797,68.66500091552734,68.66500091552734,35
2026-06-09 06:03:00+00:00,68.69499969482422,68.69499969482422,68.6500015258789,68.67500305175781,19
2026-06-09 06:04:00+00:00,68.69499969482422,68.74500274658203,68.67500305175781,68.70500183105469,19
2026-06-09 06:05:00+00:00,68.74500274658203,68.76499938964844,68.69000244140625,68.69000244140625,21
2026-06-09 06:06:00+00:00,68.74500274658203,68.74500274658203,68.69499969482422,68.7249984741211,18
2026-06-09 06:07:00+00:00,68.66000366210938,68.78500366210938,68.6500015258789,68.74500274658203,34
2026-06-09 06:08:00+00:00,68.69999694824219,68.76499938964844,68.69499969482422,68.69499969482422,12
2026-06-09 06:09:00+00:00,68.66999816894531,68.69499969482422,68.63500213623047,68.69499969482422,7
2026-06-09 06:10:00+00:00,68.65499877929688,68.66000366210938,68.63500213623047,68.63500213623047,7
2026-06-09 06:11:00+00:00,68.6050033569336,68.67500305175781,68.58000183105469,68.66500091552734,17
2026-06-09 06:12:00+00:00,68.61499786376953,68.6449966430664,68.61499786376953,68.625,12
2026-06-09 06:13:00+00:00,68.57499694824219,68.5999984741211,68.57499694824219,68.5999984741211,13
2026-06-09 06:14:00+00:00,68.62000274658203,68.62000274658203,68.58000183105469,68.58999633789062,5
2026-06-09 06:15:00+00:00,68.63999938964844,68.6500015258789,68.61000061035156,68.625,8
2026-06-09 06:16:00+00:00,68.63500213623047,68.6449966430664,68.61000061035156,68.6449966430664,7
2026-06-09 06:17:00+00:00,68.69999694824219,68.69999694824219,68.6050033569336,68.61000061035156,49
2026-06-09 06:18:00+00:00,68.66000366210938,68.66000366210938,68.63500213623047,68.63500213623047,2
2026-06-09 06:19:00+00:00,68.69999694824219,68.70999908447266,68.66000366210938,68.66999816894531,18
2026-06-09 06:20:00+00:00,68.6500015258789,68.6500015258789,68.61000061035156,68.61499786376953,12
2026-06-09 06:21:00+00:00,68.70999908447266,68.7249984741211,68.6500015258789,68.66500091552734,34
2026-06-09 06:22:00+00:00,68.71499633789062,68.72000122070312,68.69000244140625,68.70500183105469,14
2026-06-09 06:23:00+00:00,68.71499633789062,68.71499633789062,68.68499755859375,68.69499969482422,5
2026-06-09 06:24:00+00:00,68.71499633789062,68.71499633789062,68.70500183105469,68.70500183105469,4
2026-06-09 06:25:00+00:00,68.6500015258789,68.7300033569336,68.6500015258789,68.7249984741211,7
2026-06-09 06:26:00+00:00,68.63999938964844,68.68000030517578,68.63999938964844,68.65499877929688,6
2026-06-09 06:27:00+00:00,68.62000274658203,68.65499877929688,68.62000274658203,68.6449966430664,33
2026-06-09 06:28:00+00:00,68.58999633789062,68.6050033569336,68.56999969482422,68.6050033569336,13
2026-06-09 06:29:00+00:00,68.52999877929688,68.55500030517578,68.51000213623047,68.55500030517578,26
2026-06-09 06:30:00+00:00,68.49500274658203,68.53500366210938,68.4800033569336,68.53500366210938,19
2026-06-09 06:31:00+00:00,68.49500274658203,68.51499938964844,68.44000244140625,68.45500183105469,27
2026-06-09 06:32:00+00:00,68.47000122070312,68.51000213623047,68.47000122070312,68.48999786376953,15
2026-06-09 06:33:00+00:00,68.44000244140625,68.5,68.44000244140625,68.48500061035156,18
2026-06-09 06:34:00+00:00,68.44999694824219,68.45500183105469,68.42500305175781,68.44499969482422,8
2026-06-09 06:35:00+00:00,68.51499938964844,68.51499938964844,68.44000244140625,68.44000244140625,9
2026-06-09 06:36:00+00:00,68.51000213623047,68.51499938964844,68.49500274658203,68.51000213623047,7
2026-06-09 06:37:00+00:00,68.48999786376953,68.49500274658203,68.4749984741211,68.49500274658203,5
2026-06-09 06:38:00+00:00,68.5,68.5,68.49500274658203,68.49500274658203,2
2026-06-09 06:39:00+00:00,68.58000183105469,68.58000183105469,68.49500274658203,68.5250015258789,13
2026-06-09 06:40:00+00:00,68.58999633789062,68.58999633789062,68.56999969482422,68.56999969482422,5
2026-06-09 06:41:00+00:00,68.55500030517578,68.56999969482422,68.54000091552734,68.56999969482422,5
2026-06-09 06:42:00+00:00,68.55999755859375,68.59500122070312,68.52999877929688,68.55000305175781,23
2026-06-09 06:43:00+00:00,68.51000213623047,68.56500244140625,68.51000213623047,68.56500244140625,11
2026-06-09 06:44:00+00:00,68.55500030517578,68.55500030517578,68.51000213623047,68.51000213623047,9
2026-06-09 06:45:00+00:00,68.625,68.625,68.55500030517578,68.56999969482422,38
2026-06-09 06:46:00+00:00,68.58499908447266,68.61000061035156,68.58499908447266,68.61000061035156,4
2026-06-09 06:47:00+00:00,68.61499786376953,68.61499786376953,68.56999969482422,68.57499694824219,21
2026-06-09 06:48:00+00:00,68.63999938964844,68.63999938964844,68.61000061035156,68.62000274658203,10
2026-06-09 06:49:00+00:00,68.66000366210938,68.66000366210938,68.62000274658203,68.63999938964844,9
2026-06-09 06:50:00+00:00,68.55999755859375,68.63999938964844,68.54000091552734,68.63999938964844,24
2026-06-09 06:51:00+00:00,68.5199966430664,68.55500030517578,68.5199966430664,68.55500030517578,13
2026-06-09 06:52:00+00:00,68.52999877929688,68.54499816894531,68.52999877929688,68.53500366210938,16
2026-06-09 06:53:00+00:00,68.4749984741211,68.52999877929688,68.4749984741211,68.52999877929688,13
2026-06-09 06:54:00+00:00,68.41000366210938,68.5,68.41000366210938,68.48999786376953,14
2026-06-09 06:55:00+00:00,68.45999908447266,68.4749984741211,68.43499755859375,68.43499755859375,28
2026-06-09 06:56:00+00:00,68.5199966430664,68.52999877929688,68.45500183105469,68.45500183105469,13
2026-06-09 06:57:00+00:00,68.56500244140625,68.56500244140625,68.48500061035156,68.50499725341797,61
2026-06-09 06:58:00+00:00,68.48500061035156,68.55500030517578,68.48500061035156,68.53500366210938,38
2026-06-09 06:59:00+00:00,68.46499633789062,68.50499725341797,68.44999694824219,68.4800033569336,65
2026-06-09 07:00:00+00:00,68.48999786376953,68.5250015258789,68.36499786376953,68.44000244140625,47
2026-06-09 07:01:00+00:00,68.4749984741211,68.48500061035156,68.45500183105469,68.48500061035156,29
2026-06-09 07:02:00+00:00,68.49500274658203,68.51000213623047,68.48999786376953,68.48999786376953,5
2026-06-09 07:03:00+00:00,68.55999755859375,68.56999969482422,68.50499725341797,68.50499725341797,17
2026-06-09 07:04:00+00:00,68.5199966430664,68.52999877929688,68.5199966430664,68.5199966430664,7
2026-06-09 07:05:00+00:00,68.52999877929688,68.52999877929688,68.4800033569336,68.49500274658203,12
2026-06-09 07:06:00+00:00,68.43499755859375,68.46499633789062,68.43499755859375,68.46499633789062,23
2026-06-09 07:07:00+00:00,68.50499725341797,68.52999877929688,68.50499725341797,68.52999877929688,4
2026-06-09 07:08:00+00:00,68.51499938964844,68.51499938964844,68.50499725341797,68.50499725341797,2
2026-06-09 07:09:00+00:00,68.50499725341797,68.50499725341797,68.4800033569336,68.4800033569336,6
2026-06-09 07:10:00+00:00,68.46499633789062,68.51499938964844,68.46499633789062,68.48999786376953,21
2026-06-09 07:11:00+00:00,68.43499755859375,68.5,68.43499755859375,68.4800033569336,11
2026-06-09 07:12:00+00:00,68.43499755859375,68.46499633789062,68.43499755859375,68.44999694824219,7
2026-06-09 07:13:00+00:00,68.41500091552734,68.44000244140625,68.38500213623047,68.44000244140625,12
2026-06-09 07:14:00+00:00,68.31500244140625,68.41500091552734,68.31500244140625,68.41000366210938,39
2026-06-09 07:15:00+00:00,68.27999877929688,68.32499694824219,68.24500274658203,68.30999755859375,36
2026-06-09 07:16:00+00:00,68.26499938964844,68.2750015258789,68.23999786376953,68.2750015258789,29
2026-06-09 07:17:00+00:00,68.31500244140625,68.31500244140625,68.26000213623047,68.27999877929688,31
2026-06-09 07:18:00+00:00,68.33499908447266,68.37999725341797,68.32499694824219,68.32499694824219,25
2026-06-09 07:19:00+00:00,68.32499694824219,68.33999633789062,68.31999969482422,68.33999633789062,8
2026-06-09 07:20:00+00:00,68.31999969482422,68.33000183105469,68.30999755859375,68.31500244140625,5
2026-06-09 07:21:00+00:00,68.36499786376953,68.37000274658203,68.29499816894531,68.30000305175781,69
2026-06-09 07:22:00+00:00,68.52999877929688,68.52999877929688,68.41000366210938,68.41000366210938,46
2026-06-09 07:23:00+00:00,68.53500366210938,68.55500030517578,68.51499938964844,68.53500366210938,54
2026-06-09 07:24:00+00:00,68.55999755859375,68.56999969482422,68.53500366210938,68.53500366210938,23
2026-06-09 07:25:00+00:00,68.44499969482422,68.48999786376953,68.44499969482422,68.48999786376953,15
2026-06-09 07:26:00+00:00,68.44499969482422,68.44499969482422,68.44499969482422,68.44499969482422,1
2026-06-09 07:27:00+00:00,68.48500061035156,68.51000213623047,68.47000122070312,68.47000122070312,20
2026-06-09 07:28:00+00:00,68.48999786376953,68.5,68.48999786376953,68.5,4
2026-06-09 07:29:00+00:00,68.48500061035156,68.54000091552734,68.48500061035156,68.53500366210938,5
2026-06-09 07:30:00+00:00,68.51499938964844,68.51499938964844,68.51499938964844,68.51499938964844,2
2026-06-09 07:31:00+00:00,68.38999938964844,68.48500061035156,68.38999938964844,68.45999908447266,18
2026-06-09 07:32:00+00:00,68.38500213623047,68.41500091552734,68.36499786376953,68.4000015258789,32
2026-06-09 07:33:00+00:00,68.4000015258789,68.4000015258789,68.33999633789062,68.3499984741211,16
2026-06-09 07:34:00+00:00,68.31500244140625,68.3499984741211,68.30500030517578,68.33499908447266,29
2026-06-09 07:35:00+00:00,68.33000183105469,68.33000183105469,68.29000091552734,68.31500244140625,23
2026-06-09 07:36:00+00:00,68.36000061035156,68.38999938964844,68.3499984741211,68.3499984741211,10
2026-06-09 07:37:00+00:00,68.33999633789062,68.41500091552734,68.33499908447266,68.3949966430664,9
2026-06-09 07:38:00+00:00,68.33499908447266,68.38500213623047,68.33000183105469,68.38500213623047,4
2026-06-09 07:39:00+00:00,68.32499694824219,68.3499984741211,68.31999969482422,68.32499694824219,24
2026-06-09 07:40:00+00:00,68.3550033569336,68.3949966430664,68.3550033569336,68.3949966430664,7
2026-06-09 07:41:00+00:00,68.41500091552734,68.43000030517578,68.30999755859375,68.33499908447266,22
2026-06-09 07:42:00+00:00,68.43499755859375,68.44499969482422,68.41500091552734,68.41500091552734,24
2026-06-09 07:43:00+00:00,68.46499633789062,68.46499633789062,68.43499755859375,68.45500183105469,3
2026-06-09 07:44:00+00:00,68.4749984741211,68.48500061035156,68.43499755859375,68.45500183105469,7
2026-06-09 07:45:00+00:00,68.51000213623047,68.51000213623047,68.4749984741211,68.48500061035156,19
2026-06-09 07:46:00+00:00,68.45999908447266,68.54000091552734,68.44499969482422,68.54000091552734,29
2026-06-09 07:47:00+00:00,68.48999786376953,68.48999786376953,68.44000244140625,68.45500183105469,17
2026-06-09 07:48:00+00:00,68.4749984741211,68.50499725341797,68.46499633789062,68.49500274658203,11
2026-06-09 07:49:00+00:00,68.50499725341797,68.50499725341797,68.49500274658203,68.5,9
2026-06-09 07:50:00+00:00,68.57499694824219,68.57499694824219,68.4800033569336,68.4800033569336,11
2026-06-09 07:51:00+00:00,68.61000061035156,68.625,68.56500244140625,68.58499908447266,12
2026-06-09 07:52:00+00:00,68.52999877929688,68.62000274658203,68.5,68.61000061035156,22
2026-06-09 07:53:00+00:00,68.58999633789062,68.63999938964844,68.55999755859375,68.55999755859375,41
2026-06-09 07:54:00+00:00,68.56999969482422,68.56999969482422,68.54499816894531,68.55000305175781,3
2026-06-09 07:55:00+00:00,68.54499816894531,68.57499694824219,68.53500366210938,68.57499694824219,4
2026-06-09 07:56:00+00:00,68.51000213623047,68.55000305175781,68.51000213623047,68.55000305175781,2
2026-06-09 07:57:00+00:00,68.51499938964844,68.51499938964844,68.48500061035156,68.5,6
2026-06-09 07:58:00+00:00,68.49500274658203,68.51000213623047,68.48500061035156,68.50499725341797,5
2026-06-09 07:59:00+00:00,68.4800033569336,68.49500274658203,68.4749984741211,68.49500274658203,3
2026-06-09 08:00:00+00:00,68.4800033569336,68.48500061035156,68.45500183105469,68.45500183105469,16
2026-06-09 08:01:00+00:00,68.46499633789062,68.46499633789062,68.29000091552734,68.375,83
2026-06-09 08:02:00+00:00,68.38999938964844,68.45999908447266,68.375,68.45500183105469,24
2026-06-09 08:03:00+00:00,68.44499969482422,68.44499969482422,68.38999938964844,68.3949966430664,5
2026-06-09 08:05:00+00:00,68.3499984741211,68.37000274658203,68.33499908447266,68.36499786376953,11
2026-06-09 08:06:00+00:00,68.36499786376953,68.36499786376953,68.33999633789062,68.33999633789062,7
2026-06-09 08:07:00+00:00,68.40499877929688,68.43000030517578,68.30000305175781,68.36499786376953,22
2026-06-09 08:08:00+00:00,68.5250015258789,68.5250015258789,68.41999816894531,68.41999816894531,27
2026-06-09 08:09:00+00:00,68.52999877929688,68.55000305175781,68.50499725341797,68.52999877929688,12
2026-06-09 08:10:00+00:00,68.56999969482422,68.56999969482422,68.52999877929688,68.54499816894531,18
2026-06-09 08:11:00+00:00,68.63500213623047,68.63500213623047,68.57499694824219,68.58499908447266,16
2026-06-09 08:12:00+00:00,68.88999938964844,68.9000015258789,68.62999725341797,68.62999725341797,96
2026-06-09 08:13:00+00:00,68.75499725341797,68.875,68.75499725341797,68.86000061035156,44
2026-06-09 08:14:00+00:00,68.70500183105469,68.7750015258789,68.70500183105469,68.7750015258789,21
2026-06-09 08:15:00+00:00,68.7750015258789,68.77999877929688,68.74500274658203,68.74500274658203,11
2026-06-09 08:16:00+00:00,68.77999877929688,68.82499694824219,68.75,68.79000091552734,12
2026-06-09 08:17:00+00:00,68.79000091552734,68.80999755859375,68.76499938964844,68.76499938964844,30
2026-06-09 08:18:00+00:00,68.80999755859375,68.83999633789062,68.76499938964844,68.79000091552734,42
2026-06-09 08:19:00+00:00,68.78500366210938,68.83000183105469,68.78500366210938,68.80999755859375,5
2026-06-09 08:20:00+00:00,68.83499908447266,68.84500122070312,68.79000091552734,68.79000091552734,37
2026-06-09 08:21:00+00:00,68.88500213623047,68.88500213623047,68.82499694824219,68.82499694824219,14
2026-06-09 08:22:00+00:00,68.91999816894531,68.93000030517578,68.80500030517578,68.82499694824219,51
2026-06-09 08:23:00+00:00,68.94000244140625,68.95999908447266,68.90499877929688,68.93499755859375,25
2026-06-09 08:24:00+00:00,68.88500213623047,68.93499755859375,68.88500213623047,68.93499755859375,7
2026-06-09 08:25:00+00:00,68.875,68.90499877929688,68.875,68.87999725341797,6
2026-06-09 08:26:00+00:00,68.91999816894531,68.94499969482422,68.88500213623047,68.88500213623047,45
2026-06-09 08:27:00+00:00,68.91999816894531,68.95999908447266,68.91999816894531,68.95999908447266,27
2026-06-09 08:28:00+00:00,68.95999908447266,68.98500061035156,68.92500305175781,68.93499755859375,36
2026-06-09 08:29:00+00:00,68.95500183105469,68.98500061035156,68.93499755859375,68.96499633789062,15
2026-06-09 08:30:00+00:00,68.96499633789062,68.9800033569336,68.94499969482422,68.96499633789062,38
2026-06-09 08:31:00+00:00,68.95500183105469,68.95500183105469,68.94499969482422,68.94999694824219,8
2026-06-09 08:32:00+00:00,68.91000366210938,68.97000122070312,68.88500213623047,68.95999908447266,28
2026-06-09 08:33:00+00:00,68.93000030517578,68.93000030517578,68.90499877929688,68.91999816894531,33
2026-06-09 08:34:00+00:00,68.86499786376953,68.91999816894531,68.82499694824219,68.91500091552734,9
2026-06-09 08:35:00+00:00,68.82499694824219,68.82499694824219,68.81500244140625,68.81500244140625,4
2026-06-09 08:36:00+00:00,68.81999969482422,68.81999969482422,68.80500030517578,68.80500030517578,10
2026-06-09 08:37:00+00:00,68.83000183105469,68.83000183105469,68.79499816894531,68.80500030517578,5
2026-06-09 08:38:00+00:00,68.81500244140625,68.81500244140625,68.80999755859375,68.80999755859375,6
2026-06-09 08:39:00+00:00,68.80500030517578,68.875,68.80000305175781,68.81500244140625,29
2026-06-09 08:40:00+00:00,68.80000305175781,68.84500122070312,68.79499816894531,68.82499694824219,8
2026-06-09 08:41:00+00:00,68.77999877929688,68.80999755859375,68.77999877929688,68.79499816894531,7
2026-06-09 08:42:00+00:00,68.83000183105469,68.8550033569336,68.7750015258789,68.77999877929688,18
2026-06-09 08:43:00+00:00,68.81999969482422,68.8550033569336,68.81999969482422,68.82499694824219,18
2026-06-09 08:44:00+00:00,68.81999969482422,68.86000061035156,68.81999969482422,68.84500122070312,9
2026-06-09 08:45:00+00:00,68.74500274658203,68.83000183105469,68.74500274658203,68.83000183105469,9
2026-06-09 08:46:00+00:00,68.70999908447266,68.73999786376953,68.70999908447266,68.73999786376953,11
2026-06-09 08:47:00+00:00,68.69000244140625,68.72000122070312,68.69000244140625,68.71499633789062,29
2026-06-09 08:48:00+00:00,68.61499786376953,68.66500091552734,68.6050033569336,68.66500091552734,22
2026-06-09 08:49:00+00:00,68.61000061035156,68.63500213623047,68.5999984741211,68.62000274658203,8
2026-06-09 08:50:00+00:00,68.58999633789062,68.5999984741211,68.55000305175781,68.5999984741211,16
2026-06-09 08:51:00+00:00,68.57499694824219,68.63999938964844,68.57499694824219,68.59500122070312,43
2026-06-09 08:52:00+00:00,68.56500244140625,68.56999969482422,68.55000305175781,68.56500244140625,11
2026-06-09 08:53:00+00:00,68.5999984741211,68.5999984741211,68.56500244140625,68.56500244140625,31
2026-06-09 08:54:00+00:00,68.6500015258789,68.6500015258789,68.58000183105469,68.58499908447266,15
2026-06-09 08:55:00+00:00,68.57499694824219,68.63999938964844,68.57499694824219,68.63999938964844,5
2026-06-09 08:56:00+00:00,68.59500122070312,68.61000061035156,68.58000183105469,68.58000183105469,22
2026-06-09 08:57:00+00:00,68.55999755859375,68.6050033569336,68.55999755859375,68.6050033569336,4
2026-06-09 08:58:00+00:00,68.52999877929688,68.55000305175781,68.52999877929688,68.55000305175781,7
2026-06-09 08:59:00+00:00,68.53500366210938,68.54499816894531,68.52999877929688,68.54499816894531,6
2026-06-09 09:00:00+00:00,68.51000213623047,68.54499816894531,68.5,68.54499816894531,12
2026-06-09 09:01:00+00:00,68.52999877929688,68.55000305175781,68.50499725341797,68.50499725341797,13
2026-06-09 09:02:00+00:00,68.58999633789062,68.5999984741211,68.54000091552734,68.54499816894531,39
2026-06-09 09:03:00+00:00,68.58999633789062,68.58999633789062,68.55500030517578,68.57499694824219,7
2026-06-09 09:04:00+00:00,68.58499908447266,68.61000061035156,68.57499694824219,68.58000183105469,18
2026-06-09 09:05:00+00:00,68.6449966430664,68.65499877929688,68.61000061035156,68.61000061035156,22
2026-06-09 09:06:00+00:00,68.58999633789062,68.63999938964844,68.58999633789062,68.62999725341797,6
2026-06-09 09:07:00+00:00,68.55000305175781,68.58000183105469,68.55000305175781,68.58000183105469,12
2026-06-09 09:08:00+00:00,68.58499908447266,68.58499908447266,68.58000183105469,68.58000183105469,2
2026-06-09 09:09:00+00:00,68.63999938964844,68.6500015258789,68.61000061035156,68.61000061035156,5
2026-06-09 09:10:00+00:00,68.62999725341797,68.68000030517578,68.62999725341797,68.6500015258789,21
2026-06-09 09:11:00+00:00,68.62000274658203,68.625,68.61000061035156,68.625,12
2026-06-09 09:12:00+00:00,68.58499908447266,68.62999725341797,68.58499908447266,68.62999725341797,19
2026-06-09 09:13:00+00:00,68.55000305175781,68.5999984741211,68.55000305175781,68.58499908447266,10
2026-06-09 09:14:00+00:00,68.54000091552734,68.54000091552734,68.54000091552734,68.54000091552734,1
2026-06-09 09:15:00+00:00,68.54499816894531,68.55999755859375,68.54000091552734,68.55000305175781,8
2026-06-09 09:16:00+00:00,68.53500366210938,68.55000305175781,68.53500366210938,68.53500366210938,11
2026-06-09 09:17:00+00:00,68.5250015258789,68.53500366210938,68.5250015258789,68.52999877929688,9
2026-06-09 09:19:00+00:00,68.55000305175781,68.55000305175781,68.54000091552734,68.54000091552734,4
2026-06-09 09:20:00+00:00,68.55999755859375,68.56999969482422,68.55500030517578,68.55500030517578,12
2026-06-09 09:21:00+00:00,68.58499908447266,68.625,68.58499908447266,68.61499786376953,9
2026-06-09 09:22:00+00:00,68.62000274658203,68.625,68.58499908447266,68.58999633789062,18
2026-06-09 09:23:00+00:00,68.58499908447266,68.62999725341797,68.58499908447266,68.62999725341797,7
2026-06-09 09:24:00+00:00,68.55999755859375,68.57499694824219,68.55999755859375,68.57499694824219,3
2026-06-09 09:25:00+00:00,68.54000091552734,68.55999755859375,68.52999877929688,68.54000091552734,27
2026-06-09 09:26:00+00:00,68.5250015258789,68.55999755859375,68.5250015258789,68.53500366210938,7
2026-06-09 09:27:00+00:00,68.45999908447266,68.51000213623047,68.44499969482422,68.51000213623047,9
2026-06-09 09:28:00+00:00,68.45500183105469,68.47000122070312,68.43000030517578,68.47000122070312,16
2026-06-09 09:29:00+00:00,68.36499786376953,68.43000030517578,68.33000183105469,68.41999816894531,26
2026-06-09 09:30:00+00:00,68.38500213623047,68.44499969482422,68.33000183105469,68.36499786376953,25
2026-06-09 09:31:00+00:00,68.38500213623047,68.40499877929688,68.38500213623047,68.40499877929688,2
2026-06-09 09:33:00+00:00,68.3949966430664,68.4000015258789,68.36000061035156,68.4000015258789,3
2026-06-09 09:34:00+00:00,68.37000274658203,68.375,68.36499786376953,68.375,6
2026-06-09 09:35:00+00:00,68.41500091552734,68.44000244140625,68.37999725341797,68.37999725341797,23
2026-06-09 09:36:00+00:00,68.43000030517578,68.44000244140625,68.41999816894531,68.42500305175781,4
2026-06-09 09:37:00+00:00,68.44000244140625,68.44000244140625,68.41999816894531,68.41999816894531,4
2026-06-09 09:38:00+00:00,68.45999908447266,68.45999908447266,68.44499969482422,68.44999694824219,4
2026-06-09 09:39:00+00:00,68.41500091552734,68.47000122070312,68.41500091552734,68.45999908447266,15
2026-06-09 09:40:00+00:00,68.41999816894531,68.42500305175781,68.40499877929688,68.40499877929688,11
2026-06-09 09:41:00+00:00,68.47000122070312,68.4749984741211,68.43000030517578,68.43000030517578,18
2026-06-09 09:42:00+00:00,68.45999908447266,68.45999908447266,68.44999694824219,68.45500183105469,5
2026-06-09 09:43:00+00:00,68.3949966430664,68.43499755859375,68.375,68.43499755859375,5
2026-06-09 09:44:00+00:00,68.41500091552734,68.41500091552734,68.4000015258789,68.4000015258789,2
2026-06-09 09:45:00+00:00,68.3949966430664,68.41500091552734,68.3949966430664,68.41500091552734,3
2026-06-09 09:46:00+00:00,68.41500091552734,68.43000030517578,68.41000366210938,68.41500091552734,9
2026-06-09 09:47:00+00:00,68.42500305175781,68.44999694824219,68.42500305175781,68.44999694824219,4
2026-06-09 09:48:00+00:00,68.49500274658203,68.49500274658203,68.44000244140625,68.44000244140625,5
2026-06-09 09:49:00+00:00,68.43499755859375,68.45500183105469,68.43499755859375,68.45500183105469,4
2026-06-09 09:50:00+00:00,68.43000030517578,68.44999694824219,68.43000030517578,68.43499755859375,5
2026-06-09 09:51:00+00:00,68.45500183105469,68.45500183105469,68.44499969482422,68.44499969482422,5
2026-06-09 09:53:00+00:00,68.48500061035156,68.48500061035156,68.48500061035156,68.48500061035156,4
2026-06-09 09:54:00+00:00,68.51000213623047,68.51499938964844,68.47000122070312,68.47000122070312,10
2026-06-09 09:55:00+00:00,68.50499725341797,68.5250015258789,68.48500061035156,68.48500061035156,6
2026-06-09 09:58:00+00:00,68.5,68.5,68.49500274658203,68.49500274658203,2
2026-06-09 09:59:00+00:00,68.50499725341797,68.52999877929688,68.50499725341797,68.51000213623047,18
2026-06-09 10:00:00+00:00,68.48999786376953,68.53500366210938,68.48999786376953,68.48999786376953,15
2026-06-09 10:01:00+00:00,68.5199966430664,68.54499816894531,68.4749984741211,68.4749984741211,8
2026-06-09 10:02:00+00:00,68.50499725341797,68.5199966430664,68.50499725341797,68.51499938964844,3
2026-06-09 10:03:00+00:00,68.51000213623047,68.51000213623047,68.5,68.5,6
2026-06-09 10:04:00+00:00,68.49500274658203,68.49500274658203,68.49500274658203,68.49500274658203,1
2026-06-09 10:05:00+00:00,68.51000213623047,68.51000213623047,68.51000213623047,68.51000213623047,4
2026-06-09 10:06:00+00:00,68.33000183105469,68.54000091552734,68.31500244140625,68.5,99
2026-06-09 10:07:00+00:00,68.41000366210938,68.41000366210938,68.29499816894531,68.31500244140625,57
2026-06-09 10:08:00+00:00,68.3949966430664,68.41999816894531,68.38500213623047,68.41999816894531,24
2026-06-09 10:09:00+00:00,68.3499984741211,68.4000015258789,68.29499816894531,68.4000015258789,54
2026-06-09 10:10:00+00:00,68.4000015258789,68.41500091552734,68.32499694824219,68.34500122070312,16
2026-06-09 10:11:00+00:00,68.46499633789062,68.46499633789062,68.40499877929688,68.40499877929688,11
2026-06-09 10:12:00+00:00,68.51000213623047,68.51000213623047,68.46499633789062,68.4749984741211,11
2026-06-09 10:13:00+00:00,68.47000122070312,68.48500061035156,68.47000122070312,68.48500061035156,4
2026-06-09 10:14:00+00:00,68.67500305175781,68.67500305175781,68.50499725341797,68.50499725341797,64
2026-06-09 10:15:00+00:00,68.6449966430664,68.66500091552734,68.63500213623047,68.66500091552734,11
2026-06-09 10:16:00+00:00,68.65499877929688,68.65499877929688,68.63500213623047,68.63500213623047,4
2026-06-09 10:17:00+00:00,68.66000366210938,68.66000366210938,68.6050033569336,68.63999938964844,8
2026-06-09 10:18:00+00:00,68.62000274658203,68.6500015258789,68.62000274658203,68.6500015258789,4
2026-06-09 10:19:00+00:00,68.63500213623047,68.63999938964844,68.63500213623047,68.63999938964844,3
2026-06-09 10:20:00+00:00,68.61499786376953,68.61499786376953,68.58000183105469,68.6050033569336,11
2026-06-09 10:21:00+00:00,68.61000061035156,68.61499786376953,68.57499694824219,68.57499694824219,10
2026-06-09 10:22:00+00:00,68.62000274658203,68.625,68.6050033569336,68.625,4
2026-06-09 10:23:00+00:00,68.58499908447266,68.58499908447266,68.58499908447266,68.58499908447266,3
2026-06-09 10:24:00+00:00,68.58999633789062,68.59500122070312,68.58999633789062,68.59500122070312,4
2026-06-09 10:25:00+00:00,68.67500305175781,68.67500305175781,68.58000183105469,68.58000183105469,8
2026-06-09 10:26:00+00:00,68.75,68.75,68.67500305175781,68.67500305175781,13
2026-06-09 10:27:00+00:00,68.72000122070312,68.72000122070312,68.72000122070312,68.72000122070312,3
2026-06-09 10:28:00+00:00,68.67500305175781,68.68000030517578,68.67500305175781,68.68000030517578,3
2026-06-09 10:29:00+00:00,68.68499755859375,68.68499755859375,68.66999816894531,68.67500305175781,5
2026-06-09 10:30:00+00:00,68.66999816894531,68.70999908447266,68.66999816894531,68.68499755859375,22
2026-06-09 10:31:00+00:00,68.69000244140625,68.69000244140625,68.68000030517578,68.68000030517578,3
2026-06-09 10:32:00+00:00,68.69999694824219,68.69999694824219,68.69499969482422,68.69499969482422,3
2026-06-09 10:33:00+00:00,68.66999816894531,68.69499969482422,68.66999816894531,68.69499969482422,5
2026-06-09 10:34:00+00:00,68.67500305175781,68.67500305175781,68.67500305175781,68.67500305175781,1
2026-06-09 10:35:00+00:00,68.59500122070312,68.61499786376953,68.58000183105469,68.61499786376953,7
2026-06-09 10:36:00+00:00,68.58499908447266,68.59500122070312,68.58000183105469,68.58000183105469,5
2026-06-09 10:37:00+00:00,68.56500244140625,68.56500244140625,68.56500244140625,68.56500244140625,6
2026-06-09 10:38:00+00:00,68.5999984741211,68.61000061035156,68.55999755859375,68.56500244140625,25
2026-06-09 10:39:00+00:00,68.56999969482422,68.58999633789062,68.56999969482422,68.58999633789062,3
2026-06-09 10:40:00+00:00,68.57499694824219,68.6050033569336,68.56999969482422,68.56999969482422,19
2026-06-09 10:41:00+00:00,68.57499694824219,68.57499694824219,68.57499694824219,68.57499694824219,2
2026-06-09 10:42:00+00:00,68.54000091552734,68.56500244140625,68.52999877929688,68.56500244140625,7
2026-06-09 10:43:00+00:00,68.55000305175781,68.55000305175781,68.55000305175781,68.55000305175781,1
2026-06-09 10:44:00+00:00,68.58000183105469,68.59500122070312,68.56999969482422,68.59500122070312,12
2026-06-09 10:46:00+00:00,68.53500366210938,68.56999969482422,68.53500366210938,68.56999969482422,34
2026-06-09 10:47:00+00:00,68.51499938964844,68.5250015258789,68.51000213623047,68.5250015258789,11
2026-06-09 10:48:00+00:00,68.49500274658203,68.53500366210938,68.48999786376953,68.5250015258789,21
2026-06-09 10:49:00+00:00,68.51000213623047,68.51000213623047,68.49500274658203,68.51000213623047,8
2026-06-09 10:50:00+00:00,68.53500366210938,68.55500030517578,68.53500366210938,68.55000305175781,5
2026-06-09 10:51:00+00:00,68.44000244140625,68.52999877929688,68.44000244140625,68.52999877929688,40
2026-06-09 10:52:00+00:00,68.54000091552734,68.54000091552734,68.43499755859375,68.43499755859375,10
2026-06-09 10:53:00+00:00,68.54499816894531,68.55999755859375,68.54499816894531,68.55999755859375,2
2026-06-09 10:54:00+00:00,68.52999877929688,68.69999694824219,68.52999877929688,68.55999755859375,145
2026-06-09 10:55:00+00:00,68.55999755859375,68.55999755859375,68.54499816894531,68.55500030517578,18
2026-06-09 10:56:00+00:00,68.52999877929688,68.58499908447266,68.5250015258789,68.55999755859375,44
2026-06-09 10:57:00+00:00,68.5999984741211,68.5999984741211,68.57499694824219,68.57499694824219,10
2026-06-09 10:58:00+00:00,68.66999816894531,68.68499755859375,68.59500122070312,68.5999984741211,18
2026-06-09 10:59:00+00:00,68.7249984741211,68.75,68.65499877929688,68.66500091552734,58
2026-06-09 11:00:00+00:00,68.79499816894531,68.80500030517578,68.68499755859375,68.72000122070312,200
2026-06-09 11:01:00+00:00,68.69999694824219,68.83499908447266,68.68499755859375,68.79499816894531,42
2026-06-09 11:02:00+00:00,68.66999816894531,68.71499633789062,68.66999816894531,68.71499633789062,11
2026-06-09 11:03:00+00:00,68.6050033569336,68.66500091552734,68.5999984741211,68.66500091552734,27
2026-06-09 11:04:00+00:00,68.58999633789062,68.6050033569336,68.58999633789062,68.6050033569336,5
2026-06-09 11:05:00+00:00,68.62000274658203,68.625,68.6050033569336,68.61499786376953,10
2026-06-09 11:06:00+00:00,68.62000274658203,68.65499877929688,68.5999984741211,68.5999984741211,9
2026-06-09 11:07:00+00:00,68.62000274658203,68.6500015258789,68.62000274658203,68.63999938964844,4
2026-06-09 11:08:00+00:00,68.69499969482422,68.69499969482422,68.61000061035156,68.625,28
2026-06-09 11:09:00+00:00,68.65499877929688,68.68499755859375,68.65499877929688,68.65499877929688,10
2026-06-09 11:10:00+00:00,68.61499786376953,68.6500015258789,68.61499786376953,68.6500015258789,4
2026-06-09 11:11:00+00:00,68.69499969482422,68.70999908447266,68.65499877929688,68.65499877929688,12
2026-06-09 11:12:00+00:00,68.72000122070312,68.7249984741211,68.66999816894531,68.68000030517578,18
2026-06-09 11:14:00+00:00,68.69499969482422,68.69499969482422,68.69000244140625,68.69000244140625,3
2026-06-09 11:15:00+00:00,68.72000122070312,68.72000122070312,68.69000244140625,68.72000122070312,10
2026-06-09 11:16:00+00:00,68.61000061035156,68.7300033569336,68.61000061035156,68.7249984741211,22
2026-06-09 11:17:00+00:00,68.63999938964844,68.63999938964844,68.63500213623047,68.63500213623047,6
2026-06-09 11:18:00+00:00,68.69499969482422,68.69499969482422,68.63999938964844,68.63999938964844,9
2026-06-09 11:19:00+00:00,68.70999908447266,68.70999908447266,68.70999908447266,68.70999908447266,1
2026-06-09 11:20:00+00:00,68.69499969482422,68.69499969482422,68.69499969482422,68.69499969482422,1
2026-06-09 11:21:00+00:00,68.72000122070312,68.76000213623047,68.69999694824219,68.69999694824219,24
2026-06-09 11:22:00+00:00,68.76000213623047,68.76000213623047,68.71499633789062,68.71499633789062,22
2026-06-09 11:23:00+00:00,68.68000030517578,68.7249984741211,68.68000030517578,68.70500183105469,26
2026-06-09 11:25:00+00:00,68.61499786376953,68.65499877929688,68.6050033569336,68.65499877929688,14
2026-06-09 11:26:00+00:00,68.63500213623047,68.63999938964844,68.63500213623047,68.63999938964844,2
2026-06-09 11:27:00+00:00,68.67500305175781,68.67500305175781,68.63500213623047,68.63500213623047,2
2026-06-09 11:28:00+00:00,68.65499877929688,68.66500091552734,68.65499877929688,68.66500091552734,2
2026-06-09 11:30:00+00:00,68.65499877929688,68.66999816894531,68.65499877929688,68.65499877929688,8
2026-06-09 11:31:00+00:00,68.66000366210938,68.68000030517578,68.6449966430664,68.68000030517578,4
2026-06-09 11:32:00+00:00,68.67500305175781,68.67500305175781,68.67500305175781,68.67500305175781,3
2026-06-09 11:34:00+00:00,68.63999938964844,68.63999938964844,68.62999725341797,68.63999938964844,8
2026-06-09 11:35:00+00:00,68.61000061035156,68.63999938964844,68.61000061035156,68.62999725341797,4
2026-06-09 11:36:00+00:00,68.62999725341797,68.62999725341797,68.58999633789062,68.62000274658203,5
2026-06-09 11:38:00+00:00,68.62000274658203,68.63999938964844,68.61000061035156,68.62999725341797,8
2026-06-09 11:40:00+00:00,68.6449966430664,68.6500015258789,68.625,68.62999725341797,6
2026-06-09 11:41:00+00:00,68.66500091552734,68.69000244140625,68.66000366210938,68.66000366210938,7
2026-06-09 11:42:00+00:00,68.65499877929688,68.69999694824219,68.65499877929688,68.68499755859375,21
2026-06-09 11:43:00+00:00,68.7300033569336,68.74500274658203,68.66999816894531,68.67500305175781,42
2026-06-09 11:44:00+00:00,68.7300033569336,68.7750015258789,68.71499633789062,68.71499633789062,18
2026-06-09 11:45:00+00:00,68.73500061035156,68.76000213623047,68.73500061035156,68.74500274658203,17
2026-06-09 11:46:00+00:00,68.71499633789062,68.76000213623047,68.69499969482422,68.7300033569336,37
2026-06-09 11:47:00+00:00,68.69499969482422,68.70999908447266,68.69499969482422,68.70999908447266,3
2026-06-09 11:48:00+00:00,68.71499633789062,68.71499633789062,68.68000030517578,68.68499755859375,4
2026-06-09 11:49:00+00:00,68.71499633789062,68.71499633789062,68.71499633789062,68.71499633789062,1
2026-06-09 11:50:00+00:00,68.73999786376953,68.73999786376953,68.69999694824219,68.69999694824219,17
2026-06-09 11:51:00+00:00,68.79000091552734,68.80000305175781,68.7300033569336,68.75,15
2026-06-09 11:52:00+00:00,68.76499938964844,68.80000305175781,68.76000213623047,68.80000305175781,5
2026-06-09 11:53:00+00:00,68.80000305175781,68.80000305175781,68.79000091552734,68.79000091552734,3
2026-06-09 11:54:00+00:00,68.75,68.76499938964844,68.75,68.76499938964844,7
2026-06-09 11:55:00+00:00,68.70999908447266,68.73500061035156,68.69000244140625,68.73500061035156,9
2026-06-09 11:56:00+00:00,68.72000122070312,68.73500061035156,68.71499633789062,68.73500061035156,5
2026-06-09 11:57:00+00:00,68.76499938964844,68.76499938964844,68.71499633789062,68.7249984741211,93
2026-06-09 11:58:00+00:00,68.70999908447266,68.7750015258789,68.70999908447266,68.7750015258789,16
2026-06-09 11:59:00+00:00,68.69000244140625,68.72000122070312,68.66500091552734,68.72000122070312,14
2026-06-09 12:00:00+00:00,68.77999877929688,68.80000305175781,68.70999908447266,68.70999908447266,85
2026-06-09 12:01:00+00:00,68.72000122070312,68.7699966430664,68.72000122070312,68.7699966430664,27
2026-06-09 12:02:00+00:00,68.70500183105469,68.7300033569336,68.68499755859375,68.7249984741211,15
2026-06-09 12:03:00+00:00,68.7249984741211,68.73999786376953,68.70500183105469,68.70500183105469,10
2026-06-09 12:04:00+00:00,68.73500061035156,68.73500061035156,68.72000122070312,68.7249984741211,15
2026-06-09 12:05:00+00:00,68.68000030517578,68.72000122070312,68.66999816894531,68.70500183105469,29
2026-06-09 12:06:00+00:00,68.7300033569336,68.7300033569336,68.69999694824219,68.69999694824219,4
2026-06-09 12:07:00+00:00,68.73500061035156,68.75,68.7300033569336,68.75,8
2026-06-09 12:08:00+00:00,68.71499633789062,68.71499633789062,68.71499633789062,68.71499633789062,4
2026-06-09 12:09:00+00:00,68.73500061035156,68.73999786376953,68.70500183105469,68.70999908447266,17
2026-06-09 12:10:00+00:00,68.75499725341797,68.77999877929688,68.73999786376953,68.73999786376953,37
2026-06-09 12:11:00+00:00,68.76000213623047,68.76000213623047,68.76000213623047,68.76000213623047,1
2026-06-09 12:12:00+00:00,68.71499633789062,68.73500061035156,68.70999908447266,68.72000122070312,4
2026-06-09 12:13:00+00:00,68.70500183105469,68.7300033569336,68.69499969482422,68.69999694824219,7
2026-06-09 12:14:00+00:00,68.6050033569336,68.69000244140625,68.6050033569336,68.69000244140625,21
2026-06-09 12:15:00+00:00,68.58000183105469,68.63500213623047,68.56500244140625,68.625,57
2026-06-09 12:16:00+00:00,68.56999969482422,68.5999984741211,68.55500030517578,68.58999633789062,12
2026-06-09 12:17:00+00:00,68.57499694824219,68.58499908447266,68.56500244140625,68.56500244140625,6
2026-06-09 12:18:00+00:00,68.56500244140625,68.61499786376953,68.56500244140625,68.6050033569336,21
2026-06-09 12:19:00+00:00,68.61499786376953,68.61499786376953,68.58000183105469,68.58000183105469,16
2026-06-09 12:20:00+00:00,68.55000305175781,68.6050033569336,68.54000091552734,68.58499908447266,27
2026-06-09 12:21:00+00:00,68.51499938964844,68.57499694824219,68.51499938964844,68.55000305175781,20
2026-06-09 12:22:00+00:00,68.54499816894531,68.55000305175781,68.52999877929688,68.52999877929688,15
2026-06-09 12:23:00+00:00,68.5250015258789,68.55500030517578,68.4800033569336,68.50499725341797,57
2026-06-09 12:24:00+00:00,68.55000305175781,68.58000183105469,68.51000213623047,68.51499938964844,16
2026-06-09 12:25:00+00:00,68.5999984741211,68.65499877929688,68.54499816894531,68.54499816894531,68
2026-06-09 12:26:00+00:00,68.61499786376953,68.66999816894531,68.59500122070312,68.59500122070312,35
2026-06-09 12:27:00+00:00,68.5999984741211,68.62000274658203,68.58999633789062,68.62000274658203,16
2026-06-09 12:28:00+00:00,68.55000305175781,68.61499786376953,68.55000305175781,68.59500122070312,17
2026-06-09 12:29:00+00:00,68.51000213623047,68.55000305175781,68.4800033569336,68.55000305175781,21
2026-06-09 12:30:00+00:00,68.6449966430664,68.71499633789062,68.48999786376953,68.50499725341797,127
2026-06-09 12:31:00+00:00,68.7300033569336,68.78500366210938,68.66000366210938,68.66000366210938,107
2026-06-09 12:32:00+00:00,68.74500274658203,68.76000213623047,68.7249984741211,68.73999786376953,20
2026-06-09 12:33:00+00:00,68.66999816894531,68.75,68.66500091552734,68.75,22
2026-06-09 12:34:00+00:00,68.6500015258789,68.66500091552734,68.62000274658203,68.66000366210938,16
2026-06-09 12:35:00+00:00,68.66999816894531,68.69000244140625,68.62999725341797,68.65499877929688,15
2026-06-09 12:36:00+00:00,68.68000030517578,68.70999908447266,68.63500213623047,68.66999816894531,14
2026-06-09 12:37:00+00:00,68.58499908447266,68.68000030517578,68.58000183105469,68.68000030517578,35
2026-06-09 12:38:00+00:00,68.625,68.6449966430664,68.56999969482422,68.58499908447266,26
2026-06-09 12:39:00+00:00,68.58000183105469,68.62000274658203,68.55000305175781,68.62000274658203,54
2026-06-09 12:40:00+00:00,68.52999877929688,68.6050033569336,68.51499938964844,68.57499694824219,65
2026-06-09 12:41:00+00:00,68.55000305175781,68.58000183105469,68.5250015258789,68.53500366210938,16
2026-06-09 12:42:00+00:00,68.53500366210938,68.55500030517578,68.5199966430664,68.54499816894531,34
2026-06-09 12:43:00+00:00,68.53500366210938,68.55000305175781,68.51499938964844,68.52999877929688,32
2026-06-09 12:44:00+00:00,68.54000091552734,68.57499694824219,68.52999877929688,68.53500366210938,47
2026-06-09 12:45:00+00:00,68.45999908447266,68.51000213623047,68.44999694824219,68.51000213623047,27
2026-06-09 12:46:00+00:00,68.52999877929688,68.53500366210938,68.43000030517578,68.45500183105469,35
2026-06-09 12:47:00+00:00,68.55999755859375,68.55999755859375,68.51000213623047,68.5199966430664,24
2026-06-09 12:48:00+00:00,68.51499938964844,68.58000183105469,68.51000213623047,68.56999969482422,16
2026-06-09 12:49:00+00:00,68.4749984741211,68.54000091552734,68.47000122070312,68.5199966430664,33
2026-06-09 12:50:00+00:00,68.57499694824219,68.57499694824219,68.49500274658203,68.5,38
2026-06-09 12:51:00+00:00,68.55999755859375,68.58999633789062,68.52999877929688,68.56999969482422,27
2026-06-09 12:52:00+00:00,68.58000183105469,68.58499908447266,68.53500366210938,68.55999755859375,21
2026-06-09 12:53:00+00:00,68.54499816894531,68.57499694824219,68.54499816894531,68.56500244140625,55
2026-06-09 12:54:00+00:00,68.55999755859375,68.57499694824219,68.53500366210938,68.54499816894531,25
2026-06-09 12:55:00+00:00,68.58499908447266,68.62999725341797,68.55500030517578,68.55500030517578,109
2026-06-09 12:56:00+00:00,68.57499694824219,68.6050033569336,68.57499694824219,68.58000183105469,12
2026-06-09 12:57:00+00:00,68.63999938964844,68.6500015258789,68.55999755859375,68.58999633789062,37
2026-06-09 12:58:00+00:00,68.66999816894531,68.69999694824219,68.63999938964844,68.6500015258789,44
2026-06-09 12:59:00+00:00,68.77999877929688,68.77999877929688,68.66500091552734,68.69499969482422,187
2026-06-09 13:00:00+00:00,68.83999633789062,68.91999816894531,68.73999786376953,68.78500366210938,254
2026-06-09 13:01:00+00:00,68.79000091552734,68.92500305175781,68.78500366210938,68.83499908447266,209
2026-06-09 13:02:00+00:00,68.78500366210938,68.86499786376953,68.76499938964844,68.78500366210938,77
2026-06-09 13:03:00+00:00,68.83000183105469,68.83000183105469,68.69000244140625,68.76499938964844,57
2026-06-09 13:04:00+00:00,68.76499938964844,68.83000183105469,68.7249984741211,68.83000183105469,52
2026-06-09 13:05:00+00:00,68.91500091552734,68.92500305175781,68.76499938964844,68.76499938964844,56
2026-06-09 13:06:00+00:00,68.91500091552734,68.93000030517578,68.86499786376953,68.92500305175781,37
2026-06-09 13:07:00+00:00,68.80999755859375,68.90499877929688,68.80999755859375,68.8949966430664,37
2026-06-09 13:08:00+00:00,68.91000366210938,68.93499755859375,68.80500030517578,68.83000183105469,41
2026-06-09 13:09:00+00:00,68.86499786376953,68.94999694824219,68.86499786376953,68.9000015258789,109
2026-06-09 13:10:00+00:00,68.86499786376953,68.88500213623047,68.83000183105469,68.88500213623047,23
2026-06-09 13:11:00+00:00,68.88500213623047,68.91999816894531,68.8550033569336,68.86499786376953,98
2026-06-09 13:12:00+00:00,68.83499908447266,68.88500213623047,68.83499908447266,68.86499786376953,40
2026-06-09 13:13:00+00:00,68.86000061035156,68.88500213623047,68.80999755859375,68.8550033569336,30
2026-06-09 13:14:00+00:00,68.875,68.875,68.80000305175781,68.83999633789062,29
2026-06-09 13:15:00+00:00,68.83999633789062,68.90499877929688,68.83999633789062,68.875,25
2026-06-09 13:16:00+00:00,68.81500244140625,68.875,68.81500244140625,68.86499786376953,15
2026-06-09 13:17:00+00:00,68.74500274658203,68.84500122070312,68.71499633789062,68.81999969482422,104
2026-06-09 13:18:00+00:00,68.63999938964844,68.73500061035156,68.63500213623047,68.72000122070312,68
2026-06-09 13:19:00+00:00,68.55999755859375,68.6449966430664,68.55999755859375,68.6449966430664,39
2026-06-09 13:20:00+00:00,68.55500030517578,68.63999938964844,68.55000305175781,68.55999755859375,65
2026-06-09 13:21:00+00:00,68.54000091552734,68.56999969482422,68.44999694824219,68.54000091552734,85
2026-06-09 13:22:00+00:00,68.51499938964844,68.55999755859375,68.5,68.51000213623047,39
2026-06-09 13:23:00+00:00,68.54000091552734,68.55999755859375,68.48500061035156,68.5199966430664,66
2026-06-09 13:24:00+00:00,68.53500366210938,68.55000305175781,68.50499725341797,68.51499938964844,68
2026-06-09 13:25:00+00:00,68.50499725341797,68.56999969482422,68.50499725341797,68.54000091552734,26
2026-06-09 13:26:00+00:00,68.45999908447266,68.52999877929688,68.45999908447266,68.5250015258789,50
2026-06-09 13:27:00+00:00,68.4749984741211,68.48500061035156,68.41999816894531,68.45500183105469,57
2026-06-09 13:28:00+00:00,68.47000122070312,68.5199966430664,68.44499969482422,68.51499938964844,21
2026-06-09 13:29:00+00:00,68.4800033569336,68.51000213623047,68.44000244140625,68.49500274658203,56
2026-06-09 13:30:00+00:00,68.41000366210938,68.49500274658203,68.375,68.46499633789062,73
2026-06-09 13:31:00+00:00,68.41000366210938,68.45500183105469,68.40499877929688,68.43000030517578,59
2026-06-09 13:32:00+00:00,68.37000274658203,68.43000030517578,68.3550033569336,68.3949966430664,36
2026-06-09 13:33:00+00:00,68.3550033569336,68.42500305175781,68.28500366210938,68.37999725341797,91
2026-06-09 13:34:00+00:00,68.2300033569336,68.375,68.2300033569336,68.3550033569336,83
2026-06-09 13:35:00+00:00,68.2750015258789,68.27999877929688,68.19999694824219,68.22000122070312,55
2026-06-09 13:36:00+00:00,68.31999969482422,68.33499908447266,68.25,68.25499725341797,82
2026-06-09 13:37:00+00:00,68.22000122070312,68.34500122070312,68.22000122070312,68.33499908447266,78
2026-06-09 13:38:00+00:00,68.11000061035156,68.25499725341797,68.0999984741211,68.2249984741211,104
2026-06-09 13:39:00+00:00,68.18000030517578,68.18000030517578,68.1050033569336,68.125,86
2026-06-09 13:40:00+00:00,68.0250015258789,68.20500183105469,68.0250015258789,68.16500091552734,135
2026-06-09 13:41:00+00:00,67.98999786376953,68.05500030517578,67.98500061035156,68.01000213623047,91
2026-06-09 13:42:00+00:00,68.1050033569336,68.12999725341797,67.98999786376953,68.01000213623047,55
2026-06-09 13:43:00+00:00,68.07499694824219,68.1449966430664,68.06999969482422,68.13999938964844,37
2026-06-09 13:44:00+00:00,68.08999633789062,68.12000274658203,68.06999969482422,68.06999969482422,25
2026-06-09 13:45:00+00:00,68.18499755859375,68.19499969482422,68.08000183105469,68.08999633789062,83
2026-06-09 13:46:00+00:00,68.29000091552734,68.29000091552734,68.16000366210938,68.19000244140625,174
2026-06-09 13:47:00+00:00,68.50499725341797,68.50499725341797,68.2750015258789,68.27999877929688,255
2026-06-09 13:48:00+00:00,68.8550033569336,68.8550033569336,68.4749984741211,68.49500274658203,262
2026-06-09 13:49:00+00:00,68.77999877929688,69.18000030517578,68.7750015258789,68.87000274658203,812
2026-06-09 13:50:00+00:00,68.4800033569336,68.79000091552734,68.44999694824219,68.7699966430664,301
2026-06-09 13:51:00+00:00,68.4749984741211,68.54499816894531,68.38999938964844,68.48999786376953,168
2026-06-09 13:52:00+00:00,68.31500244140625,68.49500274658203,68.30999755859375,68.44499969482422,98
2026-06-09 13:53:00+00:00,68.32499694824219,68.36000061035156,68.25,68.30999755859375,94
2026-06-09 13:54:00+00:00,68.27999877929688,68.38999938964844,68.26000213623047,68.33499908447266,61
2026-06-09 13:55:00+00:00,68.19000244140625,68.30500030517578,68.17500305175781,68.29499816894531,91
2026-06-09 13:56:00+00:00,68.13500213623047,68.2249984741211,68.11499786376953,68.16999816894531,138
2026-06-09 13:57:00+00:00,68.18000030517578,68.18000030517578,68.05999755859375,68.1500015258789,72
2026-06-09 13:58:00+00:00,68.2249984741211,68.26000213623047,68.19000244140625,68.19000244140625,38
2026-06-09 13:59:00+00:00,68.1449966430664,68.20999908447266,68.1050033569336,68.20999908447266,127
2026-06-09 14:00:00+00:00,68.1500015258789,68.16999816894531,68.08499908447266,68.12999725341797,89
2026-06-09 14:01:00+00:00,68.22000122070312,68.23500061035156,68.16000366210938,68.16999816894531,111
2026-06-09 14:02:00+00:00,68.19999694824219,68.25,68.17500305175781,68.22000122070312,47
2026-06-09 14:03:00+00:00,68.04000091552734,68.2300033569336,68.04000091552734,68.16999816894531,113
2026-06-09 14:04:00+00:00,68.09500122070312,68.09500122070312,68.0250015258789,68.05000305175781,147
2026-06-09 14:05:00+00:00,68.08000183105469,68.12999725341797,68.04499816894531,68.06999969482422,50
2026-06-09 14:06:00+00:00,67.92500305175781,68.05999755859375,67.8550033569336,68.05999755859375,197
2026-06-09 14:07:00+00:00,67.94000244140625,67.97000122070312,67.8949966430664,67.93000030517578,55
2026-06-09 14:08:00+00:00,68.07499694824219,68.125,67.94999694824219,67.94999694824219,140
2026-06-09 14:09:00+00:00,68.0199966430664,68.08000183105469,67.99500274658203,68.08000183105469,73
2026-06-09 14:10:00+00:00,67.86000061035156,68.0199966430664,67.86000061035156,68.0199966430664,78
2026-06-09 14:11:00+00:00,67.8499984741211,67.88500213623047,67.78500366210938,67.86499786376953,77
2026-06-09 14:12:00+00:00,67.83999633789062,67.88999938964844,67.83000183105469,67.86000061035156,30
2026-06-09 14:13:00+00:00,67.69999694824219,67.87000274658203,67.69999694824219,67.87000274658203,101
2026-06-09 14:14:00+00:00,67.7300033569336,67.75,67.67500305175781,67.7249984741211,128
2026-06-09 14:15:00+00:00,67.65499877929688,67.81999969482422,67.63999938964844,67.7249984741211,157
2026-06-09 14:16:00+00:00,67.53500366210938,67.70500183105469,67.51499938964844,67.6449966430664,203
2026-06-09 14:17:00+00:00,67.33000183105469,67.52999877929688,67.19999694824219,67.52999877929688,459
2026-06-09 14:18:00+00:00,67.19499969482422,67.3550033569336,67.19499969482422,67.33000183105469,270
2026-06-09 14:19:00+00:00,67.31500244140625,67.31500244140625,67.19000244140625,67.19999694824219,149
2026-06-09 14:20:00+00:00,67.31999969482422,67.31999969482422,67.19999694824219,67.30000305175781,136
2026-06-09 14:21:00+00:00,67.33999633789062,67.3499984741211,67.28500366210938,67.29000091552734,68
2026-06-09 14:22:00+00:00,67.51000213623047,67.54000091552734,67.31500244140625,67.3550033569336,231
2026-06-09 14:23:00+00:00,67.46499633789062,67.49500274658203,67.40499877929688,67.48999786376953,118
2026-06-09 14:24:00+00:00,67.44499969482422,67.45999908447266,67.37999725341797,67.45500183105469,115
2026-06-09 14:25:00+00:00,67.51499938964844,67.54499816894531,67.38999938964844,67.44000244140625,130
2026-06-09 14:26:00+00:00,67.41999816894531,67.54499816894531,67.41999816894531,67.5,115
2026-06-09 14:27:00+00:00,67.4000015258789,67.45500183105469,67.3499984741211,67.43000030517578,85
2026-06-09 14:28:00+00:00,67.2300033569336,67.41000366210938,67.22000122070312,67.3949966430664,109
2026-06-09 14:29:00+00:00,67.09500122070312,67.23500061035156,67.0250015258789,67.22000122070312,280
2026-06-09 14:30:00+00:00,66.875,67.19000244140625,66.8499984741211,67.06500244140625,509
2026-06-09 14:31:00+00:00,66.86000061035156,66.93499755859375,66.83999633789062,66.88999938964844,118
2026-06-09 14:32:00+00:00,66.91999816894531,67.0199966430664,66.83499908447266,66.8550033569336,294
2026-06-09 14:33:00+00:00,66.80500030517578,66.91000366210938,66.69999694824219,66.91000366210938,294
2026-06-09 14:34:00+00:00,66.83000183105469,66.86000061035156,66.74500274658203,66.80500030517578,112
2026-06-09 14:35:00+00:00,66.58000183105469,66.82499694824219,66.54000091552734,66.81500244140625,275
2026-06-09 14:36:00+00:00,66.45999908447266,66.62000274658203,66.29000091552734,66.5999984741211,390
2026-06-09 14:37:00+00:00,66.58000183105469,66.58000183105469,66.41000366210938,66.47000122070312,204
2026-06-09 14:38:00+00:00,66.41000366210938,66.57499694824219,66.38500213623047,66.56999969482422,114
2026-06-09 14:39:00+00:00,66.3550033569336,66.38500213623047,66.20999908447266,66.37000274658203,227
2026-06-09 14:40:00+00:00,66.375,66.43499755859375,66.26499938964844,66.34500122070312,184
2026-06-09 14:41:00+00:00,66.24500274658203,66.41999816894531,66.21499633789062,66.36000061035156,317
2026-06-09 14:42:00+00:00,66.1500015258789,66.28500366210938,66.11000061035156,66.23999786376953,228
2026-06-09 14:43:00+00:00,65.8499984741211,66.16500091552734,65.72000122070312,66.1500015258789,682
2026-06-09 14:44:00+00:00,65.59500122070312,65.88999938964844,65.58999633789062,65.875,559
2026-06-09 14:45:00+00:00,65.69000244140625,65.74500274658203,65.5250015258789,65.58499908447266,454
2026-06-09 14:46:00+00:00,65.47000122070312,65.7300033569336,65.3499984741211,65.71499633789062,545
2026-06-09 14:47:00+00:00,65.4749984741211,65.58999633789062,65.38999938964844,65.4800033569336,309
2026-06-09 14:48:00+00:00,65.54000091552734,65.67500305175781,65.4800033569336,65.51499938964844,377
2026-06-09 14:49:00+00:00,65.61000061035156,65.6449966430664,65.49500274658203,65.55999755859375,187
2026-06-09 14:50:00+00:00,65.68000030517578,65.74500274658203,65.54000091552734,65.59500122070312,209
2026-06-09 14:51:00+00:00,65.96499633789062,65.97000122070312,65.6500015258789,65.67500305175781,523
2026-06-09 14:52:00+00:00,65.94499969482422,66.03500366210938,65.8949966430664,65.95500183105469,266
2026-06-09 14:53:00+00:00,65.9000015258789,65.9800033569336,65.86000061035156,65.91999816894531,145
2026-06-09 14:54:00+00:00,65.94499969482422,65.95999908447266,65.8499984741211,65.90499877929688,88
2026-06-09 14:55:00+00:00,65.76499938964844,65.96499633789062,65.74500274658203,65.94999694824219,161
2026-06-09 14:56:00+00:00,65.80999755859375,65.81999969482422,65.69000244140625,65.79000091552734,159
2026-06-09 14:57:00+00:00,66.0,66.04499816894531,65.79000091552734,65.81999969482422,193
2026-06-09 14:58:00+00:00,66.1449966430664,66.19499969482422,66.0,66.01499938964844,233
2026-06-09 14:59:00+00:00,66.17500305175781,66.20500183105469,66.05999755859375,66.1449966430664,137
2026-06-09 15:00:00+00:00,66.16000366210938,66.2300033569336,66.07499694824219,66.19499969482422,167
2026-06-09 15:01:00+00:00,66.12000274658203,66.19499969482422,66.06500244140625,66.15499877929688,126
2026-06-09 15:02:00+00:00,66.1449966430664,66.20500183105469,66.06500244140625,66.12000274658203,53
2026-06-09 15:03:00+00:00,66.20999908447266,66.2699966430664,66.08499908447266,66.12999725341797,101
2026-06-09 15:04:00+00:00,66.19499969482422,66.2699966430664,66.1500015258789,66.20999908447266,73
2026-06-09 15:05:00+00:00,66.1500015258789,66.24500274658203,66.12999725341797,66.21499633789062,80
2026-06-09 15:06:00+00:00,66.19499969482422,66.29000091552734,66.17500305175781,66.19999694824219,139
2026-06-09 15:07:00+00:00,66.21499633789062,66.21499633789062,66.06500244140625,66.19499969482422,120
2026-06-09 15:08:00+00:00,66.19999694824219,66.25,66.17500305175781,66.20500183105469,76
2026-06-09 15:09:00+00:00,66.29000091552734,66.30000305175781,66.17500305175781,66.19499969482422,100
2026-06-09 15:10:00+00:00,66.30000305175781,66.40499877929688,66.26499938964844,66.31500244140625,127
2026-06-09 15:11:00+00:00,66.21499633789062,66.29499816894531,66.18499755859375,66.29499816894531,50
2026-06-09 15:12:00+00:00,66.16000366210938,66.20500183105469,66.09500122070312,66.17500305175781,266
2026-06-09 15:13:00+00:00,66.2750015258789,66.2750015258789,66.16000366210938,66.16999816894531,44
2026-06-09 15:14:00+00:00,66.34500122070312,66.41500091552734,66.26000213623047,66.2699966430664,224
2026-06-09 15:15:00+00:00,66.30999755859375,66.36499786376953,66.30000305175781,66.33000183105469,88
2026-06-09 15:16:00+00:00,66.26499938964844,66.33499908447266,66.20999908447266,66.30999755859375,40
2026-06-09 15:17:00+00:00,66.2699966430664,66.36499786376953,66.2699966430664,66.30000305175781,66
2026-06-09 15:18:00+00:00,66.24500274658203,66.36499786376953,66.23500061035156,66.30000305175781,64
2026-06-09 15:19:00+00:00,66.20999908447266,66.27999877929688,66.19999694824219,66.24500274658203,40
2026-06-09 15:20:00+00:00,66.20500183105469,66.2750015258789,66.17500305175781,66.20500183105469,64
2026-06-09 15:21:00+00:00,66.20500183105469,66.23999786376953,66.16000366210938,66.20999908447266,98
2026-06-09 15:22:00+00:00,66.18000030517578,66.19000244140625,66.12000274658203,66.19000244140625,82
2026-06-09 15:23:00+00:00,66.12000274658203,66.2249984741211,66.09500122070312,66.20999908447266,89
2026-06-09 15:24:00+00:00,66.06999969482422,66.16999816894531,66.04499816894531,66.1050033569336,126
2026-06-09 15:25:00+00:00,66.12999725341797,66.16500091552734,66.07499694824219,66.08499908447266,60
2026-06-09 15:26:00+00:00,65.98999786376953,66.1449966430664,65.97000122070312,66.1449966430664,74
2026-06-09 15:27:00+00:00,65.99500274658203,66.1050033569336,65.93499755859375,65.97000122070312,290
2026-06-09 15:28:00+00:00,65.8550033569336,65.9800033569336,65.80500030517578,65.9800033569336,284
2026-06-09 15:29:00+00:00,65.79000091552734,65.875,65.7249984741211,65.86499786376953,198
2026-06-09 15:30:00+00:00,65.82499694824219,65.9000015258789,65.73500061035156,65.79499816894531,98
2026-06-09 15:31:00+00:00,65.45999908447266,65.83499908447266,65.44000244140625,65.83499908447266,356
2026-06-09 15:32:00+00:00,65.45999908447266,65.63500213623047,65.44000244140625,65.4749984741211,182
2026-06-09 15:33:00+00:00,65.69000244140625,65.69000244140625,65.4000015258789,65.44999694824219,242
2026-06-09 15:34:00+00:00,65.68000030517578,65.74500274658203,65.62999725341797,65.68499755859375,198
2026-06-09 15:35:00+00:00,65.62000274658203,65.68499755859375,65.5199966430664,65.68499755859375,157
2026-06-09 15:36:00+00:00,65.53500366210938,65.61499786376953,65.4800033569336,65.61499786376953,72
2026-06-09 15:37:00+00:00,65.45500183105469,65.5199966430664,65.44000244140625,65.5199966430664,83
2026-06-09 15:38:00+00:00,65.2750015258789,65.43000030517578,65.24500274658203,65.43000030517578,403
2026-06-09 15:39:00+00:00,65.5,65.55000305175781,65.26499938964844,65.26499938964844,218
2026-06-09 15:40:00+00:00,65.45999908447266,65.63500213623047,65.44499969482422,65.48500061035156,156
2026-06-09 15:41:00+00:00,65.58000183105469,65.5999984741211,65.45999908447266,65.47000122070312,39
2026-06-09 15:42:00+00:00,65.63999938964844,65.66999816894531,65.55500030517578,65.55999755859375,53
2026-06-09 15:43:00+00:00,65.53500366210938,65.6449966430664,65.53500366210938,65.625,84
2026-06-09 15:44:00+00:00,65.55000305175781,65.55999755859375,65.47000122070312,65.52999877929688,63
2026-06-09 15:45:00+00:00,65.61499786376953,65.69499969482422,65.57499694824219,65.57499694824219,70
2026-06-09 15:46:00+00:00,65.66500091552734,65.69499969482422,65.625,65.63500213623047,39
2026-06-09 15:47:00+00:00,65.58999633789062,65.68000030517578,65.57499694824219,65.65499877929688,76
2026-06-09 15:48:00+00:00,65.56500244140625,65.5999984741211,65.4800033569336,65.59500122070312,90
2026-06-09 15:49:00+00:00,65.58999633789062,65.62999725341797,65.58999633789062,65.6050033569336,14
2026-06-09 15:50:00+00:00,65.48500061035156,65.58499908447266,65.46499633789062,65.57499694824219,29
2026-06-09 15:51:00+00:00,65.70999908447266,65.73500061035156,65.47000122070312,65.4800033569336,100
2026-06-09 15:52:00+00:00,65.6500015258789,65.7249984741211,65.6500015258789,65.70999908447266,31
2026-06-09 15:53:00+00:00,65.61000061035156,65.7249984741211,65.56999969482422,65.6500015258789,126
2026-06-09 15:54:00+00:00,65.61499786376953,65.63500213623047,65.55500030517578,65.625,89
2026-06-09 15:55:00+00:00,65.66500091552734,65.7249984741211,65.625,65.625,49
2026-06-09 15:56:00+00:00,65.55999755859375,65.79000091552734,65.55500030517578,65.66000366210938,159
2026-06-09 15:57:00+00:00,65.3949966430664,65.53500366210938,65.3550033569336,65.53500366210938,96
2026-06-09 15:58:00+00:00,65.41000366210938,65.47000122070312,65.38999938964844,65.38999938964844,157
2026-06-09 15:59:00+00:00,65.38999938964844,65.51000213623047,65.38999938964844,65.43000030517578,42
2026-06-09 16:00:00+00:00,65.50499725341797,65.53500366210938,65.33999633789062,65.37999725341797,109
2026-06-09 16:01:00+00:00,65.55999755859375,65.58999633789062,65.4749984741211,65.5,70
2026-06-09 16:02:00+00:00,65.625,65.69000244140625,65.55999755859375,65.6050033569336,130
2026-06-09 16:03:00+00:00,65.55500030517578,65.63500213623047,65.54499816894531,65.5999984741211,45
2026-06-09 16:04:00+00:00,65.51000213623047,65.57499694824219,65.5,65.56500244140625,31
2026-06-09 16:05:00+00:00,65.37999725341797,65.54000091552734,65.37999725341797,65.5,97
2026-06-09 16:06:00+00:00,65.48500061035156,65.5199966430664,65.31999969482422,65.375,93
2026-06-09 16:07:00+00:00,65.4800033569336,65.53500366210938,65.44000244140625,65.48500061035156,73
2026-06-09 16:08:00+00:00,65.4000015258789,65.48999786376953,65.38999938964844,65.4749984741211,53
2026-06-09 16:09:00+00:00,65.38999938964844,65.48500061035156,65.27999877929688,65.3949966430664,213
2026-06-09 16:10:00+00:00,65.32499694824219,65.42500305175781,65.2750015258789,65.37999725341797,88
2026-06-09 16:11:00+00:00,65.41000366210938,65.41999816894531,65.30500030517578,65.31500244140625,42
2026-06-09 16:12:00+00:00,65.36000061035156,65.44499969482422,65.36000061035156,65.41999816894531,79
2026-06-09 16:13:00+00:00,65.30500030517578,65.33499908447266,65.25499725341797,65.33000183105469,70
2026-06-09 16:14:00+00:00,65.26499938964844,65.30999755859375,65.22000122070312,65.29000091552734,171
2026-06-09 16:15:00+00:00,65.29000091552734,65.3550033569336,65.2750015258789,65.30500030517578,70
2026-06-09 16:16:00+00:00,65.33000183105469,65.37000274658203,65.27999877929688,65.30000305175781,109
2026-06-09 16:17:00+00:00,65.27999877929688,65.34500122070312,65.24500274658203,65.33999633789062,53
2026-06-09 16:18:00+00:00,65.32499694824219,65.41999816894531,65.2750015258789,65.28500366210938,170
2026-06-09 16:19:00+00:00,65.20500183105469,65.32499694824219,65.08000183105469,65.28500366210938,315
2026-06-09 16:20:00+00:00,65.22000122070312,65.2699966430664,65.09500122070312,65.16999816894531,198
2026-06-09 16:21:00+00:00,65.30999755859375,65.33499908447266,65.19999694824219,65.22000122070312,108
2026-06-09 16:22:00+00:00,65.32499694824219,65.32499694824219,65.19000244140625,65.31999969482422,73
2026-06-09 16:23:00+00:00,65.2300033569336,65.3499984741211,65.22000122070312,65.33000183105469,62
2026-06-09 16:24:00+00:00,65.375,65.41500091552734,65.2300033569336,65.23999786376953,75
2026-06-09 16:25:00+00:00,65.4000015258789,65.48999786376953,65.375,65.375,75
2026-06-09 16:26:00+00:00,65.31500244140625,65.44499969482422,65.31500244140625,65.40499877929688,97
2026-06-09 16:27:00+00:00,65.33999633789062,65.36499786376953,65.29499816894531,65.33499908447266,41
2026-06-09 16:28:00+00:00,65.33999633789062,65.375,65.31500244140625,65.32499694824219,48
2026-06-09 16:29:00+00:00,65.33499908447266,65.38500213623047,65.30000305175781,65.31500244140625,77
2026-06-09 16:30:00+00:00,65.31500244140625,65.3499984741211,65.25,65.30500030517578,197
2026-06-09 16:31:00+00:00,65.37999725341797,65.41500091552734,65.28500366210938,65.30999755859375,90
2026-06-09 16:32:00+00:00,65.38999938964844,65.45500183105469,65.33999633789062,65.36000061035156,95
2026-06-09 16:33:00+00:00,65.3550033569336,65.41999816894531,65.33000183105469,65.3949966430664,45
2026-06-09 16:34:00+00:00,65.4000015258789,65.44499969482422,65.36000061035156,65.37999725341797,49
2026-06-09 16:35:00+00:00,65.5199966430664,65.54499816894531,65.40499877929688,65.43000030517578,53
2026-06-09 16:36:00+00:00,65.54499816894531,65.59500122070312,65.50499725341797,65.51499938964844,79
2026-06-09 16:37:00+00:00,65.45500183105469,65.57499694824219,65.43000030517578,65.57499694824219,113
2026-06-09 16:38:00+00:00,64.82499694824219,65.47000122070312,64.78500366210938,65.47000122070312,1139
2026-06-09 16:39:00+00:00,64.71499633789062,64.875,64.45999908447266,64.81999969482422,449
2026-06-09 16:40:00+00:00,64.69000244140625,64.76000213623047,64.55500030517578,64.6500015258789,180
2026-06-09 16:41:00+00:00,64.56500244140625,64.83499908447266,64.55000305175781,64.69999694824219,139
2026-06-09 16:42:00+00:00,64.68499755859375,64.7249984741211,64.52999877929688,64.58000183105469,185
2026-06-09 16:43:00+00:00,64.95999908447266,64.9749984741211,64.62999725341797,64.66500091552734,181
2026-06-09 16:44:00+00:00,64.86499786376953,64.92500305175781,64.7750015258789,64.92500305175781,81
2026-06-09 16:45:00+00:00,64.94000244140625,64.99500274658203,64.8550033569336,64.8550033569336,71
2026-06-09 16:46:00+00:00,64.83000183105469,64.94999694824219,64.80500030517578,64.94999694824219,84
2026-06-09 16:47:00+00:00,64.98999786376953,65.01499938964844,64.81500244140625,64.81500244140625,91
2026-06-09 16:48:00+00:00,64.87999725341797,65.01499938964844,64.80000305175781,64.96499633789062,238
2026-06-09 16:49:00+00:00,64.98999786376953,64.98999786376953,64.82499694824219,64.86499786376953,39
2026-06-09 16:50:00+00:00,64.91000366210938,65.0199966430664,64.8949966430664,64.95500183105469,63
2026-06-09 16:51:00+00:00,64.98500061035156,65.0250015258789,64.8949966430664,64.91999816894531,40
2026-06-09 16:52:00+00:00,64.73999786376953,64.9800033569336,64.73999786376953,64.9800033569336,66
2026-06-09 16:53:00+00:00,64.8499984741211,64.8550033569336,64.7300033569336,64.76499938964844,199
2026-06-09 16:54:00+00:00,64.69999694824219,64.8499984741211,64.68499755859375,64.84500122070312,130
2026-06-09 16:55:00+00:00,64.86000061035156,64.9000015258789,64.69000244140625,64.70500183105469,89
2026-06-09 16:56:00+00:00,64.86499786376953,64.9000015258789,64.81999969482422,64.86499786376953,65
2026-06-09 16:57:00+00:00,64.81999969482422,64.88500213623047,64.80999755859375,64.86000061035156,67
2026-06-09 16:58:00+00:00,64.95500183105469,64.96499633789062,64.80999755859375,64.80999755859375,102
2026-06-09 16:59:00+00:00,65.00499725341797,65.0250015258789,64.9000015258789,64.94999694824219,68
2026-06-09 17:00:00+00:00,65.06999969482422,65.06999969482422,64.98500061035156,65.0199966430664,92
2026-06-09 17:01:00+00:00,65.1449966430664,65.19499969482422,65.06999969482422,65.08000183105469,95
2026-06-09 17:02:00+00:00,65.26499938964844,65.29499816894531,65.125,65.13999938964844,130
2026-06-09 17:03:00+00:00,65.22000122070312,65.31999969482422,65.19000244140625,65.26499938964844,98
2026-06-09 17:04:00+00:00,65.30999755859375,65.36000061035156,65.20500183105469,65.22000122070312,92
2026-06-09 17:05:00+00:00,65.29499816894531,65.375,65.23500061035156,65.30999755859375,53
2026-06-09 17:06:00+00:00,65.15499877929688,65.33499908447266,65.15499877929688,65.33499908447266,94
2026-06-09 17:07:00+00:00,65.22000122070312,65.25,65.16999816894531,65.17500305175781,35
2026-06-09 17:08:00+00:00,65.19000244140625,65.2249984741211,65.13500213623047,65.22000122070312,36
2026-06-09 17:09:00+00:00,65.2300033569336,65.2300033569336,65.125,65.18499755859375,77
2026-06-09 17:10:00+00:00,65.09500122070312,65.2300033569336,65.06500244140625,65.2300033569336,119
2026-06-09 17:11:00+00:00,65.22000122070312,65.26000213623047,65.125,65.125,65
2026-06-09 17:12:00+00:00,65.19999694824219,65.25,65.19000244140625,65.2300033569336,86
2026-06-09 17:13:00+00:00,65.2249984741211,65.25,65.19000244140625,65.20500183105469,38
2026-06-09 17:14:00+00:00,65.23500061035156,65.32499694824219,65.16999816894531,65.23500061035156,202
2026-06-09 17:15:00+00:00,65.20500183105469,65.25499725341797,65.1500015258789,65.20999908447266,86
2026-06-09 17:16:00+00:00,65.25499725341797,65.25499725341797,65.16500091552734,65.19499969482422,50
2026-06-09 17:17:00+00:00,65.31999969482422,65.36499786376953,65.25,65.2750015258789,196
2026-06-09 17:18:00+00:00,65.31500244140625,65.3499984741211,65.30000305175781,65.32499694824219,54
2026-06-09 17:19:00+00:00,65.3550033569336,65.37999725341797,65.30500030517578,65.33999633789062,84
2026-06-09 17:20:00+00:00,65.37999725341797,65.43499755859375,65.30000305175781,65.37000274658203,226
2026-06-09 17:21:00+00:00,65.44499969482422,65.44999694824219,65.33999633789062,65.3949966430664,97
2026-06-09 17:22:00+00:00,65.34500122070312,65.45500183105469,65.34500122070312,65.44999694824219,111
2026-06-09 17:23:00+00:00,65.23999786376953,65.3949966430664,65.2300033569336,65.37000274658203,190
2026-06-09 17:24:00+00:00,65.24500274658203,65.33000183105469,65.13500213623047,65.24500274658203,1334
2026-06-09 17:25:00+00:00,65.20500183105469,65.29499816894531,65.19000244140625,65.23999786376953,173
2026-06-09 17:26:00+00:00,65.21499633789062,65.25499725341797,65.16999816894531,65.20999908447266,37
2026-06-09 17:27:00+00:00,65.31500244140625,65.32499694824219,65.19499969482422,65.19499969482422,80
2026-06-09 17:28:00+00:00,65.25,65.30999755859375,65.20999908447266,65.30999755859375,135
2026-06-09 17:29:00+00:00,65.26000213623047,65.2699966430664,65.19999694824219,65.23500061035156,72
2026-06-09 17:30:00+00:00,65.19999694824219,65.28500366210938,65.19999694824219,65.25499725341797,23
2026-06-09 17:31:00+00:00,65.26000213623047,65.2699966430664,65.16999816894531,65.20500183105469,31
2026-06-09 17:32:00+00:00,65.33999633789062,65.37999725341797,65.26000213623047,65.26499938964844,24
2026-06-09 17:33:00+00:00,65.36000061035156,65.36000061035156,65.32499694824219,65.3499984741211,92
2026-06-09 17:34:00+00:00,65.40499877929688,65.41500091552734,65.3499984741211,65.36000061035156,54
2026-06-09 17:35:00+00:00,65.25499725341797,65.41000366210938,65.2249984741211,65.40499877929688,193
2026-06-09 17:36:00+00:00,65.2750015258789,65.30000305175781,65.25,65.2699966430664,35
2026-06-09 17:37:00+00:00,65.25499725341797,65.32499694824219,65.2300033569336,65.28500366210938,27
2026-06-09 17:38:00+00:00,65.2699966430664,65.30999755859375,65.24500274658203,65.25,47
2026-06-09 17:39:00+00:00,65.23500061035156,65.26499938964844,65.19000244140625,65.26499938964844,36
2026-06-09 17:40:00+00:00,65.29499816894531,65.33000183105469,65.21499633789062,65.23500061035156,42
2026-06-09 17:41:00+00:00,65.33999633789062,65.33999633789062,65.29000091552734,65.29499816894531,20
2026-06-09 17:42:00+00:00,65.3550033569336,65.36499786376953,65.30999755859375,65.33499908447266,154
2026-06-09 17:43:00+00:00,65.41999816894531,65.4749984741211,65.3550033569336,65.3550033569336,173
2026-06-09 17:44:00+00:00,65.32499694824219,65.43499755859375,65.31500244140625,65.41000366210938,46
2026-06-09 17:45:00+00:00,65.33499908447266,65.37999725341797,65.30000305175781,65.32499694824219,108
2026-06-09 17:46:00+00:00,65.13999938964844,65.31500244140625,65.13999938964844,65.31500244140625,330
2026-06-09 17:47:00+00:00,65.125,65.18000030517578,65.08499908447266,65.13999938964844,100
2026-06-09 17:48:00+00:00,65.12000274658203,65.16000366210938,65.07499694824219,65.11000061035156,84
2026-06-09 17:49:00+00:00,65.0999984741211,65.1500015258789,65.08999633789062,65.125,22
2026-06-09 17:50:00+00:00,65.1449966430664,65.16500091552734,65.09500122070312,65.09500122070312,14
2026-06-09 17:51:00+00:00,65.23999786376953,65.25499725341797,65.16999816894531,65.16999816894531,21
2026-06-09 17:52:00+00:00,65.18499755859375,65.20999908447266,65.15499877929688,65.19999694824219,20
2026-06-09 17:53:00+00:00,65.0999984741211,65.18000030517578,65.0999984741211,65.17500305175781,21
2026-06-09 17:54:00+00:00,65.15499877929688,65.19000244140625,65.13500213623047,65.17500305175781,41
2026-06-09 17:55:00+00:00,65.19999694824219,65.23500061035156,65.16999816894531,65.16999816894531,68
2026-06-09 17:56:00+00:00,65.19999694824219,65.21499633789062,65.19999694824219,65.19999694824219,9
2026-06-09 17:57:00+00:00,65.26499938964844,65.2699966430664,65.19999694824219,65.22000122070312,17
2026-06-09 17:58:00+00:00,65.29499816894531,65.29499816894531,65.25,65.2699966430664,16
2026-06-09 17:59:00+00:00,65.2249984741211,65.30000305175781,65.2249984741211,65.30000305175781,21
2026-06-09 18:00:00+00:00,65.2699966430664,65.30500030517578,65.23500061035156,65.25499725341797,65
2026-06-09 18:01:00+00:00,65.26499938964844,65.30999755859375,65.24500274658203,65.2699966430664,22
2026-06-09 18:02:00+00:00,65.33000183105469,65.33499908447266,65.26499938964844,65.27999877929688,28
2026-06-09 18:03:00+00:00,65.19999694824219,65.30000305175781,65.16500091552734,65.30000305175781,50
2026-06-09 18:04:00+00:00,65.2699966430664,65.2699966430664,65.2300033569336,65.24500274658203,19
2026-06-09 18:05:00+00:00,65.29000091552734,65.30000305175781,65.26000213623047,65.26000213623047,24
2026-06-09 18:06:00+00:00,65.27999877929688,65.27999877929688,65.2300033569336,65.2750015258789,13
2026-06-09 18:07:00+00:00,65.32499694824219,65.32499694824219,65.25499725341797,65.25499725341797,36
2026-06-09 18:08:00+00:00,65.33999633789062,65.37000274658203,65.31999969482422,65.36000061035156,24
2026-06-09 18:09:00+00:00,65.47000122070312,65.47000122070312,65.31500244140625,65.3550033569336,76
2026-06-09 18:10:00+00:00,65.41500091552734,65.4749984741211,65.31500244140625,65.4749984741211,158
2026-06-09 18:11:00+00:00,65.36499786376953,65.41500091552734,65.33000183105469,65.41500091552734,39
2026-06-09 18:12:00+00:00,65.37000274658203,65.37000274658203,65.3499984741211,65.37000274658203,10
2026-06-09 18:13:00+00:00,65.31500244140625,65.375,65.2750015258789,65.375,39
2026-06-09 18:14:00+00:00,65.4000015258789,65.4000015258789,65.3499984741211,65.3499984741211,18
2026-06-09 18:15:00+00:00,65.36499786376953,65.37999725341797,65.32499694824219,65.37999725341797,28
2026-06-09 18:16:00+00:00,65.3550033569336,65.375,65.34500122070312,65.34500122070312,11
2026-06-09 18:17:00+00:00,65.36499786376953,65.44499969482422,65.30999755859375,65.33499908447266,62
2026-06-09 18:18:00+00:00,65.55000305175781,65.55000305175781,65.37999725341797,65.37999725341797,61
2026-06-09 18:19:00+00:00,65.58000183105469,65.6050033569336,65.48500061035156,65.54499816894531,39
2026-06-09 18:20:00+00:00,65.59500122070312,65.67500305175781,65.58000183105469,65.58000183105469,132
2026-06-09 18:21:00+00:00,65.6500015258789,65.68000030517578,65.61000061035156,65.63999938964844,61
2026-06-09 18:22:00+00:00,65.70500183105469,65.70999908447266,65.6500015258789,65.66999816894531,40
2026-06-09 18:23:00+00:00,65.72000122070312,65.72000122070312,65.65499877929688,65.69499969482422,45
2026-06-09 18:24:00+00:00,65.72000122070312,65.76499938964844,65.70999908447266,65.7249984741211,37
2026-06-09 18:25:00+00:00,65.58499908447266,65.70500183105469,65.58499908447266,65.70500183105469,44
2026-06-09 18:26:00+00:00,65.54499816894531,65.58000183105469,65.53500366210938,65.57499694824219,34
2026-06-09 18:27:00+00:00,65.58000183105469,65.58499908447266,65.55000305175781,65.55000305175781,11
2026-06-09 18:28:00+00:00,65.63500213623047,65.63500213623047,65.58000183105469,65.58000183105469,17
2026-06-09 18:29:00+00:00,65.66000366210938,65.66500091552734,65.6500015258789,65.65499877929688,12
2026-06-09 18:30:00+00:00,65.72000122070312,65.78500366210938,65.65499877929688,65.65499877929688,39
2026-06-09 18:31:00+00:00,65.70999908447266,65.76499938964844,65.70999908447266,65.76000213623047,14
2026-06-09 18:32:00+00:00,65.625,65.68000030517578,65.625,65.67500305175781,22
2026-06-09 18:33:00+00:00,65.73999786376953,65.75499725341797,65.63500213623047,65.63500213623047,91
2026-06-09 18:34:00+00:00,65.76000213623047,65.79499816894531,65.7249984741211,65.74500274658203,70
2026-06-09 18:35:00+00:00,65.71499633789062,65.7699966430664,65.71499633789062,65.7699966430664,9
2026-06-09 18:36:00+00:00,65.78500366210938,65.78500366210938,65.70999908447266,65.70999908447266,13
2026-06-09 18:37:00+00:00,65.76000213623047,65.7750015258789,65.75,65.76499938964844,7
2026-06-09 18:38:00+00:00,65.75499725341797,65.76499938964844,65.73999786376953,65.75,7
2026-06-09 18:39:00+00:00,65.76499938964844,65.76499938964844,65.74500274658203,65.74500274658203,3
2026-06-09 18:40:00+00:00,65.73999786376953,65.76000213623047,65.68499755859375,65.7249984741211,36
2026-06-09 18:41:00+00:00,65.6500015258789,65.7300033569336,65.63999938964844,65.72000122070312,39
2026-06-09 18:42:00+00:00,65.61000061035156,65.65499877929688,65.57499694824219,65.6449966430664,74
2026-06-09 18:43:00+00:00,65.59500122070312,65.62000274658203,65.57499694824219,65.59500122070312,38
2026-06-09 18:44:00+00:00,65.55000305175781,65.6050033569336,65.51000213623047,65.59500122070312,49
2026-06-09 18:45:00+00:00,65.56999969482422,65.58000183105469,65.55000305175781,65.55999755859375,8
2026-06-09 18:46:00+00:00,65.55999755859375,65.58999633789062,65.55999755859375,65.56999969482422,15
2026-06-09 18:47:00+00:00,65.56500244140625,65.6050033569336,65.55500030517578,65.55500030517578,13
2026-06-09 18:48:00+00:00,65.56999969482422,65.6050033569336,65.56999969482422,65.57499694824219,25
2026-06-09 18:49:00+00:00,65.62000274658203,65.62000274658203,65.5199966430664,65.58499908447266,45
2026-06-09 18:50:00+00:00,65.57499694824219,65.6050033569336,65.57499694824219,65.58999633789062,8
2026-06-09 18:51:00+00:00,65.62999725341797,65.6449966430664,65.6050033569336,65.6050033569336,10
2026-06-09 18:52:00+00:00,65.70500183105469,65.71499633789062,65.62999725341797,65.62999725341797,36
2026-06-09 18:53:00+00:00,65.69499969482422,65.70999908447266,65.69499969482422,65.70999908447266,3
2026-06-09 18:54:00+00:00,65.6500015258789,65.70500183105469,65.6500015258789,65.69999694824219,16
2026-06-09 18:55:00+00:00,65.71499633789062,65.71499633789062,65.63999938964844,65.67500305175781,17
2026-06-09 18:56:00+00:00,65.73500061035156,65.75,65.70999908447266,65.71499633789062,9
2026-06-09 18:57:00+00:00,65.80500030517578,65.80500030517578,65.7750015258789,65.78500366210938,26
2026-06-09 18:58:00+00:00,65.8550033569336,65.86499786376953,65.80999755859375,65.80999755859375,19
2026-06-09 18:59:00+00:00,65.80999755859375,65.83999633789062,65.80999755859375,65.83000183105469,22
2026-06-09 19:00:00+00:00,65.7300033569336,65.81500244140625,65.71499633789062,65.81500244140625,22
2026-06-09 19:01:00+00:00,65.73500061035156,65.75,65.69000244140625,65.72000122070312,10
2026-06-09 19:02:00+00:00,65.80500030517578,65.80999755859375,65.76000213623047,65.76000213623047,34
2026-06-09 19:03:00+00:00,65.83499908447266,65.83499908447266,65.79000091552734,65.80000305175781,53
2026-06-09 19:04:00+00:00,65.86000061035156,65.9000015258789,65.83999633789062,65.83999633789062,56
2026-06-09 19:05:00+00:00,65.87000274658203,65.93000030517578,65.8499984741211,65.87000274658203,17
2026-06-09 19:06:00+00:00,65.7699966430664,65.83999633789062,65.75,65.83999633789062,14
2026-06-09 19:07:00+00:00,65.75499725341797,65.77999877929688,65.75499725341797,65.7750015258789,6
2026-06-09 19:08:00+00:00,65.72000122070312,65.80000305175781,65.72000122070312,65.80000305175781,9
2026-06-09 19:09:00+00:00,65.69000244140625,65.69999694824219,65.67500305175781,65.69000244140625,17
2026-06-09 19:10:00+00:00,65.6500015258789,65.68000030517578,65.6500015258789,65.68000030517578,8
2026-06-09 19:11:00+00:00,65.57499694824219,65.69000244140625,65.57499694824219,65.68000030517578,18
2026-06-09 19:12:00+00:00,65.53500366210938,65.6050033569336,65.53500366210938,65.58499908447266,76
2026-06-09 19:13:00+00:00,65.53500366210938,65.56500244140625,65.52999877929688,65.54000091552734,37
2026-06-09 19:14:00+00:00,65.41999816894531,65.53500366210938,65.41000366210938,65.53500366210938,110
2026-06-09 19:15:00+00:00,65.36000061035156,65.43499755859375,65.36000061035156,65.42500305175781,38
2026-06-09 19:16:00+00:00,65.3499984741211,65.3949966430664,65.33999633789062,65.37000274658203,33
2026-06-09 19:17:00+00:00,65.33999633789062,65.38999938964844,65.31500244140625,65.3550033569336,44
2026-06-09 19:18:00+00:00,65.29000091552734,65.36000061035156,65.29000091552734,65.3550033569336,11
2026-06-09 19:19:00+00:00,65.33499908447266,65.36000061035156,65.30000305175781,65.30500030517578,34
2026-06-09 19:20:00+00:00,65.30000305175781,65.31500244140625,65.2699966430664,65.30999755859375,25
2026-06-09 19:21:00+00:00,65.33499908447266,65.36000061035156,65.2699966430664,65.28500366210938,74
2026-06-09 19:22:00+00:00,65.2750015258789,65.33000183105469,65.26000213623047,65.33000183105469,23
2026-06-09 19:23:00+00:00,65.30000305175781,65.30000305175781,65.25,65.25,9
2026-06-09 19:24:00+00:00,65.33000183105469,65.33000183105469,65.29000091552734,65.31500244140625,12
2026-06-09 19:25:00+00:00,65.30500030517578,65.34500122070312,65.30500030517578,65.31999969482422,15
2026-06-09 19:26:00+00:00,65.30500030517578,65.30999755859375,65.2750015258789,65.30999755859375,8
2026-06-09 19:27:00+00:00,65.33999633789062,65.3499984741211,65.29000091552734,65.29000091552734,11
2026-06-09 19:28:00+00:00,65.33499908447266,65.3550033569336,65.31500244140625,65.3499984741211,7
2026-06-09 19:29:00+00:00,65.36000061035156,65.37000274658203,65.34500122070312,65.3550033569336,10
2026-06-09 19:30:00+00:00,65.3550033569336,65.3550033569336,65.31999969482422,65.31999969482422,20
2026-06-09 19:31:00+00:00,65.37999725341797,65.37999725341797,65.34500122070312,65.3550033569336,5
2026-06-09 19:32:00+00:00,65.38500213623047,65.42500305175781,65.38500213623047,65.4000015258789,8
2026-06-09 19:33:00+00:00,65.37999725341797,65.41500091552734,65.36499786376953,65.3949966430664,13
2026-06-09 19:34:00+00:00,65.44499969482422,65.44999694824219,65.37999725341797,65.37999725341797,10
2026-06-09 19:35:00+00:00,65.43000030517578,65.44499969482422,65.375,65.44499969482422,44
2026-06-09 19:36:00+00:00,65.38999938964844,65.41999816894531,65.36499786376953,65.41999816894531,12
2026-06-09 19:37:00+00:00,65.40499877929688,65.40499877929688,65.3499984741211,65.37999725341797,8
2026-06-09 19:38:00+00:00,65.37000274658203,65.3949966430664,65.37000274658203,65.3949966430664,5
2026-06-09 19:39:00+00:00,65.26499938964844,65.32499694824219,65.26499938964844,65.32499694824219,75
2026-06-09 19:40:00+00:00,65.19000244140625,65.2750015258789,65.18499755859375,65.2699966430664,32
2026-06-09 19:41:00+00:00,65.21499633789062,65.26000213623047,65.19499969482422,65.20999908447266,46
2026-06-09 19:42:00+00:00,65.23999786376953,65.2699966430664,65.16999816894531,65.20999908447266,51
2026-06-09 19:43:00+00:00,65.20999908447266,65.2300033569336,65.19000244140625,65.2300033569336,15
2026-06-09 19:44:00+00:00,65.16000366210938,65.2300033569336,65.15499877929688,65.19999694824219,46
2026-06-09 19:45:00+00:00,65.17500305175781,65.19499969482422,65.15499877929688,65.16000366210938,24
2026-06-09 19:46:00+00:00,65.1500015258789,65.19999694824219,65.1500015258789,65.17500305175781,15
2026-06-09 19:47:00+00:00,65.13500213623047,65.16500091552734,65.125,65.15499877929688,22
2026-06-09 19:48:00+00:00,65.12999725341797,65.17500305175781,65.11499786376953,65.125,27
2026-06-09 19:49:00+00:00,65.1500015258789,65.18499755859375,65.12999725341797,65.1500015258789,27
2026-06-09 19:50:00+00:00,65.32499694824219,65.32499694824219,65.13999938964844,65.13999938964844,99
2026-06-09 19:51:00+00:00,65.34500122070312,65.36499786376953,65.31999969482422,65.31999969482422,53
2026-06-09 19:52:00+00:00,65.33999633789062,65.37000274658203,65.31999969482422,65.37000274658203,28
2026-06-09 19:53:00+00:00,65.33499908447266,65.36499786376953,65.33499908447266,65.34500122070312,14
2026-06-09 19:54:00+00:00,65.4000015258789,65.4000015258789,65.33000183105469,65.33000183105469,39
2026-06-09 19:55:00+00:00,65.33999633789062,65.40499877929688,65.33999633789062,65.40499877929688,26
2026-06-09 19:56:00+00:00,65.31999969482422,65.41500091552734,65.27999877929688,65.3499984741211,151
2026-06-09 19:57:00+00:00,65.33000183105469,65.33999633789062,65.30999755859375,65.30999755859375,28
2026-06-09 19:58:00+00:00,65.3550033569336,65.3550033569336,65.28500366210938,65.31999969482422,24
2026-06-09 19:59:00+00:00,65.3550033569336,65.38999938964844,65.3499984741211,65.37000274658203,36
2026-06-09 20:00:00+00:00,65.3499984741211,65.38500213623047,65.33000183105469,65.36000061035156,22
2026-06-09 20:01:00+00:00,65.3550033569336,65.3550033569336,65.33499908447266,65.34500122070312,5
2026-06-09 20:02:00+00:00,65.31999969482422,65.3499984741211,65.31500244140625,65.3499984741211,13
2026-06-09 20:03:00+00:00,65.3949966430664,65.3949966430664,65.30999755859375,65.30999755859375,5
2026-06-09 20:04:00+00:00,65.5,65.51499938964844,65.41000366210938,65.41000366210938,62
2026-06-09 20:05:00+00:00,65.44499969482422,65.5,65.44499969482422,65.5,9
2026-06-09 20:06:00+00:00,65.44999694824219,65.45999908447266,65.44999694824219,65.45999908447266,2
2026-06-09 20:07:00+00:00,65.41000366210938,65.41500091552734,65.38500213623047,65.3949966430664,9
2026-06-09 20:08:00+00:00,65.41000366210938,65.41000366210938,65.41000366210938,65.41000366210938,3
2026-06-09 20:09:00+00:00,65.4000015258789,65.41999816894531,65.3949966430664,65.41999816894531,6
2026-06-09 20:10:00+00:00,65.37999725341797,65.4000015258789,65.37999725341797,65.4000015258789,2
2026-06-09 20:11:00+00:00,65.4000015258789,65.40499877929688,65.3949966430664,65.40499877929688,5
2026-06-09 20:12:00+00:00,65.41500091552734,65.42500305175781,65.38500213623047,65.41000366210938,8
2026-06-09 20:13:00+00:00,65.3949966430664,65.41000366210938,65.37999725341797,65.41000366210938,9
2026-06-09 20:14:00+00:00,65.41000366210938,65.41999816894531,65.40499877929688,65.40499877929688,5
2026-06-09 20:15:00+00:00,65.43000030517578,65.47000122070312,65.43000030517578,65.44000244140625,17
2026-06-09 20:16:00+00:00,65.43000030517578,65.43000030517578,65.41000366210938,65.41000366210938,3
2026-06-09 20:17:00+00:00,65.44499969482422,65.46499633789062,65.42500305175781,65.42500305175781,38
2026-06-09 20:18:00+00:00,65.41999816894531,65.45500183105469,65.41999816894531,65.45500183105469,2
2026-06-09 20:19:00+00:00,65.43000030517578,65.44999694824219,65.43000030517578,65.43499755859375,8
2026-06-09 20:21:00+00:00,65.44000244140625,65.44499969482422,65.44000244140625,65.44000244140625,4
2026-06-09 20:23:00+00:00,65.41500091552734,65.41500091552734,65.41500091552734,65.41500091552734,6
2026-06-09 20:24:00+00:00,65.41000366210938,65.41000366210938,65.41000366210938,65.41000366210938,1
2026-06-09 20:25:00+00:00,65.41500091552734,65.41500091552734,65.41500091552734,65.41500091552734,1
2026-06-09 20:26:00+00:00,65.41500091552734,65.44999694824219,65.41500091552734,65.44999694824219,4
2026-06-09 20:27:00+00:00,65.44000244140625,65.44499969482422,65.44000244140625,65.44000244140625,10
2026-06-09 20:28:00+00:00,65.44000244140625,65.45999908447266,65.43499755859375,65.44000244140625,7
2026-06-09 20:29:00+00:00,65.42500305175781,65.42500305175781,65.42500305175781,65.42500305175781,1
2026-06-09 20:30:00+00:00,65.375,65.40499877929688,65.375,65.40499877929688,11
2026-06-09 20:31:00+00:00,65.3949966430664,65.3949966430664,65.3949966430664,65.3949966430664,2
2026-06-09 20:32:00+00:00,65.4000015258789,65.41500091552734,65.4000015258789,65.41500091552734,4
2026-06-09 20:33:00+00:00,65.41500091552734,65.41500091552734,65.41500091552734,65.41500091552734,1
2026-06-09 20:34:00+00:00,65.41500091552734,65.41500091552734,65.37999725341797,65.37999725341797,9
2026-06-09 20:35:00+00:00,65.43000030517578,65.43000030517578,65.41000366210938,65.41000366210938,2
2026-06-09 20:36:00+00:00,65.44000244140625,65.44000244140625,65.43499755859375,65.43499755859375,3
2026-06-09 20:37:00+00:00,65.47000122070312,65.47000122070312,65.45500183105469,65.45999908447266,10
2026-06-09 20:38:00+00:00,65.4749984741211,65.4749984741211,65.45999908447266,65.45999908447266,4
2026-06-09 20:39:00+00:00,65.46499633789062,65.46499633789062,65.46499633789062,65.46499633789062,2
2026-06-09 20:40:00+00:00,65.53500366210938,65.54000091552734,65.4749984741211,65.4749984741211,31
2026-06-09 20:41:00+00:00,65.5199966430664,65.52999877929688,65.50499725341797,65.52999877929688,3
2026-06-09 20:42:00+00:00,65.53500366210938,65.55500030517578,65.53500366210938,65.55000305175781,4
2026-06-09 20:43:00+00:00,65.52999877929688,65.52999877929688,65.52999877929688,65.52999877929688,1
2026-06-09 20:44:00+00:00,65.53500366210938,65.53500366210938,65.53500366210938,65.53500366210938,5
2026-06-09 20:45:00+00:00,65.54499816894531,65.54499816894531,65.51000213623047,65.5199966430664,8
2026-06-09 20:46:00+00:00,65.50499725341797,65.50499725341797,65.50499725341797,65.50499725341797,1
2026-06-09 20:47:00+00:00,65.5,65.5,65.5,65.5,1
2026-06-09 20:48:00+00:00,65.49500274658203,65.49500274658203,65.48500061035156,65.48999786376953,3
2026-06-09 20:50:00+00:00,65.51499938964844,65.5199966430664,65.51499938964844,65.5199966430664,2
2026-06-09 20:52:00+00:00,65.4749984741211,65.4749984741211,65.4749984741211,65.4749984741211,1
2026-06-09 20:53:00+00:00,65.4749984741211,65.49500274658203,65.4749984741211,65.49500274658203,2
2026-06-09 20:54:00+00:00,65.4749984741211,65.5,65.4749984741211,65.49500274658203,8
2026-06-09 20:55:00+00:00,65.50499725341797,65.51000213623047,65.47000122070312,65.5,15
2026-06-09 20:56:00+00:00,65.51499938964844,65.51499938964844,65.49500274658203,65.49500274658203,2
2026-06-09 20:57:00+00:00,65.48999786376953,65.48999786376953,65.48999786376953,65.48999786376953,1
2026-06-09 20:58:00+00:00,65.4800033569336,65.48999786376953,65.44000244140625,65.4800033569336,23
2026-06-09 20:59:00+00:00,65.45999908447266,65.4749984741211,65.45999908447266,65.46499633789062,11
2026-06-09 22:00:00+00:00,65.34500122070312,65.44999694824219,65.19499969482422,65.19999694824219,0
2026-06-09 22:01:00+00:00,65.30000305175781,65.38999938964844,65.28500366210938,65.33000183105469,66
2026-06-09 22:02:00+00:00,65.33000183105469,65.43499755859375,65.28500366210938,65.28500366210938,19
2026-06-09 22:03:00+00:00,65.4000015258789,65.43499755859375,65.30000305175781,65.31999969482422,36
2026-06-09 22:04:00+00:00,65.44999694824219,65.4800033569336,65.40499877929688,65.40499877929688,9
2026-06-09 22:05:00+00:00,65.38999938964844,65.4749984741211,65.38999938964844,65.41000366210938,11
2026-06-09 22:06:00+00:00,65.3499984741211,65.3499984741211,65.31999969482422,65.32499694824219,6
2026-06-09 22:07:00+00:00,65.4000015258789,65.4000015258789,65.4000015258789,65.4000015258789,5
2026-06-09 22:08:00+00:00,65.34500122070312,65.37000274658203,65.34500122070312,65.37000274658203,3
2026-06-09 22:09:00+00:00,65.31999969482422,65.33499908447266,65.31999969482422,65.33000183105469,23
2026-06-09 22:10:00+00:00,65.36499786376953,65.36499786376953,65.36000061035156,65.36000061035156,2
2026-06-09 22:11:00+00:00,65.41999816894531,65.41999816894531,65.40499877929688,65.40499877929688,4
2026-06-09 22:12:00+00:00,65.41999816894531,65.41999816894531,65.41999816894531,65.41999816894531,1
2026-06-09 22:13:00+00:00,65.38999938964844,65.38999938964844,65.38999938964844,65.38999938964844,3
2026-06-09 22:14:00+00:00,65.37999725341797,65.38500213623047,65.37999725341797,65.38500213623047,2
2026-06-09 22:15:00+00:00,65.3949966430664,65.3949966430664,65.38500213623047,65.38999938964844,5
2026-06-09 22:16:00+00:00,65.375,65.3949966430664,65.375,65.3949966430664,2
2026-06-09 22:17:00+00:00,65.31999969482422,65.375,65.31999969482422,65.375,7
2026-06-09 22:18:00+00:00,65.30999755859375,65.31500244140625,65.28500366210938,65.31500244140625,11
2026-06-09 22:19:00+00:00,65.31500244140625,65.31500244140625,65.30999755859375,65.30999755859375,2
2026-06-09 22:20:00+00:00,65.36499786376953,65.36499786376953,65.36000061035156,65.36000061035156,4
2026-06-09 22:21:00+00:00,65.33499908447266,65.33999633789062,65.33499908447266,65.33999633789062,3
2026-06-09 22:22:00+00:00,65.34500122070312,65.34500122070312,65.34500122070312,65.34500122070312,1
2026-06-09 22:25:00+00:00,65.31999969482422,65.34500122070312,65.31999969482422,65.34500122070312,16
2026-06-09 22:26:00+00:00,65.32499694824219,65.32499694824219,65.31500244140625,65.31500244140625,2
2026-06-09 22:29:00+00:00,65.37999725341797,65.37999725341797,65.33499908447266,65.33499908447266,8
2026-06-09 22:30:00+00:00,65.30000305175781,65.38999938964844,65.30000305175781,65.37999725341797,20
2026-06-09 22:31:00+00:00,65.33999633789062,65.34500122070312,65.33000183105469,65.33000183105469,6
2026-06-09 22:32:00+00:00,65.375,65.375,65.3499984741211,65.3499984741211,6
2026-06-09 22:33:00+00:00,65.34500122070312,65.34500122070312,65.34500122070312,65.34500122070312,1
2026-06-09 22:34:00+00:00,65.29000091552734,65.32499694824219,65.26499938964844,65.32499694824219,5
2026-06-09 22:36:00+00:00,65.27999877929688,65.31500244140625,65.27999877929688,65.31500244140625,5
2026-06-09 22:37:00+00:00,65.29000091552734,65.29000091552734,65.29000091552734,65.29000091552734,5
2026-06-09 22:38:00+00:00,65.20999908447266,65.24500274658203,65.19000244140625,65.24500274658203,8
2026-06-09 22:39:00+00:00,65.2249984741211,65.2249984741211,65.18499755859375,65.18499755859375,6
2026-06-09 22:41:00+00:00,65.16000366210938,65.17500305175781,65.125,65.16500091552734,5
2026-06-09 22:42:00+00:00,65.18499755859375,65.19999694824219,65.16500091552734,65.18499755859375,11
2026-06-09 22:43:00+00:00,65.18499755859375,65.23500061035156,65.16999816894531,65.21499633789062,12
2026-06-09 22:44:00+00:00,65.125,65.19499969482422,65.1050033569336,65.19499969482422,18
2026-06-09 22:45:00+00:00,65.08000183105469,65.09500122070312,65.02999877929688,65.09500122070312,21
2026-06-09 22:46:00+00:00,65.07499694824219,65.1050033569336,65.07499694824219,65.1050033569336,4
2026-06-09 22:47:00+00:00,65.04499816894531,65.09500122070312,65.0199966430664,65.07499694824219,27
2026-06-09 22:48:00+00:00,65.04000091552734,65.06500244140625,64.9800033569336,65.05999755859375,15
2026-06-09 22:49:00+00:00,65.04000091552734,65.08000183105469,65.0199966430664,65.05999755859375,17
2026-06-09 22:50:00+00:00,65.05500030517578,65.05999755859375,65.05500030517578,65.05999755859375,2
2026-06-09 22:51:00+00:00,64.9800033569336,65.0250015258789,64.9800033569336,65.0,4
2026-06-09 22:52:00+00:00,64.95500183105469,65.00499725341797,64.92500305175781,64.98999786376953,27
2026-06-09 22:53:00+00:00,65.0199966430664,65.0199966430664,64.98500061035156,64.98999786376953,25
2026-06-09 22:54:00+00:00,64.9749984741211,65.0199966430664,64.9749984741211,65.0199966430664,18
2026-06-09 22:55:00+00:00,65.02999877929688,65.02999877929688,65.00499725341797,65.0199966430664,4
2026-06-09 22:56:00+00:00,65.0250015258789,65.0250015258789,65.0250015258789,65.0250015258789,1
2026-06-09 22:57:00+00:00,65.0,65.08999633789062,65.0,65.06500244140625,14
2026-06-09 22:58:00+00:00,65.01000213623047,65.01000213623047,65.0,65.0,4
2026-06-09 22:59:00+00:00,65.04000091552734,65.04000091552734,65.02999877929688,65.02999877929688,2
2026-06-09 23:00:00+00:00,65.12999725341797,65.13500213623047,65.05000305175781,65.05000305175781,18
2026-06-09 23:01:00+00:00,65.09500122070312,65.11000061035156,65.06999969482422,65.0999984741211,13
2026-06-09 23:02:00+00:00,65.20500183105469,65.20500183105469,65.08499908447266,65.08499908447266,13
2026-06-09 23:03:00+00:00,65.2750015258789,65.2750015258789,65.2249984741211,65.2249984741211,14
2026-06-09 23:04:00+00:00,65.2300033569336,65.25499725341797,65.2300033569336,65.25499725341797,11
2026-06-09 23:05:00+00:00,65.21499633789062,65.24500274658203,65.21499633789062,65.2249984741211,4
2026-06-09 23:06:00+00:00,65.19000244140625,65.20500183105469,65.19000244140625,65.20500183105469,4
2026-06-09 23:07:00+00:00,65.24500274658203,65.24500274658203,65.20500183105469,65.20500183105469,3
2026-06-09 23:08:00+00:00,65.2249984741211,65.23999786376953,65.22000122070312,65.23999786376953,4
2026-06-09 23:09:00+00:00,65.08999633789062,65.13999938964844,65.08999633789062,65.13999938964844,4
2026-06-09 23:10:00+00:00,65.06500244140625,65.12000274658203,65.06500244140625,65.0999984741211,7
2026-06-09 23:11:00+00:00,65.07499694824219,65.07499694824219,65.05999755859375,65.06500244140625,5
2026-06-09 23:12:00+00:00,65.08499908447266,65.12000274658203,65.08499908447266,65.08999633789062,9
2026-06-09 23:13:00+00:00,65.05000305175781,65.06999969482422,65.03500366210938,65.06999969482422,8
2026-06-09 23:14:00+00:00,65.00499725341797,65.05999755859375,65.00499725341797,65.02999877929688,7
2026-06-09 23:15:00+00:00,64.9749984741211,65.00499725341797,64.9749984741211,65.0,12
2026-06-09 23:16:00+00:00,64.97000122070312,65.0250015258789,64.97000122070312,65.0199966430664,15
2026-06-09 23:17:00+00:00,64.92500305175781,64.95500183105469,64.90499877929688,64.95500183105469,39
2026-06-09 23:18:00+00:00,64.87999725341797,64.8949966430664,64.86000061035156,64.8949966430664,14
2026-06-09 23:19:00+00:00,65.0,65.0,64.87000274658203,64.88500213623047,13
2026-06-09 23:20:00+00:00,65.0199966430664,65.0199966430664,64.98999786376953,64.98999786376953,2
2026-06-09 23:21:00+00:00,64.98500061035156,65.00499725341797,64.98500061035156,65.00499725341797,2
2026-06-09 23:22:00+00:00,64.9749984741211,64.9749984741211,64.95999908447266,64.95999908447266,7
2026-06-09 23:23:00+00:00,64.88500213623047,64.94499969482422,64.88500213623047,64.94499969482422,9
2026-06-09 23:24:00+00:00,64.88500213623047,64.88500213623047,64.875,64.875,2
2026-06-09 23:25:00+00:00,64.9000015258789,64.9000015258789,64.86000061035156,64.88999938964844,34
2026-06-09 23:26:00+00:00,64.90499877929688,64.90499877929688,64.87999725341797,64.8949966430664,15
2026-06-09 23:27:00+00:00,64.88500213623047,64.88500213623047,64.84500122070312,64.8499984741211,6
2026-06-09 23:28:00+00:00,64.88999938964844,64.88999938964844,64.88999938964844,64.88999938964844,1
2026-06-09 23:29:00+00:00,64.87000274658203,64.87000274658203,64.87000274658203,64.87000274658203,1
2026-06-09 23:30:00+00:00,64.81500244140625,64.82499694824219,64.79000091552734,64.81999969482422,11
2026-06-09 23:31:00+00:00,64.81500244140625,64.8550033569336,64.79000091552734,64.82499694824219,8
2026-06-09 23:32:00+00:00,64.9749984741211,64.9749984741211,64.83000183105469,64.83000183105469,14
2026-06-09 23:33:00+00:00,64.93000030517578,64.94000244140625,64.93000030517578,64.94000244140625,2
2026-06-09 23:34:00+00:00,64.9000015258789,64.93499755859375,64.88999938964844,64.92500305175781,9
2026-06-09 23:35:00+00:00,64.83499908447266,64.9000015258789,64.83499908447266,64.8949966430664,9
2026-06-09 23:37:00+00:00,64.81500244140625,64.84500122070312,64.81500244140625,64.83499908447266,7
2026-06-09 23:38:00+00:00,64.86499786376953,64.86499786376953,64.8499984741211,64.8499984741211,5
2026-06-09 23:39:00+00:00,64.8949966430664,64.8949966430664,64.8949966430664,64.8949966430664,1
2026-06-09 23:40:00+00:00,64.875,64.91500091552734,64.875,64.8949966430664,6
2026-06-09 23:41:00+00:00,64.87999725341797,64.87999725341797,64.875,64.87999725341797,4
2026-06-09 23:42:00+00:00,64.88500213623047,64.88500213623047,64.88500213623047,64.88500213623047,1
2026-06-09 23:43:00+00:00,64.90499877929688,64.90499877929688,64.88999938964844,64.88999938964844,6
2026-06-09 23:44:00+00:00,64.8550033569336,64.92500305175781,64.8550033569336,64.91500091552734,8
2026-06-09 23:45:00+00:00,64.83499908447266,64.86499786376953,64.81999969482422,64.83999633789062,29
2026-06-09 23:46:00+00:00,64.81500244140625,64.87999725341797,64.80000305175781,64.87999725341797,11
2026-06-09 23:47:00+00:00,64.8550033569336,64.875,64.80000305175781,64.80000305175781,5
2026-06-09 23:48:00+00:00,64.88999938964844,64.88999938964844,64.875,64.875,9
2026-06-09 23:49:00+00:00,64.80500030517578,64.8550033569336,64.7750015258789,64.8550033569336,12
2026-06-09 23:50:00+00:00,64.8550033569336,64.86000061035156,64.81999969482422,64.83499908447266,18
2026-06-09 23:51:00+00:00,64.8949966430664,64.8949966430664,64.80000305175781,64.81999969482422,11
2026-06-09 23:52:00+00:00,64.875,64.91000366210938,64.8550033569336,64.87000274658203,7
2026-06-09 23:53:00+00:00,64.93000030517578,64.9800033569336,64.91000366210938,64.95500183105469,22
2026-06-09 23:54:00+00:00,64.88999938964844,64.93000030517578,64.88999938964844,64.91999816894531,6
2026-06-09 23:55:00+00:00,64.98500061035156,65.01499938964844,64.98500061035156,64.98999786376953,16
2026-06-09 23:56:00+00:00,64.9800033569336,65.01499938964844,64.97000122070312,64.9800033569336,20
2026-06-09 23:57:00+00:00,64.94000244140625,64.94000244140625,64.94000244140625,64.94000244140625,1
2026-06-09 23:59:00+00:00,65.02999877929688,65.08000183105469,64.9800033569336,64.9800033569336,16
2026-06-10 00:00:00+00:00,64.99500274658203,65.05000305175781,64.99500274658203,65.01000213623047,22
2026-06-10 00:01:00+00:00,64.91999816894531,64.94000244140625,64.91999816894531,64.94000244140625,4
2026-06-10 00:02:00+00:00,65.0,65.03500366210938,64.94000244140625,64.94000244140625,9
2026-06-10 00:03:00+00:00,65.04000091552734,65.06500244140625,64.99500274658203,64.99500274658203,7
2026-06-10 00:04:00+00:00,65.02999877929688,65.05000305175781,64.95500183105469,65.0250015258789,17
2026-06-10 00:05:00+00:00,65.13999938964844,65.15499877929688,64.99500274658203,65.0250015258789,15
2026-06-10 00:06:00+00:00,65.1500015258789,65.1500015258789,65.07499694824219,65.13500213623047,16
2026-06-10 00:07:00+00:00,65.1050033569336,65.125,65.08499908447266,65.08999633789062,9
2026-06-10 00:08:00+00:00,65.04000091552734,65.1050033569336,65.04000091552734,65.06999969482422,9
2026-06-10 00:09:00+00:00,65.13999938964844,65.13999938964844,64.97000122070312,65.0250015258789,12
2026-06-10 00:10:00+00:00,65.08000183105469,65.11000061035156,65.03500366210938,65.11000061035156,19
2026-06-10 00:11:00+00:00,65.07499694824219,65.08999633789062,65.06500244140625,65.08999633789062,9
2026-06-10 00:12:00+00:00,65.0199966430664,65.06999969482422,65.0,65.04499816894531,13
2026-06-10 00:13:00+00:00,64.94499969482422,65.02999877929688,64.94499969482422,65.02999877929688,10
2026-06-10 00:14:00+00:00,65.16999816894531,65.18000030517578,65.00499725341797,65.00499725341797,13
2026-06-10 00:15:00+00:00,65.05500030517578,65.16000366210938,65.04000091552734,65.16000366210938,14
2026-06-10 00:16:00+00:00,64.98500061035156,65.05999755859375,64.98500061035156,65.05999755859375,4
2026-06-10 00:17:00+00:00,65.04000091552734,65.04000091552734,65.04000091552734,65.04000091552734,1
2026-06-10 00:18:00+00:00,65.07499694824219,65.11499786376953,65.07499694824219,65.11499786376953,4
2026-06-10 00:19:00+00:00,65.17500305175781,65.23999786376953,65.08999633789062,65.08999633789062,16
2026-06-10 00:20:00+00:00,65.125,65.1500015258789,65.12000274658203,65.13500213623047,7
2026-06-10 00:21:00+00:00,65.11000061035156,65.1500015258789,65.08499908447266,65.08999633789062,9
2026-06-10 00:23:00+00:00,65.01499938964844,65.0999984741211,65.0,65.0999984741211,11
2026-06-10 00:25:00+00:00,64.97000122070312,65.05999755859375,64.97000122070312,65.05999755859375,10
2026-06-10 00:26:00+00:00,64.95999908447266,65.0,64.94499969482422,64.98500061035156,18
2026-06-10 00:27:00+00:00,65.0,65.0,64.97000122070312,64.97000122070312,7
2026-06-10 00:28:00+00:00,64.97000122070312,64.97000122070312,64.94999694824219,64.94999694824219,2
2026-06-10 00:29:00+00:00,64.93000030517578,65.0,64.93000030517578,64.9800033569336,9
2026-06-10 00:30:00+00:00,64.8499984741211,64.8949966430664,64.82499694824219,64.8949966430664,20
2026-06-10 00:31:00+00:00,64.79000091552734,64.84500122070312,64.74500274658203,64.84500122070312,41
2026-06-10 00:32:00+00:00,64.56500244140625,64.79000091552734,64.56500244140625,64.79000091552734,81
2026-06-10 00:33:00+00:00,64.56999969482422,64.63999938964844,64.55000305175781,64.55000305175781,19
2026-06-10 00:34:00+00:00,64.49500274658203,64.5999984741211,64.47000122070312,64.59500122070312,25
2026-06-10 00:35:00+00:00,64.56500244140625,64.56999969482422,64.48999786376953,64.48999786376953,22
2026-06-10 00:36:00+00:00,64.48999786376953,64.57499694824219,64.48999786376953,64.55500030517578,11
2026-06-10 00:37:00+00:00,64.43499755859375,64.50499725341797,64.41500091552734,64.48500061035156,53
2026-06-10 00:38:00+00:00,64.66000366210938,64.66000366210938,64.44499969482422,64.45500183105469,35
2026-06-10 00:39:00+00:00,64.5999984741211,64.61000061035156,64.59500122070312,64.59500122070312,5
2026-06-10 00:40:00+00:00,64.57499694824219,64.57499694824219,64.56999969482422,64.56999969482422,2
2026-06-10 00:41:00+00:00,64.54000091552734,64.5999984741211,64.52999877929688,64.53500366210938,11
2026-06-10 00:42:00+00:00,64.45999908447266,64.5199966430664,64.45999908447266,64.5199966430664,12
2026-06-10 00:43:00+00:00,64.41999816894531,64.47000122070312,64.41500091552734,64.45999908447266,12
2026-06-10 00:44:00+00:00,64.4800033569336,64.4800033569336,64.375,64.40499877929688,16
2026-06-10 00:45:00+00:00,64.53500366210938,64.54499816894531,64.48999786376953,64.52999877929688,17
2026-06-10 00:46:00+00:00,64.5250015258789,64.57499694824219,64.5250015258789,64.53500366210938,7
2026-06-10 00:47:00+00:00,64.52999877929688,64.57499694824219,64.5250015258789,64.52999877929688,23
2026-06-10 00:48:00+00:00,64.51499938964844,64.54000091552734,64.5,64.54000091552734,9
2026-06-10 00:49:00+00:00,64.61499786376953,64.625,64.49500274658203,64.49500274658203,11
2026-06-10 00:50:00+00:00,64.55000305175781,64.6500015258789,64.55000305175781,64.625,10
2026-06-10 00:51:00+00:00,64.59500122070312,64.59500122070312,64.5250015258789,64.55500030517578,3
2026-06-10 00:52:00+00:00,64.69999694824219,64.74500274658203,64.62000274658203,64.62000274658203,18
2026-06-10 00:53:00+00:00,64.83000183105469,64.83000183105469,64.73500061035156,64.75,24
2026-06-10 00:54:00+00:00,64.81500244140625,64.82499694824219,64.7750015258789,64.80000305175781,20
2026-06-10 00:55:00+00:00,64.87999725341797,64.95500183105469,64.83000183105469,64.83000183105469,34
2026-06-10 00:56:00+00:00,64.97000122070312,64.98500061035156,64.88500213623047,64.88500213623047,22
2026-06-10 00:57:00+00:00,64.93499755859375,65.01499938964844,64.91500091552734,64.95999908447266,38
2026-06-10 00:58:00+00:00,65.00499725341797,65.08000183105469,64.94499969482422,64.95500183105469,35
2026-06-10 00:59:00+00:00,64.76000213623047,65.04000091552734,64.76000213623047,65.04000091552734,83
2026-06-10 01:00:00+00:00,64.44000244140625,64.79000091552734,64.22000122070312,64.79000091552734,206
2026-06-10 01:01:00+00:00,64.25,64.5,64.21499633789062,64.49500274658203,47
2026-06-10 01:02:00+00:00,64.34500122070312,64.4749984741211,64.15499877929688,64.25,89
2026-06-10 01:03:00+00:00,64.30000305175781,64.4000015258789,64.30000305175781,64.37999725341797,25
2026-06-10 01:04:00+00:00,64.18000030517578,64.30000305175781,64.13500213623047,64.30000305175781,61
2026-06-10 01:05:00+00:00,63.959999084472656,64.19999694824219,63.900001525878906,64.19999694824219,155
2026-06-10 01:06:00+00:00,64.19000244140625,64.2249984741211,63.939998626708984,63.94499969482422,145
2026-06-10 01:07:00+00:00,64.17500305175781,64.30999755859375,64.06999969482422,64.19000244140625,82
2026-06-10 01:08:00+00:00,64.16000366210938,64.20999908447266,64.09500122070312,64.0999984741211,13
2026-06-10 01:09:00+00:00,64.19999694824219,64.2300033569336,64.125,64.18000030517578,12
2026-06-10 01:10:00+00:00,64.16000366210938,64.20500183105469,64.15499877929688,64.15499877929688,14
2026-06-10 01:11:00+00:00,64.30999755859375,64.38500213623047,64.19999694824219,64.19999694824219,45
2026-06-10 01:12:00+00:00,64.41500091552734,64.41500091552734,64.32499694824219,64.34500122070312,9
2026-06-10 01:13:00+00:00,64.48999786376953,64.55999755859375,64.41999816894531,64.41999816894531,48
2026-06-10 01:14:00+00:00,64.48500061035156,64.48999786376953,64.44499969482422,64.46499633789062,30
2026-06-10 01:15:00+00:00,64.51499938964844,64.52999877929688,64.40499877929688,64.46499633789062,11
2026-06-10 01:16:00+00:00,64.7750015258789,64.79000091552734,64.5,64.5199966430664,178
2026-06-10 01:17:00+00:00,64.87000274658203,64.875,64.75,64.76499938964844,231
2026-06-10 01:18:00+00:00,64.9000015258789,64.92500305175781,64.84500122070312,64.86000061035156,124
2026-06-10 01:19:00+00:00,64.90499877929688,64.93000030517578,64.84500122070312,64.91500091552734,35
2026-06-10 01:20:00+00:00,64.70500183105469,64.82499694824219,64.69999694824219,64.81999969482422,39
2026-06-10 01:21:00+00:00,64.7300033569336,64.76000213623047,64.66500091552734,64.72000122070312,24
2026-06-10 01:22:00+00:00,64.73500061035156,64.75499725341797,64.69999694824219,64.75,12
2026-06-10 01:23:00+00:00,64.7249984741211,64.7750015258789,64.69999694824219,64.71499633789062,16
2026-06-10 01:24:00+00:00,64.6449966430664,64.73999786376953,64.62999725341797,64.73999786376953,15
2026-06-10 01:25:00+00:00,64.62000274658203,64.70999908447266,64.58000183105469,64.67500305175781,18
2026-06-10 01:26:00+00:00,64.65499877929688,64.68499755859375,64.58499908447266,64.66000366210938,18
2026-06-10 01:27:00+00:00,64.73999786376953,64.76000213623047,64.65499877929688,64.66500091552734,11
2026-06-10 01:28:00+00:00,64.77999877929688,64.82499694824219,64.76000213623047,64.79000091552734,30
2026-06-10 01:29:00+00:00,64.77999877929688,64.80000305175781,64.69000244140625,64.78500366210938,30
2026-06-10 01:30:00+00:00,64.6500015258789,64.77999877929688,64.62999725341797,64.73999786376953,29
2026-06-10 01:31:00+00:00,64.87000274658203,64.93000030517578,64.69499969482422,64.69499969482422,19
2026-06-10 01:32:00+00:00,64.93000030517578,65.0,64.82499694824219,64.82499694824219,35
2026-06-10 01:33:00+00:00,64.83000183105469,64.93499755859375,64.83000183105469,64.92500305175781,14
2026-06-10 01:34:00+00:00,65.04000091552734,65.04000091552734,64.93000030517578,64.93000030517578,18
2026-06-10 01:35:00+00:00,64.9800033569336,65.04000091552734,64.95999908447266,65.04000091552734,9
2026-06-10 01:36:00+00:00,64.95999908447266,65.0199966430664,64.90499877929688,64.93000030517578,20
2026-06-10 01:37:00+00:00,64.93000030517578,64.98500061035156,64.8550033569336,64.9749984741211,22
2026-06-10 01:38:00+00:00,65.05000305175781,65.05000305175781,64.8550033569336,64.94999694824219,30
2026-06-10 01:39:00+00:00,64.97000122070312,65.16500091552734,64.97000122070312,65.04499816894531,53
2026-06-10 01:40:00+00:00,64.95999908447266,64.97000122070312,64.91500091552734,64.94999694824219,14
2026-06-10 01:41:00+00:00,64.88500213623047,64.92500305175781,64.83499908447266,64.9000015258789,12
2026-06-10 01:42:00+00:00,64.69000244140625,64.86000061035156,64.66500091552734,64.81999969482422,15
2026-06-10 01:43:00+00:00,64.66999816894531,64.7249984741211,64.6500015258789,64.6500015258789,17
2026-06-10 01:44:00+00:00,64.69499969482422,64.69499969482422,64.66000366210938,64.66000366210938,3
2026-06-10 01:45:00+00:00,64.76000213623047,64.79000091552734,64.70500183105469,64.70500183105469,13
2026-06-10 01:46:00+00:00,64.66000366210938,64.69499969482422,64.66000366210938,64.69499969482422,4
2026-06-10 01:47:00+00:00,64.68000030517578,64.75,64.62999725341797,64.68499755859375,34
2026-06-10 01:48:00+00:00,64.83999633789062,64.8550033569336,64.6500015258789,64.65499877929688,43
2026-06-10 01:49:00+00:00,64.83499908447266,64.86499786376953,64.80999755859375,64.81999969482422,11
2026-06-10 01:50:00+00:00,64.81500244140625,64.95500183105469,64.81500244140625,64.88999938964844,23
2026-06-10 01:51:00+00:00,64.68499755859375,64.76499938964844,64.68499755859375,64.76499938964844,14
2026-06-10 01:52:00+00:00,64.70500183105469,64.80000305175781,64.61000061035156,64.68000030517578,38
2026-06-10 01:53:00+00:00,64.7300033569336,64.73500061035156,64.69000244140625,64.70500183105469,6
2026-06-10 01:54:00+00:00,64.83999633789062,64.83999633789062,64.76000213623047,64.76000213623047,8
2026-06-10 01:55:00+00:00,64.87999725341797,64.87999725341797,64.79499816894531,64.79499816894531,5
2026-06-10 01:56:00+00:00,64.86499786376953,64.93000030517578,64.86499786376953,64.88999938964844,5
2026-06-10 01:57:00+00:00,64.86499786376953,64.8949966430664,64.80999755859375,64.8949966430664,8
2026-06-10 01:58:00+00:00,64.75,64.80500030517578,64.75,64.79000091552734,12
2026-06-10 01:59:00+00:00,64.75,64.77999877929688,64.7300033569336,64.7300033569336,5
2026-06-10 02:00:00+00:00,64.87000274658203,64.87000274658203,64.79000091552734,64.79499816894531,7
2026-06-10 02:01:00+00:00,64.7699966430664,64.83000183105469,64.74500274658203,64.81999969482422,13
2026-06-10 02:02:00+00:00,64.7750015258789,64.8550033569336,64.7750015258789,64.8550033569336,2
2026-06-10 02:03:00+00:00,64.76000213623047,64.80500030517578,64.73500061035156,64.80500030517578,10
2026-06-10 02:04:00+00:00,64.67500305175781,64.7699966430664,64.67500305175781,64.73999786376953,18
2026-06-10 02:05:00+00:00,64.58999633789062,64.66500091552734,64.56999969482422,64.6449966430664,14
2026-06-10 02:06:00+00:00,64.4800033569336,64.61000061035156,64.45500183105469,64.61000061035156,37
2026-06-10 02:07:00+00:00,64.46499633789062,64.4800033569336,64.33499908447266,64.4800033569336,111
2026-06-10 02:08:00+00:00,64.43499755859375,64.5,64.43499755859375,64.44000244140625,19
2026-06-10 02:09:00+00:00,64.41000366210938,64.43499755859375,64.4000015258789,64.43499755859375,5
2026-06-10 02:10:00+00:00,64.45999908447266,64.45999908447266,64.41000366210938,64.43000030517578,10
2026-06-10 02:11:00+00:00,64.57499694824219,64.62999725341797,64.43000030517578,64.50499725341797,54
2026-06-10 02:12:00+00:00,64.58000183105469,64.58000183105469,64.5199966430664,64.55999755859375,23
2026-06-10 02:13:00+00:00,64.61000061035156,64.63500213623047,64.55500030517578,64.57499694824219,22
2026-06-10 02:14:00+00:00,64.51000213623047,64.56500244140625,64.5,64.56500244140625,15
2026-06-10 02:15:00+00:00,64.55000305175781,64.56999969482422,64.49500274658203,64.49500274658203,22
2026-06-10 02:16:00+00:00,64.49500274658203,64.54000091552734,64.45500183105469,64.5,11
2026-06-10 02:17:00+00:00,64.54000091552734,64.54000091552734,64.49500274658203,64.49500274658203,4
2026-06-10 02:18:00+00:00,64.4000015258789,64.5250015258789,64.38999938964844,64.5250015258789,18
2026-06-10 02:19:00+00:00,64.36000061035156,64.4000015258789,64.33999633789062,64.4000015258789,22
2026-06-10 02:20:00+00:00,64.4000015258789,64.41000366210938,64.33499908447266,64.33499908447266,18
2026-06-10 02:21:00+00:00,64.46499633789062,64.48500061035156,64.43499755859375,64.46499633789062,7
2026-06-10 02:22:00+00:00,64.47000122070312,64.51000213623047,64.47000122070312,64.4800033569336,15
2026-06-10 02:23:00+00:00,64.45500183105469,64.53500366210938,64.43499755859375,64.43499755859375,12
2026-06-10 02:24:00+00:00,64.53500366210938,64.57499694824219,64.50499725341797,64.50499725341797,5
2026-06-10 02:25:00+00:00,64.37000274658203,64.41500091552734,64.34500122070312,64.41500091552734,8
2026-06-10 02:26:00+00:00,64.31500244140625,64.3550033569336,64.26499938964844,64.3550033569336,27
2026-06-10 02:27:00+00:00,64.38999938964844,64.38999938964844,64.31500244140625,64.33999633789062,23
2026-06-10 02:28:00+00:00,64.5,64.5,64.41500091552734,64.41500091552734,11
2026-06-10 02:29:00+00:00,64.5250015258789,64.53500366210938,64.5250015258789,64.52999877929688,8
2026-06-10 02:30:00+00:00,64.37000274658203,64.69999694824219,64.37000274658203,64.55500030517578,49
2026-06-10 02:31:00+00:00,64.41999816894531,64.44999694824219,64.36499786376953,64.4000015258789,29
2026-06-10 02:32:00+00:00,64.15499877929688,64.45500183105469,64.13500213623047,64.42500305175781,75
2026-06-10 02:33:00+00:00,64.1500015258789,64.19000244140625,64.07499694824219,64.1500015258789,40
2026-06-10 02:34:00+00:00,64.18499755859375,64.26499938964844,64.1500015258789,64.15499877929688,25
2026-06-10 02:35:00+00:00,64.16999816894531,64.22000122070312,64.13500213623047,64.16500091552734,27
2026-06-10 02:36:00+00:00,64.20500183105469,64.2300033569336,64.16500091552734,64.19499969482422,10
2026-06-10 02:37:00+00:00,64.30999755859375,64.30999755859375,64.26000213623047,64.26000213623047,17
2026-06-10 02:38:00+00:00,64.375,64.38999938964844,64.30000305175781,64.30000305175781,23
2026-06-10 02:39:00+00:00,64.375,64.43000030517578,64.375,64.41000366210938,5
2026-06-10 02:40:00+00:00,64.30000305175781,64.33000183105469,64.25,64.30999755859375,13
2026-06-10 02:41:00+00:00,64.37000274658203,64.3949966430664,64.30500030517578,64.30500030517578,5
2026-06-10 02:42:00+00:00,64.30500030517578,64.3949966430664,64.29000091552734,64.37999725341797,16
2026-06-10 02:43:00+00:00,64.22000122070312,64.32499694824219,64.22000122070312,64.30500030517578,17
2026-06-10 02:44:00+00:00,64.33999633789062,64.34500122070312,64.18000030517578,64.19999694824219,33
2026-06-10 02:45:00+00:00,64.37000274658203,64.38999938964844,64.33000183105469,64.3499984741211,20
2026-06-10 02:46:00+00:00,64.4800033569336,64.54000091552734,64.3550033569336,64.3550033569336,62
2026-06-10 02:47:00+00:00,64.36499786376953,64.41999816894531,64.36499786376953,64.41999816894531,19
2026-06-10 02:48:00+00:00,64.375,64.375,64.32499694824219,64.34500122070312,5
2026-06-10 02:49:00+00:00,64.43499755859375,64.44499969482422,64.3949966430664,64.3949966430664,8
2026-06-10 02:50:00+00:00,64.20500183105469,64.45999908447266,64.20500183105469,64.44999694824219,51
2026-06-10 02:51:00+00:00,64.04000091552734,64.20999908447266,64.0250015258789,64.19999694824219,68
2026-06-10 02:52:00+00:00,64.0,64.08000183105469,63.93000030517578,64.06500244140625,49
2026-06-10 02:53:00+00:00,63.93000030517578,64.04000091552734,63.849998474121094,64.01000213623047,129
2026-06-10 02:54:00+00:00,63.915000915527344,63.96500015258789,63.90999984741211,63.92499923706055,24
2026-06-10 02:55:00+00:00,63.95000076293945,63.974998474121094,63.90999984741211,63.939998626708984,21
2026-06-10 02:56:00+00:00,63.90999984741211,63.915000915527344,63.849998474121094,63.90999984741211,33
2026-06-10 02:57:00+00:00,63.935001373291016,63.959999084472656,63.8849983215332,63.8849983215332,7
2026-06-10 02:58:00+00:00,63.86000061035156,63.93000030517578,63.814998626708984,63.915000915527344,133
2026-06-10 02:59:00+00:00,63.915000915527344,63.915000915527344,63.849998474121094,63.8650016784668,83
2026-06-10 03:00:00+00:00,63.880001068115234,63.915000915527344,63.83000183105469,63.900001525878906,20
2026-06-10 03:01:00+00:00,63.915000915527344,63.95000076293945,63.8849983215332,63.939998626708984,16
2026-06-10 03:02:00+00:00,63.95000076293945,63.9900016784668,63.915000915527344,63.915000915527344,8
2026-06-10 03:03:00+00:00,63.935001373291016,63.935001373291016,63.869998931884766,63.91999816894531,6
2026-06-10 03:04:00+00:00,63.91999816894531,63.95000076293945,63.814998626708984,63.95000076293945,64
2026-06-10 03:05:00+00:00,64.01000213623047,64.01000213623047,63.90999984741211,63.93000030517578,21
2026-06-10 03:06:00+00:00,64.03500366210938,64.05000305175781,63.96500015258789,64.0,58
2026-06-10 03:07:00+00:00,63.849998474121094,64.02999877929688,63.7599983215332,64.0250015258789,45
2026-06-10 03:08:00+00:00,63.810001373291016,63.84000015258789,63.79499816894531,63.79999923706055,14
2026-06-10 03:09:00+00:00,63.8849983215332,63.8849983215332,63.79499816894531,63.79499816894531,11
2026-06-10 03:10:00+00:00,63.81999969482422,63.845001220703125,63.80500030517578,63.845001220703125,14
2026-06-10 03:11:00+00:00,63.92499923706055,63.95000076293945,63.84000015258789,63.845001220703125,24
2026-06-10 03:12:00+00:00,63.974998474121094,64.0,63.95000076293945,63.95500183105469,34
2026-06-10 03:13:00+00:00,63.95500183105469,63.9900016784668,63.95500183105469,63.9900016784668,10
2026-06-10 03:14:00+00:00,63.974998474121094,64.00499725341797,63.974998474121094,63.98500061035156,4
2026-06-10 03:15:00+00:00,64.00499725341797,64.00499725341797,63.90999984741211,63.915000915527344,12
2026-06-10 03:16:00+00:00,64.08999633789062,64.0999984741211,64.01499938964844,64.0250015258789,17
2026-06-10 03:17:00+00:00,64.07499694824219,64.12000274658203,64.05500030517578,64.1050033569336,18
2026-06-10 03:18:00+00:00,64.06999969482422,64.06999969482422,64.04499816894531,64.04499816894531,6
2026-06-10 03:19:00+00:00,64.0250015258789,64.02999877929688,64.00499725341797,64.00499725341797,5
2026-06-10 03:20:00+00:00,63.970001220703125,63.970001220703125,63.88999938964844,63.94499969482422,13
2026-06-10 03:21:00+00:00,63.939998626708984,63.939998626708984,63.904998779296875,63.904998779296875,4
2026-06-10 03:22:00+00:00,63.95500183105469,63.97999954223633,63.92499923706055,63.92499923706055,12
2026-06-10 03:23:00+00:00,63.935001373291016,63.970001220703125,63.900001525878906,63.95000076293945,10
2026-06-10 03:24:00+00:00,63.90999984741211,63.90999984741211,63.880001068115234,63.880001068115234,5
2026-06-10 03:25:00+00:00,63.994998931884766,64.01000213623047,63.94499969482422,63.94499969482422,16
2026-06-10 03:26:00+00:00,64.08999633789062,64.16000366210938,63.959999084472656,63.98500061035156,64
2026-06-10 03:27:00+00:00,64.00499725341797,64.05000305175781,64.00499725341797,64.05000305175781,8
2026-06-10 03:28:00+00:00,64.01000213623047,64.01499938964844,64.0,64.01000213623047,6
2026-06-10 03:29:00+00:00,64.08000183105469,64.08000183105469,64.05000305175781,64.05000305175781,8
2026-06-10 03:30:00+00:00,64.09500122070312,64.11499786376953,64.04499816894531,64.04499816894531,10
2026-06-10 03:31:00+00:00,64.12999725341797,64.12999725341797,64.07499694824219,64.1050033569336,8
2026-06-10 03:32:00+00:00,64.05999755859375,64.12000274658203,64.05999755859375,64.12000274658203,6
2026-06-10 03:33:00+00:00,64.11000061035156,64.11000061035156,64.06999969482422,64.06999969482422,3
2026-06-10 03:34:00+00:00,64.0999984741211,64.0999984741211,64.09500122070312,64.09500122070312,2
2026-06-10 03:35:00+00:00,64.08499908447266,64.1050033569336,64.05500030517578,64.08499908447266,13
2026-06-10 03:36:00+00:00,64.08499908447266,64.0999984741211,64.08499908447266,64.08999633789062,4
2026-06-10 03:37:00+00:00,64.12000274658203,64.12999725341797,64.0999984741211,64.0999984741211,7
2026-06-10 03:38:00+00:00,64.19999694824219,64.20500183105469,64.11499786376953,64.11499786376953,14
2026-06-10 03:39:00+00:00,64.20500183105469,64.20500183105469,64.20500183105469,64.20500183105469,3
2026-06-10 03:40:00+00:00,64.1500015258789,64.16000366210938,64.12000274658203,64.125,8
2026-06-10 03:41:00+00:00,64.16999816894531,64.18499755859375,64.16000366210938,64.16000366210938,37
2026-06-10 03:42:00+00:00,64.1050033569336,64.11000061035156,64.1050033569336,64.11000061035156,4
2026-06-10 03:43:00+00:00,64.1449966430664,64.1449966430664,64.11499786376953,64.12000274658203,4
2026-06-10 03:44:00+00:00,64.12000274658203,64.12000274658203,64.12000274658203,64.12000274658203,1
2026-06-10 03:45:00+00:00,64.16000366210938,64.16000366210938,64.125,64.12999725341797,6
2026-06-10 03:46:00+00:00,64.27999877929688,64.27999877929688,64.19000244140625,64.19999694824219,21
2026-06-10 03:47:00+00:00,64.26499938964844,64.28500366210938,64.23999786376953,64.25,13
2026-06-10 03:48:00+00:00,64.32499694824219,64.33999633789062,64.28500366210938,64.28500366210938,9
2026-06-10 03:49:00+00:00,64.30999755859375,64.34500122070312,64.30500030517578,64.33000183105469,14
2026-06-10 03:50:00+00:00,64.28500366210938,64.34500122070312,64.28500366210938,64.30999755859375,13
2026-06-10 03:51:00+00:00,64.23500061035156,64.2699966430664,64.22000122070312,64.2699966430664,18
2026-06-10 03:52:00+00:00,64.26000213623047,64.30999755859375,64.24500274658203,64.24500274658203,7
2026-06-10 03:53:00+00:00,64.2249984741211,64.23999786376953,64.2249984741211,64.23999786376953,3
2026-06-10 03:54:00+00:00,64.25,64.25,64.16000366210938,64.18499755859375,45
2026-06-10 03:55:00+00:00,64.125,64.19000244140625,64.12000274658203,64.19000244140625,13
2026-06-10 03:56:00+00:00,64.19000244140625,64.20500183105469,64.13500213623047,64.13999938964844,12
2026-06-10 03:57:00+00:00,64.24500274658203,64.24500274658203,64.24500274658203,64.24500274658203,1
2026-06-10 03:58:00+00:00,64.23999786376953,64.24500274658203,64.23999786376953,64.23999786376953,4
2026-06-10 04:00:00+00:00,64.25499725341797,64.32499694824219,64.25499725341797,64.28500366210938,8
2026-06-10 04:02:00+00:00,64.28500366210938,64.28500366210938,64.19999694824219,64.19999694824219,11
2026-06-10 04:03:00+00:00,64.30500030517578,64.31999969482422,64.2750015258789,64.29000091552734,7
2026-06-10 04:04:00+00:00,64.31500244140625,64.31500244140625,64.30500030517578,64.31500244140625,8
2026-06-10 04:05:00+00:00,64.29499816894531,64.30500030517578,64.28500366210938,64.30500030517578,8
2026-06-10 04:06:00+00:00,64.23500061035156,64.26499938964844,64.23500061035156,64.26499938964844,8
2026-06-10 04:07:00+00:00,64.12000274658203,64.20500183105469,64.11499786376953,64.20500183105469,33
2026-06-10 04:08:00+00:00,64.17500305175781,64.17500305175781,64.12999725341797,64.15499877929688,9
2026-06-10 04:09:00+00:00,64.16500091552734,64.16500091552734,64.16500091552734,64.16500091552734,1
2026-06-10 04:10:00+00:00,64.16500091552734,64.20500183105469,64.16000366210938,64.20500183105469,8
2026-06-10 04:11:00+00:00,64.20999908447266,64.21499633789062,64.19000244140625,64.19000244140625,7
2026-06-10 04:12:00+00:00,64.18499755859375,64.19000244140625,64.18499755859375,64.19000244140625,14
2026-06-10 04:13:00+00:00,64.13500213623047,64.13500213623047,64.11000061035156,64.11499786376953,10
2026-06-10 04:14:00+00:00,64.11499786376953,64.15499877929688,64.11499786376953,64.15499877929688,4
2026-06-10 04:15:00+00:00,64.12999725341797,64.13999938964844,64.125,64.13999938964844,4
2026-06-10 04:16:00+00:00,64.0999984741211,64.11000061035156,64.0999984741211,64.11000061035156,5
2026-06-10 04:17:00+00:00,64.125,64.16500091552734,64.12000274658203,64.16500091552734,6
2026-06-10 04:18:00+00:00,64.08000183105469,64.09500122070312,64.08000183105469,64.09500122070312,3
2026-06-10 04:19:00+00:00,64.18000030517578,64.18000030517578,64.16999816894531,64.16999816894531,2
2026-06-10 04:20:00+00:00,64.1449966430664,64.20500183105469,64.1449966430664,64.19000244140625,6
2026-06-10 04:21:00+00:00,64.05999755859375,64.12000274658203,64.04499816894531,64.12000274658203,13
2026-06-10 04:22:00+00:00,63.9900016784668,64.0250015258789,63.959999084472656,64.0250015258789,20
2026-06-10 04:23:00+00:00,63.994998931884766,63.994998931884766,63.974998474121094,63.994998931884766,5
2026-06-10 04:24:00+00:00,63.95500183105469,63.994998931884766,63.95500183105469,63.994998931884766,2
2026-06-10 04:25:00+00:00,64.01499938964844,64.0199966430664,63.959999084472656,63.959999084472656,5
2026-06-10 04:26:00+00:00,64.05500030517578,64.06500244140625,64.03500366210938,64.03500366210938,22
2026-06-10 04:27:00+00:00,64.0,64.06500244140625,64.0,64.06500244140625,10
2026-06-10 04:28:00+00:00,63.8650016784668,63.994998931884766,63.845001220703125,63.974998474121094,36
2026-06-10 04:29:00+00:00,63.849998474121094,63.900001525878906,63.834999084472656,63.834999084472656,50
2026-06-10 04:30:00+00:00,63.845001220703125,63.869998931884766,63.76499938964844,63.869998931884766,35
2026-06-10 04:31:00+00:00,63.845001220703125,63.849998474121094,63.79999923706055,63.79999923706055,10
2026-06-10 04:32:00+00:00,63.814998626708984,63.845001220703125,63.78499984741211,63.845001220703125,8
2026-06-10 04:33:00+00:00,63.779998779296875,63.83000183105469,63.779998779296875,63.82500076293945,4
2026-06-10 04:34:00+00:00,63.84000015258789,63.85499954223633,63.80500030517578,63.80500030517578,4
2026-06-10 04:35:00+00:00,63.7400016784668,63.834999084472656,63.71500015258789,63.82500076293945,22
2026-06-10 04:36:00+00:00,63.779998779296875,63.779998779296875,63.724998474121094,63.75,13
2026-06-10 04:37:00+00:00,63.79499816894531,63.79499816894531,63.77000045776367,63.77000045776367,3
2026-06-10 04:38:00+00:00,63.79999923706055,63.814998626708984,63.79499816894531,63.79499816894531,7
2026-06-10 04:40:00+00:00,63.75,63.814998626708984,63.75,63.80500030517578,21
2026-06-10 04:41:00+00:00,63.709999084472656,63.724998474121094,63.63999938964844,63.724998474121094,51
2026-06-10 04:42:00+00:00,63.709999084472656,63.724998474121094,63.685001373291016,63.685001373291016,13
2026-06-10 04:43:00+00:00,63.665000915527344,63.7400016784668,63.65999984741211,63.7400016784668,22
2026-06-10 04:44:00+00:00,63.630001068115234,63.67499923706055,63.630001068115234,63.67499923706055,2
2026-06-10 04:45:00+00:00,63.6349983215332,63.64500045776367,63.57500076293945,63.625,42
2026-06-10 04:46:00+00:00,63.65999984741211,63.69499969482422,63.64500045776367,63.64500045776367,23
2026-06-10 04:47:00+00:00,63.6150016784668,63.685001373291016,63.6150016784668,63.654998779296875,24
2026-06-10 04:48:00+00:00,63.619998931884766,63.630001068115234,63.619998931884766,63.630001068115234,6
2026-06-10 04:49:00+00:00,63.650001525878906,63.70500183105469,63.63999938964844,63.650001525878906,24
2026-06-10 04:50:00+00:00,63.67499923706055,63.67499923706055,63.60499954223633,63.61000061035156,12
2026-06-10 04:51:00+00:00,63.6349983215332,63.654998779296875,63.6349983215332,63.654998779296875,3
2026-06-10 04:52:00+00:00,63.68000030517578,63.68000030517578,63.67499923706055,63.67499923706055,6
2026-06-10 04:53:00+00:00,63.69499969482422,63.69499969482422,63.64500045776367,63.64500045776367,2
2026-06-10 04:54:00+00:00,63.70000076293945,63.709999084472656,63.63999938964844,63.70500183105469,15
2026-06-10 04:55:00+00:00,63.685001373291016,63.76499938964844,63.685001373291016,63.720001220703125,22
2026-06-10 04:56:00+00:00,63.59000015258789,63.619998931884766,63.58000183105469,63.61000061035156,10
2026-06-10 04:57:00+00:00,63.619998931884766,63.6349983215332,63.599998474121094,63.60499954223633,33
2026-06-10 04:58:00+00:00,63.58000183105469,63.6150016784668,63.58000183105469,63.6150016784668,6
2026-06-10 04:59:00+00:00,63.650001525878906,63.650001525878906,63.57500076293945,63.59000015258789,17
2026-06-10 05:00:00+00:00,63.625,63.6349983215332,63.54499816894531,63.625,60
2026-06-10 05:01:00+00:00,63.60499954223633,63.625,63.595001220703125,63.61000061035156,14
2026-06-10 05:02:00+00:00,63.77000045776367,63.79999923706055,63.6349983215332,63.6349983215332,32
2026-06-10 05:03:00+00:00,63.779998779296875,63.779998779296875,63.744998931884766,63.76499938964844,13
2026-06-10 05:04:00+00:00,63.78499984741211,63.790000915527344,63.720001220703125,63.775001525878906,13
2026-06-10 05:05:00+00:00,63.790000915527344,63.79999923706055,63.75,63.779998779296875,11
2026-06-10 05:06:00+00:00,63.974998474121094,64.0,63.755001068115234,63.78499984741211,84
2026-06-10 05:07:00+00:00,63.95500183105469,63.959999084472656,63.904998779296875,63.95500183105469,31
2026-06-10 05:08:00+00:00,63.90999984741211,63.96500015258789,63.90999984741211,63.96500015258789,6
2026-06-10 05:09:00+00:00,63.904998779296875,63.904998779296875,63.849998474121094,63.849998474121094,7
2026-06-10 05:10:00+00:00,63.90999984741211,63.90999984741211,63.814998626708984,63.90999984741211,18
2026-06-10 05:11:00+00:00,63.95500183105469,63.95500183105469,63.95500183105469,63.95500183105469,2
2026-06-10 05:12:00+00:00,63.939998626708984,63.939998626708984,63.90999984741211,63.93000030517578,5
2026-06-10 05:13:00+00:00,63.96500015258789,63.994998931884766,63.8849983215332,63.8849983215332,10
2026-06-10 05:14:00+00:00,63.94499969482422,63.994998931884766,63.93000030517578,63.9900016784668,9
2026-06-10 05:15:00+00:00,63.93000030517578,63.970001220703125,63.92499923706055,63.970001220703125,7
2026-06-10 05:16:00+00:00,63.900001525878906,63.93000030517578,63.900001525878906,63.93000030517578,3
2026-06-10 05:17:00+00:00,63.869998931884766,63.915000915527344,63.869998931884766,63.915000915527344,7
2026-06-10 05:18:00+00:00,63.810001373291016,63.875,63.79999923706055,63.834999084472656,13
2026-06-10 05:19:00+00:00,63.845001220703125,63.86000061035156,63.834999084472656,63.834999084472656,4
2026-06-10 05:20:00+00:00,63.869998931884766,63.869998931884766,63.869998931884766,63.869998931884766,4
2026-06-10 05:21:00+00:00,63.88999938964844,63.89500045776367,63.834999084472656,63.834999084472656,8
2026-06-10 05:22:00+00:00,63.93000030517578,63.939998626708984,63.90999984741211,63.90999984741211,10
2026-06-10 05:23:00+00:00,63.970001220703125,63.97999954223633,63.95500183105469,63.95500183105469,5
2026-06-10 05:24:00+00:00,63.93000030517578,64.00499725341797,63.92499923706055,63.959999084472656,26
2026-06-10 05:25:00+00:00,63.97999954223633,63.994998931884766,63.935001373291016,63.96500015258789,34
2026-06-10 05:26:00+00:00,64.06500244140625,64.08999633789062,63.959999084472656,63.98500061035156,60
2026-06-10 05:27:00+00:00,64.1050033569336,64.1050033569336,64.06999969482422,64.07499694824219,8
2026-06-10 05:28:00+00:00,64.1500015258789,64.19000244140625,64.11499786376953,64.1500015258789,46
2026-06-10 05:29:00+00:00,64.25,64.25,64.13500213623047,64.16999816894531,17
2026-06-10 05:30:00+00:00,64.02999877929688,64.30999755859375,63.935001373291016,64.26499938964844,137
2026-06-10 05:31:00+00:00,63.95000076293945,64.04000091552734,63.88999938964844,64.0199966430664,34
2026-06-10 05:32:00+00:00,64.11000061035156,64.18499755859375,64.02999877929688,64.02999877929688,37
2026-06-10 05:33:00+00:00,64.18000030517578,64.18499755859375,64.05999755859375,64.08999633789062,30
2026-06-10 05:34:00+00:00,64.12999725341797,64.13500213623047,64.1050033569336,64.13500213623047,17
2026-06-10 05:35:00+00:00,64.19999694824219,64.19999694824219,64.01000213623047,64.09500122070312,50
2026-06-10 05:36:00+00:00,64.11000061035156,64.16999816894531,64.08999633789062,64.16999816894531,30
2026-06-10 05:37:00+00:00,64.12000274658203,64.21499633789062,64.1050033569336,64.19999694824219,21
2026-06-10 05:38:00+00:00,64.16500091552734,64.16500091552734,64.12000274658203,64.1449966430664,4
2026-06-10 05:39:00+00:00,64.19000244140625,64.20500183105469,64.13999938964844,64.18000030517578,21
2026-06-10 05:40:00+00:00,64.25499725341797,64.25499725341797,64.19000244140625,64.20500183105469,27
2026-06-10 05:41:00+00:00,64.28500366210938,64.29000091552734,64.25,64.26000213623047,29
2026-06-10 05:42:00+00:00,64.44000244140625,64.44999694824219,64.2699966430664,64.29499816894531,34
2026-06-10 05:43:00+00:00,64.375,64.41999816894531,64.36000061035156,64.41999816894531,33
2026-06-10 05:44:00+00:00,64.3499984741211,64.3499984741211,64.26000213623047,64.31999969482422,13
2026-06-10 05:45:00+00:00,64.38500213623047,64.38500213623047,64.34500122070312,64.37000274658203,19
2026-06-10 05:46:00+00:00,64.375,64.38500213623047,64.32499694824219,64.33499908447266,11
2026-06-10 05:47:00+00:00,64.4000015258789,64.4000015258789,64.33999633789062,64.3499984741211,12
2026-06-10 05:48:00+00:00,64.5250015258789,64.55000305175781,64.37999725341797,64.38500213623047,51
2026-06-10 05:49:00+00:00,64.5199966430664,64.5250015258789,64.47000122070312,64.47000122070312,4
2026-06-10 05:50:00+00:00,64.5,64.58499908447266,64.46499633789062,64.5,60
2026-06-10 05:51:00+00:00,64.5,64.54000091552734,64.4749984741211,64.4749984741211,11
2026-06-10 05:52:00+00:00,64.45999908447266,64.51000213623047,64.45500183105469,64.49500274658203,9
2026-06-10 05:53:00+00:00,64.52999877929688,64.52999877929688,64.46499633789062,64.46499633789062,9
2026-06-10 05:54:00+00:00,64.5250015258789,64.55999755859375,64.51499938964844,64.51499938964844,12
2026-06-10 05:55:00+00:00,64.6050033569336,64.61499786376953,64.51499938964844,64.51499938964844,32
2026-06-10 05:56:00+00:00,64.58499908447266,64.61000061035156,64.56999969482422,64.61000061035156,21
2026-06-10 05:57:00+00:00,64.76000213623047,64.81999969482422,64.62999725341797,64.63999938964844,62
2026-06-10 05:58:00+00:00,64.68000030517578,64.76499938964844,64.67500305175781,64.72000122070312,17
2026-06-10 05:59:00+00:00,64.66500091552734,64.67500305175781,64.65499877929688,64.66500091552734,20
2026-06-10 06:00:00+00:00,64.75499725341797,64.75499725341797,64.66000366210938,64.69000244140625,35
2026-06-10 06:01:00+00:00,64.69000244140625,64.74500274658203,64.66500091552734,64.74500274658203,18
2026-06-10 06:02:00+00:00,64.7699966430664,64.80000305175781,64.76499938964844,64.77999877929688,44
2026-06-10 06:03:00+00:00,64.82499694824219,64.83999633789062,64.76499938964844,64.83999633789062,21
2026-06-10 06:04:00+00:00,64.94499969482422,64.98999786376953,64.83999633789062,64.83999633789062,90
2026-06-10 06:05:00+00:00,64.98999786376953,64.98999786376953,64.87999725341797,64.91999816894531,34
2026-06-10 06:06:00+00:00,65.05999755859375,65.1050033569336,64.97000122070312,64.9749984741211,69
2026-06-10 06:07:00+00:00,65.23999786376953,65.23999786376953,64.99500274658203,65.07499694824219,93
2026-06-10 06:08:00+00:00,65.31500244140625,65.38500213623047,65.21499633789062,65.2249984741211,178
2026-06-10 06:09:00+00:00,65.05500030517578,65.30500030517578,65.02999877929688,65.29000091552734,113
2026-06-10 06:10:00+00:00,64.9749984741211,65.06500244140625,64.92500305175781,65.06500244140625,97
2026-06-10 06:11:00+00:00,64.9800033569336,65.01499938964844,64.94499969482422,64.98999786376953,35
2026-06-10 06:12:00+00:00,65.0250015258789,65.0250015258789,64.93499755859375,64.96499633789062,22
2026-06-10 06:13:00+00:00,65.08000183105469,65.11499786376953,64.9800033569336,65.02999877929688,33
2026-06-10 06:14:00+00:00,64.94499969482422,65.07499694824219,64.94499969482422,65.05999755859375,46
2026-06-10 06:15:00+00:00,65.0199966430664,65.03500366210938,64.93499755859375,64.94499969482422,33
2026-06-10 06:16:00+00:00,65.02999877929688,65.05500030517578,65.00499725341797,65.00499725341797,11
2026-06-10 06:17:00+00:00,65.03500366210938,65.11000061035156,64.9749984741211,65.0250015258789,46
2026-06-10 06:18:00+00:00,65.02999877929688,65.05999755859375,65.0199966430664,65.03500366210938,12
2026-06-10 06:19:00+00:00,65.1500015258789,65.16999816894531,65.06500244140625,65.08999633789062,58
2026-06-10 06:20:00+00:00,65.22000122070312,65.25,65.16500091552734,65.16500091552734,44
2026-06-10 06:21:00+00:00,65.04499816894531,65.2300033569336,65.04499816894531,65.2300033569336,23
2026-06-10 06:22:00+00:00,65.125,65.125,65.0250015258789,65.02999877929688,32
2026-06-10 06:23:00+00:00,65.13999938964844,65.16999816894531,65.08499908447266,65.08499908447266,23
2026-06-10 06:24:00+00:00,65.02999877929688,65.1449966430664,65.02999877929688,65.13999938964844,40
2026-06-10 06:25:00+00:00,65.08499908447266,65.0999984741211,65.0,65.07499694824219,55
2026-06-10 06:26:00+00:00,65.19499969482422,65.19499969482422,65.04000091552734,65.09500122070312,24
2026-06-10 06:27:00+00:00,65.0999984741211,65.19999694824219,65.0999984741211,65.19499969482422,26
2026-06-10 06:28:00+00:00,65.08499908447266,65.11000061035156,65.08499908447266,65.11000061035156,4
2026-06-10 06:29:00+00:00,65.08000183105469,65.09500122070312,65.05000305175781,65.05000305175781,6
2026-06-10 06:30:00+00:00,65.05999755859375,65.18000030517578,65.05999755859375,65.08999633789062,41
2026-06-10 06:31:00+00:00,65.0199966430664,65.08999633789062,65.01000213623047,65.08000183105469,67
2026-06-10 06:32:00+00:00,64.99500274658203,65.02999877929688,64.9800033569336,64.99500274658203,38
2026-06-10 06:33:00+00:00,65.05000305175781,65.08000183105469,65.0250015258789,65.0250015258789,23
2026-06-10 06:34:00+00:00,65.13999938964844,65.19999694824219,65.05500030517578,65.06999969482422,14
2026-06-10 06:35:00+00:00,65.15499877929688,65.16000366210938,65.09500122070312,65.1449966430664,17
2026-06-10 06:36:00+00:00,65.18000030517578,65.18000030517578,65.125,65.12999725341797,23
2026-06-10 06:37:00+00:00,65.08000183105469,65.19000244140625,65.08000183105469,65.18499755859375,21
2026-06-10 06:38:00+00:00,65.09500122070312,65.125,65.06500244140625,65.125,15
2026-06-10 06:39:00+00:00,65.13999938964844,65.13999938964844,65.0999984741211,65.0999984741211,8
2026-06-10 06:40:00+00:00,65.08999633789062,65.12000274658203,65.07499694824219,65.11499786376953,19
2026-06-10 06:41:00+00:00,65.12999725341797,65.17500305175781,65.06500244140625,65.06500244140625,15
2026-06-10 06:42:00+00:00,65.13500213623047,65.1449966430664,65.12999725341797,65.12999725341797,10
2026-06-10 06:43:00+00:00,65.08999633789062,65.12000274658203,65.06999969482422,65.11000061035156,23
2026-06-10 06:44:00+00:00,65.21499633789062,65.23500061035156,65.07499694824219,65.09500122070312,26
2026-06-10 06:45:00+00:00,65.19999694824219,65.19999694824219,65.1050033569336,65.18499755859375,14
2026-06-10 06:46:00+00:00,65.06500244140625,65.17500305175781,65.05500030517578,65.17500305175781,49
2026-06-10 06:47:00+00:00,65.125,65.1500015258789,65.02999877929688,65.02999877929688,23
2026-06-10 06:48:00+00:00,65.03500366210938,65.0999984741211,65.03500366210938,65.0999984741211,19
2026-06-10 06:49:00+00:00,64.98500061035156,65.02999877929688,64.96499633789062,65.00499725341797,47
2026-06-10 06:50:00+00:00,65.0,65.0199966430664,64.9749984741211,64.9800033569336,11
2026-06-10 06:51:00+00:00,64.99500274658203,65.0199966430664,64.97000122070312,65.0,18
2026-06-10 06:52:00+00:00,65.05500030517578,65.07499694824219,65.01499938964844,65.02999877929688,13
2026-06-10 06:53:00+00:00,65.00499725341797,65.02999877929688,65.00499725341797,65.01000213623047,6
2026-06-10 06:54:00+00:00,64.9000015258789,64.9749984741211,64.9000015258789,64.9749984741211,21
2026-06-10 06:55:00+00:00,64.91500091552734,64.95999908447266,64.88500213623047,64.91000366210938,53
2026-06-10 06:56:00+00:00,64.9800033569336,64.9800033569336,64.92500305175781,64.92500305175781,8
2026-06-10 06:57:00+00:00,65.03500366210938,65.03500366210938,64.99500274658203,65.0250015258789,23
2026-06-10 06:58:00+00:00,65.05999755859375,65.1500015258789,65.04499816894531,65.04499816894531,57
2026-06-10 06:59:00+00:00,65.05500030517578,65.07499694824219,65.0199966430664,65.04000091552734,34
2026-06-10 07:00:00+00:00,65.04499816894531,65.05999755859375,64.98500061035156,65.04499816894531,8
2026-06-10 07:01:00+00:00,64.95500183105469,65.06999969482422,64.95500183105469,65.04499816894531,12
2026-06-10 07:02:00+00:00,64.93499755859375,64.98999786376953,64.93499755859375,64.98999786376953,9
2026-06-10 07:03:00+00:00,64.93000030517578,64.94999694824219,64.8949966430664,64.94999694824219,31
2026-06-10 07:04:00+00:00,64.90499877929688,64.93499755859375,64.87999725341797,64.8949966430664,25
2026-06-10 07:05:00+00:00,64.91500091552734,64.94000244140625,64.88999938964844,64.9000015258789,45
2026-06-10 07:06:00+00:00,64.91500091552734,64.91999816894531,64.91500091552734,64.91999816894531,5
2026-06-10 07:07:00+00:00,64.86000061035156,64.95999908447266,64.84500122070312,64.95999908447266,42
2026-06-10 07:08:00+00:00,64.83999633789062,64.86000061035156,64.80500030517578,64.8550033569336,21
2026-06-10 07:09:00+00:00,64.83999633789062,64.8550033569336,64.7750015258789,64.8550033569336,15
2026-06-10 07:10:00+00:00,64.81500244140625,64.91000366210938,64.81500244140625,64.83000183105469,32
2026-06-10 07:11:00+00:00,64.7249984741211,64.87000274658203,64.71499633789062,64.8499984741211,20
2026-06-10 07:12:00+00:00,64.67500305175781,64.75499725341797,64.67500305175781,64.73500061035156,34
2026-06-10 07:13:00+00:00,64.65499877929688,64.68499755859375,64.625,64.68000030517578,33
2026-06-10 07:14:00+00:00,64.7300033569336,64.75,64.68000030517578,64.68000030517578,10
2026-06-10 07:15:00+00:00,64.68499755859375,64.76000213623047,64.68499755859375,64.76000213623047,11
2026-06-10 07:16:00+00:00,64.69999694824219,64.70500183105469,64.68499755859375,64.70500183105469,11
2026-06-10 07:17:00+00:00,64.69999694824219,64.69999694824219,64.63999938964844,64.63999938964844,6
2026-06-10 07:18:00+00:00,64.62000274658203,64.67500305175781,64.58999633789062,64.67500305175781,62
2026-06-10 07:19:00+00:00,64.6050033569336,64.6500015258789,64.57499694824219,64.6500015258789,32
2026-06-10 07:20:00+00:00,64.62999725341797,64.66000366210938,64.625,64.63999938964844,27
2026-06-10 07:21:00+00:00,64.66999816894531,64.68499755859375,64.59500122070312,64.61000061035156,17
2026-06-10 07:22:00+00:00,64.7750015258789,64.7750015258789,64.69000244140625,64.69499969482422,20
2026-06-10 07:23:00+00:00,64.79499816894531,64.81999969482422,64.77999877929688,64.79000091552734,15
2026-06-10 07:24:00+00:00,64.69999694824219,64.7750015258789,64.68000030517578,64.7750015258789,31
2026-06-10 07:25:00+00:00,64.62999725341797,64.68499755859375,64.61000061035156,64.66999816894531,9
2026-06-10 07:26:00+00:00,64.5999984741211,64.62000274658203,64.55000305175781,64.61499786376953,27
2026-06-10 07:27:00+00:00,64.58000183105469,64.6050033569336,64.53500366210938,64.58499908447266,23
2026-06-10 07:28:00+00:00,64.61000061035156,64.61000061035156,64.55500030517578,64.55500030517578,5
2026-06-10 07:29:00+00:00,64.55500030517578,64.58000183105469,64.5199966430664,64.58000183105469,18
2026-06-10 07:30:00+00:00,64.5999984741211,64.62000274658203,64.5,64.58499908447266,61
2026-06-10 07:31:00+00:00,64.58000183105469,64.61000061035156,64.58000183105469,64.59500122070312,12
2026-06-10 07:32:00+00:00,64.625,64.625,64.54000091552734,64.6050033569336,17
2026-06-10 07:33:00+00:00,64.62999725341797,64.63500213623047,64.5999984741211,64.62000274658203,6
2026-06-10 07:34:00+00:00,64.6500015258789,64.6500015258789,64.62000274658203,64.625,8
2026-06-10 07:35:00+00:00,64.625,64.63500213623047,64.62000274658203,64.62000274658203,15
2026-06-10 07:36:00+00:00,64.58000183105469,64.61499786376953,64.54000091552734,64.61499786376953,29
2026-06-10 07:37:00+00:00,64.58499908447266,64.625,64.55999755859375,64.61499786376953,11
2026-06-10 07:38:00+00:00,64.58000183105469,64.59500122070312,64.58000183105469,64.59500122070312,4
2026-06-10 07:39:00+00:00,64.53500366210938,64.54000091552734,64.53500366210938,64.54000091552734,22
2026-06-10 07:40:00+00:00,64.63999938964844,64.65499877929688,64.52999877929688,64.53500366210938,30
2026-06-10 07:41:00+00:00,64.6500015258789,64.66500091552734,64.63500213623047,64.66000366210938,10
2026-06-10 07:42:00+00:00,64.66000366210938,64.66999816894531,64.65499877929688,64.65499877929688,7
2026-06-10 07:43:00+00:00,64.63999938964844,64.69999694824219,64.625,64.68499755859375,35
2026-06-10 07:44:00+00:00,64.63500213623047,64.63500213623047,64.63500213623047,64.63500213623047,1
2026-06-10 07:45:00+00:00,64.62999725341797,64.66500091552734,64.62999725341797,64.66500091552734,5
2026-06-10 07:46:00+00:00,64.61499786376953,64.6449966430664,64.61499786376953,64.63500213623047,5
2026-06-10 07:47:00+00:00,64.73500061035156,64.73500061035156,64.5999984741211,64.61000061035156,19
2026-06-10 07:48:00+00:00,64.66000366210938,64.7249984741211,64.6500015258789,64.7249984741211,10
2026-06-10 07:49:00+00:00,64.625,64.65499877929688,64.58000183105469,64.65499877929688,14
2026-06-10 07:50:00+00:00,64.5999984741211,64.5999984741211,64.58000183105469,64.59500122070312,13
2026-06-10 07:51:00+00:00,64.62000274658203,64.62000274658203,64.57499694824219,64.59500122070312,28
2026-06-10 07:52:00+00:00,64.55000305175781,64.61499786376953,64.55000305175781,64.61499786376953,12
2026-06-10 07:53:00+00:00,64.54499816894531,64.55000305175781,64.5199966430664,64.55000305175781,12
2026-06-10 07:54:00+00:00,64.50499725341797,64.58499908447266,64.50499725341797,64.55999755859375,16
2026-06-10 07:55:00+00:00,64.52999877929688,64.54000091552734,64.50499725341797,64.51499938964844,18
2026-06-10 07:56:00+00:00,64.5,64.54499816894531,64.45999908447266,64.5199966430664,23
2026-06-10 07:57:00+00:00,64.47000122070312,64.53500366210938,64.47000122070312,64.5250015258789,5
2026-06-10 07:58:00+00:00,64.5199966430664,64.55000305175781,64.49500274658203,64.49500274658203,14
2026-06-10 07:59:00+00:00,64.4800033569336,64.55999755859375,64.4800033569336,64.54000091552734,35
2026-06-10 08:00:00+00:00,64.31999969482422,64.49500274658203,64.25499725341797,64.49500274658203,71
2026-06-10 08:01:00+00:00,64.23999786376953,64.30999755859375,64.2249984741211,64.29000091552734,45
2026-06-10 08:02:00+00:00,64.06500244140625,64.24500274658203,64.05000305175781,64.23500061035156,124
2026-06-10 08:03:00+00:00,63.90999984741211,64.09500122070312,63.8849983215332,64.05999755859375,104
2026-06-10 08:04:00+00:00,63.95000076293945,63.95000076293945,63.81999969482422,63.900001525878906,93
2026-06-10 08:05:00+00:00,63.915000915527344,63.98500061035156,63.8849983215332,63.95000076293945,34
2026-06-10 08:06:00+00:00,63.94499969482422,63.959999084472656,63.810001373291016,63.939998626708984,89
2026-06-10 08:07:00+00:00,64.09500122070312,64.13999938964844,63.91999816894531,63.91999816894531,88
2026-06-10 08:08:00+00:00,64.02999877929688,64.08999633789062,63.95500183105469,64.07499694824219,91
2026-06-10 08:09:00+00:00,64.04000091552734,64.05000305175781,63.94499969482422,64.0199966430664,182
2026-06-10 08:10:00+00:00,64.13999938964844,64.13999938964844,64.03500366210938,64.05000305175781,22
2026-06-10 08:11:00+00:00,64.19999694824219,64.26000213623047,64.12000274658203,64.16500091552734,132
2026-06-10 08:12:00+00:00,64.06999969482422,64.32499694824219,64.06999969482422,64.20500183105469,144
2026-06-10 08:13:00+00:00,63.91999816894531,64.08999633789062,63.91999816894531,64.08999633789062,57
2026-06-10 08:14:00+00:00,63.95500183105469,63.96500015258789,63.845001220703125,63.93000030517578,71
2026-06-10 08:15:00+00:00,64.06999969482422,64.06999969482422,63.96500015258789,63.96500015258789,28
2026-06-10 08:16:00+00:00,64.21499633789062,64.21499633789062,64.09500122070312,64.09500122070312,46
2026-06-10 08:17:00+00:00,64.18000030517578,64.25,64.18000030517578,64.21499633789062,30
2026-06-10 08:18:00+00:00,64.12999725341797,64.18000030517578,64.12999725341797,64.18000030517578,16
2026-06-10 08:19:00+00:00,64.16500091552734,64.23500061035156,64.1500015258789,64.19999694824219,17
2026-06-10 08:20:00+00:00,64.12000274658203,64.19499969482422,64.12000274658203,64.18000030517578,21
2026-06-10 08:21:00+00:00,64.04000091552734,64.12999725341797,64.02999877929688,64.12999725341797,51
2026-06-10 08:22:00+00:00,64.05000305175781,64.08999633789062,64.01000213623047,64.08999633789062,54
2026-06-10 08:23:00+00:00,63.98500061035156,64.05500030517578,63.94499969482422,64.03500366210938,73
2026-06-10 08:24:00+00:00,64.01000213623047,64.0199966430664,63.8849983215332,63.994998931884766,87
2026-06-10 08:25:00+00:00,64.0250015258789,64.02999877929688,64.00499725341797,64.01000213623047,16
2026-06-10 08:26:00+00:00,63.96500015258789,64.05500030517578,63.96500015258789,64.05500030517578,9
2026-06-10 08:27:00+00:00,63.96500015258789,64.01499938964844,63.96500015258789,63.97999954223633,16
2026-06-10 08:28:00+00:00,64.08999633789062,64.09500122070312,63.974998474121094,63.974998474121094,25
2026-06-10 08:29:00+00:00,64.0250015258789,64.06999969482422,64.0250015258789,64.06500244140625,33
2026-06-10 08:30:00+00:00,63.95500183105469,64.04000091552734,63.95500183105469,64.03500366210938,11
2026-06-10 08:31:00+00:00,63.97999954223633,64.0,63.92499923706055,63.96500015258789,32
2026-06-10 08:32:00+00:00,63.94499969482422,63.96500015258789,63.935001373291016,63.94499969482422,10
2026-06-10 08:33:00+00:00,63.994998931884766,64.0,63.97999954223633,63.97999954223633,8
2026-06-10 08:34:00+00:00,63.939998626708984,63.994998931884766,63.93000030517578,63.9900016784668,8
2026-06-10 08:35:00+00:00,64.03500366210938,64.03500366210938,63.970001220703125,63.970001220703125,27
2026-06-10 08:36:00+00:00,64.19000244140625,64.19000244140625,64.0999984741211,64.0999984741211,21
2026-06-10 08:37:00+00:00,64.16500091552734,64.22000122070312,64.1449966430664,64.18499755859375,43
2026-06-10 08:38:00+00:00,64.125,64.12999725341797,64.125,64.12999725341797,4
2026-06-10 08:39:00+00:00,64.12000274658203,64.19000244140625,64.12000274658203,64.19000244140625,18
2026-06-10 08:40:00+00:00,64.16000366210938,64.16000366210938,64.16000366210938,64.16000366210938,1
2026-06-10 08:41:00+00:00,64.15499877929688,64.17500305175781,64.11499786376953,64.17500305175781,14
2026-06-10 08:42:00+00:00,64.01499938964844,64.18000030517578,64.01499938964844,64.16000366210938,90
2026-06-10 08:43:00+00:00,63.880001068115234,64.04000091552734,63.8650016784668,64.01000213623047,110
2026-06-10 08:44:00+00:00,63.70500183105469,63.91999816894531,63.665000915527344,63.88999938964844,248
2026-06-10 08:45:00+00:00,63.755001068115234,63.755001068115234,63.66999816894531,63.70500183105469,32
2026-06-10 08:46:00+00:00,63.709999084472656,63.77000045776367,63.69499969482422,63.7599983215332,12
2026-06-10 08:47:00+00:00,63.79999923706055,63.80500030517578,63.7400016784668,63.7400016784668,39
2026-06-10 08:48:00+00:00,63.8650016784668,63.8849983215332,63.79499816894531,63.83000183105469,43
2026-06-10 08:49:00+00:00,63.95000076293945,63.97999954223633,63.8849983215332,63.88999938964844,33
2026-06-10 08:50:00+00:00,64.0,64.00499725341797,63.95500183105469,63.974998474121094,22
2026-06-10 08:51:00+00:00,64.0,64.04000091552734,64.0,64.0,18
2026-06-10 08:52:00+00:00,64.02999877929688,64.05500030517578,63.93000030517578,63.96500015258789,105
2026-06-10 08:53:00+00:00,64.01499938964844,64.0199966430664,63.94499969482422,64.0199966430664,15
2026-06-10 08:54:00+00:00,63.904998779296875,63.9900016784668,63.900001525878906,63.974998474121094,8
2026-06-10 08:55:00+00:00,63.915000915527344,63.94499969482422,63.915000915527344,63.915000915527344,12
2026-06-10 08:56:00+00:00,63.95500183105469,63.95500183105469,63.915000915527344,63.935001373291016,8
2026-06-10 08:57:00+00:00,63.90999984741211,63.94499969482422,63.89500045776367,63.935001373291016,11
2026-06-10 08:58:00+00:00,63.90999984741211,63.915000915527344,63.8849983215332,63.90999984741211,10
2026-06-10 08:59:00+00:00,63.915000915527344,63.94499969482422,63.88999938964844,63.88999938964844,15
2026-06-10 09:00:00+00:00,63.85499954223633,63.93000030517578,63.85499954223633,63.93000030517578,56
2026-06-10 09:01:00+00:00,63.84000015258789,63.869998931884766,63.83000183105469,63.869998931884766,18
2026-06-10 09:02:00+00:00,63.85499954223633,63.880001068115234,63.849998474121094,63.869998931884766,9
2026-06-10 09:03:00+00:00,63.89500045776367,63.939998626708984,63.83000183105469,63.83000183105469,40
2026-06-10 09:04:00+00:00,63.95000076293945,63.95000076293945,63.8849983215332,63.8849983215332,15
2026-06-10 09:05:00+00:00,63.994998931884766,64.00499725341797,63.94499969482422,63.95500183105469,20
2026-06-10 09:06:00+00:00,63.98500061035156,64.03500366210938,63.95500183105469,63.9900016784668,40
2026-06-10 09:07:00+00:00,64.05999755859375,64.08000183105469,63.939998626708984,63.939998626708984,37
2026-06-10 09:08:00+00:00,63.95000076293945,64.0250015258789,63.95000076293945,64.0250015258789,15
2026-06-10 09:09:00+00:00,64.02999877929688,64.03500366210938,63.96500015258789,63.96500015258789,6
2026-06-10 09:10:00+00:00,64.06500244140625,64.15499877929688,64.0,64.01499938964844,37
2026-06-10 09:11:00+00:00,63.92499923706055,64.04499816894531,63.92499923706055,64.03500366210938,45
2026-06-10 09:12:00+00:00,63.90999984741211,63.974998474121094,63.90999984741211,63.94499969482422,66
2026-06-10 09:13:00+00:00,63.95500183105469,63.95500183105469,63.904998779296875,63.90999984741211,11
2026-06-10 09:14:00+00:00,63.91999816894531,63.959999084472656,63.900001525878906,63.94499969482422,18
2026-06-10 09:15:00+00:00,63.869998931884766,63.939998626708984,63.834999084472656,63.880001068115234,45
2026-06-10 09:16:00+00:00,63.935001373291016,63.935001373291016,63.8849983215332,63.8849983215332,24
2026-06-10 09:17:00+00:00,64.00499725341797,64.03500366210938,63.95000076293945,63.95000076293945,13
2026-06-10 09:18:00+00:00,64.04000091552734,64.05999755859375,64.01499938964844,64.01499938964844,16
2026-06-10 09:19:00+00:00,64.07499694824219,64.0999984741211,64.06500244140625,64.06500244140625,33
2026-06-10 09:20:00+00:00,63.959999084472656,64.01000213623047,63.90999984741211,64.01000213623047,10
2026-06-10 09:21:00+00:00,63.88999938964844,63.97999954223633,63.88999938964844,63.974998474121094,13
2026-06-10 09:22:00+00:00,63.89500045776367,63.93000030517578,63.86000061035156,63.869998931884766,15
2026-06-10 09:23:00+00:00,63.90999984741211,63.90999984741211,63.8849983215332,63.88999938964844,11
2026-06-10 09:24:00+00:00,63.93000030517578,63.93000030517578,63.875,63.875,8
2026-06-10 09:25:00+00:00,64.03500366210938,64.03500366210938,63.939998626708984,63.939998626708984,15
2026-06-10 09:26:00+00:00,64.03500366210938,64.06500244140625,64.0,64.0250015258789,20
2026-06-10 09:27:00+00:00,64.01499938964844,64.05999755859375,64.0,64.04499816894531,16
2026-06-10 09:28:00+00:00,64.04499816894531,64.0999984741211,64.0250015258789,64.04000091552734,29
2026-06-10 09:29:00+00:00,64.0250015258789,64.0250015258789,63.974998474121094,63.98500061035156,6
2026-06-10 09:30:00+00:00,64.13999938964844,64.15499877929688,64.04499816894531,64.05000305175781,32
2026-06-10 09:31:00+00:00,64.1500015258789,64.16500091552734,64.11499786376953,64.1449966430664,9
2026-06-10 09:32:00+00:00,64.30999755859375,64.33499908447266,64.16000366210938,64.16000366210938,53
2026-06-10 09:33:00+00:00,64.2699966430664,64.31999969482422,64.2699966430664,64.28500366210938,28
2026-06-10 09:34:00+00:00,64.27999877929688,64.30000305175781,64.24500274658203,64.26000213623047,35
2026-06-10 09:35:00+00:00,64.33000183105469,64.33499908447266,64.2750015258789,64.2750015258789,22
2026-06-10 09:36:00+00:00,64.20500183105469,64.37000274658203,64.19999694824219,64.3550033569336,29
2026-06-10 09:37:00+00:00,64.2750015258789,64.2750015258789,64.19499969482422,64.19499969482422,28
2026-06-10 09:38:00+00:00,64.27999877929688,64.33999633789062,64.2750015258789,64.2750015258789,10
2026-06-10 09:39:00+00:00,64.22000122070312,64.26499938964844,64.22000122070312,64.26499938964844,8
2026-06-10 09:40:00+00:00,64.12000274658203,64.23999786376953,64.12000274658203,64.23999786376953,23
2026-06-10 09:41:00+00:00,64.13999938964844,64.17500305175781,64.12999725341797,64.12999725341797,4
2026-06-10 09:42:00+00:00,64.13999938964844,64.1500015258789,64.0999984741211,64.1500015258789,5
2026-06-10 09:43:00+00:00,64.16999816894531,64.18499755859375,64.15499877929688,64.15499877929688,12
2026-06-10 09:44:00+00:00,64.18499755859375,64.19999694824219,64.18499755859375,64.19999694824219,4
2026-06-10 09:45:00+00:00,64.22000122070312,64.23999786376953,64.18499755859375,64.19000244140625,15
2026-06-10 09:46:00+00:00,64.20999908447266,64.23500061035156,64.20999908447266,64.20999908447266,14
2026-06-10 09:47:00+00:00,64.1449966430664,64.19999694824219,64.1449966430664,64.19999694824219,18
2026-06-10 09:48:00+00:00,63.959999084472656,64.12000274658203,63.95000076293945,64.12000274658203,193
2026-06-10 09:49:00+00:00,64.00499725341797,64.01499938964844,63.935001373291016,63.95500183105469,72
2026-06-10 09:50:00+00:00,64.05000305175781,64.08499908447266,63.98500061035156,63.994998931884766,25
2026-06-10 09:51:00+00:00,64.07499694824219,64.07499694824219,64.02999877929688,64.05000305175781,10
2026-06-10 09:52:00+00:00,64.02999877929688,64.05500030517578,64.0199966430664,64.05500030517578,6
2026-06-10 09:53:00+00:00,63.9900016784668,64.02999877929688,63.935001373291016,64.02999877929688,10
2026-06-10 09:54:00+00:00,64.04499816894531,64.05000305175781,63.994998931884766,63.994998931884766,11
2026-06-10 09:55:00+00:00,64.06500244140625,64.06999969482422,64.04000091552734,64.04000091552734,36
2026-06-10 09:56:00+00:00,64.11000061035156,64.11000061035156,64.05999755859375,64.05999755859375,13
2026-06-10 09:57:00+00:00,64.05000305175781,64.125,64.05000305175781,64.12000274658203,29
2026-06-10 09:59:00+00:00,64.09500122070312,64.09500122070312,64.05500030517578,64.06500244140625,8
2026-06-10 10:00:00+00:00,64.0999984741211,64.0999984741211,64.09500122070312,64.09500122070312,9
2026-06-10 10:01:00+00:00,64.17500305175781,64.17500305175781,64.01000213623047,64.06999969482422,145
2026-06-10 10:02:00+00:00,64.19000244140625,64.20999908447266,64.16999816894531,64.19000244140625,11
2026-06-10 10:03:00+00:00,64.19499969482422,64.19499969482422,64.17500305175781,64.17500305175781,2
2026-06-10 10:04:00+00:00,64.19499969482422,64.22000122070312,64.19499969482422,64.19999694824219,6
2026-06-10 10:05:00+00:00,64.20500183105469,64.21499633789062,64.20500183105469,64.21499633789062,2
2026-06-10 10:06:00+00:00,64.0999984741211,64.16999816894531,64.0999984741211,64.15499877929688,21
2026-06-10 10:07:00+00:00,64.01499938964844,64.0999984741211,64.00499725341797,64.07499694824219,21
2026-06-10 10:08:00+00:00,64.00499725341797,64.01499938964844,63.974998474121094,64.01000213623047,19
2026-06-10 10:09:00+00:00,64.09500122070312,64.09500122070312,64.02999877929688,64.02999877929688,13
2026-06-10 10:10:00+00:00,64.05000305175781,64.1050033569336,64.01000213623047,64.09500122070312,27
2026-06-10 10:11:00+00:00,64.125,64.1500015258789,64.04000091552734,64.04000091552734,82
2026-06-10 10:12:00+00:00,64.19499969482422,64.19499969482422,64.08499908447266,64.08499908447266,32
2026-06-10 10:13:00+00:00,64.28500366210938,64.30000305175781,64.18499755859375,64.22000122070312,129
2026-06-10 10:14:00+00:00,64.20500183105469,64.2699966430664,64.20500183105469,64.26499938964844,21
2026-06-10 10:15:00+00:00,64.22000122070312,64.23999786376953,64.18000030517578,64.19999694824219,26
2026-06-10 10:16:00+00:00,64.19999694824219,64.2300033569336,64.19999694824219,64.22000122070312,9
2026-06-10 10:17:00+00:00,64.19499969482422,64.22000122070312,64.19499969482422,64.21499633789062,8
2026-06-10 10:18:00+00:00,64.19499969482422,64.2699966430664,64.18499755859375,64.20999908447266,32
2026-06-10 10:19:00+00:00,64.2300033569336,64.25,64.17500305175781,64.20500183105469,21
2026-06-10 10:20:00+00:00,64.25,64.25,64.24500274658203,64.24500274658203,3
2026-06-10 10:21:00+00:00,64.33000183105469,64.33000183105469,64.21499633789062,64.25499725341797,106
2026-06-10 10:22:00+00:00,64.31999969482422,64.36000061035156,64.29000091552734,64.31999969482422,25
2026-06-10 10:23:00+00:00,64.27999877929688,64.31999969482422,64.2750015258789,64.31999969482422,9
2026-06-10 10:24:00+00:00,64.28500366210938,64.28500366210938,64.24500274658203,64.26499938964844,4
2026-06-10 10:25:00+00:00,64.25499725341797,64.28500366210938,64.25499725341797,64.28500366210938,15
2026-06-10 10:26:00+00:00,64.20999908447266,64.2300033569336,64.20999908447266,64.2300033569336,6
2026-06-10 10:27:00+00:00,64.23999786376953,64.23999786376953,64.23999786376953,64.23999786376953,1
2026-06-10 10:28:00+00:00,64.33999633789062,64.34500122070312,64.23999786376953,64.23999786376953,15
2026-06-10 10:29:00+00:00,64.29000091552734,64.37000274658203,64.29000091552734,64.3550033569336,11
2026-06-10 10:30:00+00:00,64.33000183105469,64.33999633789062,64.2699966430664,64.2699966430664,16
2026-06-10 10:31:00+00:00,64.33499908447266,64.33499908447266,64.33000183105469,64.33000183105469,2
2026-06-10 10:32:00+00:00,64.33000183105469,64.33000183105469,64.33000183105469,64.33000183105469,1
2026-06-10 10:33:00+00:00,64.28500366210938,64.30999755859375,64.28500366210938,64.30999755859375,2
2026-06-10 10:34:00+00:00,64.2750015258789,64.28500366210938,64.2750015258789,64.28500366210938,3
2026-06-10 10:35:00+00:00,64.22000122070312,64.25499725341797,64.19999694824219,64.22000122070312,7
2026-06-10 10:36:00+00:00,64.2750015258789,64.2750015258789,64.25499725341797,64.25499725341797,3
2026-06-10 10:37:00+00:00,64.33499908447266,64.33499908447266,64.27999877929688,64.27999877929688,3
2026-06-10 10:38:00+00:00,64.25499725341797,64.31999969482422,64.25499725341797,64.31500244140625,6
2026-06-10 10:39:00+00:00,64.30000305175781,64.30500030517578,64.27999877929688,64.29499816894531,10
2026-06-10 10:40:00+00:00,64.28500366210938,64.31999969482422,64.28500366210938,64.30000305175781,10
2026-06-10 10:41:00+00:00,64.32499694824219,64.33499908447266,64.30500030517578,64.30500030517578,10
2026-06-10 10:42:00+00:00,64.34500122070312,64.3550033569336,64.31999969482422,64.32499694824219,9
2026-06-10 10:43:00+00:00,64.33000183105469,64.41500091552734,64.33000183105469,64.38999938964844,21
2026-06-10 10:44:00+00:00,64.37000274658203,64.37999725341797,64.33999633789062,64.37000274658203,7
2026-06-10 10:45:00+00:00,64.375,64.38500213623047,64.375,64.37999725341797,8
2026-06-10 10:47:00+00:00,64.43000030517578,64.44999694824219,64.4000015258789,64.4000015258789,17
2026-06-10 10:48:00+00:00,64.44999694824219,64.44999694824219,64.40499877929688,64.43000030517578,19
2026-06-10 10:49:00+00:00,64.58999633789062,64.58999633789062,64.4749984741211,64.4749984741211,42
2026-06-10 10:50:00+00:00,64.56500244140625,64.62999725341797,64.55000305175781,64.55500030517578,59
2026-06-10 10:51:00+00:00,64.55999755859375,64.58499908447266,64.54000091552734,64.55000305175781,19
2026-06-10 10:52:00+00:00,64.48999786376953,64.5199966430664,64.48999786376953,64.5199966430664,3
2026-06-10 10:53:00+00:00,64.48500061035156,64.48500061035156,64.42500305175781,64.48500061035156,14
2026-06-10 10:54:00+00:00,64.4800033569336,64.48500061035156,64.4800033569336,64.48500061035156,3
2026-06-10 10:55:00+00:00,64.48999786376953,64.5,64.47000122070312,64.47000122070312,8
2026-06-10 10:56:00+00:00,64.56500244140625,64.58999633789062,64.45500183105469,64.47000122070312,68
2026-06-10 10:57:00+00:00,64.6050033569336,64.625,64.51000213623047,64.58000183105469,39
2026-06-10 10:58:00+00:00,64.56999969482422,64.625,64.54499816894531,64.59500122070312,10
2026-06-10 10:59:00+00:00,64.53500366210938,64.56999969482422,64.5199966430664,64.56999969482422,5
2026-06-10 11:00:00+00:00,64.5,64.61000061035156,64.5,64.55000305175781,82
2026-06-10 11:01:00+00:00,64.5,64.55000305175781,64.4800033569336,64.51499938964844,54
2026-06-10 11:02:00+00:00,64.5250015258789,64.5250015258789,64.4800033569336,64.4800033569336,20
2026-06-10 11:03:00+00:00,64.12000274658203,64.51000213623047,64.12000274658203,64.51000213623047,203
2026-06-10 11:04:00+00:00,64.09500122070312,64.23999786376953,64.08999633789062,64.09500122070312,101
2026-06-10 11:05:00+00:00,64.1050033569336,64.12000274658203,63.875,64.11499786376953,126
2026-06-10 11:06:00+00:00,64.13999938964844,64.13999938964844,64.00499725341797,64.06500244140625,37
2026-06-10 11:07:00+00:00,64.16000366210938,64.20999908447266,64.0999984741211,64.17500305175781,29
2026-06-10 11:08:00+00:00,64.13999938964844,64.16000366210938,64.0999984741211,64.1500015258789,9
2026-06-10 11:09:00+00:00,64.12999725341797,64.1500015258789,64.06999969482422,64.11000061035156,21
2026-06-10 11:10:00+00:00,64.16500091552734,64.21499633789062,64.11499786376953,64.11499786376953,23
2026-06-10 11:11:00+00:00,64.2249984741211,64.25,64.16000366210938,64.17500305175781,38
2026-06-10 11:12:00+00:00,64.2699966430664,64.30500030517578,64.21499633789062,64.21499633789062,129
2026-06-10 11:13:00+00:00,64.2300033569336,64.26000213623047,64.19999694824219,64.25499725341797,11
2026-06-10 11:14:00+00:00,64.30999755859375,64.3550033569336,64.18499755859375,64.19499969482422,46
2026-06-10 11:15:00+00:00,64.30000305175781,64.30999755859375,64.30000305175781,64.30000305175781,3
2026-06-10 11:16:00+00:00,64.30500030517578,64.30999755859375,64.23500061035156,64.30999755859375,47
2026-06-10 11:17:00+00:00,64.30500030517578,64.31999969482422,64.30500030517578,64.30999755859375,9
2026-06-10 11:18:00+00:00,64.31999969482422,64.3550033569336,64.27999877929688,64.33999633789062,26
2026-06-10 11:19:00+00:00,64.31500244140625,64.36000061035156,64.29499816894531,64.33999633789062,10
2026-06-10 11:20:00+00:00,64.36000061035156,64.37999725341797,64.29000091552734,64.30999755859375,14
2026-06-10 11:21:00+00:00,64.41999816894531,64.43000030517578,64.37000274658203,64.375,29
2026-06-10 11:22:00+00:00,64.43000030517578,64.49500274658203,64.3949966430664,64.40499877929688,25
2026-06-10 11:23:00+00:00,64.4749984741211,64.4749984741211,64.44499969482422,64.45500183105469,7
2026-06-10 11:24:00+00:00,64.23500061035156,64.42500305175781,64.23500061035156,64.40499877929688,68
2026-06-10 11:25:00+00:00,64.05000305175781,64.2699966430664,63.935001373291016,64.2300033569336,189
2026-06-10 11:26:00+00:00,64.26000213623047,64.26000213623047,64.04000091552734,64.05999755859375,79
2026-06-10 11:27:00+00:00,64.24500274658203,64.24500274658203,64.13999938964844,64.18499755859375,40
2026-06-10 11:28:00+00:00,64.25499725341797,64.26499938964844,64.21499633789062,64.26499938964844,15
2026-06-10 11:29:00+00:00,64.2699966430664,64.27999877929688,64.17500305175781,64.23999786376953,11
2026-06-10 11:30:00+00:00,64.26000213623047,64.31999969482422,64.26000213623047,64.29000091552734,26
2026-06-10 11:31:00+00:00,64.17500305175781,64.26000213623047,64.17500305175781,64.26000213623047,15
2026-06-10 11:32:00+00:00,64.2699966430664,64.3550033569336,64.19499969482422,64.22000122070312,31
2026-06-10 11:33:00+00:00,64.34500122070312,64.41999816894531,64.26499938964844,64.30000305175781,61
2026-06-10 11:34:00+00:00,64.3949966430664,64.4000015258789,64.30500030517578,64.36499786376953,69
2026-06-10 11:35:00+00:00,64.3499984741211,64.41999816894531,64.29000091552734,64.41999816894531,42
2026-06-10 11:36:00+00:00,64.37999725341797,64.40499877929688,64.34500122070312,64.37000274658203,17
2026-06-10 11:37:00+00:00,64.40499877929688,64.44999694824219,64.3499984741211,64.43000030517578,16
2026-06-10 11:38:00+00:00,64.23999786376953,64.41500091552734,64.21499633789062,64.41500091552734,32
2026-06-10 11:39:00+00:00,64.28500366210938,64.30500030517578,64.23999786376953,64.23999786376953,18
2026-06-10 11:40:00+00:00,64.38999938964844,64.41500091552734,64.28500366210938,64.28500366210938,44
2026-06-10 11:41:00+00:00,64.38500213623047,64.42500305175781,64.3499984741211,64.40499877929688,25
2026-06-10 11:42:00+00:00,64.27999877929688,64.41000366210938,64.27999877929688,64.41000366210938,38
2026-06-10 11:43:00+00:00,64.24500274658203,64.2699966430664,64.22000122070312,64.26000213623047,24
2026-06-10 11:44:00+00:00,64.15499877929688,64.2300033569336,64.13500213623047,64.22000122070312,27
2026-06-10 11:45:00+00:00,64.09500122070312,64.1500015258789,64.06999969482422,64.11499786376953,72
2026-06-10 11:46:00+00:00,64.05999755859375,64.0999984741211,64.05000305175781,64.08499908447266,53
2026-06-10 11:47:00+00:00,64.11499786376953,64.11499786376953,64.08499908447266,64.0999984741211,4
2026-06-10 11:48:00+00:00,64.08999633789062,64.12999725341797,64.07499694824219,64.07499694824219,16
2026-06-10 11:49:00+00:00,64.11499786376953,64.13500213623047,64.08999633789062,64.11499786376953,13
2026-06-10 11:50:00+00:00,64.16500091552734,64.21499633789062,64.13999938964844,64.13999938964844,29
2026-06-10 11:51:00+00:00,64.33999633789062,64.3550033569336,64.16999816894531,64.16999816894531,24
2026-06-10 11:52:00+00:00,64.30500030517578,64.3550033569336,64.30500030517578,64.33499908447266,8
2026-06-10 11:53:00+00:00,64.21499633789062,64.31999969482422,64.19499969482422,64.26499938964844,45
2026-06-10 11:54:00+00:00,64.09500122070312,64.19999694824219,64.09500122070312,64.19499969482422,40
2026-06-10 11:55:00+00:00,64.01499938964844,64.15499877929688,64.01499938964844,64.125,37
2026-06-10 11:56:00+00:00,63.95500183105469,64.04000091552734,63.95000076293945,64.00499725341797,54
2026-06-10 11:57:00+00:00,63.97999954223633,64.0250015258789,63.94499969482422,63.974998474121094,38
2026-06-10 11:58:00+00:00,63.849998474121094,63.9900016784668,63.849998474121094,63.9900016784668,38
2026-06-10 11:59:00+00:00,63.89500045776367,63.900001525878906,63.849998474121094,63.85499954223633,48
2026-06-10 12:00:00+00:00,63.915000915527344,63.97999954223633,63.834999084472656,63.89500045776367,166
2026-06-10 12:01:00+00:00,63.650001525878906,63.88999938964844,63.60499954223633,63.88999938964844,167
2026-06-10 12:02:00+00:00,63.619998931884766,63.71500015258789,63.60499954223633,63.665000915527344,99
2026-06-10 12:03:00+00:00,63.625,63.71500015258789,63.47999954223633,63.625,196
2026-06-10 12:04:00+00:00,63.56999969482422,63.625,63.54999923706055,63.58000183105469,64
2026-06-10 12:05:00+00:00,63.595001220703125,63.63999938964844,63.525001525878906,63.58000183105469,99
2026-06-10 12:06:00+00:00,63.60499954223633,63.654998779296875,63.55500030517578,63.595001220703125,65
2026-06-10 12:07:00+00:00,63.67499923706055,63.69499969482422,63.5099983215332,63.599998474121094,116
2026-06-10 12:08:00+00:00,63.70000076293945,63.755001068115234,63.650001525878906,63.66999816894531,53
2026-06-10 12:09:00+00:00,63.744998931884766,63.755001068115234,63.685001373291016,63.685001373291016,19
2026-06-10 12:10:00+00:00,63.650001525878906,63.73500061035156,63.625,63.73500061035156,36
2026-06-10 12:11:00+00:00,63.709999084472656,63.709999084472656,63.630001068115234,63.66999816894531,61
2026-06-10 12:12:00+00:00,63.720001220703125,63.77000045776367,63.654998779296875,63.7400016784668,61
2026-06-10 12:13:00+00:00,63.814998626708984,63.8650016784668,63.65999984741211,63.70500183105469,146
2026-06-10 12:14:00+00:00,63.709999084472656,63.790000915527344,63.689998626708984,63.779998779296875,64
2026-06-10 12:15:00+00:00,63.60499954223633,63.845001220703125,63.60499954223633,63.67499923706055,99
2026-06-10 12:16:00+00:00,63.744998931884766,63.7599983215332,63.6349983215332,63.65999984741211,37
2026-06-10 12:17:00+00:00,63.755001068115234,63.755001068115234,63.70500183105469,63.744998931884766,34
2026-06-10 12:18:00+00:00,63.52000045776367,63.70500183105469,63.505001068115234,63.70500183105469,70
2026-06-10 12:19:00+00:00,63.564998626708984,63.59000015258789,63.505001068115234,63.54999923706055,52
2026-06-10 12:20:00+00:00,63.59000015258789,63.630001068115234,63.5,63.54499816894531,69
2026-06-10 12:21:00+00:00,63.63999938964844,63.64500045776367,63.57500076293945,63.6349983215332,27
2026-06-10 12:22:00+00:00,63.619998931884766,63.650001525878906,63.599998474121094,63.64500045776367,21
2026-06-10 12:23:00+00:00,63.6349983215332,63.64500045776367,63.564998626708984,63.59000015258789,54
2026-06-10 12:24:00+00:00,63.54499816894531,63.619998931884766,63.5099983215332,63.595001220703125,113
2026-06-10 12:25:00+00:00,63.60499954223633,63.7599983215332,63.53499984741211,63.53499984741211,187
2026-06-10 12:26:00+00:00,63.63999938964844,63.67499923706055,63.584999084472656,63.619998931884766,95
2026-06-10 12:27:00+00:00,63.61000061035156,63.650001525878906,63.46500015258789,63.619998931884766,113
2026-06-10 12:28:00+00:00,63.77000045776367,63.77000045776367,63.595001220703125,63.595001220703125,53
2026-06-10 12:29:00+00:00,63.84000015258789,63.84000015258789,63.689998626708984,63.76499938964844,84
2026-06-10 12:30:00+00:00,65.0999984741211,65.0999984741211,63.904998779296875,63.90999984741211,938
2026-06-10 12:31:00+00:00,64.6500015258789,65.20500183105469,64.6449966430664,65.11000061035156,725
2026-06-10 12:32:00+00:00,64.70999908447266,64.86499786376953,64.66000366210938,64.66999816894531,207
2026-06-10 12:33:00+00:00,64.75,65.0199966430664,64.75,64.75499725341797,241
2026-06-10 12:34:00+00:00,64.75,64.82499694824219,64.625,64.77999877929688,175
2026-06-10 12:35:00+00:00,64.55500030517578,64.79000091552734,64.55500030517578,64.76000213623047,123
2026-06-10 12:36:00+00:00,64.87000274658203,64.87000274658203,64.55000305175781,64.55000305175781,136
2026-06-10 12:37:00+00:00,64.91999816894531,65.1449966430664,64.86499786376953,64.88500213623047,277
2026-06-10 12:38:00+00:00,64.8499984741211,64.94999694824219,64.76000213623047,64.9000015258789,209
2026-06-10 12:39:00+00:00,64.73500061035156,64.8949966430664,64.7249984741211,64.84500122070312,73
2026-06-10 12:40:00+00:00,64.62999725341797,64.73500061035156,64.5199966430664,64.73500061035156,234
2026-06-10 12:41:00+00:00,64.76000213623047,64.81999969482422,64.54499816894531,64.61499786376953,108
2026-06-10 12:42:00+00:00,64.67500305175781,64.83999633789062,64.63999938964844,64.7750015258789,87
2026-06-10 12:43:00+00:00,64.6449966430664,64.75,64.61000061035156,64.69000244140625,46
2026-06-10 12:44:00+00:00,64.62999725341797,64.63500213623047,64.57499694824219,64.62999725341797,32
2026-06-10 12:45:00+00:00,64.62000274658203,64.6449966430664,64.51000213623047,64.63500213623047,65
2026-06-10 12:46:00+00:00,64.80500030517578,64.94999694824219,64.67500305175781,64.68499755859375,179
2026-06-10 12:47:00+00:00,64.75499725341797,64.86000061035156,64.75499725341797,64.80500030517578,44
2026-06-10 12:48:00+00:00,64.71499633789062,64.8499984741211,64.71499633789062,64.7249984741211,64
2026-06-10 12:49:00+00:00,64.67500305175781,64.74500274658203,64.66000366210938,64.70500183105469,70
2026-06-10 12:50:00+00:00,64.61499786376953,64.69999694824219,64.59500122070312,64.62000274658203,50
2026-06-10 12:51:00+00:00,64.58999633789062,64.62999725341797,64.51000213623047,64.6050033569336,76
2026-06-10 12:52:00+00:00,64.50499725341797,64.63500213623047,64.4749984741211,64.59500122070312,53
2026-06-10 12:53:00+00:00,64.58499908447266,64.68000030517578,64.53500366210938,64.53500366210938,58
2026-06-10 12:54:00+00:00,64.375,64.625,64.33000183105469,64.58000183105469,149
2026-06-10 12:55:00+00:00,64.38999938964844,64.44000244140625,64.375,64.38999938964844,42
2026-06-10 12:56:00+00:00,64.30500030517578,64.41500091552734,64.2699966430664,64.38500213623047,64
2026-06-10 12:57:00+00:00,64.2750015258789,64.41999816894531,64.2750015258789,64.32499694824219,67
2026-06-10 12:58:00+00:00,64.29499816894531,64.3550033569336,64.19999694824219,64.29000091552734,83
2026-06-10 12:59:00+00:00,64.4000015258789,64.41500091552734,64.30500030517578,64.30999755859375,102
2026-06-10 13:00:00+00:00,64.52999877929688,64.61499786376953,64.28500366210938,64.37999725341797,422
2026-06-10 13:01:00+00:00,64.82499694824219,64.91000366210938,64.49500274658203,64.5,227
2026-06-10 13:02:00+00:00,64.77999877929688,64.80999755859375,64.72000122070312,64.80999755859375,76
2026-06-10 13:03:00+00:00,64.69000244140625,64.83999633789062,64.54499816894531,64.75499725341797,148
2026-06-10 13:04:00+00:00,64.66999816894531,64.76499938964844,64.66000366210938,64.69000244140625,56
2026-06-10 13:05:00+00:00,64.61499786376953,64.69999694824219,64.58499908447266,64.68499755859375,53
2026-06-10 13:06:00+00:00,64.7300033569336,64.76000213623047,64.625,64.625,77
2026-06-10 13:07:00+00:00,64.75499725341797,64.81500244140625,64.7249984741211,64.73500061035156,97
2026-06-10 13:08:00+00:00,64.7750015258789,64.9000015258789,64.76499938964844,64.79499816894531,66
2026-06-10 13:09:00+00:00,64.66999816894531,64.82499694824219,64.55500030517578,64.81999969482422,123
2026-06-10 13:10:00+00:00,64.61000061035156,64.7300033569336,64.53500366210938,64.7300033569336,47
2026-06-10 13:11:00+00:00,64.73999786376953,64.7750015258789,64.58999633789062,64.58999633789062,51
2026-06-10 13:12:00+00:00,64.68000030517578,64.74500274658203,64.66000366210938,64.7249984741211,27
2026-06-10 13:13:00+00:00,64.68000030517578,64.76000213623047,64.66000366210938,64.66000366210938,38
2026-06-10 13:14:00+00:00,64.58499908447266,64.76000213623047,64.55000305175781,64.70999908447266,77
2026-06-10 13:15:00+00:00,64.4800033569336,64.58999633789062,64.45500183105469,64.58499908447266,75
2026-06-10 13:16:00+00:00,64.33000183105469,64.5199966430664,64.33000183105469,64.46499633789062,83
2026-06-10 13:17:00+00:00,64.37999725341797,64.37999725341797,64.25,64.33499908447266,135
2026-06-10 13:18:00+00:00,64.38999938964844,64.42500305175781,64.33999633789062,64.375,27
2026-06-10 13:19:00+00:00,64.26000213623047,64.4000015258789,64.2300033569336,64.4000015258789,54
2026-06-10 13:20:00+00:00,64.25499725341797,64.30000305175781,64.19999694824219,64.23500061035156,125
2026-06-10 13:21:00+00:00,64.19499969482422,64.27999877929688,64.19499969482422,64.2699966430664,53
2026-06-10 13:22:00+00:00,64.26000213623047,64.26000213623047,64.16500091552734,64.21499633789062,43
2026-06-10 13:23:00+00:00,64.29499816894531,64.29499816894531,64.19999694824219,64.25,70
2026-06-10 13:24:00+00:00,64.48999786376953,64.55500030517578,64.30999755859375,64.3499984741211,76
2026-06-10 13:25:00+00:00,64.61499786376953,64.70999908447266,64.47000122070312,64.49500274658203,145
2026-06-10 13:26:00+00:00,64.57499694824219,64.68000030517578,64.57499694824219,64.62999725341797,78
2026-06-10 13:27:00+00:00,64.5999984741211,64.62000274658203,64.51499938964844,64.59500122070312,16
2026-06-10 13:28:00+00:00,64.61000061035156,64.62000274658203,64.54000091552734,64.6050033569336,56
2026-06-10 13:29:00+00:00,64.48999786376953,64.61499786376953,64.4800033569336,64.61499786376953,64
2026-06-10 13:30:00+00:00,64.55500030517578,64.66500091552734,64.42500305175781,64.48500061035156,183
2026-06-10 13:31:00+00:00,64.62000274658203,64.6500015258789,64.46499633789062,64.55000305175781,86
2026-06-10 13:32:00+00:00,64.58000183105469,64.68000030517578,64.55999755859375,64.65499877929688,51
2026-06-10 13:33:00+00:00,64.54000091552734,64.625,64.50499725341797,64.55000305175781,55
2026-06-10 13:34:00+00:00,64.58000183105469,64.62999725341797,64.5250015258789,64.54499816894531,128
2026-06-10 13:35:00+00:00,64.94000244140625,65.0,64.54499816894531,64.55999755859375,185
2026-06-10 13:36:00+00:00,65.0199966430664,65.0250015258789,64.83999633789062,64.92500305175781,112
2026-06-10 13:37:00+00:00,65.11000061035156,65.19499969482422,65.0,65.0250015258789,267
2026-06-10 13:38:00+00:00,65.15499877929688,65.37000274658203,65.08499908447266,65.125,329
2026-06-10 13:39:00+00:00,65.19499969482422,65.24500274658203,65.11000061035156,65.16000366210938,131
2026-06-10 13:40:00+00:00,65.33499908447266,65.41500091552734,65.15499877929688,65.20500183105469,235
2026-06-10 13:41:00+00:00,65.40499877929688,65.41500091552734,65.26000213623047,65.32499694824219,103
2026-06-10 13:42:00+00:00,65.43000030517578,65.54000091552734,65.36499786376953,65.4000015258789,259
2026-06-10 13:43:00+00:00,65.5199966430664,65.5199966430664,65.34500122070312,65.41000366210938,146
2026-06-10 13:44:00+00:00,65.67500305175781,65.67500305175781,65.47000122070312,65.5,159
2026-06-10 13:45:00+00:00,65.83499908447266,65.86499786376953,65.59500122070312,65.66999816894531,365
2026-06-10 13:46:00+00:00,65.58499908447266,65.80999755859375,65.55999755859375,65.80999755859375,192
2026-06-10 13:47:00+00:00,65.6050033569336,65.69000244140625,65.58000183105469,65.59500122070312,89
2026-06-10 13:48:00+00:00,65.79000091552734,65.79000091552734,65.59500122070312,65.62000274658203,68
2026-06-10 13:49:00+00:00,65.81500244140625,65.83999633789062,65.71499633789062,65.79499816894531,147
2026-06-10 13:50:00+00:00,65.71499633789062,65.84500122070312,65.68499755859375,65.83999633789062,125
2026-06-10 13:51:00+00:00,65.63500213623047,65.74500274658203,65.58499908447266,65.7249984741211,98
2026-06-10 13:52:00+00:00,65.79499816894531,65.83999633789062,65.63999938964844,65.63999938964844,135
2026-06-10 13:53:00+00:00,65.78500366210938,65.88999938964844,65.73999786376953,65.77999877929688,373
2026-06-10 13:54:00+00:00,65.79000091552734,65.87999725341797,65.76499938964844,65.80000305175781,181
2026-06-10 13:55:00+00:00,65.6449966430664,65.79000091552734,65.6449966430664,65.7750015258789,79
2026-06-10 13:56:00+00:00,65.70500183105469,65.75499725341797,65.6500015258789,65.66000366210938,70
2026-06-10 13:57:00+00:00,65.70999908447266,65.80000305175781,65.68499755859375,65.71499633789062,56
2026-06-10 13:58:00+00:00,65.68499755859375,65.69499969482422,65.61000061035156,65.66999816894531,64
2026-06-10 13:59:00+00:00,65.73500061035156,65.73500061035156,65.63999938964844,65.68499755859375,66
2026-06-10 14:00:00+00:00,65.52999877929688,65.76499938964844,65.52999877929688,65.74500274658203,173
2026-06-10 14:01:00+00:00,65.44499969482422,65.5999984741211,65.38999938964844,65.58499908447266,169
2026-06-10 14:02:00+00:00,65.41999816894531,65.47000122070312,65.36000061035156,65.43000030517578,113
2026-06-10 14:03:00+00:00,65.58000183105469,65.63999938964844,65.41999816894531,65.41999816894531,93
2026-06-10 14:04:00+00:00,65.45999908447266,65.55500030517578,65.41999816894531,65.55500030517578,79
2026-06-10 14:05:00+00:00,65.44999694824219,65.48500061035156,65.4000015258789,65.47000122070312,100
2026-06-10 14:06:00+00:00,65.5,65.50499725341797,65.42500305175781,65.43499755859375,66
2026-06-10 14:07:00+00:00,65.51000213623047,65.54000091552734,65.44999694824219,65.50499725341797,46
2026-06-10 14:08:00+00:00,65.4749984741211,65.5199966430664,65.44999694824219,65.51000213623047,42
2026-06-10 14:09:00+00:00,65.5,65.56500244140625,65.45999908447266,65.45999908447266,42
2026-06-10 14:10:00+00:00,65.56999969482422,65.58999633789062,65.44999694824219,65.51499938964844,111
2026-06-10 14:11:00+00:00,65.625,65.70999908447266,65.55500030517578,65.56500244140625,85
2026-06-10 14:12:00+00:00,65.68000030517578,65.69000244140625,65.62999725341797,65.63500213623047,70
2026-06-10 14:13:00+00:00,65.76499938964844,65.80500030517578,65.55999755859375,65.67500305175781,240
2026-06-10 14:14:00+00:00,65.55000305175781,65.76000213623047,65.50499725341797,65.74500274658203,105
2026-06-10 14:15:00+00:00,65.38999938964844,65.55000305175781,65.3550033569336,65.55000305175781,137
2026-06-10 14:16:00+00:00,65.62000274658203,65.63500213623047,65.36000061035156,65.37000274658203,281
2026-06-10 14:17:00+00:00,65.44999694824219,65.625,65.44999694824219,65.625,38
2026-06-10 14:18:00+00:00,65.44000244140625,65.5,65.43499755859375,65.4749984741211,24
2026-06-10 14:19:00+00:00,65.44000244140625,65.45500183105469,65.38500213623047,65.45500183105469,92
2026-06-10 14:20:00+00:00,65.31500244140625,65.4749984741211,65.30999755859375,65.43000030517578,49
2026-06-10 14:21:00+00:00,65.32499694824219,65.33499908447266,65.2300033569336,65.30500030517578,179
2026-06-10 14:22:00+00:00,65.30999755859375,65.33999633789062,65.23500061035156,65.32499694824219,63
2026-06-10 14:23:00+00:00,65.34500122070312,65.36499786376953,65.2699966430664,65.30500030517578,35
2026-06-10 14:24:00+00:00,65.4800033569336,65.52999877929688,65.31999969482422,65.31999969482422,47
2026-06-10 14:25:00+00:00,65.33499908447266,65.51000213623047,65.33499908447266,65.5,100
2026-06-10 14:26:00+00:00,65.3949966430664,65.3949966430664,65.30000305175781,65.33000183105469,37
2026-06-10 14:27:00+00:00,65.37999725341797,65.41500091552734,65.3550033569336,65.3949966430664,25
2026-06-10 14:28:00+00:00,65.26499938964844,65.38500213623047,65.2300033569336,65.37000274658203,80
2026-06-10 14:29:00+00:00,65.24500274658203,65.2699966430664,65.19000244140625,65.26499938964844,102
2026-06-10 14:30:00+00:00,65.28500366210938,65.33999633789062,65.21499633789062,65.2300033569336,57
2026-06-10 14:31:00+00:00,65.1500015258789,65.2750015258789,65.08999633789062,65.2750015258789,180
2026-06-10 14:32:00+00:00,65.33499908447266,65.33499908447266,65.13999938964844,65.13999938964844,83
2026-06-10 14:33:00+00:00,65.37999725341797,65.38500213623047,65.26499938964844,65.33499908447266,59
2026-06-10 14:34:00+00:00,65.41999816894531,65.43499755859375,65.29000091552734,65.34500122070312,67
2026-06-10 14:35:00+00:00,65.36000061035156,65.44499969482422,65.33000183105469,65.41500091552734,68
2026-06-10 14:36:00+00:00,65.2300033569336,65.31500244140625,65.2300033569336,65.31500244140625,41
2026-06-10 14:37:00+00:00,65.16999816894531,65.24500274658203,65.15499877929688,65.2249984741211,54
2026-06-10 14:38:00+00:00,65.21499633789062,65.23999786376953,65.18000030517578,65.22000122070312,20
2026-06-10 14:39:00+00:00,65.30000305175781,65.30000305175781,65.2249984741211,65.2249984741211,49
2026-06-10 14:40:00+00:00,65.33499908447266,65.33499908447266,65.24500274658203,65.29499816894531,32
2026-06-10 14:41:00+00:00,65.41500091552734,65.41999816894531,65.33000183105469,65.33499908447266,62
2026-06-10 14:42:00+00:00,65.30999755859375,65.43499755859375,65.29499816894531,65.43000030517578,48
2026-06-10 14:43:00+00:00,65.25,65.30000305175781,65.20999908447266,65.30000305175781,43
2026-06-10 14:44:00+00:00,65.15499877929688,65.25,65.125,65.25,87
2026-06-10 14:45:00+00:00,65.05999755859375,65.19000244140625,64.9800033569336,65.13500213623047,256
2026-06-10 14:46:00+00:00,65.08999633789062,65.0999984741211,65.0250015258789,65.05999755859375,44
2026-06-10 14:47:00+00:00,65.03500366210938,65.11499786376953,65.01499938964844,65.07499694824219,40
2026-06-10 14:48:00+00:00,64.95500183105469,65.01499938964844,64.92500305175781,65.01000213623047,88
2026-06-10 14:49:00+00:00,64.90499877929688,64.98999786376953,64.86000061035156,64.94499969482422,164
2026-06-10 14:50:00+00:00,64.93000030517578,64.95999908447266,64.87999725341797,64.91500091552734,58
2026-06-10 14:51:00+00:00,64.8949966430664,65.01499938964844,64.8499984741211,64.92500305175781,278
2026-06-10 14:52:00+00:00,64.88500213623047,64.92500305175781,64.83000183105469,64.88500213623047,43
2026-06-10 14:53:00+00:00,64.88999938964844,64.99500274658203,64.88999938964844,64.91000366210938,60
2026-06-10 14:54:00+00:00,64.875,64.92500305175781,64.84500122070312,64.90499877929688,41
2026-06-10 14:55:00+00:00,64.74500274658203,64.91500091552734,64.74500274658203,64.88500213623047,124
2026-06-10 14:56:00+00:00,64.68000030517578,64.75,64.57499694824219,64.75,293
2026-06-10 14:57:00+00:00,64.50499725341797,64.68499755859375,64.5,64.68000030517578,105
2026-06-10 14:58:00+00:00,64.49500274658203,64.58499908447266,64.45999908447266,64.5199966430664,165
2026-06-10 14:59:00+00:00,64.6449966430664,64.6449966430664,64.5199966430664,64.5250015258789,183
2026-06-10 15:00:00+00:00,64.69499969482422,64.71499633789062,64.61000061035156,64.63999938964844,116
2026-06-10 15:01:00+00:00,64.93000030517578,64.94000244140625,64.69499969482422,64.69499969482422,185
2026-06-10 15:02:00+00:00,64.82499694824219,64.92500305175781,64.81500244140625,64.92500305175781,73
2026-06-10 15:03:00+00:00,64.70999908447266,64.8499984741211,64.70500183105469,64.81500244140625,106
2026-06-10 15:04:00+00:00,64.72000122070312,64.74500274658203,64.6500015258789,64.66000366210938,80
2026-06-10 15:05:00+00:00,64.63999938964844,64.71499633789062,64.58499908447266,64.69999694824219,41
2026-06-10 15:06:00+00:00,64.56500244140625,64.66000366210938,64.56500244140625,64.62000274658203,51
2026-06-10 15:07:00+00:00,64.67500305175781,64.68000030517578,64.56999969482422,64.57499694824219,61
2026-06-10 15:08:00+00:00,64.58999633789062,64.69000244140625,64.55999755859375,64.65499877929688,68
2026-06-10 15:09:00+00:00,64.59500122070312,64.6449966430664,64.58999633789062,64.5999984741211,42
2026-06-10 15:10:00+00:00,64.54000091552734,64.62999725341797,64.5250015258789,64.59500122070312,57
2026-06-10 15:11:00+00:00,64.55999755859375,64.55999755859375,64.43499755859375,64.51499938964844,76
2026-06-10 15:12:00+00:00,64.53500366210938,64.55500030517578,64.4800033569336,64.50499725341797,37
2026-06-10 15:13:00+00:00,64.56999969482422,64.625,64.50499725341797,64.54499816894531,81
2026-06-10 15:14:00+00:00,64.5199966430664,64.5999984741211,64.5199966430664,64.58000183105469,82
2026-06-10 15:15:00+00:00,64.40499877929688,64.5199966430664,64.375,64.50499725341797,116
2026-06-10 15:16:00+00:00,64.47000122070312,64.53500366210938,64.40499877929688,64.42500305175781,75
2026-06-10 15:17:00+00:00,64.41500091552734,64.46499633789062,64.4000015258789,64.44000244140625,34
2026-06-10 15:18:00+00:00,64.3550033569336,64.44499969482422,64.3499984741211,64.3949966430664,79
2026-06-10 15:19:00+00:00,64.43000030517578,64.45500183105469,64.3550033569336,64.3550033569336,75
2026-06-10 15:20:00+00:00,64.61000061035156,64.61000061035156,64.42500305175781,64.42500305175781,79
2026-06-10 15:21:00+00:00,64.69499969482422,64.69499969482422,64.58000183105469,64.58000183105469,88
2026-06-10 15:22:00+00:00,64.70999908447266,64.73999786376953,64.65499877929688,64.69499969482422,53
2026-06-10 15:23:00+00:00,64.83000183105469,64.8499984741211,64.73500061035156,64.73999786376953,50
2026-06-10 15:24:00+00:00,64.80500030517578,64.9000015258789,64.79000091552734,64.86499786376953,103
2026-06-10 15:25:00+00:00,64.90499877929688,64.93000030517578,64.79499816894531,64.81999969482422,44
2026-06-10 15:26:00+00:00,64.84500122070312,64.94999694824219,64.81999969482422,64.91500091552734,58
2026-06-10 15:27:00+00:00,64.83499908447266,64.8550033569336,64.78500366210938,64.84500122070312,18
2026-06-10 15:28:00+00:00,64.91999816894531,64.97000122070312,64.83499908447266,64.8499984741211,38
2026-06-10 15:29:00+00:00,64.7750015258789,64.90499877929688,64.7750015258789,64.875,70
2026-06-10 15:30:00+00:00,64.90499877929688,64.91999816894531,64.73999786376953,64.80500030517578,74
2026-06-10 15:31:00+00:00,64.87000274658203,64.91000366210938,64.86499786376953,64.88999938964844,38
2026-06-10 15:32:00+00:00,64.9000015258789,64.91999816894531,64.83000183105469,64.875,62
2026-06-10 15:33:00+00:00,64.80000305175781,64.91000366210938,64.78500366210938,64.9000015258789,44
2026-06-10 15:34:00+00:00,64.91999816894531,64.94499969482422,64.7699966430664,64.78500366210938,107
2026-06-10 15:35:00+00:00,64.83999633789062,64.92500305175781,64.83999633789062,64.87999725341797,88
2026-06-10 15:36:00+00:00,64.93000030517578,64.95999908447266,64.83000183105469,64.83000183105469,27
2026-06-10 15:37:00+00:00,64.83999633789062,64.94499969482422,64.82499694824219,64.92500305175781,36
2026-06-10 15:38:00+00:00,64.83000183105469,64.88500213623047,64.81999969482422,64.84500122070312,35
2026-06-10 15:39:00+00:00,64.88500213623047,64.88500213623047,64.79499816894531,64.80500030517578,54
2026-06-10 15:40:00+00:00,64.87000274658203,64.87000274658203,64.82499694824219,64.8499984741211,18
2026-06-10 15:41:00+00:00,64.94000244140625,64.95500183105469,64.83999633789062,64.83999633789062,49
2026-06-10 15:42:00+00:00,64.83000183105469,64.91500091552734,64.80500030517578,64.91000366210938,94
2026-06-10 15:43:00+00:00,64.99500274658203,65.01000213623047,64.83499908447266,64.83499908447266,98
2026-06-10 15:44:00+00:00,65.0250015258789,65.05500030517578,65.0,65.0199966430664,92
2026-06-10 15:45:00+00:00,65.04499816894531,65.08000183105469,64.96499633789062,65.0250015258789,123
2026-06-10 15:46:00+00:00,65.19000244140625,65.2300033569336,65.02999877929688,65.04499816894531,260
2026-06-10 15:47:00+00:00,64.91000366210938,65.2300033569336,64.81500244140625,65.18499755859375,463
2026-06-10 15:48:00+00:00,64.70500183105469,64.94999694824219,64.58999633789062,64.91500091552734,372
2026-06-10 15:49:00+00:00,64.8550033569336,64.95999908447266,64.69000244140625,64.73500061035156,122
2026-06-10 15:50:00+00:00,64.67500305175781,64.95999908447266,64.62000274658203,64.82499694824219,212
2026-06-10 15:51:00+00:00,64.54000091552734,64.73999786376953,64.5250015258789,64.68499755859375,116
2026-06-10 15:52:00+00:00,64.69999694824219,64.69999694824219,64.51000213623047,64.55000305175781,98
2026-06-10 15:53:00+00:00,64.875,64.9000015258789,64.69000244140625,64.71499633789062,69
2026-06-10 15:54:00+00:00,64.88500213623047,65.05500030517578,64.87000274658203,64.87999725341797,110
2026-06-10 15:55:00+00:00,64.86000061035156,64.8949966430664,64.81500244140625,64.88500213623047,30
2026-06-10 15:56:00+00:00,64.8550033569336,64.91500091552734,64.75,64.8550033569336,86
2026-06-10 15:57:00+00:00,65.0250015258789,65.02999877929688,64.8499984741211,64.8499984741211,47
2026-06-10 15:58:00+00:00,64.97000122070312,65.0250015258789,64.95999908447266,65.01000213623047,32
2026-06-10 15:59:00+00:00,65.03500366210938,65.04499816894531,64.96499633789062,64.98999786376953,37
2026-06-10 16:00:00+00:00,65.08499908447266,65.1500015258789,65.0250015258789,65.05000305175781,82
2026-06-10 16:01:00+00:00,64.96499633789062,65.05999755859375,64.91500091552734,65.04499816894531,77
2026-06-10 16:02:00+00:00,64.94499969482422,65.0,64.94499969482422,64.9800033569336,55
2026-06-10 16:03:00+00:00,64.98500061035156,64.98500061035156,64.93000030517578,64.93499755859375,24
2026-06-10 16:04:00+00:00,64.9749984741211,65.06500244140625,64.93000030517578,65.0,96
2026-06-10 16:05:00+00:00,64.9800033569336,65.05000305175781,64.95999908447266,64.97000122070312,89
2026-06-10 16:06:00+00:00,65.05000305175781,65.11000061035156,64.94999694824219,64.98500061035156,155
2026-06-10 16:07:00+00:00,65.06999969482422,65.12999725341797,65.05999755859375,65.09500122070312,15
2026-06-10 16:08:00+00:00,64.99500274658203,65.07499694824219,64.9749984741211,65.06999969482422,73
2026-06-10 16:09:00+00:00,65.0999984741211,65.1050033569336,64.94999694824219,64.97000122070312,82
2026-06-10 16:10:00+00:00,65.00499725341797,65.06999969482422,65.0,65.06999969482422,49
2026-06-10 16:11:00+00:00,65.05500030517578,65.06500244140625,64.97000122070312,65.0250015258789,83
2026-06-10 16:12:00+00:00,65.08999633789062,65.09500122070312,65.02999877929688,65.02999877929688,15
2026-06-10 16:13:00+00:00,65.11499786376953,65.125,65.03500366210938,65.04000091552734,35
2026-06-10 16:14:00+00:00,65.07499694824219,65.1449966430664,65.07499694824219,65.09500122070312,51
2026-06-10 16:15:00+00:00,65.05999755859375,65.08999633789062,65.04499816894531,65.08499908447266,18
2026-06-10 16:16:00+00:00,65.1449966430664,65.17500305175781,65.08000183105469,65.1050033569336,33
2026-06-10 16:17:00+00:00,65.1050033569336,65.19000244140625,65.1050033569336,65.1449966430664,26
2026-06-10 16:18:00+00:00,65.07499694824219,65.125,65.07499694824219,65.1050033569336,19
2026-06-10 16:19:00+00:00,65.18000030517578,65.18499755859375,65.06999969482422,65.06999969482422,99
2026-06-10 16:20:00+00:00,65.15499877929688,65.29000091552734,65.15499877929688,65.21499633789062,101
2026-06-10 16:21:00+00:00,65.20999908447266,65.20999908447266,65.0999984741211,65.16999816894531,39
2026-06-10 16:22:00+00:00,65.23500061035156,65.24500274658203,65.18000030517578,65.22000122070312,20
2026-06-10 16:23:00+00:00,65.30500030517578,65.30500030517578,65.21499633789062,65.24500274658203,43
2026-06-10 16:24:00+00:00,65.16000366210938,65.31500244140625,65.16000366210938,65.31500244140625,104
2026-06-10 16:25:00+00:00,65.1500015258789,65.18499755859375,65.08999633789062,65.16999816894531,60
2026-06-10 16:26:00+00:00,65.19000244140625,65.19999694824219,65.12999725341797,65.1500015258789,21
2026-06-10 16:27:00+00:00,65.1449966430664,65.20500183105469,65.1449966430664,65.20500183105469,23
2026-06-10 16:28:00+00:00,65.11499786376953,65.17500305175781,65.11499786376953,65.13999938964844,31
2026-06-10 16:29:00+00:00,65.08999633789062,65.12000274658203,65.04499816894531,65.12000274658203,55
2026-06-10 16:30:00+00:00,65.02999877929688,65.11499786376953,65.02999877929688,65.08999633789062,48
2026-06-10 16:31:00+00:00,65.00499725341797,65.05000305175781,64.97000122070312,64.9800033569336,58
2026-06-10 16:32:00+00:00,64.95500183105469,64.98999786376953,64.91999816894531,64.9800033569336,52
2026-06-10 16:33:00+00:00,64.9800033569336,64.9800033569336,64.95500183105469,64.95999908447266,8
2026-06-10 16:34:00+00:00,65.06999969482422,65.08499908447266,64.95500183105469,64.95500183105469,52
2026-06-10 16:35:00+00:00,65.05000305175781,65.11000061035156,65.02999877929688,65.11000061035156,35
2026-06-10 16:36:00+00:00,65.09500122070312,65.0999984741211,65.05000305175781,65.06500244140625,24
2026-06-10 16:37:00+00:00,65.16500091552734,65.18499755859375,65.09500122070312,65.11499786376953,54
2026-06-10 16:38:00+00:00,65.16000366210938,65.17500305175781,65.11499786376953,65.13500213623047,21
2026-06-10 16:39:00+00:00,65.09500122070312,65.12999725341797,65.08000183105469,65.12999725341797,28
2026-06-10 16:40:00+00:00,65.08999633789062,65.125,65.08499908447266,65.0999984741211,68
2026-06-10 16:41:00+00:00,65.03500366210938,65.09500122070312,65.01499938964844,65.08000183105469,48
2026-06-10 16:42:00+00:00,64.97000122070312,65.02999877929688,64.94999694824219,65.02999877929688,56
2026-06-10 16:43:00+00:00,64.95999908447266,65.0199966430664,64.95999908447266,64.9800033569336,30
2026-06-10 16:44:00+00:00,64.97000122070312,65.0,64.94499969482422,64.97000122070312,24
2026-06-10 16:45:00+00:00,64.93000030517578,64.96499633789062,64.8949966430664,64.96499633789062,53
2026-06-10 16:46:00+00:00,64.94999694824219,64.94999694824219,64.92500305175781,64.92500305175781,14
2026-06-10 16:47:00+00:00,64.84500122070312,64.93499755859375,64.83499908447266,64.93000030517578,25
2026-06-10 16:48:00+00:00,64.91999816894531,64.94000244140625,64.86000061035156,64.86000061035156,16
2026-06-10 16:49:00+00:00,64.95999908447266,64.95999908447266,64.91999816894531,64.91999816894531,10
2026-06-10 16:50:00+00:00,64.91500091552734,64.92500305175781,64.87000274658203,64.92500305175781,44
2026-06-10 16:51:00+00:00,65.01000213623047,65.01000213623047,64.91000366210938,64.93000030517578,21
2026-06-10 16:52:00+00:00,65.01499938964844,65.04000091552734,64.98500061035156,64.98500061035156,21
2026-06-10 16:53:00+00:00,64.98999786376953,65.03500366210938,64.9800033569336,65.03500366210938,29
2026-06-10 16:54:00+00:00,64.98500061035156,64.98500061035156,64.94999694824219,64.95999908447266,5
2026-06-10 16:55:00+00:00,64.95500183105469,64.99500274658203,64.93000030517578,64.98500061035156,9
2026-06-10 16:56:00+00:00,65.0199966430664,65.02999877929688,64.94999694824219,64.97000122070312,51
2026-06-10 16:57:00+00:00,65.0250015258789,65.06500244140625,65.00499725341797,65.0250015258789,40
2026-06-10 16:58:00+00:00,65.02999877929688,65.04499816894531,65.0199966430664,65.04499816894531,16
2026-06-10 16:59:00+00:00,65.05999755859375,65.06999969482422,65.0,65.0199966430664,44
2026-06-10 17:00:00+00:00,65.1500015258789,65.18000030517578,65.05500030517578,65.08000183105469,76
2026-06-10 17:01:00+00:00,65.04000091552734,65.125,65.04000091552734,65.125,31
2026-06-10 17:02:00+00:00,65.20999908447266,65.20999908447266,65.08499908447266,65.08499908447266,59
2026-06-10 17:03:00+00:00,65.2699966430664,65.33000183105469,65.16999816894531,65.18499755859375,111
2026-06-10 17:04:00+00:00,65.30999755859375,65.30999755859375,65.27999877929688,65.27999877929688,41
2026-06-10 17:05:00+00:00,65.12999725341797,65.29499816894531,65.12999725341797,65.29499816894531,145
2026-06-10 17:06:00+00:00,65.16000366210938,65.19000244140625,65.13500213623047,65.16000366210938,74
2026-06-10 17:07:00+00:00,65.15499877929688,65.19499969482422,65.12999725341797,65.19499969482422,18
2026-06-10 17:08:00+00:00,65.04499816894531,65.16000366210938,65.03500366210938,65.16000366210938,49
2026-06-10 17:09:00+00:00,65.04000091552734,65.05000305175781,64.99500274658203,65.04000091552734,32
2026-06-10 17:10:00+00:00,64.8550033569336,65.0199966430664,64.83499908447266,65.01499938964844,175
2026-06-10 17:11:00+00:00,64.88500213623047,64.88999938964844,64.82499694824219,64.87000274658203,172
2026-06-10 17:12:00+00:00,64.90499877929688,64.91999816894531,64.87999725341797,64.9000015258789,30
2026-06-10 17:13:00+00:00,64.92500305175781,64.95999908447266,64.90499877929688,64.91999816894531,65
2026-06-10 17:14:00+00:00,64.88999938964844,64.91000366210938,64.8550033569336,64.9000015258789,18
2026-06-10 17:15:00+00:00,64.9000015258789,64.95500183105469,64.88999938964844,64.88999938964844,89
2026-06-10 17:16:00+00:00,64.93499755859375,64.96499633789062,64.87999725341797,64.90499877929688,56
2026-06-10 17:17:00+00:00,64.88500213623047,64.97000122070312,64.88500213623047,64.97000122070312,131
2026-06-10 17:18:00+00:00,64.9000015258789,64.91999816894531,64.86499786376953,64.87999725341797,62
2026-06-10 17:19:00+00:00,64.88999938964844,64.91000366210938,64.86000061035156,64.91000366210938,154
2026-06-10 17:20:00+00:00,64.88999938964844,64.90499877929688,64.86000061035156,64.86499786376953,95
2026-06-10 17:21:00+00:00,64.91999816894531,64.93499755859375,64.8949966430664,64.90499877929688,217
2026-06-10 17:22:00+00:00,64.80500030517578,64.9000015258789,64.80000305175781,64.9000015258789,247
2026-06-10 17:23:00+00:00,64.87999725341797,64.91000366210938,64.80999755859375,64.80999755859375,629
2026-06-10 17:24:00+00:00,64.69999694824219,64.8949966430664,64.68000030517578,64.88999938964844,2035
2026-06-10 17:25:00+00:00,64.69999694824219,64.73500061035156,64.69000244140625,64.70500183105469,140
2026-06-10 17:26:00+00:00,64.74500274658203,64.74500274658203,64.68499755859375,64.71499633789062,98
2026-06-10 17:27:00+00:00,64.73999786376953,64.7699966430664,64.70999908447266,64.76000213623047,110
2026-06-10 17:28:00+00:00,64.80500030517578,64.80500030517578,64.75499725341797,64.76000213623047,58
2026-06-10 17:29:00+00:00,64.75,64.77999877929688,64.73999786376953,64.77999877929688,80
2026-06-10 17:30:00+00:00,64.6500015258789,64.76499938964844,64.6500015258789,64.76499938964844,89
2026-06-10 17:31:00+00:00,64.70500183105469,64.73999786376953,64.62999725341797,64.6500015258789,175
2026-06-10 17:32:00+00:00,64.71499633789062,64.74500274658203,64.63999938964844,64.66999816894531,28
2026-06-10 17:33:00+00:00,64.7249984741211,64.75,64.70999908447266,64.70999908447266,19
2026-06-10 17:34:00+00:00,64.80999755859375,64.83999633789062,64.70999908447266,64.70999908447266,28
2026-06-10 17:35:00+00:00,64.78500366210938,64.80500030517578,64.74500274658203,64.79499816894531,21
2026-06-10 17:36:00+00:00,64.66500091552734,64.76499938964844,64.6500015258789,64.76000213623047,26
2026-06-10 17:37:00+00:00,64.72000122070312,64.7300033569336,64.66000366210938,64.66500091552734,23
2026-06-10 17:38:00+00:00,64.6500015258789,64.69000244140625,64.625,64.69000244140625,54
2026-06-10 17:39:00+00:00,64.61499786376953,64.68499755859375,64.58999633789062,64.67500305175781,50
2026-06-10 17:40:00+00:00,64.62000274658203,64.65499877929688,64.58499908447266,64.62000274658203,65
2026-06-10 17:41:00+00:00,64.62999725341797,64.63999938964844,64.58499908447266,64.625,25
2026-06-10 17:42:00+00:00,64.65499877929688,64.67500305175781,64.63500213623047,64.65499877929688,12
2026-06-10 17:43:00+00:00,64.66000366210938,64.66500091552734,64.63999938964844,64.6500015258789,9
2026-06-10 17:44:00+00:00,64.58999633789062,64.66999816894531,64.58999633789062,64.6500015258789,27
2026-06-10 17:45:00+00:00,64.6500015258789,64.67500305175781,64.56999969482422,64.58999633789062,68
2026-06-10 17:46:00+00:00,64.88500213623047,64.8949966430664,64.66000366210938,64.66000366210938,91
2026-06-10 17:47:00+00:00,64.8550033569336,64.8550033569336,64.81999969482422,64.8550033569336,63
2026-06-10 17:48:00+00:00,64.9000015258789,64.9000015258789,64.79000091552734,64.8550033569336,110
2026-06-10 17:49:00+00:00,64.875,64.93000030517578,64.875,64.8949966430664,11
2026-06-10 17:50:00+00:00,64.88500213623047,64.98500061035156,64.66500091552734,64.87999725341797,545
2026-06-10 17:51:00+00:00,64.9000015258789,64.91000366210938,64.83000183105469,64.9000015258789,12
2026-06-10 17:52:00+00:00,64.80000305175781,64.88999938964844,64.80000305175781,64.88500213623047,26
2026-06-10 17:53:00+00:00,64.83000183105469,64.83999633789062,64.81999969482422,64.81999969482422,5
2026-06-10 17:54:00+00:00,64.87000274658203,64.90499877929688,64.84500122070312,64.86499786376953,30
2026-06-10 17:55:00+00:00,65.0199966430664,65.05500030517578,64.87000274658203,64.875,150
2026-06-10 17:56:00+00:00,65.0250015258789,65.03500366210938,64.98500061035156,65.0199966430664,74
2026-06-10 17:57:00+00:00,64.94499969482422,65.03500366210938,64.94499969482422,65.03500366210938,13
2026-06-10 17:58:00+00:00,65.0250015258789,65.02999877929688,64.94499969482422,64.94499969482422,94
2026-06-10 17:59:00+00:00,64.9800033569336,65.0250015258789,64.9800033569336,65.01499938964844,15
2026-06-10 18:00:00+00:00,65.11499786376953,65.15499877929688,64.98999786376953,65.01499938964844,106
2026-06-10 18:01:00+00:00,65.08499908447266,65.12000274658203,65.07499694824219,65.11499786376953,28
2026-06-10 18:02:00+00:00,65.19999694824219,65.20500183105469,65.11499786376953,65.11499786376953,28
2026-06-10 18:03:00+00:00,65.2750015258789,65.2750015258789,65.16999816894531,65.17500305175781,48
2026-06-10 18:04:00+00:00,65.29499816894531,65.30500030517578,65.23999786376953,65.2750015258789,43
2026-06-10 18:05:00+00:00,65.2249984741211,65.29499816894531,65.20999908447266,65.29499816894531,31
2026-06-10 18:06:00+00:00,65.20500183105469,65.24500274658203,65.20500183105469,65.24500274658203,22
2026-06-10 18:07:00+00:00,65.1500015258789,65.2249984741211,65.1500015258789,65.16999816894531,14
2026-06-10 18:08:00+00:00,65.17500305175781,65.18499755859375,65.12999725341797,65.13999938964844,69
2026-06-10 18:09:00+00:00,65.06999969482422,65.16500091552734,65.06999969482422,65.16500091552734,18
2026-06-10 18:10:00+00:00,65.0999984741211,65.12000274658203,65.08000183105469,65.08000183105469,22
2026-06-10 18:11:00+00:00,65.0999984741211,65.125,65.08499908447266,65.09500122070312,14
2026-06-10 18:12:00+00:00,65.12000274658203,65.15499877929688,65.08000183105469,65.1050033569336,25
2026-06-10 18:13:00+00:00,65.08499908447266,65.12000274658203,65.04499816894531,65.12000274658203,15
2026-06-10 18:14:00+00:00,65.09500122070312,65.12000274658203,65.08499908447266,65.08499908447266,24
2026-06-10 18:15:00+00:00,65.125,65.1500015258789,65.1050033569336,65.1050033569336,30
2026-06-10 18:16:00+00:00,65.0999984741211,65.16500091552734,65.0999984741211,65.12000274658203,11
2026-06-10 18:17:00+00:00,65.03500366210938,65.08000183105469,65.01000213623047,65.08000183105469,14
2026-06-10 18:18:00+00:00,64.9749984741211,65.05000305175781,64.94999694824219,65.03500366210938,14
2026-06-10 18:19:00+00:00,64.98999786376953,65.03500366210938,64.98999786376953,65.0,5
2026-06-10 18:20:00+00:00,65.02999877929688,65.03500366210938,65.00499725341797,65.0199966430664,9
2026-06-10 18:21:00+00:00,65.01499938964844,65.08499908447266,64.99500274658203,65.01000213623047,49
2026-06-10 18:22:00+00:00,64.95500183105469,65.01499938964844,64.94999694824219,65.01499938964844,11
2026-06-10 18:23:00+00:00,64.98500061035156,65.01499938964844,64.93499755859375,64.94499969482422,32
2026-06-10 18:24:00+00:00,64.99500274658203,65.01000213623047,64.96499633789062,64.96499633789062,7
2026-06-10 18:25:00+00:00,64.94000244140625,64.9800033569336,64.90499877929688,64.9800033569336,16
2026-06-10 18:26:00+00:00,64.99500274658203,64.99500274658203,64.94499969482422,64.94999694824219,14
2026-06-10 18:27:00+00:00,64.93499755859375,64.9800033569336,64.93499755859375,64.9800033569336,5
2026-06-10 18:28:00+00:00,64.98500061035156,65.01499938964844,64.95999908447266,64.95999908447266,19
2026-06-10 18:29:00+00:00,64.99500274658203,65.0250015258789,64.9800033569336,64.99500274658203,43
2026-06-10 18:30:00+00:00,64.9800033569336,65.0,64.94499969482422,65.0,20
2026-06-10 18:31:00+00:00,64.93000030517578,64.97000122070312,64.93000030517578,64.95999908447266,12
2026-06-10 18:32:00+00:00,64.9800033569336,64.98999786376953,64.91999816894531,64.92500305175781,9
2026-06-10 18:33:00+00:00,64.9749984741211,65.01000213623047,64.96499633789062,64.99500274658203,28
2026-06-10 18:34:00+00:00,64.94999694824219,64.9800033569336,64.94499969482422,64.97000122070312,16
2026-06-10 18:35:00+00:00,64.92500305175781,64.9749984741211,64.86499786376953,64.92500305175781,101
2026-06-10 18:36:00+00:00,64.94000244140625,64.9800033569336,64.94000244140625,64.94999694824219,17
2026-06-10 18:37:00+00:00,64.88500213623047,64.93499755859375,64.88500213623047,64.93499755859375,20
2026-06-10 18:38:00+00:00,64.91000366210938,64.91000366210938,64.88500213623047,64.88500213623047,8
2026-06-10 18:39:00+00:00,64.90499877929688,64.94000244140625,64.90499877929688,64.91000366210938,6
2026-06-10 18:40:00+00:00,64.93499755859375,64.95500183105469,64.88999938964844,64.8949966430664,11
2026-06-10 18:41:00+00:00,64.95500183105469,64.97000122070312,64.93499755859375,64.97000122070312,5
2026-06-10 18:42:00+00:00,64.86000061035156,64.94000244140625,64.84500122070312,64.91500091552734,18
2026-06-10 18:43:00+00:00,64.91000366210938,64.91000366210938,64.86000061035156,64.86000061035156,4
2026-06-10 18:44:00+00:00,64.84500122070312,64.90499877929688,64.84500122070312,64.90499877929688,9
2026-06-10 18:45:00+00:00,64.80999755859375,64.87000274658203,64.80999755859375,64.86499786376953,13
2026-06-10 18:46:00+00:00,64.86000061035156,64.86000061035156,64.83499908447266,64.83499908447266,13
2026-06-10 18:47:00+00:00,64.82499694824219,64.8499984741211,64.81999969482422,64.83999633789062,17
2026-06-10 18:48:00+00:00,64.9000015258789,64.9000015258789,64.83999633789062,64.83999633789062,19
2026-06-10 18:49:00+00:00,64.81999969482422,64.86499786376953,64.81999969482422,64.86499786376953,4
2026-06-10 18:50:00+00:00,64.61000061035156,64.81999969482422,64.61000061035156,64.81500244140625,74
2026-06-10 18:51:00+00:00,64.73999786376953,64.7699966430664,64.63999938964844,64.63999938964844,30
2026-06-10 18:52:00+00:00,64.75,64.76000213623047,64.75,64.76000213623047,2
2026-06-10 18:53:00+00:00,64.78500366210938,64.80500030517578,64.78500366210938,64.80500030517578,2
2026-06-10 18:54:00+00:00,64.7699966430664,64.78500366210938,64.75499725341797,64.7750015258789,12
2026-06-10 18:55:00+00:00,64.68000030517578,64.68000030517578,64.68000030517578,64.68000030517578,1
2026-06-10 18:56:00+00:00,64.72000122070312,64.72000122070312,64.70500183105469,64.71499633789062,6
2026-06-10 18:57:00+00:00,64.77999877929688,64.77999877929688,64.73500061035156,64.73500061035156,9
2026-06-10 18:58:00+00:00,64.80500030517578,64.80999755859375,64.7699966430664,64.7699966430664,9
2026-06-10 18:59:00+00:00,64.75,64.79499816894531,64.75,64.78500366210938,9
2026-06-10 19:00:00+00:00,64.62999725341797,64.73999786376953,64.625,64.73999786376953,70
2026-06-10 19:01:00+00:00,64.68499755859375,64.68499755859375,64.62000274658203,64.62000274658203,19
2026-06-10 19:02:00+00:00,64.6500015258789,64.6500015258789,64.6050033569336,64.625,24
2026-06-10 19:03:00+00:00,64.66999816894531,64.69999694824219,64.66000366210938,64.66000366210938,13
2026-06-10 19:04:00+00:00,64.55000305175781,64.65499877929688,64.54000091552734,64.6500015258789,80
2026-06-10 19:05:00+00:00,64.55000305175781,64.55500030517578,64.51499938964844,64.55500030517578,14
2026-06-10 19:06:00+00:00,64.58999633789062,64.59500122070312,64.54000091552734,64.54000091552734,31
2026-06-10 19:07:00+00:00,64.56500244140625,64.57499694824219,64.55000305175781,64.57499694824219,14
2026-06-10 19:08:00+00:00,64.55500030517578,64.58000183105469,64.54000091552734,64.58000183105469,53
2026-06-10 19:09:00+00:00,64.5199966430664,64.55500030517578,64.5199966430664,64.54499816894531,10
2026-06-10 19:10:00+00:00,64.41999816894531,64.51499938964844,64.41999816894531,64.51499938964844,64
2026-06-10 19:11:00+00:00,64.31999969482422,64.42500305175781,64.31999969482422,64.41999816894531,58
2026-06-10 19:12:00+00:00,64.32499694824219,64.37000274658203,64.31500244140625,64.32499694824219,22
2026-06-10 19:13:00+00:00,64.27999877929688,64.33999633789062,64.25499725341797,64.33999633789062,36
2026-06-10 19:14:00+00:00,64.27999877929688,64.27999877929688,64.2300033569336,64.26499938964844,55
2026-06-10 19:15:00+00:00,64.2300033569336,64.30999755859375,64.2249984741211,64.27999877929688,22
2026-06-10 19:16:00+00:00,64.31500244140625,64.33000183105469,64.21499633789062,64.2249984741211,20
2026-06-10 19:17:00+00:00,64.23999786376953,64.27999877929688,64.2249984741211,64.27999877929688,23
2026-06-10 19:18:00+00:00,64.25,64.25,64.19499969482422,64.25,32
2026-06-10 19:19:00+00:00,64.22000122070312,64.27999877929688,64.20500183105469,64.24500274658203,22
2026-06-10 19:20:00+00:00,64.18000030517578,64.2249984741211,64.16500091552734,64.22000122070312,43
2026-06-10 19:21:00+00:00,64.20999908447266,64.22000122070312,64.1500015258789,64.16500091552734,21
2026-06-10 19:22:00+00:00,64.19000244140625,64.2300033569336,64.16000366210938,64.16500091552734,67
2026-06-10 19:23:00+00:00,63.9900016784668,64.1500015258789,63.95500183105469,64.1500015258789,106
2026-06-10 19:24:00+00:00,64.0250015258789,64.04000091552734,63.970001220703125,63.970001220703125,41
2026-06-10 19:25:00+00:00,63.939998626708984,64.05000305175781,63.939998626708984,64.01499938964844,32
2026-06-10 19:26:00+00:00,63.915000915527344,63.994998931884766,63.915000915527344,63.939998626708984,42
2026-06-10 19:27:00+00:00,63.915000915527344,63.915000915527344,63.82500076293945,63.90999984741211,83
2026-06-10 19:28:00+00:00,64.01499938964844,64.01499938964844,63.904998779296875,63.939998626708984,58
2026-06-10 19:29:00+00:00,64.03500366210938,64.04499816894531,63.9900016784668,64.01499938964844,17
2026-06-10 19:30:00+00:00,64.05999755859375,64.05999755859375,64.01000213623047,64.05500030517578,37
2026-06-10 19:31:00+00:00,64.08999633789062,64.16000366210938,64.07499694824219,64.0999984741211,66
2026-06-10 19:32:00+00:00,64.1050033569336,64.13500213623047,64.05000305175781,64.06500244140625,21
2026-06-10 19:33:00+00:00,64.06999969482422,64.11000061035156,64.06500244140625,64.11000061035156,14
2026-06-10 19:34:00+00:00,64.05500030517578,64.08499908447266,64.03500366210938,64.05999755859375,21
2026-06-10 19:35:00+00:00,63.970001220703125,64.05500030517578,63.970001220703125,64.05500030517578,83
2026-06-10 19:36:00+00:00,63.935001373291016,64.0250015258789,63.935001373291016,63.970001220703125,16
2026-06-10 19:37:00+00:00,64.01499938964844,64.01499938964844,63.959999084472656,63.959999084472656,11
2026-06-10 19:38:00+00:00,64.0199966430664,64.03500366210938,64.01499938964844,64.01499938964844,4
2026-06-10 19:39:00+00:00,64.08999633789062,64.08999633789062,64.05000305175781,64.05000305175781,17
2026-06-10 19:40:00+00:00,64.1050033569336,64.12000274658203,64.03500366210938,64.05999755859375,30
2026-06-10 19:41:00+00:00,64.125,64.18000030517578,64.09500122070312,64.16500091552734,45
2026-06-10 19:42:00+00:00,64.08499908447266,64.13500213623047,64.08000183105469,64.11000061035156,36
2026-06-10 19:43:00+00:00,64.15499877929688,64.15499877929688,64.08999633789062,64.08999633789062,45
2026-06-10 19:44:00+00:00,64.15499877929688,64.16999816894531,64.13999938964844,64.16500091552734,15
2026-06-10 19:45:00+00:00,64.1500015258789,64.19999694824219,64.1449966430664,64.16000366210938,22
2026-06-10 19:46:00+00:00,64.09500122070312,64.13999938964844,64.08000183105469,64.13999938964844,8
2026-06-10 19:47:00+00:00,64.12000274658203,64.12000274658203,64.09500122070312,64.12000274658203,7
2026-06-10 19:48:00+00:00,64.08999633789062,64.0999984741211,64.07499694824219,64.09500122070312,22
2026-06-10 19:49:00+00:00,64.12000274658203,64.12000274658203,64.07499694824219,64.07499694824219,7
2026-06-10 19:50:00+00:00,64.26000213623047,64.28500366210938,64.05000305175781,64.12999725341797,111
2026-06-10 19:51:00+00:00,64.23500061035156,64.2699966430664,64.19999694824219,64.24500274658203,20
2026-06-10 19:52:00+00:00,64.16500091552734,64.21499633789062,64.16500091552734,64.21499633789062,29
2026-06-10 19:53:00+00:00,64.13999938964844,64.17500305175781,64.12000274658203,64.17500305175781,12
2026-06-10 19:54:00+00:00,64.0999984741211,64.11499786376953,64.05999755859375,64.11499786376953,31
2026-06-10 19:55:00+00:00,63.970001220703125,64.07499694824219,63.959999084472656,64.07499694824219,100
2026-06-10 19:56:00+00:00,63.970001220703125,63.994998931884766,63.94499969482422,63.95500183105469,43
2026-06-10 19:57:00+00:00,63.89500045776367,63.9900016784668,63.89500045776367,63.970001220703125,27
2026-06-10 19:58:00+00:00,63.92499923706055,63.92499923706055,63.86000061035156,63.880001068115234,36
2026-06-10 19:59:00+00:00,63.8849983215332,63.915000915527344,63.85499954223633,63.915000915527344,40
2026-06-10 20:00:00+00:00,63.834999084472656,63.8849983215332,63.81999969482422,63.8849983215332,20
2026-06-10 20:01:00+00:00,63.72999954223633,63.81999969482422,63.70500183105469,63.81999969482422,53
2026-06-10 20:02:00+00:00,63.70000076293945,63.720001220703125,63.66999816894531,63.709999084472656,23
2026-06-10 20:03:00+00:00,63.724998474121094,63.72999954223633,63.66999816894531,63.709999084472656,28
2026-06-10 20:04:00+00:00,63.70000076293945,63.720001220703125,63.65999984741211,63.71500015258789,44
2026-06-10 20:05:00+00:00,63.630001068115234,63.69499969482422,63.599998474121094,63.66999816894531,22
2026-06-10 20:06:00+00:00,63.64500045776367,63.64500045776367,63.60499954223633,63.6349983215332,36
2026-06-10 20:07:00+00:00,63.650001525878906,63.665000915527344,63.59000015258789,63.654998779296875,28
2026-06-10 20:08:00+00:00,63.599998474121094,63.665000915527344,63.599998474121094,63.654998779296875,30
2026-06-10 20:09:00+00:00,63.540000915527344,63.59000015258789,63.494998931884766,63.57500076293945,108
2026-06-10 20:10:00+00:00,63.56999969482422,63.56999969482422,63.5,63.505001068115234,40
2026-06-10 20:11:00+00:00,63.525001525878906,63.55500030517578,63.42499923706055,63.55500030517578,58
2026-06-10 20:12:00+00:00,63.5099983215332,63.55500030517578,63.5,63.540000915527344,25
2026-06-10 20:13:00+00:00,63.56999969482422,63.61000061035156,63.525001525878906,63.525001525878906,37
2026-06-10 20:14:00+00:00,63.54499816894531,63.55500030517578,63.54499816894531,63.55500030517578,3
2026-06-10 20:15:00+00:00,63.540000915527344,63.564998626708984,63.540000915527344,63.54999923706055,6
2026-06-10 20:16:00+00:00,63.494998931884766,63.56999969482422,63.494998931884766,63.564998626708984,10
2026-06-10 20:17:00+00:00,63.540000915527344,63.540000915527344,63.48500061035156,63.48500061035156,2
2026-06-10 20:18:00+00:00,63.55500030517578,63.58000183105469,63.55500030517578,63.56999969482422,7
2026-06-10 20:19:00+00:00,63.54999923706055,63.55500030517578,63.54999923706055,63.55500030517578,2
2026-06-10 20:20:00+00:00,63.52000045776367,63.540000915527344,63.52000045776367,63.540000915527344,12
2026-06-10 20:21:00+00:00,63.60499954223633,63.630001068115234,63.60499954223633,63.60499954223633,7
2026-06-10 20:22:00+00:00,63.625,63.630001068115234,63.625,63.630001068115234,2
2026-06-10 20:23:00+00:00,63.650001525878906,63.650001525878906,63.619998931884766,63.619998931884766,4
2026-06-10 20:24:00+00:00,63.63999938964844,63.654998779296875,63.63999938964844,63.650001525878906,8
2026-06-10 20:25:00+00:00,63.70000076293945,63.70000076293945,63.6349983215332,63.6349983215332,22
2026-06-10 20:26:00+00:00,63.720001220703125,63.720001220703125,63.720001220703125,63.720001220703125,26
2026-06-10 20:27:00+00:00,63.709999084472656,63.76499938964844,63.709999084472656,63.7400016784668,47
2026-06-10 20:28:00+00:00,63.720001220703125,63.7400016784668,63.71500015258789,63.7400016784668,6
2026-06-10 20:29:00+00:00,63.73500061035156,63.73500061035156,63.720001220703125,63.720001220703125,4
2026-06-10 20:30:00+00:00,63.67499923706055,63.720001220703125,63.665000915527344,63.720001220703125,10
2026-06-10 20:31:00+00:00,63.625,63.65999984741211,63.6150016784668,63.65999984741211,7
2026-06-10 20:32:00+00:00,63.625,63.630001068115234,63.6150016784668,63.630001068115234,5
2026-06-10 20:33:00+00:00,63.665000915527344,63.68000030517578,63.630001068115234,63.630001068115234,10
2026-06-10 20:34:00+00:00,63.665000915527344,63.665000915527344,63.665000915527344,63.665000915527344,1
2026-06-10 20:35:00+00:00,63.66999816894531,63.66999816894531,63.64500045776367,63.64500045776367,13
2026-06-10 20:37:00+00:00,63.724998474121094,63.72999954223633,63.625,63.66999816894531,34
2026-06-10 20:39:00+00:00,63.724998474121094,63.744998931884766,63.724998474121094,63.744998931884766,5
2026-06-10 20:40:00+00:00,63.744998931884766,63.744998931884766,63.72999954223633,63.72999954223633,2
2026-06-10 20:41:00+00:00,63.71500015258789,63.73500061035156,63.71500015258789,63.72999954223633,8
2026-06-10 20:42:00+00:00,63.709999084472656,63.709999084472656,63.709999084472656,63.709999084472656,3
2026-06-10 20:43:00+00:00,63.60499954223633,63.685001373291016,63.60499954223633,63.685001373291016,29
2026-06-10 20:44:00+00:00,63.68000030517578,63.689998626708984,63.625,63.625,23
2026-06-10 20:45:00+00:00,63.63999938964844,63.68000030517578,63.63999938964844,63.68000030517578,6
2026-06-10 20:46:00+00:00,63.57500076293945,63.619998931884766,63.57500076293945,63.6150016784668,17
2026-06-10 20:47:00+00:00,63.560001373291016,63.599998474121094,63.55500030517578,63.55500030517578,6
2026-06-10 20:48:00+00:00,63.560001373291016,63.58000183105469,63.529998779296875,63.529998779296875,9
2026-06-10 20:49:00+00:00,63.540000915527344,63.54999923706055,63.540000915527344,63.54999923706055,3
2026-06-10 20:50:00+00:00,63.5,63.52000045776367,63.5,63.52000045776367,18
2026-06-10 20:51:00+00:00,63.52000045776367,63.52000045776367,63.43000030517578,63.51499938964844,26
2026-06-10 20:52:00+00:00,63.5099983215332,63.52000045776367,63.5099983215332,63.52000045776367,4
2026-06-10 20:53:00+00:00,63.52000045776367,63.52000045776367,63.494998931884766,63.494998931884766,9
2026-06-10 20:54:00+00:00,63.505001068115234,63.505001068115234,63.4900016784668,63.505001068115234,36
2026-06-10 20:55:00+00:00,63.494998931884766,63.51499938964844,63.494998931884766,63.5099983215332,18
2026-06-10 20:56:00+00:00,63.459999084472656,63.47999954223633,63.42499923706055,63.47999954223633,23
2026-06-10 20:57:00+00:00,63.5,63.5,63.47999954223633,63.4900016784668,8
2026-06-10 20:58:00+00:00,63.525001525878906,63.54999923706055,63.505001068115234,63.505001068115234,8
2026-06-10 20:59:00+00:00,63.5,63.560001373291016,63.5,63.560001373291016,22
2026-06-10 22:00:00+00:00,63.15999984741211,63.59000015258789,63.099998474121094,63.525001525878906,0
2026-06-10 22:01:00+00:00,63.130001068115234,63.2400016784668,63.099998474121094,63.1349983215332,77
2026-06-10 22:02:00+00:00,62.95000076293945,63.1150016784668,62.88999938964844,63.1150016784668,154
2026-06-10 22:03:00+00:00,63.02000045776367,63.04499816894531,62.97999954223633,62.98500061035156,48
2026-06-10 22:04:00+00:00,62.994998931884766,63.06999969482422,62.994998931884766,63.05500030517578,6
2026-06-10 22:05:00+00:00,62.9900016784668,63.02000045776367,62.97999954223633,63.02000045776367,16
2026-06-10 22:06:00+00:00,62.935001373291016,62.9900016784668,62.91999816894531,62.96500015258789,49
2026-06-10 22:07:00+00:00,62.92499923706055,63.01499938964844,62.92499923706055,62.939998626708984,19
2026-06-10 22:08:00+00:00,62.98500061035156,63.02000045776367,62.970001220703125,62.970001220703125,16
2026-06-10 22:09:00+00:00,62.8849983215332,63.01499938964844,62.8849983215332,63.01499938964844,17
2026-06-10 22:10:00+00:00,62.904998779296875,62.95500183105469,62.845001220703125,62.88999938964844,41
2026-06-10 22:11:00+00:00,62.79999923706055,62.89500045776367,62.78499984741211,62.89500045776367,37
2026-06-10 22:12:00+00:00,62.810001373291016,62.83000183105469,62.79999923706055,62.79999923706055,16
2026-06-10 22:13:00+00:00,62.86000061035156,62.89500045776367,62.82500076293945,62.83000183105469,24
2026-06-10 22:14:00+00:00,62.97999954223633,63.005001068115234,62.875,62.875,23
2026-06-10 22:15:00+00:00,62.85499954223633,63.029998779296875,62.85499954223633,63.0099983215332,31
2026-06-10 22:16:00+00:00,62.689998626708984,62.834999084472656,62.665000915527344,62.834999084472656,62
2026-06-10 22:17:00+00:00,62.619998931884766,62.70500183105469,62.560001373291016,62.70000076293945,54
2026-06-10 22:18:00+00:00,62.70500183105469,62.7599983215332,62.630001068115234,62.630001068115234,38
2026-06-10 22:19:00+00:00,62.849998474121094,62.869998931884766,62.70000076293945,62.724998474121094,40
2026-06-10 22:20:00+00:00,62.65999984741211,62.744998931884766,62.65999984741211,62.7400016784668,15
2026-06-10 22:21:00+00:00,62.584999084472656,62.7400016784668,62.584999084472656,62.689998626708984,29
2026-06-10 22:22:00+00:00,62.63999938964844,62.689998626708984,62.54499816894531,62.56999969482422,44
2026-06-10 22:23:00+00:00,62.685001373291016,62.724998474121094,62.65999984741211,62.665000915527344,25
2026-06-10 22:24:00+00:00,62.650001525878906,62.68000030517578,62.630001068115234,62.665000915527344,9
2026-06-10 22:25:00+00:00,62.69499969482422,62.71500015258789,62.525001525878906,62.63999938964844,26
2026-06-10 22:26:00+00:00,62.709999084472656,62.72999954223633,62.67499923706055,62.72999954223633,11
2026-06-10 22:27:00+00:00,62.689998626708984,62.72999954223633,62.66999816894531,62.689998626708984,16
2026-06-10 22:28:00+00:00,62.8650016784668,62.880001068115234,62.70500183105469,62.70500183105469,18
2026-06-10 22:29:00+00:00,62.849998474121094,62.849998474121094,62.75,62.779998779296875,7
2026-06-10 22:30:00+00:00,62.97999954223633,62.9900016784668,62.869998931884766,62.869998931884766,22
2026-06-10 22:31:00+00:00,62.9900016784668,63.01499938964844,62.97999954223633,62.97999954223633,22
2026-06-10 22:32:00+00:00,62.959999084472656,62.9900016784668,62.959999084472656,62.9900016784668,3
2026-06-10 22:33:00+00:00,63.06999969482422,63.095001220703125,62.95000076293945,62.95000076293945,30
2026-06-10 22:34:00+00:00,62.9900016784668,63.04999923706055,62.9900016784668,63.04999923706055,9
2026-06-10 22:35:00+00:00,63.1349983215332,63.1349983215332,62.98500061035156,62.9900016784668,24
2026-06-10 22:36:00+00:00,63.150001525878906,63.150001525878906,63.119998931884766,63.125,29
2026-06-10 22:37:00+00:00,63.275001525878906,63.29999923706055,63.150001525878906,63.16999816894531,23
2026-06-10 22:38:00+00:00,63.29999923706055,63.30500030517578,63.2400016784668,63.28499984741211,13
2026-06-10 22:39:00+00:00,63.3650016784668,63.38999938964844,63.26499938964844,63.27000045776367,12
2026-06-10 22:40:00+00:00,63.415000915527344,63.44499969482422,63.310001373291016,63.349998474121094,37
2026-06-10 22:41:00+00:00,63.32500076293945,63.3650016784668,63.29999923706055,63.349998474121094,10
2026-06-10 22:42:00+00:00,63.29999923706055,63.29999923706055,63.255001068115234,63.290000915527344,13
2026-06-10 22:43:00+00:00,63.459999084472656,63.46500015258789,63.32500076293945,63.32500076293945,38
2026-06-10 22:44:00+00:00,63.35499954223633,63.5099983215332,63.29999923706055,63.48500061035156,77
2026-06-10 22:45:00+00:00,63.26499938964844,63.349998474121094,63.22999954223633,63.349998474121094,27
2026-06-10 22:46:00+00:00,63.400001525878906,63.400001525878906,63.22999954223633,63.28499984741211,29
2026-06-10 22:47:00+00:00,63.380001068115234,63.43000030517578,63.380001068115234,63.3849983215332,36
2026-06-10 22:48:00+00:00,63.3849983215332,63.40999984741211,63.30500030517578,63.369998931884766,12
2026-06-10 22:49:00+00:00,63.31999969482422,63.369998931884766,63.314998626708984,63.369998931884766,4
2026-06-10 22:50:00+00:00,63.2400016784668,63.39500045776367,63.2400016784668,63.39500045776367,11
2026-06-10 22:51:00+00:00,63.220001220703125,63.26499938964844,63.220001220703125,63.26499938964844,9
2026-06-10 22:52:00+00:00,63.18000030517578,63.224998474121094,63.18000030517578,63.224998474121094,10
2026-06-10 22:53:00+00:00,62.94499969482422,63.17499923706055,62.8849983215332,63.17499923706055,82
2026-06-10 22:54:00+00:00,63.040000915527344,63.04499816894531,63.005001068115234,63.04499816894531,8
2026-06-10 22:55:00+00:00,62.875,63.02000045776367,62.834999084472656,63.02000045776367,23
2026-06-10 22:56:00+00:00,62.904998779296875,62.939998626708984,62.900001525878906,62.92499923706055,7
2026-06-10 22:57:00+00:00,62.95500183105469,62.95500183105469,62.92499923706055,62.94499969482422,7
2026-06-10 22:58:00+00:00,62.86000061035156,62.95000076293945,62.81999969482422,62.95000076293945,9
2026-06-10 22:59:00+00:00,62.76499938964844,62.849998474121094,62.744998931884766,62.849998474121094,23
2026-06-10 23:00:00+00:00,62.81999969482422,62.834999084472656,62.70500183105469,62.80500030517578,34
2026-06-10 23:01:00+00:00,62.814998626708984,62.85499954223633,62.814998626708984,62.834999084472656,28
2026-06-10 23:02:00+00:00,62.915000915527344,62.95000076293945,62.83000183105469,62.83000183105469,16
2026-06-10 23:03:00+00:00,62.900001525878906,62.900001525878906,62.86000061035156,62.86000061035156,5
2026-06-10 23:04:00+00:00,62.91999816894531,62.92499923706055,62.86000061035156,62.8650016784668,11
2026-06-10 23:05:00+00:00,62.86000061035156,62.86000061035156,62.79999923706055,62.85499954223633,8
2026-06-10 23:06:00+00:00,62.77000045776367,62.775001525878906,62.77000045776367,62.775001525878906,5
2026-06-10 23:07:00+00:00,62.70000076293945,62.744998931884766,62.64500045776367,62.744998931884766,21
2026-06-10 23:08:00+00:00,62.67499923706055,62.71500015258789,62.650001525878906,62.685001373291016,27
2026-06-10 23:09:00+00:00,62.45000076293945,62.70000076293945,62.45000076293945,62.66999816894531,83
2026-06-10 23:10:00+00:00,62.540000915527344,62.560001373291016,62.45500183105469,62.45500183105469,10
2026-06-10 23:11:00+00:00,62.525001525878906,62.599998474121094,62.45000076293945,62.54999923706055,15
2026-06-10 23:12:00+00:00,62.39500045776367,62.52000045776367,62.36000061035156,62.51499938964844,51
2026-06-10 23:13:00+00:00,62.10499954223633,62.494998931884766,62.10499954223633,62.38999938964844,156
2026-06-10 23:14:00+00:00,61.88999938964844,62.14500045776367,61.595001220703125,62.130001068115234,465
2026-06-10 23:15:00+00:00,61.95000076293945,62.06999969482422,61.7599983215332,61.875,50
2026-06-10 23:16:00+00:00,61.904998779296875,61.96500015258789,61.810001373291016,61.95500183105469,35
2026-06-10 23:17:00+00:00,62.0,62.060001373291016,61.92499923706055,61.95000076293945,60
2026-06-10 23:18:00+00:00,61.875,62.01499938964844,61.875,62.01499938964844,63
2026-06-10 23:19:00+00:00,62.375,62.439998626708984,61.82500076293945,61.83000183105469,106
2026-06-10 23:20:00+00:00,62.38999938964844,62.665000915527344,62.30500030517578,62.30500030517578,170
2026-06-10 23:21:00+00:00,62.48500061035156,62.525001525878906,62.275001525878906,62.45000076293945,109
2026-06-10 23:22:00+00:00,62.40999984741211,62.474998474121094,62.349998474121094,62.474998474121094,14
2026-06-10 23:23:00+00:00,62.39500045776367,62.5099983215332,62.36000061035156,62.459999084472656,26
2026-06-10 23:24:00+00:00,62.46500015258789,62.529998779296875,62.439998626708984,62.45000076293945,23
2026-06-10 23:25:00+00:00,62.439998626708984,62.53499984741211,62.3650016784668,62.45000076293945,58
2026-06-10 23:26:00+00:00,62.7400016784668,62.7400016784668,62.439998626708984,62.439998626708984,37
2026-06-10 23:27:00+00:00,62.80500030517578,62.849998474121094,62.70500183105469,62.75,56
2026-06-10 23:28:00+00:00,62.79499816894531,62.79999923706055,62.73500061035156,62.7400016784668,23
2026-06-10 23:29:00+00:00,62.90999984741211,62.95000076293945,62.779998779296875,62.779998779296875,56
2026-06-10 23:30:00+00:00,62.845001220703125,62.93000030517578,62.845001220703125,62.880001068115234,27
2026-06-10 23:31:00+00:00,62.779998779296875,62.875,62.779998779296875,62.83000183105469,13
2026-06-10 23:32:00+00:00,62.8849983215332,62.904998779296875,62.724998474121094,62.78499984741211,58
2026-06-10 23:33:00+00:00,62.744998931884766,62.89500045776367,62.744998931884766,62.875,21
2026-06-10 23:34:00+00:00,62.83000183105469,62.83000183105469,62.755001068115234,62.810001373291016,12
2026-06-10 23:35:00+00:00,62.904998779296875,62.95000076293945,62.845001220703125,62.845001220703125,15
2026-06-10 23:36:00+00:00,62.845001220703125,62.915000915527344,62.845001220703125,62.8849983215332,6
2026-06-10 23:37:00+00:00,62.8849983215332,62.900001525878906,62.82500076293945,62.85499954223633,13
2026-06-10 23:38:00+00:00,62.81999969482422,62.81999969482422,62.81999969482422,62.81999969482422,11
2026-06-10 23:39:00+00:00,62.79499816894531,62.814998626708984,62.775001525878906,62.790000915527344,7
2026-06-10 23:40:00+00:00,62.880001068115234,62.880001068115234,62.75,62.775001525878906,14
2026-06-10 23:41:00+00:00,62.72999954223633,62.834999084472656,62.71500015258789,62.834999084472656,20
2026-06-10 23:42:00+00:00,62.814998626708984,62.81999969482422,62.77000045776367,62.77000045776367,11
2026-06-10 23:43:00+00:00,62.83000183105469,62.84000015258789,62.83000183105469,62.84000015258789,9
2026-06-10 23:44:00+00:00,62.689998626708984,62.775001525878906,62.65999984741211,62.775001525878906,31
2026-06-10 23:45:00+00:00,62.53499984741211,62.59000015258789,62.494998931884766,62.58000183105469,83
2026-06-10 23:46:00+00:00,62.6349983215332,62.650001525878906,62.61000061035156,62.650001525878906,9
2026-06-10 23:47:00+00:00,62.744998931884766,62.744998931884766,62.61000061035156,62.6349983215332,14
2026-06-10 23:48:00+00:00,62.790000915527344,62.88999938964844,62.790000915527344,62.810001373291016,66
2026-06-10 23:50:00+00:00,62.65999984741211,62.70500183105469,62.65999984741211,62.70500183105469,2
2026-06-10 23:51:00+00:00,62.654998779296875,62.654998779296875,62.619998931884766,62.650001525878906,5
2026-06-10 23:52:00+00:00,62.61000061035156,62.67499923706055,62.61000061035156,62.65999984741211,27
2026-06-10 23:53:00+00:00,62.64500045776367,62.64500045776367,62.630001068115234,62.630001068115234,2
2026-06-10 23:54:00+00:00,62.599998474121094,62.61000061035156,62.564998626708984,62.61000061035156,21
2026-06-10 23:55:00+00:00,62.459999084472656,62.58000183105469,62.40999984741211,62.58000183105469,51
2026-06-10 23:56:00+00:00,62.33000183105469,62.46500015258789,62.33000183105469,62.46500015258789,35
2026-06-10 23:57:00+00:00,62.30500030517578,62.30500030517578,62.130001068115234,62.29999923706055,80
2026-06-10 23:58:00+00:00,62.345001220703125,62.42499923706055,62.34000015258789,62.3849983215332,38
2026-06-10 23:59:00+00:00,62.4900016784668,62.5,62.375,62.380001068115234,12
2026-06-11 00:00:00+00:00,62.599998474121094,62.6150016784668,62.32500076293945,62.35499954223633,15
2026-06-11 00:01:00+00:00,62.45000076293945,62.59000015258789,62.45000076293945,62.59000015258789,11
2026-06-11 00:02:00+00:00,62.60499954223633,62.69499969482422,62.60499954223633,62.61000061035156,34
2026-06-11 00:03:00+00:00,62.310001373291016,62.54999923706055,62.310001373291016,62.494998931884766,28
2026-06-11 00:04:00+00:00,62.33000183105469,62.400001525878906,62.275001525878906,62.35499954223633,46
2026-06-11 00:05:00+00:00,62.459999084472656,62.505001068115234,62.35499954223633,62.40999984741211,13
2026-06-11 00:06:00+00:00,62.47999954223633,62.505001068115234,62.375,62.375,6
2026-06-11 00:07:00+00:00,62.439998626708984,62.505001068115234,62.41999816894531,62.435001373291016,11
2026-06-11 00:08:00+00:00,62.369998931884766,62.459999084472656,62.369998931884766,62.39500045776367,14
2026-06-11 00:09:00+00:00,62.32500076293945,62.3650016784668,62.2599983215332,62.349998474121094,14
2026-06-11 00:10:00+00:00,62.185001373291016,62.30500030517578,62.14500045776367,62.30500030517578,36
2026-06-11 00:11:00+00:00,62.36000061035156,62.36000061035156,62.244998931884766,62.244998931884766,13
2026-06-11 00:12:00+00:00,62.560001373291016,62.56999969482422,62.375,62.39500045776367,25
2026-06-11 00:13:00+00:00,62.70500183105469,62.810001373291016,62.6349983215332,62.65999984741211,31
2026-06-11 00:14:00+00:00,62.709999084472656,62.76499938964844,62.709999084472656,62.71500015258789,9
2026-06-11 00:15:00+00:00,63.03499984741211,63.04499816894531,62.70000076293945,62.76499938964844,136
2026-06-11 00:16:00+00:00,62.96500015258789,63.05500030517578,62.8650016784668,63.005001068115234,45
2026-06-11 00:17:00+00:00,63.314998626708984,63.349998474121094,62.869998931884766,62.93000030517578,123
2026-06-11 00:18:00+00:00,63.279998779296875,63.31999969482422,63.09000015258789,63.290000915527344,198
2026-06-11 00:19:00+00:00,63.095001220703125,63.28499984741211,63.07500076293945,63.28499984741211,113
2026-06-11 00:20:00+00:00,63.064998626708984,63.09000015258789,63.060001373291016,63.07500076293945,17
2026-06-11 00:21:00+00:00,63.21500015258789,63.21500015258789,63.05500030517578,63.08000183105469,6
2026-06-11 00:22:00+00:00,63.185001373291016,63.21500015258789,63.18000030517578,63.185001373291016,14
2026-06-11 00:23:00+00:00,63.150001525878906,63.150001525878906,63.099998474121094,63.13999938964844,8
2026-06-11 00:24:00+00:00,63.005001068115234,63.125,63.0,63.125,6
2026-06-11 00:25:00+00:00,63.0099983215332,63.02000045776367,62.97999954223633,63.02000045776367,11
2026-06-11 00:26:00+00:00,63.119998931884766,63.18000030517578,63.05500030517578,63.064998626708984,17
2026-06-11 00:27:00+00:00,63.10499954223633,63.15999984741211,63.07500076293945,63.150001525878906,8
2026-06-11 00:28:00+00:00,63.06999969482422,63.06999969482422,63.06999969482422,63.06999969482422,1
2026-06-11 00:29:00+00:00,63.13999938964844,63.15999984741211,63.13999938964844,63.15999984741211,7
2026-06-11 00:30:00+00:00,63.14500045776367,63.18000030517578,63.06999969482422,63.17499923706055,15
2026-06-11 00:31:00+00:00,63.25,63.26499938964844,63.125,63.125,29
2026-06-11 00:32:00+00:00,63.224998474121094,63.290000915527344,63.220001220703125,63.27000045776367,17
2026-06-11 00:33:00+00:00,63.334999084472656,63.42499923706055,63.1349983215332,63.220001220703125,67
2026-06-11 00:34:00+00:00,63.224998474121094,63.3650016784668,63.224998474121094,63.334999084472656,15
2026-06-11 00:35:00+00:00,63.29999923706055,63.29999923706055,63.17499923706055,63.209999084472656,11
2026-06-11 00:36:00+00:00,63.189998626708984,63.244998931884766,63.099998474121094,63.224998474121094,35
2026-06-11 00:37:00+00:00,63.220001220703125,63.25,63.15999984741211,63.244998931884766,12
2026-06-11 00:38:00+00:00,63.209999084472656,63.22999954223633,63.209999084472656,63.220001220703125,5
2026-06-11 00:39:00+00:00,63.150001525878906,63.189998626708984,63.14500045776367,63.189998626708984,3
2026-06-11 00:40:00+00:00,63.189998626708984,63.189998626708984,63.150001525878906,63.150001525878906,3
2026-06-11 00:41:00+00:00,63.40999984741211,63.40999984741211,63.244998931884766,63.244998931884766,15
2026-06-11 00:42:00+00:00,63.46500015258789,63.46500015258789,63.375,63.42499923706055,20
2026-06-11 00:43:00+00:00,63.33000183105469,63.439998626708984,63.275001525878906,63.43000030517578,36
2026-06-11 00:44:00+00:00,63.2400016784668,63.32500076293945,63.2400016784668,63.32500076293945,3
2026-06-11 00:45:00+00:00,63.35499954223633,63.415000915527344,63.244998931884766,63.244998931884766,13
2026-06-11 00:46:00+00:00,63.560001373291016,63.584999084472656,63.3650016784668,63.3650016784668,35
2026-06-11 00:47:00+00:00,63.45000076293945,63.540000915527344,63.42499923706055,63.540000915527344,17
2026-06-11 00:48:00+00:00,63.5099983215332,63.52000045776367,63.41999816894531,63.45000076293945,7
2026-06-11 00:49:00+00:00,63.52000045776367,63.529998779296875,63.494998931884766,63.494998931884766,7
2026-06-11 00:50:00+00:00,63.57500076293945,63.57500076293945,63.51499938964844,63.52000045776367,15
2026-06-11 00:51:00+00:00,63.52000045776367,63.58000183105469,63.5,63.560001373291016,29
2026-06-11 00:52:00+00:00,63.60499954223633,63.63999938964844,63.52000045776367,63.525001525878906,19
2026-06-11 00:53:00+00:00,63.56999969482422,63.57500076293945,63.54999923706055,63.56999969482422,8
2026-06-11 00:54:00+00:00,63.560001373291016,63.58000183105469,63.529998779296875,63.53499984741211,16
2026-06-11 00:55:00+00:00,63.65999984741211,63.66999816894531,63.54499816894531,63.54499816894531,21
2026-06-11 00:56:00+00:00,63.79499816894531,63.845001220703125,63.650001525878906,63.650001525878906,69
2026-06-11 00:57:00+00:00,63.83000183105469,63.83000183105469,63.72999954223633,63.77000045776367,18
2026-06-11 00:58:00+00:00,63.71500015258789,63.810001373291016,63.70500183105469,63.79999923706055,30
2026-06-11 00:59:00+00:00,63.720001220703125,63.845001220703125,63.70500183105469,63.709999084472656,84
2026-06-11 01:00:00+00:00,63.869998931884766,64.18000030517578,63.689998626708984,63.689998626708984,416
2026-06-11 01:01:00+00:00,64.09500122070312,64.11499786376953,63.834999084472656,63.85499954223633,65
2026-06-11 01:02:00+00:00,63.91999816894531,64.19499969482422,63.91999816894531,64.06999969482422,62
2026-06-11 01:03:00+00:00,63.974998474121094,64.0250015258789,63.88999938964844,63.915000915527344,53
2026-06-11 01:04:00+00:00,63.775001525878906,64.04000091552734,63.7400016784668,63.93000030517578,154
2026-06-11 01:05:00+00:00,63.70500183105469,63.83000183105469,63.650001525878906,63.755001068115234,87
2026-06-11 01:06:00+00:00,63.75,63.79499816894531,63.650001525878906,63.724998474121094,52
2026-06-11 01:07:00+00:00,63.470001220703125,63.720001220703125,63.44499969482422,63.70500183105469,144
2026-06-11 01:08:00+00:00,63.5099983215332,63.540000915527344,63.369998931884766,63.470001220703125,45
2026-06-11 01:09:00+00:00,63.66999816894531,63.685001373291016,63.560001373291016,63.564998626708984,37
2026-06-11 01:10:00+00:00,63.89500045776367,63.95500183105469,63.70000076293945,63.70000076293945,76
2026-06-11 01:11:00+00:00,63.96500015258789,63.9900016784668,63.79999923706055,63.880001068115234,31
2026-06-11 01:12:00+00:00,63.959999084472656,64.04000091552734,63.900001525878906,63.91999816894531,27
2026-06-11 01:13:00+00:00,64.11000061035156,64.12999725341797,63.92499923706055,63.959999084472656,54
2026-06-11 01:14:00+00:00,64.07499694824219,64.0999984741211,63.98500061035156,64.04499816894531,25
2026-06-11 01:15:00+00:00,64.16000366210938,64.23500061035156,64.05000305175781,64.08999633789062,76
2026-06-11 01:16:00+00:00,64.36499786376953,64.48500061035156,64.125,64.1500015258789,205
2026-06-11 01:17:00+00:00,64.3550033569336,64.40499877929688,64.30000305175781,64.34500122070312,50
2026-06-11 01:18:00+00:00,64.32499694824219,64.38999938964844,64.30000305175781,64.38500213623047,22
2026-06-11 01:19:00+00:00,64.2750015258789,64.32499694824219,64.20999908447266,64.29000091552734,35
2026-06-11 01:20:00+00:00,64.43000030517578,64.43000030517578,64.2750015258789,64.2750015258789,70
2026-06-11 01:21:00+00:00,64.31999969482422,64.44999694824219,64.26499938964844,64.41500091552734,39
2026-06-11 01:22:00+00:00,64.2699966430664,64.30999755859375,64.25,64.30999755859375,17
2026-06-11 01:23:00+00:00,64.31500244140625,64.4000015258789,64.26499938964844,64.33000183105469,118
2026-06-11 01:24:00+00:00,64.40499877929688,64.43000030517578,64.33999633789062,64.33999633789062,15
2026-06-11 01:25:00+00:00,64.58000183105469,64.62999725341797,64.41999816894531,64.41999816894531,183
2026-06-11 01:26:00+00:00,64.41999816894531,64.59500122070312,64.41999816894531,64.58999633789062,35
2026-06-11 01:27:00+00:00,64.43499755859375,64.44499969482422,64.36499786376953,64.43499755859375,23
2026-06-11 01:28:00+00:00,64.42500305175781,64.5,64.41999816894531,64.45999908447266,22
2026-06-11 01:29:00+00:00,64.5250015258789,64.5250015258789,64.37999725341797,64.40499877929688,40
2026-06-11 01:30:00+00:00,64.5,64.54499816894531,64.44499969482422,64.48999786376953,37
2026-06-11 01:31:00+00:00,64.41500091552734,64.5,64.41000366210938,64.48500061035156,45
2026-06-11 01:32:00+00:00,64.52999877929688,64.59500122070312,64.43000030517578,64.43000030517578,30
2026-06-11 01:33:00+00:00,64.41500091552734,64.47000122070312,64.38500213623047,64.47000122070312,9
2026-06-11 01:34:00+00:00,64.50499725341797,64.50499725341797,64.43499755859375,64.43499755859375,10
2026-06-11 01:35:00+00:00,64.55999755859375,64.55999755859375,64.4749984741211,64.48999786376953,13
2026-06-11 01:36:00+00:00,64.58000183105469,64.58000183105469,64.55999755859375,64.56999969482422,9
2026-06-11 01:37:00+00:00,64.53500366210938,64.63999938964844,64.5250015258789,64.55999755859375,51
2026-06-11 01:38:00+00:00,64.58999633789062,64.63500213623047,64.53500366210938,64.53500366210938,23
2026-06-11 01:39:00+00:00,64.62000274658203,64.63500213623047,64.54000091552734,64.5999984741211,85
2026-06-11 01:40:00+00:00,64.5999984741211,64.625,64.55000305175781,64.61000061035156,33
2026-06-11 01:41:00+00:00,64.6050033569336,64.63999938964844,64.58000183105469,64.58499908447266,52
2026-06-11 01:42:00+00:00,64.61000061035156,64.6500015258789,64.55000305175781,64.61499786376953,58
2026-06-11 01:43:00+00:00,64.56500244140625,64.625,64.5,64.62000274658203,27
2026-06-11 01:44:00+00:00,64.54000091552734,64.54499816894531,64.4800033569336,64.51000213623047,20
2026-06-11 01:45:00+00:00,64.375,64.56999969482422,64.30000305175781,64.56999969482422,83
2026-06-11 01:46:00+00:00,64.43000030517578,64.43000030517578,64.32499694824219,64.34500122070312,12
2026-06-11 01:47:00+00:00,64.52999877929688,64.52999877929688,64.41999816894531,64.41999816894531,15
2026-06-11 01:48:00+00:00,64.48500061035156,64.5,64.44000244140625,64.44000244140625,64
2026-06-11 01:49:00+00:00,64.36499786376953,64.45500183105469,64.36499786376953,64.45500183105469,16
2026-06-11 01:50:00+00:00,64.2699966430664,64.37999725341797,64.2699966430664,64.34500122070312,53
2026-06-11 01:51:00+00:00,64.31500244140625,64.31500244140625,64.25499725341797,64.26000213623047,25
2026-06-11 01:52:00+00:00,64.20999908447266,64.30000305175781,64.19000244140625,64.26499938964844,17
2026-06-11 01:53:00+00:00,64.16500091552734,64.23500061035156,64.1449966430664,64.20999908447266,44
2026-06-11 01:54:00+00:00,64.125,64.23999786376953,64.09500122070312,64.19999694824219,42
2026-06-11 01:55:00+00:00,64.03500366210938,64.1050033569336,64.0,64.0999984741211,49
2026-06-11 01:56:00+00:00,64.05000305175781,64.08999633789062,64.0250015258789,64.02999877929688,24
2026-06-11 01:57:00+00:00,64.12999725341797,64.1500015258789,64.05000305175781,64.05000305175781,17
2026-06-11 01:58:00+00:00,64.09500122070312,64.12999725341797,64.09500122070312,64.12999725341797,6
2026-06-11 01:59:00+00:00,64.19999694824219,64.19999694824219,64.16000366210938,64.16000366210938,20
2026-06-11 02:00:00+00:00,64.12000274658203,64.19999694824219,64.1050033569336,64.13500213623047,25
2026-06-11 02:01:00+00:00,64.12000274658203,64.125,64.09500122070312,64.11499786376953,13
2026-06-11 02:02:00+00:00,64.06500244140625,64.18499755859375,64.03500366210938,64.13999938964844,16
2026-06-11 02:03:00+00:00,64.05500030517578,64.0999984741211,64.04000091552734,64.06999969482422,11
2026-06-11 02:04:00+00:00,64.22000122070312,64.22000122070312,64.03500366210938,64.04000091552734,77
2026-06-11 02:05:00+00:00,64.13999938964844,64.18499755859375,64.0999984741211,64.18499755859375,6
2026-06-11 02:06:00+00:00,64.07499694824219,64.12999725341797,64.05999755859375,64.12999725341797,34
2026-06-11 02:07:00+00:00,64.06500244140625,64.0999984741211,64.06500244140625,64.08499908447266,9
2026-06-11 02:08:00+00:00,64.09500122070312,64.0999984741211,64.04499816894531,64.04499816894531,12
2026-06-11 02:09:00+00:00,64.05000305175781,64.13500213623047,64.04499816894531,64.06500244140625,27
2026-06-11 02:10:00+00:00,64.04000091552734,64.125,64.04000091552734,64.08000183105469,19
2026-06-11 02:11:00+00:00,64.05500030517578,64.05999755859375,64.0,64.0199966430664,45
2026-06-11 02:12:00+00:00,64.0,64.05000305175781,64.0,64.04000091552734,33
2026-06-11 02:13:00+00:00,64.05000305175781,64.05000305175781,63.994998931884766,64.00499725341797,15
2026-06-11 02:14:00+00:00,64.0250015258789,64.03500366210938,64.0,64.0250015258789,10
2026-06-11 02:15:00+00:00,63.98500061035156,64.00499725341797,63.98500061035156,63.994998931884766,12
2026-06-11 02:16:00+00:00,63.974998474121094,63.97999954223633,63.95500183105469,63.96500015258789,8
2026-06-11 02:17:00+00:00,63.98500061035156,64.01499938964844,63.959999084472656,63.98500061035156,7
2026-06-11 02:18:00+00:00,64.1050033569336,64.1050033569336,63.970001220703125,63.970001220703125,6
2026-06-11 02:19:00+00:00,64.02999877929688,64.02999877929688,64.0,64.01499938964844,3
2026-06-11 02:20:00+00:00,64.0250015258789,64.0250015258789,63.97999954223633,64.00499725341797,15
2026-06-11 02:21:00+00:00,63.904998779296875,64.01000213623047,63.88999938964844,64.01000213623047,23
2026-06-11 02:22:00+00:00,63.869998931884766,63.95000076293945,63.869998931884766,63.904998779296875,24
2026-06-11 02:23:00+00:00,63.869998931884766,63.915000915527344,63.845001220703125,63.8849983215332,50
2026-06-11 02:24:00+00:00,63.8849983215332,63.90999984741211,63.8849983215332,63.90999984741211,7
2026-06-11 02:25:00+00:00,63.834999084472656,63.86000061035156,63.810001373291016,63.86000061035156,9
2026-06-11 02:26:00+00:00,63.810001373291016,63.810001373291016,63.80500030517578,63.80500030517578,9
2026-06-11 02:27:00+00:00,63.81999969482422,63.89500045776367,63.81999969482422,63.8849983215332,10
2026-06-11 02:28:00+00:00,63.75,63.83000183105469,63.75,63.83000183105469,9
2026-06-11 02:29:00+00:00,63.779998779296875,63.79999923706055,63.76499938964844,63.790000915527344,10
2026-06-11 02:30:00+00:00,63.7400016784668,63.90999984741211,63.7400016784668,63.80500030517578,76
2026-06-11 02:31:00+00:00,63.36000061035156,63.755001068115234,63.310001373291016,63.755001068115234,183
2026-06-11 02:32:00+00:00,63.540000915527344,63.56999969482422,63.349998474121094,63.349998474121094,107
2026-06-11 02:33:00+00:00,63.6349983215332,63.685001373291016,63.58000183105469,63.58000183105469,56
2026-06-11 02:34:00+00:00,63.42499923706055,63.52000045776367,63.404998779296875,63.52000045776367,36
2026-06-11 02:35:00+00:00,63.53499984741211,63.560001373291016,63.41999816894531,63.41999816894531,56
2026-06-11 02:36:00+00:00,63.470001220703125,63.54499816894531,63.439998626708984,63.53499984741211,15
2026-06-11 02:37:00+00:00,63.43000030517578,63.4900016784668,63.41999816894531,63.4900016784668,8
2026-06-11 02:38:00+00:00,63.30500030517578,63.470001220703125,63.29999923706055,63.400001525878906,39
2026-06-11 02:39:00+00:00,63.244998931884766,63.32500076293945,63.17499923706055,63.290000915527344,99
2026-06-11 02:40:00+00:00,63.18000030517578,63.31999969482422,63.165000915527344,63.290000915527344,30
2026-06-11 02:41:00+00:00,63.08000183105469,63.15999984741211,63.04499816894531,63.15999984741211,49
2026-06-11 02:42:00+00:00,63.09000015258789,63.189998626708984,63.07500076293945,63.13999938964844,64
2026-06-11 02:43:00+00:00,63.27000045776367,63.29999923706055,63.09000015258789,63.09000015258789,61
2026-06-11 02:44:00+00:00,63.2400016784668,63.29999923706055,63.22999954223633,63.23500061035156,71
2026-06-11 02:45:00+00:00,63.224998474121094,63.224998474121094,63.095001220703125,63.16999816894531,22
2026-06-11 02:46:00+00:00,63.13999938964844,63.14500045776367,63.040000915527344,63.07500076293945,30
2026-06-11 02:47:00+00:00,63.20000076293945,63.20000076293945,63.17499923706055,63.17499923706055,4
2026-06-11 02:48:00+00:00,63.17499923706055,63.185001373291016,63.10499954223633,63.15999984741211,12
2026-06-11 02:49:00+00:00,63.08000183105469,63.119998931884766,63.05500030517578,63.119998931884766,53
2026-06-11 02:50:00+00:00,63.185001373291016,63.22999954223633,63.095001220703125,63.11000061035156,57
2026-06-11 02:51:00+00:00,63.23500061035156,63.275001525878906,63.18000030517578,63.18000030517578,51
2026-06-11 02:52:00+00:00,63.2599983215332,63.2599983215332,63.154998779296875,63.20000076293945,31
2026-06-11 02:53:00+00:00,63.34000015258789,63.38999938964844,63.224998474121094,63.28499984741211,109
2026-06-11 02:54:00+00:00,63.36000061035156,63.380001068115234,63.314998626708984,63.32500076293945,28
2026-06-11 02:55:00+00:00,63.39500045776367,63.44499969482422,63.34000015258789,63.35499954223633,41
2026-06-11 02:56:00+00:00,63.63999938964844,63.63999938964844,63.439998626708984,63.439998626708984,63
2026-06-11 02:57:00+00:00,63.595001220703125,63.63999938964844,63.529998779296875,63.619998931884766,42
2026-06-11 02:58:00+00:00,63.560001373291016,63.6150016784668,63.54999923706055,63.54999923706055,33
2026-06-11 02:59:00+00:00,63.40999984741211,63.494998931884766,63.3849983215332,63.494998931884766,23
2026-06-11 03:00:00+00:00,63.52000045776367,63.529998779296875,63.415000915527344,63.415000915527344,24
2026-06-11 03:01:00+00:00,63.45000076293945,63.564998626708984,63.439998626708984,63.505001068115234,37
2026-06-11 03:02:00+00:00,63.44499969482422,63.45000076293945,63.38999938964844,63.41999816894531,41
2026-06-11 03:03:00+00:00,63.52000045776367,63.52000045776367,63.42499923706055,63.439998626708984,43
2026-06-11 03:04:00+00:00,63.52000045776367,63.52000045776367,63.415000915527344,63.47999954223633,14
2026-06-11 03:05:00+00:00,63.5099983215332,63.56999969482422,63.470001220703125,63.505001068115234,17
2026-06-11 03:06:00+00:00,63.36000061035156,63.47999954223633,63.310001373291016,63.47999954223633,44
2026-06-11 03:07:00+00:00,63.470001220703125,63.5,63.36000061035156,63.3650016784668,22
2026-06-11 03:08:00+00:00,63.525001525878906,63.525001525878906,63.435001373291016,63.4900016784668,17
2026-06-11 03:09:00+00:00,63.540000915527344,63.63999938964844,63.52000045776367,63.52000045776367,69
2026-06-11 03:10:00+00:00,63.47999954223633,63.57500076293945,63.47999954223633,63.564998626708984,35
2026-06-11 03:11:00+00:00,63.4900016784668,63.4900016784668,63.439998626708984,63.4900016784668,9
2026-06-11 03:12:00+00:00,63.314998626708984,63.45000076293945,63.29499816894531,63.44499969482422,31
2026-06-11 03:13:00+00:00,63.31999969482422,63.33000183105469,63.310001373291016,63.310001373291016,6
2026-06-11 03:14:00+00:00,63.26499938964844,63.349998474121094,63.26499938964844,63.32500076293945,21
2026-06-11 03:15:00+00:00,63.400001525878906,63.435001373291016,63.29499816894531,63.29499816894531,41
2026-06-11 03:16:00+00:00,63.39500045776367,63.474998474121094,63.39500045776367,63.470001220703125,8
2026-06-11 03:17:00+00:00,63.3849983215332,63.3849983215332,63.345001220703125,63.345001220703125,3
2026-06-11 03:18:00+00:00,63.33000183105469,63.380001068115234,63.33000183105469,63.3650016784668,8
2026-06-11 03:19:00+00:00,63.29499816894531,63.314998626708984,63.26499938964844,63.314998626708984,19
2026-06-11 03:20:00+00:00,63.165000915527344,63.27000045776367,63.119998931884766,63.27000045776367,150
2026-06-11 03:21:00+00:00,63.22999954223633,63.22999954223633,63.099998474121094,63.154998779296875,25
2026-06-11 03:22:00+00:00,63.20000076293945,63.26499938964844,63.150001525878906,63.244998931884766,42
2026-06-11 03:23:00+00:00,63.19499969482422,63.209999084472656,63.13999938964844,63.185001373291016,18
2026-06-11 03:24:00+00:00,63.26499938964844,63.26499938964844,63.15999984741211,63.165000915527344,14
2026-06-11 03:25:00+00:00,63.21500015258789,63.255001068115234,63.21500015258789,63.255001068115234,9
2026-06-11 03:26:00+00:00,63.150001525878906,63.22999954223633,63.130001068115234,63.18000030517578,42
2026-06-11 03:27:00+00:00,63.17499923706055,63.20000076293945,63.084999084472656,63.125,54
2026-06-11 03:28:00+00:00,63.255001068115234,63.2599983215332,63.185001373291016,63.19499969482422,26
2026-06-11 03:29:00+00:00,63.2599983215332,63.29499816894531,63.244998931884766,63.29499816894531,62
2026-06-11 03:30:00+00:00,63.3849983215332,63.43000030517578,63.25,63.25,39
2026-06-11 03:31:00+00:00,63.46500015258789,63.474998474121094,63.3849983215332,63.39500045776367,30
2026-06-11 03:32:00+00:00,63.435001373291016,63.46500015258789,63.38999938964844,63.459999084472656,15
2026-06-11 03:33:00+00:00,63.51499938964844,63.51499938964844,63.404998779296875,63.404998779296875,9
2026-06-11 03:34:00+00:00,63.5,63.505001068115234,63.48500061035156,63.4900016784668,5
2026-06-11 03:35:00+00:00,63.529998779296875,63.53499984741211,63.525001525878906,63.53499984741211,3
2026-06-11 03:36:00+00:00,63.53499984741211,63.53499984741211,63.529998779296875,63.529998779296875,4
2026-06-11 03:37:00+00:00,63.5099983215332,63.52000045776367,63.459999084472656,63.459999084472656,17
2026-06-11 03:38:00+00:00,63.560001373291016,63.560001373291016,63.52000045776367,63.52000045776367,11
2026-06-11 03:39:00+00:00,63.69499969482422,63.69499969482422,63.560001373291016,63.560001373291016,16
2026-06-11 03:40:00+00:00,63.70000076293945,63.7400016784668,63.69499969482422,63.71500015258789,25
2026-06-11 03:41:00+00:00,63.630001068115234,63.69499969482422,63.630001068115234,63.685001373291016,7
2026-06-11 03:42:00+00:00,63.619998931884766,63.6349983215332,63.564998626708984,63.6349983215332,13
2026-06-11 03:43:00+00:00,63.595001220703125,63.6349983215332,63.595001220703125,63.6349983215332,7
2026-06-11 03:44:00+00:00,63.6150016784668,63.6349983215332,63.599998474121094,63.6150016784668,5
2026-06-11 03:45:00+00:00,63.61000061035156,63.63999938964844,63.60499954223633,63.625,7
2026-06-11 03:46:00+00:00,63.599998474121094,63.6150016784668,63.599998474121094,63.61000061035156,5
2026-06-11 03:47:00+00:00,63.564998626708984,63.6150016784668,63.564998626708984,63.6150016784668,3
2026-06-11 03:48:00+00:00,63.525001525878906,63.55500030517578,63.525001525878906,63.55500030517578,6
2026-06-11 03:49:00+00:00,63.51499938964844,63.54499816894531,63.51499938964844,63.54499816894531,5
2026-06-11 03:50:00+00:00,63.529998779296875,63.529998779296875,63.52000045776367,63.52000045776367,3
2026-06-11 03:52:00+00:00,63.63999938964844,63.665000915527344,63.599998474121094,63.665000915527344,5
2026-06-11 03:53:00+00:00,63.7400016784668,63.7599983215332,63.689998626708984,63.689998626708984,12
2026-06-11 03:54:00+00:00,63.69499969482422,63.69499969482422,63.69499969482422,63.69499969482422,2
2026-06-11 03:55:00+00:00,63.69499969482422,63.709999084472656,63.689998626708984,63.689998626708984,21
2026-06-11 03:56:00+00:00,63.689998626708984,63.689998626708984,63.650001525878906,63.650001525878906,5
2026-06-11 03:57:00+00:00,63.685001373291016,63.7400016784668,63.685001373291016,63.70000076293945,16
2026-06-11 03:58:00+00:00,63.70500183105469,63.724998474121094,63.68000030517578,63.709999084472656,19
2026-06-11 04:00:00+00:00,63.69499969482422,63.72999954223633,63.69499969482422,63.724998474121094,13
2026-06-11 04:01:00+00:00,63.65999984741211,63.65999984741211,63.6349983215332,63.65999984741211,9
2026-06-11 04:02:00+00:00,63.689998626708984,63.689998626708984,63.650001525878906,63.650001525878906,3
2026-06-11 04:03:00+00:00,63.619998931884766,63.619998931884766,63.619998931884766,63.619998931884766,1
2026-06-11 04:04:00+00:00,63.60499954223633,63.66999816894531,63.595001220703125,63.63999938964844,7
2026-06-11 04:05:00+00:00,63.540000915527344,63.59000015258789,63.540000915527344,63.59000015258789,10
2026-06-11 04:06:00+00:00,63.57500076293945,63.60499954223633,63.57500076293945,63.60499954223633,8
2026-06-11 04:07:00+00:00,63.70000076293945,63.709999084472656,63.63999938964844,63.64500045776367,13
2026-06-11 04:08:00+00:00,63.71500015258789,63.71500015258789,63.69499969482422,63.69499969482422,9
2026-06-11 04:09:00+00:00,63.78499984741211,63.78499984741211,63.720001220703125,63.720001220703125,8
2026-06-11 04:10:00+00:00,63.77000045776367,63.834999084472656,63.77000045776367,63.810001373291016,11
2026-06-11 04:11:00+00:00,63.845001220703125,63.845001220703125,63.810001373291016,63.81999969482422,10
2026-06-11 04:12:00+00:00,63.81999969482422,63.81999969482422,63.80500030517578,63.80500030517578,6
2026-06-11 04:13:00+00:00,63.83000183105469,63.83000183105469,63.814998626708984,63.814998626708984,4
2026-06-11 04:14:00+00:00,63.8650016784668,63.869998931884766,63.849998474121094,63.85499954223633,9
2026-06-11 04:15:00+00:00,63.83000183105469,63.880001068115234,63.82500076293945,63.86000061035156,17
2026-06-11 04:16:00+00:00,63.755001068115234,63.7599983215332,63.755001068115234,63.7599983215332,2
2026-06-11 04:17:00+00:00,63.79999923706055,63.79999923706055,63.724998474121094,63.744998931884766,15
2026-06-11 04:20:00+00:00,63.91999816894531,63.92499923706055,63.869998931884766,63.869998931884766,21
2026-06-11 04:21:00+00:00,63.900001525878906,63.90999984741211,63.849998474121094,63.90999984741211,30
2026-06-11 04:22:00+00:00,63.80500030517578,63.80500030517578,63.78499984741211,63.78499984741211,7
2026-06-11 04:23:00+00:00,63.84000015258789,63.84000015258789,63.84000015258789,63.84000015258789,6
2026-06-11 04:24:00+00:00,63.814998626708984,63.81999969482422,63.78499984741211,63.78499984741211,7
2026-06-11 04:25:00+00:00,63.76499938964844,63.79999923706055,63.76499938964844,63.79999923706055,2
2026-06-11 04:26:00+00:00,63.810001373291016,63.810001373291016,63.810001373291016,63.810001373291016,2
2026-06-11 04:27:00+00:00,63.68000030517578,63.7599983215332,63.68000030517578,63.7599983215332,18
2026-06-11 04:28:00+00:00,63.76499938964844,63.76499938964844,63.7599983215332,63.7599983215332,9
2026-06-11 04:29:00+00:00,63.76499938964844,63.76499938964844,63.76499938964844,63.76499938964844,1
2026-06-11 04:30:00+00:00,63.91999816894531,63.94499969482422,63.8849983215332,63.8849983215332,4
2026-06-11 04:32:00+00:00,63.915000915527344,63.91999816894531,63.900001525878906,63.91999816894531,6
2026-06-11 04:33:00+00:00,63.900001525878906,63.900001525878906,63.900001525878906,63.900001525878906,9
2026-06-11 04:35:00+00:00,63.79499816894531,63.79999923706055,63.78499984741211,63.79999923706055,12
2026-06-11 04:36:00+00:00,63.814998626708984,63.814998626708984,63.814998626708984,63.814998626708984,1
2026-06-11 04:38:00+00:00,63.91999816894531,63.91999816894531,63.875,63.875,8
2026-06-11 04:39:00+00:00,63.89500045776367,63.91999816894531,63.89500045776367,63.915000915527344,4
2026-06-11 04:41:00+00:00,63.91999816894531,63.91999816894531,63.90999984741211,63.90999984741211,2
2026-06-11 04:42:00+00:00,64.05500030517578,64.08000183105469,63.94499969482422,63.94499969482422,41
2026-06-11 04:43:00+00:00,64.1500015258789,64.17500305175781,64.0250015258789,64.0250015258789,42
2026-06-11 04:44:00+00:00,64.12999725341797,64.19999694824219,64.12999725341797,64.16999816894531,32
2026-06-11 04:45:00+00:00,64.18000030517578,64.20500183105469,64.18000030517578,64.19000244140625,5
2026-06-11 04:46:00+00:00,64.18000030517578,64.18000030517578,64.18000030517578,64.18000030517578,1
2026-06-11 04:47:00+00:00,64.12999725341797,64.16500091552734,64.06999969482422,64.16500091552734,31
2026-06-11 04:48:00+00:00,64.11499786376953,64.12000274658203,64.11499786376953,64.12000274658203,5
2026-06-11 04:49:00+00:00,64.0999984741211,64.16999816894531,64.0999984741211,64.1449966430664,8
2026-06-11 04:50:00+00:00,64.05999755859375,64.06999969482422,64.03500366210938,64.06999969482422,12
2026-06-11 04:51:00+00:00,63.974998474121094,64.03500366210938,63.974998474121094,64.01000213623047,3
2026-06-11 04:52:00+00:00,63.970001220703125,63.970001220703125,63.970001220703125,63.970001220703125,1
2026-06-11 04:53:00+00:00,64.05000305175781,64.05000305175781,64.01499938964844,64.01499938964844,8
2026-06-11 04:54:00+00:00,64.1500015258789,64.15499877929688,64.04000091552734,64.04000091552734,36
2026-06-11 04:55:00+00:00,64.20999908447266,64.20999908447266,64.16500091552734,64.17500305175781,77
2026-06-11 04:56:00+00:00,64.18499755859375,64.27999877929688,64.16000366210938,64.2249984741211,22
2026-06-11 04:57:00+00:00,64.13500213623047,64.15499877929688,64.13500213623047,64.13500213623047,7
2026-06-11 04:58:00+00:00,64.12999725341797,64.12999725341797,64.11499786376953,64.11499786376953,3
2026-06-11 04:59:00+00:00,64.08499908447266,64.15499877929688,64.08499908447266,64.13500213623047,14
2026-06-11 05:00:00+00:00,63.9900016784668,64.125,63.9900016784668,64.12000274658203,17
2026-06-11 05:01:00+00:00,63.959999084472656,63.974998474121094,63.93000030517578,63.974998474121094,7
2026-06-11 05:02:00+00:00,63.9900016784668,63.9900016784668,63.94499969482422,63.970001220703125,6
2026-06-11 05:03:00+00:00,63.92499923706055,63.959999084472656,63.92499923706055,63.959999084472656,3
2026-06-11 05:04:00+00:00,63.95000076293945,63.96500015258789,63.90999984741211,63.915000915527344,6
2026-06-11 05:06:00+00:00,63.86000061035156,63.92499923706055,63.86000061035156,63.90999984741211,17
2026-06-11 05:07:00+00:00,63.875,63.900001525878906,63.869998931884766,63.869998931884766,5
2026-06-11 05:08:00+00:00,63.96500015258789,63.96500015258789,63.869998931884766,63.869998931884766,6
2026-06-11 05:09:00+00:00,63.970001220703125,63.970001220703125,63.92499923706055,63.935001373291016,11
2026-06-11 05:10:00+00:00,63.935001373291016,63.98500061035156,63.935001373291016,63.98500061035156,2
2026-06-11 05:11:00+00:00,63.900001525878906,63.90999984741211,63.900001525878906,63.90999984741211,2
2026-06-11 05:12:00+00:00,63.900001525878906,63.915000915527344,63.900001525878906,63.915000915527344,2
2026-06-11 05:14:00+00:00,63.89500045776367,63.89500045776367,63.89500045776367,63.89500045776367,1
2026-06-11 05:15:00+00:00,63.95000076293945,63.95000076293945,63.83000183105469,63.845001220703125,15
2026-06-11 05:16:00+00:00,63.86000061035156,64.0,63.86000061035156,63.95000076293945,10
2026-06-11 05:17:00+00:00,63.89500045776367,63.89500045776367,63.84000015258789,63.8650016784668,6
2026-06-11 05:18:00+00:00,63.915000915527344,63.915000915527344,63.900001525878906,63.900001525878906,3
2026-06-11 05:19:00+00:00,63.939998626708984,63.939998626708984,63.875,63.89500045776367,7
2026-06-11 05:20:00+00:00,63.94499969482422,63.94499969482422,63.939998626708984,63.939998626708984,2
2026-06-11 05:21:00+00:00,64.01000213623047,64.0199966430664,63.915000915527344,63.959999084472656,8
2026-06-11 05:23:00+00:00,63.88999938964844,63.92499923706055,63.88999938964844,63.904998779296875,6
2026-06-11 05:24:00+00:00,63.8849983215332,63.900001525878906,63.8849983215332,63.900001525878906,3
2026-06-11 05:25:00+00:00,63.85499954223633,63.85499954223633,63.78499984741211,63.85499954223633,10
2026-06-11 05:26:00+00:00,63.82500076293945,63.900001525878906,63.82500076293945,63.8849983215332,21
2026-06-11 05:27:00+00:00,63.75,63.86000061035156,63.7400016784668,63.849998474121094,25
2026-06-11 05:28:00+00:00,63.7599983215332,63.78499984741211,63.73500061035156,63.775001525878906,15
2026-06-11 05:29:00+00:00,63.77000045776367,63.77000045776367,63.724998474121094,63.7599983215332,14
2026-06-11 05:30:00+00:00,63.75,63.95000076293945,63.70500183105469,63.75,136
2026-06-11 05:31:00+00:00,63.810001373291016,63.86000061035156,63.685001373291016,63.72999954223633,55
2026-06-11 05:32:00+00:00,64.16000366210938,64.20500183105469,63.81999969482422,63.82500076293945,82
2026-06-11 05:33:00+00:00,64.24500274658203,64.27999877929688,64.1050033569336,64.18000030517578,45
2026-06-11 05:34:00+00:00,64.2750015258789,64.32499694824219,64.23500061035156,64.23500061035156,59
2026-06-11 05:35:00+00:00,64.2300033569336,64.31500244140625,64.16000366210938,64.30000305175781,25
2026-06-11 05:36:00+00:00,64.30500030517578,64.31500244140625,64.23500061035156,64.24500274658203,12
2026-06-11 05:37:00+00:00,64.32499694824219,64.3499984741211,64.29000091552734,64.30500030517578,41
2026-06-11 05:38:00+00:00,64.3550033569336,64.36000061035156,64.2699966430664,64.29000091552734,27
2026-06-11 05:39:00+00:00,64.2249984741211,64.33499908447266,64.19999694824219,64.33499908447266,6
2026-06-11 05:40:00+00:00,64.26499938964844,64.31999969482422,64.25499725341797,64.26499938964844,10
2026-06-11 05:41:00+00:00,64.31500244140625,64.33000183105469,64.31500244140625,64.31999969482422,10
2026-06-11 05:42:00+00:00,64.29000091552734,64.29000091552734,64.21499633789062,64.2300033569336,14
2026-06-11 05:43:00+00:00,64.27999877929688,64.36499786376953,64.27999877929688,64.29499816894531,6
2026-06-11 05:44:00+00:00,64.26499938964844,64.27999877929688,64.25,64.27999877929688,4
2026-06-11 05:45:00+00:00,64.19000244140625,64.29000091552734,64.17500305175781,64.29000091552734,27
2026-06-11 05:46:00+00:00,64.20999908447266,64.21499633789062,64.19000244140625,64.20999908447266,10
2026-06-11 05:47:00+00:00,64.3499984741211,64.36000061035156,64.19999694824219,64.19999694824219,13
2026-06-11 05:48:00+00:00,64.4749984741211,64.4749984741211,64.27999877929688,64.27999877929688,38
2026-06-11 05:49:00+00:00,64.30999755859375,64.48500061035156,64.30999755859375,64.48500061035156,18
2026-06-11 05:50:00+00:00,64.25,64.2750015258789,64.19499969482422,64.2750015258789,22
2026-06-11 05:51:00+00:00,64.23500061035156,64.26000213623047,64.19499969482422,64.25,22
2026-06-11 05:52:00+00:00,64.21499633789062,64.21499633789062,64.19499969482422,64.19499969482422,5
2026-06-11 05:53:00+00:00,64.13500213623047,64.17500305175781,64.11000061035156,64.16500091552734,27
2026-06-11 05:54:00+00:00,64.04000091552734,64.13500213623047,63.9900016784668,64.11499786376953,29
2026-06-11 05:55:00+00:00,64.11499786376953,64.15499877929688,64.03500366210938,64.03500366210938,21
2026-06-11 05:56:00+00:00,64.13999938964844,64.16999816894531,64.06999969482422,64.08499908447266,13
2026-06-11 05:57:00+00:00,64.11000061035156,64.12999725341797,64.0999984741211,64.0999984741211,4
2026-06-11 05:58:00+00:00,64.06999969482422,64.11499786376953,64.01000213623047,64.11499786376953,26
2026-06-11 05:59:00+00:00,64.05500030517578,64.08000183105469,64.03500366210938,64.05500030517578,5
2026-06-11 06:00:00+00:00,63.96500015258789,64.06999969482422,63.959999084472656,64.05500030517578,38
2026-06-11 06:01:00+00:00,63.935001373291016,63.970001220703125,63.900001525878906,63.95000076293945,57
2026-06-11 06:02:00+00:00,63.9900016784668,64.01499938964844,63.935001373291016,63.935001373291016,14
2026-06-11 06:03:00+00:00,63.904998779296875,63.959999084472656,63.875,63.939998626708984,36
2026-06-11 06:04:00+00:00,63.80500030517578,63.880001068115234,63.80500030517578,63.875,19
2026-06-11 06:05:00+00:00,63.84000015258789,63.86000061035156,63.79499816894531,63.79499816894531,21
2026-06-11 06:06:00+00:00,63.720001220703125,63.81999969482422,63.709999084472656,63.79999923706055,36
2026-06-11 06:07:00+00:00,63.66999816894531,63.72999954223633,63.65999984741211,63.720001220703125,20
2026-06-11 06:08:00+00:00,63.76499938964844,63.775001525878906,63.665000915527344,63.665000915527344,22
2026-06-11 06:09:00+00:00,63.720001220703125,63.79999923706055,63.720001220703125,63.744998931884766,41
2026-06-11 06:10:00+00:00,63.775001525878906,63.79999923706055,63.70000076293945,63.775001525878906,26
2026-06-11 06:11:00+00:00,63.724998474121094,63.744998931884766,63.689998626708984,63.744998931884766,15
2026-06-11 06:12:00+00:00,63.904998779296875,63.93000030517578,63.775001525878906,63.775001525878906,70
2026-06-11 06:13:00+00:00,63.869998931884766,63.95000076293945,63.869998931884766,63.93000030517578,17
2026-06-11 06:14:00+00:00,63.959999084472656,63.959999084472656,63.834999084472656,63.834999084472656,12
2026-06-11 06:15:00+00:00,63.939998626708984,63.95000076293945,63.904998779296875,63.935001373291016,7
2026-06-11 06:16:00+00:00,64.00499725341797,64.01499938964844,63.959999084472656,63.959999084472656,20
2026-06-11 06:17:00+00:00,64.06500244140625,64.06500244140625,64.04000091552734,64.04000091552734,4
2026-06-11 06:18:00+00:00,64.05000305175781,64.08000183105469,64.0,64.08000183105469,47
2026-06-11 06:19:00+00:00,64.01499938964844,64.06500244140625,63.98500061035156,64.06500244140625,7
2026-06-11 06:20:00+00:00,64.06999969482422,64.06999969482422,64.05000305175781,64.05000305175781,6
2026-06-11 06:21:00+00:00,64.06500244140625,64.07499694824219,64.06500244140625,64.07499694824219,3
2026-06-11 06:22:00+00:00,64.04000091552734,64.05000305175781,64.01000213623047,64.04499816894531,32
2026-06-11 06:23:00+00:00,64.0250015258789,64.04000091552734,64.0,64.04000091552734,11
2026-06-11 06:24:00+00:00,64.08999633789062,64.0999984741211,64.08999633789062,64.0999984741211,5
2026-06-11 06:25:00+00:00,64.08999633789062,64.11000061035156,64.08000183105469,64.08999633789062,6
2026-06-11 06:26:00+00:00,64.03500366210938,64.05999755859375,64.03500366210938,64.05999755859375,12
2026-06-11 06:27:00+00:00,64.05999755859375,64.05999755859375,64.0250015258789,64.05000305175781,9
2026-06-11 06:28:00+00:00,64.00499725341797,64.05999755859375,64.00499725341797,64.03500366210938,11
2026-06-11 06:29:00+00:00,63.875,63.994998931884766,63.875,63.98500061035156,20
2026-06-11 06:30:00+00:00,63.875,63.93000030517578,63.86000061035156,63.88999938964844,20
2026-06-11 06:31:00+00:00,63.91999816894531,63.91999816894531,63.904998779296875,63.904998779296875,2
2026-06-11 06:32:00+00:00,63.95000076293945,63.95000076293945,63.904998779296875,63.915000915527344,17
2026-06-11 06:33:00+00:00,63.92499923706055,63.95000076293945,63.904998779296875,63.939998626708984,11
2026-06-11 06:34:00+00:00,63.869998931884766,63.91999816894531,63.869998931884766,63.91999816894531,15
2026-06-11 06:35:00+00:00,63.88999938964844,63.91999816894531,63.834999084472656,63.91999816894531,28
2026-06-11 06:36:00+00:00,64.03500366210938,64.04000091552734,63.959999084472656,63.98500061035156,12
2026-06-11 06:37:00+00:00,64.08999633789062,64.15499877929688,64.07499694824219,64.07499694824219,26
2026-06-11 06:38:00+00:00,64.08499908447266,64.13500213623047,64.08499908447266,64.09500122070312,8
2026-06-11 06:39:00+00:00,64.07499694824219,64.08499908447266,64.00499725341797,64.0250015258789,14
2026-06-11 06:40:00+00:00,64.08000183105469,64.11499786376953,64.07499694824219,64.07499694824219,9
2026-06-11 06:41:00+00:00,64.04000091552734,64.08499908447266,64.02999877929688,64.08499908447266,17
2026-06-11 06:42:00+00:00,64.11000061035156,64.13500213623047,64.0999984741211,64.0999984741211,12
2026-06-11 06:43:00+00:00,64.12000274658203,64.12000274658203,64.08999633789062,64.1050033569336,9
2026-06-11 06:44:00+00:00,64.16500091552734,64.16500091552734,64.12999725341797,64.12999725341797,8
2026-06-11 06:45:00+00:00,64.17500305175781,64.22000122070312,64.17500305175781,64.20500183105469,26
2026-06-11 06:46:00+00:00,64.1449966430664,64.16999816894531,64.12000274658203,64.16999816894531,6
2026-06-11 06:47:00+00:00,64.08999633789062,64.12000274658203,64.08000183105469,64.12000274658203,5
2026-06-11 06:48:00+00:00,64.0999984741211,64.0999984741211,64.09500122070312,64.09500122070312,4
2026-06-11 06:49:00+00:00,64.05500030517578,64.1050033569336,64.05500030517578,64.1050033569336,12
2026-06-11 06:50:00+00:00,64.06999969482422,64.08000183105469,64.05500030517578,64.05500030517578,12
2026-06-11 06:51:00+00:00,64.1050033569336,64.1050033569336,64.08000183105469,64.08000183105469,3
2026-06-11 06:52:00+00:00,64.1449966430664,64.18499755859375,64.125,64.125,21
2026-06-11 06:53:00+00:00,64.24500274658203,64.24500274658203,64.22000122070312,64.22000122070312,16
2026-06-11 06:54:00+00:00,64.21499633789062,64.21499633789062,64.21499633789062,64.21499633789062,2
2026-06-11 06:55:00+00:00,64.25,64.26000213623047,64.23999786376953,64.25499725341797,7
2026-06-11 06:57:00+00:00,64.19499969482422,64.20999908447266,64.19000244140625,64.19999694824219,13
2026-06-11 06:58:00+00:00,64.12999725341797,64.15499877929688,64.12000274658203,64.15499877929688,5
2026-06-11 06:59:00+00:00,64.20500183105469,64.2249984741211,64.15499877929688,64.15499877929688,14
2026-06-11 07:00:00+00:00,64.26499938964844,64.26499938964844,64.17500305175781,64.19999694824219,26
2026-06-11 07:01:00+00:00,64.25499725341797,64.31500244140625,64.24500274658203,64.26499938964844,31
2026-06-11 07:02:00+00:00,64.19499969482422,64.23500061035156,64.19499969482422,64.2300033569336,16
2026-06-11 07:03:00+00:00,64.25499725341797,64.25499725341797,64.20999908447266,64.20999908447266,6
2026-06-11 07:04:00+00:00,64.20500183105469,64.25499725341797,64.20500183105469,64.25499725341797,8
2026-06-11 07:05:00+00:00,64.2300033569336,64.23999786376953,64.20500183105469,64.20500183105469,10
2026-06-11 07:06:00+00:00,64.19000244140625,64.24500274658203,64.16000366210938,64.18499755859375,15
2026-06-11 07:07:00+00:00,64.16000366210938,64.19499969482422,64.12999725341797,64.19499969482422,12
2026-06-11 07:09:00+00:00,64.1449966430664,64.15499877929688,64.13999938964844,64.13999938964844,3
2026-06-11 07:10:00+00:00,64.19499969482422,64.20999908447266,64.13500213623047,64.13500213623047,4
2026-06-11 07:11:00+00:00,64.16999816894531,64.19000244140625,64.16999816894531,64.19000244140625,2
2026-06-11 07:12:00+00:00,64.1500015258789,64.21499633789062,64.1500015258789,64.15499877929688,28
2026-06-11 07:13:00+00:00,64.19999694824219,64.19999694824219,64.01000213623047,64.12999725341797,79
2026-06-11 07:14:00+00:00,64.25,64.25,64.2249984741211,64.2249984741211,7
2026-06-11 07:15:00+00:00,64.31500244140625,64.31500244140625,64.18499755859375,64.20999908447266,17
2026-06-11 07:16:00+00:00,64.3499984741211,64.3499984741211,64.28500366210938,64.30000305175781,18
2026-06-11 07:17:00+00:00,64.33999633789062,64.3550033569336,64.30500030517578,64.33999633789062,26
2026-06-11 07:18:00+00:00,64.44999694824219,64.44999694824219,64.36000061035156,64.36000061035156,47
2026-06-11 07:19:00+00:00,64.4800033569336,64.51000213623047,64.41500091552734,64.43000030517578,83
2026-06-11 07:20:00+00:00,64.44999694824219,64.54000091552734,64.44999694824219,64.47000122070312,71
2026-06-11 07:21:00+00:00,64.49500274658203,64.55000305175781,64.47000122070312,64.4800033569336,95
2026-06-11 07:22:00+00:00,64.56500244140625,64.58000183105469,64.4749984741211,64.4749984741211,71
2026-06-11 07:23:00+00:00,64.63500213623047,64.68000030517578,64.56500244140625,64.58000183105469,151
2026-06-11 07:24:00+00:00,64.61499786376953,64.63500213623047,64.5999984741211,64.625,17
2026-06-11 07:25:00+00:00,64.57499694824219,64.62000274658203,64.54499816894531,64.59500122070312,24
2026-06-11 07:26:00+00:00,64.58499908447266,64.6050033569336,64.58000183105469,64.58000183105469,5
2026-06-11 07:27:00+00:00,64.55999755859375,64.5999984741211,64.55999755859375,64.57499694824219,37
2026-06-11 07:28:00+00:00,64.5999984741211,64.61000061035156,64.55500030517578,64.56999969482422,15
2026-06-11 07:29:00+00:00,64.55999755859375,64.58499908447266,64.55999755859375,64.58499908447266,14
2026-06-11 07:30:00+00:00,64.625,64.625,64.58999633789062,64.58999633789062,5
2026-06-11 07:31:00+00:00,64.6050033569336,64.6050033569336,64.55500030517578,64.59500122070312,17
2026-06-11 07:32:00+00:00,64.62999725341797,64.63500213623047,64.58000183105469,64.59500122070312,19
2026-06-11 07:33:00+00:00,64.6050033569336,64.62000274658203,64.58499908447266,64.61000061035156,8
2026-06-11 07:34:00+00:00,64.58499908447266,64.6500015258789,64.58499908447266,64.61000061035156,38
2026-06-11 07:35:00+00:00,64.58499908447266,64.6449966430664,64.58499908447266,64.6050033569336,13
2026-06-11 07:36:00+00:00,64.5250015258789,64.55000305175781,64.51000213623047,64.53500366210938,24
2026-06-11 07:37:00+00:00,64.51499938964844,64.55999755859375,64.51499938964844,64.5199966430664,34
2026-06-11 07:38:00+00:00,64.52999877929688,64.54000091552734,64.51000213623047,64.51000213623047,10
2026-06-11 07:39:00+00:00,64.56500244140625,64.59500122070312,64.53500366210938,64.53500366210938,11
2026-06-11 07:40:00+00:00,64.61499786376953,64.61499786376953,64.50499725341797,64.54499816894531,36
2026-06-11 07:41:00+00:00,64.55500030517578,64.55500030517578,64.55500030517578,64.55500030517578,4
2026-06-11 07:42:00+00:00,64.62000274658203,64.62999725341797,64.6050033569336,64.61000061035156,16
2026-06-11 07:43:00+00:00,64.62000274658203,64.62000274658203,64.6050033569336,64.61499786376953,10
2026-06-11 07:44:00+00:00,64.5999984741211,64.5999984741211,64.55999755859375,64.5999984741211,10
2026-06-11 07:45:00+00:00,64.57499694824219,64.59500122070312,64.54000091552734,64.59500122070312,23
2026-06-11 07:46:00+00:00,64.55500030517578,64.58999633789062,64.53500366210938,64.56500244140625,8
2026-06-11 07:47:00+00:00,64.58000183105469,64.58499908447266,64.57499694824219,64.58499908447266,4
2026-06-11 07:48:00+00:00,64.55500030517578,64.55500030517578,64.53500366210938,64.53500366210938,6
2026-06-11 07:49:00+00:00,64.46499633789062,64.50499725341797,64.45999908447266,64.50499725341797,13
2026-06-11 07:50:00+00:00,64.47000122070312,64.47000122070312,64.43499755859375,64.46499633789062,19
2026-06-11 07:51:00+00:00,64.4800033569336,64.4800033569336,64.44000244140625,64.4749984741211,15
2026-06-11 07:52:00+00:00,64.49500274658203,64.50499725341797,64.41500091552734,64.44999694824219,27
2026-06-11 07:53:00+00:00,64.54499816894531,64.54499816894531,64.49500274658203,64.5199966430664,7
2026-06-11 07:54:00+00:00,64.49500274658203,64.54499816894531,64.49500274658203,64.5250015258789,9
2026-06-11 07:55:00+00:00,64.5,64.5,64.4800033569336,64.49500274658203,7
2026-06-11 07:56:00+00:00,64.48500061035156,64.54499816894531,64.48500061035156,64.51499938964844,11
2026-06-11 07:57:00+00:00,64.52999877929688,64.52999877929688,64.51499938964844,64.5199966430664,5
2026-06-11 07:58:00+00:00,64.5199966430664,64.55500030517578,64.5199966430664,64.55500030517578,2
2026-06-11 07:59:00+00:00,64.54499816894531,64.55500030517578,64.54499816894531,64.55500030517578,2
2026-06-11 08:00:00+00:00,64.62999725341797,64.63500213623047,64.51000213623047,64.53500366210938,54
2026-06-11 08:01:00+00:00,64.63999938964844,64.6500015258789,64.58000183105469,64.61499786376953,55
2026-06-11 08:02:00+00:00,64.65499877929688,64.66999816894531,64.61000061035156,64.625,67
2026-06-11 08:03:00+00:00,64.66999816894531,64.75,64.625,64.63500213623047,95
2026-06-11 08:04:00+00:00,64.6449966430664,64.7300033569336,64.6449966430664,64.66999816894531,46
2026-06-11 08:05:00+00:00,64.63999938964844,64.6500015258789,64.61499786376953,64.61499786376953,11
2026-06-11 08:06:00+00:00,64.69999694824219,64.69999694824219,64.61499786376953,64.61499786376953,12
2026-06-11 08:07:00+00:00,64.71499633789062,64.76000213623047,64.66999816894531,64.68000030517578,17
2026-06-11 08:08:00+00:00,64.72000122070312,64.7249984741211,64.66000366210938,64.70500183105469,56
2026-06-11 08:09:00+00:00,64.74500274658203,64.82499694824219,64.67500305175781,64.75,69
2026-06-11 08:10:00+00:00,64.7300033569336,64.79000091552734,64.70500183105469,64.73500061035156,59
2026-06-11 08:11:00+00:00,64.69999694824219,64.70500183105469,64.66500091552734,64.70500183105469,44
2026-06-11 08:12:00+00:00,64.67500305175781,64.69999694824219,64.6500015258789,64.68499755859375,6
2026-06-11 08:13:00+00:00,64.6500015258789,64.66500091552734,64.63500213623047,64.66500091552734,14
2026-06-11 08:14:00+00:00,64.62000274658203,64.62000274658203,64.57499694824219,64.62000274658203,15
2026-06-11 08:15:00+00:00,64.61499786376953,64.62999725341797,64.5999984741211,64.62999725341797,8
2026-06-11 08:16:00+00:00,64.57499694824219,64.63500213623047,64.56500244140625,64.63500213623047,10
2026-06-11 08:17:00+00:00,64.52999877929688,64.59500122070312,64.52999877929688,64.59500122070312,4
2026-06-11 08:18:00+00:00,64.5999984741211,64.6050033569336,64.52999877929688,64.57499694824219,9
2026-06-11 08:19:00+00:00,64.55500030517578,64.58499908447266,64.54000091552734,64.58499908447266,11
2026-06-11 08:20:00+00:00,64.4749984741211,64.48999786376953,64.44000244140625,64.48999786376953,34
2026-06-11 08:21:00+00:00,64.47000122070312,64.5,64.41500091552734,64.48500061035156,28
2026-06-11 08:22:00+00:00,64.5250015258789,64.5250015258789,64.47000122070312,64.47000122070312,16
2026-06-11 08:23:00+00:00,64.625,64.6449966430664,64.51000213623047,64.51000213623047,53
2026-06-11 08:24:00+00:00,64.62000274658203,64.62000274658203,64.56999969482422,64.6050033569336,15
2026-06-11 08:25:00+00:00,64.6050033569336,64.63500213623047,64.58999633789062,64.62000274658203,40
2026-06-11 08:26:00+00:00,64.625,64.63999938964844,64.6050033569336,64.63999938964844,13
2026-06-11 08:27:00+00:00,64.5999984741211,64.62000274658203,64.59500122070312,64.59500122070312,11
2026-06-11 08:28:00+00:00,64.63999938964844,64.63999938964844,64.61000061035156,64.62999725341797,15
2026-06-11 08:29:00+00:00,64.59500122070312,64.63500213623047,64.59500122070312,64.61499786376953,32
2026-06-11 08:30:00+00:00,64.56500244140625,64.6050033569336,64.55000305175781,64.6050033569336,11
2026-06-11 08:31:00+00:00,64.58999633789062,64.59500122070312,64.57499694824219,64.57499694824219,3
2026-06-11 08:32:00+00:00,64.55000305175781,64.5999984741211,64.54499816894531,64.5999984741211,9
2026-06-11 08:33:00+00:00,64.56500244140625,64.58000183105469,64.5250015258789,64.52999877929688,7
2026-06-11 08:34:00+00:00,64.6050033569336,64.62999725341797,64.57499694824219,64.57499694824219,17
2026-06-11 08:35:00+00:00,64.6449966430664,64.6449966430664,64.5999984741211,64.5999984741211,9
2026-06-11 08:36:00+00:00,64.66999816894531,64.67500305175781,64.63999938964844,64.65499877929688,11
2026-06-11 08:37:00+00:00,64.63999938964844,64.68000030517578,64.63999938964844,64.68000030517578,9
2026-06-11 08:38:00+00:00,64.58499908447266,64.6050033569336,64.57499694824219,64.6050033569336,6
2026-06-11 08:39:00+00:00,64.625,64.625,64.59500122070312,64.59500122070312,8
2026-06-11 08:40:00+00:00,64.66500091552734,64.66500091552734,64.6500015258789,64.65499877929688,5
2026-06-11 08:41:00+00:00,64.59500122070312,64.66999816894531,64.58000183105469,64.66500091552734,19
2026-06-11 08:42:00+00:00,64.56999969482422,64.59500122070312,64.54000091552734,64.59500122070312,14
2026-06-11 08:43:00+00:00,64.5999984741211,64.61499786376953,64.56999969482422,64.58000183105469,11
2026-06-11 08:44:00+00:00,64.55000305175781,64.55000305175781,64.55000305175781,64.55000305175781,1
2026-06-11 08:45:00+00:00,64.54000091552734,64.55500030517578,64.48999786376953,64.5250015258789,16
2026-06-11 08:46:00+00:00,64.55000305175781,64.55000305175781,64.55000305175781,64.55000305175781,2
2026-06-11 08:47:00+00:00,64.45999908447266,64.52999877929688,64.44999694824219,64.52999877929688,6
2026-06-11 08:48:00+00:00,64.44499969482422,64.44999694824219,64.44499969482422,64.44999694824219,3
2026-06-11 08:49:00+00:00,64.43499755859375,64.45999908447266,64.43499755859375,64.44000244140625,9
2026-06-11 08:50:00+00:00,64.43499755859375,64.45500183105469,64.43499755859375,64.44499969482422,4
2026-06-11 08:51:00+00:00,64.45999908447266,64.45999908447266,64.41999816894531,64.44499969482422,12
2026-06-11 08:52:00+00:00,64.48999786376953,64.51000213623047,64.48999786376953,64.48999786376953,11
2026-06-11 08:53:00+00:00,64.36499786376953,64.44000244140625,64.36499786376953,64.44000244140625,31
2026-06-11 08:54:00+00:00,64.3499984741211,64.38500213623047,64.3499984741211,64.36000061035156,12
2026-06-11 08:55:00+00:00,64.33000183105469,64.34500122070312,64.33000183105469,64.34500122070312,14
2026-06-11 08:56:00+00:00,64.38999938964844,64.38999938964844,64.375,64.375,3
2026-06-11 08:57:00+00:00,64.37999725341797,64.40499877929688,64.3499984741211,64.36499786376953,19
2026-06-11 08:58:00+00:00,64.42500305175781,64.42500305175781,64.41000366210938,64.41000366210938,4
2026-06-11 08:59:00+00:00,64.42500305175781,64.46499633789062,64.41999816894531,64.41999816894531,28
2026-06-11 09:00:00+00:00,64.41000366210938,64.41000366210938,64.37999725341797,64.4000015258789,11
2026-06-11 09:01:00+00:00,64.4000015258789,64.4000015258789,64.38500213623047,64.38500213623047,5
2026-06-11 09:02:00+00:00,64.43000030517578,64.44499969482422,64.38500213623047,64.41000366210938,11
2026-06-11 09:03:00+00:00,64.41000366210938,64.41999816894531,64.38999938964844,64.41999816894531,14
2026-06-11 09:04:00+00:00,64.40499877929688,64.40499877929688,64.4000015258789,64.4000015258789,6
2026-06-11 09:05:00+00:00,64.375,64.43000030517578,64.375,64.41999816894531,4
2026-06-11 09:06:00+00:00,64.31500244140625,64.37000274658203,64.28500366210938,64.37000274658203,29
2026-06-11 09:07:00+00:00,64.25499725341797,64.30999755859375,64.2300033569336,64.30999755859375,37
2026-06-11 09:08:00+00:00,64.20500183105469,64.23999786376953,64.19499969482422,64.20999908447266,16
2026-06-11 09:09:00+00:00,64.16000366210938,64.19999694824219,64.1449966430664,64.18000030517578,29
2026-06-11 09:10:00+00:00,64.17500305175781,64.19999694824219,64.16000366210938,64.16999816894531,24
2026-06-11 09:11:00+00:00,64.20999908447266,64.20999908447266,64.19499969482422,64.19999694824219,11
2026-06-11 09:12:00+00:00,64.21499633789062,64.2249984741211,64.19000244140625,64.19000244140625,4
2026-06-11 09:13:00+00:00,64.2750015258789,64.2750015258789,64.23500061035156,64.23500061035156,2
2026-06-11 09:14:00+00:00,64.26499938964844,64.26499938964844,64.23999786376953,64.24500274658203,9
2026-06-11 09:15:00+00:00,64.22000122070312,64.27999877929688,64.22000122070312,64.23999786376953,23
2026-06-11 09:16:00+00:00,64.24500274658203,64.25,64.22000122070312,64.22000122070312,5
2026-06-11 09:17:00+00:00,64.19999694824219,64.22000122070312,64.19999694824219,64.22000122070312,4
2026-06-11 09:18:00+00:00,64.26000213623047,64.26000213623047,64.25,64.25,3
2026-06-11 09:19:00+00:00,64.2249984741211,64.2249984741211,64.2249984741211,64.2249984741211,2
2026-06-11 09:20:00+00:00,64.19999694824219,64.19999694824219,64.19999694824219,64.19999694824219,1
2026-06-11 09:21:00+00:00,64.1449966430664,64.19999694824219,64.1449966430664,64.19999694824219,15
2026-06-11 09:22:00+00:00,64.18499755859375,64.19000244140625,64.15499877929688,64.15499877929688,5
2026-06-11 09:23:00+00:00,64.21499633789062,64.23500061035156,64.18000030517578,64.18000030517578,10
2026-06-11 09:24:00+00:00,64.25,64.26000213623047,64.21499633789062,64.21499633789062,12
2026-06-11 09:25:00+00:00,64.16000366210938,64.16000366210938,64.13999938964844,64.1449966430664,3
2026-06-11 09:26:00+00:00,64.1500015258789,64.16000366210938,64.125,64.15499877929688,7
2026-06-11 09:27:00+00:00,64.19999694824219,64.19999694824219,64.19499969482422,64.19499969482422,13
2026-06-11 09:29:00+00:00,64.19000244140625,64.19000244140625,64.17500305175781,64.18000030517578,5
2026-06-11 09:30:00+00:00,64.1500015258789,64.19000244140625,64.1500015258789,64.16500091552734,9
2026-06-11 09:31:00+00:00,64.12000274658203,64.1500015258789,64.12000274658203,64.13500213623047,4
2026-06-11 09:32:00+00:00,64.16999816894531,64.16999816894531,64.13999938964844,64.15499877929688,12
2026-06-11 09:33:00+00:00,64.13999938964844,64.18499755859375,64.13999938964844,64.18000030517578,25
2026-06-11 09:34:00+00:00,64.1050033569336,64.13500213623047,64.08499908447266,64.13500213623047,8
2026-06-11 09:35:00+00:00,64.13999938964844,64.13999938964844,64.11000061035156,64.11000061035156,4
2026-06-11 09:36:00+00:00,64.11000061035156,64.1500015258789,64.11000061035156,64.13999938964844,8
2026-06-11 09:37:00+00:00,64.1500015258789,64.1500015258789,64.1500015258789,64.1500015258789,2
2026-06-11 09:38:00+00:00,64.0999984741211,64.16500091552734,64.0999984741211,64.16500091552734,7
2026-06-11 09:39:00+00:00,64.23999786376953,64.23999786376953,64.12999725341797,64.12999725341797,32
2026-06-11 09:40:00+00:00,64.26000213623047,64.2699966430664,64.25499725341797,64.25499725341797,6
2026-06-11 09:41:00+00:00,64.25499725341797,64.25499725341797,64.2300033569336,64.25,4
2026-06-11 09:42:00+00:00,64.22000122070312,64.23999786376953,64.22000122070312,64.23500061035156,3
2026-06-11 09:43:00+00:00,64.26000213623047,64.26000213623047,64.23999786376953,64.23999786376953,7
2026-06-11 09:44:00+00:00,64.2750015258789,64.28500366210938,64.26499938964844,64.26499938964844,7
2026-06-11 09:45:00+00:00,64.30000305175781,64.30500030517578,64.2750015258789,64.29499816894531,13
2026-06-11 09:46:00+00:00,64.3550033569336,64.3550033569336,64.32499694824219,64.32499694824219,9
2026-06-11 09:47:00+00:00,64.34500122070312,64.36499786376953,64.33499908447266,64.36499786376953,12
2026-06-11 09:48:00+00:00,64.31999969482422,64.31999969482422,64.29499816894531,64.31999969482422,6
2026-06-11 09:49:00+00:00,64.27999877929688,64.27999877929688,64.26499938964844,64.26499938964844,12
2026-06-11 09:50:00+00:00,64.29499816894531,64.30999755859375,64.29499816894531,64.29499816894531,6
2026-06-11 09:51:00+00:00,64.30000305175781,64.30999755859375,64.26499938964844,64.2699966430664,5
2026-06-11 09:52:00+00:00,64.2699966430664,64.30500030517578,64.24500274658203,64.30500030517578,33
2026-06-11 09:53:00+00:00,64.25499725341797,64.25499725341797,64.19999694824219,64.2249984741211,13
2026-06-11 09:54:00+00:00,64.2249984741211,64.24500274658203,64.22000122070312,64.2300033569336,12
2026-06-11 09:55:00+00:00,64.29499816894531,64.29499816894531,64.2750015258789,64.2750015258789,4
2026-06-11 09:56:00+00:00,64.30500030517578,64.31999969482422,64.30000305175781,64.31999969482422,14
2026-06-11 09:57:00+00:00,64.21499633789062,64.25,64.21499633789062,64.25,10
2026-06-11 09:58:00+00:00,64.16500091552734,64.19999694824219,64.16000366210938,64.19999694824219,15
2026-06-11 09:59:00+00:00,64.16000366210938,64.16999816894531,64.16000366210938,64.16999816894531,3
2026-06-11 10:00:00+00:00,64.23500061035156,64.23500061035156,64.18000030517578,64.20500183105469,10
2026-06-11 10:01:00+00:00,64.23999786376953,64.23999786376953,64.2300033569336,64.2300033569336,3
2026-06-11 10:02:00+00:00,64.16999816894531,64.31999969482422,64.16999816894531,64.23999786376953,56
2026-06-11 10:03:00+00:00,64.16999816894531,64.21499633789062,64.16999816894531,64.20500183105469,11
2026-06-11 10:04:00+00:00,64.13999938964844,64.15499877929688,64.0999984741211,64.15499877929688,18
2026-06-11 10:05:00+00:00,64.13999938964844,64.15499877929688,64.13999938964844,64.15499877929688,8
2026-06-11 10:07:00+00:00,64.16500091552734,64.19499969482422,64.16500091552734,64.19499969482422,4
2026-06-11 10:08:00+00:00,64.16500091552734,64.16500091552734,64.1449966430664,64.1449966430664,4
2026-06-11 10:09:00+00:00,64.12000274658203,64.125,64.12000274658203,64.12000274658203,6
2026-06-11 10:10:00+00:00,64.07499694824219,64.11000061035156,64.06500244140625,64.11000061035156,10
2026-06-11 10:11:00+00:00,64.1500015258789,64.1500015258789,64.05999755859375,64.07499694824219,7
2026-06-11 10:12:00+00:00,64.11000061035156,64.13999938964844,64.08999633789062,64.13999938964844,6
2026-06-11 10:13:00+00:00,64.16500091552734,64.16999816894531,64.09500122070312,64.12000274658203,11
2026-06-11 10:14:00+00:00,64.16500091552734,64.16999816894531,64.1500015258789,64.16500091552734,13
2026-06-11 10:15:00+00:00,64.13500213623047,64.13500213623047,64.11499786376953,64.12999725341797,8
2026-06-11 10:16:00+00:00,64.07499694824219,64.12999725341797,64.05500030517578,64.12999725341797,8
2026-06-11 10:17:00+00:00,64.01000213623047,64.07499694824219,64.0,64.07499694824219,16
2026-06-11 10:18:00+00:00,64.04499816894531,64.04499816894531,64.0199966430664,64.0250015258789,9
2026-06-11 10:19:00+00:00,64.0250015258789,64.05000305175781,64.00499725341797,64.05000305175781,13
2026-06-11 10:20:00+00:00,64.01000213623047,64.0199966430664,64.01000213623047,64.01499938964844,4
2026-06-11 10:21:00+00:00,64.05000305175781,64.05000305175781,64.0250015258789,64.0250015258789,2
2026-06-11 10:22:00+00:00,64.05000305175781,64.05000305175781,64.02999877929688,64.02999877929688,4
2026-06-11 10:23:00+00:00,64.19999694824219,64.19999694824219,64.125,64.125,16
2026-06-11 10:24:00+00:00,64.18000030517578,64.19999694824219,64.18000030517578,64.19999694824219,13
2026-06-11 10:25:00+00:00,64.13500213623047,64.15499877929688,64.13500213623047,64.13999938964844,3
2026-06-11 10:26:00+00:00,64.13999938964844,64.18000030517578,64.11499786376953,64.18000030517578,13
2026-06-11 10:27:00+00:00,64.16000366210938,64.16000366210938,64.12999725341797,64.12999725341797,6
2026-06-11 10:28:00+00:00,64.1449966430664,64.16500091552734,64.1449966430664,64.16500091552734,13
2026-06-11 10:29:00+00:00,64.05500030517578,64.1050033569336,64.05500030517578,64.1050033569336,10
2026-06-11 10:30:00+00:00,64.16999816894531,64.16999816894531,64.04499816894531,64.04499816894531,18
2026-06-11 10:31:00+00:00,64.16999816894531,64.17500305175781,64.16000366210938,64.16000366210938,9
2026-06-11 10:32:00+00:00,64.16500091552734,64.16999816894531,64.1500015258789,64.16000366210938,5
2026-06-11 10:33:00+00:00,64.13999938964844,64.18499755859375,64.13999938964844,64.18499755859375,4
2026-06-11 10:34:00+00:00,64.1449966430664,64.17500305175781,64.12999725341797,64.16999816894531,12
2026-06-11 10:35:00+00:00,64.125,64.15499877929688,64.125,64.13500213623047,11
2026-06-11 10:36:00+00:00,64.12000274658203,64.125,64.1050033569336,64.1050033569336,7
2026-06-11 10:37:00+00:00,64.0999984741211,64.12000274658203,64.0999984741211,64.12000274658203,3
2026-06-11 10:38:00+00:00,64.13999938964844,64.13999938964844,64.13999938964844,64.13999938964844,1
2026-06-11 10:39:00+00:00,64.13500213623047,64.1500015258789,64.13500213623047,64.1500015258789,4
2026-06-11 10:40:00+00:00,64.12999725341797,64.13500213623047,64.125,64.125,3
2026-06-11 10:41:00+00:00,64.12000274658203,64.12000274658203,64.11000061035156,64.11000061035156,4
2026-06-11 10:42:00+00:00,64.08000183105469,64.11499786376953,64.08000183105469,64.11499786376953,16
2026-06-11 10:43:00+00:00,64.07499694824219,64.11499786376953,64.07499694824219,64.1050033569336,3
2026-06-11 10:44:00+00:00,64.11000061035156,64.11499786376953,64.09500122070312,64.09500122070312,19
2026-06-11 10:45:00+00:00,64.12999725341797,64.12999725341797,64.12999725341797,64.12999725341797,1
2026-06-11 10:46:00+00:00,64.08499908447266,64.12999725341797,64.08499908447266,64.0999984741211,13
2026-06-11 10:47:00+00:00,64.05999755859375,64.08000183105469,64.05000305175781,64.06999969482422,6
2026-06-11 10:48:00+00:00,64.08499908447266,64.08999633789062,64.08499908447266,64.08499908447266,60
2026-06-11 10:49:00+00:00,64.09500122070312,64.0999984741211,64.05999755859375,64.06500244140625,9
2026-06-11 10:50:00+00:00,64.1500015258789,64.16500091552734,64.11000061035156,64.11000061035156,18
2026-06-11 10:51:00+00:00,64.21499633789062,64.21499633789062,64.1449966430664,64.1449966430664,38
2026-06-11 10:52:00+00:00,64.19000244140625,64.25499725341797,64.19000244140625,64.24500274658203,9
2026-06-11 10:53:00+00:00,64.22000122070312,64.22000122070312,64.19000244140625,64.19000244140625,4
2026-06-11 10:54:00+00:00,64.125,64.2249984741211,64.125,64.2249984741211,24
2026-06-11 10:55:00+00:00,64.08499908447266,64.125,64.04000091552734,64.11499786376953,39
2026-06-11 10:56:00+00:00,63.9900016784668,64.07499694824219,63.9900016784668,64.05500030517578,20
2026-06-11 10:57:00+00:00,64.04499816894531,64.05999755859375,64.00499725341797,64.04000091552734,34
2026-06-11 10:58:00+00:00,64.06999969482422,64.0999984741211,64.05999755859375,64.05999755859375,29
2026-06-11 10:59:00+00:00,64.05000305175781,64.125,64.01000213623047,64.08000183105469,55
2026-06-11 11:00:00+00:00,63.900001525878906,64.05500030517578,63.875,64.03500366210938,82
2026-06-11 11:01:00+00:00,63.869998931884766,63.9900016784668,63.849998474121094,63.935001373291016,68
2026-06-11 11:02:00+00:00,63.96500015258789,64.02999877929688,63.83000183105469,63.880001068115234,159
2026-06-11 11:03:00+00:00,63.96500015258789,63.98500061035156,63.93000030517578,63.97999954223633,40
2026-06-11 11:04:00+00:00,64.05999755859375,64.1050033569336,63.970001220703125,63.974998474121094,20
2026-06-11 11:05:00+00:00,64.08999633789062,64.11000061035156,64.08000183105469,64.08000183105469,8
2026-06-11 11:06:00+00:00,64.0199966430664,64.06500244140625,64.0199966430664,64.06500244140625,20
2026-06-11 11:07:00+00:00,64.06500244140625,64.06500244140625,64.02999877929688,64.02999877929688,3
2026-06-11 11:08:00+00:00,64.05500030517578,64.08000183105469,63.900001525878906,64.08000183105469,51
2026-06-11 11:09:00+00:00,64.01499938964844,64.04000091552734,64.01000213623047,64.0199966430664,14
2026-06-11 11:10:00+00:00,64.02999877929688,64.04000091552734,64.0199966430664,64.0199966430664,4
2026-06-11 11:11:00+00:00,64.06999969482422,64.06999969482422,64.04000091552734,64.04000091552734,3
2026-06-11 11:12:00+00:00,64.0,64.05999755859375,63.95000076293945,64.05999755859375,26
2026-06-11 11:13:00+00:00,64.0,64.00499725341797,64.0,64.00499725341797,2
2026-06-11 11:14:00+00:00,63.95500183105469,64.00499725341797,63.95500183105469,64.00499725341797,5
2026-06-11 11:15:00+00:00,63.88999938964844,63.95500183105469,63.8650016784668,63.939998626708984,32
2026-06-11 11:16:00+00:00,63.810001373291016,63.904998779296875,63.810001373291016,63.88999938964844,47
2026-06-11 11:17:00+00:00,63.92499923706055,63.92499923706055,63.80500030517578,63.810001373291016,83
2026-06-11 11:18:00+00:00,63.93000030517578,63.95500183105469,63.900001525878906,63.915000915527344,23
2026-06-11 11:19:00+00:00,63.875,63.900001525878906,63.875,63.900001525878906,9
2026-06-11 11:20:00+00:00,63.77000045776367,63.89500045776367,63.7599983215332,63.89500045776367,38
2026-06-11 11:21:00+00:00,63.78499984741211,63.78499984741211,63.755001068115234,63.755001068115234,24
2026-06-11 11:22:00+00:00,63.779998779296875,63.85499954223633,63.7599983215332,63.81999969482422,16
2026-06-11 11:23:00+00:00,63.85499954223633,63.8650016784668,63.779998779296875,63.779998779296875,24
2026-06-11 11:24:00+00:00,63.869998931884766,63.869998931884766,63.834999084472656,63.86000061035156,20
2026-06-11 11:25:00+00:00,63.81999969482422,63.880001068115234,63.81999969482422,63.849998474121094,10
2026-06-11 11:26:00+00:00,63.834999084472656,63.8849983215332,63.81999969482422,63.81999969482422,8
2026-06-11 11:27:00+00:00,63.875,63.92499923706055,63.849998474121094,63.849998474121094,31
2026-06-11 11:28:00+00:00,63.915000915527344,63.974998474121094,63.84000015258789,63.84000015258789,60
2026-06-11 11:29:00+00:00,63.959999084472656,64.0,63.900001525878906,63.95000076293945,18
2026-06-11 11:30:00+00:00,64.09500122070312,64.18499755859375,63.95000076293945,63.959999084472656,84
2026-06-11 11:31:00+00:00,64.05999755859375,64.0999984741211,64.03500366210938,64.09500122070312,23
2026-06-11 11:32:00+00:00,64.08499908447266,64.12999725341797,64.06999969482422,64.08000183105469,11
2026-06-11 11:33:00+00:00,63.935001373291016,64.05000305175781,63.935001373291016,64.05000305175781,30
2026-06-11 11:34:00+00:00,63.89500045776367,63.94499969482422,63.89500045776367,63.94499969482422,11
2026-06-11 11:35:00+00:00,63.7599983215332,63.8650016784668,63.73500061035156,63.8650016784668,37
2026-06-11 11:36:00+00:00,63.85499954223633,63.86000061035156,63.77000045776367,63.779998779296875,11
2026-06-11 11:37:00+00:00,63.83000183105469,63.8650016784668,63.83000183105469,63.8650016784668,8
2026-06-11 11:38:00+00:00,63.689998626708984,63.834999084472656,63.65999984741211,63.834999084472656,90
2026-06-11 11:39:00+00:00,63.6349983215332,63.709999084472656,63.6150016784668,63.70000076293945,101
2026-06-11 11:40:00+00:00,63.630001068115234,63.6349983215332,63.6150016784668,63.625,14
2026-06-11 11:41:00+00:00,63.625,63.67499923706055,63.625,63.650001525878906,18
2026-06-11 11:42:00+00:00,63.68000030517578,63.720001220703125,63.63999938964844,63.63999938964844,27
2026-06-11 11:43:00+00:00,63.709999084472656,63.7599983215332,63.68000030517578,63.69499969482422,24
2026-06-11 11:44:00+00:00,63.70000076293945,63.77000045776367,63.70000076293945,63.72999954223633,11
2026-06-11 11:45:00+00:00,63.70000076293945,63.70000076293945,63.685001373291016,63.70000076293945,8
2026-06-11 11:46:00+00:00,63.71500015258789,63.71500015258789,63.67499923706055,63.685001373291016,7
2026-06-11 11:47:00+00:00,63.7400016784668,63.7599983215332,63.720001220703125,63.720001220703125,14
2026-06-11 11:48:00+00:00,63.75,63.76499938964844,63.73500061035156,63.73500061035156,7
2026-06-11 11:49:00+00:00,63.77000045776367,63.814998626708984,63.7400016784668,63.744998931884766,21
2026-06-11 11:50:00+00:00,63.7599983215332,63.76499938964844,63.75,63.75,7
2026-06-11 11:51:00+00:00,63.82500076293945,63.82500076293945,63.75,63.775001525878906,22
2026-06-11 11:52:00+00:00,63.92499923706055,63.92499923706055,63.79499816894531,63.81999969482422,87
2026-06-11 11:53:00+00:00,63.970001220703125,63.970001220703125,63.915000915527344,63.91999816894531,20
2026-06-11 11:54:00+00:00,63.97999954223633,63.97999954223633,63.93000030517578,63.935001373291016,66
2026-06-11 11:55:00+00:00,63.974998474121094,64.0,63.970001220703125,63.97999954223633,32
2026-06-11 11:56:00+00:00,63.970001220703125,64.01499938964844,63.970001220703125,63.974998474121094,7
2026-06-11 11:57:00+00:00,63.8849983215332,63.974998474121094,63.880001068115234,63.974998474121094,44
2026-06-11 11:58:00+00:00,63.8849983215332,63.900001525878906,63.875,63.88999938964844,11
2026-06-11 11:59:00+00:00,63.89500045776367,63.90999984741211,63.8650016784668,63.8849983215332,18
2026-06-11 12:00:00+00:00,63.875,63.89500045776367,63.810001373291016,63.89500045776367,56
2026-06-11 12:01:00+00:00,63.96500015258789,63.96500015258789,63.90999984741211,63.90999984741211,12
2026-06-11 12:02:00+00:00,63.96500015258789,64.01499938964844,63.96500015258789,64.01499938964844,4
2026-06-11 12:03:00+00:00,63.96500015258789,64.0,63.959999084472656,63.9900016784668,19
2026-06-11 12:04:00+00:00,63.97999954223633,63.97999954223633,63.90999984741211,63.95000076293945,23
2026-06-11 12:05:00+00:00,63.98500061035156,63.98500061035156,63.974998474121094,63.974998474121094,5
2026-06-11 12:06:00+00:00,63.91999816894531,63.9900016784668,63.91999816894531,63.97999954223633,25
2026-06-11 12:07:00+00:00,63.814998626708984,63.915000915527344,63.814998626708984,63.915000915527344,17
2026-06-11 12:08:00+00:00,63.83000183105469,63.83000183105469,63.779998779296875,63.81999969482422,16
2026-06-11 12:09:00+00:00,63.845001220703125,63.845001220703125,63.845001220703125,63.845001220703125,2
2026-06-11 12:10:00+00:00,63.70500183105469,63.77000045776367,63.69499969482422,63.77000045776367,38
2026-06-11 12:11:00+00:00,63.67499923706055,63.70000076293945,63.64500045776367,63.685001373291016,21
2026-06-11 12:12:00+00:00,63.71500015258789,63.72999954223633,63.650001525878906,63.68000030517578,35
2026-06-11 12:13:00+00:00,63.71500015258789,63.76499938964844,63.709999084472656,63.720001220703125,73
2026-06-11 12:14:00+00:00,63.77000045776367,63.77000045776367,63.72999954223633,63.75,38
2026-06-11 12:15:00+00:00,63.76499938964844,63.76499938964844,63.72999954223633,63.7400016784668,8
2026-06-11 12:16:00+00:00,63.82500076293945,63.845001220703125,63.77000045776367,63.77000045776367,24
2026-06-11 12:17:00+00:00,63.724998474121094,63.85499954223633,63.724998474121094,63.85499954223633,29
2026-06-11 12:18:00+00:00,63.709999084472656,63.73500061035156,63.69499969482422,63.69499969482422,26
2026-06-11 12:19:00+00:00,63.68000030517578,63.70000076293945,63.68000030517578,63.70000076293945,25
2026-06-11 12:20:00+00:00,63.57500076293945,63.650001525878906,63.54499816894531,63.650001525878906,192
2026-06-11 12:21:00+00:00,63.7400016784668,63.7400016784668,63.564998626708984,63.564998626708984,65
2026-06-11 12:22:00+00:00,63.3650016784668,63.68000030517578,63.290000915527344,63.68000030517578,309
2026-06-11 12:23:00+00:00,63.400001525878906,63.40999984741211,63.244998931884766,63.3650016784668,96
2026-06-11 12:24:00+00:00,63.39500045776367,63.505001068115234,63.375,63.43000030517578,61
2026-06-11 12:25:00+00:00,63.119998931884766,63.459999084472656,63.1150016784668,63.43000030517578,135
2026-06-11 12:26:00+00:00,63.30500030517578,63.314998626708984,63.03499984741211,63.1150016784668,181
2026-06-11 12:27:00+00:00,63.16999816894531,63.38999938964844,63.16999816894531,63.31999969482422,74
2026-06-11 12:28:00+00:00,63.084999084472656,63.17499923706055,63.0,63.17499923706055,152
2026-06-11 12:29:00+00:00,63.04999923706055,63.10499954223633,62.98500061035156,63.095001220703125,78
2026-06-11 12:30:00+00:00,63.31999969482422,63.5,62.89500045776367,63.005001068115234,499
2026-06-11 12:31:00+00:00,63.23500061035156,63.46500015258789,63.20000076293945,63.33000183105469,101
2026-06-11 12:32:00+00:00,63.005001068115234,63.28499984741211,62.98500061035156,63.22999954223633,121
2026-06-11 12:33:00+00:00,63.025001525878906,63.04999923706055,62.939998626708984,62.994998931884766,108
2026-06-11 12:34:00+00:00,63.119998931884766,63.150001525878906,62.92499923706055,63.025001525878906,111
2026-06-11 12:35:00+00:00,63.04499816894531,63.10499954223633,62.95500183105469,63.10499954223633,54
2026-06-11 12:36:00+00:00,63.05500030517578,63.119998931884766,63.0099983215332,63.05500030517578,56
2026-06-11 12:37:00+00:00,63.02000045776367,63.08000183105469,63.0099983215332,63.06999969482422,55
2026-06-11 12:38:00+00:00,63.125,63.189998626708984,63.02000045776367,63.02000045776367,58
2026-06-11 12:39:00+00:00,63.125,63.14500045776367,63.11000061035156,63.1150016784668,9
2026-06-11 12:40:00+00:00,63.154998779296875,63.154998779296875,63.040000915527344,63.1150016784668,42
2026-06-11 12:41:00+00:00,63.13999938964844,63.185001373291016,63.125,63.125,69
2026-06-11 12:42:00+00:00,63.34000015258789,63.35499954223633,63.154998779296875,63.165000915527344,111
2026-06-11 12:43:00+00:00,63.290000915527344,63.35499954223633,63.23500061035156,63.33000183105469,53
2026-06-11 12:44:00+00:00,63.380001068115234,63.55500030517578,63.13999938964844,63.279998779296875,196
2026-06-11 12:45:00+00:00,63.345001220703125,63.38999938964844,63.2599983215332,63.375,117
2026-06-11 12:46:00+00:00,63.54499816894531,63.59000015258789,63.380001068115234,63.380001068115234,84
2026-06-11 12:47:00+00:00,63.55500030517578,63.56999969482422,63.474998474121094,63.560001373291016,74
2026-06-11 12:48:00+00:00,63.36000061035156,63.54999923706055,63.33000183105469,63.54999923706055,96
2026-06-11 12:49:00+00:00,63.435001373291016,63.46500015258789,63.349998474121094,63.349998474121094,20
2026-06-11 12:50:00+00:00,63.380001068115234,63.41999816894531,63.345001220703125,63.41999816894531,37
2026-06-11 12:51:00+00:00,63.40999984741211,63.45000076293945,63.35499954223633,63.38999938964844,62
2026-06-11 12:52:00+00:00,63.525001525878906,63.560001373291016,63.45000076293945,63.45000076293945,54
2026-06-11 12:53:00+00:00,63.60499954223633,63.6150016784668,63.5099983215332,63.52000045776367,57
2026-06-11 12:54:00+00:00,63.599998474121094,63.6150016784668,63.56999969482422,63.6150016784668,28
2026-06-11 12:55:00+00:00,63.625,63.689998626708984,63.61000061035156,63.61000061035156,113
2026-06-11 12:56:00+00:00,63.525001525878906,63.63999938964844,63.525001525878906,63.63999938964844,35
2026-06-11 12:57:00+00:00,63.494998931884766,63.59000015258789,63.470001220703125,63.52000045776367,76
2026-06-11 12:58:00+00:00,63.68000030517578,63.68000030517578,63.505001068115234,63.505001068115234,40
2026-06-11 12:59:00+00:00,63.540000915527344,63.654998779296875,63.52000045776367,63.654998779296875,68
2026-06-11 13:00:00+00:00,63.65999984741211,63.76499938964844,63.52000045776367,63.564998626708984,170
2026-06-11 13:01:00+00:00,63.665000915527344,63.79999923706055,63.650001525878906,63.654998779296875,88
2026-06-11 13:02:00+00:00,63.959999084472656,63.959999084472656,63.68000030517578,63.68000030517578,212
2026-06-11 13:03:00+00:00,63.994998931884766,64.06500244140625,63.869998931884766,63.96500015258789,169
2026-06-11 13:04:00+00:00,64.0,64.05999755859375,63.95000076293945,63.98500061035156,86
2026-06-11 13:05:00+00:00,63.779998779296875,64.05999755859375,63.779998779296875,63.994998931884766,89
2026-06-11 13:06:00+00:00,63.709999084472656,63.79999923706055,63.709999084472656,63.775001525878906,33
2026-06-11 13:07:00+00:00,63.67499923706055,63.779998779296875,63.630001068115234,63.69499969482422,72
2026-06-11 13:08:00+00:00,63.724998474121094,63.75,63.65999984741211,63.665000915527344,27
2026-06-11 13:09:00+00:00,63.84000015258789,63.869998931884766,63.71500015258789,63.7400016784668,46
2026-06-11 13:10:00+00:00,63.79999923706055,63.845001220703125,63.76499938964844,63.845001220703125,61
2026-06-11 13:11:00+00:00,63.650001525878906,63.78499984741211,63.63999938964844,63.78499984741211,43
2026-06-11 13:12:00+00:00,63.59000015258789,63.73500061035156,63.540000915527344,63.650001525878906,89
2026-06-11 13:13:00+00:00,63.5099983215332,63.6349983215332,63.474998474121094,63.58000183105469,81
2026-06-11 13:14:00+00:00,63.51499938964844,63.540000915527344,63.47999954223633,63.51499938964844,47
2026-06-11 13:15:00+00:00,63.584999084472656,63.625,63.51499938964844,63.525001525878906,96
2026-06-11 13:16:00+00:00,63.650001525878906,63.654998779296875,63.599998474121094,63.61000061035156,37
2026-06-11 13:17:00+00:00,63.595001220703125,63.65999984741211,63.58000183105469,63.6349983215332,34
2026-06-11 13:18:00+00:00,63.665000915527344,63.70000076293945,63.584999084472656,63.584999084472656,128
2026-06-11 13:19:00+00:00,63.61000061035156,63.689998626708984,63.599998474121094,63.65999984741211,47
2026-06-11 13:20:00+00:00,63.720001220703125,63.75,63.630001068115234,63.630001068115234,44
2026-06-11 13:21:00+00:00,63.689998626708984,63.724998474121094,63.64500045776367,63.71500015258789,85
2026-06-11 13:22:00+00:00,63.70500183105469,63.77000045776367,63.66999816894531,63.70500183105469,51
2026-06-11 13:23:00+00:00,63.78499984741211,63.78499984741211,63.66999816894531,63.71500015258789,21
2026-06-11 13:24:00+00:00,63.63999938964844,63.7599983215332,63.6150016784668,63.755001068115234,50
2026-06-11 13:25:00+00:00,63.525001525878906,63.625,63.5099983215332,63.625,47
2026-06-11 13:26:00+00:00,63.529998779296875,63.564998626708984,63.5,63.5,22
2026-06-11 13:27:00+00:00,63.665000915527344,63.685001373291016,63.54499816894531,63.54499816894531,50
2026-06-11 13:28:00+00:00,63.76499938964844,63.83000183105469,63.69499969482422,63.69499969482422,38
2026-06-11 13:29:00+00:00,63.665000915527344,63.77000045776367,63.665000915527344,63.77000045776367,26
2026-06-11 13:30:00+00:00,63.72999954223633,63.75,63.630001068115234,63.63999938964844,99
2026-06-11 13:31:00+00:00,63.73500061035156,63.779998779296875,63.665000915527344,63.724998474121094,88
2026-06-11 13:32:00+00:00,63.70000076293945,63.849998474121094,63.67499923706055,63.744998931884766,124
2026-06-11 13:33:00+00:00,63.6349983215332,63.709999084472656,63.625,63.70500183105469,49
2026-06-11 13:34:00+00:00,63.724998474121094,63.724998474121094,63.584999084472656,63.67499923706055,60
2026-06-11 13:35:00+00:00,63.76499938964844,63.76499938964844,63.67499923706055,63.68000030517578,41
2026-06-11 13:36:00+00:00,63.90999984741211,63.98500061035156,63.7599983215332,63.790000915527344,85
2026-06-11 13:37:00+00:00,63.90999984741211,63.94499969482422,63.845001220703125,63.88999938964844,55
2026-06-11 13:38:00+00:00,63.60499954223633,63.84000015258789,63.53499984741211,63.84000015258789,142
2026-06-11 13:39:00+00:00,63.6349983215332,63.70500183105469,63.61000061035156,63.6349983215332,67
2026-06-11 13:40:00+00:00,63.560001373291016,63.665000915527344,63.540000915527344,63.665000915527344,61
2026-06-11 13:41:00+00:00,63.61000061035156,63.625,63.525001525878906,63.55500030517578,53
2026-06-11 13:42:00+00:00,63.584999084472656,63.59000015258789,63.470001220703125,63.59000015258789,83
2026-06-11 13:43:00+00:00,63.775001525878906,63.79499816894531,63.54499816894531,63.58000183105469,158
2026-06-11 13:44:00+00:00,63.84000015258789,63.91999816894531,63.755001068115234,63.779998779296875,41
2026-06-11 13:45:00+00:00,64.08499908447266,64.15499877929688,63.78499984741211,63.845001220703125,358
2026-06-11 13:46:00+00:00,64.13500213623047,64.23500061035156,63.974998474121094,64.05000305175781,187
2026-06-11 13:47:00+00:00,64.22000122070312,64.23500061035156,64.08000183105469,64.19000244140625,134
2026-06-11 13:48:00+00:00,64.11499786376953,64.2300033569336,64.05500030517578,64.2300033569336,106
2026-06-11 13:49:00+00:00,64.12000274658203,64.26000213623047,64.11499786376953,64.11499786376953,107
2026-06-11 13:50:00+00:00,64.2699966430664,64.29000091552734,64.11000061035156,64.11000061035156,163
2026-06-11 13:51:00+00:00,64.28500366210938,64.33000183105469,64.19999694824219,64.2699966430664,144
2026-06-11 13:52:00+00:00,64.29000091552734,64.32499694824219,64.26000213623047,64.26499938964844,73
2026-06-11 13:53:00+00:00,64.30999755859375,64.33999633789062,64.23500061035156,64.29499816894531,88
2026-06-11 13:54:00+00:00,64.19499969482422,64.36000061035156,64.18000030517578,64.30500030517578,129
2026-06-11 13:55:00+00:00,64.38500213623047,64.38999938964844,64.19999694824219,64.19999694824219,56
2026-06-11 13:56:00+00:00,64.29000091552734,64.4000015258789,64.2699966430664,64.4000015258789,50
2026-06-11 13:57:00+00:00,64.20999908447266,64.31500244140625,64.19000244140625,64.2699966430664,45
2026-06-11 13:58:00+00:00,64.26499938964844,64.30000305175781,64.22000122070312,64.2300033569336,54
2026-06-11 13:59:00+00:00,64.16000366210938,64.25,64.13999938964844,64.25,70
2026-06-11 14:00:00+00:00,64.17500305175781,64.20999908447266,64.08999633789062,64.16999816894531,127
2026-06-11 14:01:00+00:00,64.34500122070312,64.3550033569336,64.15499877929688,64.15499877929688,102
2026-06-11 14:02:00+00:00,64.2300033569336,64.375,64.21499633789062,64.3550033569336,49
2026-06-11 14:03:00+00:00,64.15499877929688,64.26499938964844,64.13999938964844,64.25,201
2026-06-11 14:04:00+00:00,64.20999908447266,64.25,64.1449966430664,64.17500305175781,96
2026-06-11 14:05:00+00:00,64.12999725341797,64.20500183105469,64.08499908447266,64.20500183105469,50
2026-06-11 14:06:00+00:00,64.16500091552734,64.19000244140625,64.08000183105469,64.125,91
2026-06-11 14:07:00+00:00,64.19000244140625,64.20999908447266,64.0999984741211,64.1500015258789,61
2026-06-11 14:08:00+00:00,64.04000091552734,64.18499755859375,64.0250015258789,64.18499755859375,76
2026-06-11 14:09:00+00:00,63.83000183105469,64.03500366210938,63.790000915527344,64.03500366210938,126
2026-06-11 14:10:00+00:00,63.66999816894531,63.845001220703125,63.650001525878906,63.845001220703125,189
2026-06-11 14:11:00+00:00,63.720001220703125,63.744998931884766,63.59000015258789,63.654998779296875,86
2026-06-11 14:12:00+00:00,63.625,63.7400016784668,63.595001220703125,63.709999084472656,54
2026-06-11 14:13:00+00:00,63.685001373291016,63.69499969482422,63.584999084472656,63.625,117
2026-06-11 14:14:00+00:00,63.724998474121094,63.775001525878906,63.689998626708984,63.70500183105469,94
2026-06-11 14:15:00+00:00,63.849998474121094,63.91999816894531,63.72999954223633,63.72999954223633,138
2026-06-11 14:16:00+00:00,63.64500045776367,63.82500076293945,63.63999938964844,63.814998626708984,69
2026-06-11 14:17:00+00:00,63.790000915527344,63.810001373291016,63.63999938964844,63.63999938964844,59
2026-06-11 14:18:00+00:00,63.70000076293945,63.7599983215332,63.66999816894531,63.7599983215332,206
2026-06-11 14:19:00+00:00,63.779998779296875,63.814998626708984,63.724998474121094,63.73500061035156,80
2026-06-11 14:20:00+00:00,63.880001068115234,63.89500045776367,63.77000045776367,63.77000045776367,86
2026-06-11 14:21:00+00:00,63.915000915527344,63.91999816894531,63.849998474121094,63.875,82
2026-06-11 14:22:00+00:00,64.01000213623047,64.0250015258789,63.8849983215332,63.90999984741211,73
2026-06-11 14:23:00+00:00,64.18000030517578,64.18000030517578,64.01000213623047,64.01000213623047,129
2026-06-11 14:24:00+00:00,64.19999694824219,64.28500366210938,64.16000366210938,64.16999816894531,119
2026-06-11 14:25:00+00:00,64.23500061035156,64.29000091552734,64.19499969482422,64.19999694824219,52
2026-06-11 14:26:00+00:00,64.29000091552734,64.3499984741211,64.2300033569336,64.23999786376953,208
2026-06-11 14:27:00+00:00,64.16999816894531,64.29499816894531,64.1449966430664,64.28500366210938,102
2026-06-11 14:28:00+00:00,64.19000244140625,64.20500183105469,64.11499786376953,64.20500183105469,31
2026-06-11 14:29:00+00:00,64.16500091552734,64.20999908447266,64.15499877929688,64.19999694824219,30
2026-06-11 14:30:00+00:00,64.08000183105469,64.19000244140625,64.07499694824219,64.15499877929688,72
2026-06-11 14:31:00+00:00,64.0999984741211,64.11499786376953,64.05999755859375,64.11000061035156,34
2026-06-11 14:32:00+00:00,64.1449966430664,64.23999786376953,64.08499908447266,64.12000274658203,90
2026-06-11 14:33:00+00:00,64.12999725341797,64.19499969482422,64.12999725341797,64.19000244140625,34
2026-06-11 14:34:00+00:00,64.13500213623047,64.18499755859375,64.08499908447266,64.12000274658203,168
2026-06-11 14:35:00+00:00,64.25499725341797,64.2699966430664,64.1500015258789,64.1500015258789,165
2026-06-11 14:36:00+00:00,64.32499694824219,64.33999633789062,64.23500061035156,64.25499725341797,79
2026-06-11 14:37:00+00:00,64.11000061035156,64.31500244140625,64.11000061035156,64.31500244140625,112
2026-06-11 14:38:00+00:00,64.28500366210938,64.29499816894531,64.125,64.125,105
2026-06-11 14:39:00+00:00,64.2699966430664,64.29000091552734,64.2300033569336,64.28500366210938,65
2026-06-11 14:40:00+00:00,64.31999969482422,64.34500122070312,64.27999877929688,64.27999877929688,63
2026-06-11 14:41:00+00:00,64.26000213623047,64.31500244140625,64.25,64.30000305175781,59
2026-06-11 14:42:00+00:00,64.29000091552734,64.30000305175781,64.21499633789062,64.25499725341797,64
2026-06-11 14:43:00+00:00,64.2300033569336,64.30500030517578,64.21499633789062,64.30500030517578,38
2026-06-11 14:44:00+00:00,64.11499786376953,64.23999786376953,64.11499786376953,64.23999786376953,50
2026-06-11 14:45:00+00:00,64.15499877929688,64.17500305175781,64.11000061035156,64.13999938964844,41
2026-06-11 14:46:00+00:00,64.125,64.16500091552734,64.08000183105469,64.12000274658203,51
2026-06-11 14:47:00+00:00,64.1500015258789,64.18000030517578,64.11000061035156,64.11000061035156,27
2026-06-11 14:48:00+00:00,64.20999908447266,64.20999908447266,64.125,64.1449966430664,47
2026-06-11 14:49:00+00:00,64.23999786376953,64.29000091552734,64.22000122070312,64.22000122070312,33
2026-06-11 14:50:00+00:00,64.23500061035156,64.26000213623047,64.16000366210938,64.24500274658203,73
2026-06-11 14:51:00+00:00,64.22000122070312,64.22000122070312,64.1500015258789,64.19000244140625,37
2026-06-11 14:52:00+00:00,64.125,64.2249984741211,64.06500244140625,64.2249984741211,55
2026-06-11 14:53:00+00:00,64.16000366210938,64.2300033569336,64.16000366210938,64.16999816894531,36
2026-06-11 14:54:00+00:00,64.18000030517578,64.18000030517578,64.16500091552734,64.18000030517578,13
2026-06-11 14:55:00+00:00,64.11000061035156,64.21499633789062,64.11000061035156,64.16999816894531,69
2026-06-11 14:56:00+00:00,64.12999725341797,64.15499877929688,64.11000061035156,64.11000061035156,29
2026-06-11 14:57:00+00:00,64.11000061035156,64.13999938964844,64.08000183105469,64.11000061035156,56
2026-06-11 14:58:00+00:00,64.02999877929688,64.17500305175781,64.01000213623047,64.12999725341797,73
2026-06-11 14:59:00+00:00,64.06500244140625,64.06999969482422,64.00499725341797,64.02999877929688,81
2026-06-11 15:00:00+00:00,63.974998474121094,64.05999755859375,63.974998474121094,64.02999877929688,137
2026-06-11 15:01:00+00:00,63.915000915527344,63.994998931884766,63.89500045776367,63.970001220703125,85
2026-06-11 15:02:00+00:00,63.900001525878906,64.00499725341797,63.900001525878906,63.90999984741211,116
2026-06-11 15:03:00+00:00,63.95000076293945,63.95500183105469,63.849998474121094,63.904998779296875,183
2026-06-11 15:04:00+00:00,63.880001068115234,63.970001220703125,63.880001068115234,63.95500183105469,50
2026-06-11 15:05:00+00:00,63.869998931884766,63.900001525878906,63.834999084472656,63.849998474121094,37
2026-06-11 15:06:00+00:00,63.95500183105469,63.970001220703125,63.8650016784668,63.869998931884766,60
2026-06-11 15:07:00+00:00,64.25,64.26499938964844,63.915000915527344,63.95500183105469,143
2026-06-11 15:08:00+00:00,64.23999786376953,64.3949966430664,64.20999908447266,64.26499938964844,184
2026-06-11 15:09:00+00:00,64.22000122070312,64.33499908447266,64.21499633789062,64.21499633789062,126
2026-06-11 15:10:00+00:00,64.2249984741211,64.24500274658203,64.13999938964844,64.16000366210938,66
2026-06-11 15:11:00+00:00,64.22000122070312,64.25,64.17500305175781,64.2249984741211,34
2026-06-11 15:12:00+00:00,64.31999969482422,64.36000061035156,64.19000244140625,64.23500061035156,240
2026-06-11 15:13:00+00:00,64.22000122070312,64.30999755859375,64.22000122070312,64.30999755859375,20
2026-06-11 15:14:00+00:00,64.15499877929688,64.22000122070312,64.13999938964844,64.22000122070312,41
2026-06-11 15:15:00+00:00,64.16500091552734,64.24500274658203,64.13999938964844,64.13999938964844,80
2026-06-11 15:16:00+00:00,64.15499877929688,64.19499969482422,64.09500122070312,64.17500305175781,72
2026-06-11 15:17:00+00:00,64.17500305175781,64.18000030517578,64.13500213623047,64.1449966430664,46
2026-06-11 15:18:00+00:00,64.0199966430664,64.16999816894531,64.01499938964844,64.16999816894531,101
2026-06-11 15:19:00+00:00,64.05500030517578,64.08000183105469,64.01499938964844,64.0250015258789,34
2026-06-11 15:20:00+00:00,64.26000213623047,64.29499816894531,64.08000183105469,64.08000183105469,43
2026-06-11 15:21:00+00:00,64.17500305175781,64.27999877929688,64.17500305175781,64.26499938964844,71
2026-06-11 15:22:00+00:00,64.1050033569336,64.16500091552734,64.08000183105469,64.1449966430664,20
2026-06-11 15:23:00+00:00,64.06999969482422,64.125,64.02999877929688,64.0999984741211,46
2026-06-11 15:24:00+00:00,64.08499908447266,64.0999984741211,64.05000305175781,64.05000305175781,38
2026-06-11 15:25:00+00:00,64.08000183105469,64.08000183105469,63.994998931884766,64.05000305175781,31
2026-06-11 15:26:00+00:00,64.11499786376953,64.125,64.03500366210938,64.07499694824219,36
2026-06-11 15:27:00+00:00,64.16999816894531,64.16999816894531,64.08000183105469,64.125,41
2026-06-11 15:28:00+00:00,64.11000061035156,64.13999938964844,64.1050033569336,64.13999938964844,28
2026-06-11 15:29:00+00:00,64.1050033569336,64.13500213623047,64.07499694824219,64.0999984741211,43
2026-06-11 15:30:00+00:00,64.07499694824219,64.1050033569336,64.04000091552734,64.1050033569336,126
2026-06-11 15:31:00+00:00,64.09500122070312,64.09500122070312,64.0250015258789,64.05000305175781,160
2026-06-11 15:32:00+00:00,64.09500122070312,64.1500015258789,64.09500122070312,64.125,36
2026-06-11 15:33:00+00:00,64.04000091552734,64.06999969482422,64.0,64.06999969482422,137
2026-06-11 15:34:00+00:00,64.05999755859375,64.08000183105469,64.0250015258789,64.05500030517578,66
2026-06-11 15:35:00+00:00,64.05500030517578,64.06999969482422,64.01000213623047,64.04499816894531,26
2026-06-11 15:36:00+00:00,64.0999984741211,64.12000274658203,64.01000213623047,64.02999877929688,52
2026-06-11 15:37:00+00:00,64.11499786376953,64.15499877929688,64.08999633789062,64.125,43
2026-06-11 15:38:00+00:00,64.16999816894531,64.18000030517578,64.09500122070312,64.0999984741211,70
2026-06-11 15:39:00+00:00,64.16500091552734,64.19999694824219,64.1500015258789,64.19999694824219,27
2026-06-11 15:40:00+00:00,64.24500274658203,64.2750015258789,64.16999816894531,64.17500305175781,63
2026-06-11 15:41:00+00:00,64.20999908447266,64.25499725341797,64.19999694824219,64.23500061035156,61
2026-06-11 15:42:00+00:00,64.22000122070312,64.25,64.19499969482422,64.21499633789062,31
2026-06-11 15:43:00+00:00,64.15499877929688,64.2699966430664,64.15499877929688,64.2699966430664,41
2026-06-11 15:44:00+00:00,64.16000366210938,64.16999816894531,64.12000274658203,64.16999816894531,17
2026-06-11 15:45:00+00:00,64.17500305175781,64.20500183105469,64.1050033569336,64.16999816894531,47
2026-06-11 15:46:00+00:00,64.23500061035156,64.26000213623047,64.17500305175781,64.19499969482422,66
2026-06-11 15:47:00+00:00,64.23999786376953,64.27999877929688,64.22000122070312,64.25499725341797,51
2026-06-11 15:48:00+00:00,64.22000122070312,64.2300033569336,64.18499755859375,64.2300033569336,200
2026-06-11 15:49:00+00:00,64.22000122070312,64.22000122070312,64.20500183105469,64.20500183105469,6
2026-06-11 15:50:00+00:00,64.15499877929688,64.19000244140625,64.12000274658203,64.19000244140625,22
2026-06-11 15:51:00+00:00,64.2699966430664,64.29499816894531,64.15499877929688,64.15499877929688,58
2026-06-11 15:52:00+00:00,64.20500183105469,64.25,64.18000030517578,64.23500061035156,31
2026-06-11 15:53:00+00:00,64.16000366210938,64.20500183105469,64.1500015258789,64.20500183105469,18
2026-06-11 15:54:00+00:00,64.1449966430664,64.16500091552734,64.11000061035156,64.16500091552734,17
2026-06-11 15:55:00+00:00,64.125,64.13999938964844,64.05000305175781,64.13999938964844,92
2026-06-11 15:56:00+00:00,64.11499786376953,64.125,64.08000183105469,64.09500122070312,49
2026-06-11 15:57:00+00:00,64.17500305175781,64.17500305175781,64.1050033569336,64.12000274658203,25
2026-06-11 15:58:00+00:00,64.19000244140625,64.19000244140625,64.1449966430664,64.16000366210938,11
2026-06-11 15:59:00+00:00,64.125,64.16999816894531,64.12000274658203,64.16999816894531,83
2026-06-11 16:00:00+00:00,64.23999786376953,64.23999786376953,64.09500122070312,64.125,49
2026-06-11 16:01:00+00:00,64.24500274658203,64.2750015258789,64.20500183105469,64.2300033569336,46
2026-06-11 16:02:00+00:00,64.2750015258789,64.30000305175781,64.21499633789062,64.25,74
2026-06-11 16:03:00+00:00,64.21499633789062,64.28500366210938,64.17500305175781,64.2750015258789,36
2026-06-11 16:04:00+00:00,64.16000366210938,64.19499969482422,64.13500213623047,64.19000244140625,15
2026-06-11 16:05:00+00:00,64.19000244140625,64.19499969482422,64.13500213623047,64.17500305175781,32
2026-06-11 16:06:00+00:00,64.2750015258789,64.30500030517578,64.25,64.25,32
2026-06-11 16:07:00+00:00,64.33000183105469,64.33000183105469,64.2750015258789,64.2750015258789,62
2026-06-11 16:08:00+00:00,64.31500244140625,64.32499694824219,64.2750015258789,64.2750015258789,16
2026-06-11 16:09:00+00:00,64.30500030517578,64.30500030517578,64.29000091552734,64.29000091552734,69
2026-06-11 16:10:00+00:00,64.33999633789062,64.33999633789062,64.26000213623047,64.26000213623047,28
2026-06-11 16:11:00+00:00,64.41500091552734,64.41999816894531,64.30999755859375,64.33499908447266,67
2026-06-11 16:12:00+00:00,64.45500183105469,64.47000122070312,64.3949966430664,64.41000366210938,81
2026-06-11 16:13:00+00:00,64.5199966430664,64.5199966430664,64.43499755859375,64.4749984741211,109
2026-06-11 16:14:00+00:00,64.66999816894531,64.69499969482422,64.48999786376953,64.51499938964844,141
2026-06-11 16:15:00+00:00,64.6500015258789,64.73999786376953,64.625,64.66500091552734,200
2026-06-11 16:16:00+00:00,64.46499633789062,64.62999725341797,64.46499633789062,64.62999725341797,68
2026-06-11 16:17:00+00:00,64.45500183105469,64.4749984741211,64.43000030517578,64.47000122070312,34
2026-06-11 16:18:00+00:00,64.44499969482422,64.45500183105469,64.37000274658203,64.43499755859375,67
2026-06-11 16:19:00+00:00,64.4000015258789,64.43000030517578,64.36499786376953,64.43000030517578,16
2026-06-11 16:20:00+00:00,64.37000274658203,64.43000030517578,64.36499786376953,64.4000015258789,23
2026-06-11 16:21:00+00:00,64.33000183105469,64.36499786376953,64.21499633789062,64.3550033569336,302
2026-06-11 16:22:00+00:00,64.29000091552734,64.36000061035156,64.2750015258789,64.33499908447266,52
2026-06-11 16:23:00+00:00,64.29499816894531,64.36499786376953,64.28500366210938,64.32499694824219,39
2026-06-11 16:24:00+00:00,64.21499633789062,64.26000213623047,64.16999816894531,64.25499725341797,71
2026-06-11 16:25:00+00:00,64.12999725341797,64.23500061035156,64.11499786376953,64.2249984741211,30
2026-06-11 16:26:00+00:00,64.16000366210938,64.18000030517578,64.12000274658203,64.13500213623047,35
2026-06-11 16:27:00+00:00,64.12000274658203,64.1449966430664,64.08000183105469,64.1449966430664,15
2026-06-11 16:28:00+00:00,64.11499786376953,64.13999938964844,64.08000183105469,64.11000061035156,53
2026-06-11 16:29:00+00:00,63.935001373291016,64.09500122070312,63.900001525878906,64.08999633789062,163
2026-06-11 16:30:00+00:00,63.98500061035156,64.00499725341797,63.89500045776367,63.900001525878906,61
2026-06-11 16:31:00+00:00,64.04499816894531,64.05000305175781,63.974998474121094,63.974998474121094,45
2026-06-11 16:32:00+00:00,64.0250015258789,64.04499816894531,64.0,64.03500366210938,41
2026-06-11 16:33:00+00:00,64.125,64.12999725341797,64.03500366210938,64.05999755859375,68
2026-06-11 16:34:00+00:00,64.1050033569336,64.18499755859375,64.0999984741211,64.12999725341797,85
2026-06-11 16:35:00+00:00,64.11000061035156,64.12999725341797,64.05500030517578,64.09500122070312,50
2026-06-11 16:36:00+00:00,64.15499877929688,64.15499877929688,64.08000183105469,64.08499908447266,22
2026-06-11 16:37:00+00:00,64.08499908447266,64.13500213623047,64.08499908447266,64.125,22
2026-06-11 16:38:00+00:00,64.04499816894531,64.09500122070312,64.0199966430664,64.08999633789062,70
2026-06-11 16:39:00+00:00,64.01000213623047,64.05500030517578,63.9900016784668,64.05000305175781,43
2026-06-11 16:40:00+00:00,64.0250015258789,64.05500030517578,64.0199966430664,64.05500030517578,39
2026-06-11 16:41:00+00:00,64.01499938964844,64.04499816894531,63.9900016784668,64.04000091552734,32
2026-06-11 16:42:00+00:00,64.0199966430664,64.02999877929688,63.97999954223633,64.02999877929688,34
2026-06-11 16:43:00+00:00,63.994998931884766,64.02999877929688,63.970001220703125,63.9900016784668,38
2026-06-11 16:44:00+00:00,63.95000076293945,64.00499725341797,63.93000030517578,63.98500061035156,98
2026-06-11 16:45:00+00:00,63.904998779296875,64.0199966430664,63.904998779296875,63.97999954223633,53
2026-06-11 16:46:00+00:00,63.97999954223633,64.00499725341797,63.900001525878906,63.904998779296875,30
2026-06-11 16:47:00+00:00,64.01000213623047,64.03500366210938,63.974998474121094,63.974998474121094,16
2026-06-11 16:48:00+00:00,64.00499725341797,64.04499816894531,64.00499725341797,64.00499725341797,18
2026-06-11 16:49:00+00:00,63.95500183105469,63.9900016784668,63.91999816894531,63.9900016784668,23
2026-06-11 16:50:00+00:00,63.915000915527344,63.939998626708984,63.8650016784668,63.93000030517578,46
2026-06-11 16:51:00+00:00,63.93000030517578,63.98500061035156,63.93000030517578,63.935001373291016,40
2026-06-11 16:52:00+00:00,63.90999984741211,63.95500183105469,63.904998779296875,63.95500183105469,12
2026-06-11 16:53:00+00:00,63.904998779296875,63.935001373291016,63.880001068115234,63.880001068115234,43
2026-06-11 16:54:00+00:00,63.904998779296875,63.91999816894531,63.880001068115234,63.91999816894531,21
2026-06-11 16:55:00+00:00,63.92499923706055,63.92499923706055,63.904998779296875,63.904998779296875,11
2026-06-11 16:56:00+00:00,63.95500183105469,63.96500015258789,63.91999816894531,63.93000030517578,18
2026-06-11 16:57:00+00:00,63.959999084472656,63.97999954223633,63.935001373291016,63.95500183105469,37
2026-06-11 16:58:00+00:00,63.970001220703125,64.01499938964844,63.95500183105469,63.959999084472656,28
2026-06-11 16:59:00+00:00,63.95000076293945,63.96500015258789,63.935001373291016,63.96500015258789,31
2026-06-11 17:00:00+00:00,63.849998474121094,63.95000076293945,63.80500030517578,63.95000076293945,82
2026-06-11 17:01:00+00:00,63.875,63.935001373291016,63.83000183105469,63.845001220703125,74
2026-06-11 17:02:00+00:00,63.80500030517578,63.880001068115234,63.80500030517578,63.869998931884766,39
2026-06-11 17:03:00+00:00,63.810001373291016,63.84000015258789,63.7400016784668,63.79499816894531,98
2026-06-11 17:04:00+00:00,63.869998931884766,63.880001068115234,63.81999969482422,63.834999084472656,29
2026-06-11 17:05:00+00:00,63.90999984741211,63.915000915527344,63.86000061035156,63.86000061035156,38
2026-06-11 17:06:00+00:00,63.900001525878906,63.93000030517578,63.8849983215332,63.92499923706055,20
2026-06-11 17:07:00+00:00,63.959999084472656,63.98500061035156,63.880001068115234,63.88999938964844,26
2026-06-11 17:08:00+00:00,63.939998626708984,63.959999084472656,63.92499923706055,63.94499969482422,24
2026-06-11 17:09:00+00:00,63.94499969482422,63.96500015258789,63.90999984741211,63.915000915527344,48
2026-06-11 17:10:00+00:00,63.959999084472656,63.9900016784668,63.939998626708984,63.94499969482422,53
2026-06-11 17:11:00+00:00,63.93000030517578,64.0,63.93000030517578,63.95000076293945,75
2026-06-11 17:12:00+00:00,63.900001525878906,63.939998626708984,63.880001068115234,63.935001373291016,83
2026-06-11 17:13:00+00:00,63.869998931884766,63.904998779296875,63.810001373291016,63.88999938964844,168
2026-06-11 17:14:00+00:00,63.904998779296875,63.90999984741211,63.869998931884766,63.869998931884766,95
2026-06-11 17:15:00+00:00,63.88999938964844,63.95500183105469,63.8650016784668,63.88999938964844,64
2026-06-11 17:16:00+00:00,63.90999984741211,63.935001373291016,63.880001068115234,63.880001068115234,65
2026-06-11 17:17:00+00:00,63.939998626708984,63.95000076293945,63.91999816894531,63.939998626708984,63
2026-06-11 17:18:00+00:00,63.915000915527344,63.974998474121094,63.915000915527344,63.935001373291016,86
2026-06-11 17:19:00+00:00,63.98500061035156,64.0250015258789,63.93000030517578,63.93000030517578,144
2026-06-11 17:20:00+00:00,63.970001220703125,63.994998931884766,63.93000030517578,63.974998474121094,56
2026-06-11 17:21:00+00:00,63.939998626708984,63.959999084472656,63.92499923706055,63.959999084472656,154
2026-06-11 17:22:00+00:00,63.875,63.939998626708984,63.875,63.939998626708984,186
2026-06-11 17:23:00+00:00,63.935001373291016,63.97999954223633,63.880001068115234,63.880001068115234,351
2026-06-11 17:24:00+00:00,64.04499816894531,64.08000183105469,63.880001068115234,63.93000030517578,1254
2026-06-11 17:25:00+00:00,64.06500244140625,64.06500244140625,64.0199966430664,64.05999755859375,136
2026-06-11 17:26:00+00:00,64.08499908447266,64.125,64.06500244140625,64.06500244140625,69
2026-06-11 17:27:00+00:00,64.11499786376953,64.125,64.11499786376953,64.12000274658203,25
2026-06-11 17:28:00+00:00,64.375,64.58999633789062,64.1050033569336,64.11499786376953,928
2026-06-11 17:29:00+00:00,64.82499694824219,64.83000183105469,64.33000183105469,64.3949966430664,551
2026-06-11 17:30:00+00:00,65.69999694824219,65.7300033569336,64.81500244140625,64.81500244140625,1174
2026-06-11 17:31:00+00:00,65.58499908447266,65.73500061035156,65.29499816894531,65.70999908447266,512
2026-06-11 17:32:00+00:00,65.93000030517578,65.94499969482422,65.52999877929688,65.53500366210938,411
2026-06-11 17:33:00+00:00,65.90499877929688,66.07499694824219,65.69999694824219,65.91000366210938,611
2026-06-11 17:34:00+00:00,66.23999786376953,66.25,65.8499984741211,65.90499877929688,589
2026-06-11 17:35:00+00:00,66.1449966430664,66.30500030517578,66.05000305175781,66.20500183105469,381
2026-06-11 17:36:00+00:00,66.06999969482422,66.28500366210938,66.00499725341797,66.16500091552734,238
2026-06-11 17:37:00+00:00,65.9800033569336,66.16500091552734,65.875,66.07499694824219,184
2026-06-11 17:38:00+00:00,66.0999984741211,66.11499786376953,65.84500122070312,65.9800033569336,144
2026-06-11 17:39:00+00:00,66.15499877929688,66.29499816894531,66.06500244140625,66.1050033569336,234
2026-06-11 17:40:00+00:00,66.29499816894531,66.30000305175781,66.1050033569336,66.17500305175781,233
2026-06-11 17:41:00+00:00,66.58999633789062,66.63500213623047,66.20500183105469,66.29000091552734,327
2026-06-11 17:42:00+00:00,66.5250015258789,66.7249984741211,66.48999786376953,66.58499908447266,555
2026-06-11 17:43:00+00:00,66.41500091552734,66.5199966430664,66.31999969482422,66.51000213623047,253
2026-06-11 17:44:00+00:00,66.61000061035156,66.72000122070312,66.44000244140625,66.44000244140625,244
2026-06-11 17:45:00+00:00,66.3499984741211,66.62999725341797,66.31500244140625,66.61499786376953,241
2026-06-11 17:46:00+00:00,66.28500366210938,66.41000366210938,66.28500366210938,66.38500213623047,115
2026-06-11 17:47:00+00:00,66.28500366210938,66.42500305175781,66.26000213623047,66.30500030517578,98
2026-06-11 17:48:00+00:00,66.21499633789062,66.3499984741211,66.18000030517578,66.29499816894531,93
2026-06-11 17:49:00+00:00,66.2249984741211,66.26000213623047,66.12000274658203,66.20500183105469,159
2026-06-11 17:50:00+00:00,66.02999877929688,66.2249984741211,66.0,66.2249984741211,221
2026-06-11 17:51:00+00:00,66.1500015258789,66.19000244140625,66.02999877929688,66.04499816894531,115
2026-06-11 17:52:00+00:00,66.1500015258789,66.30000305175781,66.13500213623047,66.16999816894531,143
2026-06-11 17:53:00+00:00,66.06500244140625,66.16000366210938,66.02999877929688,66.1449966430664,192
2026-06-11 17:54:00+00:00,66.05000305175781,66.06999969482422,65.9800033569336,66.05500030517578,150
2026-06-11 17:55:00+00:00,66.0199966430664,66.09500122070312,66.0,66.05000305175781,225
2026-06-11 17:56:00+00:00,65.95500183105469,66.02999877929688,65.90499877929688,66.01499938964844,80
2026-06-11 17:57:00+00:00,66.05000305175781,66.16000366210938,65.94499969482422,65.94499969482422,129
2026-06-11 17:58:00+00:00,66.00499725341797,66.08499908447266,66.00499725341797,66.07499694824219,66
2026-06-11 17:59:00+00:00,66.0,66.03500366210938,65.93000030517578,66.02999877929688,168
2026-06-11 18:00:00+00:00,66.03500366210938,66.1449966430664,66.0,66.01000213623047,131
2026-06-11 18:01:00+00:00,66.0250015258789,66.19499969482422,66.0199966430664,66.05500030517578,160
2026-06-11 18:02:00+00:00,65.91999816894531,66.04000091552734,65.88999938964844,66.0,145
2026-06-11 18:03:00+00:00,65.63500213623047,65.94499969482422,65.625,65.92500305175781,363
2026-06-11 18:04:00+00:00,65.63999938964844,65.70999908447266,65.62000274658203,65.62999725341797,92
2026-06-11 18:05:00+00:00,65.47000122070312,65.68000030517578,65.47000122070312,65.66500091552734,121
2026-06-11 18:06:00+00:00,65.49500274658203,65.55000305175781,65.41999816894531,65.48500061035156,166
2026-06-11 18:07:00+00:00,65.66500091552734,65.66500091552734,65.4749984741211,65.4800033569336,55
2026-06-11 18:08:00+00:00,65.58000183105469,65.69999694824219,65.55999755859375,65.65499877929688,75
2026-06-11 18:09:00+00:00,65.55000305175781,65.56500244140625,65.48500061035156,65.55999755859375,41
2026-06-11 18:10:00+00:00,65.6500015258789,65.6500015258789,65.55500030517578,65.55500030517578,46
2026-06-11 18:11:00+00:00,65.73500061035156,65.79000091552734,65.62000274658203,65.62000274658203,87
2026-06-11 18:12:00+00:00,65.71499633789062,65.79000091552734,65.70500183105469,65.75,70
2026-06-11 18:13:00+00:00,65.73999786376953,65.79000091552734,65.69000244140625,65.71499633789062,104
2026-06-11 18:14:00+00:00,65.80000305175781,65.81999969482422,65.73999786376953,65.75,27
2026-06-11 18:15:00+00:00,65.98500061035156,65.99500274658203,65.77999877929688,65.80500030517578,182
2026-06-11 18:16:00+00:00,65.99500274658203,66.05000305175781,65.94999694824219,65.9800033569336,84
2026-06-11 18:17:00+00:00,65.98500061035156,66.05500030517578,65.93499755859375,66.0250015258789,111
2026-06-11 18:18:00+00:00,66.0250015258789,66.05500030517578,65.94000244140625,65.9800033569336,100
2026-06-11 18:19:00+00:00,66.17500305175781,66.19999694824219,66.0,66.02999877929688,71
2026-06-11 18:20:00+00:00,66.0199966430664,66.1500015258789,65.98500061035156,66.1500015258789,53
2026-06-11 18:21:00+00:00,66.18499755859375,66.20500183105469,66.05500030517578,66.06999969482422,71
2026-06-11 18:22:00+00:00,65.9749984741211,66.15499877929688,65.88500213623047,66.1500015258789,301
2026-06-11 18:23:00+00:00,66.0250015258789,66.18499755859375,65.94000244140625,66.01499938964844,168
2026-06-11 18:24:00+00:00,66.05000305175781,66.0999984741211,65.95999908447266,66.04499816894531,58
2026-06-11 18:25:00+00:00,66.02999877929688,66.05000305175781,65.95999908447266,66.01499938964844,99
2026-06-11 18:26:00+00:00,66.0,66.07499694824219,65.95500183105469,66.05500030517578,87
2026-06-11 18:27:00+00:00,66.0199966430664,66.0199966430664,65.9749984741211,65.98999786376953,22
2026-06-11 18:28:00+00:00,66.02999877929688,66.02999877929688,65.95999908447266,66.0199966430664,63
2026-06-11 18:29:00+00:00,66.06500244140625,66.13500213623047,66.02999877929688,66.02999877929688,95
2026-06-11 18:30:00+00:00,66.1500015258789,66.15499877929688,66.0199966430664,66.07499694824219,160
2026-06-11 18:31:00+00:00,66.17500305175781,66.2249984741211,66.125,66.13500213623047,82
2026-06-11 18:32:00+00:00,66.04499816894531,66.25,66.00499725341797,66.18000030517578,139
2026-06-11 18:33:00+00:00,66.16999816894531,66.19000244140625,66.06999969482422,66.06999969482422,71
2026-06-11 18:34:00+00:00,66.1449966430664,66.18499755859375,66.1449966430664,66.1449966430664,18
2026-06-11 18:35:00+00:00,66.05000305175781,66.16000366210938,66.0250015258789,66.1449966430664,67
2026-06-11 18:36:00+00:00,66.16500091552734,66.18000030517578,66.05500030517578,66.05999755859375,44
2026-06-11 18:37:00+00:00,66.20500183105469,66.20500183105469,66.12000274658203,66.1500015258789,12
2026-06-11 18:38:00+00:00,66.13500213623047,66.19000244140625,66.1050033569336,66.19000244140625,26
2026-06-11 18:39:00+00:00,66.11000061035156,66.13500213623047,66.07499694824219,66.13500213623047,14
2026-06-11 18:40:00+00:00,66.0999984741211,66.18000030517578,66.0999984741211,66.1050033569336,25
2026-06-11 18:41:00+00:00,66.13500213623047,66.1500015258789,66.06500244140625,66.07499694824219,11
2026-06-11 18:42:00+00:00,66.19499969482422,66.20999908447266,66.16000366210938,66.16999816894531,26
2026-06-11 18:43:00+00:00,66.29499816894531,66.30000305175781,66.18000030517578,66.18499755859375,186
2026-06-11 18:44:00+00:00,66.3550033569336,66.36499786376953,66.2300033569336,66.2750015258789,51
2026-06-11 18:45:00+00:00,66.37000274658203,66.37000274658203,66.32499694824219,66.33999633789062,13
2026-06-11 18:46:00+00:00,66.33499908447266,66.37999725341797,66.33499908447266,66.3550033569336,17
2026-06-11 18:47:00+00:00,66.36000061035156,66.4000015258789,66.33000183105469,66.33000183105469,46
2026-06-11 18:48:00+00:00,66.44000244140625,66.44999694824219,66.3550033569336,66.375,38
2026-06-11 18:49:00+00:00,66.3949966430664,66.4800033569336,66.37999725341797,66.44999694824219,148
2026-06-11 18:50:00+00:00,66.375,66.44499969482422,66.375,66.38999938964844,64
2026-06-11 18:51:00+00:00,66.38500213623047,66.43000030517578,66.37000274658203,66.37999725341797,21
2026-06-11 18:52:00+00:00,66.36000061035156,66.4000015258789,66.33499908447266,66.37999725341797,16
2026-06-11 18:53:00+00:00,66.34500122070312,66.3550033569336,66.31500244140625,66.31500244140625,9
2026-06-11 18:54:00+00:00,66.27999877929688,66.37999725341797,66.2750015258789,66.3499984741211,54
2026-06-11 18:55:00+00:00,66.21499633789062,66.30999755859375,66.21499633789062,66.30999755859375,22
2026-06-11 18:56:00+00:00,66.24500274658203,66.375,66.18499755859375,66.21499633789062,188
2026-06-11 18:57:00+00:00,66.2699966430664,66.2699966430664,66.22000122070312,66.22000122070312,6
2026-06-11 18:58:00+00:00,66.2750015258789,66.33000183105469,66.2750015258789,66.28500366210938,21
2026-06-11 18:59:00+00:00,66.2300033569336,66.26000213623047,66.19499969482422,66.26000213623047,26
2026-06-11 19:00:00+00:00,66.4749984741211,66.5199966430664,66.2750015258789,66.2750015258789,122
2026-06-11 19:01:00+00:00,66.4749984741211,66.4800033569336,66.41500091552734,66.45999908447266,66
2026-06-11 19:02:00+00:00,66.50499725341797,66.51000213623047,66.46499633789062,66.4749984741211,24
2026-06-11 19:03:00+00:00,66.51499938964844,66.52999877929688,66.4800033569336,66.51000213623047,27
2026-06-11 19:04:00+00:00,66.58499908447266,66.58999633789062,66.48999786376953,66.48999786376953,74
2026-06-11 19:05:00+00:00,66.45500183105469,66.5999984741211,66.45500183105469,66.5999984741211,50
2026-06-11 19:06:00+00:00,66.44499969482422,66.51499938964844,66.44000244140625,66.47000122070312,105
2026-06-11 19:07:00+00:00,66.44000244140625,66.45500183105469,66.41500091552734,66.43499755859375,40
2026-06-11 19:08:00+00:00,66.44999694824219,66.45500183105469,66.41000366210938,66.43000030517578,22
2026-06-11 19:09:00+00:00,66.53500366210938,66.53500366210938,66.44000244140625,66.44000244140625,116
2026-06-11 19:10:00+00:00,66.55999755859375,66.58999633789062,66.49500274658203,66.52999877929688,57
2026-06-11 19:11:00+00:00,66.76499938964844,66.82499694824219,66.56500244140625,66.56500244140625,289
2026-06-11 19:12:00+00:00,66.83000183105469,66.95500183105469,66.7300033569336,66.75,208
2026-06-11 19:13:00+00:00,66.83000183105469,66.86000061035156,66.7249984741211,66.79000091552734,112
2026-06-11 19:14:00+00:00,66.87000274658203,66.93499755859375,66.83000183105469,66.83000183105469,46
2026-06-11 19:15:00+00:00,66.91500091552734,66.91500091552734,66.83000183105469,66.88999938964844,69
2026-06-11 19:16:00+00:00,66.98500061035156,66.99500274658203,66.88999938964844,66.91000366210938,64
2026-06-11 19:17:00+00:00,66.83499908447266,67.02999877929688,66.79000091552734,66.9800033569336,269
2026-06-11 19:18:00+00:00,66.88999938964844,66.8949966430664,66.8499984741211,66.8499984741211,30
2026-06-11 19:19:00+00:00,67.02999877929688,67.02999877929688,66.86000061035156,66.86000061035156,62
2026-06-11 19:20:00+00:00,66.91500091552734,67.0999984741211,66.90499877929688,67.04499816894531,102
2026-06-11 19:21:00+00:00,66.9000015258789,66.95500183105469,66.8949966430664,66.93499755859375,13
2026-06-11 19:22:00+00:00,66.94999694824219,66.9800033569336,66.91000366210938,66.91999816894531,31
2026-06-11 19:23:00+00:00,66.91000366210938,66.9749984741211,66.88999938964844,66.93499755859375,109
2026-06-11 19:24:00+00:00,66.98999786376953,66.98999786376953,66.91000366210938,66.92500305175781,23
2026-06-11 19:25:00+00:00,66.97000122070312,66.97000122070312,66.91999816894531,66.96499633789062,20
2026-06-11 19:26:00+00:00,67.06500244140625,67.06500244140625,66.94499969482422,66.96499633789062,85
2026-06-11 19:27:00+00:00,67.03500366210938,67.08000183105469,67.0199966430664,67.04000091552734,65
2026-06-11 19:28:00+00:00,67.0999984741211,67.0999984741211,67.04499816894531,67.05000305175781,33
2026-06-11 19:29:00+00:00,67.03500366210938,67.0999984741211,67.0199966430664,67.08999633789062,17
2026-06-11 19:30:00+00:00,67.44000244140625,67.49500274658203,67.04000091552734,67.06500244140625,295
2026-06-11 19:31:00+00:00,67.3499984741211,67.4800033569336,67.33499908447266,67.41500091552734,160
2026-06-11 19:32:00+00:00,67.54000091552734,67.58999633789062,67.29000091552734,67.33999633789062,242
2026-06-11 19:33:00+00:00,67.43499755859375,67.52999877929688,67.31500244140625,67.52999877929688,126
2026-06-11 19:34:00+00:00,67.58999633789062,67.5999984741211,67.43000030517578,67.43000030517578,190
2026-06-11 19:35:00+00:00,67.4800033569336,67.5999984741211,67.44999694824219,67.57499694824219,83
2026-06-11 19:36:00+00:00,67.58999633789062,67.69499969482422,67.49500274658203,67.5,164
2026-06-11 19:37:00+00:00,67.57499694824219,67.62999725341797,67.5199966430664,67.58000183105469,118
2026-06-11 19:38:00+00:00,67.51499938964844,67.61499786376953,67.44000244140625,67.5999984741211,68
2026-06-11 19:39:00+00:00,67.44499969482422,67.54499816894531,67.41999816894531,67.53500366210938,34
2026-06-11 19:40:00+00:00,67.53500366210938,67.55999755859375,67.44000244140625,67.44000244140625,59
2026-06-11 19:41:00+00:00,67.625,67.66500091552734,67.56500244140625,67.57499694824219,71
2026-06-11 19:42:00+00:00,67.62000274658203,67.6500015258789,67.62000274658203,67.6500015258789,22
2026-06-11 19:43:00+00:00,67.49500274658203,67.63500213623047,67.49500274658203,67.63500213623047,51
2026-06-11 19:44:00+00:00,67.49500274658203,67.53500366210938,67.47000122070312,67.5250015258789,31
2026-06-11 19:45:00+00:00,67.44999694824219,67.53500366210938,67.44000244140625,67.52999877929688,64
2026-06-11 19:46:00+00:00,67.45500183105469,67.49500274658203,67.44000244140625,67.46499633789062,59
2026-06-11 19:47:00+00:00,67.51000213623047,67.54000091552734,67.45500183105469,67.45500183105469,18
2026-06-11 19:48:00+00:00,67.5250015258789,67.54499816894531,67.48999786376953,67.51000213623047,25
2026-06-11 19:49:00+00:00,67.45500183105469,67.53500366210938,67.44999694824219,67.53500366210938,50
2026-06-11 19:50:00+00:00,67.44999694824219,67.48999786376953,67.43000030517578,67.47000122070312,83
2026-06-11 19:51:00+00:00,67.50499725341797,67.50499725341797,67.45999908447266,67.4800033569336,15
2026-06-11 19:52:00+00:00,67.5,67.51499938964844,67.44999694824219,67.49500274658203,44
2026-06-11 19:53:00+00:00,67.59500122070312,67.59500122070312,67.51499938964844,67.51499938964844,20
2026-06-11 19:54:00+00:00,67.61000061035156,67.6449966430664,67.54499816894531,67.56500244140625,58
2026-06-11 19:55:00+00:00,67.51499938964844,67.61499786376953,67.41999816894531,67.61499786376953,144
2026-06-11 19:56:00+00:00,67.48999786376953,67.51499938964844,67.46499633789062,67.5,37
2026-06-11 19:57:00+00:00,67.47000122070312,67.49500274658203,67.47000122070312,67.48999786376953,7
2026-06-11 19:58:00+00:00,67.3949966430664,67.48500061035156,67.3949966430664,67.4800033569336,25
2026-06-11 19:59:00+00:00,67.375,67.40499877929688,67.34500122070312,67.38999938964844,81
2026-06-11 20:00:00+00:00,67.36499786376953,67.44000244140625,67.36499786376953,67.40499877929688,45
2026-06-11 20:01:00+00:00,67.4749984741211,67.4800033569336,67.37000274658203,67.375,54
2026-06-11 20:02:00+00:00,67.43000030517578,67.46499633789062,67.43000030517578,67.44499969482422,7
2026-06-11 20:03:00+00:00,67.36499786376953,67.42500305175781,67.34500122070312,67.42500305175781,20
2026-06-11 20:04:00+00:00,67.31500244140625,67.36499786376953,67.31500244140625,67.36499786376953,29
2026-06-11 20:05:00+00:00,67.3499984741211,67.37000274658203,67.33499908447266,67.33499908447266,12
2026-06-11 20:06:00+00:00,67.43499755859375,67.43499755859375,67.36499786376953,67.36499786376953,12
2026-06-11 20:07:00+00:00,67.33499908447266,67.41500091552734,67.30999755859375,67.41500091552734,44
2026-06-11 20:08:00+00:00,67.43000030517578,67.44000244140625,67.33999633789062,67.33999633789062,26
2026-06-11 20:09:00+00:00,67.41999816894531,67.44999694824219,67.40499877929688,67.44999694824219,22
2026-06-11 20:10:00+00:00,67.33000183105469,67.38999938964844,67.33000183105469,67.38999938964844,16
2026-06-11 20:11:00+00:00,67.38999938964844,67.3949966430664,67.34500122070312,67.34500122070312,5
2026-06-11 20:12:00+00:00,67.51499938964844,67.51499938964844,67.38999938964844,67.41500091552734,53
2026-06-11 20:13:00+00:00,67.45999908447266,67.51000213623047,67.45999908447266,67.5,19
2026-06-11 20:14:00+00:00,67.44000244140625,67.44499969482422,67.43000030517578,67.44499969482422,5
2026-06-11 20:15:00+00:00,67.4749984741211,67.4749984741211,67.44999694824219,67.44999694824219,17
2026-06-11 20:16:00+00:00,67.47000122070312,67.4749984741211,67.47000122070312,67.4749984741211,2
2026-06-11 20:17:00+00:00,67.43499755859375,67.44999694824219,67.43499755859375,67.44999694824219,4
2026-06-11 20:18:00+00:00,67.41000366210938,67.44000244140625,67.41000366210938,67.44000244140625,3
2026-06-11 20:19:00+00:00,67.38999938964844,67.43499755859375,67.36499786376953,67.41999816894531,16
2026-06-11 20:20:00+00:00,67.46499633789062,67.47000122070312,67.44999694824219,67.44999694824219,8
2026-06-11 20:21:00+00:00,67.42500305175781,67.44999694824219,67.41000366210938,67.44999694824219,20
2026-06-11 20:22:00+00:00,67.375,67.40499877929688,67.375,67.40499877929688,15
2026-06-11 20:23:00+00:00,67.38500213623047,67.42500305175781,67.37999725341797,67.41000366210938,19
2026-06-11 20:24:00+00:00,67.41500091552734,67.41500091552734,67.38500213623047,67.38500213623047,10
2026-06-11 20:25:00+00:00,67.43499755859375,67.44000244140625,67.41000366210938,67.41000366210938,12
2026-06-11 20:26:00+00:00,67.41999816894531,67.54499816894531,67.41999816894531,67.43000030517578,106
2026-06-11 20:27:00+00:00,67.42500305175781,67.43000030517578,67.40499877929688,67.43000030517578,9
2026-06-11 20:28:00+00:00,67.42500305175781,67.44000244140625,67.40499877929688,67.44000244140625,3
2026-06-11 20:29:00+00:00,67.45999908447266,67.45999908447266,67.44999694824219,67.44999694824219,4
2026-06-11 20:30:00+00:00,67.5,67.5250015258789,67.5,67.5,11
2026-06-11 20:31:00+00:00,67.44499969482422,67.5,67.44499969482422,67.5,23
2026-06-11 20:32:00+00:00,67.46499633789062,67.46499633789062,67.45999908447266,67.45999908447266,3
2026-06-11 20:33:00+00:00,67.44499969482422,67.44499969482422,67.44000244140625,67.44000244140625,7
2026-06-11 20:34:00+00:00,67.43499755859375,67.44499969482422,67.43000030517578,67.43000030517578,5
2026-06-11 20:35:00+00:00,67.44499969482422,67.45500183105469,67.36000061035156,67.45500183105469,93
2026-06-11 20:36:00+00:00,67.49500274658203,67.5,67.47000122070312,67.48999786376953,18
2026-06-11 20:37:00+00:00,67.44999694824219,67.47000122070312,67.44999694824219,67.47000122070312,12
2026-06-11 20:38:00+00:00,67.38500213623047,67.4000015258789,67.36499786376953,67.4000015258789,16
2026-06-11 20:39:00+00:00,67.33499908447266,67.41000366210938,67.33499908447266,67.4000015258789,21
2026-06-11 20:40:00+00:00,67.33999633789062,67.33999633789062,67.33999633789062,67.33999633789062,1
2026-06-11 20:41:00+00:00,67.33000183105469,67.36000061035156,67.33000183105469,67.36000061035156,12
2026-06-11 20:42:00+00:00,67.30500030517578,67.3550033569336,67.30500030517578,67.3550033569336,22
2026-06-11 20:43:00+00:00,67.30999755859375,67.31999969482422,67.30999755859375,67.31500244140625,9
2026-06-11 20:44:00+00:00,67.27999877929688,67.32499694824219,67.27999877929688,67.32499694824219,14
2026-06-11 20:45:00+00:00,67.21499633789062,67.29499816894531,67.20500183105469,67.28500366210938,41
2026-06-11 20:46:00+00:00,67.26499938964844,67.27999877929688,67.22000122070312,67.2249984741211,24
2026-06-11 20:47:00+00:00,67.2750015258789,67.2750015258789,67.2750015258789,67.2750015258789,3
2026-06-11 20:48:00+00:00,67.26000213623047,67.28500366210938,67.25,67.28500366210938,13
2026-06-11 20:49:00+00:00,67.30500030517578,67.30500030517578,67.27999877929688,67.27999877929688,3
2026-06-11 20:50:00+00:00,67.32499694824219,67.3499984741211,67.30500030517578,67.30500030517578,9
2026-06-11 20:51:00+00:00,67.28500366210938,67.32499694824219,67.26000213623047,67.30000305175781,13
2026-06-11 20:52:00+00:00,67.30500030517578,67.31500244140625,67.29499816894531,67.29499816894531,4
2026-06-11 20:53:00+00:00,67.31500244140625,67.31500244140625,67.29000091552734,67.31500244140625,6
2026-06-11 20:54:00+00:00,67.38999938964844,67.41000366210938,67.31999969482422,67.31999969482422,75
2026-06-11 20:55:00+00:00,67.41500091552734,67.42500305175781,67.36499786376953,67.38999938964844,13
2026-06-11 20:56:00+00:00,67.40499877929688,67.40499877929688,67.37000274658203,67.3949966430664,27
2026-06-11 20:57:00+00:00,67.44999694824219,67.44999694824219,67.38999938964844,67.4000015258789,49
2026-06-11 20:58:00+00:00,67.44999694824219,67.46499633789062,67.44000244140625,67.44499969482422,17
2026-06-11 20:59:00+00:00,67.48999786376953,67.48999786376953,67.44999694824219,67.44999694824219,13
2026-06-11 22:00:00+00:00,67.58999633789062,67.71499633789062,67.49500274658203,67.49500274658203,0
2026-06-11 22:01:00+00:00,67.41999816894531,67.56999969482422,67.41999816894531,67.54000091552734,30
2026-06-11 22:02:00+00:00,67.41000366210938,67.44999694824219,67.37999725341797,67.41999816894531,16
2026-06-11 22:03:00+00:00,67.3499984741211,67.42500305175781,67.33499908447266,67.41999816894531,25
2026-06-11 22:04:00+00:00,67.40499877929688,67.45500183105469,67.40499877929688,67.42500305175781,5
2026-06-11 22:05:00+00:00,67.44000244140625,67.44499969482422,67.3949966430664,67.43499755859375,10
2026-06-11 22:06:00+00:00,67.375,67.38999938964844,67.34500122070312,67.38999938964844,6
2026-06-11 22:07:00+00:00,67.37999725341797,67.37999725341797,67.37999725341797,67.37999725341797,1
2026-06-11 22:08:00+00:00,67.44999694824219,67.44999694824219,67.44999694824219,67.44999694824219,1
2026-06-11 22:09:00+00:00,67.48999786376953,67.48999786376953,67.44000244140625,67.44499969482422,15
2026-06-11 22:10:00+00:00,67.44499969482422,67.45500183105469,67.43000030517578,67.45500183105469,8
2026-06-11 22:11:00+00:00,67.44999694824219,67.44999694824219,67.44499969482422,67.44499969482422,2
2026-06-11 22:12:00+00:00,67.41500091552734,67.43000030517578,67.3949966430664,67.43000030517578,7
2026-06-11 22:13:00+00:00,67.44499969482422,67.44499969482422,67.38999938964844,67.38999938964844,7
2026-06-11 22:14:00+00:00,67.48500061035156,67.5250015258789,67.43499755859375,67.44999694824219,15
2026-06-11 22:15:00+00:00,67.42500305175781,67.44499969482422,67.42500305175781,67.44499969482422,2
2026-06-11 22:16:00+00:00,67.48999786376953,67.48999786376953,67.42500305175781,67.42500305175781,6
2026-06-11 22:17:00+00:00,67.45999908447266,67.4800033569336,67.44499969482422,67.4800033569336,5
2026-06-11 22:18:00+00:00,67.47000122070312,67.47000122070312,67.46499633789062,67.46499633789062,2
2026-06-11 22:19:00+00:00,67.44499969482422,67.44499969482422,67.44499969482422,67.44499969482422,1
2026-06-11 22:20:00+00:00,67.45500183105469,67.45500183105469,67.43499755859375,67.44000244140625,9
2026-06-11 22:21:00+00:00,67.43000030517578,67.44000244140625,67.41999816894531,67.43499755859375,8
2026-06-11 22:22:00+00:00,67.49500274658203,67.49500274658203,67.41999816894531,67.41999816894531,13
2026-06-11 22:23:00+00:00,67.47000122070312,67.47000122070312,67.45999908447266,67.45999908447266,7
2026-06-11 22:24:00+00:00,67.42500305175781,67.45999908447266,67.41999816894531,67.45999908447266,14
2026-06-11 22:25:00+00:00,67.41000366210938,67.41000366210938,67.41000366210938,67.41000366210938,2
2026-06-11 22:26:00+00:00,67.44999694824219,67.44999694824219,67.44999694824219,67.44999694824219,1
2026-06-11 22:27:00+00:00,67.44999694824219,67.44999694824219,67.42500305175781,67.42500305175781,3
2026-06-11 22:28:00+00:00,67.5,67.5,67.5,67.5,5
2026-06-11 22:29:00+00:00,67.58999633789062,67.59500122070312,67.54000091552734,67.54000091552734,16
2026-06-11 22:30:00+00:00,67.55000305175781,67.58499908447266,67.54499816894531,67.58499908447266,22
2026-06-11 22:31:00+00:00,67.49500274658203,67.5250015258789,67.44999694824219,67.5250015258789,15
2026-06-11 22:32:00+00:00,67.50499725341797,67.50499725341797,67.50499725341797,67.50499725341797,2
2026-06-11 22:33:00+00:00,67.55999755859375,67.57499694824219,67.4749984741211,67.4749984741211,6
2026-06-11 22:34:00+00:00,67.56500244140625,67.58000183105469,67.56500244140625,67.56999969482422,6
2026-06-11 22:35:00+00:00,67.55500030517578,67.55500030517578,67.54499816894531,67.54499816894531,22
2026-06-11 22:36:00+00:00,67.51000213623047,67.53500366210938,67.51000213623047,67.53500366210938,15
2026-06-11 22:37:00+00:00,67.49500274658203,67.54499816894531,67.49500274658203,67.54499816894531,5
2026-06-11 22:38:00+00:00,67.51000213623047,67.51000213623047,67.50499725341797,67.50499725341797,5
2026-06-11 22:39:00+00:00,67.55000305175781,67.55000305175781,67.55000305175781,67.55000305175781,1
2026-06-11 22:40:00+00:00,67.6050033569336,67.625,67.58000183105469,67.58000183105469,6
2026-06-11 22:41:00+00:00,67.6449966430664,67.6449966430664,67.61000061035156,67.61000061035156,14
2026-06-11 22:42:00+00:00,67.67500305175781,67.68000030517578,67.6500015258789,67.6500015258789,10
2026-06-11 22:43:00+00:00,67.83999633789062,67.8499984741211,67.68000030517578,67.69000244140625,135
2026-06-11 22:44:00+00:00,67.83999633789062,67.8550033569336,67.75499725341797,67.84500122070312,180
2026-06-11 22:45:00+00:00,67.9000015258789,67.91000366210938,67.80999755859375,67.80999755859375,44
2026-06-11 22:46:00+00:00,67.96499633789062,67.98999786376953,67.86000061035156,67.86000061035156,84
2026-06-11 22:47:00+00:00,67.95500183105469,67.97000122070312,67.94000244140625,67.95999908447266,9
2026-06-11 22:48:00+00:00,67.97000122070312,67.97000122070312,67.93000030517578,67.93000030517578,8
2026-06-11 22:49:00+00:00,67.91000366210938,67.9749984741211,67.91000366210938,67.94499969482422,21
2026-06-11 22:50:00+00:00,67.88999938964844,67.93499755859375,67.88999938964844,67.91500091552734,10
2026-06-11 22:51:00+00:00,67.73999786376953,67.87000274658203,67.71499633789062,67.87000274658203,48
2026-06-11 22:52:00+00:00,67.73500061035156,67.74500274658203,67.70999908447266,67.74500274658203,16
2026-06-11 22:53:00+00:00,67.83000183105469,67.8499984741211,67.7300033569336,67.76000213623047,20
2026-06-11 22:54:00+00:00,67.8550033569336,67.87000274658203,67.78500366210938,67.83000183105469,21
2026-06-11 22:55:00+00:00,67.9000015258789,67.90499877929688,67.84500122070312,67.8499984741211,59
2026-06-11 22:56:00+00:00,67.86499786376953,67.9000015258789,67.83000183105469,67.83499908447266,17
2026-06-11 22:57:00+00:00,68.05500030517578,68.08000183105469,67.98500061035156,67.98500061035156,53
2026-06-11 22:58:00+00:00,67.9800033569336,67.98999786376953,67.9800033569336,67.98999786376953,3
2026-06-11 22:59:00+00:00,67.94999694824219,68.0,67.94499969482422,67.9800033569336,13
2026-06-11 23:00:00+00:00,67.9800033569336,68.0,67.94000244140625,67.98500061035156,21
2026-06-11 23:01:00+00:00,67.93499755859375,67.95999908447266,67.93000030517578,67.95999908447266,10
2026-06-11 23:02:00+00:00,67.79499816894531,67.9000015258789,67.79499816894531,67.9000015258789,48
2026-06-11 23:03:00+00:00,67.7249984741211,67.80000305175781,67.72000122070312,67.80000305175781,35
2026-06-11 23:04:00+00:00,67.66500091552734,67.71499633789062,67.63500213623047,67.71499633789062,16
2026-06-11 23:05:00+00:00,67.69000244140625,67.69999694824219,67.63999938964844,67.69000244140625,12
2026-06-11 23:06:00+00:00,67.68499755859375,67.68499755859375,67.68499755859375,67.68499755859375,1
2026-06-11 23:07:00+00:00,67.71499633789062,67.72000122070312,67.65499877929688,67.66000366210938,18
2026-06-11 23:08:00+00:00,67.74500274658203,67.74500274658203,67.69000244140625,67.69999694824219,6
2026-06-11 23:09:00+00:00,67.66999816894531,67.72000122070312,67.6500015258789,67.70999908447266,62
2026-06-11 23:10:00+00:00,67.70999908447266,67.72000122070312,67.69999694824219,67.70500183105469,4
2026-06-11 23:11:00+00:00,67.69000244140625,67.69499969482422,67.69000244140625,67.69499969482422,4
2026-06-11 23:12:00+00:00,67.72000122070312,67.72000122070312,67.69999694824219,67.69999694824219,2
2026-06-11 23:13:00+00:00,67.66500091552734,67.69499969482422,67.61000061035156,67.69499969482422,11
2026-06-11 23:14:00+00:00,67.68499755859375,67.69999694824219,67.68000030517578,67.68000030517578,7
2026-06-11 23:15:00+00:00,67.8550033569336,67.86000061035156,67.68000030517578,67.68000030517578,62
2026-06-11 23:16:00+00:00,67.87000274658203,67.91000366210938,67.80999755859375,67.875,56
2026-06-11 23:17:00+00:00,67.84500122070312,67.87999725341797,67.83000183105469,67.87999725341797,22
2026-06-11 23:18:00+00:00,67.80500030517578,67.82499694824219,67.79000091552734,67.80500030517578,9
2026-06-11 23:19:00+00:00,67.73999786376953,67.7699966430664,67.73500061035156,67.76000213623047,9
2026-06-11 23:20:00+00:00,67.76000213623047,67.76499938964844,67.75,67.75,3
2026-06-11 23:21:00+00:00,67.7249984741211,67.76000213623047,67.7249984741211,67.76000213623047,3
2026-06-11 23:22:00+00:00,67.72000122070312,67.74500274658203,67.72000122070312,67.73999786376953,6
2026-06-11 23:23:00+00:00,67.6500015258789,67.67500305175781,67.6500015258789,67.67500305175781,4
2026-06-11 23:24:00+00:00,67.6449966430664,67.66500091552734,67.6449966430664,67.6449966430664,3
2026-06-11 23:25:00+00:00,67.63500213623047,67.6500015258789,67.63500213623047,67.6500015258789,9
2026-06-11 23:26:00+00:00,67.66999816894531,67.66999816894531,67.625,67.625,7
2026-06-11 23:27:00+00:00,67.57499694824219,67.66000366210938,67.52999877929688,67.66000366210938,14
2026-06-11 23:28:00+00:00,67.5250015258789,67.58000183105469,67.5250015258789,67.58000183105469,13
2026-06-11 23:29:00+00:00,67.59500122070312,67.59500122070312,67.54499816894531,67.54499816894531,13
2026-06-11 23:30:00+00:00,67.68000030517578,67.69000244140625,67.59500122070312,67.59500122070312,16
2026-06-11 23:31:00+00:00,67.56999969482422,67.67500305175781,67.56999969482422,67.67500305175781,7
2026-06-11 23:32:00+00:00,67.55000305175781,67.55500030517578,67.4800033569336,67.55500030517578,35
2026-06-11 23:33:00+00:00,67.625,67.63500213623047,67.45500183105469,67.53500366210938,119
2026-06-11 23:34:00+00:00,67.55500030517578,67.61499786376953,67.55500030517578,67.61499786376953,7
2026-06-11 23:35:00+00:00,67.57499694824219,67.57499694824219,67.55500030517578,67.55500030517578,2
2026-06-11 23:36:00+00:00,67.55999755859375,67.55999755859375,67.55999755859375,67.55999755859375,1
2026-06-11 23:37:00+00:00,67.67500305175781,67.67500305175781,67.625,67.63500213623047,5
2026-06-11 23:38:00+00:00,67.6500015258789,67.66000366210938,67.625,67.6449966430664,103
2026-06-11 23:39:00+00:00,67.56999969482422,67.63999938964844,67.56999969482422,67.63999938964844,5
2026-06-11 23:40:00+00:00,67.58999633789062,67.58999633789062,67.55500030517578,67.55999755859375,3
2026-06-11 23:43:00+00:00,67.63500213623047,67.66999816894531,67.63500213623047,67.66999816894531,5
2026-06-11 23:44:00+00:00,67.59500122070312,67.59500122070312,67.58999633789062,67.58999633789062,2
2026-06-11 23:45:00+00:00,67.67500305175781,67.67500305175781,67.625,67.63500213623047,60
2026-06-11 23:46:00+00:00,67.6500015258789,67.66000366210938,67.6500015258789,67.66000366210938,3
2026-06-11 23:47:00+00:00,67.63999938964844,67.63999938964844,67.63999938964844,67.63999938964844,1
2026-06-11 23:48:00+00:00,67.58000183105469,67.58000183105469,67.58000183105469,67.58000183105469,2
2026-06-11 23:49:00+00:00,67.58499908447266,67.58499908447266,67.55999755859375,67.56500244140625,4
2026-06-11 23:50:00+00:00,67.58499908447266,67.58499908447266,67.57499694824219,67.57499694824219,4
2026-06-11 23:51:00+00:00,67.56999969482422,67.62000274658203,67.56999969482422,67.62000274658203,8
2026-06-11 23:52:00+00:00,67.57499694824219,67.58000183105469,67.55999755859375,67.58000183105469,4
2026-06-11 23:53:00+00:00,67.46499633789062,67.53500366210938,67.46499633789062,67.53500366210938,19
2026-06-11 23:54:00+00:00,67.54000091552734,67.54000091552734,67.51499938964844,67.51499938964844,3
2026-06-11 23:56:00+00:00,67.61499786376953,67.63500213623047,67.55999755859375,67.55999755859375,11
2026-06-11 23:57:00+00:00,67.63999938964844,67.6500015258789,67.57499694824219,67.62000274658203,38
2026-06-11 23:58:00+00:00,67.62999725341797,67.63999938964844,67.62999725341797,67.63999938964844,2
2026-06-11 23:59:00+00:00,67.56500244140625,67.58499908447266,67.56500244140625,67.58499908447266,3
2026-06-12 00:00:00+00:00,67.45500183105469,67.66999816894531,67.40499877929688,67.62999725341797,38
2026-06-12 00:01:00+00:00,67.43000030517578,67.44999694824219,67.42500305175781,67.42500305175781,25
2026-06-12 00:02:00+00:00,67.54499816894531,67.57499694824219,67.4800033569336,67.4800033569336,18
2026-06-12 00:03:00+00:00,67.44999694824219,67.44999694824219,67.44999694824219,67.44999694824219,2
2026-06-12 00:04:00+00:00,67.48500061035156,67.53500366210938,67.48500061035156,67.48500061035156,7
2026-06-12 00:05:00+00:00,67.55500030517578,67.55500030517578,67.48500061035156,67.48500061035156,7
2026-06-12 00:06:00+00:00,67.66500091552734,67.66500091552734,67.55500030517578,67.55500030517578,11
2026-06-12 00:07:00+00:00,67.68000030517578,67.7249984741211,67.66000366210938,67.66000366210938,6
2026-06-12 00:08:00+00:00,67.51499938964844,67.62999725341797,67.51499938964844,67.62999725341797,9
2026-06-12 00:09:00+00:00,67.51000213623047,67.56500244140625,67.48999786376953,67.56500244140625,12
2026-06-12 00:10:00+00:00,67.48500061035156,67.5199966430664,67.45999908447266,67.51499938964844,6
2026-06-12 00:11:00+00:00,67.5199966430664,67.5199966430664,67.47000122070312,67.47000122070312,7
2026-06-12 00:12:00+00:00,67.4749984741211,67.4749984741211,67.44499969482422,67.44999694824219,5
2026-06-12 00:13:00+00:00,67.48999786376953,67.48999786376953,67.44999694824219,67.4800033569336,4
2026-06-12 00:14:00+00:00,67.51499938964844,67.51499938964844,67.4800033569336,67.4800033569336,5
2026-06-12 00:15:00+00:00,67.34500122070312,67.48999786376953,67.30500030517578,67.48999786376953,30
2026-06-12 00:16:00+00:00,67.44499969482422,67.45999908447266,67.41000366210938,67.43000030517578,12
2026-06-12 00:17:00+00:00,67.3949966430664,67.42500305175781,67.3949966430664,67.42500305175781,3
2026-06-12 00:18:00+00:00,67.45999908447266,67.45999908447266,67.43499755859375,67.43499755859375,7
2026-06-12 00:19:00+00:00,67.55500030517578,67.55500030517578,67.55000305175781,67.55000305175781,3
2026-06-12 00:20:00+00:00,67.5250015258789,67.58499908447266,67.5250015258789,67.55999755859375,11
2026-06-12 00:21:00+00:00,67.58499908447266,67.63500213623047,67.54000091552734,67.54000091552734,9
2026-06-12 00:22:00+00:00,67.5999984741211,67.5999984741211,67.59500122070312,67.59500122070312,2
2026-06-12 00:23:00+00:00,67.69000244140625,67.69000244140625,67.58999633789062,67.61000061035156,7
2026-06-12 00:24:00+00:00,67.76000213623047,67.7699966430664,67.69999694824219,67.71499633789062,6
2026-06-12 00:25:00+00:00,67.7300033569336,67.73500061035156,67.68000030517578,67.73500061035156,18
2026-06-12 00:26:00+00:00,67.80999755859375,67.86000061035156,67.7300033569336,67.7300033569336,32
2026-06-12 00:27:00+00:00,67.7300033569336,67.79000091552734,67.70500183105469,67.77999877929688,11
2026-06-12 00:28:00+00:00,67.7249984741211,67.7249984741211,67.7249984741211,67.7249984741211,1
2026-06-12 00:29:00+00:00,67.76499938964844,67.79499816894531,67.76499938964844,67.7699966430664,4
2026-06-12 00:30:00+00:00,67.8550033569336,67.8550033569336,67.7300033569336,67.74500274658203,10
2026-06-12 00:31:00+00:00,67.8550033569336,67.88999938964844,67.8499984741211,67.8499984741211,24
2026-06-12 00:32:00+00:00,67.86499786376953,67.86499786376953,67.8499984741211,67.8499984741211,2
2026-06-12 00:33:00+00:00,67.83999633789062,67.87999725341797,67.83999633789062,67.87999725341797,3
2026-06-12 00:34:00+00:00,67.80999755859375,67.80999755859375,67.7699966430664,67.7750015258789,9
2026-06-12 00:35:00+00:00,67.82499694824219,67.82499694824219,67.79000091552734,67.79000091552734,4
2026-06-12 00:36:00+00:00,67.76499938964844,67.78500366210938,67.75,67.77999877929688,15
2026-06-12 00:37:00+00:00,67.70999908447266,67.75,67.69999694824219,67.75,9
2026-06-12 00:38:00+00:00,67.65499877929688,67.69999694824219,67.65499877929688,67.66500091552734,6
2026-06-12 00:39:00+00:00,67.57499694824219,67.66000366210938,67.57499694824219,67.66000366210938,3
2026-06-12 00:40:00+00:00,67.55000305175781,67.55000305175781,67.5,67.54499816894531,10
2026-06-12 00:41:00+00:00,67.55500030517578,67.55999755859375,67.5250015258789,67.55999755859375,7
2026-06-12 00:42:00+00:00,67.45500183105469,67.54000091552734,67.45500183105469,67.54000091552734,11
2026-06-12 00:43:00+00:00,67.49500274658203,67.52999877929688,67.49500274658203,67.51000213623047,11
2026-06-12 00:44:00+00:00,67.43499755859375,67.48999786376953,67.42500305175781,67.48500061035156,12
2026-06-12 00:45:00+00:00,67.52999877929688,67.52999877929688,67.45500183105469,67.46499633789062,5
2026-06-12 00:46:00+00:00,67.45999908447266,67.50499725341797,67.45999908447266,67.5,4
2026-06-12 00:47:00+00:00,67.46499633789062,67.49500274658203,67.45500183105469,67.47000122070312,12
2026-06-12 00:48:00+00:00,67.44999694824219,67.44999694824219,67.41999816894531,67.44499969482422,5
2026-06-12 00:49:00+00:00,67.44000244140625,67.45500183105469,67.43499755859375,67.45500183105469,3
2026-06-12 00:50:00+00:00,67.41999816894531,67.48500061035156,67.41999816894531,67.48500061035156,3
2026-06-12 00:51:00+00:00,67.4000015258789,67.41500091552734,67.375,67.38500213623047,6
2026-06-12 00:52:00+00:00,67.42500305175781,67.42500305175781,67.4000015258789,67.41999816894531,20
2026-06-12 00:53:00+00:00,67.43499755859375,67.44000244140625,67.43499755859375,67.44000244140625,3
2026-06-12 00:54:00+00:00,67.33000183105469,67.3550033569336,67.33000183105469,67.3550033569336,4
2026-06-12 00:55:00+00:00,67.33999633789062,67.36499786376953,67.33000183105469,67.36000061035156,4
2026-06-12 00:56:00+00:00,67.31999969482422,67.3550033569336,67.31500244140625,67.33000183105469,11
2026-06-12 00:57:00+00:00,67.30500030517578,67.31999969482422,67.2699966430664,67.31999969482422,26
2026-06-12 00:58:00+00:00,67.30999755859375,67.34500122070312,67.30000305175781,67.33499908447266,27
2026-06-12 00:59:00+00:00,67.44499969482422,67.48999786376953,67.31500244140625,67.32499694824219,76
2026-06-12 01:00:00+00:00,67.24500274658203,67.52999877929688,67.12999725341797,67.4800033569336,207
2026-06-12 01:01:00+00:00,67.15499877929688,67.34500122070312,67.12000274658203,67.2750015258789,64
2026-06-12 01:02:00+00:00,67.09500122070312,67.2249984741211,67.08000183105469,67.13500213623047,63
2026-06-12 01:03:00+00:00,67.05999755859375,67.13999938964844,67.02999877929688,67.08499908447266,107
2026-06-12 01:04:00+00:00,66.95999908447266,67.02999877929688,66.8949966430664,67.0199966430664,143
2026-06-12 01:05:00+00:00,66.90499877929688,67.07499694824219,66.88500213623047,66.94999694824219,146
2026-06-12 01:06:00+00:00,66.99500274658203,67.03500366210938,66.92500305175781,66.93499755859375,70
2026-06-12 01:07:00+00:00,66.9800033569336,67.09500122070312,66.94499969482422,67.05500030517578,49
2026-06-12 01:08:00+00:00,66.93000030517578,67.0250015258789,66.93000030517578,66.9749984741211,22
2026-06-12 01:09:00+00:00,67.08000183105469,67.125,66.94000244140625,66.94000244140625,38
2026-06-12 01:10:00+00:00,66.9800033569336,67.125,66.9749984741211,67.0999984741211,43
2026-06-12 01:11:00+00:00,66.91999816894531,67.06500244140625,66.9000015258789,66.9800033569336,83
2026-06-12 01:12:00+00:00,67.0250015258789,67.04499816894531,66.92500305175781,66.92500305175781,30
2026-06-12 01:13:00+00:00,66.86000061035156,66.98500061035156,66.81999969482422,66.98500061035156,93
2026-06-12 01:14:00+00:00,66.92500305175781,66.97000122070312,66.86000061035156,66.86000061035156,27
2026-06-12 01:15:00+00:00,66.96499633789062,66.96499633789062,66.8949966430664,66.92500305175781,11
2026-06-12 01:16:00+00:00,67.0,67.05999755859375,66.95500183105469,66.95500183105469,12
2026-06-12 01:17:00+00:00,66.94999694824219,67.00499725341797,66.8949966430664,67.00499725341797,14
2026-06-12 01:18:00+00:00,66.9749984741211,66.9749984741211,66.88999938964844,66.9000015258789,10
2026-06-12 01:19:00+00:00,66.94499969482422,66.94499969482422,66.9000015258789,66.9000015258789,7
2026-06-12 01:20:00+00:00,66.9800033569336,66.9800033569336,66.9000015258789,66.9000015258789,25
2026-06-12 01:21:00+00:00,66.97000122070312,66.97000122070312,66.95999908447266,66.97000122070312,10
2026-06-12 01:22:00+00:00,66.8499984741211,66.94000244140625,66.83999633789062,66.91999816894531,26
2026-06-12 01:23:00+00:00,66.91000366210938,66.94000244140625,66.84500122070312,66.8550033569336,29
2026-06-12 01:24:00+00:00,66.875,66.93000030517578,66.875,66.93000030517578,5
2026-06-12 01:25:00+00:00,66.75,66.86000061035156,66.72000122070312,66.86000061035156,75
2026-06-12 01:26:00+00:00,66.7750015258789,66.7750015258789,66.70500183105469,66.73500061035156,27
2026-06-12 01:27:00+00:00,66.7300033569336,66.73999786376953,66.6500015258789,66.7249984741211,112
2026-06-12 01:28:00+00:00,66.7300033569336,66.76000213623047,66.70999908447266,66.75499725341797,24
2026-06-12 01:29:00+00:00,66.72000122070312,66.75,66.69000244140625,66.70999908447266,25
2026-06-12 01:30:00+00:00,66.83999633789062,66.8949966430664,66.72000122070312,66.72000122070312,58
2026-06-12 01:31:00+00:00,66.7750015258789,66.80999755859375,66.7750015258789,66.80999755859375,9
2026-06-12 01:32:00+00:00,66.80000305175781,66.82499694824219,66.7699966430664,66.7699966430664,7
2026-06-12 01:33:00+00:00,66.74500274658203,66.81999969482422,66.73500061035156,66.76499938964844,21
2026-06-12 01:34:00+00:00,66.73999786376953,66.78500366210938,66.66999816894531,66.76499938964844,19
2026-06-12 01:35:00+00:00,66.69000244140625,66.7699966430664,66.65499877929688,66.75499725341797,27
2026-06-12 01:36:00+00:00,66.5999984741211,66.69000244140625,66.5999984741211,66.67500305175781,40
2026-06-12 01:37:00+00:00,66.63999938964844,66.63999938964844,66.58000183105469,66.58000183105469,9
2026-06-12 01:38:00+00:00,66.62000274658203,66.6449966430664,66.62000274658203,66.63999938964844,8
2026-06-12 01:39:00+00:00,66.76499938964844,66.76499938964844,66.68000030517578,66.68000030517578,10
2026-06-12 01:40:00+00:00,66.79000091552734,66.82499694824219,66.7750015258789,66.7750015258789,44
2026-06-12 01:41:00+00:00,66.81500244140625,66.83999633789062,66.7750015258789,66.80000305175781,42
2026-06-12 01:42:00+00:00,66.96499633789062,66.96499633789062,66.83999633789062,66.83999633789062,17
2026-06-12 01:43:00+00:00,66.9800033569336,67.05999755859375,66.94999694824219,66.94999694824219,24
2026-06-12 01:44:00+00:00,66.8499984741211,66.98500061035156,66.8499984741211,66.98500061035156,21
2026-06-12 01:45:00+00:00,67.0199966430664,67.04000091552734,66.88999938964844,66.88999938964844,5
2026-06-12 01:46:00+00:00,67.05500030517578,67.08000183105469,66.98500061035156,66.98500061035156,13
2026-06-12 01:47:00+00:00,67.08499908447266,67.09500122070312,67.04000091552734,67.04499816894531,19
2026-06-12 01:48:00+00:00,67.08999633789062,67.08999633789062,67.0250015258789,67.05500030517578,18
2026-06-12 01:49:00+00:00,67.06999969482422,67.08499908447266,67.05500030517578,67.07499694824219,32
2026-06-12 01:50:00+00:00,67.05500030517578,67.08000183105469,67.0199966430664,67.05000305175781,62
2026-06-12 01:51:00+00:00,67.05500030517578,67.07499694824219,67.0250015258789,67.05000305175781,16
2026-06-12 01:52:00+00:00,67.12000274658203,67.12000274658203,67.06500244140625,67.06999969482422,21
2026-06-12 01:53:00+00:00,66.98999786376953,67.11499786376953,66.98999786376953,67.11499786376953,27
2026-06-12 01:54:00+00:00,66.94499969482422,67.04000091552734,66.94499969482422,67.01499938964844,11
2026-06-12 01:55:00+00:00,66.95999908447266,66.95999908447266,66.91000366210938,66.95500183105469,21
2026-06-12 01:56:00+00:00,67.04000091552734,67.04000091552734,66.98500061035156,66.98500061035156,9
2026-06-12 01:57:00+00:00,67.01499938964844,67.03500366210938,67.01000213623047,67.03500366210938,7
2026-06-12 01:58:00+00:00,66.96499633789062,66.98999786376953,66.96499633789062,66.9749984741211,6
2026-06-12 01:59:00+00:00,67.00499725341797,67.00499725341797,67.00499725341797,67.00499725341797,1
2026-06-12 02:00:00+00:00,66.94999694824219,66.96499633789062,66.94999694824219,66.96499633789062,2
2026-06-12 02:01:00+00:00,67.01000213623047,67.0250015258789,66.94499969482422,66.97000122070312,21
2026-06-12 02:02:00+00:00,67.13999938964844,67.13999938964844,67.01000213623047,67.01000213623047,22
2026-06-12 02:03:00+00:00,67.11499786376953,67.17500305175781,67.1050033569336,67.12999725341797,21
2026-06-12 02:04:00+00:00,67.05000305175781,67.08999633789062,67.00499725341797,67.08999633789062,71
2026-06-12 02:05:00+00:00,67.05999755859375,67.07499694824219,67.05000305175781,67.05000305175781,5
2026-06-12 02:06:00+00:00,67.11000061035156,67.11000061035156,67.08000183105469,67.08000183105469,3
2026-06-12 02:07:00+00:00,67.0999984741211,67.0999984741211,67.0999984741211,67.0999984741211,1
2026-06-12 02:08:00+00:00,67.0999984741211,67.0999984741211,67.06500244140625,67.09500122070312,7
2026-06-12 02:09:00+00:00,67.20500183105469,67.20500183105469,67.04000091552734,67.05500030517578,24
2026-06-12 02:10:00+00:00,67.25,67.26000213623047,67.16000366210938,67.20500183105469,79
2026-06-12 02:11:00+00:00,67.18000030517578,67.26000213623047,67.16500091552734,67.25,21
2026-06-12 02:12:00+00:00,67.12000274658203,67.1500015258789,67.12000274658203,67.1449966430664,3
2026-06-12 02:13:00+00:00,67.17500305175781,67.17500305175781,67.12999725341797,67.1449966430664,10
2026-06-12 02:14:00+00:00,67.11499786376953,67.16000366210938,67.11499786376953,67.16000366210938,5
2026-06-12 02:15:00+00:00,67.1050033569336,67.125,67.1050033569336,67.125,7
2026-06-12 02:16:00+00:00,67.12999725341797,67.12999725341797,67.0999984741211,67.0999984741211,3
2026-06-12 02:18:00+00:00,67.08499908447266,67.0999984741211,67.08499908447266,67.0999984741211,2
2026-06-12 02:19:00+00:00,67.06500244140625,67.06500244140625,67.06500244140625,67.06500244140625,1
2026-06-12 02:20:00+00:00,67.12999725341797,67.12999725341797,67.11499786376953,67.11499786376953,4
2026-06-12 02:21:00+00:00,67.125,67.125,67.08999633789062,67.08999633789062,2
2026-06-12 02:22:00+00:00,67.16000366210938,67.16000366210938,67.11000061035156,67.125,12
2026-06-12 02:23:00+00:00,67.13500213623047,67.13500213623047,67.13500213623047,67.13500213623047,1
2026-06-12 02:24:00+00:00,67.13999938964844,67.1500015258789,67.08000183105469,67.1500015258789,17
2026-06-12 02:25:00+00:00,67.15499877929688,67.16000366210938,67.1500015258789,67.1500015258789,8
2026-06-12 02:26:00+00:00,67.0999984741211,67.15499877929688,67.0999984741211,67.1500015258789,9
2026-06-12 02:27:00+00:00,67.02999877929688,67.05500030517578,67.0250015258789,67.05500030517578,15
2026-06-12 02:28:00+00:00,67.03500366210938,67.05500030517578,67.03500366210938,67.05500030517578,6
2026-06-12 02:29:00+00:00,67.0199966430664,67.04000091552734,67.0199966430664,67.02999877929688,3
2026-06-12 02:30:00+00:00,66.95500183105469,67.05999755859375,66.94499969482422,67.04000091552734,40
2026-06-12 02:31:00+00:00,67.01000213623047,67.0250015258789,66.95500183105469,67.0,14
2026-06-12 02:32:00+00:00,66.96499633789062,67.0250015258789,66.96499633789062,67.0199966430664,4
2026-06-12 02:33:00+00:00,66.95999908447266,67.0199966430664,66.95999908447266,66.98500061035156,10
2026-06-12 02:34:00+00:00,66.83499908447266,66.95500183105469,66.81500244140625,66.95500183105469,40
2026-06-12 02:35:00+00:00,66.92500305175781,66.93499755859375,66.84500122070312,66.84500122070312,13
2026-06-12 02:36:00+00:00,66.99500274658203,66.99500274658203,66.90499877929688,66.91500091552734,11
2026-06-12 02:37:00+00:00,67.04499816894531,67.05000305175781,67.0250015258789,67.0250015258789,7
2026-06-12 02:38:00+00:00,67.19999694824219,67.20999908447266,67.08000183105469,67.08000183105469,20
2026-06-12 02:39:00+00:00,67.0999984741211,67.1050033569336,67.09500122070312,67.1050033569336,7
2026-06-12 02:40:00+00:00,67.08999633789062,67.18000030517578,67.08999633789062,67.1500015258789,12
2026-06-12 02:41:00+00:00,67.09500122070312,67.09500122070312,67.08000183105469,67.08000183105469,3
2026-06-12 02:42:00+00:00,67.04499816894531,67.0999984741211,67.04499816894531,67.05500030517578,5
2026-06-12 02:43:00+00:00,67.09500122070312,67.09500122070312,67.02999877929688,67.02999877929688,8
2026-06-12 02:44:00+00:00,67.125,67.125,67.08499908447266,67.08499908447266,2
2026-06-12 02:45:00+00:00,67.125,67.1500015258789,67.125,67.125,8
2026-06-12 02:46:00+00:00,67.09500122070312,67.13500213623047,67.09500122070312,67.12999725341797,19
2026-06-12 02:47:00+00:00,67.0199966430664,67.06999969482422,67.01499938964844,67.06999969482422,14
2026-06-12 02:48:00+00:00,67.125,67.125,67.08999633789062,67.08999633789062,7
2026-06-12 02:49:00+00:00,67.19499969482422,67.22000122070312,67.12000274658203,67.13999938964844,27
2026-06-12 02:50:00+00:00,67.12000274658203,67.21499633789062,67.12000274658203,67.21499633789062,8
2026-06-12 02:51:00+00:00,67.19499969482422,67.19499969482422,67.1449966430664,67.1449966430664,6
2026-06-12 02:52:00+00:00,67.2300033569336,67.27999877929688,67.21499633789062,67.21499633789062,10
2026-06-12 02:53:00+00:00,67.19999694824219,67.24500274658203,67.19999694824219,67.24500274658203,12
2026-06-12 02:54:00+00:00,67.1500015258789,67.15499877929688,67.13500213623047,67.13500213623047,10
2026-06-12 02:55:00+00:00,67.15499877929688,67.15499877929688,67.1449966430664,67.1449966430664,5
2026-06-12 02:56:00+00:00,67.12000274658203,67.12000274658203,67.12000274658203,67.12000274658203,1
2026-06-12 02:57:00+00:00,67.12000274658203,67.13999938964844,67.12000274658203,67.13999938964844,4
2026-06-12 02:58:00+00:00,67.1500015258789,67.1500015258789,67.1500015258789,67.1500015258789,1
2026-06-12 02:59:00+00:00,67.19999694824219,67.23999786376953,67.18000030517578,67.19999694824219,22
2026-06-12 03:00:00+00:00,67.23500061035156,67.2750015258789,67.16000366210938,67.19999694824219,33
2026-06-12 03:01:00+00:00,67.29499816894531,67.3499984741211,67.25,67.25,29
2026-06-12 03:02:00+00:00,67.22000122070312,67.33000183105469,67.19000244140625,67.29499816894531,35
2026-06-12 03:03:00+00:00,67.25499725341797,67.28500366210938,67.2300033569336,67.2300033569336,47
2026-06-12 03:04:00+00:00,67.15499877929688,67.20999908447266,67.15499877929688,67.20999908447266,6
2026-06-12 03:05:00+00:00,67.18000030517578,67.18000030517578,67.1500015258789,67.16999816894531,17
2026-06-12 03:06:00+00:00,67.25499725341797,67.25499725341797,67.2300033569336,67.2300033569336,15
2026-06-12 03:07:00+00:00,67.29000091552734,67.29000091552734,67.29000091552734,67.29000091552734,2
2026-06-12 03:08:00+00:00,67.20999908447266,67.2300033569336,67.20500183105469,67.2300033569336,9
2026-06-12 03:09:00+00:00,67.18499755859375,67.18499755859375,67.17500305175781,67.17500305175781,2
2026-06-12 03:10:00+00:00,67.19499969482422,67.2300033569336,67.18499755859375,67.2300033569336,4
2026-06-12 03:11:00+00:00,67.31999969482422,67.31999969482422,67.22000122070312,67.22000122070312,9
2026-06-12 03:12:00+00:00,67.26000213623047,67.34500122070312,67.26000213623047,67.32499694824219,14
2026-06-12 03:13:00+00:00,67.23999786376953,67.25499725341797,67.23999786376953,67.25499725341797,4
2026-06-12 03:14:00+00:00,67.30000305175781,67.30000305175781,67.26499938964844,67.26499938964844,4
2026-06-12 03:15:00+00:00,67.375,67.375,67.29499816894531,67.29499816894531,8
2026-06-12 03:16:00+00:00,67.44999694824219,67.4800033569336,67.31500244140625,67.34500122070312,59
2026-06-12 03:17:00+00:00,67.55000305175781,67.6500015258789,67.44999694824219,67.44999694824219,93
2026-06-12 03:18:00+00:00,67.55000305175781,67.56500244140625,67.51000213623047,67.54000091552734,37
2026-06-12 03:19:00+00:00,67.38500213623047,67.55000305175781,67.38500213623047,67.55000305175781,23
2026-06-12 03:20:00+00:00,67.29000091552734,67.37999725341797,67.26000213623047,67.37999725341797,37
2026-06-12 03:21:00+00:00,67.4000015258789,67.4000015258789,67.28500366210938,67.28500366210938,18
2026-06-12 03:22:00+00:00,67.36499786376953,67.42500305175781,67.36499786376953,67.40499877929688,9
2026-06-12 03:23:00+00:00,67.30999755859375,67.3550033569336,67.30999755859375,67.34500122070312,5
2026-06-12 03:24:00+00:00,67.3949966430664,67.3949966430664,67.3949966430664,67.3949966430664,1
2026-06-12 03:25:00+00:00,67.44000244140625,67.44000244140625,67.37999725341797,67.37999725341797,4
2026-06-12 03:26:00+00:00,67.41999816894531,67.42500305175781,67.4000015258789,67.4000015258789,5
2026-06-12 03:27:00+00:00,67.42500305175781,67.46499633789062,67.4000015258789,67.4000015258789,31
2026-06-12 03:28:00+00:00,67.41999816894531,67.45500183105469,67.41999816894531,67.42500305175781,13
2026-06-12 03:29:00+00:00,67.44000244140625,67.4800033569336,67.41000366210938,67.42500305175781,57
2026-06-12 03:30:00+00:00,67.33999633789062,67.43000030517578,67.31500244140625,67.40499877929688,14
2026-06-12 03:31:00+00:00,67.33499908447266,67.36499786376953,67.30000305175781,67.31500244140625,24
2026-06-12 03:32:00+00:00,67.33499908447266,67.3550033569336,67.30500030517578,67.3499984741211,14
2026-06-12 03:33:00+00:00,67.3499984741211,67.37000274658203,67.33999633789062,67.37000274658203,4
2026-06-12 03:34:00+00:00,67.36000061035156,67.37000274658203,67.3499984741211,67.3499984741211,7
2026-06-12 03:35:00+00:00,67.33000183105469,67.41000366210938,67.33000183105469,67.41000366210938,3
2026-06-12 03:36:00+00:00,67.33999633789062,67.33999633789062,67.33999633789062,67.33999633789062,1
2026-06-12 03:37:00+00:00,67.41500091552734,67.41500091552734,67.36499786376953,67.36499786376953,25
2026-06-12 03:38:00+00:00,67.40499877929688,67.40499877929688,67.40499877929688,67.40499877929688,1
2026-06-12 03:39:00+00:00,67.40499877929688,67.40499877929688,67.37999725341797,67.38999938964844,17
2026-06-12 03:40:00+00:00,67.41500091552734,67.41500091552734,67.40499877929688,67.40499877929688,3
2026-06-12 03:41:00+00:00,67.43000030517578,67.45500183105469,67.43000030517578,67.44000244140625,4
2026-06-12 03:42:00+00:00,67.37999725341797,67.41000366210938,67.37999725341797,67.41000366210938,5
2026-06-12 03:43:00+00:00,67.34500122070312,67.37999725341797,67.33999633789062,67.37000274658203,6
2026-06-12 03:44:00+00:00,67.37999725341797,67.37999725341797,67.3550033569336,67.3550033569336,5
2026-06-12 03:45:00+00:00,67.30500030517578,67.375,67.30500030517578,67.33999633789062,7
2026-06-12 03:46:00+00:00,67.30000305175781,67.30000305175781,67.29499816894531,67.29499816894531,3
2026-06-12 03:47:00+00:00,67.29499816894531,67.30500030517578,67.2699966430664,67.2699966430664,9
2026-06-12 03:48:00+00:00,67.25499725341797,67.29499816894531,67.25499725341797,67.29499816894531,7
2026-06-12 03:49:00+00:00,67.22000122070312,67.22000122070312,67.22000122070312,67.22000122070312,2
2026-06-12 03:51:00+00:00,67.2699966430664,67.29499816894531,67.25499725341797,67.29000091552734,12
2026-06-12 03:52:00+00:00,67.26499938964844,67.26499938964844,67.23500061035156,67.25499725341797,4
2026-06-12 03:53:00+00:00,67.2750015258789,67.2750015258789,67.2750015258789,67.2750015258789,1
2026-06-12 03:54:00+00:00,67.30000305175781,67.30000305175781,67.29000091552734,67.29000091552734,4
2026-06-12 03:55:00+00:00,67.3499984741211,67.3499984741211,67.33000183105469,67.33000183105469,2
2026-06-12 03:56:00+00:00,67.29499816894531,67.29499816894531,67.29499816894531,67.29499816894531,1
2026-06-12 03:57:00+00:00,67.27999877929688,67.29000091552734,67.27999877929688,67.29000091552734,4
