Datetime,Close,High,Low,Open,Volume
2026-04-14 04:00:00+00:00,76.9749984741211,77.06999969482422,76.95999908447266,77.01000213623047,6
2026-04-14 04:15:00+00:00,77.0999984741211,77.16000366210938,76.98999786376953,76.98999786376953,88
2026-04-14 04:30:00+00:00,77.15499877929688,77.16999816894531,77.02999877929688,77.1050033569336,45
2026-04-14 04:45:00+00:00,77.23500061035156,77.2699966430664,77.12000274658203,77.15499877929688,110
2026-04-14 05:00:00+00:00,77.05000305175781,77.25,77.00499725341797,77.2300033569336,152
2026-04-14 05:15:00+00:00,77.04000091552734,77.27999877929688,77.0,77.08499908447266,208
2026-04-14 05:30:00+00:00,76.71499633789062,77.05000305175781,76.57499694824219,77.04499816894531,502
2026-04-14 05:45:00+00:00,76.75,76.84500122070312,76.67500305175781,76.70999908447266,133
2026-04-14 06:00:00+00:00,76.98999786376953,77.05000305175781,76.81999969482422,76.81999969482422,319
2026-04-14 06:15:00+00:00,76.99500274658203,77.06999969482422,76.93499755859375,76.96499633789062,293
2026-04-14 06:30:00+00:00,77.0,77.0,76.83000183105469,76.98500061035156,248
2026-04-14 06:45:00+00:00,77.66999816894531,77.68000030517578,77.00499725341797,77.00499725341797,741
2026-04-14 07:00:00+00:00,77.91000366210938,78.12000274658203,77.5999984741211,77.66999816894531,1104
2026-04-14 07:15:00+00:00,77.62999725341797,77.94499969482422,77.54499816894531,77.93000030517578,460
2026-04-14 07:30:00+00:00,77.75,77.81500244140625,77.57499694824219,77.63999938964844,300
2026-04-14 07:45:00+00:00,77.90499877929688,77.94499969482422,77.73999786376953,77.7699966430664,309
2026-04-14 08:00:00+00:00,77.83000183105469,77.87999725341797,77.72000122070312,77.86000061035156,280
2026-04-14 08:15:00+00:00,78.02999877929688,78.05000305175781,77.72000122070312,77.81500244140625,270
2026-04-14 08:30:00+00:00,78.01499938964844,78.19000244140625,77.94999694824219,78.0250015258789,470
2026-04-14 08:45:00+00:00,78.2300033569336,78.23999786376953,77.99500274658203,77.99500274658203,279
2026-04-14 09:00:00+00:00,78.05999755859375,78.28500366210938,78.0,78.24500274658203,144
2026-04-14 09:15:00+00:00,77.92500305175781,78.13999938964844,77.9000015258789,78.09500122070312,119
2026-04-14 09:30:00+00:00,77.94000244140625,77.99500274658203,77.76000213623047,77.90499877929688,226
2026-04-14 09:45:00+00:00,77.8949966430664,78.00499725341797,77.83999633789062,77.94499969482422,113
2026-04-14 10:00:00+00:00,77.90499877929688,77.95999908447266,77.81999969482422,77.88500213623047,171
2026-04-14 10:15:00+00:00,77.88999938964844,78.04000091552734,77.82499694824219,77.94000244140625,183
2026-04-14 10:30:00+00:00,77.65499877929688,77.88999938964844,77.44499969482422,77.81999969482422,569
2026-04-14 10:45:00+00:00,77.61499786376953,77.80000305175781,77.61499786376953,77.68499755859375,123
2026-04-14 11:00:00+00:00,77.57499694824219,77.65499877929688,77.41999816894531,77.62000274658203,584
2026-04-14 11:15:00+00:00,77.71499633789062,77.77999877929688,77.57499694824219,77.57499694824219,447
2026-04-14 11:30:00+00:00,77.6500015258789,77.73999786376953,77.51000213623047,77.67500305175781,196
2026-04-14 11:45:00+00:00,77.7249984741211,77.86000061035156,77.51499938964844,77.66999816894531,370
2026-04-14 12:00:00+00:00,77.62000274658203,77.94000244140625,77.5999984741211,77.7249984741211,466
2026-04-14 12:15:00+00:00,77.56999969482422,77.69999694824219,77.30999755859375,77.5999984741211,603
2026-04-14 12:30:00+00:00,77.68000030517578,77.8949966430664,77.56500244140625,77.56500244140625,807
2026-04-14 12:45:00+00:00,77.67500305175781,77.75,77.3949966430664,77.69499969482422,578
2026-04-14 13:00:00+00:00,77.99500274658203,78.01000213623047,77.62999725341797,77.66000366210938,765
2026-04-14 13:15:00+00:00,77.9000015258789,78.2699966430664,77.9000015258789,78.01499938964844,1184
2026-04-14 13:30:00+00:00,78.21499633789062,78.57499694824219,77.8499984741211,77.90499877929688,2075
2026-04-14 13:45:00+00:00,78.51499938964844,78.55000305175781,78.1449966430664,78.19499969482422,1122
2026-04-14 14:00:00+00:00,78.94499969482422,79.0999984741211,78.49500274658203,78.51499938964844,2101
2026-04-14 14:15:00+00:00,79.2300033569336,79.25499725341797,78.875,78.95500183105469,1397
2026-04-14 14:30:00+00:00,79.125,79.53500366210938,79.125,79.24500274658203,1979
2026-04-14 14:45:00+00:00,79.26000213623047,79.4000015258789,79.05000305175781,79.12999725341797,892
2026-04-14 15:00:00+00:00,78.81999969482422,79.25499725341797,78.73999786376953,79.25499725341797,1234
2026-04-14 15:15:00+00:00,79.11499786376953,79.19999694824219,78.80000305175781,78.81999969482422,957
2026-04-14 15:30:00+00:00,79.4000015258789,79.45500183105469,79.13500213623047,79.13500213623047,719
2026-04-14 15:45:00+00:00,79.29499816894531,79.49500274658203,79.27999877929688,79.44000244140625,683
2026-04-14 16:00:00+00:00,79.43000030517578,79.68000030517578,79.2300033569336,79.29000091552734,1291
2026-04-14 16:15:00+00:00,79.625,79.68000030517578,79.37999725341797,79.43499755859375,746
2026-04-14 16:30:00+00:00,79.57499694824219,79.70500183105469,79.44999694824219,79.63999938964844,680
2026-04-14 16:45:00+00:00,79.20999908447266,79.62000274658203,79.17500305175781,79.58000183105469,924
2026-04-14 17:00:00+00:00,79.33499908447266,79.50499725341797,79.16000366210938,79.20999908447266,1694
2026-04-14 17:15:00+00:00,79.51499938964844,79.6449966430664,79.26499938964844,79.32499694824219,4035
2026-04-14 17:30:00+00:00,79.67500305175781,79.80000305175781,79.52999877929688,79.52999877929688,1089
2026-04-14 17:45:00+00:00,79.49500274658203,79.70500183105469,79.44999694824219,79.67500305175781,451
2026-04-14 18:00:00+00:00,79.38500213623047,79.50499725341797,79.31999969482422,79.50499725341797,790
2026-04-14 18:15:00+00:00,79.32499694824219,79.38500213623047,79.1050033569336,79.37000274658203,622
2026-04-14 18:30:00+00:00,79.2699966430664,79.4749984741211,79.24500274658203,79.34500122070312,446
2026-04-14 18:45:00+00:00,79.40499877929688,79.43499755859375,79.2249984741211,79.2699966430664,230
2026-04-14 19:00:00+00:00,79.42500305175781,79.5999984741211,79.41000366210938,79.41500091552734,483
2026-04-14 19:15:00+00:00,79.48999786376953,79.54499816894531,79.34500122070312,79.43499755859375,469
2026-04-14 19:30:00+00:00,79.61000061035156,79.68499755859375,79.47000122070312,79.49500274658203,432
2026-04-14 19:45:00+00:00,79.66000366210938,79.70500183105469,79.52999877929688,79.61000061035156,349
2026-04-14 20:00:00+00:00,79.72000122070312,79.7699966430664,79.66000366210938,79.66000366210938,212
2026-04-14 20:15:00+00:00,79.66000366210938,79.7750015258789,79.66000366210938,79.7249984741211,191
2026-04-14 20:30:00+00:00,79.77999877929688,79.77999877929688,79.66500091552734,79.66500091552734,82
2026-04-14 20:45:00+00:00,79.625,79.79000091552734,79.625,79.77999877929688,116
2026-04-14 22:00:00+00:00,79.68000030517578,79.81500244140625,79.44499969482422,79.70500183105469,113
2026-04-14 22:15:00+00:00,79.52999877929688,79.71499633789062,79.5,79.70999908447266,81
2026-04-14 22:30:00+00:00,79.56999969482422,79.61000061035156,79.48500061035156,79.5250015258789,53
2026-04-14 22:45:00+00:00,79.44999694824219,79.56999969482422,79.3949966430664,79.56999969482422,177
2026-04-14 23:00:00+00:00,79.5250015258789,79.66999816894531,79.43000030517578,79.43499755859375,58
2026-04-14 23:15:00+00:00,79.57499694824219,79.62000274658203,79.45500183105469,79.5,211
2026-04-14 23:30:00+00:00,79.7750015258789,79.8499984741211,79.54000091552734,79.58000183105469,214
2026-04-14 23:45:00+00:00,79.63500213623047,79.8550033569336,79.5999984741211,79.81999969482422,194
2026-04-15 00:00:00+00:00,79.55999755859375,79.65499877929688,79.42500305175781,79.62999725341797,131
2026-04-15 00:15:00+00:00,79.69999694824219,79.69999694824219,79.5199966430664,79.55000305175781,106
2026-04-15 00:30:00+00:00,79.6050033569336,79.69999694824219,79.5199966430664,79.66000366210938,72
2026-04-15 00:45:00+00:00,79.80000305175781,79.83499908447266,79.58999633789062,79.6050033569336,140
2026-04-15 01:00:00+00:00,80.26499938964844,80.3499984741211,79.51000213623047,79.81500244140625,1040
2026-04-15 01:15:00+00:00,80.6500015258789,80.87999725341797,80.19000244140625,80.30500030517578,1309
2026-04-15 01:30:00+00:00,80.41999816894531,80.69999694824219,80.31500244140625,80.63500213623047,365
2026-04-15 01:45:00+00:00,80.6449966430664,80.69499969482422,80.37000274658203,80.45500183105469,269
2026-04-15 02:00:00+00:00,80.86499786376953,81.15499877929688,80.54499816894531,80.61000061035156,580
2026-04-15 02:15:00+00:00,80.47000122070312,80.8550033569336,80.41999816894531,80.83000183105469,310
2026-04-15 02:30:00+00:00,80.42500305175781,80.55999755859375,80.05500030517578,80.48999786376953,1170
2026-04-15 02:45:00+00:00,79.95500183105469,80.5,79.91000366210938,80.3949966430664,545
2026-04-15 03:00:00+00:00,80.13500213623047,80.25,79.80999755859375,79.98999786376953,236
2026-04-15 03:15:00+00:00,80.05500030517578,80.26000213623047,79.94000244140625,80.13999938964844,117
2026-04-15 03:30:00+00:00,80.18499755859375,80.26000213623047,80.06999969482422,80.07499694824219,118
2026-04-15 03:45:00+00:00,79.92500305175781,80.20999908447266,79.92500305175781,80.20999908447266,112
2026-04-15 04:00:00+00:00,80.05999755859375,80.05999755859375,79.8550033569336,79.93000030517578,133
2026-04-15 04:15:00+00:00,79.91999816894531,80.05500030517578,79.8499984741211,80.05500030517578,89
2026-04-15 04:30:00+00:00,79.81500244140625,79.95999908447266,79.78500366210938,79.93000030517578,85
2026-04-15 04:45:00+00:00,79.92500305175781,79.92500305175781,79.76000213623047,79.77999877929688,158
2026-04-15 05:00:00+00:00,79.94499969482422,80.04499816894531,79.7750015258789,79.8949966430664,202
2026-04-15 05:15:00+00:00,79.76499938964844,80.0199966430664,79.75499725341797,79.94999694824219,176
2026-04-15 05:30:00+00:00,79.2249984741211,79.79499816894531,79.0999984741211,79.77999877929688,842
2026-04-15 05:45:00+00:00,79.50499725341797,79.56500244140625,79.16000366210938,79.19999694824219,290
2026-04-15 06:00:00+00:00,79.61499786376953,79.69999694824219,79.5,79.52999877929688,278
2026-04-15 06:15:00+00:00,79.31500244140625,79.61499786376953,79.2750015258789,79.58999633789062,217
2026-04-15 06:30:00+00:00,79.48999786376953,79.48999786376953,79.25,79.32499694824219,301
2026-04-15 06:45:00+00:00,79.2750015258789,79.66500091552734,79.25,79.5,308
2026-04-15 07:00:00+00:00,79.40499877929688,79.44999694824219,79.15499877929688,79.30500030517578,288
2026-04-15 07:15:00+00:00,79.44999694824219,79.56500244140625,79.1500015258789,79.3949966430664,337
2026-04-15 07:30:00+00:00,79.40499877929688,79.57499694824219,79.2750015258789,79.4000015258789,214
2026-04-15 07:45:00+00:00,79.31500244140625,79.37000274658203,79.1500015258789,79.37000274658203,186
2026-04-15 08:00:00+00:00,79.2699966430664,79.37999725341797,79.1050033569336,79.31500244140625,210
2026-04-15 08:15:00+00:00,79.2750015258789,79.38500213623047,79.15499877929688,79.29000091552734,200
2026-04-15 08:30:00+00:00,79.26000213623047,79.33499908447266,79.19499969482422,79.29499816894531,130
2026-04-15 08:45:00+00:00,79.41500091552734,79.44499969482422,79.18000030517578,79.20999908447266,187
2026-04-15 09:00:00+00:00,78.96499633789062,79.45500183105469,78.67500305175781,79.41500091552734,934
2026-04-15 09:15:00+00:00,78.75,78.95999908447266,78.7249984741211,78.95999908447266,348
2026-04-15 09:30:00+00:00,78.69000244140625,78.81999969482422,78.67500305175781,78.76499938964844,311
2026-04-15 09:45:00+00:00,78.58499908447266,78.75499725341797,78.30500030517578,78.66999816894531,995
2026-04-15 10:00:00+00:00,78.90499877929688,78.93000030517578,78.44999694824219,78.58000183105469,286
2026-04-15 10:15:00+00:00,78.66500091552734,78.88999938964844,78.52999877929688,78.88500213623047,351
2026-04-15 10:30:00+00:00,78.72000122070312,78.74500274658203,78.54000091552734,78.74500274658203,156
2026-04-15 10:45:00+00:00,78.87999725341797,78.98500061035156,78.67500305175781,78.7249984741211,444
2026-04-15 11:00:00+00:00,78.94000244140625,78.96499633789062,78.62999725341797,78.875,602
2026-04-15 11:15:00+00:00,78.82499694824219,78.93000030517578,78.76499938964844,78.92500305175781,205
2026-04-15 11:30:00+00:00,78.83499908447266,78.92500305175781,78.76000213623047,78.86000061035156,162
2026-04-15 11:45:00+00:00,79.19000244140625,79.22000122070312,78.75,78.87999725341797,797
2026-04-15 12:00:00+00:00,78.96499633789062,79.2249984741211,78.86499786376953,79.15499877929688,438
2026-04-15 12:15:00+00:00,78.94499969482422,79.11499786376953,78.875,78.98999786376953,330
2026-04-15 12:30:00+00:00,78.73999786376953,78.99500274658203,78.66999816894531,78.91500091552734,503
2026-04-15 12:45:00+00:00,78.69999694824219,78.82499694824219,78.6500015258789,78.7750015258789,495
2026-04-15 13:00:00+00:00,79.43499755859375,79.48500061035156,78.70999908447266,78.72000122070312,1501
2026-04-15 13:15:00+00:00,79.58499908447266,79.63500213623047,79.28500366210938,79.43499755859375,693
2026-04-15 13:30:00+00:00,79.68000030517578,79.86499786376953,79.33999633789062,79.58999633789062,1228
2026-04-15 13:45:00+00:00,80.1500015258789,80.15499877929688,79.6500015258789,79.69999694824219,1139
2026-04-15 14:00:00+00:00,80.49500274658203,80.51000213623047,80.1050033569336,80.16000366210938,1583
2026-04-15 14:15:00+00:00,80.40499877929688,80.69000244140625,80.30000305175781,80.51499938964844,1207
2026-04-15 14:30:00+00:00,80.19499969482422,80.41000366210938,80.01000213623047,80.41000366210938,1099
2026-04-15 14:45:00+00:00,80.13999938964844,80.25,80.07499694824219,80.18499755859375,485
2026-04-15 15:00:00+00:00,79.96499633789062,80.125,79.57499694824219,80.1050033569336,1279
2026-04-15 15:15:00+00:00,79.19999694824219,79.93499755859375,79.19999694824219,79.93499755859375,670
2026-04-15 15:30:00+00:00,79.55500030517578,79.66000366210938,78.87999725341797,79.2699966430664,1877
2026-04-15 15:45:00+00:00,79.45999908447266,79.68000030517578,79.37000274658203,79.55500030517578,574
2026-04-15 16:00:00+00:00,79.75,79.82499694824219,79.43000030517578,79.44499969482422,555
2026-04-15 16:15:00+00:00,79.68000030517578,79.79499816894531,79.58999633789062,79.73999786376953,322
2026-04-15 16:30:00+00:00,79.38999938964844,79.7249984741211,79.33999633789062,79.68499755859375,587
2026-04-15 16:45:00+00:00,79.48500061035156,79.49500274658203,79.2699966430664,79.38999938964844,318
2026-04-15 17:00:00+00:00,79.23500061035156,79.45999908447266,79.19000244140625,79.45999908447266,670
2026-04-15 17:15:00+00:00,79.55000305175781,79.66500091552734,79.23500061035156,79.24500274658203,1843
2026-04-15 17:30:00+00:00,79.36499786376953,79.71499633789062,79.29000091552734,79.55000305175781,416
2026-04-15 17:45:00+00:00,79.2249984741211,79.47000122070312,79.22000122070312,79.4000015258789,239
2026-04-15 18:00:00+00:00,79.38999938964844,79.47000122070312,79.16000366210938,79.25499725341797,313
2026-04-15 18:15:00+00:00,79.36499786376953,79.4749984741211,79.31999969482422,79.42500305175781,117
2026-04-15 18:30:00+00:00,79.3499984741211,79.44999694824219,79.28500366210938,79.37999725341797,107
2026-04-15 18:45:00+00:00,79.48500061035156,79.55000305175781,79.33000183105469,79.33000183105469,201
2026-04-15 19:00:00+00:00,79.41999816894531,79.59500122070312,79.41999816894531,79.45999908447266,132
2026-04-15 19:15:00+00:00,79.62999725341797,79.63500213623047,79.38500213623047,79.41999816894531,93
2026-04-15 19:30:00+00:00,79.54000091552734,79.63999938964844,79.43000030517578,79.59500122070312,129
2026-04-15 19:45:00+00:00,79.52999877929688,79.67500305175781,79.4800033569336,79.52999877929688,145
2026-04-15 20:00:00+00:00,79.31500244140625,79.50499725341797,79.25,79.50499725341797,193
2026-04-15 20:15:00+00:00,79.30000305175781,79.3550033569336,79.2699966430664,79.31500244140625,150
2026-04-15 20:30:00+00:00,79.21499633789062,79.28500366210938,79.16999816894531,79.28500366210938,53
2026-04-15 20:45:00+00:00,79.11000061035156,79.26000213623047,79.0,79.21499633789062,241
2026-04-15 22:00:00+00:00,79.26000213623047,79.47000122070312,79.1050033569336,79.19499969482422,36
2026-04-15 22:15:00+00:00,79.41000366210938,79.41000366210938,79.27999877929688,79.27999877929688,39
2026-04-15 22:30:00+00:00,79.41500091552734,79.45500183105469,79.38500213623047,79.3949966430664,437
2026-04-15 22:45:00+00:00,79.50499725341797,79.54000091552734,79.40499877929688,79.40499877929688,99
2026-04-15 23:00:00+00:00,79.52999877929688,79.55500030517578,79.46499633789062,79.46499633789062,140
2026-04-15 23:15:00+00:00,79.56500244140625,79.58000183105469,79.52999877929688,79.55999755859375,53
2026-04-15 23:30:00+00:00,79.7249984741211,79.7249984741211,79.56500244140625,79.58000183105469,142
2026-04-15 23:45:00+00:00,79.6500015258789,79.75,79.62999725341797,79.69999694824219,51
2026-04-16 00:00:00+00:00,80.05500030517578,80.09500122070312,79.6500015258789,79.6500015258789,597
2026-04-16 00:15:00+00:00,79.9749984741211,80.16999816894531,79.92500305175781,80.05500030517578,249
2026-04-16 00:30:00+00:00,80.15499877929688,80.34500122070312,79.94999694824219,79.98500061035156,232
2026-04-16 00:45:00+00:00,80.30000305175781,80.4749984741211,80.12999725341797,80.12999725341797,315
2026-04-16 01:00:00+00:00,80.61000061035156,80.66999816894531,80.19999694824219,80.30000305175781,398
2026-04-16 01:15:00+00:00,80.51499938964844,80.69999694824219,80.41500091552734,80.55500030517578,249
2026-04-16 01:30:00+00:00,80.30000305175781,80.62000274658203,80.09500122070312,80.50499725341797,229
2026-04-16 01:45:00+00:00,80.23999786376953,80.47000122070312,80.2249984741211,80.2699966430664,172
2026-04-16 02:00:00+00:00,80.33499908447266,80.48500061035156,80.0999984741211,80.33499908447266,453
2026-04-16 02:15:00+00:00,80.33000183105469,80.42500305175781,80.26499938964844,80.31999969482422,106
2026-04-16 02:30:00+00:00,80.2699966430664,80.38500213623047,80.06500244140625,80.30000305175781,151
2026-04-16 02:45:00+00:00,80.4749984741211,80.55999755859375,80.22000122070312,80.31500244140625,291
2026-04-16 03:00:00+00:00,80.66500091552734,80.66500091552734,80.47000122070312,80.47000122070312,222
2026-04-16 03:15:00+00:00,80.58499908447266,80.7300033569336,80.54499816894531,80.68000030517578,166
2026-04-16 03:30:00+00:00,80.45999908447266,80.73500061035156,80.41500091552734,80.62000274658203,161
2026-04-16 03:45:00+00:00,80.61000061035156,80.625,80.43000030517578,80.45999908447266,55
2026-04-16 04:00:00+00:00,80.57499694824219,80.61000061035156,80.44000244140625,80.48999786376953,49
2026-04-16 04:15:00+00:00,80.58499908447266,80.70500183105469,80.56999969482422,80.625,86
2026-04-16 04:30:00+00:00,80.70999908447266,80.77999877929688,80.57499694824219,80.57499694824219,125
2026-04-16 04:45:00+00:00,80.82499694824219,80.82499694824219,80.67500305175781,80.71499633789062,129
2026-04-16 05:00:00+00:00,80.81500244140625,80.94000244140625,80.80500030517578,80.83999633789062,138
2026-04-16 05:15:00+00:00,80.90499877929688,80.92500305175781,80.80999755859375,80.83000183105469,92
2026-04-16 05:30:00+00:00,80.49500274658203,81.03500366210938,80.47000122070312,80.91999816894531,378
2026-04-16 05:45:00+00:00,80.55500030517578,80.68000030517578,80.48999786376953,80.51000213623047,147
2026-04-16 06:00:00+00:00,80.63500213623047,80.76499938964844,80.5250015258789,80.58999633789062,247
2026-04-16 06:15:00+00:00,80.48999786376953,80.6449966430664,80.41999816894531,80.6449966430664,164
2026-04-16 06:30:00+00:00,80.44999694824219,80.5199966430664,80.33499908447266,80.44000244140625,206
2026-04-16 06:45:00+00:00,80.4749984741211,80.63500213623047,80.41500091552734,80.44999694824219,164
2026-04-16 07:00:00+00:00,80.30000305175781,80.58999633789062,80.26499938964844,80.46499633789062,194
2026-04-16 07:15:00+00:00,80.42500305175781,80.44999694824219,80.16999816894531,80.28500366210938,170
2026-04-16 07:30:00+00:00,80.41999816894531,80.45999908447266,80.28500366210938,80.41999816894531,168
2026-04-16 07:45:00+00:00,80.23500061035156,80.3949966430664,80.13999938964844,80.37999725341797,178
2026-04-16 08:00:00+00:00,79.93499755859375,80.2699966430664,79.68499755859375,80.25499725341797,502
2026-04-16 08:15:00+00:00,79.86499786376953,80.02999877929688,79.7699966430664,80.0250015258789,259
2026-04-16 08:30:00+00:00,79.88500213623047,79.94000244140625,79.76000213623047,79.84500122070312,261
2026-04-16 08:45:00+00:00,79.87000274658203,79.94000244140625,79.76000213623047,79.88500213623047,191
2026-04-16 09:00:00+00:00,79.81999969482422,79.98999786376953,79.81999969482422,79.86499786376953,158
2026-04-16 09:15:00+00:00,79.7249984741211,79.8550033569336,79.6449966430664,79.83000183105469,231
2026-04-16 09:30:00+00:00,79.76499938964844,79.81500244140625,79.55500030517578,79.73999786376953,442
2026-04-16 09:45:00+00:00,79.68499755859375,79.76499938964844,79.63999938964844,79.7249984741211,103
2026-04-16 10:00:00+00:00,79.59500122070312,79.74500274658203,79.58999633789062,79.69999694824219,104
2026-04-16 10:15:00+00:00,79.6500015258789,79.74500274658203,79.51499938964844,79.57499694824219,142
2026-04-16 10:30:00+00:00,79.69999694824219,79.82499694824219,79.6449966430664,79.6500015258789,169
2026-04-16 10:45:00+00:00,79.94000244140625,79.98500061035156,79.56999969482422,79.69000244140625,249
2026-04-16 11:00:00+00:00,79.9000015258789,79.95999908447266,79.76499938964844,79.94499969482422,434
2026-04-16 11:15:00+00:00,79.7300033569336,79.94000244140625,79.68499755859375,79.88999938964844,194
2026-04-16 11:30:00+00:00,79.65499877929688,79.84500122070312,79.62000274658203,79.7249984741211,262
2026-04-16 11:45:00+00:00,79.83499908447266,79.86000061035156,79.58499908447266,79.66500091552734,218
2026-04-16 12:00:00+00:00,79.66999816894531,79.87999725341797,79.54499816894531,79.83999633789062,410
2026-04-16 12:15:00+00:00,79.33499908447266,79.68499755859375,79.29000091552734,79.67500305175781,503
2026-04-16 12:30:00+00:00,79.21499633789062,79.51000213623047,79.11000061035156,79.32499694824219,883
2026-04-16 12:45:00+00:00,79.37999725341797,79.44000244140625,79.16999816894531,79.20999908447266,710
2026-04-16 13:00:00+00:00,79.5,79.83999633789062,79.37999725341797,79.37999725341797,1173
2026-04-16 13:15:00+00:00,79.59500122070312,79.71499633789062,79.50499725341797,79.51499938964844,539
2026-04-16 13:30:00+00:00,79.62000274658203,79.91999816894531,79.5,79.58000183105469,1063
2026-04-16 13:45:00+00:00,78.7750015258789,79.73999786376953,78.3499984741211,79.62999725341797,2725
2026-04-16 14:00:00+00:00,78.94000244140625,79.04000091552734,78.16000366210938,78.76000213623047,2177
2026-04-16 14:15:00+00:00,78.83499908447266,79.0,78.51499938964844,78.94499969482422,971
2026-04-16 14:30:00+00:00,78.61499786376953,78.88999938964844,78.18000030517578,78.88500213623047,920
2026-04-16 14:45:00+00:00,78.63999938964844,78.76499938964844,78.5,78.5999984741211,509
2026-04-16 15:00:00+00:00,79.06999969482422,79.2750015258789,78.62000274658203,78.63999938964844,1121
2026-04-16 15:15:00+00:00,78.78500366210938,79.16000366210938,78.74500274658203,79.06999969482422,846
2026-04-16 15:30:00+00:00,78.83999633789062,79.01000213623047,78.6050033569336,78.76499938964844,700
2026-04-16 15:45:00+00:00,79.01499938964844,79.08499908447266,78.77999877929688,78.83999633789062,389
2026-04-16 16:00:00+00:00,78.9749984741211,79.12000274658203,78.94000244140625,79.00499725341797,293
2026-04-16 16:15:00+00:00,78.82499694824219,79.04499816894531,78.77999877929688,78.98999786376953,708
2026-04-16 16:30:00+00:00,78.65499877929688,78.86499786376953,78.40499877929688,78.81999969482422,727
2026-04-16 16:45:00+00:00,78.69499969482422,78.74500274658203,78.55000305175781,78.625,299
2026-04-16 17:00:00+00:00,78.62999725341797,78.82499694824219,78.5999984741211,78.69499969482422,530
2026-04-16 17:15:00+00:00,78.44999694824219,78.77999877929688,78.44999694824219,78.62999725341797,949
2026-04-16 17:30:00+00:00,78.43499755859375,78.5,78.2750015258789,78.45500183105469,453
2026-04-16 17:45:00+00:00,78.41000366210938,78.46499633789062,78.2699966430664,78.43499755859375,237
2026-04-16 18:00:00+00:00,78.51000213623047,78.625,78.36499786376953,78.40499877929688,306
2026-04-16 18:15:00+00:00,78.44999694824219,78.58999633789062,78.42500305175781,78.5,198
2026-04-16 18:30:00+00:00,78.625,78.6500015258789,78.47000122070312,78.47000122070312,231
2026-04-16 18:45:00+00:00,78.55999755859375,78.67500305175781,78.5199966430664,78.62000274658203,123
2026-04-16 19:00:00+00:00,78.67500305175781,78.79000091552734,78.58499908447266,78.58499908447266,220
2026-04-16 19:15:00+00:00,78.66000366210938,78.80000305175781,78.6500015258789,78.7249984741211,719
2026-04-16 19:30:00+00:00,78.80999755859375,78.83000183105469,78.66000366210938,78.66000366210938,155
2026-04-16 19:45:00+00:00,78.79000091552734,78.86000061035156,78.68499755859375,78.83000183105469,290
2026-04-16 20:00:00+00:00,78.59500122070312,78.7699966430664,78.58999633789062,78.7699966430664,105
2026-04-16 20:15:00+00:00,78.5250015258789,78.63500213623047,78.50499725341797,78.6050033569336,60
2026-04-16 20:30:00+00:00,78.53500366210938,78.57499694824219,78.47000122070312,78.51000213623047,55
2026-04-16 20:45:00+00:00,78.45999908447266,78.58499908447266,78.43499755859375,78.56999969482422,169
2026-04-16 22:00:00+00:00,78.86000061035156,78.91999816894531,78.4000015258789,78.66500091552734,108
2026-04-16 22:15:00+00:00,78.83999633789062,78.8949966430664,78.7750015258789,78.88999938964844,163
2026-04-16 22:30:00+00:00,78.8949966430664,78.9000015258789,78.75499725341797,78.81999969482422,102
2026-04-16 22:45:00+00:00,78.88500213623047,78.93000030517578,78.86000061035156,78.88500213623047,33
2026-04-16 23:00:00+00:00,78.80000305175781,78.88500213623047,78.80000305175781,78.8550033569336,46
2026-04-16 23:15:00+00:00,78.84500122070312,78.91999816894531,78.82499694824219,78.82499694824219,53
2026-04-16 23:30:00+00:00,78.8949966430664,78.91999816894531,78.7750015258789,78.83000183105469,38
2026-04-16 23:45:00+00:00,78.77999877929688,78.91999816894531,78.7699966430664,78.9000015258789,71
2026-04-17 00:00:00+00:00,78.66000366210938,78.77999877929688,78.52999877929688,78.75499725341797,99
2026-04-17 00:15:00+00:00,78.75499725341797,78.76499938964844,78.62000274658203,78.63999938964844,49
2026-04-17 00:30:00+00:00,78.875,78.9000015258789,78.75499725341797,78.75499725341797,119
2026-04-17 00:45:00+00:00,78.80999755859375,78.9749984741211,78.80000305175781,78.8949966430664,44
2026-04-17 01:00:00+00:00,78.20999908447266,78.86499786376953,77.7699966430664,78.80500030517578,784
2026-04-17 01:15:00+00:00,77.94499969482422,78.45500183105469,77.80000305175781,78.19499969482422,519
2026-04-17 01:30:00+00:00,78.29000091552734,78.29000091552734,77.88500213623047,77.96499633789062,317
2026-04-17 01:45:00+00:00,78.52999877929688,78.57499694824219,78.22000122070312,78.28500366210938,186
2026-04-17 02:00:00+00:00,78.48500061035156,78.63500213623047,78.38999938964844,78.5250015258789,115
2026-04-17 02:15:00+00:00,78.37000274658203,78.51000213623047,78.37000274658203,78.50499725341797,121
2026-04-17 02:30:00+00:00,78.5999984741211,78.69499969482422,78.375,78.38500213623047,170
2026-04-17 02:45:00+00:00,78.40499877929688,78.69999694824219,78.4000015258789,78.55999755859375,148
2026-04-17 03:00:00+00:00,79.06999969482422,79.1449966430664,78.44999694824219,78.44999694824219,561
2026-04-17 03:15:00+00:00,79.01000213623047,79.33499908447266,78.99500274658203,79.07499694824219,276
2026-04-17 03:30:00+00:00,78.92500305175781,79.02999877929688,78.78500366210938,79.0,143
2026-04-17 03:45:00+00:00,78.98999786376953,79.04499816894531,78.93499755859375,78.93499755859375,43
2026-04-17 04:00:00+00:00,79.06999969482422,79.06999969482422,78.9000015258789,78.91500091552734,83
2026-04-17 04:15:00+00:00,79.05500030517578,79.08000183105469,79.0,79.03500366210938,57
2026-04-17 04:30:00+00:00,79.27999877929688,79.29499816894531,79.04499816894531,79.05500030517578,151
2026-04-17 04:45:00+00:00,79.17500305175781,79.30000305175781,79.12000274658203,79.27999877929688,156
2026-04-17 05:00:00+00:00,79.16500091552734,79.19999694824219,79.0199966430664,79.15499877929688,96
2026-04-17 05:15:00+00:00,79.12000274658203,79.20500183105469,79.08000183105469,79.12999725341797,65
2026-04-17 05:30:00+00:00,79.06500244140625,79.20500183105469,78.91000366210938,79.11000061035156,176
2026-04-17 05:45:00+00:00,78.9749984741211,79.23999786376953,78.9749984741211,79.08999633789062,204
2026-04-17 06:00:00+00:00,78.76499938964844,79.07499694824219,78.7249984741211,78.9800033569336,265
2026-04-17 06:15:00+00:00,78.67500305175781,78.83999633789062,78.6500015258789,78.79499816894531,138
2026-04-17 06:30:00+00:00,78.72000122070312,78.75,78.55000305175781,78.65499877929688,150
2026-04-17 06:45:00+00:00,78.69499969482422,78.7750015258789,78.6500015258789,78.73500061035156,101
2026-04-17 07:00:00+00:00,78.78500366210938,78.86000061035156,78.70999908447266,78.71499633789062,110
2026-04-17 07:15:00+00:00,78.875,78.88999938964844,78.66999816894531,78.76499938964844,86
2026-04-17 07:30:00+00:00,78.96499633789062,78.9800033569336,78.75499725341797,78.87000274658203,171
2026-04-17 07:45:00+00:00,78.99500274658203,79.0,78.83499908447266,78.95500183105469,87
2026-04-17 08:00:00+00:00,79.07499694824219,79.1449966430664,78.96499633789062,78.9749984741211,142
2026-04-17 08:15:00+00:00,79.07499694824219,79.09500122070312,79.0,79.06500244140625,53
2026-04-17 08:30:00+00:00,79.48999786376953,79.5250015258789,79.06999969482422,79.06999969482422,429
2026-04-17 08:45:00+00:00,79.5999984741211,79.5999984741211,79.37000274658203,79.48500061035156,198
2026-04-17 09:00:00+00:00,79.66999816894531,79.86000061035156,79.58499908447266,79.5999984741211,430
2026-04-17 09:15:00+00:00,79.82499694824219,79.88999938964844,79.6500015258789,79.66500091552734,373
2026-04-17 09:30:00+00:00,79.79499816894531,79.90499877929688,79.74500274658203,79.80999755859375,215
2026-04-17 09:45:00+00:00,79.68499755859375,79.80999755859375,79.68499755859375,79.79000091552734,151
2026-04-17 10:00:00+00:00,79.68000030517578,79.71499633789062,79.55000305175781,79.68499755859375,151
2026-04-17 10:15:00+00:00,79.56500244140625,79.70999908447266,79.53500366210938,79.6500015258789,161
2026-04-17 10:30:00+00:00,79.36000061035156,79.54000091552734,79.33000183105469,79.54000091552734,262
2026-04-17 10:45:00+00:00,79.44999694824219,79.47000122070312,79.33000183105469,79.3550033569336,185
2026-04-17 11:00:00+00:00,79.2750015258789,79.5199966430664,79.2300033569336,79.44999694824219,477
2026-04-17 11:15:00+00:00,79.36499786376953,79.37000274658203,79.19999694824219,79.26000213623047,220
2026-04-17 11:30:00+00:00,79.55500030517578,79.55500030517578,79.38500213623047,79.38500213623047,484
2026-04-17 11:45:00+00:00,79.75,79.7750015258789,79.55500030517578,79.56999969482422,304
2026-04-17 12:00:00+00:00,79.8949966430664,79.98999786376953,79.7300033569336,79.75499725341797,717
2026-04-17 12:15:00+00:00,80.2699966430664,80.29000091552734,79.83999633789062,79.88500213623047,1241
2026-04-17 12:30:00+00:00,80.37000274658203,80.45500183105469,80.20500183105469,80.2750015258789,1192
2026-04-17 12:45:00+00:00,81.73500061035156,81.80000305175781,80.29499816894531,80.34500122070312,3369
2026-04-17 13:00:00+00:00,82.19000244140625,82.50499725341797,81.25499725341797,81.76000213623047,3145
2026-04-17 13:15:00+00:00,81.79000091552734,82.15499877929688,81.51499938964844,82.1500015258789,2389
2026-04-17 13:30:00+00:00,82.18000030517578,82.36000061035156,81.68000030517578,81.82499694824219,2036
2026-04-17 13:45:00+00:00,82.5250015258789,82.62000274658203,81.7249984741211,82.13500213623047,2071
2026-04-17 14:00:00+00:00,82.20999908447266,82.68499755859375,82.16999816894531,82.55000305175781,1416
2026-04-17 14:15:00+00:00,82.70500183105469,82.9000015258789,82.2300033569336,82.26499938964844,1152
2026-04-17 14:30:00+00:00,83.12000274658203,83.19499969482422,82.62000274658203,82.68499755859375,1515
2026-04-17 14:45:00+00:00,82.86499786376953,83.24500274658203,82.86499786376953,83.12000274658203,1041
2026-04-17 15:00:00+00:00,82.7699966430664,83.06500244140625,82.57499694824219,82.88500213623047,1423
2026-04-17 15:15:00+00:00,82.36000061035156,82.91500091552734,82.34500122070312,82.7750015258789,1457
2026-04-17 15:30:00+00:00,82.30000305175781,82.61499786376953,82.16999816894531,82.375,1006
2026-04-17 15:45:00+00:00,82.44000244140625,82.5999984741211,82.2300033569336,82.30500030517578,845
2026-04-17 16:00:00+00:00,82.5999984741211,82.75,82.30000305175781,82.43000030517578,730
2026-04-17 16:15:00+00:00,82.37000274658203,82.6449966430664,82.37000274658203,82.61000061035156,570
2026-04-17 16:30:00+00:00,82.48500061035156,82.62999725341797,82.3949966430664,82.40499877929688,532
2026-04-17 16:45:00+00:00,82.37999725341797,82.5250015258789,82.30999755859375,82.4749984741211,474
2026-04-17 17:00:00+00:00,82.1500015258789,82.50499725341797,82.0199966430664,82.38500213623047,1112
2026-04-17 17:15:00+00:00,81.66999816894531,82.20999908447266,81.5199966430664,82.1500015258789,2637
2026-04-17 17:30:00+00:00,81.56999969482422,81.83499908447266,81.53500366210938,81.6449966430664,508
2026-04-17 17:45:00+00:00,81.96499633789062,81.96499633789062,81.56999969482422,81.56999969482422,444
2026-04-17 18:00:00+00:00,81.83499908447266,82.07499694824219,81.80500030517578,81.97000122070312,321
2026-04-17 18:15:00+00:00,81.95500183105469,82.23500061035156,81.83499908447266,81.8499984741211,299
2026-04-17 18:30:00+00:00,81.90499877929688,82.06500244140625,81.83999633789062,81.97000122070312,270
2026-04-17 18:45:00+00:00,81.66000366210938,81.94499969482422,81.61000061035156,81.93000030517578,284
2026-04-17 19:00:00+00:00,81.58000183105469,81.68499755859375,81.42500305175781,81.68499755859375,432
2026-04-17 19:15:00+00:00,81.3949966430664,81.6500015258789,81.26499938964844,81.55999755859375,492
2026-04-17 19:30:00+00:00,81.57499694824219,81.65499877929688,81.37999725341797,81.3949966430664,270
2026-04-17 19:45:00+00:00,81.49500274658203,81.5999984741211,81.37000274658203,81.58999633789062,299
2026-04-17 20:00:00+00:00,81.30500030517578,81.5250015258789,81.22000122070312,81.48500061035156,217
2026-04-17 20:15:00+00:00,81.2699966430664,81.36499786376953,81.23500061035156,81.30999755859375,143
2026-04-17 20:30:00+00:00,81.15499877929688,81.31500244140625,81.125,81.26499938964844,212
2026-04-17 20:45:00+00:00,81.84200286865234,81.84200286865234,80.86000061035156,81.13999938964844,340
2026-04-19 22:00:00+00:00,79.67500305175781,79.87000274658203,79.51000213623047,79.76499938964844,88
2026-04-19 22:15:00+00:00,79.66000366210938,79.83499908447266,79.6449966430664,79.6449966430664,375
2026-04-19 22:30:00+00:00,79.68000030517578,79.8550033569336,79.63500213623047,79.70999908447266,223
2026-04-19 22:45:00+00:00,79.66999816894531,79.88500213623047,79.6449966430664,79.66500091552734,199
2026-04-19 23:00:00+00:00,79.49500274658203,79.74500274658203,79.45999908447266,79.62000274658203,279
2026-04-19 23:15:00+00:00,79.375,79.5250015258789,79.30000305175781,79.48999786376953,173
2026-04-19 23:30:00+00:00,78.93499755859375,79.4749984741211,78.71499633789062,79.34500122070312,505
2026-04-19 23:45:00+00:00,79.08000183105469,79.18000030517578,78.76000213623047,78.94000244140625,386
2026-04-20 00:00:00+00:00,79.30000305175781,79.34500122070312,78.7699966430664,79.07499694824219,383
2026-04-20 00:15:00+00:00,79.51000213623047,79.55500030517578,79.24500274658203,79.26000213623047,492
2026-04-20 00:30:00+00:00,79.54000091552734,79.69000244140625,79.43499755859375,79.51000213623047,205
2026-04-20 00:45:00+00:00,79.93499755859375,79.96499633789062,79.3550033569336,79.48500061035156,452
2026-04-20 01:00:00+00:00,80.05500030517578,80.31999969482422,79.82499694824219,79.91500091552734,1265
2026-04-20 01:15:00+00:00,80.21499633789062,80.21499633789062,79.83499908447266,80.08499908447266,606
2026-04-20 01:30:00+00:00,80.38999938964844,80.41500091552734,80.13999938964844,80.13999938964844,720
2026-04-20 01:45:00+00:00,80.61000061035156,80.75499725341797,80.33000183105469,80.38500213623047,633
2026-04-20 02:00:00+00:00,80.44999694824219,80.7249984741211,80.41000366210938,80.62000274658203,536
2026-04-20 02:15:00+00:00,80.53500366210938,80.6500015258789,80.43000030517578,80.44499969482422,474
2026-04-20 02:30:00+00:00,80.42500305175781,80.6500015258789,80.375,80.55000305175781,431
2026-04-20 02:45:00+00:00,80.30999755859375,80.44999694824219,80.30999755859375,80.4000015258789,53
2026-04-20 09:30:00+00:00,79.41999816894531,81.84200286865234,79.25,81.84200286865234,7248
2026-04-20 09:45:00+00:00,79.31999969482422,79.49500274658203,79.31500244140625,79.40499877929688,126
2026-04-20 10:00:00+00:00,79.61499786376953,79.76499938964844,79.31500244140625,79.31999969482422,378
2026-04-20 10:15:00+00:00,79.55000305175781,79.69000244140625,79.51000213623047,79.59500122070312,151
2026-04-20 10:30:00+00:00,79.38999938964844,79.58999633789062,79.37999725341797,79.55000305175781,106
2026-04-20 10:45:00+00:00,79.33999633789062,81.84200286865234,79.30999755859375,79.375,186
2026-04-20 11:00:00+00:00,79.26000213623047,79.41000366210938,79.1449966430664,79.33999633789062,565
2026-04-20 11:15:00+00:00,79.33999633789062,79.36499786376953,79.21499633789062,79.26499938964844,212
2026-04-20 11:30:00+00:00,79.43000030517578,79.4749984741211,79.27999877929688,79.3550033569336,99
2026-04-20 11:45:00+00:00,79.86000061035156,81.84200286865234,79.51499938964844,81.84200286865234,611
2026-04-20 12:00:00+00:00,79.84500122070312,79.91999816894531,79.69999694824219,79.87999725341797,494
2026-04-20 12:15:00+00:00,79.56500244140625,80.0250015258789,79.5250015258789,79.84500122070312,608
2026-04-20 12:30:00+00:00,79.61000061035156,79.70999908447266,79.4800033569336,79.56500244140625,606
2026-04-20 12:45:00+00:00,79.69499969482422,79.7300033569336,79.53500366210938,79.6050033569336,415
2026-04-20 13:00:00+00:00,80.11499786376953,80.31999969482422,79.6449966430664,79.69499969482422,2081
2026-04-20 13:15:00+00:00,80.3949966430664,80.41999816894531,80.05000305175781,80.13999938964844,950
2026-04-20 13:30:00+00:00,80.3949966430664,80.5250015258789,80.2249984741211,80.41999816894531,1220
2026-04-20 13:45:00+00:00,80.32499694824219,80.48500061035156,80.26499938964844,80.375,844
2026-04-20 14:00:00+00:00,80.13999938964844,80.36000061035156,79.8550033569336,80.3550033569336,1160
2026-04-20 14:15:00+00:00,80.33499908447266,80.44499969482422,79.94499969482422,80.125,995
2026-04-20 14:30:00+00:00,80.16000366210938,80.45500183105469,79.94499969482422,80.33000183105469,696
2026-04-20 14:45:00+00:00,79.7699966430664,80.16999816894531,79.45500183105469,80.12999725341797,1262
2026-04-20 15:00:00+00:00,79.66500091552734,79.91000366210938,79.53500366210938,79.84500122070312,712
2026-04-20 15:15:00+00:00,79.97000122070312,80.0250015258789,79.50499725341797,79.62999725341797,943
2026-04-20 15:30:00+00:00,79.80999755859375,80.0,79.75,79.97000122070312,409
2026-04-20 15:45:00+00:00,79.91999816894531,79.95999908447266,79.7249984741211,79.76000213623047,309
2026-04-20 16:00:00+00:00,79.93499755859375,79.94499969482422,79.73500061035156,79.90499877929688,340
2026-04-20 16:15:00+00:00,79.98999786376953,80.03500366210938,79.81500244140625,79.92500305175781,361
2026-04-20 16:30:00+00:00,79.91999816894531,80.0250015258789,79.80000305175781,80.01000213623047,468
2026-04-20 16:45:00+00:00,79.9749984741211,80.04499816894531,79.8949966430664,79.90499877929688,381
2026-04-20 17:00:00+00:00,80.06999969482422,80.12000274658203,79.94000244140625,79.9749984741211,480
2026-04-20 17:15:00+00:00,79.86499786376953,80.19000244140625,79.81999969482422,80.07499694824219,1502
2026-04-20 17:30:00+00:00,79.83999633789062,79.94999694824219,79.71499633789062,79.84500122070312,892
2026-04-20 17:45:00+00:00,79.7300033569336,79.86499786376953,79.66500091552734,79.83999633789062,408
2026-04-20 18:00:00+00:00,79.96499633789062,79.96499633789062,79.75499725341797,79.75499725341797,361
2026-04-20 18:15:00+00:00,79.93499755859375,80.04000091552734,79.875,79.97000122070312,216
2026-04-20 18:30:00+00:00,80.0199966430664,80.05000305175781,79.87000274658203,79.92500305175781,217
2026-04-20 18:45:00+00:00,79.96499633789062,80.0999984741211,79.94999694824219,80.0199966430664,144
2026-04-20 19:00:00+00:00,80.16500091552734,80.18499755859375,79.9749984741211,80.01000213623047,202
2026-04-20 19:15:00+00:00,79.96499633789062,80.13500213623047,79.96499633789062,80.13500213623047,128
2026-04-20 19:30:00+00:00,79.81999969482422,79.97000122070312,79.73500061035156,79.95500183105469,276
2026-04-20 19:45:00+00:00,79.87999725341797,79.94999694824219,79.80500030517578,79.80500030517578,278
2026-04-20 20:00:00+00:00,79.79499816894531,79.88999938964844,79.75,79.875,100
2026-04-20 20:15:00+00:00,79.86000061035156,79.8949966430664,79.77999877929688,79.79499816894531,107
2026-04-20 20:30:00+00:00,79.8550033569336,79.87000274658203,79.76499938964844,79.8499984741211,152
2026-04-20 20:45:00+00:00,79.87000274658203,79.93499755859375,79.80999755859375,79.83999633789062,165
2026-04-20 22:00:00+00:00,80.16999816894531,80.19999694824219,79.77999877929688,79.84500122070312,133
2026-04-20 22:15:00+00:00,80.18000030517578,80.37999725341797,80.1500015258789,80.1500015258789,315
2026-04-20 22:30:00+00:00,80.22000122070312,80.22000122070312,80.07499694824219,80.16500091552734,94
2026-04-20 22:45:00+00:00,80.21499633789062,80.24500274658203,80.15499877929688,80.23999786376953,38
2026-04-20 23:00:00+00:00,80.08000183105469,80.26499938964844,79.98500061035156,80.19999694824219,136
2026-04-20 23:15:00+00:00,80.1500015258789,80.1500015258789,80.01000213623047,80.04000091552734,53
2026-04-20 23:30:00+00:00,80.05000305175781,80.11000061035156,80.05000305175781,80.11000061035156,8
2026-04-20 23:45:00+00:00,80.0199966430664,80.05000305175781,79.94499969482422,80.01000213623047,68
2026-04-21 00:00:00+00:00,80.0199966430664,80.1500015258789,79.95500183105469,79.99500274658203,131
2026-04-21 00:15:00+00:00,79.70500183105469,80.08499908447266,79.69499969482422,80.0,183
2026-04-21 00:30:00+00:00,79.88999938964844,79.88999938964844,79.57499694824219,79.7249984741211,158
2026-04-21 00:45:00+00:00,80.0,80.0250015258789,79.82499694824219,79.8949966430664,157
2026-04-21 01:00:00+00:00,79.5250015258789,80.06999969482422,79.46499633789062,80.0,488
2026-04-21 01:15:00+00:00,79.76499938964844,79.76499938964844,79.4800033569336,79.50499725341797,233
2026-04-21 01:30:00+00:00,79.5,79.82499694824219,79.25499725341797,79.74500274658203,395
2026-04-21 01:45:00+00:00,79.48999786376953,79.48999786376953,79.16500091552734,79.4800033569336,245
2026-04-21 02:00:00+00:00,79.42500305175781,79.54000091552734,79.4000015258789,79.47000122070312,153
2026-04-21 02:15:00+00:00,79.49500274658203,79.5199966430664,79.33999633789062,79.44000244140625,105
2026-04-21 02:30:00+00:00,79.41000366210938,79.5199966430664,79.22000122070312,79.48500061035156,219
2026-04-21 02:45:00+00:00,79.30999755859375,79.38500213623047,79.07499694824219,79.38500213623047,227
2026-04-21 03:00:00+00:00,78.98500061035156,79.32499694824219,78.90499877929688,79.31999969482422,278
2026-04-21 03:15:00+00:00,78.93499755859375,79.0199966430664,78.58999633789062,78.9800033569336,680
2026-04-21 03:30:00+00:00,78.97000122070312,79.05500030517578,78.83999633789062,78.95999908447266,174
2026-04-21 03:45:00+00:00,78.95500183105469,79.04499816894531,78.91999816894531,78.9800033569336,66
2026-04-21 04:00:00+00:00,78.98999786376953,79.05500030517578,78.95500183105469,78.9800033569336,76
2026-04-21 04:15:00+00:00,78.95999908447266,79.0199966430664,78.91000366210938,78.95500183105469,96
2026-04-21 04:30:00+00:00,78.96499633789062,79.00499725341797,78.8550033569336,78.92500305175781,94
2026-04-21 04:45:00+00:00,78.94999694824219,78.9800033569336,78.86499786376953,78.97000122070312,81
2026-04-21 05:00:00+00:00,79.09500122070312,79.16000366210938,78.88500213623047,78.91999816894531,186
2026-04-21 05:15:00+00:00,79.08999633789062,79.16999816894531,79.05500030517578,79.12000274658203,101
2026-04-21 05:30:00+00:00,79.34500122070312,79.36499786376953,79.06500244140625,79.08000183105469,175
2026-04-21 05:45:00+00:00,78.93000030517578,79.33999633789062,78.9000015258789,79.31500244140625,316
2026-04-21 06:00:00+00:00,78.91999816894531,79.04000091552734,78.7300033569336,78.9000015258789,286
2026-04-21 06:15:00+00:00,78.7750015258789,78.8949966430664,78.70999908447266,78.88999938964844,159
2026-04-21 06:30:00+00:00,79.0250015258789,80.03800201416016,78.875,80.03800201416016,201
2026-04-21 06:45:00+00:00,78.94499969482422,79.125,78.92500305175781,79.0,171
2026-04-21 07:00:00+00:00,78.94499969482422,79.0199966430664,78.6500015258789,78.92500305175781,297
2026-04-21 07:15:00+00:00,79.00499725341797,79.06999969482422,78.95999908447266,78.98999786376953,211
2026-04-21 07:30:00+00:00,79.17500305175781,79.20500183105469,78.9749984741211,79.01000213623047,212
2026-04-21 07:45:00+00:00,79.08000183105469,79.3949966430664,79.06999969482422,79.1500015258789,264
2026-04-21 08:00:00+00:00,78.66000366210938,79.13500213623047,78.56500244140625,79.06999969482422,406
2026-04-21 08:15:00+00:00,79.04499816894531,79.07499694824219,78.66500091552734,78.69000244140625,149
2026-04-21 08:30:00+00:00,79.15499877929688,79.17500305175781,78.94999694824219,79.04499816894531,107
2026-04-21 08:45:00+00:00,78.91999816894531,79.1500015258789,78.91999816894531,79.1500015258789,586
2026-04-21 09:00:00+00:00,78.83000183105469,78.94000244140625,78.69999694824219,78.91000366210938,540
2026-04-21 09:15:00+00:00,78.88999938964844,78.99500274658203,78.80500030517578,78.80999755859375,100
2026-04-21 09:30:00+00:00,78.94999694824219,78.97000122070312,78.88999938964844,78.88999938964844,113
2026-04-21 09:45:00+00:00,79.00499725341797,79.06500244140625,78.9000015258789,78.96499633789062,135
2026-04-21 10:00:00+00:00,79.01000213623047,79.0999984741211,78.98500061035156,78.98500061035156,79
2026-04-21 10:15:00+00:00,78.95500183105469,79.05999755859375,78.93000030517578,79.0250015258789,89
2026-04-21 10:30:00+00:00,79.04499816894531,79.0999984741211,78.97000122070312,78.97000122070312,93
2026-04-21 10:45:00+00:00,79.08000183105469,79.1449966430664,79.0199966430664,79.04000091552734,54
2026-04-21 11:00:00+00:00,78.73500061035156,79.09500122070312,78.625,79.09500122070312,583
2026-04-21 11:15:00+00:00,78.8550033569336,78.87000274658203,78.73500061035156,78.7750015258789,109
2026-04-21 11:30:00+00:00,79.17500305175781,79.23999786376953,78.86499786376953,78.86499786376953,272
2026-04-21 11:45:00+00:00,79.26000213623047,79.36499786376953,79.125,79.17500305175781,351
2026-04-21 12:00:00+00:00,79.16000366210938,79.31500244140625,79.1500015258789,79.2699966430664,426
2026-04-21 12:15:00+00:00,78.83999633789062,79.16999816894531,78.73999786376953,79.16500091552734,554
2026-04-21 12:30:00+00:00,78.61000061035156,79.0250015258789,78.4000015258789,78.84500122070312,1419
2026-04-21 12:45:00+00:00,78.83000183105469,78.99500274658203,78.58499908447266,78.63500213623047,1094
2026-04-21 13:00:00+00:00,78.22000122070312,78.94000244140625,78.16999816894531,78.83999633789062,1855
2026-04-21 13:15:00+00:00,78.50499725341797,78.5199966430664,78.18000030517578,78.2699966430664,1207
2026-04-21 13:30:00+00:00,78.91500091552734,79.11000061035156,78.45999908447266,78.4749984741211,1684
2026-04-21 13:45:00+00:00,78.80500030517578,79.06999969482422,78.7750015258789,78.9000015258789,748
2026-04-21 14:00:00+00:00,78.78500366210938,78.94499969482422,78.68000030517578,78.80500030517578,858
2026-04-21 14:15:00+00:00,78.53500366210938,78.80000305175781,78.40499877929688,78.79499816894531,1018
2026-04-21 14:30:00+00:00,77.67500305175781,78.57499694824219,77.55000305175781,78.52999877929688,2533
2026-04-21 14:45:00+00:00,76.88500213623047,77.75499725341797,76.76499938964844,77.69499969482422,4350
2026-04-21 15:00:00+00:00,77.20999908447266,77.2750015258789,76.69999694824219,76.94999694824219,2409
2026-04-21 15:15:00+00:00,77.0199966430664,77.45500183105469,76.9800033569336,77.18499755859375,1149
2026-04-21 15:30:00+00:00,77.04000091552734,77.08499908447266,76.78500366210938,77.04000091552734,787
2026-04-21 15:45:00+00:00,77.00499725341797,77.1500015258789,76.91000366210938,77.03500366210938,731
2026-04-21 16:00:00+00:00,76.83499908447266,77.30500030517578,76.7249984741211,77.08000183105469,1068
2026-04-21 16:15:00+00:00,76.5,76.96499633789062,76.37999725341797,76.8499984741211,1275
2026-04-21 16:30:00+00:00,76.68000030517578,76.83999633789062,76.51000213623047,76.51000213623047,1036
2026-04-21 16:45:00+00:00,76.36000061035156,76.79000091552734,76.08499908447266,76.69499969482422,1212
2026-04-21 17:00:00+00:00,76.31500244140625,76.56999969482422,76.19499969482422,76.3550033569336,1521
2026-04-21 17:15:00+00:00,76.38500213623047,76.61499786376953,76.23500061035156,76.33000183105469,2143
2026-04-21 17:30:00+00:00,76.90499877929688,76.98500061035156,76.375,76.38500213623047,1004
2026-04-21 17:45:00+00:00,76.78500366210938,76.9000015258789,76.62999725341797,76.88500213623047,307
2026-04-21 18:00:00+00:00,76.6500015258789,76.86000061035156,76.56999969482422,76.79000091552734,486
2026-04-21 18:15:00+00:00,76.54000091552734,76.68499755859375,76.41000366210938,76.68499755859375,442
2026-04-21 18:30:00+00:00,76.58499908447266,76.6500015258789,76.53500366210938,76.54000091552734,308
2026-04-21 18:45:00+00:00,76.81999969482422,76.91000366210938,76.44000244140625,76.58000183105469,547
2026-04-21 19:00:00+00:00,76.7750015258789,76.95999908447266,76.68499755859375,76.82499694824219,365
2026-04-21 19:15:00+00:00,77.07499694824219,77.07499694824219,76.71499633789062,76.79499816894531,747
2026-04-21 19:30:00+00:00,75.625,77.12000274658203,75.53500366210938,77.08000183105469,1997
2026-04-21 19:45:00+00:00,75.74500274658203,76.0,75.55000305175781,75.6500015258789,1135
2026-04-21 20:00:00+00:00,76.23500061035156,76.5199966430664,75.37999725341797,75.73500061035156,1277
2026-04-21 20:15:00+00:00,76.5250015258789,76.62999725341797,76.19000244140625,76.32499694824219,582
2026-04-21 20:30:00+00:00,76.58000183105469,76.69999694824219,76.55000305175781,76.55500030517578,123
2026-04-21 20:45:00+00:00,76.66500091552734,76.83499908447266,76.5250015258789,76.61000061035156,242
2026-04-21 22:00:00+00:00,76.88999938964844,77.06999969482422,76.61499786376953,76.83999633789062,114
2026-04-21 22:15:00+00:00,76.9000015258789,76.94499969482422,76.82499694824219,76.8949966430664,96
2026-04-21 22:30:00+00:00,76.76000213623047,76.94499969482422,76.69499969482422,76.92500305175781,71
2026-04-21 22:45:00+00:00,76.76499938964844,76.83999633789062,76.71499633789062,76.76000213623047,74
2026-04-21 23:00:00+00:00,77.03500366210938,77.11499786376953,76.76000213623047,76.76000213623047,118
2026-04-21 23:15:00+00:00,77.19999694824219,77.32499694824219,77.01499938964844,77.0250015258789,448
2026-04-21 23:30:00+00:00,77.18499755859375,77.2249984741211,77.11000061035156,77.19499969482422,66
2026-04-21 23:45:00+00:00,77.31500244140625,77.38999938964844,77.22000122070312,77.22000122070312,181
2026-04-22 00:00:00+00:00,77.44000244140625,77.52999877929688,77.33000183105469,77.34500122070312,457
2026-04-22 00:15:00+00:00,77.55000305175781,77.55500030517578,77.3499984741211,77.4000015258789,288
2026-04-22 00:30:00+00:00,77.45999908447266,77.69499969482422,77.44499969482422,77.53500366210938,146
2026-04-22 00:45:00+00:00,77.43000030517578,77.51000213623047,77.33999633789062,77.47000122070312,193
2026-04-22 01:00:00+00:00,77.44499969482422,77.66999816894531,77.33999633789062,77.43000030517578,345
2026-04-22 01:15:00+00:00,77.6449966430664,77.82499694824219,77.41000366210938,77.41000366210938,262
2026-04-22 01:30:00+00:00,77.69000244140625,77.8949966430664,77.66500091552734,77.66500091552734,241
2026-04-22 01:45:00+00:00,77.56500244140625,77.7249984741211,77.55000305175781,77.65499877929688,475
2026-04-22 02:00:00+00:00,77.83999633789062,77.93000030517578,77.52999877929688,77.59500122070312,533
2026-04-22 02:15:00+00:00,77.79000091552734,77.92500305175781,77.76499938964844,77.8550033569336,67
2026-04-22 02:30:00+00:00,77.68499755859375,77.88500213623047,77.63500213623047,77.83999633789062,217
2026-04-22 02:45:00+00:00,77.84500122070312,77.86499786376953,77.68499755859375,77.68499755859375,97
2026-04-22 03:00:00+00:00,78.0999984741211,78.1050033569336,77.76000213623047,77.7699966430664,411
2026-04-22 03:15:00+00:00,78.16999816894531,78.18499755859375,78.0199966430664,78.06500244140625,328
2026-04-22 03:30:00+00:00,78.06999969482422,78.23999786376953,78.00499725341797,78.16500091552734,166
2026-04-22 03:45:00+00:00,78.08499908447266,78.12000274658203,77.99500274658203,78.09500122070312,46
2026-04-22 04:00:00+00:00,78.0,78.08499908447266,77.93499755859375,78.0199966430664,134
2026-04-22 04:15:00+00:00,77.93000030517578,77.9800033569336,77.9000015258789,77.94499969482422,96
2026-04-22 04:30:00+00:00,77.86499786376953,77.94999694824219,77.83999633789062,77.93000030517578,122
2026-04-22 04:45:00+00:00,77.97000122070312,77.99500274658203,77.80500030517578,77.8499984741211,173
2026-04-22 05:00:00+00:00,78.08499908447266,78.12000274658203,77.91999816894531,77.95500183105469,138
2026-04-22 05:15:00+00:00,78.37999725341797,78.6050033569336,78.08000183105469,78.08000183105469,650
2026-04-22 05:30:00+00:00,78.54499816894531,78.62999725341797,78.2750015258789,78.37999725341797,364
2026-04-22 05:45:00+00:00,78.47000122070312,78.59500122070312,78.43499755859375,78.5199966430664,151
2026-04-22 06:00:00+00:00,78.3550033569336,78.45500183105469,78.2249984741211,78.44999694824219,245
2026-04-22 06:15:00+00:00,78.55000305175781,78.55500030517578,78.28500366210938,78.37000274658203,187
2026-04-22 06:30:00+00:00,78.45999908447266,78.55999755859375,78.41999816894531,78.54499816894531,133
2026-04-22 06:45:00+00:00,78.54499816894531,78.55500030517578,78.44499969482422,78.44499969482422,148
2026-04-22 07:00:00+00:00,78.4800033569336,78.59500122070312,78.45500183105469,78.52999877929688,117
2026-04-22 07:15:00+00:00,78.51000213623047,78.53500366210938,78.33000183105469,78.46499633789062,681
2026-04-22 07:30:00+00:00,78.41999816894531,78.4749984741211,78.33999633789062,78.47000122070312,137
2026-04-22 07:45:00+00:00,78.30000305175781,78.44499969482422,78.29000091552734,78.44000244140625,217
2026-04-22 08:00:00+00:00,78.20999908447266,78.33000183105469,78.1500015258789,78.30500030517578,286
2026-04-22 08:15:00+00:00,78.04000091552734,78.23500061035156,78.01499938964844,78.19999694824219,353
2026-04-22 08:30:00+00:00,78.07499694824219,78.17500305175781,77.9749984741211,78.04000091552734,495
2026-04-22 08:45:00+00:00,78.15499877929688,78.16000366210938,77.9800033569336,78.08999633789062,153
2026-04-22 09:00:00+00:00,78.20999908447266,78.30000305175781,78.11000061035156,78.13500213623047,304
2026-04-22 09:15:00+00:00,78.125,78.26499938964844,78.125,78.23500061035156,204
2026-04-22 09:30:00+00:00,78.11000061035156,78.19999694824219,78.01000213623047,78.0999984741211,180
2026-04-22 09:45:00+00:00,77.94000244140625,78.12000274658203,77.87999725341797,78.12000274658203,244
2026-04-22 10:00:00+00:00,77.79000091552734,78.0250015258789,77.69499969482422,77.9800033569336,358
2026-04-22 10:15:00+00:00,77.94499969482422,77.95500183105469,77.7699966430664,77.77999877929688,355
2026-04-22 10:30:00+00:00,77.9800033569336,78.13500213623047,77.94499969482422,77.97000122070312,227
2026-04-22 10:45:00+00:00,78.08000183105469,78.08000183105469,77.94999694824219,77.98500061035156,157
2026-04-22 11:00:00+00:00,78.04000091552734,78.1449966430664,78.0,78.08499908447266,200
2026-04-22 11:15:00+00:00,78.1449966430664,78.20999908447266,78.04499816894531,78.08499908447266,176
2026-04-22 11:30:00+00:00,77.9749984741211,78.24500274658203,77.97000122070312,78.19000244140625,191
2026-04-22 11:45:00+00:00,78.06500244140625,78.18499755859375,78.0,78.0,228
2026-04-22 12:00:00+00:00,78.16999816894531,78.31999969482422,78.08499908447266,78.08499908447266,593
2026-04-22 12:15:00+00:00,77.99500274658203,78.22000122070312,77.95500183105469,78.13500213623047,469
2026-04-22 12:30:00+00:00,77.73500061035156,78.0250015258789,77.70500183105469,77.98999786376953,614
2026-04-22 12:45:00+00:00,77.72000122070312,77.79000091552734,77.59500122070312,77.7300033569336,590
2026-04-22 13:00:00+00:00,77.73999786376953,77.94499969482422,77.56500244140625,77.70999908447266,1078
2026-04-22 13:15:00+00:00,78.0199966430664,78.02999877929688,77.41999816894531,77.75,1307
2026-04-22 13:30:00+00:00,78.125,78.125,77.7699966430664,78.02999877929688,845
2026-04-22 13:45:00+00:00,78.21499633789062,78.33999633789062,78.08499908447266,78.0999984741211,1136
2026-04-22 14:00:00+00:00,78.26499938964844,78.38999938964844,78.07499694824219,78.19999694824219,702
2026-04-22 14:15:00+00:00,78.13500213623047,78.47000122070312,78.13500213623047,78.26499938964844,811
2026-04-22 14:30:00+00:00,77.79000091552734,78.16500091552734,77.74500274658203,78.16000366210938,1004
2026-04-22 14:45:00+00:00,77.83000183105469,77.99500274658203,77.74500274658203,77.78500366210938,662
2026-04-22 15:00:00+00:00,78.12000274658203,78.18499755859375,77.81999969482422,77.8550033569336,640
2026-04-22 15:15:00+00:00,78.0250015258789,78.1050033569336,77.88500213623047,78.1050033569336,504
2026-04-22 15:30:00+00:00,77.73999786376953,78.06999969482422,77.70999908447266,78.00499725341797,696
2026-04-22 15:45:00+00:00,77.8499984741211,77.94000244140625,77.73999786376953,77.74500274658203,516
2026-04-22 16:00:00+00:00,77.96499633789062,78.00499725341797,77.80999755859375,77.86000061035156,355
2026-04-22 16:15:00+00:00,77.80999755859375,77.94499969482422,77.78500366210938,77.94499969482422,278
2026-04-22 16:30:00+00:00,77.76000213623047,77.875,77.6449966430664,77.79000091552734,507
2026-04-22 16:45:00+00:00,77.69499969482422,77.7750015258789,77.58499908447266,77.74500274658203,524
2026-04-22 17:00:00+00:00,77.9800033569336,78.08999633789062,77.69000244140625,77.69000244140625,1033
2026-04-22 17:15:00+00:00,77.86499786376953,78.06999969482422,77.80999755859375,77.9749984741211,1696
2026-04-22 17:30:00+00:00,77.8550033569336,77.9000015258789,77.77999877929688,77.86499786376953,332
2026-04-22 17:45:00+00:00,77.91999816894531,77.95999908447266,77.80000305175781,77.87000274658203,159
2026-04-22 18:00:00+00:00,77.91000366210938,77.96499633789062,77.8550033569336,77.88500213623047,111
2026-04-22 18:15:00+00:00,77.75499725341797,77.9000015258789,77.7249984741211,77.8949966430664,151
2026-04-22 18:30:00+00:00,77.87999725341797,77.9000015258789,77.72000122070312,77.75,135
2026-04-22 18:45:00+00:00,77.90499877929688,78.03500366210938,77.86000061035156,77.87999725341797,274
2026-04-22 19:00:00+00:00,77.70999908447266,77.83999633789062,77.70500183105469,77.83999633789062,121
2026-04-22 19:15:00+00:00,77.77999877929688,77.80999755859375,77.66999816894531,77.7300033569336,146
2026-04-22 19:30:00+00:00,77.7249984741211,77.80500030517578,77.66000366210938,77.75,103
2026-04-22 19:45:00+00:00,77.77999877929688,77.83000183105469,77.66000366210938,77.73500061035156,198
2026-04-22 20:00:00+00:00,77.66999816894531,77.80999755859375,77.6500015258789,77.76499938964844,84
2026-04-22 20:15:00+00:00,77.6449966430664,77.69999694824219,77.57499694824219,77.6500015258789,98
2026-04-22 20:30:00+00:00,77.69000244140625,77.73500061035156,77.625,77.66500091552734,83
2026-04-22 20:45:00+00:00,77.68499755859375,77.7699966430664,77.68499755859375,77.69499969482422,89
2026-04-22 22:00:00+00:00,77.58000183105469,77.8949966430664,77.55999755859375,77.83999633789062,51
2026-04-22 22:15:00+00:00,77.58499908447266,77.69499969482422,77.58499908447266,77.6050033569336,150
2026-04-22 22:30:00+00:00,77.55000305175781,77.63999938964844,77.51499938964844,77.58499908447266,26
2026-04-22 22:45:00+00:00,77.4800033569336,77.61000061035156,77.41500091552734,77.54499816894531,79
2026-04-22 23:00:00+00:00,77.50499725341797,77.58000183105469,77.44999694824219,77.48999786376953,99
2026-04-22 23:15:00+00:00,77.48999786376953,77.59500122070312,77.44999694824219,77.51499938964844,81
2026-04-22 23:30:00+00:00,77.44999694824219,77.4749984741211,77.38999938964844,77.4749984741211,43
2026-04-22 23:45:00+00:00,77.5250015258789,77.55000305175781,77.44499969482422,77.44999694824219,52
2026-04-23 00:00:00+00:00,76.58000183105469,77.55500030517578,76.58000183105469,77.53500366210938,751
2026-04-23 00:15:00+00:00,77.80999755859375,77.80999755859375,76.375,76.6050033569336,1457
2026-04-23 00:30:00+00:00,78.09500122070312,78.33000183105469,77.79000091552734,77.79000091552734,931
2026-04-23 00:45:00+00:00,78.20999908447266,78.40499877929688,78.05999755859375,78.06500244140625,269
2026-04-23 01:00:00+00:00,77.98500061035156,78.3499984741211,77.93499755859375,78.20500183105469,451
2026-04-23 01:15:00+00:00,77.5,78.0,77.49500274658203,77.95999908447266,563
2026-04-23 01:30:00+00:00,77.66999816894531,77.73500061035156,77.41500091552734,77.48500061035156,287
2026-04-23 01:45:00+00:00,77.04000091552734,77.7699966430664,77.0,77.69499969482422,539
2026-04-23 02:00:00+00:00,76.74500274658203,77.03500366210938,76.625,77.02999877929688,597
2026-04-23 02:15:00+00:00,76.86499786376953,77.04499816894531,76.6500015258789,76.69999694824219,215
2026-04-23 02:30:00+00:00,76.16500091552734,76.92500305175781,76.06500244140625,76.8550033569336,1137
2026-04-23 02:45:00+00:00,75.7699966430664,76.29499816894531,75.75,76.17500305175781,919
2026-04-23 03:00:00+00:00,75.81999969482422,76.12000274658203,75.65499877929688,75.7699966430664,508
2026-04-23 03:15:00+00:00,75.70999908447266,75.95500183105469,75.5999984741211,75.81500244140625,466
2026-04-23 03:30:00+00:00,76.1449966430664,76.30000305175781,75.74500274658203,75.75,642
2026-04-23 03:45:00+00:00,76.06999969482422,76.18499755859375,75.97000122070312,76.11000061035156,171
2026-04-23 04:00:00+00:00,76.20500183105469,76.25,76.01000213623047,76.06999969482422,186
2026-04-23 04:15:00+00:00,76.1050033569336,76.22000122070312,76.03500366210938,76.21499633789062,192
2026-04-23 04:30:00+00:00,76.01000213623047,76.16000366210938,76.01000213623047,76.08000183105469,111
2026-04-23 04:45:00+00:00,76.16000366210938,76.16999816894531,75.92500305175781,75.99500274658203,174
2026-04-23 05:00:00+00:00,76.20500183105469,76.30000305175781,76.125,76.16000366210938,260
2026-04-23 05:15:00+00:00,76.03500366210938,76.20999908447266,76.00499725341797,76.20999908447266,133
2026-04-23 05:30:00+00:00,75.875,76.08000183105469,75.54000091552734,76.03500366210938,671
2026-04-23 05:45:00+00:00,76.19999694824219,76.26000213623047,75.87999725341797,75.88999938964844,331
2026-04-23 06:00:00+00:00,75.9749984741211,76.26499938964844,75.90499877929688,76.2249984741211,512
2026-04-23 06:15:00+00:00,76.01000213623047,76.06500244140625,75.75499725341797,75.9749984741211,856
2026-04-23 06:30:00+00:00,76.05999755859375,76.0999984741211,75.90499877929688,76.01499938964844,318
2026-04-23 06:45:00+00:00,76.08499908447266,76.2300033569336,76.01499938964844,76.01499938964844,236
2026-04-23 07:00:00+00:00,75.96499633789062,76.1050033569336,75.90499877929688,76.08499908447266,411
2026-04-23 07:15:00+00:00,75.80000305175781,76.05999755859375,75.7699966430664,75.95500183105469,212
2026-04-23 07:30:00+00:00,76.03500366210938,76.05000305175781,75.70999908447266,75.77999877929688,552
2026-04-23 07:45:00+00:00,76.16999816894531,76.33499908447266,76.06999969482422,76.08999633789062,409
2026-04-23 08:00:00+00:00,76.11499786376953,76.2699966430664,76.05000305175781,76.21499633789062,354
2026-04-23 08:15:00+00:00,75.9749984741211,76.16999816894531,75.95999908447266,76.11499786376953,191
2026-04-23 08:30:00+00:00,75.58499908447266,76.0,75.58499908447266,76.0,389
2026-04-23 08:45:00+00:00,75.61499786376953,75.71499633789062,75.44000244140625,75.59500122070312,542
2026-04-23 09:00:00+00:00,75.17500305175781,75.6050033569336,75.07499694824219,75.58499908447266,1054
2026-04-23 09:15:00+00:00,75.5,75.54499816894531,75.1050033569336,75.16500091552734,565
2026-04-23 09:30:00+00:00,75.51499938964844,75.5999984741211,75.44999694824219,75.49500274658203,285
2026-04-23 09:45:00+00:00,75.40499877929688,75.55500030517578,75.30999755859375,75.55500030517578,385
2026-04-23 10:00:00+00:00,74.94499969482422,75.4749984741211,74.87000274658203,75.40499877929688,485
2026-04-23 10:15:00+00:00,74.29000091552734,75.05000305175781,74.29000091552734,74.95999908447266,1674
2026-04-23 10:30:00+00:00,74.47000122070312,74.52999877929688,74.2300033569336,74.30000305175781,1299
2026-04-23 10:45:00+00:00,74.58499908447266,74.5999984741211,74.30500030517578,74.46499633789062,598
2026-04-23 11:00:00+00:00,74.55000305175781,74.72000122070312,74.48999786376953,74.5999984741211,638
2026-04-23 11:15:00+00:00,74.6500015258789,74.79499816894531,74.5250015258789,74.54000091552734,688
2026-04-23 11:30:00+00:00,75.07499694824219,75.08000183105469,74.58999633789062,74.67500305175781,746
2026-04-23 11:45:00+00:00,75.53500366210938,75.65499877929688,75.04000091552734,75.04000091552734,780
2026-04-23 12:00:00+00:00,76.26000213623047,76.375,75.49500274658203,75.50499725341797,1582
2026-04-23 12:15:00+00:00,76.79499816894531,76.79499816894531,76.21499633789062,76.25,2001
2026-04-23 12:30:00+00:00,76.91500091552734,77.07499694824219,76.76000213623047,76.79499816894531,1704
2026-04-23 12:45:00+00:00,76.88999938964844,77.02999877929688,76.66000366210938,76.91000366210938,2117
2026-04-23 13:00:00+00:00,76.36499786376953,77.00499725341797,76.30500030517578,76.91000366210938,1995
2026-04-23 13:15:00+00:00,76.0250015258789,76.47000122070312,76.00499725341797,76.43000030517578,1451
2026-04-23 13:30:00+00:00,76.37000274658203,76.49500274658203,75.77999877929688,76.0250015258789,1827
2026-04-23 13:45:00+00:00,75.94000244140625,76.48500061035156,75.94000244140625,76.33499908447266,1098
2026-04-23 14:00:00+00:00,75.87000274658203,75.95999908447266,75.5250015258789,75.94999694824219,1377
2026-04-23 14:15:00+00:00,76.24500274658203,76.31500244140625,75.87999725341797,75.87999725341797,1100
2026-04-23 14:30:00+00:00,76.26499938964844,76.4000015258789,76.0999984741211,76.2300033569336,843
2026-04-23 14:45:00+00:00,76.21499633789062,76.37000274658203,76.125,76.28500366210938,494
2026-04-23 15:00:00+00:00,76.12999725341797,76.27999877929688,75.99500274658203,76.27999877929688,548
2026-04-23 15:15:00+00:00,76.25,76.51499938964844,76.11000061035156,76.15499877929688,836
2026-04-23 15:30:00+00:00,76.04499816894531,76.31999969482422,76.04499816894531,76.23500061035156,484
2026-04-23 15:45:00+00:00,76.05999755859375,76.11000061035156,75.79000091552734,76.04000091552734,794
2026-04-23 16:00:00+00:00,76.11499786376953,76.20500183105469,75.93000030517578,76.04499816894531,475
2026-04-23 16:15:00+00:00,76.19499969482422,76.25,76.12999725341797,76.12999725341797,519
2026-04-23 16:30:00+00:00,76.40499877929688,76.43000030517578,76.15499877929688,76.17500305175781,614
2026-04-23 16:45:00+00:00,76.37000274658203,76.5199966430664,76.31999969482422,76.42500305175781,527
2026-04-23 17:00:00+00:00,75.78500366210938,76.41500091552734,75.55999755859375,76.36499786376953,1778
2026-04-23 17:15:00+00:00,75.4749984741211,75.83000183105469,75.3499984741211,75.77999877929688,3503
2026-04-23 17:30:00+00:00,74.91500091552734,75.70999908447266,74.79000091552734,75.48500061035156,1889
2026-04-23 17:45:00+00:00,75.66000366210938,75.69499969482422,74.58499908447266,74.86000061035156,2404
2026-04-23 18:00:00+00:00,75.91000366210938,76.08499908447266,75.62000274658203,75.68000030517578,1215
2026-04-23 18:15:00+00:00,76.05500030517578,76.08000183105469,75.82499694824219,75.91500091552734,356
2026-04-23 18:30:00+00:00,75.8949966430664,76.1500015258789,75.7750015258789,76.06500244140625,312
2026-04-23 18:45:00+00:00,75.56500244140625,75.9000015258789,75.51000213623047,75.9000015258789,504
2026-04-23 19:00:00+00:00,75.65499877929688,75.7249984741211,75.43000030517578,75.56999969482422,323
2026-04-23 19:15:00+00:00,75.7750015258789,75.81500244140625,75.65499877929688,75.66500091552734,302
2026-04-23 19:30:00+00:00,75.4749984741211,75.82499694824219,75.41500091552734,75.75499725341797,266
2026-04-23 19:45:00+00:00,75.55500030517578,75.68000030517578,75.38999938964844,75.46499633789062,277
2026-04-23 20:00:00+00:00,75.3499984741211,75.59500122070312,75.3499984741211,75.54499816894531,120
2026-04-23 20:15:00+00:00,75.3949966430664,75.41000366210938,75.23500061035156,75.34500122070312,60
2026-04-23 20:30:00+00:00,75.44999694824219,75.45500183105469,75.37000274658203,75.3949966430664,95
2026-04-23 20:45:00+00:00,75.45999908447266,75.4749984741211,75.3499984741211,75.44000244140625,127
2026-04-23 22:00:00+00:00,75.67500305175781,75.80000305175781,75.4800033569336,75.55500030517578,56
2026-04-23 22:15:00+00:00,75.43499755859375,75.6449966430664,75.3550033569336,75.61499786376953,161
2026-04-23 22:30:00+00:00,75.45500183105469,75.6500015258789,75.44000244140625,75.45500183105469,92
2026-04-23 22:45:00+00:00,75.41500091552734,75.49500274658203,75.31500244140625,75.49500274658203,63
2026-04-23 23:00:00+00:00,75.33000183105469,75.48999786376953,75.2750015258789,75.42500305175781,26
2026-04-23 23:15:00+00:00,75.47000122070312,75.47000122070312,75.23999786376953,75.31500244140625,54
2026-04-23 23:30:00+00:00,75.58999633789062,75.68499755859375,75.48999786376953,75.51000213623047,60
2026-04-23 23:45:00+00:00,75.45500183105469,75.69499969482422,75.45500183105469,75.63999938964844,61
2026-04-24 00:00:00+00:00,75.53500366210938,75.7249984741211,75.41999816894531,75.58000183105469,91
2026-04-24 00:15:00+00:00,75.86499786376953,75.8949966430664,75.54000091552734,75.65499877929688,126
2026-04-24 00:30:00+00:00,75.62000274658203,75.94000244140625,75.62000274658203,75.87000274658203,57
2026-04-24 00:45:00+00:00,75.7750015258789,75.81500244140625,75.47000122070312,75.6500015258789,157
2026-04-24 01:00:00+00:00,75.75,75.88999938964844,75.30500030517578,75.7750015258789,311
2026-04-24 01:15:00+00:00,75.36499786376953,75.84500122070312,75.36499786376953,75.75,205
2026-04-24 01:30:00+00:00,75.11000061035156,75.48999786376953,75.05000305175781,75.375,411
2026-04-24 01:45:00+00:00,75.59500122070312,75.62999725341797,75.125,75.125,199
2026-04-24 02:00:00+00:00,75.36499786376953,75.5999984741211,75.23999786376953,75.5999984741211,155
2026-04-24 02:15:00+00:00,75.11499786376953,75.42500305175781,75.05000305175781,75.38500213623047,159
2026-04-24 02:30:00+00:00,75.2249984741211,75.41000366210938,75.03500366210938,75.12000274658203,206
2026-04-24 02:45:00+00:00,74.98999786376953,75.27999877929688,74.8499984741211,75.22000122070312,188
2026-04-24 03:00:00+00:00,74.67500305175781,75.11499786376953,74.66500091552734,74.98999786376953,255
2026-04-24 03:15:00+00:00,74.86499786376953,74.95500183105469,74.71499633789062,74.72000122070312,81
2026-04-24 03:30:00+00:00,74.9000015258789,75.05000305175781,74.7699966430664,74.88999938964844,115
2026-04-24 03:45:00+00:00,74.80999755859375,74.97000122070312,74.80500030517578,74.93499755859375,61
2026-04-24 04:00:00+00:00,74.86000061035156,74.94499969482422,74.66999816894531,74.7699966430664,92
2026-04-24 04:15:00+00:00,74.69499969482422,74.87000274658203,74.6449966430664,74.87000274658203,94
2026-04-24 04:30:00+00:00,74.83000183105469,74.83000183105469,74.68499755859375,74.70500183105469,207
2026-04-24 04:45:00+00:00,75.02999877929688,75.02999877929688,74.8499984741211,74.8499984741211,54
2026-04-24 05:00:00+00:00,74.9000015258789,75.07499694824219,74.80000305175781,75.0199966430664,177
2026-04-24 05:15:00+00:00,74.94499969482422,74.98999786376953,74.8499984741211,74.91999816894531,66
2026-04-24 05:30:00+00:00,74.91999816894531,75.19000244140625,74.88999938964844,74.94000244140625,211
2026-04-24 05:45:00+00:00,75.07499694824219,75.08999633789062,74.86000061035156,74.94000244140625,217
2026-04-24 06:00:00+00:00,74.94000244140625,75.0999984741211,74.86499786376953,75.08000183105469,268
2026-04-24 06:15:00+00:00,74.43000030517578,74.94000244140625,74.3499984741211,74.9000015258789,760
2026-04-24 06:30:00+00:00,74.28500366210938,74.55999755859375,74.23999786376953,74.45500183105469,516
2026-04-24 06:45:00+00:00,74.24500274658203,74.34500122070312,73.84500122070312,74.30000305175781,1798
2026-04-24 07:00:00+00:00,74.62000274658203,74.65499877929688,74.19000244140625,74.23500061035156,922
2026-04-24 07:15:00+00:00,74.6050033569336,74.69499969482422,74.52999877929688,74.625,264
2026-04-24 07:30:00+00:00,74.58999633789062,74.65499877929688,74.51000213623047,74.58999633789062,378
2026-04-24 07:45:00+00:00,74.87000274658203,74.88500213623047,74.55500030517578,74.58000183105469,426
2026-04-24 08:00:00+00:00,74.58499908447266,74.87999725341797,74.51000213623047,74.83999633789062,533
2026-04-24 08:15:00+00:00,74.65499877929688,74.94499969482422,74.58000183105469,74.58000183105469,774
2026-04-24 08:30:00+00:00,74.68499755859375,74.7249984741211,74.58000183105469,74.62999725341797,310
2026-04-24 08:45:00+00:00,74.80000305175781,74.86000061035156,74.70999908447266,74.70999908447266,426
2026-04-24 09:00:00+00:00,74.88500213623047,74.93000030517578,74.7750015258789,74.80500030517578,627
2026-04-24 09:15:00+00:00,74.77999877929688,74.91999816894531,74.63999938964844,74.87999725341797,411
2026-04-24 09:30:00+00:00,74.81999969482422,74.8949966430664,74.69999694824219,74.80000305175781,402
2026-04-24 09:45:00+00:00,74.63999938964844,74.83000183105469,74.53500366210938,74.81999969482422,180
2026-04-24 10:00:00+00:00,74.66000366210938,74.72000122070312,74.62999725341797,74.62999725341797,137
2026-04-24 10:15:00+00:00,74.81999969482422,74.86499786376953,74.66500091552734,74.69999694824219,181
2026-04-24 10:30:00+00:00,74.83999633789062,74.875,74.67500305175781,74.80000305175781,178
2026-04-24 10:45:00+00:00,74.78500366210938,74.86000061035156,74.75,74.83499908447266,181
2026-04-24 11:00:00+00:00,75.55000305175781,75.7249984741211,74.7750015258789,74.79000091552734,1407
2026-04-24 11:15:00+00:00,76.18000030517578,76.19499969482422,75.49500274658203,75.56500244140625,1550
2026-04-24 11:30:00+00:00,75.8499984741211,76.2300033569336,75.83499908447266,76.17500305175781,690
2026-04-24 11:45:00+00:00,75.94000244140625,75.95999908447266,75.76000213623047,75.83000183105469,282
2026-04-24 12:00:00+00:00,76.06500244140625,76.125,75.90499877929688,75.94999694824219,763
2026-04-24 12:15:00+00:00,76.06500244140625,76.19999694824219,75.94000244140625,76.06999969482422,868
2026-04-24 12:30:00+00:00,75.59500122070312,76.08499908447266,75.58499908447266,76.06500244140625,667
2026-04-24 12:45:00+00:00,75.55500030517578,75.70999908447266,75.43499755859375,75.57499694824219,955
2026-04-24 13:00:00+00:00,75.58499908447266,75.73999786376953,75.19000244140625,75.56999969482422,1549
2026-04-24 13:15:00+00:00,75.41500091552734,75.69499969482422,75.2750015258789,75.58999633789062,872
2026-04-24 13:30:00+00:00,75.56999969482422,75.6500015258789,75.17500305175781,75.42500305175781,871
2026-04-24 13:45:00+00:00,75.74500274658203,76.06500244140625,75.51000213623047,75.58499908447266,1029
2026-04-24 14:00:00+00:00,76.01499938964844,76.22000122070312,75.5999984741211,75.7249984741211,1584
2026-04-24 14:15:00+00:00,75.90499877929688,76.13500213623047,75.78500366210938,76.0,891
2026-04-24 14:30:00+00:00,76.04000091552734,76.13500213623047,75.82499694824219,75.91500091552734,768
2026-04-24 14:45:00+00:00,75.86499786376953,76.08000183105469,75.79499816894531,76.04000091552734,646
2026-04-24 15:00:00+00:00,75.70999908447266,75.91500091552734,75.6500015258789,75.87000274658203,600
2026-04-24 15:15:00+00:00,75.68499755859375,75.87999725341797,75.59500122070312,75.7300033569336,926
2026-04-24 15:30:00+00:00,76.07499694824219,76.13500213623047,75.62999725341797,75.67500305175781,943
2026-04-24 15:45:00+00:00,76.34500122070312,76.56500244140625,76.08999633789062,76.11499786376953,2090
2026-04-24 16:00:00+00:00,76.11499786376953,76.40499877929688,76.06999969482422,76.33499908447266,618
2026-04-24 16:15:00+00:00,76.16500091552734,76.2249984741211,76.06500244140625,76.06999969482422,382
2026-04-24 16:30:00+00:00,76.19499969482422,76.3499984741211,76.08999633789062,76.19499969482422,494
2026-04-24 16:45:00+00:00,76.375,76.3949966430664,76.13999938964844,76.22000122070312,595
2026-04-24 17:00:00+00:00,76.4800033569336,76.53500366210938,76.36499786376953,76.36499786376953,702
2026-04-24 17:15:00+00:00,76.43499755859375,76.61499786376953,76.24500274658203,76.4749984741211,2592
2026-04-24 17:30:00+00:00,76.45999908447266,76.56999969482422,76.33499908447266,76.45999908447266,352
2026-04-24 17:45:00+00:00,76.48999786376953,76.66500091552734,76.41500091552734,76.5,393
2026-04-24 18:00:00+00:00,76.48999786376953,76.52999877929688,76.36499786376953,76.49500274658203,170
2026-04-24 18:15:00+00:00,76.33000183105469,76.49500274658203,76.33000183105469,76.48999786376953,116
2026-04-24 18:30:00+00:00,76.36000061035156,76.41500091552734,76.31999969482422,76.32499694824219,93
2026-04-24 18:45:00+00:00,76.44000244140625,76.44000244140625,76.29000091552734,76.3550033569336,186
2026-04-24 19:00:00+00:00,76.40499877929688,76.52999877929688,76.38500213623047,76.44999694824219,216
2026-04-24 19:15:00+00:00,76.17500305175781,76.42500305175781,76.16000366210938,76.41500091552734,586
2026-04-24 19:30:00+00:00,76.01499938964844,76.23999786376953,76.01000213623047,76.18499755859375,516
2026-04-24 19:45:00+00:00,75.97000122070312,76.05500030517578,75.95500183105469,76.01000213623047,334
2026-04-24 20:00:00+00:00,75.81999969482422,75.96499633789062,75.78500366210938,75.94999694824219,221
2026-04-24 20:15:00+00:00,75.84500122070312,75.87999725341797,75.78500366210938,75.81999969482422,65
2026-04-24 20:30:00+00:00,75.77999877929688,75.875,75.75,75.875,49
2026-04-24 20:45:00+00:00,76.41400146484375,76.41400146484375,75.625,75.75499725341797,213
2026-04-26 22:00:00+00:00,75.2699966430664,75.2699966430664,74.94999694824219,75.19999694824219,216
2026-04-26 22:15:00+00:00,75.17500305175781,75.2699966430664,75.0,75.2699966430664,251
2026-04-26 22:30:00+00:00,75.08499908447266,75.18499755859375,74.91000366210938,75.1500015258789,170
2026-04-26 22:45:00+00:00,75.125,75.12999725341797,75.04000091552734,75.08499908447266,107
2026-04-26 23:00:00+00:00,75.02999877929688,75.08000183105469,74.91500091552734,75.04499816894531,79
2026-04-26 23:15:00+00:00,74.82499694824219,75.09500122070312,74.82499694824219,75.01499938964844,78
2026-04-26 23:30:00+00:00,74.75499725341797,74.9000015258789,74.69000244140625,74.84500122070312,188
2026-04-26 23:45:00+00:00,74.87000274658203,74.8949966430664,74.75499725341797,74.7699966430664,61
2026-04-27 00:00:00+00:00,75.0,75.0250015258789,74.80000305175781,74.88500213623047,278
2026-04-27 00:15:00+00:00,75.1050033569336,75.12999725341797,74.93499755859375,75.0199966430664,172
2026-04-27 00:30:00+00:00,75.06500244140625,75.125,74.94000244140625,75.125,78
2026-04-27 00:45:00+00:00,75.63999938964844,75.67500305175781,75.05999755859375,75.08999633789062,380
2026-04-27 01:00:00+00:00,75.3949966430664,76.0,75.37999725341797,75.6449966430664,957
2026-04-27 01:15:00+00:00,75.47000122070312,75.5999984741211,75.2699966430664,75.42500305175781,390
2026-04-27 01:30:00+00:00,75.30000305175781,75.56999969482422,75.28500366210938,75.4800033569336,641
2026-04-27 01:45:00+00:00,75.37999725341797,75.6500015258789,75.28500366210938,75.32499694824219,319
2026-04-27 02:00:00+00:00,75.125,75.44999694824219,75.01000213623047,75.41500091552734,330
2026-04-27 02:15:00+00:00,75.29499816894531,75.40499877929688,75.1449966430664,75.1449966430664,158
2026-04-27 02:30:00+00:00,75.53500366210938,75.5999984741211,75.25499725341797,75.29000091552734,157
2026-04-27 02:45:00+00:00,75.99500274658203,76.16999816894531,75.51499938964844,75.53500366210938,681
2026-04-27 03:00:00+00:00,75.9749984741211,76.12000274658203,75.93000030517578,76.0199966430664,218
2026-04-27 03:15:00+00:00,76.0,76.0250015258789,75.90499877929688,76.00499725341797,144
2026-04-27 03:30:00+00:00,76.49500274658203,76.55500030517578,75.9800033569336,75.99500274658203,256
2026-04-27 03:45:00+00:00,76.36000061035156,76.55500030517578,76.3550033569336,76.51000213623047,156
2026-04-27 04:00:00+00:00,76.42500305175781,76.47000122070312,76.36499786376953,76.36499786376953,93
2026-04-27 04:15:00+00:00,76.44499969482422,76.44499969482422,76.34500122070312,76.4000015258789,50
2026-04-27 04:30:00+00:00,76.45500183105469,76.53500366210938,76.36499786376953,76.4749984741211,150
2026-04-27 04:45:00+00:00,76.43499755859375,76.43499755859375,76.32499694824219,76.41500091552734,134
2026-04-27 05:00:00+00:00,76.2300033569336,76.43499755859375,76.19499969482422,76.43499755859375,161
2026-04-27 05:15:00+00:00,76.08999633789062,76.19999694824219,75.98500061035156,76.19999694824219,237
2026-04-27 05:30:00+00:00,75.69999694824219,76.05000305175781,75.625,76.04499816894531,412
2026-04-27 05:45:00+00:00,75.6050033569336,75.79499816894531,75.57499694824219,75.69000244140625,685
2026-04-27 06:00:00+00:00,75.875,75.875,75.61000061035156,75.65499877929688,283
2026-04-27 06:15:00+00:00,75.9000015258789,76.00499725341797,75.75,75.8550033569336,321
2026-04-27 06:30:00+00:00,75.83000183105469,75.90499877929688,75.76499938964844,75.90499877929688,85
2026-04-27 06:45:00+00:00,75.81999969482422,75.98500061035156,75.78500366210938,75.80999755859375,235
2026-04-27 07:00:00+00:00,75.8949966430664,75.97000122070312,75.71499633789062,75.81999969482422,251
2026-04-27 07:15:00+00:00,75.83999633789062,75.91999816894531,75.69499969482422,75.87000274658203,279
2026-04-27 07:30:00+00:00,75.78500366210938,75.875,75.7300033569336,75.79000091552734,251
2026-04-27 07:45:00+00:00,75.69999694824219,75.8949966430664,75.69499969482422,75.80000305175781,867
2026-04-27 08:00:00+00:00,75.55999755859375,75.76499938964844,75.5,75.68499755859375,463
2026-04-27 08:15:00+00:00,75.5199966430664,75.67500305175781,75.5,75.56999969482422,324
2026-04-27 08:30:00+00:00,75.6449966430664,75.6449966430664,75.45999908447266,75.52999877929688,334
2026-04-27 08:45:00+00:00,75.55000305175781,75.72000122070312,75.53500366210938,75.6500015258789,515
2026-04-27 09:00:00+00:00,75.5,75.61000061035156,75.41000366210938,75.58000183105469,471
2026-04-27 09:15:00+00:00,75.625,75.6500015258789,75.42500305175781,75.49500274658203,313
2026-04-27 09:30:00+00:00,75.6500015258789,75.69999694824219,75.53500366210938,75.61000061035156,283
2026-04-27 09:45:00+00:00,75.63999938964844,75.65499877929688,75.55000305175781,75.63999938964844,95
2026-04-27 10:00:00+00:00,75.58999633789062,75.74500274658203,75.58999633789062,75.65499877929688,151
2026-04-27 10:15:00+00:00,75.71499633789062,75.73500061035156,75.58000183105469,75.58499908447266,125
2026-04-27 10:30:00+00:00,75.83999633789062,75.91000366210938,75.70500183105469,75.70999908447266,316
2026-04-27 10:45:00+00:00,75.88500213623047,75.91500091552734,75.83499908447266,75.8499984741211,142
2026-04-27 11:00:00+00:00,75.66000366210938,75.8949966430664,75.66000366210938,75.87999725341797,289
2026-04-27 11:15:00+00:00,75.75499725341797,75.76499938964844,75.58499908447266,75.66000366210938,234
2026-04-27 11:30:00+00:00,75.54499816894531,75.79499816894531,75.4800033569336,75.74500274658203,380
2026-04-27 11:45:00+00:00,75.6449966430664,75.6500015258789,75.55999755859375,75.55999755859375,356
2026-04-27 12:00:00+00:00,75.8499984741211,75.86000061035156,75.55500030517578,75.66000366210938,474
2026-04-27 12:15:00+00:00,75.66000366210938,75.93000030517578,75.57499694824219,75.84500122070312,278
2026-04-27 12:30:00+00:00,75.25,75.69999694824219,75.18499755859375,75.68000030517578,821
2026-04-27 12:45:00+00:00,75.48999786376953,75.5999984741211,75.19999694824219,75.2249984741211,847
2026-04-27 13:00:00+00:00,75.1449966430664,75.56999969482422,75.02999877929688,75.48999786376953,1528
2026-04-27 13:15:00+00:00,75.48500061035156,75.50499725341797,75.19000244140625,75.19000244140625,941
2026-04-27 13:30:00+00:00,75.27999877929688,75.55500030517578,75.22000122070312,75.46499633789062,993
2026-04-27 13:45:00+00:00,75.50499725341797,75.53500366210938,74.95500183105469,75.2750015258789,1134
2026-04-27 14:00:00+00:00,75.29000091552734,75.56999969482422,75.20999908447266,75.48500061035156,548
2026-04-27 14:15:00+00:00,75.1500015258789,75.36000061035156,75.08999633789062,75.30000305175781,539
2026-04-27 14:30:00+00:00,75.25499725341797,75.52999877929688,74.97000122070312,75.11499786376953,829
2026-04-27 14:45:00+00:00,74.94000244140625,75.28500366210938,74.81999969482422,75.26499938964844,915
2026-04-27 15:00:00+00:00,74.96499633789062,75.04499816894531,74.58999633789062,74.97000122070312,1815
2026-04-27 15:15:00+00:00,75.19000244140625,75.19000244140625,74.91000366210938,74.95999908447266,740
2026-04-27 15:30:00+00:00,75.18499755859375,75.2750015258789,75.12999725341797,75.18000030517578,498
2026-04-27 15:45:00+00:00,74.92500305175781,75.16999816894531,74.87999725341797,75.16999816894531,489
2026-04-27 16:00:00+00:00,74.94499969482422,75.01000213623047,74.7750015258789,74.92500305175781,579
2026-04-27 16:15:00+00:00,75.06999969482422,75.0999984741211,74.95999908447266,74.95999908447266,233
2026-04-27 16:30:00+00:00,75.11000061035156,75.26000213623047,75.06999969482422,75.0999984741211,570
2026-04-27 16:45:00+00:00,75.13500213623047,75.19499969482422,75.09500122070312,75.1050033569336,499
2026-04-27 17:00:00+00:00,75.12000274658203,75.2300033569336,75.05000305175781,75.1500015258789,546
2026-04-27 17:15:00+00:00,74.98500061035156,75.18000030517578,74.9000015258789,75.12999725341797,1720
2026-04-27 17:30:00+00:00,75.15499877929688,75.18000030517578,74.93499755859375,74.98500061035156,584
2026-04-27 17:45:00+00:00,75.30500030517578,75.31999969482422,75.16000366210938,75.16500091552734,409
2026-04-27 18:00:00+00:00,75.41500091552734,75.47000122070312,75.16000366210938,75.2699966430664,465
2026-04-27 18:15:00+00:00,75.47000122070312,75.53500366210938,75.3949966430664,75.41500091552734,487
2026-04-27 18:30:00+00:00,75.5999984741211,75.67500305175781,75.47000122070312,75.47000122070312,182
2026-04-27 18:45:00+00:00,75.62999725341797,75.70500183105469,75.54000091552734,75.54000091552734,159
2026-04-27 19:00:00+00:00,75.4800033569336,75.5999984741211,75.41500091552734,75.5999984741211,202
2026-04-27 19:15:00+00:00,75.47000122070312,75.56500244140625,75.45999908447266,75.4800033569336,171
2026-04-27 19:30:00+00:00,75.44999694824219,75.46499633789062,75.36499786376953,75.45500183105469,254
2026-04-27 19:45:00+00:00,75.46499633789062,75.5199966430664,75.3949966430664,75.44000244140625,249
2026-04-27 20:00:00+00:00,75.45999908447266,75.5199966430664,75.36499786376953,75.46499633789062,203
2026-04-27 20:15:00+00:00,75.4000015258789,75.5,75.3949966430664,75.4800033569336,72
2026-04-27 20:30:00+00:00,75.40499877929688,75.43499755859375,75.30500030517578,75.41000366210938,121
2026-04-27 20:45:00+00:00,75.45999908447266,75.48999786376953,75.36499786376953,75.41999816894531,284
2026-04-27 22:00:00+00:00,75.79499816894531,75.8550033569336,75.44499969482422,75.45999908447266,221
2026-04-27 22:15:00+00:00,75.8550033569336,75.88999938964844,75.80000305175781,75.87999725341797,115
2026-04-27 22:30:00+00:00,75.8499984741211,75.93000030517578,75.82499694824219,75.875,92
2026-04-27 22:45:00+00:00,75.9000015258789,75.9000015258789,75.81999969482422,75.8550033569336,35
2026-04-27 23:00:00+00:00,75.94000244140625,75.94000244140625,75.83999633789062,75.9000015258789,79
2026-04-27 23:15:00+00:00,75.94499969482422,75.98999786376953,75.8949966430664,75.94499969482422,94
2026-04-27 23:30:00+00:00,75.9749984741211,75.9749984741211,75.92500305175781,75.93499755859375,42
2026-04-27 23:45:00+00:00,75.94499969482422,75.98999786376953,75.94000244140625,75.95500183105469,40
2026-04-28 00:00:00+00:00,76.05999755859375,76.15499877929688,75.92500305175781,75.92500305175781,393
2026-04-28 00:15:00+00:00,75.94000244140625,76.11000061035156,75.87999725341797,76.08999633789062,62
2026-04-28 00:30:00+00:00,75.94999694824219,75.96499633789062,75.91999816894531,75.96499633789062,15
2026-04-28 00:45:00+00:00,75.73999786376953,75.95500183105469,75.7300033569336,75.95500183105469,51
2026-04-28 01:00:00+00:00,75.6500015258789,75.76499938964844,75.58499908447266,75.66999816894531,153
2026-04-28 01:15:00+00:00,75.47000122070312,75.625,75.37000274658203,75.55000305175781,316
2026-04-28 01:30:00+00:00,75.3499984741211,75.43499755859375,75.2300033569336,75.41999816894531,139
2026-04-28 01:45:00+00:00,74.59500122070312,75.25,74.57499694824219,75.25,266
2026-04-28 02:00:00+00:00,74.83999633789062,74.87999725341797,74.33499908447266,74.55500030517578,365
2026-04-28 02:15:00+00:00,74.83000183105469,74.9000015258789,74.75499725341797,74.875,154
2026-04-28 02:30:00+00:00,74.5,74.74500274658203,74.5,74.66500091552734,281
2026-04-28 02:45:00+00:00,74.25,74.46499633789062,74.15499877929688,74.42500305175781,289
2026-04-28 03:00:00+00:00,74.6500015258789,74.68499755859375,74.32499694824219,74.32499694824219,92
2026-04-28 03:15:00+00:00,74.69000244140625,74.73999786376953,74.625,74.63999938964844,33
2026-04-28 03:30:00+00:00,74.63500213623047,74.7750015258789,74.61499786376953,74.7750015258789,27
2026-04-28 03:45:00+00:00,74.63500213623047,74.63500213623047,74.55999755859375,74.61000061035156,27
2026-04-28 04:00:00+00:00,74.56500244140625,74.56500244140625,74.5,74.55500030517578,69
2026-04-28 04:15:00+00:00,74.4800033569336,74.58999633789062,74.4800033569336,74.58999633789062,80
2026-04-28 04:45:00+00:00,74.44499969482422,74.48500061035156,74.44499969482422,74.4749984741211,7
2026-04-28 05:00:00+00:00,73.96499633789062,74.3499984741211,73.94000244140625,74.3499984741211,83
2026-04-28 05:15:00+00:00,74.19499969482422,74.22000122070312,73.9749984741211,73.9800033569336,83
2026-04-28 05:30:00+00:00,73.23500061035156,74.11499786376953,73.09500122070312,74.11499786376953,797
2026-04-28 05:45:00+00:00,73.37000274658203,73.42500305175781,73.13500213623047,73.24500274658203,218
2026-04-28 06:00:00+00:00,73.58499908447266,73.63999938964844,73.22000122070312,73.37000274658203,377
2026-04-28 06:15:00+00:00,73.19000244140625,73.53500366210938,72.78500366210938,73.53500366210938,745
2026-04-28 06:30:00+00:00,73.0,73.23500061035156,72.99500274658203,73.16999816894531,166
2026-04-28 06:45:00+00:00,73.18499755859375,73.18499755859375,72.80000305175781,73.05000305175781,160
2026-04-28 07:00:00+00:00,73.37000274658203,73.45999908447266,73.08999633789062,73.08999633789062,329
2026-04-28 07:15:00+00:00,73.2300033569336,73.41999816894531,73.19499969482422,73.3499984741211,361
2026-04-28 07:30:00+00:00,73.7300033569336,73.8949966430664,73.18499755859375,73.19000244140625,8875
2026-04-28 07:45:00+00:00,73.77999877929688,73.82499694824219,73.53500366210938,73.73500061035156,576
2026-04-28 08:00:00+00:00,73.44499969482422,73.81500244140625,73.03500366210938,73.81500244140625,1217
2026-04-28 08:15:00+00:00,73.86000061035156,73.86000061035156,73.44999694824219,73.44999694824219,612
2026-04-28 08:30:00+00:00,73.99500274658203,74.16000366210938,73.8499984741211,73.8499984741211,542
2026-04-28 08:45:00+00:00,73.98500061035156,74.00499725341797,73.82499694824219,73.9800033569336,301
2026-04-28 09:00:00+00:00,73.83999633789062,73.99500274658203,73.70999908447266,73.98999786376953,603
2026-04-28 09:15:00+00:00,73.66999816894531,73.90499877929688,73.58999633789062,73.80000305175781,212
2026-04-28 09:30:00+00:00,73.45999908447266,73.70500183105469,73.31999969482422,73.66999816894531,341
2026-04-28 09:45:00+00:00,73.41000366210938,73.4749984741211,73.26000213623047,73.4749984741211,302
2026-04-28 10:00:00+00:00,73.67500305175781,73.68499755859375,73.3949966430664,73.3949966430664,325
2026-04-28 10:15:00+00:00,73.76499938964844,73.8949966430664,73.6050033569336,73.66000366210938,262
2026-04-28 10:30:00+00:00,73.79499816894531,73.8499984741211,73.7300033569336,73.73999786376953,278
2026-04-28 10:45:00+00:00,73.66500091552734,73.94000244140625,73.66500091552734,73.81999969482422,352
2026-04-28 11:00:00+00:00,73.30000305175781,73.76000213623047,73.26000213623047,73.6500015258789,744
2026-04-28 11:15:00+00:00,73.1500015258789,73.31999969482422,73.08000183105469,73.30999755859375,382
2026-04-28 11:30:00+00:00,72.73500061035156,73.1500015258789,72.46499633789062,73.1500015258789,1830
2026-04-28 11:45:00+00:00,72.6449966430664,72.7750015258789,72.43499755859375,72.75499725341797,1034
2026-04-28 12:00:00+00:00,73.23500061035156,73.29000091552734,72.5199966430664,72.70999908447266,1297
2026-04-28 12:15:00+00:00,73.49500274658203,73.94999694824219,73.19000244140625,73.22000122070312,2058
2026-04-28 12:30:00+00:00,73.87000274658203,73.95999908447266,73.27999877929688,73.48999786376953,1447
2026-04-28 12:45:00+00:00,73.93499755859375,74.16500091552734,73.86499786376953,73.87000274658203,1333
2026-04-28 13:00:00+00:00,72.99500274658203,73.92500305175781,72.91500091552734,73.92500305175781,2785
2026-04-28 13:15:00+00:00,73.12999725341797,73.19499969482422,72.81999969482422,73.0250015258789,1319
2026-04-28 13:30:00+00:00,73.43000030517578,73.56999969482422,72.82499694824219,73.08999633789062,2387
2026-04-28 13:45:00+00:00,73.37000274658203,73.61000061035156,73.22000122070312,73.40499877929688,1384
2026-04-28 14:00:00+00:00,72.99500274658203,73.37999725341797,72.9800033569336,73.3499984741211,1195
2026-04-28 14:15:00+00:00,73.02999877929688,73.13999938964844,72.66999816894531,72.98999786376953,1245
2026-04-28 14:30:00+00:00,73.01499938964844,73.19999694824219,72.73500061035156,73.04499816894531,1563
2026-04-28 14:45:00+00:00,73.37999725341797,73.38999938964844,72.93499755859375,73.05999755859375,1143
2026-04-28 15:00:00+00:00,73.18499755859375,73.52999877929688,73.08499908447266,73.4000015258789,2090
2026-04-28 15:15:00+00:00,73.37999725341797,73.37999725341797,73.05500030517578,73.16999816894531,655
2026-04-28 15:30:00+00:00,73.47000122070312,73.54000091552734,73.20500183105469,73.3499984741211,806
2026-04-28 15:45:00+00:00,73.68000030517578,73.68000030517578,73.41999816894531,73.46499633789062,750
2026-04-28 16:00:00+00:00,73.55500030517578,73.68499755859375,73.4800033569336,73.66500091552734,781
2026-04-28 16:15:00+00:00,73.40499877929688,73.58000183105469,73.4000015258789,73.56500244140625,605
2026-04-28 16:30:00+00:00,73.6050033569336,73.6050033569336,73.41500091552734,73.41500091552734,539
2026-04-28 16:45:00+00:00,73.69000244140625,73.80999755859375,73.55000305175781,73.59500122070312,1129
2026-04-28 17:00:00+00:00,73.61000061035156,73.7699966430664,73.55999755859375,73.69999694824219,601
2026-04-28 17:15:00+00:00,73.875,74.0,73.43499755859375,73.63500213623047,2090
2026-04-28 17:30:00+00:00,73.91999816894531,74.01000213623047,73.84500122070312,73.87000274658203,375
2026-04-28 17:45:00+00:00,73.74500274658203,73.94499969482422,73.73999786376953,73.91500091552734,342
2026-04-28 18:00:00+00:00,73.7300033569336,73.86499786376953,73.66500091552734,73.76499938964844,311
2026-04-28 18:15:00+00:00,73.83000183105469,73.90499877929688,73.70999908447266,73.73999786376953,297
2026-04-28 18:30:00+00:00,73.78500366210938,73.82499694824219,73.67500305175781,73.81500244140625,185
2026-04-28 18:45:00+00:00,73.6449966430664,73.80999755859375,73.6449966430664,73.79499816894531,84
2026-04-28 19:00:00+00:00,73.67500305175781,73.77999877929688,73.65499877929688,73.65499877929688,131
2026-04-28 19:15:00+00:00,73.62999725341797,73.68000030517578,73.57499694824219,73.68000030517578,139
2026-04-28 19:30:00+00:00,73.75499725341797,73.78500366210938,73.63999938964844,73.63999938964844,187
2026-04-28 19:45:00+00:00,73.63500213623047,73.76499938964844,73.56999969482422,73.76499938964844,590
2026-04-28 20:00:00+00:00,73.62999725341797,73.71499633789062,73.61000061035156,73.625,82
2026-04-28 20:15:00+00:00,73.55999755859375,73.65499877929688,73.50499725341797,73.65499877929688,91
2026-04-28 20:30:00+00:00,73.53500366210938,73.59500122070312,73.51000213623047,73.55500030517578,93
2026-04-28 20:45:00+00:00,73.55000305175781,73.625,73.51000213623047,73.52999877929688,161
2026-04-28 22:00:00+00:00,73.66500091552734,73.69999694824219,73.48999786376953,73.50499725341797,45
2026-04-28 22:15:00+00:00,73.6500015258789,73.69499969482422,73.63999938964844,73.65499877929688,35
2026-04-28 22:30:00+00:00,73.62000274658203,73.67500305175781,73.61000061035156,73.63999938964844,54
2026-04-28 22:45:00+00:00,73.625,73.66000366210938,73.5999984741211,73.61499786376953,54
2026-04-28 23:00:00+00:00,73.58999633789062,73.66000366210938,73.51499938964844,73.63999938964844,154
2026-04-28 23:15:00+00:00,73.63999938964844,73.63999938964844,73.56999969482422,73.57499694824219,52
2026-04-28 23:30:00+00:00,73.62000274658203,73.66999816894531,73.55500030517578,73.6500015258789,23
2026-04-28 23:45:00+00:00,73.80000305175781,73.80000305175781,73.62000274658203,73.63500213623047,68
2026-04-29 00:00:00+00:00,74.0,74.36000061035156,73.7750015258789,73.7750015258789,496
2026-04-29 00:15:00+00:00,73.6500015258789,74.0,73.58999633789062,74.0,303
2026-04-29 00:30:00+00:00,73.83499908447266,73.83499908447266,73.5999984741211,73.70999908447266,58
2026-04-29 00:45:00+00:00,73.70500183105469,73.81500244140625,73.58999633789062,73.81500244140625,41
2026-04-29 01:00:00+00:00,73.44499969482422,73.68000030517578,73.26499938964844,73.68000030517578,498
2026-04-29 01:15:00+00:00,73.55000305175781,73.80000305175781,73.44499969482422,73.44499969482422,605
2026-04-29 01:30:00+00:00,73.8949966430664,73.91999816894531,73.5,73.5,247
2026-04-29 01:45:00+00:00,73.69000244140625,73.87999725341797,73.625,73.875,142
2026-04-29 02:00:00+00:00,74.06999969482422,74.20500183105469,73.78500366210938,73.78500366210938,309
2026-04-29 02:15:00+00:00,74.08000183105469,74.23500061035156,74.04499816894531,74.05500030517578,92
2026-04-29 02:30:00+00:00,74.13500213623047,74.2300033569336,74.04000091552734,74.06999969482422,86
2026-04-29 02:45:00+00:00,74.00499725341797,74.29499816894531,73.99500274658203,74.1500015258789,125
2026-04-29 03:00:00+00:00,74.29499816894531,74.34500122070312,74.02999877929688,74.02999877929688,63
2026-04-29 03:15:00+00:00,74.30000305175781,74.30000305175781,74.17500305175781,74.29499816894531,89
2026-04-29 03:30:00+00:00,74.08499908447266,74.25,74.05999755859375,74.25,68
2026-04-29 03:45:00+00:00,74.0999984741211,74.12000274658203,74.04000091552734,74.0999984741211,53
2026-04-29 04:00:00+00:00,74.2300033569336,74.25,74.07499694824219,74.08000183105469,59
2026-04-29 04:15:00+00:00,74.21499633789062,74.22000122070312,74.12999725341797,74.20500183105469,43
2026-04-29 04:30:00+00:00,74.2699966430664,74.3499984741211,74.2300033569336,74.23500061035156,87
2026-04-29 04:45:00+00:00,74.30000305175781,74.31500244140625,74.24500274658203,74.29000091552734,24
2026-04-29 05:00:00+00:00,74.23999786376953,74.33999633789062,74.18000030517578,74.30000305175781,55
2026-04-29 05:15:00+00:00,74.2249984741211,74.23999786376953,74.13999938964844,74.22000122070312,42
2026-04-29 05:30:00+00:00,74.25,74.25499725341797,74.03500366210938,74.25,71
2026-04-29 05:45:00+00:00,74.07499694824219,74.42500305175781,74.07499694824219,74.2699966430664,149
2026-04-29 06:00:00+00:00,74.08999633789062,74.3499984741211,74.06500244140625,74.06999969482422,153
2026-04-29 06:15:00+00:00,74.06999969482422,74.1449966430664,74.0250015258789,74.08499908447266,137
2026-04-29 06:30:00+00:00,73.99500274658203,74.11000061035156,73.92500305175781,74.05000305175781,239
2026-04-29 06:45:00+00:00,73.87000274658203,74.04499816894531,73.79000091552734,73.99500274658203,294
2026-04-29 07:00:00+00:00,73.74500274658203,74.01499938964844,73.7249984741211,73.88500213623047,336
2026-04-29 07:15:00+00:00,73.7300033569336,73.77999877929688,73.56999969482422,73.7249984741211,132
2026-04-29 07:30:00+00:00,73.58999633789062,73.80000305175781,73.54000091552734,73.77999877929688,114
2026-04-29 07:45:00+00:00,73.44000244140625,73.6449966430664,73.41999816894531,73.5999984741211,350
2026-04-29 08:00:00+00:00,73.18000030517578,73.61499786376953,73.125,73.44000244140625,596
2026-04-29 08:15:00+00:00,73.16500091552734,73.30999755859375,73.08999633789062,73.19999694824219,399
2026-04-29 08:30:00+00:00,73.20999908447266,73.20999908447266,72.95500183105469,73.12000274658203,354
2026-04-29 08:45:00+00:00,73.29000091552734,73.36000061035156,73.19999694824219,73.24500274658203,253
2026-04-29 09:00:00+00:00,73.30500030517578,73.36000061035156,73.24500274658203,73.28500366210938,155
2026-04-29 09:15:00+00:00,73.19000244140625,73.40499877929688,73.15499877929688,73.30000305175781,184
2026-04-29 09:30:00+00:00,73.0999984741211,73.33499908447266,73.0999984741211,73.18499755859375,369
2026-04-29 09:45:00+00:00,73.04499816894531,73.15499877929688,72.99500274658203,73.08499908447266,193
2026-04-29 10:00:00+00:00,73.26499938964844,73.2750015258789,73.0250015258789,73.04499816894531,162
2026-04-29 10:15:00+00:00,73.3550033569336,73.375,73.26499938964844,73.2699966430664,169
2026-04-29 10:30:00+00:00,73.32499694824219,73.53500366210938,73.30999755859375,73.37000274658203,455
2026-04-29 10:45:00+00:00,73.37000274658203,73.41999816894531,73.31500244140625,73.32499694824219,246
2026-04-29 11:00:00+00:00,73.13500213623047,73.42500305175781,73.05000305175781,73.37999725341797,486
2026-04-29 11:15:00+00:00,73.05999755859375,73.2249984741211,73.05999755859375,73.12999725341797,177
2026-04-29 11:30:00+00:00,73.16999816894531,73.29499816894531,73.03500366210938,73.05999755859375,720
2026-04-29 11:45:00+00:00,73.00499725341797,73.17500305175781,72.93499755859375,73.16999816894531,259
2026-04-29 12:00:00+00:00,73.1500015258789,73.19999694824219,72.9000015258789,72.95999908447266,356
2026-04-29 12:15:00+00:00,73.01000213623047,73.23999786376953,72.99500274658203,73.15499877929688,347
2026-04-29 12:30:00+00:00,72.8949966430664,73.01499938964844,72.79499816894531,73.00499725341797,620
2026-04-29 12:45:00+00:00,72.48999786376953,72.95999908447266,72.3550033569336,72.86499786376953,1131
2026-04-29 13:00:00+00:00,72.67500305175781,72.8949966430664,72.48500061035156,72.49500274658203,840
2026-04-29 13:15:00+00:00,72.19999694824219,72.76000213623047,72.12999725341797,72.66500091552734,1514
2026-04-29 13:30:00+00:00,71.80999755859375,72.26000213623047,71.79499816894531,72.18499755859375,1588
2026-04-29 13:45:00+00:00,72.04499816894531,72.2699966430664,71.71499633789062,71.80000305175781,1717
2026-04-29 14:00:00+00:00,72.24500274658203,72.27999877929688,71.94499969482422,72.02999877929688,967
2026-04-29 14:15:00+00:00,72.31999969482422,72.42500305175781,72.16999816894531,72.2300033569336,747
2026-04-29 14:30:00+00:00,72.33499908447266,72.56500244140625,72.18000030517578,72.29499816894531,758
2026-04-29 14:45:00+00:00,72.29499816894531,72.36000061035156,72.05500030517578,72.36000061035156,674
2026-04-29 15:00:00+00:00,72.02999877929688,72.51000213623047,71.87999725341797,72.28500366210938,1088
2026-04-29 15:15:00+00:00,72.11499786376953,72.13999938964844,71.9749984741211,72.03500366210938,630
2026-04-29 15:30:00+00:00,72.19999694824219,72.33499908447266,71.99500274658203,72.13999938964844,609
2026-04-29 15:45:00+00:00,71.97000122070312,72.33000183105469,71.88999938964844,72.20999908447266,953
2026-04-29 16:00:00+00:00,72.12000274658203,72.30999755859375,71.92500305175781,71.9800033569336,788
2026-04-29 16:15:00+00:00,72.26499938964844,72.33999633789062,72.0999984741211,72.12000274658203,1075
2026-04-29 16:30:00+00:00,72.1449966430664,72.26000213623047,72.01499938964844,72.26000213623047,678
2026-04-29 16:45:00+00:00,71.96499633789062,72.16000366210938,71.94499969482422,72.125,546
2026-04-29 17:00:00+00:00,71.9749984741211,72.0250015258789,71.8499984741211,71.95500183105469,511
2026-04-29 17:15:00+00:00,71.98999786376953,72.16999816894531,71.91500091552734,71.97000122070312,1203
2026-04-29 17:30:00+00:00,72.00499725341797,72.06999969482422,71.96499633789062,72.01000213623047,358
2026-04-29 17:45:00+00:00,71.95500183105469,71.98500061035156,71.77999877929688,71.98500061035156,411
2026-04-29 18:00:00+00:00,71.44000244140625,72.07499694824219,71.42500305175781,71.95999908447266,860
2026-04-29 18:15:00+00:00,71.67500305175781,71.78500366210938,71.42500305175781,71.43000030517578,338
2026-04-29 18:30:00+00:00,71.38999938964844,71.94999694824219,71.375,71.67500305175781,790
2026-04-29 18:45:00+00:00,71.94499969482422,71.94999694824219,71.30999755859375,71.38500213623047,443
2026-04-29 19:00:00+00:00,72.27999877929688,72.30000305175781,71.8949966430664,71.97000122070312,454
2026-04-29 19:15:00+00:00,72.1500015258789,72.33499908447266,72.12999725341797,72.30500030517578,230
2026-04-29 19:30:00+00:00,72.04000091552734,72.18000030517578,71.95500183105469,72.1500015258789,168
2026-04-29 19:45:00+00:00,72.18000030517578,72.19000244140625,72.03500366210938,72.05500030517578,208
2026-04-29 20:00:00+00:00,71.8499984741211,72.2300033569336,71.82499694824219,72.16500091552734,374
2026-04-29 20:15:00+00:00,71.82499694824219,71.90499877929688,71.70999908447266,71.8499984741211,134
2026-04-29 20:30:00+00:00,71.83499908447266,71.91000366210938,71.78500366210938,71.8550033569336,116
2026-04-29 20:45:00+00:00,71.78500366210938,71.83000183105469,71.75499725341797,71.83000183105469,109
2026-04-29 22:00:00+00:00,71.8550033569336,71.8949966430664,71.6500015258789,71.76000213623047,63
2026-04-29 22:15:00+00:00,71.95500183105469,71.9800033569336,71.86000061035156,71.86499786376953,60
2026-04-29 22:30:00+00:00,71.91500091552734,72.04499816894531,71.8949966430664,71.98999786376953,64
2026-04-29 22:45:00+00:00,72.02999877929688,72.05500030517578,71.91999816894531,71.91999816894531,80
2026-04-29 23:00:00+00:00,72.05999755859375,72.08000183105469,72.00499725341797,72.0250015258789,42
2026-04-29 23:15:00+00:00,72.03500366210938,72.11499786376953,72.01000213623047,72.06999969482422,40
2026-04-29 23:30:00+00:00,72.16999816894531,72.20999908447266,72.05500030517578,72.05500030517578,44
2026-04-29 23:45:00+00:00,72.2750015258789,72.30000305175781,72.16999816894531,72.18000030517578,97
2026-04-30 00:00:00+00:00,72.40499877929688,72.58499908447266,72.2750015258789,72.29000091552734,379
2026-04-30 00:15:00+00:00,72.58499908447266,72.5999984741211,72.31999969482422,72.3550033569336,103
2026-04-30 00:30:00+00:00,72.56500244140625,72.67500305175781,72.52999877929688,72.5999984741211,81
2026-04-30 00:45:00+00:00,72.5199966430664,72.79499816894531,72.44499969482422,72.62000274658203,236
2026-04-30 01:00:00+00:00,73.0199966430664,73.03500366210938,72.5199966430664,72.5199966430664,431
2026-04-30 01:15:00+00:00,73.30000305175781,73.42500305175781,72.79499816894531,73.05999755859375,446
2026-04-30 01:30:00+00:00,73.26000213623047,73.42500305175781,73.0999984741211,73.33999633789062,300
2026-04-30 01:45:00+00:00,73.3499984741211,73.42500305175781,73.11000061035156,73.19000244140625,150
2026-04-30 02:00:00+00:00,73.40499877929688,73.47000122070312,73.26000213623047,73.34500122070312,158
2026-04-30 02:15:00+00:00,73.09500122070312,73.41500091552734,73.08000183105469,73.38999938964844,228
2026-04-30 02:30:00+00:00,72.62000274658203,73.11000061035156,72.62000274658203,73.08499908447266,613
2026-04-30 02:45:00+00:00,72.73500061035156,72.75499725341797,72.61000061035156,72.6500015258789,239
2026-04-30 03:00:00+00:00,72.75499725341797,72.90499877929688,72.6500015258789,72.71499633789062,309
2026-04-30 03:15:00+00:00,72.72000122070312,72.77999877929688,72.63500213623047,72.75499725341797,115
2026-04-30 03:30:00+00:00,72.51499938964844,72.69999694824219,72.43499755859375,72.6500015258789,165
2026-04-30 03:45:00+00:00,72.45999908447266,72.5199966430664,72.41999816894531,72.5,49
2026-04-30 04:00:00+00:00,72.4800033569336,72.55000305175781,72.37000274658203,72.46499633789062,110
2026-04-30 04:15:00+00:00,72.38500213623047,72.5250015258789,72.30500030517578,72.5250015258789,74
2026-04-30 04:30:00+00:00,72.28500366210938,72.37999725341797,72.15499877929688,72.3550033569336,158
2026-04-30 04:45:00+00:00,72.03500366210938,72.36499786376953,72.02999877929688,72.2750015258789,144
2026-04-30 05:00:00+00:00,72.37999725341797,72.44000244140625,72.04000091552734,72.04000091552734,134
2026-04-30 05:15:00+00:00,72.34500122070312,72.44499969482422,72.25,72.37999725341797,111
2026-04-30 05:30:00+00:00,72.58000183105469,72.61499786376953,72.30000305175781,72.375,204
2026-04-30 05:45:00+00:00,72.62999725341797,72.80500030517578,72.55500030517578,72.56500244140625,139
2026-04-30 06:00:00+00:00,72.69499969482422,72.78500366210938,72.58000183105469,72.69000244140625,238
2026-04-30 06:15:00+00:00,72.82499694824219,72.84500122070312,72.63500213623047,72.66000366210938,87
2026-04-30 06:30:00+00:00,73.01000213623047,73.26499938964844,72.82499694824219,72.83000183105469,680
2026-04-30 06:45:00+00:00,73.41500091552734,73.49500274658203,73.00499725341797,73.00499725341797,467
2026-04-30 07:00:00+00:00,73.4749984741211,73.5999984741211,73.30000305175781,73.42500305175781,385
2026-04-30 07:15:00+00:00,73.31500244140625,73.5,73.1449966430664,73.49500274658203,453
2026-04-30 07:30:00+00:00,73.41999816894531,73.46499633789062,73.22000122070312,73.31999969482422,200
2026-04-30 07:45:00+00:00,73.57499694824219,73.73999786376953,73.41500091552734,73.44499969482422,286
2026-04-30 08:00:00+00:00,73.93499755859375,74.1050033569336,73.54499816894531,73.56999969482422,776
2026-04-30 08:15:00+00:00,73.83000183105469,73.92500305175781,73.7249984741211,73.91500091552734,291
2026-04-30 08:30:00+00:00,73.81999969482422,73.98999786376953,73.78500366210938,73.83000183105469,230
2026-04-30 08:45:00+00:00,73.79499816894531,73.91500091552734,73.78500366210938,73.83999633789062,101
2026-04-30 09:00:00+00:00,73.73999786376953,73.9000015258789,73.66500091552734,73.82499694824219,271
2026-04-30 09:15:00+00:00,73.93499755859375,73.93499755859375,73.61499786376953,73.75,356
2026-04-30 09:30:00+00:00,73.83499908447266,74.13999938964844,73.80000305175781,73.94000244140625,457
2026-04-30 09:45:00+00:00,73.95500183105469,73.95500183105469,73.79000091552734,73.875,279
2026-04-30 10:00:00+00:00,73.98999786376953,74.06500244140625,73.9000015258789,73.9000015258789,218
2026-04-30 10:15:00+00:00,74.17500305175781,74.23500061035156,73.98999786376953,73.98999786376953,230
2026-04-30 10:30:00+00:00,74.05500030517578,74.26499938964844,74.01000213623047,74.23999786376953,220
2026-04-30 10:45:00+00:00,74.15499877929688,74.15499877929688,73.98500061035156,74.05999755859375,207
2026-04-30 11:00:00+00:00,74.11499786376953,74.30999755859375,73.94999694824219,74.16500091552734,573
2026-04-30 11:15:00+00:00,74.3550033569336,74.36000061035156,74.05000305175781,74.0999984741211,329
2026-04-30 11:30:00+00:00,74.01499938964844,74.4000015258789,73.94499969482422,74.3550033569336,396
2026-04-30 11:45:00+00:00,74.01499938964844,74.12000274658203,73.93000030517578,74.0199966430664,343
2026-04-30 12:00:00+00:00,74.125,74.18000030517578,74.0,74.01000213623047,370
2026-04-30 12:15:00+00:00,74.22000122070312,74.29499816894531,74.06999969482422,74.13999938964844,366
2026-04-30 12:30:00+00:00,73.91999816894531,74.27999877929688,73.91999816894531,74.2249984741211,537
2026-04-30 12:45:00+00:00,73.9800033569336,74.08499908447266,73.82499694824219,73.93499755859375,416
2026-04-30 13:00:00+00:00,74.18000030517578,74.2249984741211,73.9749984741211,74.00499725341797,583
2026-04-30 13:15:00+00:00,74.13500213623047,74.22000122070312,74.02999877929688,74.16000366210938,287
2026-04-30 13:30:00+00:00,73.76499938964844,74.16500091552734,73.58999633789062,74.13500213623047,1063
2026-04-30 13:45:00+00:00,73.41000366210938,73.7750015258789,73.32499694824219,73.76499938964844,1097
2026-04-30 14:00:00+00:00,73.5999984741211,73.79499816894531,73.3949966430664,73.43000030517578,647
2026-04-30 14:15:00+00:00,73.8499984741211,73.87000274658203,73.4800033569336,73.61499786376953,504
2026-04-30 14:30:00+00:00,73.50499725341797,73.84500122070312,73.2750015258789,73.84500122070312,614
2026-04-30 14:45:00+00:00,73.63500213623047,73.77999877929688,73.49500274658203,73.49500274658203,427
2026-04-30 15:00:00+00:00,73.6449966430664,73.80999755859375,73.4800033569336,73.62000274658203,294
2026-04-30 15:15:00+00:00,73.79000091552734,73.8499984741211,73.56999969482422,73.66000366210938,292
2026-04-30 15:30:00+00:00,73.63999938964844,73.88500213623047,73.59500122070312,73.80500030517578,297
2026-04-30 15:45:00+00:00,73.62999725341797,73.65499877929688,73.45999908447266,73.62999725341797,361
2026-04-30 16:00:00+00:00,73.58000183105469,73.70999908447266,73.48999786376953,73.6500015258789,313
2026-04-30 16:15:00+00:00,73.58999633789062,73.6050033569336,73.47000122070312,73.55000305175781,211
2026-04-30 16:30:00+00:00,73.75499725341797,73.83000183105469,73.58000183105469,73.5999984741211,399
2026-04-30 16:45:00+00:00,73.77999877929688,73.87999725341797,73.69000244140625,73.73999786376953,388
2026-04-30 17:00:00+00:00,74.0199966430664,74.1050033569336,73.76499938964844,73.78500366210938,836
2026-04-30 17:15:00+00:00,74.05500030517578,74.08999633789062,73.875,74.00499725341797,1826
2026-04-30 17:30:00+00:00,74.03500366210938,74.25,74.0,74.05000305175781,298
2026-04-30 17:45:00+00:00,74.13500213623047,74.18499755859375,74.00499725341797,74.01000213623047,348
2026-04-30 18:00:00+00:00,74.20999908447266,74.32499694824219,74.13999938964844,74.13999938964844,245
2026-04-30 18:15:00+00:00,74.05999755859375,74.29000091552734,74.0250015258789,74.21499633789062,214
2026-04-30 18:30:00+00:00,74.05999755859375,74.16000366210938,74.0250015258789,74.08000183105469,144
2026-04-30 18:45:00+00:00,74.19499969482422,74.25499725341797,74.04499816894531,74.05500030517578,196
2026-04-30 19:00:00+00:00,74.18000030517578,74.30999755859375,74.16999816894531,74.19000244140625,199
2026-04-30 19:15:00+00:00,74.06999969482422,74.19499969482422,74.00499725341797,74.17500305175781,156
2026-04-30 19:30:00+00:00,74.23500061035156,74.23500061035156,74.01000213623047,74.06999969482422,111
2026-04-30 19:45:00+00:00,74.12999725341797,74.2300033569336,74.1050033569336,74.2300033569336,155
2026-04-30 20:00:00+00:00,74.12000274658203,74.2300033569336,74.08000183105469,74.12999725341797,126
2026-04-30 20:15:00+00:00,74.13999938964844,74.19000244140625,74.12999725341797,74.12999725341797,55
2026-04-30 20:30:00+00:00,74.125,74.15499877929688,74.08999633789062,74.11000061035156,46
2026-04-30 20:45:00+00:00,74.2300033569336,74.27999877929688,74.12999725341797,74.13999938964844,94
2026-04-30 22:00:00+00:00,74.58000183105469,75.79499816894531,74.31500244140625,74.31500244140625,160
2026-04-30 22:15:00+00:00,74.65499877929688,74.66000366210938,74.59500122070312,74.6050033569336,78
2026-04-30 22:30:00+00:00,74.68499755859375,74.69000244140625,74.55999755859375,74.66999816894531,45
2026-04-30 22:45:00+00:00,74.65499877929688,74.70999908447266,74.6050033569336,74.69000244140625,39
2026-04-30 23:00:00+00:00,74.625,74.67500305175781,74.62000274658203,74.65499877929688,41
2026-04-30 23:15:00+00:00,74.71499633789062,74.7249984741211,74.5999984741211,74.6050033569336,37
2026-04-30 23:30:00+00:00,74.9000015258789,74.96499633789062,74.69999694824219,74.70500183105469,176
2026-04-30 23:45:00+00:00,74.82499694824219,75.00499725341797,74.82499694824219,74.87999725341797,242
2026-05-01 00:00:00+00:00,74.77999877929688,75.04000091552734,74.76000213623047,74.8550033569336,132
2026-05-01 00:15:00+00:00,74.91500091552734,75.05999755859375,74.78500366210938,74.79000091552734,84
2026-05-01 00:30:00+00:00,74.7249984741211,74.9000015258789,74.70500183105469,74.88999938964844,93
2026-05-01 00:45:00+00:00,74.66000366210938,74.87999725341797,74.65499877929688,74.75,116
2026-05-01 01:00:00+00:00,74.66999816894531,74.69999694824219,74.5250015258789,74.66500091552734,139
2026-05-01 01:15:00+00:00,74.56500244140625,74.66999816894531,74.55000305175781,74.66999816894531,31
2026-05-01 01:30:00+00:00,74.66999816894531,74.72000122070312,74.5999984741211,74.5999984741211,38
2026-05-01 01:45:00+00:00,74.71499633789062,74.7300033569336,74.63999938964844,74.66000366210938,36
2026-05-01 02:00:00+00:00,74.94499969482422,75.08499908447266,74.66000366210938,74.67500305175781,139
2026-05-01 02:15:00+00:00,74.94999694824219,75.1050033569336,74.88999938964844,74.91999816894531,119
2026-05-01 02:30:00+00:00,74.71499633789062,74.9800033569336,74.70500183105469,74.96499633789062,77
2026-05-01 02:45:00+00:00,74.66000366210938,74.70999908447266,74.55999755859375,74.70500183105469,65
2026-05-01 03:00:00+00:00,74.70500183105469,74.70500183105469,74.6050033569336,74.66500091552734,183
2026-05-01 03:15:00+00:00,74.88500213623047,74.9000015258789,74.7249984741211,74.7300033569336,41
2026-05-01 03:30:00+00:00,74.79499816894531,74.99500274658203,74.7750015258789,74.92500305175781,67
2026-05-01 03:45:00+00:00,74.80000305175781,74.8550033569336,74.76000213623047,74.8550033569336,26
2026-05-01 04:00:00+00:00,74.6500015258789,74.83999633789062,74.61499786376953,74.78500366210938,49
2026-05-01 04:15:00+00:00,74.62000274658203,74.66999816894531,74.5999984741211,74.63500213623047,10
2026-05-01 04:30:00+00:00,74.3949966430664,74.58999633789062,74.31999969482422,74.58999633789062,216
2026-05-01 04:45:00+00:00,74.36000061035156,74.41000366210938,74.24500274658203,74.4000015258789,108
2026-05-01 05:00:00+00:00,74.45999908447266,74.47000122070312,74.31500244140625,74.33499908447266,29
2026-05-01 05:15:00+00:00,74.52999877929688,74.54000091552734,74.38500213623047,74.4800033569336,75
2026-05-01 05:30:00+00:00,74.41500091552734,74.54499816894531,74.40499877929688,74.5,49
2026-05-01 05:45:00+00:00,74.28500366210938,74.54000091552734,74.24500274658203,74.41000366210938,95
2026-05-01 06:00:00+00:00,74.28500366210938,74.37999725341797,74.16000366210938,74.33499908447266,147
2026-05-01 06:15:00+00:00,74.19999694824219,74.33000183105469,74.1050033569336,74.29499816894531,207
2026-05-01 06:30:00+00:00,73.94999694824219,74.19000244140625,73.81999969482422,74.12999725341797,403
2026-05-01 06:45:00+00:00,73.94999694824219,74.08000183105469,73.81999969482422,73.97000122070312,153
2026-05-01 07:00:00+00:00,74.06999969482422,74.08999633789062,73.83999633789062,73.94499969482422,201
2026-05-01 07:15:00+00:00,74.04499816894531,74.1449966430664,73.79499816894531,74.06999969482422,161
2026-05-01 07:30:00+00:00,73.86000061035156,74.0250015258789,73.77999877929688,74.0250015258789,286
2026-05-01 07:45:00+00:00,73.63999938964844,73.86000061035156,73.53500366210938,73.83999633789062,283
2026-05-01 08:00:00+00:00,73.6500015258789,73.77999877929688,73.5999984741211,73.6449966430664,148
2026-05-01 08:15:00+00:00,73.59500122070312,73.7300033569336,73.55500030517578,73.63999938964844,144
2026-05-01 08:30:00+00:00,73.6449966430664,73.6449966430664,73.55000305175781,73.58000183105469,62
2026-05-01 08:45:00+00:00,73.6050033569336,73.6449966430664,73.5,73.625,113
2026-05-01 09:00:00+00:00,73.55000305175781,73.59500122070312,73.43499755859375,73.59500122070312,106
2026-05-01 09:15:00+00:00,73.69499969482422,73.70999908447266,73.55500030517578,73.56999969482422,88
2026-05-01 09:30:00+00:00,73.72000122070312,73.78500366210938,73.68000030517578,73.69000244140625,99
2026-05-01 09:45:00+00:00,73.58999633789062,73.79000091552734,73.57499694824219,73.73500061035156,162
2026-05-01 10:00:00+00:00,73.75,73.79499816894531,73.5999984741211,73.5999984741211,59
2026-05-01 10:15:00+00:00,73.75499725341797,73.82499694824219,73.75499725341797,73.77999877929688,97
2026-05-01 10:30:00+00:00,73.80000305175781,73.82499694824219,73.7300033569336,73.76499938964844,69
2026-05-01 10:45:00+00:00,73.77999877929688,73.86000061035156,73.77999877929688,73.80000305175781,93
2026-05-01 11:00:00+00:00,73.73999786376953,73.81500244140625,73.62000274658203,73.79000091552734,307
2026-05-01 11:15:00+00:00,74.0,74.12000274658203,73.71499633789062,73.71499633789062,294
2026-05-01 11:30:00+00:00,74.05000305175781,74.08000183105469,73.95500183105469,73.9800033569336,127
2026-05-01 11:45:00+00:00,74.19499969482422,74.21499633789062,74.0,74.0199966430664,198
2026-05-01 12:00:00+00:00,74.48999786376953,74.70500183105469,74.17500305175781,74.19999694824219,658
2026-05-01 12:15:00+00:00,75.41000366210938,75.76000213623047,74.4800033569336,74.4800033569336,1765
2026-05-01 12:30:00+00:00,74.90499877929688,75.44999694824219,74.81999969482422,75.43000030517578,1066
2026-05-01 12:45:00+00:00,74.69499969482422,74.94499969482422,74.47000122070312,74.8949966430664,1169
2026-05-01 13:00:00+00:00,75.08000183105469,75.18000030517578,74.66500091552734,74.69499969482422,725
2026-05-01 13:15:00+00:00,75.19999694824219,75.26000213623047,75.03500366210938,75.05999755859375,358
2026-05-01 13:30:00+00:00,76.16500091552734,76.19499969482422,75.11000061035156,75.21499633789062,1626
2026-05-01 13:45:00+00:00,76.80500030517578,76.93000030517578,75.86499786376953,76.16500091552734,2179
2026-05-01 14:00:00+00:00,77.36000061035156,77.41500091552734,76.73999786376953,76.83000183105469,2024
2026-05-01 14:15:00+00:00,77.05500030517578,77.5250015258789,77.02999877929688,77.33999633789062,1489
2026-05-01 14:30:00+00:00,76.36499786376953,77.05999755859375,76.3550033569336,77.04499816894531,1500
2026-05-01 14:45:00+00:00,76.2750015258789,76.46499633789062,76.18000030517578,76.3550033569336,682
2026-05-01 15:00:00+00:00,76.16000366210938,76.28500366210938,75.80000305175781,76.2300033569336,878
2026-05-01 15:15:00+00:00,76.23999786376953,76.42500305175781,76.1449966430664,76.16000366210938,826
2026-05-01 15:30:00+00:00,76.63500213623047,76.86499786376953,76.24500274658203,76.24500274658203,1436
2026-05-01 15:45:00+00:00,76.6050033569336,76.83999633789062,76.40499877929688,76.63500213623047,728
2026-05-01 16:00:00+00:00,76.55999755859375,76.68499755859375,76.45999908447266,76.625,391
2026-05-01 16:15:00+00:00,76.30999755859375,76.77999877929688,76.30999755859375,76.57499694824219,903
2026-05-01 16:30:00+00:00,76.44000244140625,76.48999786376953,76.16000366210938,76.30999755859375,596
2026-05-01 16:45:00+00:00,76.55500030517578,76.65499877929688,76.37999725341797,76.4000015258789,346
2026-05-01 17:00:00+00:00,76.68499755859375,76.71499633789062,76.5250015258789,76.54000091552734,597
2026-05-01 17:15:00+00:00,76.48999786376953,76.6500015258789,76.3550033569336,76.6449966430664,1206
2026-05-01 17:30:00+00:00,76.44000244140625,76.48999786376953,76.37999725341797,76.48500061035156,201
2026-05-01 17:45:00+00:00,76.52999877929688,76.66000366210938,76.43000030517578,76.44999694824219,200
2026-05-01 18:00:00+00:00,76.19999694824219,76.52999877929688,76.18000030517578,76.51499938964844,375
2026-05-01 18:15:00+00:00,76.45999908447266,76.45999908447266,76.16999816894531,76.20500183105469,304
2026-05-01 18:30:00+00:00,76.2300033569336,76.45999908447266,76.19000244140625,76.44499969482422,202
2026-05-01 18:45:00+00:00,76.32499694824219,76.33499908447266,76.12999725341797,76.23500061035156,144
2026-05-01 19:00:00+00:00,76.37000274658203,76.37000274658203,76.2249984741211,76.33499908447266,72
2026-05-01 19:15:00+00:00,76.25,76.41000366210938,76.25,76.34500122070312,103
2026-05-01 19:30:00+00:00,75.98500061035156,76.29000091552734,75.95500183105469,76.26499938964844,485
2026-05-01 19:45:00+00:00,75.94499969482422,76.08999633789062,75.9000015258789,75.98999786376953,257
2026-05-01 20:00:00+00:00,75.91999816894531,76.0199966430664,75.80500030517578,75.96499633789062,93
2026-05-01 20:15:00+00:00,75.94000244140625,75.99500274658203,75.91000366210938,75.91999816894531,113
2026-05-01 20:30:00+00:00,75.94499969482422,75.9749984741211,75.87999725341797,75.93499755859375,57
2026-05-01 20:45:00+00:00,76.43099975585938,76.43099975585938,75.80000305175781,75.91000366210938,242
2026-05-03 22:00:00+00:00,76.19999694824219,76.33000183105469,76.06999969482422,76.23999786376953,79
2026-05-03 22:15:00+00:00,76.25499725341797,76.34500122070312,75.94000244140625,76.20500183105469,204
2026-05-03 22:30:00+00:00,76.41999816894531,76.44999694824219,76.16500091552734,76.19000244140625,108
2026-05-03 22:45:00+00:00,76.26000213623047,76.5,76.26000213623047,76.44999694824219,99
2026-05-03 23:00:00+00:00,76.24500274658203,76.52999877929688,76.13999938964844,76.30000305175781,209
2026-05-03 23:15:00+00:00,76.27999877929688,76.28500366210938,76.16500091552734,76.2300033569336,213
2026-05-03 23:30:00+00:00,76.23999786376953,76.38999938964844,76.2249984741211,76.25499725341797,52
2026-05-03 23:45:00+00:00,76.22000122070312,76.3550033569336,76.20999908447266,76.2300033569336,79
2026-05-04 00:00:00+00:00,76.09500122070312,76.32499694824219,75.94999694824219,76.16999816894531,167
2026-05-04 00:15:00+00:00,75.96499633789062,76.16999816894531,75.83000183105469,76.1500015258789,164
2026-05-04 00:30:00+00:00,75.9749984741211,76.04000091552734,75.91999816894531,75.96499633789062,31
2026-05-04 00:45:00+00:00,76.08999633789062,76.17500305175781,75.93499755859375,75.98500061035156,51
2026-05-04 01:00:00+00:00,75.9000015258789,76.13999938964844,75.5250015258789,76.13999938964844,300
2026-05-04 01:15:00+00:00,75.65499877929688,76.01499938964844,75.61499786376953,75.9749984741211,138
2026-05-04 01:30:00+00:00,75.88999938964844,75.91500091552734,75.62000274658203,75.63500213623047,58
2026-05-04 01:45:00+00:00,76.25,76.28500366210938,75.88999938964844,75.88999938964844,84
2026-05-04 02:00:00+00:00,76.17500305175781,76.32499694824219,76.01000213623047,76.23999786376953,150
2026-05-04 02:15:00+00:00,75.66999816894531,76.125,75.6500015258789,76.125,108
2026-05-04 02:30:00+00:00,76.01000213623047,76.01000213623047,75.66500091552734,75.69499969482422,80
2026-05-04 02:45:00+00:00,76.1050033569336,76.23999786376953,75.96499633789062,75.99500274658203,117
2026-05-04 03:00:00+00:00,76.22000122070312,76.27999877929688,76.09500122070312,76.09500122070312,80
2026-05-04 03:15:00+00:00,76.20500183105469,76.23999786376953,76.16999816894531,76.23999786376953,15
2026-05-04 03:30:00+00:00,76.11000061035156,76.21499633789062,75.98500061035156,76.19000244140625,58
2026-05-04 03:45:00+00:00,76.29000091552734,76.30500030517578,76.1500015258789,76.1500015258789,76
2026-05-04 04:00:00+00:00,76.18499755859375,76.23500061035156,76.0999984741211,76.23500061035156,34
2026-05-04 04:15:00+00:00,76.08000183105469,76.22000122070312,76.06500244140625,76.20999908447266,36
2026-05-04 04:30:00+00:00,76.00499725341797,76.15499877929688,75.96499633789062,76.08000183105469,83
2026-05-04 04:45:00+00:00,75.91000366210938,76.04000091552734,75.875,76.00499725341797,42
2026-05-04 05:00:00+00:00,75.83499908447266,75.91000366210938,75.80000305175781,75.87000274658203,96
2026-05-04 05:15:00+00:00,75.68499755859375,76.08000183105469,75.66999816894531,75.83000183105469,216
2026-05-04 05:30:00+00:00,75.81999969482422,75.81999969482422,75.67500305175781,75.70999908447266,96
2026-05-04 05:45:00+00:00,75.7750015258789,75.82499694824219,75.58000183105469,75.81999969482422,61
2026-05-04 06:00:00+00:00,75.56500244140625,75.81999969482422,75.37999725341797,75.79499816894531,264
2026-05-04 06:15:00+00:00,75.5,75.56500244140625,75.3550033569336,75.50499725341797,164
2026-05-04 06:30:00+00:00,75.36499786376953,75.5999984741211,75.2699966430664,75.51499938964844,176
2026-05-04 06:45:00+00:00,75.46499633789062,75.48500061035156,75.29499816894531,75.31999969482422,146
2026-05-04 07:00:00+00:00,75.38500213623047,75.48500061035156,75.30500030517578,75.41000366210938,205
2026-05-04 07:15:00+00:00,75.19000244140625,75.43499755859375,75.11499786376953,75.37000274658203,213
2026-05-04 07:30:00+00:00,75.1500015258789,75.31500244140625,75.06999969482422,75.20999908447266,147
2026-05-04 07:45:00+00:00,74.91999816894531,75.23500061035156,74.91500091552734,75.16000366210938,166
2026-05-04 08:00:00+00:00,74.875,74.96499633789062,74.72000122070312,74.93000030517578,404
2026-05-04 08:15:00+00:00,74.7699966430664,74.87999725341797,74.63999938964844,74.875,220
2026-05-04 08:30:00+00:00,74.79000091552734,74.86499786376953,74.69999694824219,74.7699966430664,113
2026-05-04 08:45:00+00:00,74.84500122070312,74.94999694824219,74.7699966430664,74.78500366210938,172
2026-05-04 09:00:00+00:00,74.99500274658203,74.99500274658203,74.79000091552734,74.83499908447266,139
2026-05-04 09:15:00+00:00,74.95500183105469,75.02999877929688,74.93000030517578,74.9800033569336,158
2026-05-04 09:30:00+00:00,75.0,75.02999877929688,74.95500183105469,74.96499633789062,76
2026-05-04 09:45:00+00:00,74.7750015258789,75.04499816894531,74.76000213623047,74.98999786376953,173
2026-05-04 10:00:00+00:00,73.37999725341797,74.79000091552734,73.0999984741211,74.79000091552734,2415
2026-05-04 10:15:00+00:00,73.44999694824219,73.45999908447266,72.5999984741211,73.40499877929688,2305
2026-05-04 10:30:00+00:00,73.80000305175781,73.94999694824219,73.33999633789062,73.43499755859375,954
2026-05-04 10:45:00+00:00,73.80999755859375,74.0250015258789,73.76499938964844,73.78500366210938,319
2026-05-04 11:00:00+00:00,73.90499877929688,74.1449966430664,73.7750015258789,73.81500244140625,441
2026-05-04 11:15:00+00:00,73.84500122070312,74.04000091552734,73.83000183105469,73.90499877929688,213
2026-05-04 11:30:00+00:00,73.58999633789062,73.87999725341797,73.44499969482422,73.83499908447266,547
2026-05-04 11:45:00+00:00,73.8499984741211,73.87999725341797,73.55500030517578,73.6050033569336,346
2026-05-04 12:00:00+00:00,74.18499755859375,74.18499755859375,73.77999877929688,73.8550033569336,602
2026-05-04 12:15:00+00:00,74.31999969482422,74.75499725341797,74.1449966430664,74.16500091552734,794
2026-05-04 12:30:00+00:00,74.41500091552734,74.44499969482422,74.12999725341797,74.29000091552734,591
2026-05-04 12:45:00+00:00,74.20999908447266,74.5,74.16500091552734,74.4000015258789,592
2026-05-04 13:00:00+00:00,74.1050033569336,74.47000122070312,73.90499877929688,74.18499755859375,981
2026-05-04 13:15:00+00:00,73.82499694824219,74.16000366210938,73.79499816894531,74.09500122070312,289
2026-05-04 13:30:00+00:00,74.32499694824219,74.48999786376953,73.70999908447266,73.81999969482422,993
2026-05-04 13:45:00+00:00,74.33999633789062,74.44000244140625,74.04499816894531,74.30000305175781,413
2026-05-04 14:00:00+00:00,74.37000274658203,74.47000122070312,74.08000183105469,74.31999969482422,603
2026-05-04 14:15:00+00:00,74.70500183105469,75.13500213623047,74.36000061035156,74.36000061035156,1419
2026-05-04 14:30:00+00:00,74.83000183105469,75.08499908447266,74.67500305175781,74.68499755859375,683
2026-05-04 14:45:00+00:00,74.32499694824219,74.90499877929688,74.30999755859375,74.86000061035156,556
2026-05-04 15:00:00+00:00,74.2300033569336,74.4749984741211,74.13999938964844,74.33999633789062,615
2026-05-04 15:15:00+00:00,73.79000091552734,74.49500274658203,73.05500030517578,74.12999725341797,2662
2026-05-04 15:30:00+00:00,73.8499984741211,73.90499877929688,73.56500244140625,73.81999969482422,926
2026-05-04 15:45:00+00:00,73.36000061035156,73.83000183105469,73.02999877929688,73.80999755859375,1374
2026-05-04 16:00:00+00:00,73.17500305175781,73.5999984741211,73.0250015258789,73.33999633789062,989
2026-05-04 16:15:00+00:00,73.5199966430664,73.76000213623047,73.12999725341797,73.17500305175781,877
2026-05-04 16:30:00+00:00,73.36000061035156,73.6449966430664,73.36000061035156,73.51000213623047,538
2026-05-04 16:45:00+00:00,73.17500305175781,73.45999908447266,73.0999984741211,73.37999725341797,510
2026-05-04 17:00:00+00:00,73.51499938964844,73.62000274658203,73.22000122070312,73.2249984741211,673
2026-05-04 17:15:00+00:00,73.36499786376953,73.7249984741211,73.31999969482422,73.5250015258789,1399
2026-05-04 17:30:00+00:00,73.31999969482422,73.45999908447266,73.19999694824219,73.37000274658203,727
2026-05-04 17:45:00+00:00,73.30999755859375,73.38999938964844,73.2750015258789,73.30999755859375,173
2026-05-04 18:00:00+00:00,73.20999908447266,73.43000030517578,73.17500305175781,73.30500030517578,254
2026-05-04 18:15:00+00:00,73.12000274658203,73.19000244140625,72.9000015258789,73.18000030517578,302
2026-05-04 18:30:00+00:00,73.02999877929688,73.18499755859375,73.0199966430664,73.1050033569336,133
2026-05-04 18:45:00+00:00,73.16999816894531,73.18000030517578,72.9749984741211,73.01000213623047,200
2026-05-04 19:00:00+00:00,73.2249984741211,73.44999694824219,73.09500122070312,73.18000030517578,304
2026-05-04 19:15:00+00:00,73.36499786376953,73.48999786376953,73.23999786376953,73.25499725341797,505
2026-05-04 19:30:00+00:00,73.37000274658203,73.5199966430664,73.3499984741211,73.37999725341797,171
2026-05-04 19:45:00+00:00,73.29000091552734,73.43000030517578,73.25,73.36499786376953,181
2026-05-04 20:00:00+00:00,73.18000030517578,73.2750015258789,73.11499786376953,73.2750015258789,88
2026-05-04 20:15:00+00:00,73.12999725341797,73.16999816894531,73.08999633789062,73.15499877929688,38
2026-05-04 20:30:00+00:00,73.19999694824219,73.19999694824219,73.12999725341797,73.1500015258789,49
2026-05-04 20:45:00+00:00,73.16000366210938,73.21499633789062,73.1449966430664,73.19999694824219,64
2026-05-04 22:00:00+00:00,73.26499938964844,73.26499938964844,73.13500213623047,73.16999816894531,18
2026-05-04 22:15:00+00:00,73.2300033569336,73.30000305175781,73.22000122070312,73.26499938964844,50
2026-05-04 22:30:00+00:00,73.22000122070312,73.29499816894531,73.22000122070312,73.23500061035156,27
2026-05-04 22:45:00+00:00,73.0199966430664,73.19999694824219,73.01000213623047,73.19999694824219,120
2026-05-04 23:00:00+00:00,73.09500122070312,73.125,72.93000030517578,73.04000091552734,110
2026-05-04 23:15:00+00:00,73.125,73.1449966430664,73.08999633789062,73.08999633789062,30
2026-05-04 23:30:00+00:00,73.07499694824219,73.15499877929688,73.06500244140625,73.08000183105469,21
2026-05-04 23:45:00+00:00,73.04499816894531,73.0999984741211,72.98500061035156,73.06999969482422,344
2026-05-05 00:00:00+00:00,73.2750015258789,73.30999755859375,73.05500030517578,73.05500030517578,102
2026-05-05 00:15:00+00:00,72.90499877929688,73.25499725341797,72.80500030517578,73.20999908447266,302
2026-05-05 00:30:00+00:00,73.125,73.125,72.91999816894531,72.92500305175781,62
2026-05-05 00:45:00+00:00,73.19999694824219,73.25499725341797,73.1500015258789,73.15499877929688,72
2026-05-05 01:00:00+00:00,73.3949966430664,73.41000366210938,73.06999969482422,73.20999908447266,99
2026-05-05 01:15:00+00:00,73.23999786376953,73.44000244140625,73.23500061035156,73.40499877929688,62
2026-05-05 01:30:00+00:00,73.17500305175781,73.3499984741211,73.01499938964844,73.27999877929688,151
2026-05-05 01:45:00+00:00,73.28500366210938,73.30999755859375,73.11499786376953,73.125,36
2026-05-05 02:00:00+00:00,73.43499755859375,73.5,73.24500274658203,73.32499694824219,147
2026-05-05 02:15:00+00:00,73.48500061035156,73.51000213623047,73.375,73.43499755859375,86
2026-05-05 02:30:00+00:00,73.6449966430664,73.66000366210938,73.45999908447266,73.4749984741211,133
2026-05-05 02:45:00+00:00,73.52999877929688,73.66999816894531,73.4800033569336,73.61000061035156,92
2026-05-05 03:00:00+00:00,73.5250015258789,73.6050033569336,73.5,73.5,64
2026-05-05 03:15:00+00:00,73.26499938964844,73.54000091552734,73.20500183105469,73.54000091552734,111
2026-05-05 03:30:00+00:00,73.2699966430664,73.36000061035156,73.18000030517578,73.23999786376953,93
2026-05-05 03:45:00+00:00,73.12000274658203,73.24500274658203,73.06500244140625,73.24500274658203,57
2026-05-05 04:00:00+00:00,73.15499877929688,73.20500183105469,73.1449966430664,73.16000366210938,48
2026-05-05 04:15:00+00:00,73.19499969482422,73.25,73.12999725341797,73.13999938964844,51
2026-05-05 04:30:00+00:00,73.20500183105469,73.26499938964844,73.13999938964844,73.24500274658203,40
2026-05-05 04:45:00+00:00,73.17500305175781,73.31500244140625,73.12000274658203,73.24500274658203,46
2026-05-05 05:00:00+00:00,73.37999725341797,73.48999786376953,73.0999984741211,73.11499786376953,100
2026-05-05 05:15:00+00:00,73.45500183105469,73.46499633789062,73.26000213623047,73.3550033569336,35
2026-05-05 05:30:00+00:00,73.68499755859375,73.79000091552734,73.41999816894531,73.47000122070312,256
2026-05-05 05:45:00+00:00,73.57499694824219,73.69999694824219,73.55500030517578,73.6500015258789,45
2026-05-05 06:00:00+00:00,73.44000244140625,73.86000061035156,73.36499786376953,73.57499694824219,312
2026-05-05 06:15:00+00:00,73.23999786376953,73.46499633789062,73.03500366210938,73.41999816894531,228
2026-05-05 06:30:00+00:00,73.61499786376953,73.625,73.31500244140625,73.36499786376953,162
2026-05-05 06:45:00+00:00,73.58999633789062,73.70500183105469,73.58000183105469,73.5999984741211,47
2026-05-05 07:00:00+00:00,73.83000183105469,73.8499984741211,73.57499694824219,73.58999633789062,175
2026-05-05 07:15:00+00:00,73.79499816894531,73.97000122070312,73.76499938964844,73.82499694824219,183
2026-05-05 07:30:00+00:00,73.98999786376953,74.21499633789062,73.83999633789062,73.83999633789062,343
2026-05-05 07:45:00+00:00,73.7750015258789,73.99500274658203,73.73999786376953,73.99500274658203,128
2026-05-05 08:00:00+00:00,73.86000061035156,73.8949966430664,73.75,73.7750015258789,146
2026-05-05 08:15:00+00:00,73.87000274658203,73.94000244140625,73.80000305175781,73.84500122070312,71
2026-05-05 08:30:00+00:00,74.0,74.03500366210938,73.83000183105469,73.8499984741211,206
2026-05-05 08:45:00+00:00,74.17500305175781,74.2300033569336,73.9800033569336,73.99500274658203,261
2026-05-05 09:00:00+00:00,74.125,74.20999908447266,74.05000305175781,74.18499755859375,123
2026-05-05 09:15:00+00:00,74.04499816894531,74.13999938964844,73.98500061035156,74.11000061035156,181
2026-05-05 09:30:00+00:00,74.19000244140625,74.25499725341797,74.00499725341797,74.02999877929688,192
2026-05-05 09:45:00+00:00,74.16000366210938,74.2300033569336,74.07499694824219,74.18499755859375,35
2026-05-05 10:00:00+00:00,74.08499908447266,74.19999694824219,74.0250015258789,74.19999694824219,82
2026-05-05 10:15:00+00:00,73.98999786376953,74.1050033569336,73.98999786376953,74.1050033569336,70
2026-05-05 10:30:00+00:00,73.86499786376953,74.20500183105469,73.86499786376953,73.9749984741211,195
2026-05-05 10:45:00+00:00,73.8550033569336,73.94000244140625,73.81500244140625,73.875,142
2026-05-05 11:00:00+00:00,73.98999786376953,74.05999755859375,73.69999694824219,73.8550033569336,465
2026-05-05 11:15:00+00:00,74.06500244140625,74.1050033569336,73.8550033569336,73.9749984741211,133
2026-05-05 11:30:00+00:00,74.19499969482422,74.21499633789062,74.05999755859375,74.0999984741211,168
2026-05-05 11:45:00+00:00,74.16500091552734,74.23999786376953,74.03500366210938,74.19499969482422,254
2026-05-05 12:00:00+00:00,74.40499877929688,74.46499633789062,73.92500305175781,74.17500305175781,606
2026-05-05 12:15:00+00:00,74.3949966430664,74.4749984741211,74.19999694824219,74.41000366210938,490
2026-05-05 12:30:00+00:00,73.98999786376953,74.41500091552734,73.93000030517578,74.37000274658203,498
2026-05-05 12:45:00+00:00,73.88500213623047,74.04000091552734,73.79499816894531,74.01000213623047,382
2026-05-05 13:00:00+00:00,74.32499694824219,74.6449966430664,73.82499694824219,73.9000015258789,1122
2026-05-05 13:15:00+00:00,74.25,74.38999938964844,74.09500122070312,74.31500244140625,479
2026-05-05 13:30:00+00:00,73.92500305175781,74.33499908447266,73.86499786376953,74.2699966430664,526
2026-05-05 13:45:00+00:00,74.19000244140625,74.20999908447266,73.87999725341797,73.91999816894531,370
2026-05-05 14:00:00+00:00,73.9800033569336,74.44999694824219,73.91000366210938,74.19999694824219,784
2026-05-05 14:15:00+00:00,74.28500366210938,74.48999786376953,73.72000122070312,73.9749984741211,1402
2026-05-05 14:30:00+00:00,74.30000305175781,74.37000274658203,74.06999969482422,74.28500366210938,400
2026-05-05 14:45:00+00:00,74.20999908447266,74.30000305175781,74.05999755859375,74.26499938964844,355
2026-05-05 15:00:00+00:00,74.23500061035156,74.30500030517578,74.04000091552734,74.2300033569336,260
2026-05-05 15:15:00+00:00,74.11499786376953,74.24500274658203,74.01000213623047,74.2249984741211,253
2026-05-05 15:30:00+00:00,73.91500091552734,74.20500183105469,73.87999725341797,74.1449966430664,348
2026-05-05 15:45:00+00:00,73.94999694824219,74.08000183105469,73.90499877929688,73.95999908447266,259
2026-05-05 16:00:00+00:00,73.81500244140625,73.95999908447266,73.69999694824219,73.95999908447266,305
2026-05-05 16:15:00+00:00,73.5199966430664,73.80999755859375,73.41999816894531,73.80999755859375,484
2026-05-05 16:30:00+00:00,73.59500122070312,73.6449966430664,73.28500366210938,73.54000091552734,459
2026-05-05 16:45:00+00:00,73.58000183105469,73.69999694824219,73.53500366210938,73.56500244140625,270
2026-05-05 17:00:00+00:00,73.56999969482422,73.61499786376953,73.37999725341797,73.58000183105469,433
2026-05-05 17:15:00+00:00,73.55500030517578,73.78500366210938,73.51499938964844,73.61000061035156,983
2026-05-05 17:30:00+00:00,73.57499694824219,73.66500091552734,73.53500366210938,73.58499908447266,180
2026-05-05 17:45:00+00:00,73.5250015258789,73.67500305175781,73.50499725341797,73.6050033569336,173
2026-05-05 18:00:00+00:00,73.66999816894531,73.66999816894531,73.5,73.5250015258789,180
2026-05-05 18:15:00+00:00,73.69499969482422,73.69999694824219,73.62000274658203,73.66500091552734,50
2026-05-05 18:30:00+00:00,73.59500122070312,73.69499969482422,73.57499694824219,73.69499969482422,73
2026-05-05 18:45:00+00:00,73.40499877929688,73.66000366210938,73.38500213623047,73.63999938964844,303
2026-05-05 19:00:00+00:00,73.2699966430664,73.43499755859375,73.23999786376953,73.41000366210938,190
2026-05-05 19:15:00+00:00,73.28500366210938,73.33999633789062,73.2300033569336,73.2750015258789,84
2026-05-05 19:30:00+00:00,73.29000091552734,73.36499786376953,73.27999877929688,73.31500244140625,87
2026-05-05 19:45:00+00:00,73.27999877929688,73.3949966430664,73.2300033569336,73.29499816894531,194
2026-05-05 20:00:00+00:00,73.30000305175781,73.32499694824219,73.25499725341797,73.31500244140625,54
2026-05-05 20:15:00+00:00,73.40499877929688,73.44999694824219,73.2699966430664,73.30000305175781,80
2026-05-05 20:30:00+00:00,73.25,73.4000015258789,73.25,73.4000015258789,168
2026-05-05 20:45:00+00:00,73.26499938964844,73.29000091552734,73.19999694824219,73.24500274658203,152
2026-05-05 22:00:00+00:00,73.24500274658203,73.33499908447266,73.19999694824219,73.30000305175781,13
2026-05-05 22:15:00+00:00,73.11000061035156,73.2300033569336,73.05000305175781,73.22000122070312,132
2026-05-05 22:30:00+00:00,73.16000366210938,73.21499633789062,73.07499694824219,73.07499694824219,59
2026-05-05 22:45:00+00:00,73.69499969482422,74.03500366210938,73.1050033569336,73.12999725341797,559
2026-05-05 23:00:00+00:00,74.38999938964844,74.44000244140625,73.6449966430664,73.69999694824219,572
2026-05-05 23:15:00+00:00,74.22000122070312,74.54499816894531,74.19499969482422,74.3949966430664,400
2026-05-05 23:30:00+00:00,74.24500274658203,74.3499984741211,74.13999938964844,74.19000244140625,83
2026-05-05 23:45:00+00:00,74.34500122070312,74.44999694824219,74.26000213623047,74.26000213623047,81
2026-05-06 00:00:00+00:00,74.11499786376953,74.38999938964844,74.04499816894531,74.34500122070312,199
2026-05-06 00:15:00+00:00,74.34500122070312,74.45500183105469,74.05500030517578,74.08000183105469,176
2026-05-06 00:30:00+00:00,74.50499725341797,74.58499908447266,74.34500122070312,74.3550033569336,169
2026-05-06 00:45:00+00:00,74.93499755859375,74.9800033569336,74.37000274658203,74.48999786376953,506
2026-05-06 01:00:00+00:00,74.73500061035156,75.2249984741211,74.68000030517578,74.91000366210938,611
2026-05-06 01:15:00+00:00,75.38999938964844,75.43499755859375,74.68000030517578,74.74500274658203,424
2026-05-06 01:30:00+00:00,75.30000305175781,75.48999786376953,75.19999694824219,75.36499786376953,382
2026-05-06 01:45:00+00:00,75.20999908447266,75.54000091552734,75.19999694824219,75.31500244140625,184
2026-05-06 02:00:00+00:00,75.30999755859375,75.44499969482422,75.23999786376953,75.29499816894531,214
2026-05-06 02:15:00+00:00,75.19499969482422,75.3949966430664,75.19499969482422,75.31500244140625,96
2026-05-06 02:30:00+00:00,75.44000244140625,75.4800033569336,75.08000183105469,75.19999694824219,281
2026-05-06 02:45:00+00:00,75.69000244140625,75.78500366210938,75.41500091552734,75.41999816894531,527
2026-05-06 03:00:00+00:00,76.0999984741211,76.19999694824219,75.68000030517578,75.71499633789062,725
2026-05-06 03:15:00+00:00,75.99500274658203,76.0999984741211,75.86000061035156,76.09500122070312,253
2026-05-06 03:30:00+00:00,76.0,76.08999633789062,75.88999938964844,75.98500061035156,170
2026-05-06 03:45:00+00:00,75.98500061035156,76.05500030517578,75.92500305175781,76.0199966430664,148
2026-05-06 04:00:00+00:00,76.11499786376953,76.15499877929688,75.9749984741211,75.9800033569336,112
2026-05-06 04:15:00+00:00,76.29000091552734,76.30999755859375,76.05999755859375,76.17500305175781,234
2026-05-06 04:30:00+00:00,76.16999816894531,76.29000091552734,76.1500015258789,76.2699966430664,126
2026-05-06 04:45:00+00:00,76.12000274658203,76.25,76.12000274658203,76.16999816894531,92
2026-05-06 05:00:00+00:00,76.19000244140625,76.22000122070312,76.02999877929688,76.11000061035156,170
2026-05-06 05:15:00+00:00,76.08999633789062,76.19000244140625,76.06500244140625,76.17500305175781,190
2026-05-06 05:30:00+00:00,76.26499938964844,76.31999969482422,75.91999816894531,76.08999633789062,426
2026-05-06 05:45:00+00:00,76.43000030517578,76.4800033569336,76.23999786376953,76.26499938964844,390
2026-05-06 06:00:00+00:00,76.30000305175781,76.48500061035156,76.2750015258789,76.41999816894531,495
2026-05-06 06:15:00+00:00,76.36000061035156,76.45500183105469,76.23500061035156,76.29000091552734,259
2026-05-06 06:30:00+00:00,76.25,76.38500213623047,76.13500213623047,76.32499694824219,383
2026-05-06 06:45:00+00:00,76.3949966430664,76.41000366210938,76.22000122070312,76.2699966430664,258
2026-05-06 07:00:00+00:00,76.22000122070312,76.47000122070312,76.22000122070312,76.38999938964844,249
2026-05-06 07:15:00+00:00,76.41999816894531,76.48500061035156,76.19999694824219,76.22000122070312,260
2026-05-06 07:30:00+00:00,76.43499755859375,76.44000244140625,76.31500244140625,76.40499877929688,128
2026-05-06 07:45:00+00:00,76.83000183105469,76.83000183105469,76.44499969482422,76.47000122070312,564
2026-05-06 08:00:00+00:00,76.67500305175781,76.8499984741211,76.61499786376953,76.80999755859375,311
2026-05-06 08:15:00+00:00,76.61499786376953,76.69999694824219,76.61499786376953,76.6500015258789,86
2026-05-06 08:30:00+00:00,76.51499938964844,76.6449966430664,76.4800033569336,76.61499786376953,156
2026-05-06 08:45:00+00:00,77.47000122070312,77.7249984741211,76.5250015258789,76.5250015258789,2131
2026-05-06 09:00:00+00:00,77.32499694824219,77.65499877929688,77.13500213623047,77.44999694824219,756
2026-05-06 09:15:00+00:00,77.36499786376953,77.48500061035156,77.29000091552734,77.3550033569336,493
2026-05-06 09:30:00+00:00,77.44999694824219,77.58000183105469,77.33499908447266,77.38500213623047,461
2026-05-06 09:45:00+00:00,77.73500061035156,77.7750015258789,77.42500305175781,77.44999694824219,693
2026-05-06 10:00:00+00:00,77.83999633789062,77.875,77.67500305175781,77.75499725341797,670
2026-05-06 10:15:00+00:00,77.8499984741211,77.94000244140625,77.79000091552734,77.81500244140625,297
2026-05-06 10:30:00+00:00,78.05500030517578,78.125,77.87000274658203,77.87000274658203,670
2026-05-06 10:45:00+00:00,78.11000061035156,78.33499908447266,77.87000274658203,78.04499816894531,1141
2026-05-06 11:00:00+00:00,78.11000061035156,78.20500183105469,77.8499984741211,78.06999969482422,752
2026-05-06 11:15:00+00:00,77.95999908447266,78.13500213623047,77.95999908447266,78.08999633789062,315
2026-05-06 11:30:00+00:00,77.79499816894531,78.30000305175781,77.7699966430664,77.9800033569336,840
2026-05-06 11:45:00+00:00,77.38500213623047,77.83999633789062,77.30999755859375,77.80500030517578,922
2026-05-06 12:00:00+00:00,76.95500183105469,77.4000015258789,76.81999969482422,77.375,1333
2026-05-06 12:15:00+00:00,77.06500244140625,77.16500091552734,76.25499725341797,76.87999725341797,1582
2026-05-06 12:30:00+00:00,77.26000213623047,77.38999938964844,77.03500366210938,77.05500030517578,997
2026-05-06 12:45:00+00:00,77.36000061035156,77.43499755859375,77.23500061035156,77.26499938964844,545
2026-05-06 13:00:00+00:00,77.40499877929688,77.75499725341797,76.91500091552734,77.36000061035156,2048
2026-05-06 13:15:00+00:00,77.41500091552734,77.57499694824219,77.26499938964844,77.41000366210938,589
2026-05-06 13:30:00+00:00,77.67500305175781,77.84500122070312,77.2750015258789,77.42500305175781,1037
2026-05-06 13:45:00+00:00,77.83000183105469,77.97000122070312,77.58000183105469,77.70999908447266,940
2026-05-06 14:00:00+00:00,78.0999984741211,78.17500305175781,77.5199966430664,77.83000183105469,1447
2026-05-06 14:15:00+00:00,77.91500091552734,78.25499725341797,77.8499984741211,78.08999633789062,1190
2026-05-06 14:30:00+00:00,78.2699966430664,78.30999755859375,77.88999938964844,77.91500091552734,849
2026-05-06 14:45:00+00:00,77.9800033569336,78.30000305175781,77.9749984741211,78.27999877929688,488
2026-05-06 15:00:00+00:00,77.79000091552734,78.1050033569336,77.58999633789062,78.0,842
2026-05-06 15:15:00+00:00,77.83999633789062,78.0,77.72000122070312,77.79000091552734,647
2026-05-06 15:30:00+00:00,77.81999969482422,77.93000030517578,77.67500305175781,77.83499908447266,742
2026-05-06 15:45:00+00:00,77.54000091552734,77.87000274658203,77.52999877929688,77.80500030517578,504
2026-05-06 16:00:00+00:00,77.57499694824219,77.63999938964844,77.41500091552734,77.54000091552734,703
2026-05-06 16:15:00+00:00,77.66999816894531,77.7300033569336,77.54000091552734,77.56500244140625,442
2026-05-06 16:30:00+00:00,77.68000030517578,77.76000213623047,77.63500213623047,77.68499755859375,546
2026-05-06 16:45:00+00:00,77.3499984741211,77.69000244140625,77.25499725341797,77.66000366210938,688
2026-05-06 17:00:00+00:00,77.43000030517578,77.5199966430664,77.24500274658203,77.33999633789062,604
2026-05-06 17:15:00+00:00,77.38999938964844,77.44999694824219,77.2300033569336,77.44499969482422,1809
2026-05-06 17:30:00+00:00,77.45999908447266,77.45999908447266,77.30500030517578,77.36000061035156,367
2026-05-06 17:45:00+00:00,77.625,77.625,77.41500091552734,77.4749984741211,407
2026-05-06 18:00:00+00:00,77.7300033569336,77.75499725341797,77.53500366210938,77.62000274658203,350
2026-05-06 18:15:00+00:00,77.69000244140625,77.80999755859375,77.69000244140625,77.73500061035156,212
2026-05-06 18:30:00+00:00,77.68499755859375,77.73999786376953,77.62000274658203,77.69000244140625,171
2026-05-06 18:45:00+00:00,77.56500244140625,77.7249984741211,77.56500244140625,77.66999816894531,154
2026-05-06 19:00:00+00:00,77.87999725341797,77.88999938964844,77.57499694824219,77.57499694824219,241
2026-05-06 19:15:00+00:00,78.00499725341797,78.02999877929688,77.87999725341797,77.88500213623047,334
2026-05-06 19:30:00+00:00,77.9749984741211,78.0199966430664,77.87000274658203,77.99500274658203,266
2026-05-06 19:45:00+00:00,77.94499969482422,78.0250015258789,77.88500213623047,77.95999908447266,308
2026-05-06 20:00:00+00:00,78.08499908447266,78.0999984741211,77.94499969482422,77.94999694824219,197
2026-05-06 20:15:00+00:00,78.00499725341797,78.0999984741211,78.00499725341797,78.08000183105469,96
2026-05-06 20:30:00+00:00,77.94499969482422,78.0199966430664,77.94000244140625,78.01000213623047,101
2026-05-06 20:45:00+00:00,77.82499694824219,77.94499969482422,77.76000213623047,77.94000244140625,203
2026-05-06 22:00:00+00:00,78.07499694824219,78.08000183105469,77.75499725341797,77.83000183105469,158
2026-05-06 22:15:00+00:00,77.83499908447266,78.06500244140625,77.80000305175781,78.06500244140625,64
2026-05-06 22:30:00+00:00,77.95999908447266,78.01499938964844,77.88500213623047,77.91000366210938,93
2026-05-06 22:45:00+00:00,77.88999938964844,77.9749984741211,77.87000274658203,77.9749984741211,72
2026-05-06 23:00:00+00:00,77.91500091552734,77.95999908447266,77.88500213623047,77.90499877929688,46
2026-05-06 23:15:00+00:00,77.88500213623047,77.95999908447266,77.86499786376953,77.8949966430664,18
2026-05-06 23:30:00+00:00,77.94499969482422,77.94499969482422,77.9000015258789,77.91000366210938,12
2026-05-06 23:45:00+00:00,78.02999877929688,78.29000091552734,77.94499969482422,77.97000122070312,351
2026-05-07 00:00:00+00:00,77.87999725341797,78.08000183105469,77.69000244140625,78.04000091552734,137
2026-05-07 00:15:00+00:00,77.70999908447266,77.8949966430664,77.68499755859375,77.8949966430664,83
2026-05-07 00:30:00+00:00,77.61000061035156,77.79000091552734,77.58000183105469,77.70999908447266,144
2026-05-07 00:45:00+00:00,77.6500015258789,77.79499816894531,77.6050033569336,77.66000366210938,112
2026-05-07 01:00:00+00:00,78.36499786376953,78.44499969482422,77.45500183105469,77.6500015258789,684
2026-05-07 01:15:00+00:00,78.2300033569336,78.69999694824219,78.19000244140625,78.36499786376953,679
2026-05-07 01:30:00+00:00,78.62000274658203,78.65499877929688,78.19000244140625,78.2300033569336,369
2026-05-07 01:45:00+00:00,78.59500122070312,78.80999755859375,78.55000305175781,78.58499908447266,392
2026-05-07 02:00:00+00:00,78.24500274658203,78.80500030517578,78.12000274658203,78.56999969482422,385
2026-05-07 02:15:00+00:00,78.36000061035156,78.43499755859375,78.23999786376953,78.2750015258789,103
2026-05-07 02:30:00+00:00,78.37000274658203,78.3949966430664,78.06500244140625,78.30999755859375,206
2026-05-07 02:45:00+00:00,78.38999938964844,78.52999877929688,78.33499908447266,78.37999725341797,168
2026-05-07 03:00:00+00:00,78.25499725341797,78.4000015258789,78.23999786376953,78.36000061035156,111
2026-05-07 03:15:00+00:00,78.3550033569336,78.46499633789062,78.2750015258789,78.2750015258789,75
2026-05-07 03:30:00+00:00,78.23500061035156,78.36000061035156,78.2249984741211,78.31999969482422,79
2026-05-07 03:45:00+00:00,78.16000366210938,78.23999786376953,78.11499786376953,78.20999908447266,55
2026-05-07 04:00:00+00:00,77.9800033569336,78.2300033569336,77.9800033569336,78.08499908447266,225
2026-05-07 04:15:00+00:00,78.11499786376953,78.15499877929688,77.98500061035156,78.01499938964844,50
2026-05-07 04:30:00+00:00,78.20999908447266,78.20999908447266,78.0199966430664,78.12000274658203,119
2026-05-07 04:45:00+00:00,78.20500183105469,78.22000122070312,78.13999938964844,78.19000244140625,33
2026-05-07 05:00:00+00:00,78.4000015258789,78.43000030517578,78.19000244140625,78.19000244140625,147
2026-05-07 05:15:00+00:00,78.1500015258789,78.38999938964844,78.04499816894531,78.37000274658203,290
2026-05-07 05:30:00+00:00,78.45999908447266,78.50499725341797,78.08999633789062,78.1449966430664,384
2026-05-07 05:45:00+00:00,78.23999786376953,78.47000122070312,78.16000366210938,78.43499755859375,238
2026-05-07 06:00:00+00:00,78.5999984741211,78.65499877929688,78.2300033569336,78.2300033569336,342
2026-05-07 06:15:00+00:00,78.98999786376953,78.99500274658203,78.55000305175781,78.56500244140625,1007
2026-05-07 06:30:00+00:00,79.4000015258789,79.4749984741211,78.95999908447266,78.99500274658203,1325
2026-05-07 06:45:00+00:00,79.33999633789062,79.4000015258789,79.19999694824219,79.375,394
2026-05-07 07:00:00+00:00,79.88500213623047,79.94499969482422,79.17500305175781,79.31500244140625,1335
2026-05-07 07:15:00+00:00,79.81500244140625,80.00499725341797,79.75,79.8949966430664,718
2026-05-07 07:30:00+00:00,80.05000305175781,80.08499908447266,79.77999877929688,79.81500244140625,432
2026-05-07 07:45:00+00:00,80.19999694824219,80.26000213623047,79.94000244140625,80.08499908447266,520
2026-05-07 08:00:00+00:00,80.1449966430664,80.37999725341797,80.13500213623047,80.2249984741211,497
2026-05-07 08:15:00+00:00,80.22000122070312,80.2750015258789,80.05000305175781,80.16000366210938,338
2026-05-07 08:30:00+00:00,80.08999633789062,80.37999725341797,80.08000183105469,80.26000213623047,287
2026-05-07 08:45:00+00:00,80.12000274658203,80.18499755859375,80.01499938964844,80.08000183105469,289
2026-05-07 09:00:00+00:00,80.23500061035156,80.2699966430664,79.93499755859375,80.11499786376953,320
2026-05-07 09:15:00+00:00,80.26000213623047,80.30500030517578,80.16500091552734,80.25,242
2026-05-07 09:30:00+00:00,80.7249984741211,80.75,80.25,80.25499725341797,941
2026-05-07 09:45:00+00:00,80.69999694824219,80.77999877929688,80.66000366210938,80.7300033569336,629
2026-05-07 10:00:00+00:00,80.94999694824219,80.98999786376953,80.6500015258789,80.68499755859375,652
2026-05-07 10:15:00+00:00,80.81500244140625,80.97000122070312,80.7249984741211,80.96499633789062,353
2026-05-07 10:30:00+00:00,81.05000305175781,81.08000183105469,80.72000122070312,80.84500122070312,437
2026-05-07 10:45:00+00:00,80.82499694824219,81.08999633789062,80.82499694824219,81.07499694824219,306
2026-05-07 11:00:00+00:00,80.86499786376953,81.02999877929688,80.80999755859375,80.84500122070312,482
2026-05-07 11:15:00+00:00,81.18000030517578,81.29499816894531,80.80000305175781,80.87999725341797,662
2026-05-07 11:30:00+00:00,81.3949966430664,81.5199966430664,81.16999816894531,81.19499969482422,1139
2026-05-07 11:45:00+00:00,81.45999908447266,81.50499725341797,81.31999969482422,81.38500213623047,950
2026-05-07 12:00:00+00:00,81.9000015258789,81.94000244140625,81.44499969482422,81.45999908447266,1231
2026-05-07 12:15:00+00:00,82.08000183105469,82.23999786376953,81.6449966430664,81.87000274658203,1946
2026-05-07 12:30:00+00:00,82.08999633789062,82.1500015258789,81.7300033569336,82.12999725341797,1392
2026-05-07 12:45:00+00:00,82.00499725341797,82.19000244140625,81.95500183105469,82.0999984741211,995
2026-05-07 13:00:00+00:00,81.4000015258789,82.0250015258789,81.36499786376953,82.0199966430664,2174
2026-05-07 13:15:00+00:00,81.5250015258789,81.83000183105469,81.38999938964844,81.38999938964844,1289
2026-05-07 13:30:00+00:00,81.78500366210938,81.86499786376953,81.38999938964844,81.52999877929688,1124
2026-05-07 13:45:00+00:00,81.81500244140625,81.90499877929688,81.4000015258789,81.79000091552734,1170
2026-05-07 14:00:00+00:00,82.33499908447266,82.375,81.76000213623047,81.83499908447266,1188
2026-05-07 14:15:00+00:00,82.26000213623047,82.38500213623047,81.83499908447266,82.33999633789062,1366
2026-05-07 14:30:00+00:00,82.31999969482422,82.4749984741211,82.19000244140625,82.26000213623047,1346
2026-05-07 14:45:00+00:00,82.55000305175781,82.67500305175781,82.33499908447266,82.33499908447266,1089
2026-05-07 15:00:00+00:00,82.1050033569336,82.55999755859375,82.05000305175781,82.54499816894531,1018
2026-05-07 15:15:00+00:00,82.03500366210938,82.16000366210938,81.98999786376953,82.08499908447266,275
2026-05-07 15:30:00+00:00,81.54499816894531,81.8499984741211,77.3030014038086,77.3030014038086,2042
2026-05-07 15:45:00+00:00,80.9749984741211,81.56500244140625,80.91000366210938,81.54000091552734,1511
2026-05-07 16:00:00+00:00,80.38999938964844,81.04499816894531,80.33000183105469,80.96499633789062,2100
2026-05-07 16:15:00+00:00,80.55000305175781,80.72000122070312,79.90499877929688,80.375,2033
2026-05-07 16:30:00+00:00,80.31500244140625,80.58499908447266,80.23500061035156,80.55000305175781,991
2026-05-07 16:45:00+00:00,80.41999816894531,80.54000091552734,80.2750015258789,80.33999633789062,695
2026-05-07 17:00:00+00:00,80.20999908447266,80.55500030517578,80.1449966430664,80.40499877929688,909
2026-05-07 17:15:00+00:00,79.625,80.30000305175781,79.34500122070312,80.19999694824219,3201
2026-05-07 17:30:00+00:00,79.80999755859375,79.96499633789062,79.45500183105469,79.62000274658203,854
2026-05-07 17:45:00+00:00,80.27999877929688,80.30000305175781,79.75499725341797,79.82499694824219,890
2026-05-07 18:00:00+00:00,80.12000274658203,80.30999755859375,80.0999984741211,80.28500366210938,408
2026-05-07 18:15:00+00:00,80.16000366210938,80.19999694824219,79.98500061035156,80.19000244140625,185
2026-05-07 18:30:00+00:00,79.83000183105469,80.19999694824219,79.74500274658203,80.13999938964844,491
2026-05-07 18:45:00+00:00,79.75499725341797,79.83000183105469,79.1500015258789,79.83000183105469,1141
2026-05-07 19:00:00+00:00,79.7750015258789,79.87999725341797,79.52999877929688,79.76000213623047,248
2026-05-07 19:15:00+00:00,79.5250015258789,79.80000305175781,79.2699966430664,79.74500274658203,441
2026-05-07 19:30:00+00:00,79.81500244140625,79.87000274658203,79.5250015258789,79.52999877929688,363
2026-05-07 19:45:00+00:00,79.63500213623047,79.81999969482422,79.55500030517578,79.81999969482422,618
2026-05-07 20:00:00+00:00,80.1449966430664,80.3550033569336,79.62999725341797,79.63999938964844,612
2026-05-07 20:15:00+00:00,80.33499908447266,80.3550033569336,80.07499694824219,80.13999938964844,197
2026-05-07 20:30:00+00:00,79.69999694824219,80.33000183105469,79.62000274658203,80.27999877929688,533
2026-05-07 20:45:00+00:00,78.91500091552734,79.80500030517578,78.8499984741211,79.70999908447266,589
2026-05-07 22:00:00+00:00,79.20500183105469,79.40499877929688,78.58000183105469,78.80000305175781,338
2026-05-07 22:15:00+00:00,79.32499694824219,79.3949966430664,79.16500091552734,79.19000244140625,203
2026-05-07 22:30:00+00:00,79.1449966430664,79.4000015258789,79.07499694824219,79.33499908447266,114
2026-05-07 22:45:00+00:00,79.04000091552734,79.0999984741211,78.80000305175781,79.0999984741211,237
2026-05-07 23:00:00+00:00,79.2249984741211,79.33999633789062,79.05000305175781,79.05000305175781,129
2026-05-07 23:15:00+00:00,79.5199966430664,79.625,79.26000213623047,79.26000213623047,221
2026-05-07 23:30:00+00:00,79.53500366210938,79.625,79.50499725341797,79.5999984741211,58
2026-05-07 23:45:00+00:00,79.74500274658203,79.77999877929688,79.5999984741211,79.6050033569336,150
2026-05-08 00:00:00+00:00,79.70500183105469,79.9749984741211,79.65499877929688,79.75,251
2026-05-08 00:15:00+00:00,79.375,79.68499755859375,79.31500244140625,79.68499755859375,283
2026-05-08 00:30:00+00:00,79.58000183105469,79.69999694824219,79.33999633789062,79.33999633789062,82
2026-05-08 00:45:00+00:00,79.61000061035156,79.66999816894531,79.3499984741211,79.51499938964844,155
2026-05-08 01:00:00+00:00,80.30000305175781,80.5250015258789,79.57499694824219,79.6050033569336,698
2026-05-08 01:15:00+00:00,80.44000244140625,80.51000213623047,80.20500183105469,80.30000305175781,220
2026-05-08 01:30:00+00:00,80.24500274658203,80.56500244140625,80.13999938964844,80.44499969482422,262
2026-05-08 01:45:00+00:00,80.47000122070312,80.75,80.28500366210938,80.28500366210938,582
2026-05-08 02:00:00+00:00,80.44499969482422,80.69499969482422,80.40499877929688,80.48500061035156,175
2026-05-08 02:15:00+00:00,80.33999633789062,80.41500091552734,80.2300033569336,80.41000366210938,227
2026-05-08 02:30:00+00:00,80.0999984741211,80.37999725341797,79.9000015258789,80.24500274658203,389
2026-05-08 02:45:00+00:00,80.19499969482422,80.375,80.06999969482422,80.06999969482422,227
2026-05-08 03:00:00+00:00,80.38500213623047,80.38999938964844,80.0999984741211,80.20999908447266,106
2026-05-08 03:15:00+00:00,80.33999633789062,80.47000122070312,80.25499725341797,80.40499877929688,194
2026-05-08 03:30:00+00:00,80.51499938964844,80.68499755859375,80.3550033569336,80.3550033569336,232
2026-05-08 03:45:00+00:00,80.41500091552734,80.5,80.29000091552734,80.5,152
2026-05-08 04:00:00+00:00,80.25,80.49500274658203,80.25,80.43000030517578,113
2026-05-08 04:15:00+00:00,80.34500122070312,80.36499786376953,80.22000122070312,80.26499938964844,87
2026-05-08 04:30:00+00:00,80.05500030517578,80.37000274658203,79.81999969482422,80.37000274658203,287
2026-05-08 04:45:00+00:00,80.11000061035156,80.2699966430664,79.9749984741211,80.06999969482422,89
2026-05-08 05:00:00+00:00,80.26000213623047,80.27999877929688,80.16999816894531,80.17500305175781,54
2026-05-08 05:15:00+00:00,80.46499633789062,80.47000122070312,80.19999694824219,80.22000122070312,107
2026-05-08 05:30:00+00:00,80.7300033569336,80.93000030517578,80.46499633789062,80.46499633789062,333
2026-05-08 05:45:00+00:00,80.97000122070312,81.07499694824219,80.66999816894531,80.7750015258789,328
2026-05-08 06:00:00+00:00,80.94000244140625,81.25,80.61000061035156,80.99500274658203,625
2026-05-08 06:15:00+00:00,81.20500183105469,81.20999908447266,80.8499984741211,80.94999694824219,374
2026-05-08 06:30:00+00:00,81.05999755859375,81.21499633789062,80.94499969482422,81.21499633789062,262
2026-05-08 06:45:00+00:00,80.8499984741211,81.02999877929688,80.79499816894531,81.00499725341797,269
2026-05-08 07:00:00+00:00,80.5,80.87000274658203,80.47000122070312,80.80999755859375,385
2026-05-08 07:15:00+00:00,80.18000030517578,80.59500122070312,79.86000061035156,80.46499633789062,620
2026-05-08 07:30:00+00:00,80.33000183105469,80.33000183105469,79.91000366210938,80.1500015258789,367
2026-05-08 07:45:00+00:00,80.42500305175781,80.5250015258789,80.2699966430664,80.3550033569336,261
2026-05-08 08:00:00+00:00,80.55000305175781,80.56500244140625,80.34500122070312,80.43000030517578,200
2026-05-08 08:15:00+00:00,80.78500366210938,80.875,80.54499816894531,80.54499816894531,352
2026-05-08 08:30:00+00:00,80.63999938964844,80.87999725341797,80.63999938964844,80.79499816894531,178
2026-05-08 08:45:00+00:00,80.68499755859375,80.77999877929688,80.62999725341797,80.62999725341797,133
2026-05-08 09:00:00+00:00,80.84500122070312,80.8949966430664,80.59500122070312,80.69999694824219,149
2026-05-08 09:15:00+00:00,81.01499938964844,81.13500213623047,80.80500030517578,80.8499984741211,246
2026-05-08 09:30:00+00:00,80.90499877929688,81.01499938964844,80.7699966430664,81.01499938964844,197
2026-05-08 09:45:00+00:00,80.73999786376953,80.91000366210938,80.56999969482422,80.8949966430664,361
2026-05-08 10:00:00+00:00,80.8550033569336,80.91500091552734,80.75499725341797,80.75499725341797,223
2026-05-08 10:15:00+00:00,81.0999984741211,81.25,80.875,80.88500213623047,263
2026-05-08 10:30:00+00:00,81.29000091552734,81.41000366210938,81.08000183105469,81.08000183105469,266
2026-05-08 10:45:00+00:00,81.16500091552734,81.32499694824219,80.91500091552734,81.29499816894531,270
2026-05-08 11:00:00+00:00,81.125,81.33499908447266,81.01000213623047,81.18499755859375,513
2026-05-08 11:15:00+00:00,81.13999938964844,81.20500183105469,81.0999984741211,81.12000274658203,124
2026-05-08 11:30:00+00:00,81.19000244140625,81.30000305175781,81.05500030517578,81.13500213623047,334
2026-05-08 11:45:00+00:00,81.29000091552734,81.30999755859375,81.00499725341797,81.19499969482422,339
2026-05-08 12:00:00+00:00,81.05999755859375,81.3949966430664,80.9800033569336,81.30000305175781,484
2026-05-08 12:15:00+00:00,81.13999938964844,81.25499725341797,80.90499877929688,81.08000183105469,558
2026-05-08 12:30:00+00:00,81.79000091552734,82.0,80.91999816894531,81.15499877929688,2174
2026-05-08 12:45:00+00:00,81.7300033569336,82.06500244140625,81.59500122070312,81.80000305175781,1019
2026-05-08 13:00:00+00:00,81.16999816894531,81.83000183105469,81.11000061035156,81.70999908447266,1540
2026-05-08 13:15:00+00:00,81.54499816894531,81.65499877929688,81.12999725341797,81.16500091552734,605
2026-05-08 13:30:00+00:00,81.7750015258789,82.16000366210938,81.5,81.55000305175781,1671
2026-05-08 13:45:00+00:00,82.07499694824219,82.08999633789062,81.68499755859375,81.81999969482422,732
2026-05-08 14:00:00+00:00,81.5,82.125,81.04000091552734,82.07499694824219,1474
2026-05-08 14:15:00+00:00,81.16000366210938,81.63999938964844,81.1500015258789,81.4800033569336,980
2026-05-08 14:30:00+00:00,81.47000122070312,81.5199966430664,81.06500244140625,81.16000366210938,633
2026-05-08 14:45:00+00:00,81.19000244140625,81.49500274658203,81.1050033569336,81.47000122070312,510
2026-05-08 15:00:00+00:00,80.73999786376953,81.37999725341797,80.66000366210938,81.12999725341797,823
2026-05-08 15:15:00+00:00,80.88999938964844,80.8949966430664,80.55000305175781,80.73999786376953,932
2026-05-08 15:30:00+00:00,80.55999755859375,80.9800033569336,80.44999694824219,80.9000015258789,812
2026-05-08 15:45:00+00:00,80.4749984741211,80.69000244140625,80.43000030517578,80.55000305175781,443
2026-05-08 16:00:00+00:00,80.70999908447266,80.75,80.42500305175781,80.47000122070312,582
2026-05-08 16:15:00+00:00,81.0250015258789,81.03500366210938,80.7300033569336,80.73500061035156,494
2026-05-08 16:30:00+00:00,80.88999938964844,81.08499908447266,80.87000274658203,81.04499816894531,293
2026-05-08 16:45:00+00:00,80.63500213623047,80.94999694824219,80.5999984741211,80.8949966430664,300
2026-05-08 17:00:00+00:00,80.61000061035156,80.73999786376953,80.58000183105469,80.625,437
2026-05-08 17:15:00+00:00,80.91500091552734,80.95999908447266,80.61000061035156,80.61000061035156,1393
2026-05-08 17:30:00+00:00,80.97000122070312,81.05000305175781,80.87000274658203,80.91999816894531,233
2026-05-08 17:45:00+00:00,80.91500091552734,81.0,80.88500213623047,80.95999908447266,212
2026-05-08 18:00:00+00:00,81.37999725341797,81.44000244140625,80.90499877929688,80.92500305175781,758
2026-05-08 18:15:00+00:00,81.19999694824219,81.4000015258789,81.08000183105469,81.4000015258789,290
2026-05-08 18:30:00+00:00,81.06999969482422,81.19000244140625,81.05500030517578,81.16500091552734,133
2026-05-08 18:45:00+00:00,81.01499938964844,81.11000061035156,80.96499633789062,81.05000305175781,130
2026-05-08 19:00:00+00:00,80.97000122070312,81.13999938964844,80.95500183105469,81.00499725341797,206
2026-05-08 19:15:00+00:00,81.06999969482422,81.13500213623047,80.95500183105469,80.98500061035156,243
2026-05-08 19:30:00+00:00,81.2750015258789,81.2750015258789,81.0,81.03500366210938,162
2026-05-08 19:45:00+00:00,81.19000244140625,81.30000305175781,81.11499786376953,81.28500366210938,374
2026-05-08 20:00:00+00:00,80.93499755859375,81.19000244140625,80.8949966430664,81.19000244140625,216
2026-05-08 20:15:00+00:00,80.88500213623047,80.95999908447266,80.81500244140625,80.93000030517578,123
2026-05-08 20:30:00+00:00,80.88500213623047,80.9749984741211,80.83000183105469,80.875,99
2026-05-08 20:45:00+00:00,80.86499786376953,80.91999816894531,80.80500030517578,80.90499877929688,180
2026-05-10 22:00:00+00:00,79.97000122070312,80.07499694824219,79.92500305175781,79.92500305175781,81
2026-05-10 22:15:00+00:00,80.2300033569336,80.2300033569336,79.75499725341797,79.9800033569336,162
2026-05-10 22:30:00+00:00,80.32499694824219,80.33499908447266,80.08999633789062,80.18000030517578,170
2026-05-10 22:45:00+00:00,80.44999694824219,80.52999877929688,80.28500366210938,80.30000305175781,174
2026-05-10 23:00:00+00:00,80.55999755859375,80.65499877929688,80.43000030517578,80.44000244140625,195
2026-05-10 23:15:00+00:00,80.7249984741211,80.80000305175781,80.54000091552734,80.54000091552734,135
2026-05-10 23:30:00+00:00,80.70999908447266,80.80999755859375,80.66500091552734,80.69999694824219,119
2026-05-10 23:45:00+00:00,80.48999786376953,80.7300033569336,80.41500091552734,80.6500015258789,71
2026-05-11 00:00:00+00:00,80.44999694824219,80.65499877929688,80.33000183105469,80.45999908447266,216
2026-05-11 00:15:00+00:00,80.56500244140625,80.69999694824219,80.30500030517578,80.45999908447266,177
2026-05-11 00:30:00+00:00,80.79000091552734,81.03500366210938,80.55000305175781,80.61000061035156,313
2026-05-11 00:45:00+00:00,80.55500030517578,80.79000091552734,80.11000061035156,80.7249984741211,403
2026-05-11 01:00:00+00:00,80.45999908447266,80.88999938964844,80.05500030517578,80.50499725341797,608
2026-05-11 01:15:00+00:00,81.1500015258789,81.29000091552734,80.43499755859375,80.5,406
2026-05-11 01:30:00+00:00,81.21499633789062,81.30000305175781,80.9800033569336,81.16000366210938,364
2026-05-11 01:45:00+00:00,81.30000305175781,81.40499877929688,81.0,81.25,665
2026-05-11 02:00:00+00:00,81.50499725341797,81.7750015258789,81.22000122070312,81.34500122070312,725
2026-05-11 02:15:00+00:00,81.63500213623047,81.63500213623047,81.4000015258789,81.51000213623047,108
2026-05-11 02:30:00+00:00,81.86499786376953,82.20500183105469,81.62000274658203,81.62000274658203,578
2026-05-11 02:45:00+00:00,81.5250015258789,82.00499725341797,81.46499633789062,81.86499786376953,391
2026-05-11 03:00:00+00:00,81.58999633789062,81.69000244140625,81.28500366210938,81.50499725341797,230
2026-05-11 03:15:00+00:00,81.53500366210938,81.58999633789062,81.37000274658203,81.58999633789062,162
2026-05-11 03:30:00+00:00,81.27999877929688,81.57499694824219,81.1449966430664,81.57499694824219,293
2026-05-11 03:45:00+00:00,81.19999694824219,81.3499984741211,81.11499786376953,81.29000091552734,42
2026-05-11 04:00:00+00:00,81.08000183105469,81.2300033569336,81.05999755859375,81.1500015258789,93
2026-05-11 04:15:00+00:00,80.98500061035156,81.15499877929688,80.88999938964844,81.08499908447266,158
2026-05-11 04:30:00+00:00,80.93499755859375,80.95999908447266,80.75,80.95500183105469,154
2026-05-11 04:45:00+00:00,80.83499908447266,81.02999877929688,80.83499908447266,80.96499633789062,96
2026-05-11 05:00:00+00:00,80.87000274658203,81.08000183105469,80.7750015258789,80.86000061035156,213
2026-05-11 05:15:00+00:00,80.7249984741211,80.95500183105469,80.69499969482422,80.87999725341797,151
2026-05-11 05:30:00+00:00,80.55999755859375,81.21499633789062,80.55500030517578,80.71499633789062,498
2026-05-11 05:45:00+00:00,80.3949966430664,80.7249984741211,80.2750015258789,80.55000305175781,467
2026-05-11 06:00:00+00:00,80.80999755859375,80.87999725341797,80.4000015258789,80.43000030517578,327
2026-05-11 06:15:00+00:00,80.94499969482422,80.98999786376953,80.77999877929688,80.80500030517578,213
2026-05-11 06:30:00+00:00,81.05000305175781,81.16500091552734,80.92500305175781,81.0,259
2026-05-11 06:45:00+00:00,81.16000366210938,81.29000091552734,80.98999786376953,81.03500366210938,217
2026-05-11 07:00:00+00:00,80.9800033569336,81.2300033569336,80.91999816894531,81.1500015258789,150
2026-05-11 07:15:00+00:00,81.07499694824219,81.1449966430664,80.92500305175781,80.97000122070312,156
2026-05-11 07:30:00+00:00,80.94499969482422,81.125,80.88500213623047,81.1050033569336,152
2026-05-11 07:45:00+00:00,80.83499908447266,80.93000030517578,80.72000122070312,80.93000030517578,136
2026-05-11 08:00:00+00:00,81.05000305175781,81.07499694824219,80.75499725341797,80.8550033569336,199
2026-05-11 08:15:00+00:00,80.95500183105469,81.23500061035156,80.95500183105469,81.03500366210938,221
2026-05-11 08:30:00+00:00,80.95500183105469,81.06500244140625,80.92500305175781,80.93000030517578,111
2026-05-11 08:45:00+00:00,80.81999969482422,80.95999908447266,80.81999969482422,80.95999908447266,137
2026-05-11 09:00:00+00:00,80.8499984741211,80.86000061035156,80.69000244140625,80.81999969482422,126
2026-05-11 09:15:00+00:00,80.70500183105469,80.87999725341797,80.68000030517578,80.87999725341797,87
2026-05-11 09:30:00+00:00,80.87999725341797,80.87999725341797,80.56999969482422,80.69000244140625,205
2026-05-11 09:45:00+00:00,80.71499633789062,80.95500183105469,80.68499755859375,80.86499786376953,101
2026-05-11 10:00:00+00:00,80.80500030517578,80.83000183105469,80.69000244140625,80.69000244140625,41
2026-05-11 10:15:00+00:00,80.93499755859375,81.00499725341797,80.79000091552734,80.81999969482422,136
2026-05-11 10:30:00+00:00,81.05000305175781,81.12000274658203,80.91000366210938,80.94999694824219,183
2026-05-11 10:45:00+00:00,80.96499633789062,81.12999725341797,80.91000366210938,81.05999755859375,104
2026-05-11 11:00:00+00:00,81.04499816894531,81.08000183105469,80.91999816894531,80.94499969482422,288
2026-05-11 11:15:00+00:00,81.19499969482422,81.20500183105469,80.9749984741211,81.02999877929688,130
2026-05-11 11:30:00+00:00,81.78500366210938,81.9800033569336,81.13999938964844,81.20999908447266,1089
2026-05-11 11:45:00+00:00,81.93000030517578,81.94999694824219,81.43000030517578,81.80500030517578,532
2026-05-11 12:00:00+00:00,81.75,82.11000061035156,81.66999816894531,81.95500183105469,883
2026-05-11 12:15:00+00:00,83.625,83.7300033569336,81.70999908447266,81.71499633789062,3495
2026-05-11 12:30:00+00:00,83.54000091552734,84.0,83.5,83.625,2506
2026-05-11 12:45:00+00:00,84.43499755859375,84.66000366210938,83.46499633789062,83.51499938964844,3476
2026-05-11 13:00:00+00:00,85.86499786376953,85.94999694824219,84.30999755859375,84.45500183105469,4643
2026-05-11 13:15:00+00:00,85.9749984741211,86.125,85.58000183105469,85.875,3288
2026-05-11 13:30:00+00:00,86.625,86.68499755859375,85.80000305175781,85.99500274658203,2847
2026-05-11 13:45:00+00:00,86.37000274658203,86.63500213623047,86.19999694824219,86.625,2837
2026-05-11 14:00:00+00:00,85.90499877929688,86.41999816894531,85.16999816894531,86.36000061035156,3421
2026-05-11 14:15:00+00:00,85.41500091552734,85.93499755859375,85.37999725341797,85.91000366210938,1277
2026-05-11 14:30:00+00:00,85.73999786376953,85.81500244140625,84.9749984741211,85.42500305175781,1898
2026-05-11 14:45:00+00:00,85.69999694824219,85.80500030517578,85.51499938964844,85.74500274658203,684
2026-05-11 15:00:00+00:00,86.01499938964844,86.2699966430664,85.62000274658203,85.68000030517578,1293
2026-05-11 15:15:00+00:00,86.43000030517578,86.63500213623047,85.94000244140625,86.0199966430664,1118
2026-05-11 15:30:00+00:00,86.5199966430664,86.7300033569336,86.33000183105469,86.44000244140625,1036
2026-05-11 15:45:00+00:00,86.7249984741211,86.80000305175781,86.3499984741211,86.45500183105469,913
2026-05-11 16:00:00+00:00,86.4000015258789,86.79499816894531,86.34500122070312,86.74500274658203,595
2026-05-11 16:15:00+00:00,86.29000091552734,86.44000244140625,86.22000122070312,86.41999816894531,694
2026-05-11 16:30:00+00:00,85.86000061035156,86.41999816894531,85.7750015258789,86.2699966430664,956
2026-05-11 16:45:00+00:00,85.94000244140625,86.04000091552734,85.7300033569336,85.8550033569336,689
2026-05-11 17:00:00+00:00,85.80999755859375,86.04499816894531,85.7699966430664,85.95999908447266,776
2026-05-11 17:15:00+00:00,86.13500213623047,86.19499969482422,85.75,85.78500366210938,2666
2026-05-11 17:30:00+00:00,86.33000183105469,86.38500213623047,86.12999725341797,86.13500213623047,386
2026-05-11 17:45:00+00:00,86.3949966430664,86.3949966430664,86.2300033569336,86.30000305175781,300
2026-05-11 18:00:00+00:00,86.33000183105469,86.61000061035156,86.2699966430664,86.3949966430664,467
2026-05-11 18:15:00+00:00,86.58000183105469,86.6449966430664,86.2249984741211,86.34500122070312,669
2026-05-11 18:30:00+00:00,86.6050033569336,86.69000244140625,86.55000305175781,86.55999755859375,248
2026-05-11 18:45:00+00:00,86.55999755859375,86.83000183105469,86.51499938964844,86.625,347
2026-05-11 19:00:00+00:00,86.68499755859375,86.84500122070312,86.51499938964844,86.55000305175781,285
2026-05-11 19:15:00+00:00,86.71499633789062,86.76000213623047,86.6500015258789,86.69999694824219,185
2026-05-11 19:30:00+00:00,86.74500274658203,86.79499816894531,86.51499938964844,86.69999694824219,819
2026-05-11 19:45:00+00:00,86.83499908447266,86.8949966430664,86.73999786376953,86.75499725341797,594
2026-05-11 20:00:00+00:00,86.58000183105469,86.875,86.33999633789062,86.87000274658203,427
2026-05-11 20:15:00+00:00,86.71499633789062,86.7249984741211,86.54499816894531,86.56500244140625,71
2026-05-11 20:30:00+00:00,86.9000015258789,86.94499969482422,86.70999908447266,86.70999908447266,173
2026-05-11 20:45:00+00:00,86.80500030517578,86.9749984741211,86.73500061035156,86.88500213623047,210
2026-05-11 22:00:00+00:00,87.0199966430664,87.13500213623047,86.73999786376953,86.73999786376953,81
2026-05-11 22:15:00+00:00,87.12000274658203,87.19999694824219,86.97000122070312,87.00499725341797,148
2026-05-11 22:30:00+00:00,87.53500366210938,87.53500366210938,87.06999969482422,87.09500122070312,402
2026-05-11 22:45:00+00:00,87.66000366210938,87.79499816894531,87.5,87.54499816894531,384
2026-05-11 23:00:00+00:00,87.16500091552734,87.91999816894531,86.83499908447266,87.69999694824219,775
2026-05-11 23:15:00+00:00,87.38999938964844,87.51499938964844,87.17500305175781,87.17500305175781,262
2026-05-11 23:30:00+00:00,87.63500213623047,88.0,87.36000061035156,87.36499786376953,1031
2026-05-11 23:45:00+00:00,87.93000030517578,87.98500061035156,87.51499938964844,87.66000366210938,201
2026-05-12 00:00:00+00:00,87.55999755859375,87.91000366210938,87.19000244140625,87.91000366210938,309
2026-05-12 00:15:00+00:00,87.34500122070312,87.78500366210938,86.98500061035156,87.50499725341797,371
2026-05-12 00:30:00+00:00,87.05999755859375,87.34500122070312,87.05999755859375,87.34500122070312,177
2026-05-12 00:45:00+00:00,86.7699966430664,87.21499633789062,86.72000122070312,87.09500122070312,315
2026-05-12 01:00:00+00:00,87.5,87.6449966430664,86.57499694824219,86.76000213623047,858
2026-05-12 01:15:00+00:00,87.05000305175781,87.76499938964844,87.05000305175781,87.45500183105469,529
2026-05-12 01:30:00+00:00,86.79000091552734,87.34500122070312,86.17500305175781,87.04000091552734,1132
2026-05-12 01:45:00+00:00,86.69999694824219,86.88999938964844,86.56999969482422,86.79000091552734,448
2026-05-12 02:00:00+00:00,86.95500183105469,87.18499755859375,86.73999786376953,86.73999786376953,380
2026-05-12 02:15:00+00:00,86.69499969482422,87.0,86.61000061035156,86.96499633789062,234
2026-05-12 02:30:00+00:00,86.66500091552734,86.8949966430664,86.2249984741211,86.73500061035156,560
2026-05-12 02:45:00+00:00,86.96499633789062,87.1449966430664,86.58499908447266,86.65499877929688,377
2026-05-12 03:00:00+00:00,86.96499633789062,87.1050033569336,86.79000091552734,86.99500274658203,208
2026-05-12 03:15:00+00:00,86.69499969482422,86.9800033569336,86.6050033569336,86.9749984741211,205
2026-05-12 03:30:00+00:00,86.90499877929688,87.12000274658203,86.72000122070312,86.72000122070312,164
2026-05-12 03:45:00+00:00,86.76499938964844,86.94999694824219,86.56500244140625,86.94000244140625,178
2026-05-12 04:00:00+00:00,86.91999816894531,87.0,86.74500274658203,86.77999877929688,118
2026-05-12 04:15:00+00:00,86.81500244140625,87.18000030517578,86.78500366210938,86.94999694824219,217
2026-05-12 04:30:00+00:00,86.91999816894531,87.0199966430664,86.79499816894531,86.80500030517578,171
2026-05-12 04:45:00+00:00,86.72000122070312,86.97000122070312,86.57499694824219,86.95999908447266,169
2026-05-12 05:00:00+00:00,86.44000244140625,86.88500213623047,86.30999755859375,86.63500213623047,404
2026-05-12 05:15:00+00:00,86.51000213623047,86.53500366210938,86.31999969482422,86.45999908447266,177
2026-05-12 05:30:00+00:00,86.31999969482422,86.83000183105469,86.19999694824219,86.48999786376953,492
2026-05-12 05:45:00+00:00,86.20999908447266,86.41999816894531,85.87999725341797,86.3499984741211,737
2026-05-12 06:00:00+00:00,85.54499816894531,86.21499633789062,85.44999694824219,86.21499633789062,1060
2026-05-12 06:15:00+00:00,85.375,85.80999755859375,85.33499908447266,85.56500244140625,574
2026-05-12 06:30:00+00:00,85.16999816894531,85.55000305175781,85.04499816894531,85.38500213623047,960
2026-05-12 06:45:00+00:00,84.91000366210938,85.36000061035156,84.45999908447266,85.1500015258789,1808
2026-05-12 07:00:00+00:00,84.81500244140625,84.9800033569336,84.1500015258789,84.875,1037
2026-05-12 07:15:00+00:00,84.8949966430664,85.05999755859375,84.69000244140625,84.80500030517578,383
2026-05-12 07:30:00+00:00,84.95999908447266,85.05500030517578,84.7300033569336,84.91999816894531,317
2026-05-12 07:45:00+00:00,85.16000366210938,85.40499877929688,84.81500244140625,84.95500183105469,930
2026-05-12 08:00:00+00:00,84.87999725341797,85.41000366210938,84.75499725341797,85.16000366210938,652
2026-05-12 08:15:00+00:00,84.9749984741211,85.12000274658203,84.79000091552734,84.83999633789062,216
2026-05-12 08:30:00+00:00,84.875,85.01000213623047,84.62999725341797,84.95999908447266,252
2026-05-12 08:45:00+00:00,84.9749984741211,85.06999969482422,84.7750015258789,84.81999969482422,187
2026-05-12 09:00:00+00:00,84.73999786376953,85.01000213623047,84.73999786376953,84.9749984741211,140
2026-05-12 09:15:00+00:00,84.68000030517578,84.83999633789062,84.54499816894531,84.7249984741211,213
2026-05-12 09:30:00+00:00,84.72000122070312,85.11000061035156,84.68499755859375,84.69999694824219,470
2026-05-12 09:45:00+00:00,84.69999694824219,84.87999725341797,84.55500030517578,84.73999786376953,305
2026-05-12 10:00:00+00:00,85.08999633789062,85.1449966430664,84.67500305175781,84.68000030517578,533
2026-05-12 10:15:00+00:00,84.70999908447266,85.05000305175781,84.68499755859375,85.05000305175781,324
2026-05-12 10:30:00+00:00,84.3949966430664,84.70999908447266,84.28500366210938,84.70999908447266,593
2026-05-12 10:45:00+00:00,84.44499969482422,84.49500274658203,84.25,84.3949966430664,305
2026-05-12 11:00:00+00:00,84.125,84.69000244140625,83.81999969482422,84.4800033569336,1248
2026-05-12 11:15:00+00:00,84.37000274658203,84.37000274658203,83.99500274658203,84.15499877929688,345
2026-05-12 11:30:00+00:00,84.6449966430664,84.72000122070312,84.3499984741211,84.3499984741211,500
2026-05-12 11:45:00+00:00,84.87000274658203,84.90499877929688,84.5250015258789,84.63999938964844,379
2026-05-12 12:00:00+00:00,84.37000274658203,84.8949966430664,84.2300033569336,84.87000274658203,712
2026-05-12 12:15:00+00:00,84.69000244140625,84.7699966430664,84.27999877929688,84.3499984741211,955
2026-05-12 12:30:00+00:00,85.0250015258789,85.2300033569336,84.04000091552734,84.5999984741211,1583
2026-05-12 12:45:00+00:00,85.23500061035156,85.58000183105469,85.02999877929688,85.02999877929688,1000
2026-05-12 13:00:00+00:00,85.13500213623047,85.66000366210938,84.98500061035156,85.20500183105469,1411
2026-05-12 13:15:00+00:00,85.19999694824219,85.25,84.66999816894531,85.08999633789062,1242
2026-05-12 13:30:00+00:00,85.93000030517578,86.01499938964844,85.1500015258789,85.19999694824219,2203
2026-05-12 13:45:00+00:00,85.17500305175781,86.05000305175781,85.12000274658203,85.92500305175781,1612
2026-05-12 14:00:00+00:00,86.05500030517578,86.12999725341797,85.0,85.18499755859375,1515
2026-05-12 14:15:00+00:00,85.70999908447266,86.06999969482422,85.5999984741211,86.05500030517578,1174
2026-05-12 14:30:00+00:00,85.68000030517578,85.79499816894531,85.22000122070312,85.69499969482422,1342
2026-05-12 14:45:00+00:00,85.0199966430664,85.66999816894531,84.90499877929688,85.65499877929688,1697
2026-05-12 15:00:00+00:00,84.71499633789062,85.13500213623047,84.71499633789062,85.01000213623047,1224
2026-05-12 15:15:00+00:00,84.2750015258789,84.76499938964844,83.66999816894531,84.69999694824219,2835
2026-05-12 15:30:00+00:00,84.74500274658203,84.82499694824219,84.18000030517578,84.26499938964844,1144
2026-05-12 15:45:00+00:00,84.7699966430664,84.9000015258789,84.61499786376953,84.76000213623047,850
2026-05-12 16:00:00+00:00,85.1449966430664,85.20500183105469,84.69999694824219,84.80500030517578,963
2026-05-12 16:15:00+00:00,85.03500366210938,85.20999908447266,84.94499969482422,85.12000274658203,983
2026-05-12 16:30:00+00:00,84.97000122070312,85.16999816894531,84.91000366210938,85.05000305175781,705
2026-05-12 16:45:00+00:00,85.27999877929688,85.36000061035156,84.79499816894531,84.9800033569336,547
2026-05-12 17:00:00+00:00,85.58499908447266,85.69499969482422,85.30000305175781,85.30000305175781,1093
2026-05-12 17:15:00+00:00,85.56999969482422,85.76499938964844,85.5,85.59500122070312,1318
2026-05-12 17:30:00+00:00,85.93000030517578,85.95500183105469,85.5,85.59500122070312,516
2026-05-12 17:45:00+00:00,85.72000122070312,85.9800033569336,85.68499755859375,85.94000244140625,330
2026-05-12 18:00:00+00:00,85.69499969482422,85.93499755859375,85.53500366210938,85.72000122070312,537
2026-05-12 18:15:00+00:00,86.05000305175781,86.12999725341797,85.66000366210938,85.68499755859375,487
2026-05-12 18:30:00+00:00,86.57499694824219,86.6050033569336,86.03500366210938,86.04499816894531,784
2026-05-12 18:45:00+00:00,86.73500061035156,86.86000061035156,86.37000274658203,86.55999755859375,560
2026-05-12 19:00:00+00:00,86.95999908447266,87.1449966430664,86.75499725341797,86.75499725341797,625
2026-05-12 19:15:00+00:00,86.90499877929688,87.01499938964844,86.6449966430664,86.9800033569336,724
2026-05-12 19:30:00+00:00,87.2249984741211,87.2699966430664,86.91500091552734,86.93499755859375,548
2026-05-12 19:45:00+00:00,87.375,87.45999908447266,87.19999694824219,87.21499633789062,503
2026-05-12 20:00:00+00:00,87.30000305175781,87.45500183105469,87.19000244140625,87.375,352
2026-05-12 20:15:00+00:00,87.2249984741211,87.4000015258789,87.19000244140625,87.30500030517578,138
2026-05-12 20:30:00+00:00,87.21499633789062,87.27999877929688,87.12999725341797,87.25,92
2026-05-12 20:45:00+00:00,87.20500183105469,87.2699966430664,87.11499786376953,87.2300033569336,154
2026-05-12 22:00:00+00:00,87.43499755859375,87.58499908447266,87.26499938964844,87.31999969482422,72
2026-05-12 22:15:00+00:00,87.58999633789062,87.6500015258789,87.44999694824219,87.44999694824219,184
2026-05-12 22:30:00+00:00,87.51499938964844,87.62999725341797,87.5,87.58499908447266,65
2026-05-12 22:45:00+00:00,87.46499633789062,87.7249984741211,87.46499633789062,87.5250015258789,102
2026-05-12 23:00:00+00:00,87.43000030517578,87.59500122070312,87.42500305175781,87.46499633789062,61
2026-05-12 23:15:00+00:00,87.54000091552734,87.54000091552734,87.31999969482422,87.41999816894531,104
2026-05-12 23:30:00+00:00,87.7750015258789,87.78500366210938,87.5,87.5,276
2026-05-12 23:45:00+00:00,87.8949966430664,88.0199966430664,87.61000061035156,87.80000305175781,383
2026-05-13 00:00:00+00:00,87.91999816894531,88.3550033569336,87.69999694824219,87.86000061035156,1165
2026-05-13 00:15:00+00:00,88.19999694824219,88.30000305175781,87.8949966430664,87.91000366210938,255
2026-05-13 00:30:00+00:00,88.22000122070312,88.44000244140625,88.02999877929688,88.24500274658203,291
2026-05-13 00:45:00+00:00,87.94000244140625,88.26499938964844,87.91000366210938,88.18000030517578,363
2026-05-13 01:00:00+00:00,88.29000091552734,88.58000183105469,87.70500183105469,87.96499633789062,1323
2026-05-13 01:15:00+00:00,87.56999969482422,88.3949966430664,87.54000091552734,88.31999969482422,495
2026-05-13 01:30:00+00:00,87.82499694824219,87.91000366210938,87.30500030517578,87.54000091552734,845
2026-05-13 01:45:00+00:00,87.55500030517578,88.04499816894531,87.44499969482422,87.87999725341797,395
2026-05-13 02:00:00+00:00,87.63500213623047,87.9800033569336,87.48999786376953,87.52999877929688,407
2026-05-13 02:15:00+00:00,87.67500305175781,87.82499694824219,87.55999755859375,87.58999633789062,148
2026-05-13 02:30:00+00:00,87.33499908447266,87.69499969482422,87.32499694824219,87.69499969482422,400
2026-05-13 02:45:00+00:00,86.90499877929688,87.37999725341797,86.66000366210938,87.37000274658203,780
2026-05-13 03:00:00+00:00,87.11499786376953,87.12999725341797,86.78500366210938,86.97000122070312,183
2026-05-13 03:15:00+00:00,87.27999877929688,87.37999725341797,87.01499938964844,87.1050033569336,274
2026-05-13 03:30:00+00:00,87.6050033569336,87.70999908447266,87.2699966430664,87.27999877929688,343
2026-05-13 03:45:00+00:00,87.2750015258789,87.68499755859375,87.2750015258789,87.61000061035156,281
2026-05-13 04:00:00+00:00,87.37999725341797,87.5,87.33999633789062,87.33999633789062,105
2026-05-13 04:15:00+00:00,87.37000274658203,87.48500061035156,87.34500122070312,87.41999816894531,107
2026-05-13 04:30:00+00:00,87.15499877929688,87.42500305175781,87.0999984741211,87.3499984741211,166
2026-05-13 04:45:00+00:00,87.125,87.26000213623047,87.06500244140625,87.125,176
2026-05-13 05:00:00+00:00,87.33499908447266,87.44499969482422,87.01000213623047,87.06999969482422,174
2026-05-13 05:15:00+00:00,86.8499984741211,87.30999755859375,86.83499908447266,87.30999755859375,274
2026-05-13 05:30:00+00:00,86.70999908447266,86.94999694824219,86.33000183105469,86.82499694824219,685
2026-05-13 05:45:00+00:00,87.13500213623047,87.17500305175781,86.67500305175781,86.75,160
2026-05-13 06:00:00+00:00,87.40499877929688,87.41000366210938,87.0199966430664,87.1500015258789,399
2026-05-13 06:15:00+00:00,87.32499694824219,87.65499877929688,87.26499938964844,87.41500091552734,505
2026-05-13 06:30:00+00:00,87.5250015258789,87.56999969482422,87.27999877929688,87.28500366210938,330
2026-05-13 06:45:00+00:00,87.34500122070312,87.54000091552734,87.18000030517578,87.54000091552734,290
2026-05-13 07:00:00+00:00,87.4000015258789,87.50499725341797,87.20999908447266,87.31500244140625,371
2026-05-13 07:15:00+00:00,87.50499725341797,87.66999816894531,87.3949966430664,87.3949966430664,310
2026-05-13 07:30:00+00:00,87.33499908447266,87.51000213623047,87.26000213623047,87.51000213623047,125
2026-05-13 07:45:00+00:00,87.2300033569336,87.41000366210938,87.02999877929688,87.33999633789062,290
2026-05-13 08:00:00+00:00,87.19000244140625,87.29499816894531,87.09500122070312,87.23500061035156,109
2026-05-13 08:15:00+00:00,87.0199966430664,87.2249984741211,86.8949966430664,87.21499633789062,308
2026-05-13 08:30:00+00:00,87.01000213623047,87.2249984741211,86.97000122070312,87.04499816894531,170
2026-05-13 08:45:00+00:00,87.18499755859375,87.25,86.94000244140625,87.0199966430664,144
2026-05-13 09:00:00+00:00,86.95999908447266,87.22000122070312,86.95999908447266,87.16500091552734,97
2026-05-13 09:15:00+00:00,87.07499694824219,87.19000244140625,86.875,87.0199966430664,320
2026-05-13 09:30:00+00:00,87.2750015258789,87.33499908447266,86.98999786376953,87.07499694824219,240
2026-05-13 09:45:00+00:00,87.52999877929688,87.62000274658203,87.2750015258789,87.31999969482422,298
2026-05-13 10:00:00+00:00,87.83499908447266,88.23500061035156,87.52999877929688,87.53500366210938,676
2026-05-13 10:15:00+00:00,87.67500305175781,87.93000030517578,87.56999969482422,87.82499694824219,338
2026-05-13 10:30:00+00:00,87.52999877929688,87.69999694824219,87.4749984741211,87.6449966430664,242
2026-05-13 10:45:00+00:00,87.3949966430664,87.5999984741211,87.3550033569336,87.52999877929688,125
2026-05-13 11:00:00+00:00,87.8499984741211,87.8499984741211,87.33000183105469,87.3949966430664,379
2026-05-13 11:15:00+00:00,87.80500030517578,87.86499786376953,87.52999877929688,87.84500122070312,256
2026-05-13 11:30:00+00:00,88.17500305175781,88.30999755859375,87.76499938964844,87.76499938964844,635
2026-05-13 11:45:00+00:00,87.86499786376953,88.38500213623047,87.81999969482422,88.18000030517578,455
2026-05-13 12:00:00+00:00,87.82499694824219,88.05000305175781,87.70500183105469,87.8499984741211,461
2026-05-13 12:15:00+00:00,87.45999908447266,87.81999969482422,87.05000305175781,87.81999969482422,1061
2026-05-13 12:30:00+00:00,87.125,87.5,86.69000244140625,87.5,1827
2026-05-13 12:45:00+00:00,87.09500122070312,87.26499938964844,86.76499938964844,87.09500122070312,1161
2026-05-13 13:00:00+00:00,87.66500091552734,87.70500183105469,87.08999633789062,87.09500122070312,1015
2026-05-13 13:15:00+00:00,87.625,87.82499694824219,87.55500030517578,87.67500305175781,931
2026-05-13 13:30:00+00:00,87.79499816894531,88.08000183105469,87.21499633789062,87.62000274658203,1734
2026-05-13 13:45:00+00:00,87.82499694824219,87.94499969482422,87.21499633789062,87.80999755859375,1260
2026-05-13 14:00:00+00:00,88.19499969482422,88.29000091552734,87.56999969482422,87.80000305175781,1160
2026-05-13 14:15:00+00:00,88.44000244140625,88.5,87.83000183105469,88.19000244140625,1131
2026-05-13 14:30:00+00:00,88.68499755859375,88.96499633789062,88.3949966430664,88.41000366210938,2071
2026-05-13 14:45:00+00:00,88.59500122070312,88.9800033569336,88.4749984741211,88.69000244140625,997
2026-05-13 15:00:00+00:00,89.08000183105469,89.37999725341797,88.5250015258789,88.58499908447266,1487
2026-05-13 15:15:00+00:00,89.11000061035156,89.19999694824219,88.98999786376953,89.07499694824219,733
2026-05-13 15:30:00+00:00,89.36000061035156,89.45999908447266,88.93499755859375,89.08999633789062,923
2026-05-13 15:45:00+00:00,89.55500030517578,89.56500244140625,89.29000091552734,89.36499786376953,697
2026-05-13 16:00:00+00:00,89.93000030517578,89.96499633789062,89.51000213623047,89.55999755859375,1856
2026-05-13 16:15:00+00:00,90.02999877929688,90.1050033569336,89.66999816894531,89.93499755859375,1789
2026-05-13 16:30:00+00:00,89.68000030517578,90.08499908447266,89.58999633789062,90.05500030517578,1568
2026-05-13 16:45:00+00:00,89.36499786376953,89.83499908447266,89.33000183105469,89.68499755859375,1405
2026-05-13 17:00:00+00:00,89.80000305175781,89.83000183105469,89.33999633789062,89.375,792
2026-05-13 17:15:00+00:00,89.20999908447266,89.83999633789062,89.17500305175781,89.79499816894531,2058
2026-05-13 17:30:00+00:00,88.66999816894531,89.23500061035156,88.62000274658203,89.23500061035156,1051
2026-05-13 17:45:00+00:00,88.58999633789062,88.80500030517578,88.51499938964844,88.66999816894531,460
2026-05-13 18:00:00+00:00,88.92500305175781,88.99500274658203,88.5250015258789,88.54000091552734,488
2026-05-13 18:15:00+00:00,88.875,88.97000122070312,88.62000274658203,88.94499969482422,429
2026-05-13 18:30:00+00:00,88.41500091552734,88.93000030517578,88.36000061035156,88.86499786376953,673
2026-05-13 18:45:00+00:00,88.2249984741211,88.5250015258789,87.94000244140625,88.41500091552734,1004
2026-05-13 19:00:00+00:00,88.5999984741211,88.61000061035156,88.22000122070312,88.25499725341797,346
2026-05-13 19:15:00+00:00,88.46499633789062,88.62000274658203,88.4000015258789,88.58999633789062,218
2026-05-13 19:30:00+00:00,88.44000244140625,88.51000213623047,88.30500030517578,88.4800033569336,189
2026-05-13 19:45:00+00:00,88.31500244140625,88.4749984741211,88.26499938964844,88.41500091552734,316
2026-05-13 20:00:00+00:00,88.27999877929688,88.3499984741211,88.13500213623047,88.31500244140625,321
2026-05-13 20:15:00+00:00,88.30500030517578,88.45999908447266,88.26000213623047,88.29000091552734,130
2026-05-13 20:30:00+00:00,88.2300033569336,88.3499984741211,88.11000061035156,88.31999969482422,146
2026-05-13 20:45:00+00:00,88.15499877929688,88.26499938964844,88.07499694824219,88.26499938964844,135
2026-05-13 22:00:00+00:00,88.30000305175781,88.41500091552734,88.125,88.125,48
2026-05-13 22:15:00+00:00,88.45999908447266,88.56500244140625,88.30000305175781,88.30500030517578,185
2026-05-13 22:30:00+00:00,88.625,88.63500213623047,88.41500091552734,88.4800033569336,68
2026-05-13 22:45:00+00:00,88.51499938964844,88.6050033569336,88.4800033569336,88.6050033569336,222
2026-05-13 23:00:00+00:00,88.55500030517578,88.58999633789062,88.40499877929688,88.53500366210938,147
2026-05-13 23:15:00+00:00,88.3499984741211,88.55999755859375,88.2300033569336,88.55500030517578,93
2026-05-13 23:30:00+00:00,88.29499816894531,88.44499969482422,88.28500366210938,88.34500122070312,100
2026-05-13 23:45:00+00:00,88.41500091552734,88.41999816894531,88.0999984741211,88.33999633789062,232
2026-05-14 00:00:00+00:00,88.45500183105469,88.55999755859375,88.06500244140625,88.4000015258789,617
2026-05-14 00:15:00+00:00,88.2249984741211,88.70999908447266,88.125,88.48500061035156,308
2026-05-14 00:30:00+00:00,88.37000274658203,88.37999725341797,88.02999877929688,88.2249984741211,250
2026-05-14 00:45:00+00:00,88.74500274658203,88.81999969482422,88.26000213623047,88.38999938964844,917
2026-05-14 01:00:00+00:00,87.91000366210938,89.16500091552734,87.62999725341797,88.75,1895
2026-05-14 01:15:00+00:00,88.28500366210938,88.37000274658203,87.68000030517578,87.8499984741211,513
2026-05-14 01:30:00+00:00,88.00499725341797,88.23999786376953,87.7750015258789,88.19499969482422,293
2026-05-14 01:45:00+00:00,87.90499877929688,88.3499984741211,87.63500213623047,88.05000305175781,373
2026-05-14 02:00:00+00:00,87.72000122070312,88.06999969482422,87.63999938964844,87.94999694824219,216
2026-05-14 02:15:00+00:00,88.08499908447266,88.13500213623047,87.72000122070312,87.7750015258789,266
2026-05-14 02:30:00+00:00,87.94000244140625,88.375,87.7249984741211,88.07499694824219,420
2026-05-14 02:45:00+00:00,87.62999725341797,88.00499725341797,87.375,87.92500305175781,559
2026-05-14 03:00:00+00:00,87.26499938964844,87.91000366210938,87.19999694824219,87.625,677
2026-05-14 03:15:00+00:00,87.66500091552734,87.67500305175781,87.12999725341797,87.31500244140625,478
2026-05-14 03:30:00+00:00,87.12000274658203,87.70999908447266,86.96499633789062,87.69999694824219,642
2026-05-14 03:45:00+00:00,87.0250015258789,87.23999786376953,86.91000366210938,87.13500213623047,432
2026-05-14 04:00:00+00:00,87.2249984741211,87.2699966430664,86.80000305175781,86.95500183105469,366
2026-05-14 04:15:00+00:00,87.66500091552734,87.87999725341797,87.23500061035156,87.23500061035156,405
2026-05-14 04:30:00+00:00,87.68499755859375,87.91500091552734,87.56500244140625,87.66000366210938,371
2026-05-14 04:45:00+00:00,87.5,87.7750015258789,87.4800033569336,87.6500015258789,297
2026-05-14 05:00:00+00:00,87.49500274658203,87.78500366210938,87.44499969482422,87.48500061035156,343
2026-05-14 05:15:00+00:00,87.4800033569336,87.63999938964844,87.40499877929688,87.47000122070312,198
2026-05-14 05:30:00+00:00,87.87999725341797,87.91000366210938,87.44000244140625,87.45500183105469,512
2026-05-14 05:45:00+00:00,87.51000213623047,88.05999755859375,87.51000213623047,87.88500213623047,372
2026-05-14 06:00:00+00:00,87.6500015258789,87.87000274658203,87.4749984741211,87.5,205
2026-05-14 06:15:00+00:00,87.70500183105469,87.81999969482422,87.55000305175781,87.6050033569336,129
2026-05-14 06:30:00+00:00,87.83999633789062,87.86000061035156,87.5199966430664,87.66000366210938,231
2026-05-14 06:45:00+00:00,87.76000213623047,87.98999786376953,87.52999877929688,87.82499694824219,308
2026-05-14 07:00:00+00:00,87.32499694824219,87.74500274658203,87.19999694824219,87.69999694824219,403
2026-05-14 07:15:00+00:00,87.86499786376953,87.91999816894531,87.25,87.33000183105469,310
2026-05-14 07:30:00+00:00,87.94999694824219,88.16500091552734,87.67500305175781,87.8550033569336,384
2026-05-14 07:45:00+00:00,87.58499908447266,87.9749984741211,87.51499938964844,87.93000030517578,253
2026-05-14 08:00:00+00:00,87.84500122070312,87.90499877929688,87.51000213623047,87.55999755859375,150
2026-05-14 08:15:00+00:00,88.03500366210938,88.03500366210938,87.81999969482422,87.90499877929688,149
2026-05-14 08:30:00+00:00,87.70999908447266,88.16000366210938,87.66500091552734,88.08499908447266,216
2026-05-14 08:45:00+00:00,87.58000183105469,87.76000213623047,87.57499694824219,87.72000122070312,123
2026-05-14 09:00:00+00:00,87.6050033569336,87.81999969482422,87.48500061035156,87.57499694824219,298
2026-05-14 09:15:00+00:00,87.58499908447266,87.76000213623047,87.58499908447266,87.6449966430664,60
2026-05-14 09:30:00+00:00,87.76000213623047,87.875,87.25,87.52999877929688,420
2026-05-14 09:45:00+00:00,87.7300033569336,88.03500366210938,87.7300033569336,87.7750015258789,515
2026-05-14 10:00:00+00:00,87.55500030517578,87.83499908447266,87.44999694824219,87.74500274658203,546
2026-05-14 10:15:00+00:00,87.47000122070312,87.62999725341797,87.3550033569336,87.55999755859375,445
2026-05-14 10:30:00+00:00,87.44499969482422,87.56999969482422,87.36499786376953,87.4800033569336,503
2026-05-14 10:45:00+00:00,87.70999908447266,87.78500366210938,87.4000015258789,87.45500183105469,498
2026-05-14 11:00:00+00:00,87.55500030517578,87.81999969482422,87.25499725341797,87.70999908447266,533
2026-05-14 11:15:00+00:00,87.12000274658203,87.54000091552734,87.04000091552734,87.54000091552734,407
2026-05-14 11:30:00+00:00,87.37999725341797,87.43000030517578,87.04000091552734,87.12000274658203,275
2026-05-14 11:45:00+00:00,87.29000091552734,87.62999725341797,87.29000091552734,87.31999969482422,303
2026-05-14 12:00:00+00:00,87.45999908447266,87.58999633789062,87.2300033569336,87.23999786376953,403
2026-05-14 12:15:00+00:00,87.1500015258789,87.62999725341797,87.11000061035156,87.48999786376953,814
2026-05-14 12:30:00+00:00,86.79499816894531,87.28500366210938,86.75,87.28500366210938,1377
2026-05-14 12:45:00+00:00,87.125,87.23999786376953,86.66999816894531,86.78500366210938,731
2026-05-14 13:00:00+00:00,86.83999633789062,87.33499908447266,86.4800033569336,87.12000274658203,1659
2026-05-14 13:15:00+00:00,85.94999694824219,86.87000274658203,85.76499938964844,86.8499984741211,2553
2026-05-14 13:30:00+00:00,85.0199966430664,85.91000366210938,84.63999938964844,85.91000366210938,3939
2026-05-14 13:45:00+00:00,84.48500061035156,85.4000015258789,84.375,85.00499725341797,2174
2026-05-14 14:00:00+00:00,85.125,85.16500091552734,84.36000061035156,84.47000122070312,2158
2026-05-14 14:15:00+00:00,85.2249984741211,85.6050033569336,85.03500366210938,85.12999725341797,1630
2026-05-14 14:30:00+00:00,85.36000061035156,85.55999755859375,85.16999816894531,85.20999908447266,811
2026-05-14 14:45:00+00:00,85.0199966430664,85.51499938964844,85.0199966430664,85.37000274658203,629
2026-05-14 15:00:00+00:00,85.33999633789062,85.41000366210938,84.97000122070312,85.01000213623047,776
2026-05-14 15:15:00+00:00,85.67500305175781,85.76499938964844,85.20999908447266,85.33499908447266,887
2026-05-14 15:30:00+00:00,85.54499816894531,85.80500030517578,85.47000122070312,85.6050033569336,584
2026-05-14 15:45:00+00:00,85.43499755859375,85.625,85.28500366210938,85.57499694824219,526
2026-05-14 16:00:00+00:00,85.33999633789062,85.54000091552734,85.12999725341797,85.44499969482422,696
2026-05-14 16:15:00+00:00,85.19000244140625,85.53500366210938,85.16500091552734,85.3550033569336,367
2026-05-14 16:30:00+00:00,85.16000366210938,85.26000213623047,84.81999969482422,85.2249984741211,722
2026-05-14 16:45:00+00:00,85.28500366210938,85.33999633789062,85.03500366210938,85.1500015258789,663
2026-05-14 17:00:00+00:00,85.17500305175781,85.4749984741211,85.11000061035156,85.30000305175781,721
2026-05-14 17:15:00+00:00,85.27999877929688,85.42500305175781,85.11000061035156,85.16000366210938,1218
2026-05-14 17:30:00+00:00,85.47000122070312,85.51000213623047,85.2300033569336,85.30999755859375,279
2026-05-14 17:45:00+00:00,85.33499908447266,85.48500061035156,85.33499908447266,85.46499633789062,417
2026-05-14 18:00:00+00:00,85.18000030517578,85.33499908447266,84.88500213623047,85.33499908447266,749
2026-05-14 18:15:00+00:00,85.0999984741211,85.26000213623047,85.08999633789062,85.17500305175781,121
2026-05-14 18:30:00+00:00,84.87999725341797,85.13999938964844,84.87999725341797,85.08000183105469,156
2026-05-14 18:45:00+00:00,85.02999877929688,85.02999877929688,84.66000366210938,84.91000366210938,474
2026-05-14 19:00:00+00:00,84.67500305175781,85.03500366210938,84.6050033569336,85.03500366210938,289
2026-05-14 19:15:00+00:00,84.55500030517578,84.79000091552734,84.55500030517578,84.68499755859375,472
2026-05-14 19:30:00+00:00,84.05500030517578,84.62000274658203,84.01000213623047,84.56999969482422,1238
2026-05-14 19:45:00+00:00,84.04499816894531,84.26499938964844,83.87000274658203,84.02999877929688,996
2026-05-14 20:00:00+00:00,83.80999755859375,84.20500183105469,83.80500030517578,84.05000305175781,411
2026-05-14 20:15:00+00:00,83.83000183105469,83.87999725341797,83.7300033569336,83.81999969482422,196
2026-05-14 20:30:00+00:00,84.01000213623047,84.03500366210938,83.625,83.83000183105469,445
2026-05-14 20:45:00+00:00,84.01000213623047,84.09500122070312,84.0,84.00499725341797,130
2026-05-14 22:00:00+00:00,84.08999633789062,84.17500305175781,83.84500122070312,84.0,93
2026-05-14 22:15:00+00:00,84.11499786376953,84.13500213623047,84.04000091552734,84.11000061035156,120
2026-05-14 22:30:00+00:00,84.37999725341797,84.37999725341797,84.125,84.16500091552734,183
2026-05-14 22:45:00+00:00,84.28500366210938,84.37999725341797,84.1500015258789,84.375,141
2026-05-14 23:00:00+00:00,84.1050033569336,84.33499908447266,84.0999984741211,84.28500366210938,66
2026-05-14 23:15:00+00:00,84.28500366210938,84.30000305175781,83.91000366210938,84.05999755859375,289
2026-05-14 23:30:00+00:00,84.18000030517578,84.34500122070312,83.31500244140625,84.30500030517578,575
2026-05-14 23:45:00+00:00,83.98500061035156,84.17500305175781,83.66500091552734,84.15499877929688,322
2026-05-15 00:00:00+00:00,83.7249984741211,84.06500244140625,83.5999984741211,83.95999908447266,269
2026-05-15 00:15:00+00:00,83.42500305175781,84.18000030517578,83.31999969482422,83.78500366210938,493
2026-05-15 00:30:00+00:00,82.73999786376953,83.44999694824219,82.4000015258789,83.44999694824219,1339
2026-05-15 00:45:00+00:00,82.94999694824219,83.01499938964844,82.25,82.77999877929688,1003
2026-05-15 01:00:00+00:00,81.93499755859375,83.01000213623047,81.5999984741211,82.97000122070312,1916
2026-05-15 01:15:00+00:00,81.45999908447266,82.09500122070312,81.43499755859375,81.91999816894531,784
2026-05-15 01:30:00+00:00,82.06500244140625,82.06500244140625,81.41500091552734,81.47000122070312,735
2026-05-15 01:45:00+00:00,81.21499633789062,82.07499694824219,81.01499938964844,82.02999877929688,864
2026-05-15 02:00:00+00:00,81.5199966430664,81.63999938964844,81.08000183105469,81.23500061035156,537
2026-05-15 02:15:00+00:00,81.51499938964844,81.66000366210938,81.31500244140625,81.48999786376953,165
2026-05-15 02:30:00+00:00,81.69000244140625,81.71499633789062,81.38999938964844,81.54000091552734,243
2026-05-15 02:45:00+00:00,81.81999969482422,82.08999633789062,81.58499908447266,81.71499633789062,475
2026-05-15 03:00:00+00:00,81.81500244140625,82.06999969482422,81.7750015258789,81.84500122070312,295
2026-05-15 03:15:00+00:00,81.43000030517578,81.83999633789062,81.3499984741211,81.83000183105469,321
2026-05-15 03:30:00+00:00,81.6500015258789,81.83000183105469,81.26499938964844,81.47000122070312,398
2026-05-15 03:45:00+00:00,81.81999969482422,81.83999633789062,81.4749984741211,81.6449966430664,158
2026-05-15 04:00:00+00:00,81.92500305175781,81.92500305175781,81.67500305175781,81.82499694824219,116
2026-05-15 04:15:00+00:00,81.81999969482422,81.93499755859375,81.5250015258789,81.93499755859375,253
2026-05-15 04:30:00+00:00,81.44000244140625,81.875,81.38999938964844,81.75499725341797,92
2026-05-15 04:45:00+00:00,81.3949966430664,81.63999938964844,81.3499984741211,81.44499969482422,144
2026-05-15 05:00:00+00:00,80.83000183105469,81.38999938964844,80.63500213623047,81.37999725341797,708
2026-05-15 05:15:00+00:00,80.62999725341797,80.93499755859375,80.40499877929688,80.78500366210938,720
2026-05-15 05:30:00+00:00,78.56999969482422,80.67500305175781,78.19999694824219,80.63500213623047,4636
2026-05-15 05:45:00+00:00,78.3550033569336,78.93000030517578,78.0999984741211,78.55500030517578,1524
2026-05-15 06:00:00+00:00,78.77999877929688,78.77999877929688,77.95500183105469,78.3550033569336,1567
2026-05-15 06:15:00+00:00,78.76499938964844,79.19000244140625,78.68499755859375,78.79000091552734,1191
2026-05-15 06:30:00+00:00,78.9000015258789,79.12000274658203,78.78500366210938,78.78500366210938,529
2026-05-15 06:45:00+00:00,78.76499938964844,79.12000274658203,78.62000274658203,78.94000244140625,508
2026-05-15 07:00:00+00:00,79.625,79.66999816894531,78.51499938964844,78.80000305175781,1035
2026-05-15 07:15:00+00:00,79.63500213623047,79.78500366210938,79.37000274658203,79.62000274658203,1026
2026-05-15 07:30:00+00:00,79.54499816894531,79.65499877929688,79.32499694824219,79.62999725341797,598
2026-05-15 07:45:00+00:00,79.36000061035156,79.56999969482422,79.19499969482422,79.55500030517578,404
2026-05-15 08:00:00+00:00,78.99500274658203,79.44000244140625,78.7750015258789,79.375,722
2026-05-15 08:15:00+00:00,78.56500244140625,78.94499969482422,78.44000244140625,78.94499969482422,867
2026-05-15 08:30:00+00:00,79.0999984741211,79.0999984741211,78.29000091552734,78.55000305175781,665
2026-05-15 08:45:00+00:00,78.57499694824219,79.13500213623047,78.5,79.11000061035156,342
2026-05-15 09:00:00+00:00,78.38500213623047,78.94999694824219,78.23999786376953,78.62000274658203,487
2026-05-15 09:15:00+00:00,78.4000015258789,78.44999694824219,77.69999694824219,78.38500213623047,959
2026-05-15 09:30:00+00:00,77.875,78.47000122070312,77.78500366210938,78.38500213623047,755
2026-05-15 09:45:00+00:00,77.8550033569336,77.98999786376953,77.19999694824219,77.86499786376953,1997
2026-05-15 10:00:00+00:00,78.54499816894531,78.58499908447266,77.80999755859375,77.88500213623047,871
2026-05-15 10:15:00+00:00,78.87999725341797,79.12000274658203,78.46499633789062,78.52999877929688,1104
2026-05-15 10:30:00+00:00,79.08499908447266,79.08499908447266,78.6500015258789,78.88999938964844,624
2026-05-15 10:45:00+00:00,79.33999633789062,79.55000305175781,79.00499725341797,79.06500244140625,1034
2026-05-15 11:00:00+00:00,79.16500091552734,79.4800033569336,79.08999633789062,79.30999755859375,608
2026-05-15 11:15:00+00:00,79.01000213623047,79.375,78.9000015258789,79.1500015258789,489
2026-05-15 11:30:00+00:00,78.73999786376953,79.03500366210938,78.62000274658203,79.02999877929688,418
2026-05-15 11:45:00+00:00,78.79000091552734,79.04000091552734,78.73999786376953,78.73999786376953,417
2026-05-15 12:00:00+00:00,78.48500061035156,78.76499938964844,78.42500305175781,78.76499938964844,488
2026-05-15 12:15:00+00:00,78.79499816894531,79.04000091552734,78.44499969482422,78.44499969482422,746
2026-05-15 12:30:00+00:00,77.99500274658203,78.75,77.9000015258789,78.73500061035156,1347
2026-05-15 12:45:00+00:00,77.6449966430664,78.16000366210938,77.59500122070312,77.94999694824219,1109
2026-05-15 13:00:00+00:00,77.28500366210938,77.73500061035156,76.69999694824219,77.62000274658203,3301
2026-05-15 13:15:00+00:00,77.4800033569336,77.76499938964844,77.0,77.27999877929688,1621
2026-05-15 13:30:00+00:00,76.41999816894531,77.53500366210938,76.3949966430664,77.48999786376953,2700
2026-05-15 13:45:00+00:00,76.83000183105469,77.17500305175781,76.17500305175781,76.41000366210938,2631
2026-05-15 14:00:00+00:00,77.07499694824219,77.22000122070312,76.44000244140625,76.83499908447266,1869
2026-05-15 14:15:00+00:00,77.27999877929688,77.51000213623047,76.73999786376953,77.06999969482422,2116
2026-05-15 14:30:00+00:00,76.95500183105469,77.43499755859375,76.82499694824219,77.29499816894531,1072
2026-05-15 14:45:00+00:00,77.25499725341797,77.33000183105469,76.57499694824219,76.94000244140625,1237
2026-05-15 15:00:00+00:00,76.94499969482422,77.36499786376953,76.81500244140625,77.26499938964844,1081
2026-05-15 15:15:00+00:00,76.82499694824219,77.01000213623047,76.6449966430664,76.92500305175781,888
2026-05-15 15:30:00+00:00,76.87999725341797,77.0199966430664,76.67500305175781,76.83000183105469,817
2026-05-15 15:45:00+00:00,76.5999984741211,76.93000030517578,76.4000015258789,76.8949966430664,807
2026-05-15 16:00:00+00:00,76.41999816894531,76.75499725341797,76.27999877929688,76.6050033569336,597
2026-05-15 16:15:00+00:00,76.69499969482422,76.8550033569336,76.36499786376953,76.41999816894531,650
2026-05-15 16:30:00+00:00,76.76000213623047,76.86000061035156,76.67500305175781,76.70500183105469,576
2026-05-15 16:45:00+00:00,76.69000244140625,76.83499908447266,76.53500366210938,76.79000091552734,564
2026-05-15 17:00:00+00:00,77.0999984741211,77.12000274658203,76.6050033569336,76.66999816894531,1213
2026-05-15 17:15:00+00:00,77.58000183105469,77.80500030517578,77.05000305175781,77.11499786376953,2593
2026-05-15 17:30:00+00:00,77.66000366210938,77.79000091552734,77.43499755859375,77.56999969482422,737
2026-05-15 17:45:00+00:00,77.51499938964844,77.70500183105469,77.37000274658203,77.66999816894531,414
2026-05-15 18:00:00+00:00,77.57499694824219,77.58999633789062,77.375,77.5199966430664,391
2026-05-15 18:15:00+00:00,77.4000015258789,77.61000061035156,77.23500061035156,77.55999755859375,416
2026-05-15 18:30:00+00:00,77.29000091552734,77.41500091552734,77.1050033569336,77.4000015258789,374
2026-05-15 18:45:00+00:00,77.31999969482422,77.43499755859375,77.17500305175781,77.2750015258789,269
2026-05-15 19:00:00+00:00,76.94000244140625,77.31500244140625,76.87999725341797,77.31500244140625,407
2026-05-15 19:15:00+00:00,76.88999938964844,77.05500030517578,76.79499816894531,76.93499755859375,266
2026-05-15 19:30:00+00:00,76.8550033569336,77.05999755859375,76.8550033569336,76.92500305175781,308
2026-05-15 19:45:00+00:00,76.68000030517578,76.8949966430664,76.6500015258789,76.88500213623047,634
2026-05-15 20:00:00+00:00,76.24500274658203,76.65499877929688,76.0999984741211,76.65499877929688,695
2026-05-15 20:15:00+00:00,76.33999633789062,76.33999633789062,76.08999633789062,76.24500274658203,433
2026-05-15 20:30:00+00:00,76.375,76.46499633789062,76.3499984741211,76.3499984741211,115
2026-05-15 20:45:00+00:00,77.5469970703125,77.5469970703125,76.20500183105469,76.3949966430664,229
2026-05-17 22:00:00+00:00,76.6449966430664,76.8550033569336,76.6449966430664,76.7300033569336,70
2026-05-17 22:15:00+00:00,76.66000366210938,76.76499938964844,76.33999633789062,76.67500305175781,287
2026-05-17 22:30:00+00:00,77.03500366210938,77.17500305175781,76.6449966430664,76.6449966430664,351
2026-05-17 22:45:00+00:00,77.0999984741211,77.24500274658203,76.95500183105469,77.12000274658203,287
2026-05-17 23:00:00+00:00,76.95999908447266,77.17500305175781,76.80000305175781,77.15499877929688,138
2026-05-17 23:15:00+00:00,76.55000305175781,76.95999908447266,76.4800033569336,76.95999908447266,275
2026-05-17 23:30:00+00:00,76.94499969482422,76.94499969482422,76.38999938964844,76.4800033569336,290
2026-05-17 23:45:00+00:00,76.95500183105469,77.2249984741211,76.5250015258789,76.94499969482422,244
2026-05-18 00:00:00+00:00,76.6050033569336,77.2249984741211,76.52999877929688,76.98500061035156,321
2026-05-18 00:15:00+00:00,75.4000015258789,76.67500305175781,75.20500183105469,76.62999725341797,1168
2026-05-18 00:30:00+00:00,74.40499877929688,75.58000183105469,74.33499908447266,75.4000015258789,1510
2026-05-18 00:45:00+00:00,75.7249984741211,75.83000183105469,74.30500030517578,74.41500091552734,1148
2026-05-18 01:00:00+00:00,74.42500305175781,75.73999786376953,74.34500122070312,75.73999786376953,1665
2026-05-18 01:15:00+00:00,74.48999786376953,74.75,74.11000061035156,74.41000366210938,646
2026-05-18 01:30:00+00:00,74.96499633789062,74.9800033569336,74.38999938964844,74.38999938964844,482
2026-05-18 01:45:00+00:00,75.19000244140625,75.82499694824219,74.88999938964844,74.9800033569336,807
2026-05-18 02:00:00+00:00,75.36000061035156,75.51000213623047,74.91000366210938,75.18000030517578,459
2026-05-18 02:15:00+00:00,75.46499633789062,75.67500305175781,75.2750015258789,75.37000274658203,339
2026-05-18 02:30:00+00:00,75.52999877929688,75.75,75.19000244140625,75.43000030517578,294
2026-05-18 02:45:00+00:00,75.2750015258789,75.79000091552734,75.2249984741211,75.4800033569336,235
2026-05-18 03:00:00+00:00,75.13500213623047,75.49500274658203,75.01000213623047,75.29499816894531,352
2026-05-18 03:15:00+00:00,75.2300033569336,75.44999694824219,75.00499725341797,75.125,435
2026-05-18 03:30:00+00:00,75.31500244140625,75.4000015258789,74.66000366210938,75.30500030517578,540
2026-05-18 03:45:00+00:00,75.55500030517578,75.58999633789062,75.19999694824219,75.33000183105469,328
2026-05-18 04:00:00+00:00,75.90499877929688,76.01000213623047,75.53500366210938,75.54499816894531,478
2026-05-18 04:15:00+00:00,75.5,76.0,75.3499984741211,75.90499877929688,300
2026-05-18 04:30:00+00:00,75.7249984741211,75.86000061035156,75.62000274658203,75.66500091552734,144
2026-05-18 04:45:00+00:00,75.69999694824219,75.69999694824219,75.3949966430664,75.68499755859375,161
2026-05-18 05:00:00+00:00,75.6050033569336,75.82499694824219,75.49500274658203,75.73500061035156,226
2026-05-18 05:15:00+00:00,75.79000091552734,75.91999816894531,75.45500183105469,75.51499938964844,355
2026-05-18 05:30:00+00:00,75.62999725341797,75.96499633789062,75.55000305175781,75.80999755859375,258
2026-05-18 05:45:00+00:00,75.20999908447266,75.70999908447266,75.15499877929688,75.625,335
2026-05-18 06:00:00+00:00,75.41999816894531,75.53500366210938,75.1449966430664,75.18499755859375,446
2026-05-18 06:15:00+00:00,75.5999984741211,75.83499908447266,75.3499984741211,75.42500305175781,240
2026-05-18 06:30:00+00:00,75.80000305175781,75.9000015258789,75.44999694824219,75.56999969482422,344
2026-05-18 06:45:00+00:00,76.49500274658203,76.5199966430664,75.80000305175781,75.84500122070312,890
2026-05-18 07:00:00+00:00,76.08999633789062,76.56999969482422,76.0250015258789,76.5199966430664,686
2026-05-18 07:15:00+00:00,76.37999725341797,76.3949966430664,75.91500091552734,76.08999633789062,395
2026-05-18 07:30:00+00:00,76.23999786376953,76.66500091552734,76.23999786376953,76.38500213623047,535
2026-05-18 07:45:00+00:00,76.29499816894531,76.41999816894531,76.1449966430664,76.25499725341797,226
2026-05-18 08:00:00+00:00,76.29499816894531,76.47000122070312,76.125,76.29499816894531,215
2026-05-18 08:15:00+00:00,76.42500305175781,76.55000305175781,76.15499877929688,76.2750015258789,243
2026-05-18 08:30:00+00:00,76.3550033569336,76.6500015258789,76.33000183105469,76.41500091552734,466
2026-05-18 08:45:00+00:00,76.5199966430664,76.69499969482422,76.36000061035156,76.37000274658203,217
2026-05-18 09:00:00+00:00,76.30500030517578,76.58000183105469,76.22000122070312,76.5250015258789,237
2026-05-18 09:15:00+00:00,76.25499725341797,76.44499969482422,76.15499877929688,76.32499694824219,222
2026-05-18 09:30:00+00:00,76.16000366210938,76.27999877929688,76.02999877929688,76.20999908447266,203
2026-05-18 09:45:00+00:00,76.16000366210938,76.19999694824219,75.94999694824219,76.125,278
2026-05-18 10:00:00+00:00,76.0999984741211,76.23500061035156,75.91000366210938,76.16999816894531,323
2026-05-18 10:15:00+00:00,76.01499938964844,76.18499755859375,75.95999908447266,76.125,130
2026-05-18 10:30:00+00:00,76.25,76.26499938964844,75.75499725341797,76.01499938964844,248
2026-05-18 10:45:00+00:00,76.08000183105469,76.55999755859375,76.06999969482422,76.30000305175781,376
2026-05-18 11:00:00+00:00,76.22000122070312,76.22000122070312,75.73500061035156,76.08000183105469,700
2026-05-18 11:15:00+00:00,76.0999984741211,76.33000183105469,76.0,76.2249984741211,219
2026-05-18 11:30:00+00:00,77.31999969482422,77.4800033569336,76.04499816894531,76.04499816894531,1590
2026-05-18 11:45:00+00:00,76.76499938964844,77.33999633789062,76.76499938964844,77.29499816894531,519
2026-05-18 12:00:00+00:00,76.95999908447266,76.98500061035156,76.66000366210938,76.7750015258789,514
2026-05-18 12:15:00+00:00,77.125,77.31999969482422,76.69999694824219,76.9749984741211,1011
2026-05-18 12:30:00+00:00,77.78500366210938,77.78500366210938,77.08999633789062,77.13999938964844,1234
2026-05-18 12:45:00+00:00,77.875,77.94000244140625,77.3499984741211,77.77999877929688,981
2026-05-18 13:00:00+00:00,77.95500183105469,78.19499969482422,77.6449966430664,77.875,1806
2026-05-18 13:15:00+00:00,78.07499694824219,78.21499633789062,77.7699966430664,77.94000244140625,705
2026-05-18 13:30:00+00:00,77.98500061035156,78.41500091552734,77.86000061035156,78.06999969482422,1723
2026-05-18 13:45:00+00:00,78.25499725341797,78.62000274658203,77.875,77.9800033569336,1244
2026-05-18 14:00:00+00:00,77.625,78.31999969482422,77.55000305175781,78.25,1981
2026-05-18 14:15:00+00:00,77.51499938964844,77.86499786376953,77.21499633789062,77.63500213623047,1201
2026-05-18 14:30:00+00:00,76.9800033569336,77.55000305175781,76.66500091552734,77.49500274658203,1540
2026-05-18 14:45:00+00:00,77.04499816894531,77.13999938964844,76.58000183105469,76.98999786376953,862
2026-05-18 15:00:00+00:00,76.91999816894531,77.16000366210938,76.4800033569336,77.05500030517578,1284
2026-05-18 15:15:00+00:00,76.68499755859375,77.05000305175781,76.66500091552734,76.8949966430664,657
2026-05-18 15:30:00+00:00,76.99500274658203,77.19000244140625,76.63500213623047,76.66500091552734,471
2026-05-18 15:45:00+00:00,77.2300033569336,77.29499816894531,77.0,77.01499938964844,445
2026-05-18 16:00:00+00:00,77.30000305175781,77.30999755859375,76.95999908447266,77.21499633789062,518
2026-05-18 16:15:00+00:00,76.76499938964844,77.41999816894531,76.6449966430664,77.28500366210938,859
2026-05-18 16:30:00+00:00,77.03500366210938,77.31999969482422,76.69499969482422,76.7750015258789,728
2026-05-18 16:45:00+00:00,77.30999755859375,77.46499633789062,77.01499938964844,77.01499938964844,645
2026-05-18 17:00:00+00:00,77.4749984741211,77.56999969482422,77.20999908447266,77.29000091552734,566
2026-05-18 17:15:00+00:00,77.40499877929688,77.61000061035156,77.3550033569336,77.47000122070312,1000
2026-05-18 17:30:00+00:00,77.41999816894531,77.46499633789062,77.33000183105469,77.37999725341797,209
2026-05-18 17:45:00+00:00,77.34500122070312,77.44999694824219,77.28500366210938,77.41999816894531,118
2026-05-18 18:00:00+00:00,77.19000244140625,77.3499984741211,77.1449966430664,77.33499908447266,169
2026-05-18 18:15:00+00:00,77.22000122070312,77.22000122070312,76.98999786376953,77.18499755859375,406
2026-05-18 18:30:00+00:00,77.19000244140625,77.25499725341797,77.1050033569336,77.2300033569336,139
2026-05-18 18:45:00+00:00,76.91000366210938,77.26000213623047,76.80500030517578,77.18499755859375,285
2026-05-18 19:00:00+00:00,77.69000244140625,78.01499938964844,76.87999725341797,76.93000030517578,1401
2026-05-18 19:15:00+00:00,77.42500305175781,77.72000122070312,77.2699966430664,77.68000030517578,332
2026-05-18 19:30:00+00:00,77.7300033569336,77.80000305175781,77.38999938964844,77.38999938964844,403
2026-05-18 19:45:00+00:00,77.74500274658203,77.92500305175781,77.69999694824219,77.72000122070312,364
2026-05-18 20:00:00+00:00,77.91500091552734,77.91500091552734,77.74500274658203,77.76499938964844,99
2026-05-18 20:15:00+00:00,77.95999908447266,78.08499908447266,77.9000015258789,77.9000015258789,325
2026-05-18 20:30:00+00:00,77.99500274658203,78.0,77.875,77.97000122070312,115
2026-05-18 20:45:00+00:00,78.12000274658203,78.13999938964844,77.91999816894531,77.96499633789062,231
2026-05-18 22:00:00+00:00,78.41500091552734,78.46499633789062,78.05000305175781,78.05000305175781,486
2026-05-18 22:15:00+00:00,78.47000122070312,78.48999786376953,78.32499694824219,78.44999694824219,191
2026-05-18 22:30:00+00:00,78.68000030517578,78.71499633789062,78.43000030517578,78.45500183105469,321
2026-05-18 22:45:00+00:00,78.6449966430664,78.69999694824219,78.53500366210938,78.69000244140625,97
2026-05-18 23:00:00+00:00,79.2750015258789,79.33499908447266,78.69499969482422,78.69499969482422,622
2026-05-18 23:15:00+00:00,79.16500091552734,79.30000305175781,79.06999969482422,79.29000091552734,133
2026-05-18 23:30:00+00:00,79.33999633789062,79.4000015258789,79.05999755859375,79.17500305175781,214
2026-05-18 23:45:00+00:00,79.18000030517578,79.3499984741211,79.08999633789062,79.34500122070312,76
2026-05-19 00:00:00+00:00,79.0250015258789,79.36499786376953,78.8550033569336,79.18000030517578,258
2026-05-19 00:15:00+00:00,78.91000366210938,79.23500061035156,78.81500244140625,78.95500183105469,278
2026-05-19 00:30:00+00:00,78.69499969482422,79.05999755859375,78.63500213623047,78.91500091552734,134
2026-05-19 00:45:00+00:00,78.0,78.69999694824219,77.96499633789062,78.69999694824219,536
2026-05-19 01:00:00+00:00,77.94499969482422,78.23999786376953,77.66500091552734,77.98500061035156,576
2026-05-19 01:15:00+00:00,77.6050033569336,78.07499694824219,77.45999908447266,77.98999786376953,445
2026-05-19 01:30:00+00:00,78.0199966430664,78.09500122070312,77.33999633789062,77.6050033569336,440
2026-05-19 01:45:00+00:00,77.58499908447266,78.0199966430664,77.58499908447266,77.96499633789062,255
2026-05-19 02:00:00+00:00,77.1500015258789,77.625,77.01000213623047,77.56500244140625,567
2026-05-19 02:15:00+00:00,77.08499908447266,77.25,76.95999908447266,77.125,402
2026-05-19 02:30:00+00:00,76.91999816894531,77.1449966430664,76.6500015258789,77.06500244140625,392
2026-05-19 02:45:00+00:00,76.78500366210938,76.99500274658203,76.62999725341797,76.91000366210938,328
2026-05-19 03:00:00+00:00,76.92500305175781,76.95500183105469,76.52999877929688,76.76499938964844,315
2026-05-19 03:15:00+00:00,76.94000244140625,77.07499694824219,76.73999786376953,76.95999908447266,280
2026-05-19 03:30:00+00:00,76.78500366210938,76.9800033569336,76.7249984741211,76.92500305175781,203
2026-05-19 03:45:00+00:00,76.6500015258789,76.87000274658203,76.62999725341797,76.69000244140625,95
2026-05-19 04:00:00+00:00,76.51000213623047,76.61000061035156,76.38999938964844,76.58000183105469,319
2026-05-19 04:15:00+00:00,76.45500183105469,76.66999816894531,76.38500213623047,76.5,85
2026-05-19 04:30:00+00:00,76.5,76.6050033569336,76.33999633789062,76.45500183105469,126
2026-05-19 04:45:00+00:00,76.6500015258789,76.66999816894531,76.45500183105469,76.52999877929688,49
2026-05-19 05:00:00+00:00,76.71499633789062,76.81999969482422,76.52999877929688,76.63999938964844,154
2026-05-19 05:15:00+00:00,76.49500274658203,76.72000122070312,76.19999694824219,76.71499633789062,372
2026-05-19 05:30:00+00:00,76.34500122070312,76.55500030517578,76.04499816894531,76.51499938964844,493
2026-05-19 05:45:00+00:00,76.68499755859375,76.83999633789062,76.13500213623047,76.30000305175781,778
2026-05-19 06:00:00+00:00,76.83499908447266,76.94999694824219,76.45999908447266,76.71499633789062,323
2026-05-19 06:15:00+00:00,76.77999877929688,77.06500244140625,76.77999877929688,76.83499908447266,357
2026-05-19 06:30:00+00:00,76.87000274658203,76.9000015258789,76.6449966430664,76.7300033569336,315
2026-05-19 06:45:00+00:00,76.69499969482422,76.86000061035156,76.4749984741211,76.8499984741211,271
2026-05-19 07:00:00+00:00,76.44000244140625,76.72000122070312,76.29000091552734,76.72000122070312,277
2026-05-19 07:15:00+00:00,76.41000366210938,76.47000122070312,76.19000244140625,76.47000122070312,159
2026-05-19 07:30:00+00:00,76.18000030517578,76.47000122070312,76.18000030517578,76.45500183105469,135
2026-05-19 07:45:00+00:00,76.87000274658203,76.88999938964844,76.18499755859375,76.19000244140625,361
2026-05-19 08:00:00+00:00,76.46499633789062,76.9749984741211,76.33999633789062,76.91000366210938,261
2026-05-19 08:15:00+00:00,76.36499786376953,76.5,76.21499633789062,76.45999908447266,172
2026-05-19 08:30:00+00:00,76.58000183105469,76.58000183105469,76.30999755859375,76.33000183105469,151
2026-05-19 08:45:00+00:00,76.38999938964844,76.6050033569336,76.37000274658203,76.5250015258789,85
2026-05-19 09:00:00+00:00,76.05500030517578,76.37000274658203,75.83999633789062,76.33499908447266,367
2026-05-19 09:15:00+00:00,76.08000183105469,76.40499877929688,75.92500305175781,76.08999633789062,238
2026-05-19 09:30:00+00:00,75.97000122070312,76.20999908447266,75.875,76.08000183105469,140
2026-05-19 09:45:00+00:00,76.18000030517578,76.23999786376953,75.97000122070312,75.97000122070312,83
2026-05-19 10:00:00+00:00,76.26499938964844,76.375,76.08999633789062,76.13999938964844,175
2026-05-19 10:15:00+00:00,76.2699966430664,76.29000091552734,76.13500213623047,76.2699966430664,46
2026-05-19 10:30:00+00:00,75.90499877929688,76.42500305175781,75.81999969482422,76.30000305175781,360
2026-05-19 10:45:00+00:00,76.44999694824219,76.44999694824219,75.87000274658203,75.94000244140625,269
2026-05-19 11:00:00+00:00,76.46499633789062,76.66999816894531,76.30000305175781,76.48500061035156,385
2026-05-19 11:15:00+00:00,76.32499694824219,76.5,76.2750015258789,76.43000030517578,87
2026-05-19 11:30:00+00:00,76.38999938964844,76.44999694824219,76.25,76.4000015258789,127
2026-05-19 11:45:00+00:00,76.12000274658203,76.38999938964844,76.12000274658203,76.36499786376953,181
2026-05-19 12:00:00+00:00,76.44499969482422,76.54499816894531,76.0250015258789,76.0999984741211,226
2026-05-19 12:15:00+00:00,76.61499786376953,76.69499969482422,76.25499725341797,76.51499938964844,401
2026-05-19 12:30:00+00:00,76.45500183105469,76.75,76.40499877929688,76.58000183105469,518
2026-05-19 12:45:00+00:00,76.4000015258789,76.55500030517578,76.37000274658203,76.46499633789062,254
2026-05-19 13:00:00+00:00,75.94999694824219,76.41000366210938,75.6449966430664,76.41000366210938,1228
2026-05-19 13:15:00+00:00,73.98500061035156,76.04000091552734,73.81500244140625,76.0199966430664,3968
2026-05-19 13:30:00+00:00,73.76000213623047,74.0999984741211,73.34500122070312,74.0199966430664,5141
2026-05-19 13:45:00+00:00,74.70999908447266,74.94499969482422,73.76499938964844,73.77999877929688,2712
2026-05-19 14:00:00+00:00,74.55999755859375,75.2249984741211,74.50499725341797,74.70500183105469,1727
2026-05-19 14:15:00+00:00,74.56500244140625,74.7750015258789,74.23500061035156,74.57499694824219,1155
2026-05-19 14:30:00+00:00,74.4749984741211,74.69499969482422,74.21499633789062,74.55500030517578,844
2026-05-19 14:45:00+00:00,74.38999938964844,74.44999694824219,73.9749984741211,74.41500091552734,732
2026-05-19 15:00:00+00:00,74.43000030517578,74.55999755859375,74.09500122070312,74.41000366210938,566
2026-05-19 15:15:00+00:00,74.625,74.7750015258789,74.41000366210938,74.48999786376953,728
2026-05-19 15:30:00+00:00,74.69000244140625,74.88500213623047,74.56999969482422,74.59500122070312,761
2026-05-19 15:45:00+00:00,74.80999755859375,74.86000061035156,74.50499725341797,74.68499755859375,420
2026-05-19 16:00:00+00:00,74.6449966430664,74.98500061035156,74.58999633789062,74.81500244140625,520
2026-05-19 16:15:00+00:00,74.91999816894531,74.94000244140625,74.54499816894531,74.6500015258789,411
2026-05-19 16:30:00+00:00,74.92500305175781,75.06999969482422,74.8499984741211,74.8949966430664,416
2026-05-19 16:45:00+00:00,74.99500274658203,75.04499816894531,74.8949966430664,74.94000244140625,281
2026-05-19 17:00:00+00:00,75.20999908447266,75.20999908447266,74.9749984741211,74.98500061035156,580
2026-05-19 17:15:00+00:00,75.0250015258789,75.27999877929688,75.01000213623047,75.19999694824219,1262
2026-05-19 17:30:00+00:00,74.8949966430664,75.08999633789062,74.82499694824219,75.01000213623047,374
2026-05-19 17:45:00+00:00,74.82499694824219,74.91500091552734,74.76000213623047,74.87999725341797,229
2026-05-19 18:00:00+00:00,74.84500122070312,74.9000015258789,74.79499816894531,74.83999633789062,251
2026-05-19 18:15:00+00:00,74.6050033569336,74.8499984741211,74.43499755859375,74.8499984741211,530
2026-05-19 18:30:00+00:00,74.76499938964844,74.80000305175781,74.44499969482422,74.55999755859375,191
2026-05-19 18:45:00+00:00,74.48500061035156,74.78500366210938,74.38500213623047,74.7300033569336,236
2026-05-19 19:00:00+00:00,74.49500274658203,74.58499908447266,74.43000030517578,74.49500274658203,196
2026-05-19 19:15:00+00:00,74.33499908447266,74.5,74.25499725341797,74.5,310
2026-05-19 19:30:00+00:00,74.4749984741211,74.56500244140625,74.29499816894531,74.33499908447266,458
2026-05-19 19:45:00+00:00,74.24500274658203,74.4749984741211,74.13999938964844,74.47000122070312,357
2026-05-19 20:00:00+00:00,74.16999816894531,74.23999786376953,74.01499938964844,74.23999786376953,219
2026-05-19 20:15:00+00:00,74.19499969482422,74.2249984741211,74.06999969482422,74.17500305175781,52
2026-05-19 20:30:00+00:00,74.12000274658203,74.19999694824219,74.08499908447266,74.19499969482422,70
2026-05-19 20:45:00+00:00,73.97000122070312,74.09500122070312,73.91500091552734,74.08000183105469,266
2026-05-19 22:00:00+00:00,74.2300033569336,74.33499908447266,73.97000122070312,74.08000183105469,90
2026-05-19 22:15:00+00:00,74.18000030517578,74.2249984741211,74.06999969482422,74.20500183105469,91
2026-05-19 22:30:00+00:00,74.25499725341797,74.375,74.1500015258789,74.1500015258789,45
2026-05-19 22:45:00+00:00,74.31999969482422,74.31999969482422,74.16000366210938,74.20500183105469,39
2026-05-19 23:00:00+00:00,74.44499969482422,74.48999786376953,74.2300033569336,74.30999755859375,65
2026-05-19 23:15:00+00:00,74.41500091552734,74.4800033569336,74.37999725341797,74.37999725341797,27
2026-05-19 23:30:00+00:00,74.6500015258789,74.7300033569336,74.44999694824219,74.44999694824219,216
2026-05-19 23:45:00+00:00,74.49500274658203,74.6500015258789,74.38500213623047,74.62999725341797,116
2026-05-20 00:00:00+00:00,74.38999938964844,74.55999755859375,74.17500305175781,74.48500061035156,186
2026-05-20 00:15:00+00:00,74.72000122070312,74.72000122070312,74.16000366210938,74.31500244140625,209
2026-05-20 00:30:00+00:00,74.68499755859375,74.91000366210938,74.63500213623047,74.72000122070312,221
2026-05-20 00:45:00+00:00,74.93000030517578,74.94000244140625,74.67500305175781,74.69999694824219,109
2026-05-20 01:00:00+00:00,74.58000183105469,75.2300033569336,74.2699966430664,74.91999816894531,619
2026-05-20 01:15:00+00:00,73.91500091552734,74.81999969482422,73.91500091552734,74.58499908447266,331
2026-05-20 01:30:00+00:00,73.96499633789062,74.19000244140625,73.69499969482422,73.94499969482422,399
2026-05-20 01:45:00+00:00,74.54000091552734,74.67500305175781,73.86000061035156,73.93000030517578,491
2026-05-20 02:00:00+00:00,74.28500366210938,74.6449966430664,74.11000061035156,74.55000305175781,166
2026-05-20 02:15:00+00:00,74.30999755859375,74.48999786376953,74.1449966430664,74.2699966430664,107
2026-05-20 02:30:00+00:00,73.49500274658203,74.33499908447266,73.38999938964844,74.30500030517578,536
2026-05-20 02:45:00+00:00,73.7300033569336,73.7750015258789,73.48500061035156,73.5,311
2026-05-20 03:00:00+00:00,73.71499633789062,73.76499938964844,73.41999816894531,73.70999908447266,334
2026-05-20 03:15:00+00:00,74.04499816894531,74.06500244140625,73.71499633789062,73.75499725341797,149
2026-05-20 03:30:00+00:00,74.1500015258789,74.18499755859375,73.92500305175781,74.00499725341797,162
2026-05-20 03:45:00+00:00,73.84500122070312,74.12999725341797,73.80000305175781,74.11499786376953,163
2026-05-20 04:00:00+00:00,74.06999969482422,74.1500015258789,73.91999816894531,73.91999816894531,53
2026-05-20 04:15:00+00:00,73.8949966430664,74.08000183105469,73.80999755859375,74.08000183105469,36
2026-05-20 04:30:00+00:00,73.8949966430664,73.96499633789062,73.7300033569336,73.91000366210938,105
2026-05-20 04:45:00+00:00,73.80999755859375,73.8949966430664,73.76499938964844,73.87999725341797,74
2026-05-20 05:00:00+00:00,74.17500305175781,74.3550033569336,73.91500091552734,73.91500091552734,207
2026-05-20 05:15:00+00:00,74.1500015258789,74.38500213623047,74.11000061035156,74.11000061035156,94
2026-05-20 05:30:00+00:00,74.51000213623047,74.8550033569336,74.125,74.125,509
2026-05-20 05:45:00+00:00,74.55000305175781,74.6500015258789,74.31500244140625,74.51000213623047,241
2026-05-20 06:00:00+00:00,74.8550033569336,74.8550033569336,74.45999908447266,74.45999908447266,227
2026-05-20 06:15:00+00:00,75.00499725341797,75.22000122070312,74.88999938964844,74.88999938964844,486
2026-05-20 06:30:00+00:00,75.04000091552734,75.04000091552734,74.73999786376953,75.0199966430664,269
2026-05-20 06:45:00+00:00,75.51499938964844,75.73999786376953,75.03500366210938,75.06999969482422,845
2026-05-20 07:00:00+00:00,75.45999908447266,75.75,75.34500122070312,75.5,340
2026-05-20 07:15:00+00:00,75.45999908447266,75.50499725341797,75.26000213623047,75.45999908447266,203
2026-05-20 07:30:00+00:00,75.30999755859375,75.47000122070312,75.12000274658203,75.41000366210938,154
2026-05-20 07:45:00+00:00,75.26000213623047,75.375,75.17500305175781,75.31500244140625,94
2026-05-20 08:00:00+00:00,75.41000366210938,75.51000213623047,75.20999908447266,75.2750015258789,184
2026-05-20 08:15:00+00:00,75.73500061035156,75.73999786376953,75.33999633789062,75.45999908447266,275
2026-05-20 08:30:00+00:00,75.72000122070312,75.87000274658203,75.48999786376953,75.75,244
2026-05-20 08:45:00+00:00,75.69000244140625,75.87000274658203,75.67500305175781,75.72000122070312,297
2026-05-20 09:00:00+00:00,75.4800033569336,75.73999786376953,75.45999908447266,75.63999938964844,200
2026-05-20 09:15:00+00:00,75.56500244140625,75.65499877929688,75.44999694824219,75.47000122070312,162
2026-05-20 09:30:00+00:00,75.69000244140625,75.83499908447266,75.56500244140625,75.5999984741211,188
2026-05-20 09:45:00+00:00,75.75,75.91500091552734,75.63999938964844,75.68499755859375,158
2026-05-20 10:00:00+00:00,75.70500183105469,75.91000366210938,75.69999694824219,75.73999786376953,138
2026-05-20 10:15:00+00:00,75.73999786376953,75.86000061035156,75.67500305175781,75.69499969482422,146
2026-05-20 10:30:00+00:00,75.94000244140625,76.01000213623047,75.69499969482422,75.69999694824219,395
2026-05-20 10:45:00+00:00,76.01499938964844,76.0250015258789,75.9000015258789,75.93499755859375,255
2026-05-20 11:00:00+00:00,75.9749984741211,76.13999938964844,75.93000030517578,76.03500366210938,313
2026-05-20 11:15:00+00:00,76.05000305175781,76.08999633789062,75.79499816894531,75.95500183105469,234
2026-05-20 11:30:00+00:00,76.00499725341797,76.12999725341797,75.8949966430664,76.07499694824219,238
2026-05-20 11:45:00+00:00,76.08000183105469,76.11000061035156,75.91000366210938,75.98999786376953,210
2026-05-20 12:00:00+00:00,75.81999969482422,76.13500213623047,75.7750015258789,76.06500244140625,438
2026-05-20 12:15:00+00:00,75.79499816894531,76.02999877929688,75.70500183105469,75.79000091552734,410
2026-05-20 12:30:00+00:00,75.90499877929688,76.05000305175781,75.79000091552734,75.80999755859375,548
2026-05-20 12:45:00+00:00,75.81999969482422,76.04499816894531,75.75499725341797,75.88500213623047,257
2026-05-20 13:00:00+00:00,75.70999908447266,76.13999938964844,75.3550033569336,75.84500122070312,1479
2026-05-20 13:15:00+00:00,75.23999786376953,75.7249984741211,75.23500061035156,75.7249984741211,443
2026-05-20 13:30:00+00:00,75.30999755859375,75.44999694824219,74.9000015258789,75.23500061035156,1067
2026-05-20 13:45:00+00:00,75.16000366210938,75.46499633789062,74.98999786376953,75.32499694824219,739
2026-05-20 14:00:00+00:00,75.0999984741211,75.28500366210938,74.72000122070312,75.15499877929688,1232
2026-05-20 14:15:00+00:00,76.19999694824219,76.29000091552734,75.12000274658203,75.125,3009
2026-05-20 14:30:00+00:00,76.37999725341797,76.99500274658203,76.20999908447266,76.21499633789062,2576
2026-05-20 14:45:00+00:00,76.43499755859375,76.7750015258789,76.26000213623047,76.3949966430664,930
2026-05-20 15:00:00+00:00,76.01000213623047,76.62000274658203,75.94499969482422,76.42500305175781,964
2026-05-20 15:15:00+00:00,76.18000030517578,76.90499877929688,75.98999786376953,76.00499725341797,2444
2026-05-20 15:30:00+00:00,76.33499908447266,76.4000015258789,76.12999725341797,76.13999938964844,485
2026-05-20 15:45:00+00:00,76.08499908447266,76.45999908447266,75.95999908447266,76.3550033569336,599
2026-05-20 16:00:00+00:00,76.2699966430664,76.33499908447266,76.05500030517578,76.05999755859375,385
2026-05-20 16:15:00+00:00,75.99500274658203,76.25,75.88999938964844,76.25,653
2026-05-20 16:30:00+00:00,76.23999786376953,76.23999786376953,75.93499755859375,75.9800033569336,309
2026-05-20 16:45:00+00:00,76.27999877929688,76.28500366210938,76.05500030517578,76.25,328
2026-05-20 17:00:00+00:00,76.42500305175781,76.52999877929688,76.17500305175781,76.29000091552734,781
2026-05-20 17:15:00+00:00,76.25499725341797,76.51499938964844,76.09500122070312,76.41999816894531,1230
2026-05-20 17:30:00+00:00,76.27999877929688,76.40499877929688,76.1500015258789,76.2750015258789,412
2026-05-20 17:45:00+00:00,76.16500091552734,76.3550033569336,76.1500015258789,76.25499725341797,127
2026-05-20 18:00:00+00:00,76.38500213623047,76.45500183105469,76.08499908447266,76.17500305175781,227
2026-05-20 18:15:00+00:00,76.45999908447266,76.5250015258789,76.27999877929688,76.4000015258789,219
2026-05-20 18:30:00+00:00,76.45999908447266,76.74500274658203,76.44499969482422,76.46499633789062,282
2026-05-20 18:45:00+00:00,76.54000091552734,76.6500015258789,76.44999694824219,76.44999694824219,128
2026-05-20 19:00:00+00:00,76.625,76.66000366210938,76.55500030517578,76.56999969482422,91
2026-05-20 19:15:00+00:00,76.42500305175781,76.63999938964844,76.37999725341797,76.6050033569336,175
2026-05-20 19:30:00+00:00,76.48999786376953,76.625,76.36000061035156,76.43000030517578,431
2026-05-20 19:45:00+00:00,76.30000305175781,76.48500061035156,76.2699966430664,76.48500061035156,255
2026-05-20 20:00:00+00:00,76.36000061035156,76.44000244140625,76.2699966430664,76.30999755859375,80
2026-05-20 20:15:00+00:00,76.28500366210938,76.40499877929688,76.11499786376953,76.3949966430664,161
2026-05-20 20:30:00+00:00,76.20999908447266,76.30000305175781,76.15499877929688,76.2750015258789,66
2026-05-20 20:45:00+00:00,76.20500183105469,76.2300033569336,76.12999725341797,76.19999694824219,92
2026-05-20 22:00:00+00:00,75.82499694824219,76.2300033569336,75.57499694824219,76.19000244140625,197
2026-05-20 22:15:00+00:00,75.76000213623047,75.83999633789062,75.58999633789062,75.83000183105469,125
2026-05-20 22:30:00+00:00,76.0,76.0,75.7699966430664,75.7699966430664,86
2026-05-20 22:45:00+00:00,76.04000091552734,76.04000091552734,75.9000015258789,75.97000122070312,37
2026-05-20 23:00:00+00:00,75.98500061035156,76.08999633789062,75.9000015258789,76.04499816894531,43
2026-05-20 23:15:00+00:00,75.81999969482422,75.9800033569336,75.73999786376953,75.93000030517578,54
2026-05-20 23:30:00+00:00,76.20999908447266,76.2300033569336,75.87000274658203,75.87000274658203,103
2026-05-20 23:45:00+00:00,76.25,76.36000061035156,76.06999969482422,76.20999908447266,94
2026-05-21 00:00:00+00:00,75.93000030517578,76.2699966430664,75.78500366210938,76.25499725341797,129
2026-05-21 00:15:00+00:00,76.01000213623047,76.29000091552734,75.69000244140625,75.98500061035156,247
2026-05-21 00:30:00+00:00,76.15499877929688,76.19999694824219,75.9000015258789,75.96499633789062,70
2026-05-21 00:45:00+00:00,76.40499877929688,76.48500061035156,76.0250015258789,76.1449966430664,207
2026-05-21 01:00:00+00:00,76.91000366210938,76.96499633789062,76.0999984741211,76.44000244140625,601
2026-05-21 01:15:00+00:00,77.0199966430664,77.08000183105469,76.73999786376953,76.91000366210938,478
2026-05-21 01:30:00+00:00,76.8949966430664,77.30500030517578,76.83499908447266,77.02999877929688,442
2026-05-21 01:45:00+00:00,76.68499755859375,76.94499969482422,76.58999633789062,76.93499755859375,276
2026-05-21 02:00:00+00:00,76.6500015258789,76.9000015258789,76.54000091552734,76.73999786376953,197
2026-05-21 02:15:00+00:00,76.29000091552734,76.63500213623047,76.25,76.63500213623047,176
2026-05-21 02:30:00+00:00,75.74500274658203,76.3499984741211,75.67500305175781,76.26000213623047,642
2026-05-21 02:45:00+00:00,75.70999908447266,75.80000305175781,75.5199966430664,75.68499755859375,401
2026-05-21 03:00:00+00:00,75.91500091552734,75.97000122070312,75.66999816894531,75.69000244140625,114
2026-05-21 03:15:00+00:00,75.81999969482422,76.0199966430664,75.62999725341797,75.8499984741211,163
2026-05-21 03:30:00+00:00,75.90499877929688,75.94499969482422,75.76000213623047,75.81999969482422,113
2026-05-21 03:45:00+00:00,75.71499633789062,75.94499969482422,75.62999725341797,75.88999938964844,126
2026-05-21 04:00:00+00:00,75.91000366210938,75.94000244140625,75.58499908447266,75.61000061035156,110
2026-05-21 04:15:00+00:00,76.0199966430664,76.08999633789062,75.87999725341797,75.9000015258789,107
2026-05-21 04:30:00+00:00,75.9000015258789,76.05999755859375,75.80000305175781,76.02999877929688,45
2026-05-21 04:45:00+00:00,76.08999633789062,76.08999633789062,75.87000274658203,75.91000366210938,69
2026-05-21 05:00:00+00:00,75.8499984741211,76.1050033569336,75.7699966430664,76.04000091552734,126
2026-05-21 05:15:00+00:00,75.4749984741211,75.81999969482422,75.45999908447266,75.79000091552734,194
2026-05-21 05:30:00+00:00,75.55500030517578,75.57499694824219,75.24500274658203,75.51000213623047,447
2026-05-21 05:45:00+00:00,75.78500366210938,75.80999755859375,75.25499725341797,75.54499816894531,227
2026-05-21 06:00:00+00:00,75.57499694824219,75.8550033569336,75.5250015258789,75.69000244140625,207
2026-05-21 06:15:00+00:00,75.43499755859375,75.91000366210938,75.41000366210938,75.58000183105469,494
2026-05-21 06:30:00+00:00,75.4000015258789,75.54000091552734,75.13500213623047,75.47000122070312,523
2026-05-21 06:45:00+00:00,75.18000030517578,75.44499969482422,75.04000091552734,75.43499755859375,375
2026-05-21 07:00:00+00:00,75.25499725341797,75.4749984741211,75.16500091552734,75.19000244140625,263
2026-05-21 07:15:00+00:00,75.18499755859375,75.36499786376953,75.18499755859375,75.23500061035156,94
2026-05-21 07:30:00+00:00,75.24500274658203,75.31999969482422,75.16999816894531,75.19999694824219,116
2026-05-21 07:45:00+00:00,75.08499908447266,75.29000091552734,75.08499908447266,75.19999694824219,215
2026-05-21 08:00:00+00:00,75.70500183105469,75.7750015258789,74.95999908447266,75.09500122070312,501
2026-05-21 08:15:00+00:00,75.80999755859375,75.86000061035156,75.51000213623047,75.75499725341797,328
2026-05-21 08:30:00+00:00,75.62999725341797,75.79499816894531,75.54000091552734,75.77999877929688,123
2026-05-21 08:45:00+00:00,75.83999633789062,75.88999938964844,75.54000091552734,75.62999725341797,282
2026-05-21 09:00:00+00:00,75.84500122070312,75.94999694824219,75.7750015258789,75.81500244140625,235
2026-05-21 09:15:00+00:00,75.94999694824219,76.01000213623047,75.80000305175781,75.8499984741211,196
2026-05-21 09:30:00+00:00,75.66500091552734,76.13999938964844,75.625,75.94000244140625,187
2026-05-21 09:45:00+00:00,75.74500274658203,75.76000213623047,75.63999938964844,75.68000030517578,128
2026-05-21 10:00:00+00:00,75.81500244140625,75.81500244140625,75.6449966430664,75.72000122070312,133
2026-05-21 10:15:00+00:00,75.26000213623047,75.875,75.0,75.78500366210938,588
2026-05-21 10:30:00+00:00,75.20999908447266,75.32499694824219,74.83999633789062,75.19999694824219,697
2026-05-21 10:45:00+00:00,75.0199966430664,75.26000213623047,74.9749984741211,75.19999694824219,280
2026-05-21 11:00:00+00:00,75.16500091552734,75.32499694824219,74.9749984741211,74.9800033569336,368
2026-05-21 11:15:00+00:00,75.1500015258789,75.42500305175781,75.1500015258789,75.19499969482422,326
2026-05-21 11:30:00+00:00,75.18000030517578,75.26499938964844,75.0199966430664,75.16999816894531,139
2026-05-21 11:45:00+00:00,75.27999877929688,75.36000061035156,75.125,75.16999816894531,121
2026-05-21 12:00:00+00:00,75.24500274658203,75.40499877929688,75.17500305175781,75.30999755859375,190
2026-05-21 12:15:00+00:00,75.06999969482422,75.25499725341797,74.94000244140625,75.23500061035156,272
2026-05-21 12:30:00+00:00,75.36000061035156,75.45999908447266,75.06999969482422,75.11499786376953,677
2026-05-21 12:45:00+00:00,75.01499938964844,75.41000366210938,74.97000122070312,75.36499786376953,433
2026-05-21 13:00:00+00:00,75.12999725341797,75.5199966430664,74.73999786376953,74.95999908447266,1102
2026-05-21 13:15:00+00:00,75.09500122070312,75.38500213623047,74.9000015258789,75.1500015258789,575
2026-05-21 13:30:00+00:00,74.9800033569336,75.0999984741211,74.69499969482422,75.0999984741211,1040
2026-05-21 13:45:00+00:00,75.74500274658203,76.0250015258789,74.98500061035156,74.98500061035156,1792
2026-05-21 14:00:00+00:00,75.5199966430664,75.7699966430664,75.30999755859375,75.74500274658203,930
2026-05-21 14:15:00+00:00,75.5,75.58999633789062,75.19999694824219,75.58999633789062,508
2026-05-21 14:30:00+00:00,75.29499816894531,75.58499908447266,75.2300033569336,75.49500274658203,306
2026-05-21 14:45:00+00:00,75.44999694824219,75.5199966430664,75.16500091552734,75.3499984741211,339
2026-05-21 15:00:00+00:00,75.69999694824219,75.9000015258789,75.23999786376953,75.46499633789062,683
2026-05-21 15:15:00+00:00,75.61499786376953,75.86499786376953,75.54000091552734,75.7249984741211,458
2026-05-21 15:30:00+00:00,75.61499786376953,75.7300033569336,75.57499694824219,75.58000183105469,303
2026-05-21 15:45:00+00:00,75.88500213623047,75.94499969482422,75.6449966430664,75.6500015258789,297
2026-05-21 16:00:00+00:00,76.1050033569336,76.3550033569336,75.91000366210938,75.91000366210938,730
2026-05-21 16:15:00+00:00,76.12999725341797,76.22000122070312,76.00499725341797,76.0999984741211,316
2026-05-21 16:30:00+00:00,76.29499816894531,76.34500122070312,76.1449966430664,76.1449966430664,378
2026-05-21 16:45:00+00:00,76.34500122070312,76.38999938964844,76.19499969482422,76.30999755859375,228
2026-05-21 17:00:00+00:00,76.58999633789062,76.87000274658203,76.25,76.36499786376953,1393
2026-05-21 17:15:00+00:00,76.94999694824219,77.29000091552734,76.56500244140625,76.57499694824219,2428
2026-05-21 17:30:00+00:00,77.16500091552734,77.25,76.83999633789062,76.92500305175781,554
2026-05-21 17:45:00+00:00,77.13500213623047,77.4800033569336,77.04499816894531,77.20500183105469,714
2026-05-21 18:00:00+00:00,77.08000183105469,77.2699966430664,76.86499786376953,77.125,488
2026-05-21 18:15:00+00:00,77.27999877929688,77.3550033569336,77.04000091552734,77.08999633789062,266
2026-05-21 18:30:00+00:00,77.22000122070312,77.29000091552734,77.04000091552734,77.27999877929688,223
2026-05-21 18:45:00+00:00,76.63500213623047,77.20999908447266,76.3949966430664,77.20999908447266,648
2026-05-21 19:00:00+00:00,76.7750015258789,76.80000305175781,76.55999755859375,76.63999938964844,267
2026-05-21 19:15:00+00:00,76.87999725341797,77.0199966430664,76.7750015258789,76.7750015258789,175
2026-05-21 19:30:00+00:00,77.03500366210938,77.08999633789062,76.8550033569336,76.91999816894531,184
2026-05-21 19:45:00+00:00,77.09500122070312,77.20999908447266,76.83999633789062,77.01000213623047,517
2026-05-21 20:00:00+00:00,76.98500061035156,77.11499786376953,76.94000244140625,77.11499786376953,162
2026-05-21 20:15:00+00:00,76.98500061035156,77.01000213623047,76.95500183105469,76.98500061035156,86
2026-05-21 20:30:00+00:00,76.95999908447266,77.00499725341797,76.93000030517578,76.97000122070312,63
2026-05-21 20:45:00+00:00,77.01499938964844,77.04499816894531,76.95500183105469,76.9749984741211,81
2026-05-21 22:00:00+00:00,77.00499725341797,77.19999694824219,76.95999908447266,77.01499938964844,77
2026-05-21 22:15:00+00:00,77.05000305175781,77.08999633789062,76.95500183105469,77.06500244140625,33
2026-05-21 22:30:00+00:00,77.13500213623047,77.13500213623047,76.91999816894531,77.04000091552734,30
2026-05-21 22:45:00+00:00,77.0999984741211,77.16999816894531,77.03500366210938,77.16000366210938,35
2026-05-21 23:00:00+00:00,77.08999633789062,77.16000366210938,77.08000183105469,77.11000061035156,36
2026-05-21 23:15:00+00:00,77.02999877929688,77.1500015258789,76.94499969482422,77.0999984741211,67
2026-05-21 23:30:00+00:00,76.84500122070312,77.0,76.83999633789062,76.98999786376953,34
2026-05-21 23:45:00+00:00,76.98500061035156,76.99500274658203,76.83000183105469,76.83000183105469,94
2026-05-22 00:00:00+00:00,76.76499938964844,77.0,76.73500061035156,77.0,87
2026-05-22 00:15:00+00:00,76.86000061035156,76.91999816894531,76.70999908447266,76.7300033569336,86
2026-05-22 00:30:00+00:00,76.77999877929688,76.99500274658203,76.77999877929688,76.9000015258789,52
2026-05-22 00:45:00+00:00,76.54499816894531,76.81500244140625,76.54499816894531,76.81500244140625,228
2026-05-22 01:00:00+00:00,76.47000122070312,76.84500122070312,76.33000183105469,76.55999755859375,378
2026-05-22 01:15:00+00:00,76.69499969482422,76.77999877929688,76.43000030517578,76.4800033569336,132
2026-05-22 01:30:00+00:00,76.55999755859375,76.67500305175781,76.3499984741211,76.67500305175781,138
2026-05-22 01:45:00+00:00,76.74500274658203,77.02999877929688,76.54499816894531,76.54499816894531,217
2026-05-22 02:00:00+00:00,76.63500213623047,76.81500244140625,76.5199966430664,76.7699966430664,123
2026-05-22 02:15:00+00:00,76.5250015258789,76.72000122070312,76.51499938964844,76.6449966430664,48
2026-05-22 02:30:00+00:00,76.4800033569336,76.62999725341797,76.22000122070312,76.5250015258789,225
2026-05-22 02:45:00+00:00,76.63500213623047,76.66000366210938,76.43499755859375,76.5,113
2026-05-22 03:00:00+00:00,76.48500061035156,76.70999908447266,76.48500061035156,76.6500015258789,55
2026-05-22 03:15:00+00:00,76.42500305175781,76.52999877929688,76.31999969482422,76.52999877929688,76
2026-05-22 03:30:00+00:00,76.74500274658203,76.75,76.45500183105469,76.45500183105469,76
2026-05-22 03:45:00+00:00,76.74500274658203,76.7699966430664,76.66000366210938,76.7699966430664,30
2026-05-22 04:00:00+00:00,76.93499755859375,76.95500183105469,76.78500366210938,76.81999969482422,73
2026-05-22 04:15:00+00:00,76.97000122070312,77.0,76.79000091552734,76.88999938964844,79
2026-05-22 04:30:00+00:00,76.93499755859375,76.98999786376953,76.87999725341797,76.93000030517578,43
2026-05-22 04:45:00+00:00,76.88500213623047,76.90499877929688,76.8550033569336,76.8949966430664,16
2026-05-22 05:00:00+00:00,76.8499984741211,76.95999908447266,76.81999969482422,76.88500213623047,70
2026-05-22 05:15:00+00:00,76.77999877929688,76.8550033569336,76.74500274658203,76.83499908447266,33
2026-05-22 05:30:00+00:00,77.18000030517578,77.41500091552734,76.7300033569336,76.80000305175781,594
2026-05-22 05:45:00+00:00,76.19000244140625,77.33000183105469,76.125,77.16500091552734,582
2026-05-22 06:00:00+00:00,76.62999725341797,76.70999908447266,76.04499816894531,76.20500183105469,378
2026-05-22 06:15:00+00:00,76.81500244140625,76.82499694824219,76.57499694824219,76.57499694824219,99
2026-05-22 06:30:00+00:00,76.69499969482422,76.9000015258789,76.5199966430664,76.84500122070312,297
2026-05-22 06:45:00+00:00,76.625,76.75499725341797,76.5250015258789,76.71499633789062,217
2026-05-22 07:00:00+00:00,76.27999877929688,76.58499908447266,76.25,76.58000183105469,228
2026-05-22 07:15:00+00:00,76.44999694824219,76.54000091552734,76.30000305175781,76.30000305175781,101
2026-05-22 07:30:00+00:00,76.19999694824219,76.43000030517578,76.11000061035156,76.37999725341797,189
2026-05-22 07:45:00+00:00,76.34500122070312,76.3499984741211,76.08999633789062,76.1500015258789,124
2026-05-22 08:00:00+00:00,76.33000183105469,76.44999694824219,76.29000091552734,76.33999633789062,123
2026-05-22 08:15:00+00:00,76.25499725341797,76.55000305175781,76.24500274658203,76.3550033569336,194
2026-05-22 08:30:00+00:00,76.30000305175781,76.38999938964844,76.01499938964844,76.34500122070312,237
2026-05-22 08:45:00+00:00,76.25,76.4000015258789,76.20999908447266,76.31999969482422,124
2026-05-22 09:00:00+00:00,76.01499938964844,76.23999786376953,76.00499725341797,76.2300033569336,134
2026-05-22 09:15:00+00:00,76.0199966430664,76.12000274658203,75.88500213623047,76.0,138
2026-05-22 09:30:00+00:00,76.29000091552734,76.31500244140625,75.94999694824219,76.05000305175781,141
2026-05-22 09:45:00+00:00,76.36499786376953,76.45500183105469,76.27999877929688,76.27999877929688,91
2026-05-22 10:00:00+00:00,76.47000122070312,76.54000091552734,76.2300033569336,76.36499786376953,129
2026-05-22 10:15:00+00:00,76.29499816894531,76.53500366210938,76.29000091552734,76.46499633789062,102
2026-05-22 10:30:00+00:00,76.08999633789062,76.31500244140625,76.08999633789062,76.30500030517578,105
2026-05-22 10:45:00+00:00,76.16000366210938,76.18000030517578,76.04000091552734,76.07499694824219,138
2026-05-22 11:00:00+00:00,76.08499908447266,76.25,76.05999755859375,76.17500305175781,232
2026-05-22 11:15:00+00:00,76.08000183105469,76.12999725341797,75.9800033569336,76.11499786376953,87
2026-05-22 11:30:00+00:00,76.17500305175781,76.27999877929688,76.0,76.06999969482422,252
2026-05-22 11:45:00+00:00,76.12999725341797,76.32499694824219,76.12000274658203,76.17500305175781,200
2026-05-22 12:00:00+00:00,76.36499786376953,76.44499969482422,76.03500366210938,76.1050033569336,926
2026-05-22 12:15:00+00:00,76.13500213623047,76.72000122070312,76.13500213623047,76.45999908447266,1013
2026-05-22 12:30:00+00:00,76.0250015258789,76.18000030517578,75.7249984741211,76.15499877929688,826
2026-05-22 12:45:00+00:00,76.5,76.5,75.9749984741211,76.01000213623047,445
2026-05-22 13:00:00+00:00,76.61499786376953,76.83000183105469,76.19499969482422,76.50499725341797,1051
2026-05-22 13:15:00+00:00,76.44000244140625,76.69000244140625,76.3949966430664,76.58499908447266,387
2026-05-22 13:30:00+00:00,76.29499816894531,76.625,75.9800033569336,76.41999816894531,926
2026-05-22 13:45:00+00:00,76.33499908447266,76.4000015258789,76.06999969482422,76.30000305175781,366
2026-05-22 14:00:00+00:00,75.68499755859375,76.31500244140625,75.56999969482422,76.30000305175781,997
2026-05-22 14:15:00+00:00,75.55000305175781,75.86499786376953,75.26499938964844,75.65499877929688,1259
2026-05-22 14:30:00+00:00,75.78500366210938,75.79499816894531,75.48500061035156,75.56500244140625,524
2026-05-22 14:45:00+00:00,75.58000183105469,75.9000015258789,75.58000183105469,75.81500244140625,394
2026-05-22 15:00:00+00:00,75.87000274658203,76.0,75.56500244140625,75.61000061035156,479
2026-05-22 15:15:00+00:00,76.19999694824219,76.23999786376953,75.88500213623047,75.90499877929688,374
2026-05-22 15:30:00+00:00,76.1050033569336,76.2699966430664,76.05500030517578,76.20999908447266,227
2026-05-22 15:45:00+00:00,76.33000183105469,76.3499984741211,76.0250015258789,76.08999633789062,430
2026-05-22 16:00:00+00:00,76.30000305175781,76.3949966430664,76.17500305175781,76.33499908447266,433
2026-05-22 16:15:00+00:00,76.54000091552734,76.58499908447266,76.12999725341797,76.29499816894531,438
2026-05-22 16:30:00+00:00,76.19999694824219,76.6500015258789,76.16000366210938,76.52999877929688,453
2026-05-22 16:45:00+00:00,76.23500061035156,76.29499816894531,76.06999969482422,76.20500183105469,389
2026-05-22 17:00:00+00:00,76.40499877929688,76.47000122070312,76.25,76.25,414
2026-05-22 17:15:00+00:00,76.61000061035156,76.62999725341797,76.125,76.3949966430664,1584
2026-05-22 17:30:00+00:00,76.33999633789062,76.69999694824219,76.2750015258789,76.62999725341797,494
2026-05-22 17:45:00+00:00,76.31500244140625,76.38999938964844,76.2699966430664,76.33000183105469,179
2026-05-22 18:00:00+00:00,76.30000305175781,76.3550033569336,76.12999725341797,76.31999969482422,431
2026-05-22 18:15:00+00:00,76.31999969482422,76.4000015258789,76.25,76.29499816894531,185
2026-05-22 18:30:00+00:00,76.30999755859375,76.46499633789062,76.19499969482422,76.30000305175781,282
2026-05-22 18:45:00+00:00,76.2750015258789,76.33999633789062,76.20500183105469,76.31500244140625,120
2026-05-22 19:00:00+00:00,75.93499755859375,76.31999969482422,75.93000030517578,76.30500030517578,441
2026-05-22 19:15:00+00:00,75.875,76.0,75.8550033569336,75.94999694824219,110
2026-05-22 19:30:00+00:00,76.0250015258789,76.04499816894531,75.75,75.88999938964844,249
2026-05-22 19:45:00+00:00,75.95999908447266,76.0250015258789,75.91500091552734,76.0,213
2026-05-22 20:00:00+00:00,75.8499984741211,75.96499633789062,75.7750015258789,75.96499633789062,143
2026-05-22 20:15:00+00:00,75.91500091552734,75.93000030517578,75.82499694824219,75.8550033569336,53
2026-05-22 20:30:00+00:00,75.77999877929688,75.93499755859375,75.76000213623047,75.93499755859375,200
2026-05-22 20:45:00+00:00,76.1989974975586,76.1989974975586,75.76499938964844,75.7750015258789,89
2026-05-26 04:00:00+00:00,77.04000091552734,77.21499633789062,77.01000213623047,77.19499969482422,52
2026-05-26 04:15:00+00:00,76.91000366210938,77.09500122070312,76.8949966430664,77.08000183105469,80
2026-05-26 04:30:00+00:00,76.80000305175781,76.98500061035156,76.76499938964844,76.9000015258789,65
2026-05-26 04:45:00+00:00,76.70500183105469,76.83000183105469,76.69000244140625,76.78500366210938,83
2026-05-26 05:00:00+00:00,76.9000015258789,76.95999908447266,76.59500122070312,76.71499633789062,153
2026-05-26 05:15:00+00:00,77.05000305175781,77.07499694824219,76.84500122070312,76.8949966430664,86
2026-05-26 05:30:00+00:00,76.76000213623047,77.11000061035156,76.61000061035156,77.04499816894531,202
2026-05-26 05:45:00+00:00,76.7750015258789,76.81500244140625,76.56999969482422,76.77999877929688,142
2026-05-26 06:00:00+00:00,76.82499694824219,76.87000274658203,76.65499877929688,76.75,197
2026-05-26 06:15:00+00:00,76.80500030517578,76.9749984741211,76.66999816894531,76.80000305175781,308
2026-05-26 06:30:00+00:00,76.87000274658203,76.91000366210938,76.68499755859375,76.79499816894531,164
2026-05-26 06:45:00+00:00,76.84500122070312,76.90499877929688,76.76499938964844,76.87999725341797,82
2026-05-26 07:00:00+00:00,76.55500030517578,76.94499969482422,76.49500274658203,76.87999725341797,236
2026-05-26 07:15:00+00:00,76.58000183105469,76.66000366210938,76.18000030517578,76.54000091552734,331
2026-05-26 07:30:00+00:00,76.48500061035156,76.61000061035156,76.30500030517578,76.58000183105469,221
2026-05-26 07:45:00+00:00,76.69499969482422,76.77999877929688,76.44499969482422,76.51000213623047,160
2026-05-26 08:00:00+00:00,76.56500244140625,76.75499725341797,76.53500366210938,76.73999786376953,112
2026-05-26 08:15:00+00:00,76.45999908447266,76.66999816894531,76.41999816894531,76.59500122070312,82
2026-05-26 08:30:00+00:00,76.50499725341797,76.52999877929688,76.3550033569336,76.47000122070312,265
2026-05-26 08:45:00+00:00,76.34500122070312,76.48500061035156,76.26499938964844,76.46499633789062,138
2026-05-26 09:00:00+00:00,76.25,76.41500091552734,76.25,76.3550033569336,112
2026-05-26 09:15:00+00:00,76.41999816894531,76.50499725341797,76.20999908447266,76.20999908447266,213
2026-05-26 09:30:00+00:00,75.96499633789062,76.38999938964844,75.91999816894531,76.38999938964844,384
2026-05-26 09:45:00+00:00,76.25,76.31999969482422,75.93499755859375,76.0,408
2026-05-26 10:00:00+00:00,76.43499755859375,76.44000244140625,76.16000366210938,76.26499938964844,191
2026-05-26 10:15:00+00:00,76.75499725341797,76.79000091552734,76.44499969482422,76.45999908447266,430
2026-05-26 10:30:00+00:00,76.66000366210938,76.91500091552734,76.61000061035156,76.76000213623047,194
2026-05-26 10:45:00+00:00,76.66500091552734,76.70999908447266,76.54499816894531,76.66999816894531,115
2026-05-26 11:00:00+00:00,76.56999969482422,76.68000030517578,76.5199966430664,76.66500091552734,251
2026-05-26 11:15:00+00:00,76.49500274658203,76.5999984741211,76.4749984741211,76.55000305175781,158
2026-05-26 11:30:00+00:00,76.34500122070312,76.55999755859375,76.16500091552734,76.48999786376953,367
2026-05-26 11:45:00+00:00,76.29000091552734,76.48500061035156,76.25,76.29499816894531,176
2026-05-26 12:00:00+00:00,76.26000213623047,76.34500122070312,76.04499816894531,76.29000091552734,522
2026-05-26 12:15:00+00:00,76.08000183105469,76.43499755859375,76.05500030517578,76.24500274658203,343
2026-05-26 12:30:00+00:00,75.95500183105469,76.11000061035156,75.76000213623047,76.11000061035156,916
2026-05-26 12:45:00+00:00,76.53500366210938,76.54000091552734,75.875,75.95999908447266,728
2026-05-26 13:00:00+00:00,76.42500305175781,76.68499755859375,76.29499816894531,76.5250015258789,498
2026-05-26 13:15:00+00:00,76.5999984741211,76.83999633789062,76.41500091552734,76.41500091552734,581
2026-05-26 13:30:00+00:00,76.79499816894531,76.9749984741211,76.53500366210938,76.61499786376953,776
2026-05-26 13:45:00+00:00,76.33499908447266,76.87999725341797,76.21499633789062,76.79000091552734,889
2026-05-26 14:00:00+00:00,76.3949966430664,76.55999755859375,76.12999725341797,76.25,900
2026-05-26 14:15:00+00:00,76.62999725341797,76.6500015258789,76.38500213623047,76.41000366210938,508
2026-05-26 14:30:00+00:00,76.69499969482422,76.88999938964844,76.59500122070312,76.63500213623047,500
2026-05-26 14:45:00+00:00,76.62000274658203,76.78500366210938,76.44000244140625,76.70500183105469,479
2026-05-26 15:00:00+00:00,76.46499633789062,76.63999938964844,76.375,76.63999938964844,408
2026-05-26 15:15:00+00:00,76.3499984741211,76.53500366210938,76.27999877929688,76.47000122070312,469
2026-05-26 15:30:00+00:00,76.46499633789062,76.46499633789062,76.26000213623047,76.36499786376953,386
2026-05-26 15:45:00+00:00,76.26000213623047,76.48999786376953,76.1449966430664,76.46499633789062,350
2026-05-26 16:00:00+00:00,76.30500030517578,76.3499984741211,76.20999908447266,76.25499725341797,266
2026-05-26 16:15:00+00:00,76.4749984741211,76.5250015258789,76.24500274658203,76.2750015258789,290
2026-05-26 16:30:00+00:00,76.44499969482422,76.67500305175781,76.44499969482422,76.48500061035156,512
2026-05-26 16:45:00+00:00,76.44999694824219,76.48500061035156,76.33000183105469,76.44000244140625,273
2026-05-26 17:00:00+00:00,76.4749984741211,76.53500366210938,76.3949966430664,76.45500183105469,339
2026-05-26 17:15:00+00:00,76.51000213623047,76.66000366210938,76.47000122070312,76.4749984741211,1110
2026-05-26 17:30:00+00:00,76.33499908447266,76.49500274658203,76.2750015258789,76.48500061035156,427
2026-05-26 17:45:00+00:00,76.2750015258789,76.43000030517578,76.24500274658203,76.33999633789062,266
2026-05-26 18:00:00+00:00,76.25499725341797,76.31999969482422,76.11000061035156,76.25499725341797,356
2026-05-26 18:15:00+00:00,76.3949966430664,76.44999694824219,76.24500274658203,76.24500274658203,172
2026-05-26 18:30:00+00:00,76.55999755859375,76.55999755859375,76.36000061035156,76.37999725341797,111
2026-05-26 18:45:00+00:00,76.7699966430664,76.80000305175781,76.57499694824219,76.57499694824219,274
2026-05-26 19:00:00+00:00,77.0,77.01000213623047,76.75499725341797,76.78500366210938,246
2026-05-26 19:15:00+00:00,76.98500061035156,77.16500091552734,76.95999908447266,76.9749984741211,337
2026-05-26 19:30:00+00:00,77.30000305175781,77.30000305175781,76.9749984741211,76.98500061035156,189
2026-05-26 19:45:00+00:00,77.3499984741211,77.40499877929688,77.19999694824219,77.28500366210938,376
2026-05-26 20:00:00+00:00,77.2699966430664,77.3949966430664,77.19999694824219,77.3949966430664,124
2026-05-26 20:15:00+00:00,77.28500366210938,77.34500122070312,77.2699966430664,77.2750015258789,57
2026-05-26 20:30:00+00:00,77.30999755859375,77.37999725341797,77.20500183105469,77.2750015258789,212
2026-05-26 20:45:00+00:00,77.2699966430664,77.32499694824219,77.19999694824219,77.30000305175781,123
2026-05-26 22:00:00+00:00,77.32499694824219,77.4800033569336,77.30000305175781,77.33000183105469,68
2026-05-26 22:15:00+00:00,77.38999938964844,77.43000030517578,77.31999969482422,77.33999633789062,62
2026-05-26 22:30:00+00:00,77.42500305175781,77.45500183105469,77.29000091552734,77.40499877929688,71
2026-05-26 22:45:00+00:00,77.58499908447266,77.59500122070312,77.3499984741211,77.375,105
2026-05-26 23:00:00+00:00,77.46499633789062,77.58999633789062,77.44499969482422,77.58499908447266,59
2026-05-26 23:15:00+00:00,77.58000183105469,77.6050033569336,77.43000030517578,77.5,73
2026-05-26 23:30:00+00:00,77.73999786376953,77.75499725341797,77.55000305175781,77.5999984741211,220
2026-05-26 23:45:00+00:00,77.69000244140625,77.8499984741211,77.66500091552734,77.73999786376953,241
2026-05-27 00:00:00+00:00,77.75499725341797,77.86000061035156,77.6449966430664,77.69999694824219,131
2026-05-27 00:15:00+00:00,77.7699966430664,77.81999969482422,77.68499755859375,77.78500366210938,105
2026-05-27 00:30:00+00:00,77.74500274658203,77.9000015258789,77.69499969482422,77.79499816894531,98
2026-05-27 00:45:00+00:00,77.5250015258789,77.86000061035156,77.48500061035156,77.74500274658203,212
2026-05-27 01:00:00+00:00,77.55500030517578,77.68499755859375,77.33499908447266,77.51000213623047,542
2026-05-27 01:15:00+00:00,77.63500213623047,77.80999755859375,77.44499969482422,77.5,263
2026-05-27 01:30:00+00:00,77.30500030517578,77.59500122070312,77.29499816894531,77.55500030517578,128
2026-05-27 01:45:00+00:00,77.125,77.30999755859375,77.03500366210938,77.30500030517578,233
2026-05-27 02:00:00+00:00,77.0999984741211,77.19000244140625,77.00499725341797,77.15499877929688,141
2026-05-27 02:15:00+00:00,77.22000122070312,77.25,77.05999755859375,77.13999938964844,82
2026-05-27 02:30:00+00:00,76.92500305175781,77.23999786376953,76.81500244140625,77.20999908447266,213
2026-05-27 02:45:00+00:00,77.1500015258789,77.19000244140625,76.91000366210938,76.91999816894531,96
2026-05-27 03:00:00+00:00,77.19999694824219,77.30000305175781,77.0999984741211,77.11499786376953,77
2026-05-27 03:15:00+00:00,77.05500030517578,77.30000305175781,77.0199966430664,77.17500305175781,113
2026-05-27 03:30:00+00:00,76.94999694824219,77.05500030517578,76.87999725341797,77.05500030517578,98
2026-05-27 03:45:00+00:00,76.93000030517578,77.04499816894531,76.93000030517578,76.97000122070312,39
2026-05-27 04:00:00+00:00,77.03500366210938,77.07499694824219,76.875,76.8949966430664,48
2026-05-27 04:15:00+00:00,76.87999725341797,77.05999755859375,76.87999725341797,76.98999786376953,23
2026-05-27 04:30:00+00:00,77.08000183105469,77.08000183105469,76.8550033569336,76.8550033569336,39
2026-05-27 04:45:00+00:00,77.16500091552734,77.34500122070312,77.0999984741211,77.0999984741211,133
2026-05-27 05:00:00+00:00,77.08999633789062,77.2750015258789,77.03500366210938,77.1500015258789,82
2026-05-27 05:15:00+00:00,77.11499786376953,77.12999725341797,76.95999908447266,77.04000091552734,83
2026-05-27 05:30:00+00:00,76.00499725341797,77.19499969482422,75.9000015258789,77.12999725341797,952
2026-05-27 05:45:00+00:00,75.94000244140625,76.2300033569336,75.84500122070312,75.98999786376953,469
2026-05-27 06:00:00+00:00,75.94499969482422,76.1050033569336,75.86499786376953,75.9800033569336,366
2026-05-27 06:15:00+00:00,75.30500030517578,76.0,75.08499908447266,75.9749984741211,1152
2026-05-27 06:30:00+00:00,75.44000244140625,75.44000244140625,74.95500183105469,75.29499816894531,633
2026-05-27 06:45:00+00:00,75.43000030517578,75.6050033569336,75.375,75.44000244140625,307
2026-05-27 07:00:00+00:00,75.36000061035156,75.61000061035156,75.2699966430664,75.4749984741211,401
2026-05-27 07:15:00+00:00,75.41500091552734,75.50499725341797,75.20500183105469,75.32499694824219,299
2026-05-27 07:30:00+00:00,75.27999877929688,75.5,75.20999908447266,75.4000015258789,211
2026-05-27 07:45:00+00:00,75.2699966430664,75.38500213623047,74.9000015258789,75.29000091552734,420
2026-05-27 08:00:00+00:00,75.41000366210938,75.5999984741211,75.2300033569336,75.26499938964844,297
2026-05-27 08:15:00+00:00,75.55500030517578,75.6500015258789,75.44000244140625,75.47000122070312,157
2026-05-27 08:30:00+00:00,75.77999877929688,75.81999969482422,75.45999908447266,75.55500030517578,289
2026-05-27 08:45:00+00:00,75.76000213623047,75.79000091552734,75.67500305175781,75.78500366210938,87
2026-05-27 09:00:00+00:00,75.72000122070312,75.7750015258789,75.54499816894531,75.75499725341797,189
2026-05-27 09:15:00+00:00,75.67500305175781,75.83999633789062,75.6050033569336,75.70500183105469,171
2026-05-27 09:30:00+00:00,75.63999938964844,75.76000213623047,75.56999969482422,75.63500213623047,205
2026-05-27 09:45:00+00:00,75.75499725341797,75.86000061035156,75.62999725341797,75.67500305175781,76
2026-05-27 10:00:00+00:00,75.79499816894531,75.80999755859375,75.625,75.75499725341797,57
2026-05-27 10:15:00+00:00,75.62999725341797,75.80500030517578,75.56999969482422,75.78500366210938,235
2026-05-27 10:30:00+00:00,75.30500030517578,75.61000061035156,75.12000274658203,75.58999633789062,671
2026-05-27 10:45:00+00:00,74.56999969482422,75.30000305175781,74.36000061035156,75.29499816894531,1615
2026-05-27 11:00:00+00:00,74.65499877929688,74.86000061035156,74.41000366210938,74.57499694824219,701
2026-05-27 11:15:00+00:00,74.4000015258789,74.7699966430664,74.4000015258789,74.68000030517578,617
2026-05-27 11:30:00+00:00,74.5199966430664,74.55000305175781,73.72000122070312,74.41999816894531,1604
2026-05-27 11:45:00+00:00,74.05999755859375,74.51499938964844,73.93000030517578,74.5,679
2026-05-27 12:00:00+00:00,74.47000122070312,74.5,74.00499725341797,74.06999969482422,512
2026-05-27 12:15:00+00:00,75.125,75.48999786376953,74.41999816894531,74.49500274658203,1944
2026-05-27 12:30:00+00:00,74.80000305175781,75.23500061035156,74.66500091552734,75.125,1131
2026-05-27 12:45:00+00:00,74.625,75.0,74.62000274658203,74.81999969482422,653
2026-05-27 13:00:00+00:00,74.41999816894531,74.9800033569336,74.30000305175781,74.625,1293
2026-05-27 13:15:00+00:00,74.19000244140625,74.58000183105469,74.13500213623047,74.45999908447266,810
2026-05-27 13:30:00+00:00,74.5199966430664,74.88999938964844,74.16000366210938,74.16500091552734,1550
2026-05-27 13:45:00+00:00,74.77999877929688,74.9800033569336,74.49500274658203,74.54499816894531,926
2026-05-27 14:00:00+00:00,74.94499969482422,75.2249984741211,74.72000122070312,74.82499694824219,1151
2026-05-27 14:15:00+00:00,75.04000091552734,75.33499908447266,74.8550033569336,74.98500061035156,943
2026-05-27 14:30:00+00:00,74.86499786376953,75.13999938964844,74.7249984741211,75.04000091552734,829
2026-05-27 14:45:00+00:00,74.57499694824219,75.05000305175781,74.5250015258789,74.8949966430664,932
2026-05-27 15:00:00+00:00,74.63999938964844,74.68499755859375,74.43000030517578,74.55999755859375,822
2026-05-27 15:15:00+00:00,74.7750015258789,74.7750015258789,74.55000305175781,74.6500015258789,369
2026-05-27 15:30:00+00:00,74.66999816894531,74.92500305175781,74.62000274658203,74.77999877929688,471
2026-05-27 15:45:00+00:00,74.7699966430664,74.83499908447266,74.58000183105469,74.66999816894531,350
2026-05-27 16:00:00+00:00,74.87000274658203,74.92500305175781,74.68000030517578,74.76000213623047,343
2026-05-27 16:15:00+00:00,74.99500274658203,75.04000091552734,74.81500244140625,74.86499786376953,444
2026-05-27 16:30:00+00:00,75.0,75.11499786376953,74.94000244140625,74.99500274658203,458
2026-05-27 16:45:00+00:00,74.98500061035156,75.07499694824219,74.87999725341797,75.04000091552734,327
2026-05-27 17:00:00+00:00,74.80999755859375,75.0,74.71499633789062,74.9800033569336,618
2026-05-27 17:15:00+00:00,74.81500244140625,74.98999786376953,74.7750015258789,74.80500030517578,1339
2026-05-27 17:30:00+00:00,74.83499908447266,74.95999908447266,74.79499816894531,74.81999969482422,539
2026-05-27 17:45:00+00:00,74.73500061035156,74.8949966430664,74.73500061035156,74.83499908447266,163
2026-05-27 18:00:00+00:00,74.80000305175781,74.80000305175781,74.66000366210938,74.71499633789062,210
2026-05-27 18:15:00+00:00,75.0199966430664,75.26000213623047,74.80000305175781,74.80000305175781,460
2026-05-27 18:30:00+00:00,74.98999786376953,75.0999984741211,74.91999816894531,75.0199966430664,89
2026-05-27 18:45:00+00:00,75.05500030517578,75.06500244140625,74.91000366210938,74.9800033569336,193
2026-05-27 19:00:00+00:00,74.95500183105469,75.05999755859375,74.91999816894531,75.05999755859375,73
2026-05-27 19:15:00+00:00,74.87000274658203,75.0199966430664,74.84500122070312,74.97000122070312,144
2026-05-27 19:30:00+00:00,74.95999908447266,75.0250015258789,74.80999755859375,74.87000274658203,184
2026-05-27 19:45:00+00:00,74.9000015258789,74.96499633789062,74.82499694824219,74.93499755859375,197
2026-05-27 20:00:00+00:00,74.91000366210938,74.94499969482422,74.83000183105469,74.88500213623047,99
2026-05-27 20:15:00+00:00,74.92500305175781,75.00499725341797,74.91000366210938,74.91000366210938,55
2026-05-27 20:30:00+00:00,74.88999938964844,74.94999694824219,74.8550033569336,74.94000244140625,25
2026-05-27 20:45:00+00:00,74.88500213623047,74.96499633789062,74.87999725341797,74.8949966430664,120
2026-05-27 22:00:00+00:00,74.95500183105469,75.2300033569336,74.83499908447266,74.93000030517578,45
2026-05-27 22:15:00+00:00,74.99500274658203,75.07499694824219,74.98500061035156,74.99500274658203,21
2026-05-27 22:30:00+00:00,74.94499969482422,75.05000305175781,74.86000061035156,74.95500183105469,69
2026-05-27 22:45:00+00:00,74.8949966430664,74.93499755859375,74.8550033569336,74.92500305175781,40
2026-05-27 23:00:00+00:00,74.9000015258789,74.94000244140625,74.8499984741211,74.8949966430664,21
2026-05-27 23:15:00+00:00,74.80999755859375,74.94999694824219,74.80999755859375,74.91999816894531,43
2026-05-27 23:30:00+00:00,74.875,74.88999938964844,74.81999969482422,74.83499908447266,31
2026-05-27 23:45:00+00:00,74.75,74.80000305175781,74.61000061035156,74.80000305175781,112
2026-05-28 00:00:00+00:00,74.69499969482422,74.87999725341797,74.67500305175781,74.73500061035156,69
2026-05-28 00:15:00+00:00,74.82499694824219,75.06500244140625,74.69499969482422,74.69499969482422,100
2026-05-28 00:30:00+00:00,74.94999694824219,74.94999694824219,74.73999786376953,74.8550033569336,50
2026-05-28 00:45:00+00:00,75.16999816894531,75.19000244140625,74.94999694824219,74.98999786376953,105
2026-05-28 01:00:00+00:00,74.25,75.20500183105469,74.20999908447266,75.18000030517578,492
2026-05-28 01:15:00+00:00,73.61000061035156,74.27999877929688,73.3499984741211,74.22000122070312,1084
2026-05-28 01:30:00+00:00,73.5999984741211,73.86000061035156,73.54000091552734,73.5999984741211,323
2026-05-28 01:45:00+00:00,73.37999725341797,73.73999786376953,73.20999908447266,73.61000061035156,664
2026-05-28 02:00:00+00:00,73.43499755859375,73.51000213623047,73.19999694824219,73.38500213623047,369
2026-05-28 02:15:00+00:00,73.47000122070312,73.55000305175781,73.34500122070312,73.43499755859375,196
2026-05-28 02:30:00+00:00,73.5,73.75499725341797,73.41000366210938,73.49500274658203,392
2026-05-28 02:45:00+00:00,73.28500366210938,73.5199966430664,73.25,73.48999786376953,242
2026-05-28 03:00:00+00:00,73.20500183105469,73.4800033569336,73.1500015258789,73.30000305175781,269
2026-05-28 03:15:00+00:00,73.0250015258789,73.24500274658203,72.62000274658203,73.2249984741211,1139
2026-05-28 03:30:00+00:00,72.69499969482422,73.01000213623047,72.43499755859375,73.01000213623047,601
2026-05-28 03:45:00+00:00,72.5199966430664,72.72000122070312,72.40499877929688,72.6500015258789,166
2026-05-28 04:00:00+00:00,72.54000091552734,72.69000244140625,72.3499984741211,72.49500274658203,281
2026-05-28 04:15:00+00:00,72.19000244140625,72.55000305175781,72.16999816894531,72.52999877929688,284
2026-05-28 04:30:00+00:00,72.21499633789062,72.30500030517578,72.1449966430664,72.16500091552734,335
2026-05-28 04:45:00+00:00,72.2249984741211,72.23999786376953,72.05000305175781,72.2249984741211,184
2026-05-28 05:00:00+00:00,72.19499969482422,72.26000213623047,72.0,72.23999786376953,439
2026-05-28 05:15:00+00:00,72.2249984741211,72.29000091552734,72.13500213623047,72.20500183105469,88
2026-05-28 05:30:00+00:00,73.15499877929688,73.31999969482422,72.12000274658203,72.24500274658203,1053
2026-05-28 05:45:00+00:00,73.31999969482422,73.55000305175781,73.16000366210938,73.17500305175781,368
2026-05-28 06:00:00+00:00,72.95500183105469,73.375,72.86000061035156,73.375,438
2026-05-28 06:15:00+00:00,73.06999969482422,73.2699966430664,72.875,72.94000244140625,297
2026-05-28 06:30:00+00:00,73.25499725341797,73.38500213623047,73.08000183105469,73.12000274658203,226
2026-05-28 06:45:00+00:00,73.3949966430664,73.45500183105469,73.26499938964844,73.2699966430664,225
2026-05-28 07:00:00+00:00,73.58999633789062,73.7300033569336,73.44499969482422,73.44499969482422,280
2026-05-28 07:15:00+00:00,73.66999816894531,73.75499725341797,73.56999969482422,73.59500122070312,181
2026-05-28 07:30:00+00:00,73.72000122070312,73.7699966430664,73.54499816894531,73.66999816894531,189
2026-05-28 07:45:00+00:00,73.72000122070312,73.79000091552734,73.58499908447266,73.74500274658203,180
2026-05-28 08:00:00+00:00,73.82499694824219,73.86499786376953,73.66000366210938,73.7249984741211,142
2026-05-28 08:15:00+00:00,73.66000366210938,73.86499786376953,73.5999984741211,73.8499984741211,97
2026-05-28 08:30:00+00:00,73.5250015258789,73.71499633789062,73.48500061035156,73.68000030517578,184
2026-05-28 08:45:00+00:00,73.45999908447266,73.56999969482422,73.41500091552734,73.5250015258789,110
2026-05-28 09:00:00+00:00,73.55000305175781,73.66999816894531,73.47000122070312,73.47000122070312,86
2026-05-28 09:15:00+00:00,73.7699966430664,73.87999725341797,73.55999755859375,73.56500244140625,160
2026-05-28 09:30:00+00:00,73.55999755859375,73.73999786376953,73.51000213623047,73.73999786376953,78
2026-05-28 09:45:00+00:00,73.77999877929688,73.77999877929688,73.55500030517578,73.55500030517578,88
2026-05-28 10:00:00+00:00,73.74500274658203,73.83000183105469,73.68499755859375,73.80000305175781,193
2026-05-28 10:15:00+00:00,73.7249984741211,73.77999877929688,73.48500061035156,73.75499725341797,112
2026-05-28 10:30:00+00:00,73.4000015258789,73.76000213623047,73.33999633789062,73.7249984741211,157
2026-05-28 10:45:00+00:00,73.2750015258789,73.44000244140625,72.95999908447266,73.37999725341797,615
2026-05-28 11:00:00+00:00,73.33499908447266,73.45999908447266,73.16000366210938,73.2249984741211,341
2026-05-28 11:15:00+00:00,73.30999755859375,73.4800033569336,73.25,73.36000061035156,110
2026-05-28 11:30:00+00:00,73.2699966430664,73.33999633789062,73.19499969482422,73.30500030517578,168
2026-05-28 11:45:00+00:00,73.25499725341797,73.29499816894531,72.95999908447266,73.28500366210938,263
2026-05-28 12:00:00+00:00,73.30999755859375,73.40499877929688,73.16000366210938,73.2750015258789,225
2026-05-28 12:15:00+00:00,73.16000366210938,73.3550033569336,73.02999877929688,73.33499908447266,330
2026-05-28 12:30:00+00:00,73.76499938964844,73.76499938964844,73.16500091552734,73.16500091552734,744
2026-05-28 12:45:00+00:00,74.41500091552734,74.44000244140625,73.70500183105469,73.73999786376953,1184
2026-05-28 13:00:00+00:00,73.83999633789062,74.46499633789062,73.83999633789062,74.41999816894531,1475
2026-05-28 13:15:00+00:00,73.81999969482422,74.1500015258789,73.80000305175781,73.83499908447266,768
2026-05-28 13:30:00+00:00,73.6050033569336,73.875,73.43000030517578,73.81500244140625,1079
2026-05-28 13:45:00+00:00,73.61000061035156,73.83499908447266,73.46499633789062,73.58000183105469,999
2026-05-28 14:00:00+00:00,74.73500061035156,74.82499694824219,73.38500213623047,73.5999984741211,2178
2026-05-28 14:15:00+00:00,74.86499786376953,75.09500122070312,74.46499633789062,74.7249984741211,2381
2026-05-28 14:30:00+00:00,74.81500244140625,75.0199966430664,74.43000030517578,74.83999633789062,1117
2026-05-28 14:45:00+00:00,74.875,75.11000061035156,74.69999694824219,74.80500030517578,1351
2026-05-28 15:00:00+00:00,74.90499877929688,75.12999725341797,74.83499908447266,74.9000015258789,722
2026-05-28 15:15:00+00:00,74.98999786376953,75.08999633789062,74.74500274658203,74.93499755859375,543
2026-05-28 15:30:00+00:00,75.21499633789062,75.29499816894531,75.00499725341797,75.00499725341797,763
2026-05-28 15:45:00+00:00,75.34500122070312,75.3499984741211,75.16999816894531,75.20500183105469,461
2026-05-28 16:00:00+00:00,75.31500244140625,75.37999725341797,75.09500122070312,75.3499984741211,497
2026-05-28 16:15:00+00:00,75.8949966430664,76.05000305175781,75.28500366210938,75.31999969482422,1624
2026-05-28 16:30:00+00:00,75.96499633789062,75.98999786376953,75.69000244140625,75.9000015258789,701
2026-05-28 16:45:00+00:00,76.05999755859375,76.1050033569336,75.93499755859375,75.95500183105469,606
2026-05-28 17:00:00+00:00,76.01499938964844,76.16999816894531,75.9000015258789,76.08000183105469,720
2026-05-28 17:15:00+00:00,75.82499694824219,76.01000213623047,75.81999969482422,76.0,1496
2026-05-28 17:30:00+00:00,76.01000213623047,76.05000305175781,75.83999633789062,75.83999633789062,334
2026-05-28 17:45:00+00:00,76.18000030517578,76.2750015258789,76.05000305175781,76.05000305175781,505
2026-05-28 18:00:00+00:00,76.11499786376953,76.28500366210938,76.01000213623047,76.16500091552734,366
2026-05-28 18:15:00+00:00,76.08499908447266,76.30000305175781,76.04499816894531,76.11000061035156,399
2026-05-28 18:30:00+00:00,75.94499969482422,76.06999969482422,75.87000274658203,76.06999969482422,272
2026-05-28 18:45:00+00:00,75.93000030517578,75.95500183105469,75.86499786376953,75.95500183105469,224
2026-05-28 19:00:00+00:00,75.80500030517578,75.94000244140625,75.80000305175781,75.94000244140625,151
2026-05-28 19:15:00+00:00,75.8550033569336,75.91000366210938,75.80000305175781,75.80000305175781,91
2026-05-28 19:30:00+00:00,75.90499877929688,75.9749984741211,75.84500122070312,75.8550033569336,145
2026-05-28 19:45:00+00:00,75.8499984741211,75.91500091552734,75.80999755859375,75.90499877929688,164
2026-05-28 20:00:00+00:00,75.83499908447266,75.90499877929688,75.83000183105469,75.83999633789062,143
2026-05-28 20:15:00+00:00,75.95999908447266,75.96499633789062,75.8550033569336,75.8550033569336,69
2026-05-28 20:30:00+00:00,75.90499877929688,76.01000213623047,75.88999938964844,75.94000244140625,102
2026-05-28 20:45:00+00:00,75.91500091552734,75.95999908447266,75.88999938964844,75.90499877929688,71
2026-05-28 22:00:00+00:00,75.9800033569336,76.0999984741211,75.88999938964844,76.0250015258789,108
2026-05-28 22:15:00+00:00,75.97000122070312,75.9800033569336,75.875,75.9800033569336,105
2026-05-28 22:30:00+00:00,75.97000122070312,76.0,75.8949966430664,75.95999908447266,63
2026-05-28 22:45:00+00:00,75.8550033569336,76.00499725341797,75.8550033569336,75.96499633789062,29
2026-05-28 23:00:00+00:00,75.9800033569336,76.03500366210938,75.87000274658203,75.875,65
2026-05-28 23:15:00+00:00,76.04000091552734,76.07499694824219,76.0,76.0,80
2026-05-28 23:30:00+00:00,75.92500305175781,76.08999633789062,75.92500305175781,76.0250015258789,73
2026-05-28 23:45:00+00:00,75.96499633789062,76.02999877929688,75.81999969482422,75.92500305175781,135
2026-05-29 00:00:00+00:00,76.25499725341797,76.375,75.91500091552734,75.98500061035156,434
2026-05-29 00:15:00+00:00,76.24500274658203,76.42500305175781,76.19499969482422,76.26000213623047,298
2026-05-29 00:30:00+00:00,76.15499877929688,76.22000122070312,75.94999694824219,76.20999908447266,329
2026-05-29 00:45:00+00:00,75.91500091552734,76.08000183105469,75.8499984741211,76.08000183105469,174
2026-05-29 01:00:00+00:00,76.55000305175781,76.56999969482422,75.88500213623047,75.92500305175781,875
2026-05-29 01:15:00+00:00,76.4000015258789,76.7249984741211,76.4000015258789,76.56999969482422,563
2026-05-29 01:30:00+00:00,76.37000274658203,76.5250015258789,76.20500183105469,76.3949966430664,379
2026-05-29 01:45:00+00:00,76.27999877929688,76.41000366210938,76.18000030517578,76.3499984741211,127
2026-05-29 02:00:00+00:00,76.22000122070312,76.46499633789062,76.05999755859375,76.25,299
2026-05-29 02:15:00+00:00,76.13500213623047,76.2750015258789,76.05999755859375,76.26499938964844,80
2026-05-29 02:30:00+00:00,76.17500305175781,76.2699966430664,75.8949966430664,76.12000274658203,281
2026-05-29 02:45:00+00:00,76.0250015258789,76.2699966430664,76.0,76.17500305175781,69
2026-05-29 03:00:00+00:00,75.83499908447266,76.04000091552734,75.7249984741211,76.02999877929688,530
2026-05-29 03:15:00+00:00,75.71499633789062,75.9000015258789,75.58499908447266,75.80500030517578,228
2026-05-29 03:30:00+00:00,75.7750015258789,75.84500122070312,75.70999908447266,75.76000213623047,75
2026-05-29 03:45:00+00:00,75.74500274658203,75.8949966430664,75.7249984741211,75.77999877929688,46
2026-05-29 04:00:00+00:00,75.80000305175781,75.87999725341797,75.78500366210938,75.78500366210938,31
2026-05-29 04:15:00+00:00,76.08999633789062,76.26000213623047,75.80500030517578,75.80500030517578,274
2026-05-29 04:30:00+00:00,76.08499908447266,76.09500122070312,75.97000122070312,76.05999755859375,99
2026-05-29 04:45:00+00:00,76.20500183105469,76.21499633789062,76.01000213623047,76.0999984741211,85
2026-05-29 05:00:00+00:00,76.0999984741211,76.2249984741211,76.05999755859375,76.19999694824219,37
2026-05-29 05:15:00+00:00,76.06500244140625,76.12999725341797,76.04499816894531,76.11499786376953,31
2026-05-29 05:30:00+00:00,75.69499969482422,76.12000274658203,75.58000183105469,76.04499816894531,366
2026-05-29 05:45:00+00:00,75.87000274658203,75.97000122070312,75.63999938964844,75.66500091552734,238
2026-05-29 06:00:00+00:00,75.91000366210938,76.0250015258789,75.7699966430664,75.88500213623047,183
2026-05-29 06:15:00+00:00,75.875,76.0,75.71499633789062,75.93000030517578,112
2026-05-29 06:30:00+00:00,75.75,75.95999908447266,75.69000244140625,75.88500213623047,154
2026-05-29 06:45:00+00:00,76.12999725341797,76.1500015258789,75.73500061035156,75.73500061035156,219
2026-05-29 07:00:00+00:00,75.56500244140625,76.1449966430664,75.55999755859375,76.12000274658203,354
2026-05-29 07:15:00+00:00,75.66000366210938,75.74500274658203,75.47000122070312,75.55999755859375,319
2026-05-29 07:30:00+00:00,75.7699966430664,75.7699966430664,75.5250015258789,75.67500305175781,366
2026-05-29 07:45:00+00:00,75.84500122070312,75.84500122070312,75.70999908447266,75.76000213623047,167
2026-05-29 08:00:00+00:00,75.47000122070312,75.81999969482422,75.33000183105469,75.81999969482422,709
2026-05-29 08:15:00+00:00,75.55000305175781,75.55000305175781,75.4000015258789,75.45500183105469,105
2026-05-29 08:30:00+00:00,75.43499755859375,75.54499816894531,75.3499984741211,75.54499816894531,182
2026-05-29 08:45:00+00:00,75.33499908447266,75.44499969482422,75.21499633789062,75.42500305175781,177
2026-05-29 09:00:00+00:00,75.80500030517578,75.80500030517578,75.28500366210938,75.3499984741211,271
2026-05-29 09:15:00+00:00,75.9000015258789,75.93000030517578,75.69000244140625,75.79000091552734,131
2026-05-29 09:30:00+00:00,75.83999633789062,75.94000244140625,75.73999786376953,75.91500091552734,105
2026-05-29 09:45:00+00:00,75.8499984741211,76.0,75.79000091552734,75.8499984741211,263
2026-05-29 10:00:00+00:00,75.79000091552734,75.86000061035156,75.74500274658203,75.86000061035156,76
2026-05-29 10:15:00+00:00,75.75,75.8499984741211,75.65499877929688,75.80000305175781,145
2026-05-29 10:30:00+00:00,75.94000244140625,76.0199966430664,75.75,75.75,132
2026-05-29 10:45:00+00:00,76.0250015258789,76.05500030517578,75.88500213623047,75.91500091552734,250
2026-05-29 11:00:00+00:00,75.8499984741211,76.06500244140625,75.7699966430664,76.01000213623047,253
2026-05-29 11:15:00+00:00,75.87999725341797,75.97000122070312,75.80000305175781,75.83499908447266,127
2026-05-29 11:30:00+00:00,75.84500122070312,75.88999938964844,75.72000122070312,75.88500213623047,180
2026-05-29 11:45:00+00:00,76.0,76.0,75.61000061035156,75.84500122070312,312
2026-05-29 12:00:00+00:00,75.6449966430664,76.00499725341797,75.58999633789062,76.0,280
2026-05-29 12:15:00+00:00,75.58000183105469,75.73999786376953,75.36000061035156,75.65499877929688,395
2026-05-29 12:30:00+00:00,75.66000366210938,75.68499755859375,75.33999633789062,75.56500244140625,651
2026-05-29 12:45:00+00:00,75.91999816894531,75.96499633789062,75.55500030517578,75.65499877929688,308
2026-05-29 13:00:00+00:00,75.8499984741211,75.99500274658203,75.69999694824219,75.93499755859375,510
2026-05-29 13:15:00+00:00,76.05999755859375,76.08000183105469,75.75,75.86000061035156,469
2026-05-29 13:30:00+00:00,75.79499816894531,76.11000061035156,75.44000244140625,76.05000305175781,888
2026-05-29 13:45:00+00:00,75.68000030517578,75.83000183105469,75.61000061035156,75.80500030517578,655
2026-05-29 14:00:00+00:00,75.57499694824219,75.96499633789062,75.56999969482422,75.7300033569336,693
2026-05-29 14:15:00+00:00,75.02999877929688,75.5999984741211,74.94000244140625,75.57499694824219,1818
2026-05-29 14:30:00+00:00,75.23999786376953,75.30000305175781,74.81500244140625,75.01499938964844,1201
2026-05-29 14:45:00+00:00,75.91000366210938,76.03500366210938,75.12000274658203,75.21499633789062,1744
2026-05-29 15:00:00+00:00,76.83499908447266,76.95999908447266,75.91000366210938,75.91000366210938,2327
2026-05-29 15:15:00+00:00,76.19999694824219,76.90499877929688,76.16500091552734,76.87000274658203,1532
2026-05-29 15:30:00+00:00,75.93499755859375,76.33000183105469,75.80999755859375,76.19999694824219,828
2026-05-29 15:45:00+00:00,76.01499938964844,76.06999969482422,75.76499938964844,75.94000244140625,575
2026-05-29 16:00:00+00:00,75.81999969482422,76.02999877929688,75.69499969482422,76.02999877929688,561
2026-05-29 16:15:00+00:00,75.83499908447266,75.96499633789062,75.80500030517578,75.81999969482422,257
2026-05-29 16:30:00+00:00,76.22000122070312,76.2699966430664,75.80500030517578,75.86499786376953,1223
2026-05-29 16:45:00+00:00,76.125,76.2300033569336,75.94999694824219,76.2300033569336,446
2026-05-29 17:00:00+00:00,75.95999908447266,76.21499633789062,75.91000366210938,76.125,549
2026-05-29 17:15:00+00:00,75.875,75.98999786376953,75.73999786376953,75.96499633789062,1230
2026-05-29 17:30:00+00:00,75.83999633789062,75.91000366210938,75.75499725341797,75.86499786376953,341
2026-05-29 17:45:00+00:00,75.68499755859375,75.91999816894531,75.59500122070312,75.81999969482422,309
2026-05-29 18:00:00+00:00,75.8949966430664,75.91500091552734,75.63500213623047,75.68499755859375,280
2026-05-29 18:15:00+00:00,75.95999908447266,76.01000213623047,75.88999938964844,75.93000030517578,158
2026-05-29 18:30:00+00:00,75.95999908447266,76.05000305175781,75.95999908447266,75.96499633789062,126
2026-05-29 18:45:00+00:00,75.76499938964844,75.94499969482422,75.68000030517578,75.94499969482422,278
2026-05-29 19:00:00+00:00,76.03500366210938,76.12000274658203,75.75499725341797,75.77999877929688,280
2026-05-29 19:15:00+00:00,75.93499755859375,76.04499816894531,75.91500091552734,76.0199966430664,125
2026-05-29 19:30:00+00:00,75.88500213623047,75.95500183105469,75.86000061035156,75.92500305175781,248
2026-05-29 19:45:00+00:00,75.83499908447266,75.90499877929688,75.76000213623047,75.90499877929688,287
2026-05-29 20:00:00+00:00,75.96499633789062,75.96499633789062,75.76499938964844,75.8550033569336,170
2026-05-29 20:15:00+00:00,75.78500366210938,75.94999694824219,75.7750015258789,75.94499969482422,93
2026-05-29 20:30:00+00:00,75.68499755859375,75.83000183105469,75.63999938964844,75.7750015258789,180
2026-05-29 20:45:00+00:00,75.875,75.875,75.55000305175781,75.66999816894531,161
2026-05-31 22:00:00+00:00,75.18000030517578,75.18000030517578,74.875,74.97000122070312,140
2026-05-31 22:15:00+00:00,75.125,75.19999694824219,75.05999755859375,75.18000030517578,121
2026-05-31 22:30:00+00:00,75.2249984741211,75.27999877929688,75.13999938964844,75.1449966430664,83
2026-05-31 22:45:00+00:00,75.3499984741211,75.49500274658203,75.25499725341797,75.25499725341797,158
2026-05-31 23:00:00+00:00,75.54499816894531,75.5999984741211,75.31999969482422,75.37000274658203,126
2026-05-31 23:15:00+00:00,75.69999694824219,75.75499725341797,75.4749984741211,75.53500366210938,223
2026-05-31 23:30:00+00:00,75.83499908447266,75.83499908447266,75.63999938964844,75.75499725341797,144
2026-05-31 23:45:00+00:00,75.9000015258789,76.00499725341797,75.70999908447266,75.78500366210938,280
2026-06-01 00:00:00+00:00,75.88999938964844,76.06500244140625,75.75,75.8499984741211,175
2026-06-01 00:15:00+00:00,75.91999816894531,76.01499938964844,75.79499816894531,75.9749984741211,30
2026-06-01 00:30:00+00:00,75.76000213623047,76.0,75.76000213623047,75.93000030517578,121
2026-06-01 00:45:00+00:00,75.86000061035156,75.94999694824219,75.75499725341797,75.77999877929688,90
2026-06-01 01:00:00+00:00,75.44499969482422,75.95500183105469,75.0999984741211,75.8550033569336,495
2026-06-01 01:15:00+00:00,75.77999877929688,75.83000183105469,75.33499908447266,75.44499969482422,203
2026-06-01 01:30:00+00:00,76.0250015258789,76.05999755859375,75.57499694824219,75.77999877929688,344
2026-06-01 01:45:00+00:00,75.86000061035156,76.05500030517578,75.7750015258789,76.0250015258789,204
2026-06-01 02:00:00+00:00,76.25,76.29499816894531,75.82499694824219,75.83999633789062,257
2026-06-01 02:15:00+00:00,76.21499633789062,76.26499938964844,76.16000366210938,76.22000122070312,109
2026-06-01 02:30:00+00:00,75.98500061035156,76.26000213623047,75.8499984741211,76.19999694824219,230
2026-06-01 02:45:00+00:00,75.87000274658203,76.04499816894531,75.84500122070312,76.0,175
2026-06-01 03:00:00+00:00,75.78500366210938,76.08999633789062,75.75,75.87000274658203,204
2026-06-01 03:15:00+00:00,75.86499786376953,75.91500091552734,75.62000274658203,75.75,179
2026-06-01 03:30:00+00:00,75.56999969482422,76.04499816894531,75.5199966430664,75.9000015258789,201
2026-06-01 03:45:00+00:00,75.62999725341797,75.66000366210938,75.41999816894531,75.5999984741211,201
2026-06-01 04:00:00+00:00,75.7300033569336,75.80999755859375,75.61499786376953,75.68000030517578,116
2026-06-01 04:15:00+00:00,75.79499816894531,75.83000183105469,75.68499755859375,75.68499755859375,59
2026-06-01 04:30:00+00:00,75.80500030517578,75.83000183105469,75.7300033569336,75.79499816894531,91
2026-06-01 04:45:00+00:00,75.83000183105469,75.84500122070312,75.61000061035156,75.77999877929688,150
2026-06-01 05:00:00+00:00,75.98500061035156,76.0,75.81500244140625,75.83999633789062,144
2026-06-01 05:15:00+00:00,76.04000091552734,76.15499877929688,75.93499755859375,75.96499633789062,141
2026-06-01 05:30:00+00:00,76.03500366210938,76.12999725341797,75.7750015258789,76.04499816894531,306
2026-06-01 05:45:00+00:00,76.09500122070312,76.25499725341797,76.01499938964844,76.03500366210938,250
2026-06-01 06:00:00+00:00,75.98999786376953,76.125,75.93000030517578,76.06999969482422,163
2026-06-01 06:15:00+00:00,75.97000122070312,76.01000213623047,75.77999877929688,76.01000213623047,235
2026-06-01 06:30:00+00:00,75.8499984741211,76.03500366210938,75.78500366210938,75.96499633789062,261
2026-06-01 06:45:00+00:00,75.68000030517578,75.86499786376953,75.54000091552734,75.81999969482422,246
2026-06-01 07:00:00+00:00,76.11499786376953,76.1500015258789,75.63999938964844,75.6449966430664,281
2026-06-01 07:15:00+00:00,76.00499725341797,76.1500015258789,75.87999725341797,76.12000274658203,264
2026-06-01 07:30:00+00:00,75.69000244140625,76.11000061035156,75.69000244140625,76.08999633789062,245
2026-06-01 07:45:00+00:00,76.05999755859375,76.08000183105469,75.54499816894531,75.69499969482422,372
2026-06-01 08:00:00+00:00,75.83999633789062,76.19999694824219,75.62000274658203,76.0999984741211,407
2026-06-01 08:15:00+00:00,75.74500274658203,75.8499984741211,75.58999633789062,75.80999755859375,185
2026-06-01 08:30:00+00:00,75.9800033569336,76.04000091552734,75.62999725341797,75.74500274658203,245
2026-06-01 08:45:00+00:00,75.96499633789062,76.07499694824219,75.81999969482422,76.04000091552734,328
2026-06-01 09:00:00+00:00,76.11499786376953,76.12999725341797,75.95500183105469,75.98999786376953,188
2026-06-01 09:15:00+00:00,76.12999725341797,76.56500244140625,76.08000183105469,76.12000274658203,677
2026-06-01 09:30:00+00:00,76.08000183105469,76.1449966430664,75.98999786376953,76.1050033569336,262
2026-06-01 09:45:00+00:00,75.94000244140625,76.06999969482422,75.90499877929688,76.05999755859375,193
2026-06-01 10:00:00+00:00,76.21499633789062,76.21499633789062,75.93000030517578,75.93000030517578,120
2026-06-01 10:15:00+00:00,76.13500213623047,76.22000122070312,76.0999984741211,76.19499969482422,93
2026-06-01 10:30:00+00:00,76.1500015258789,76.26499938964844,76.06999969482422,76.13500213623047,137
2026-06-01 10:45:00+00:00,75.9800033569336,76.20500183105469,75.93000030517578,76.1500015258789,253
2026-06-01 11:00:00+00:00,75.98999786376953,76.08499908447266,75.82499694824219,75.98500061035156,365
2026-06-01 11:15:00+00:00,76.18499755859375,76.18499755859375,75.98999786376953,76.02999877929688,195
2026-06-01 11:30:00+00:00,76.01000213623047,76.21499633789062,76.01000213623047,76.15499877929688,236
2026-06-01 11:45:00+00:00,76.00499725341797,76.09500122070312,75.91999816894531,76.02999877929688,455
2026-06-01 12:00:00+00:00,75.72000122070312,76.04000091552734,75.69999694824219,75.98999786376953,332
2026-06-01 12:15:00+00:00,75.81999969482422,75.93499755859375,75.56999969482422,75.7699966430664,744
2026-06-01 12:30:00+00:00,75.99500274658203,76.03500366210938,75.57499694824219,75.83499908447266,694
2026-06-01 12:45:00+00:00,76.09500122070312,76.20500183105469,76.0,76.01000213623047,646
2026-06-01 13:00:00+00:00,75.45500183105469,76.18000030517578,75.125,76.07499694824219,1873
2026-06-01 13:15:00+00:00,74.86499786376953,75.625,74.63500213623047,75.40499877929688,1915
2026-06-01 13:30:00+00:00,74.82499694824219,75.125,74.66999816894531,74.8949966430664,1701
2026-06-01 13:45:00+00:00,74.19499969482422,74.91999816894531,74.12000274658203,74.80500030517578,1451
2026-06-01 14:00:00+00:00,74.66500091552734,74.69000244140625,74.05500030517578,74.13999938964844,1314
2026-06-01 14:15:00+00:00,74.5999984741211,74.75,74.33999633789062,74.6500015258789,942
2026-06-01 14:30:00+00:00,74.73500061035156,74.79499816894531,74.54499816894531,74.58000183105469,588
2026-06-01 14:45:00+00:00,74.55999755859375,74.80000305175781,74.36000061035156,74.76000213623047,399
2026-06-01 15:00:00+00:00,74.86000061035156,74.94499969482422,74.45999908447266,74.58000183105469,614
2026-06-01 15:15:00+00:00,74.94499969482422,75.0,74.73500061035156,74.84500122070312,435
2026-06-01 15:30:00+00:00,75.22000122070312,75.52999877929688,74.91500091552734,74.91500091552734,1329
2026-06-01 15:45:00+00:00,75.17500305175781,75.30000305175781,75.08999633789062,75.25,387
2026-06-01 16:00:00+00:00,75.01499938964844,75.37000274658203,74.91000366210938,75.16999816894531,473
2026-06-01 16:15:00+00:00,75.0250015258789,75.0250015258789,74.8499984741211,75.00499725341797,363
2026-06-01 16:30:00+00:00,74.8949966430664,75.0999984741211,74.8949966430664,75.01000213623047,342
2026-06-01 16:45:00+00:00,75.26000213623047,75.33000183105469,74.86499786376953,74.88500213623047,571
2026-06-01 17:00:00+00:00,75.26499938964844,75.31999969482422,75.15499877929688,75.26499938964844,439
2026-06-01 17:15:00+00:00,75.47000122070312,75.47000122070312,75.15499877929688,75.28500366210938,1596
2026-06-01 17:30:00+00:00,75.55999755859375,75.66999816894531,75.30000305175781,75.48999786376953,842
2026-06-01 17:45:00+00:00,75.63500213623047,75.73999786376953,75.54499816894531,75.58999633789062,373
2026-06-01 18:00:00+00:00,75.50499725341797,75.66500091552734,75.47000122070312,75.63999938964844,137
2026-06-01 18:15:00+00:00,75.47000122070312,75.57499694824219,75.45500183105469,75.48999786376953,157
2026-06-01 18:30:00+00:00,75.51499938964844,75.51499938964844,75.36499786376953,75.47000122070312,150
2026-06-01 18:45:00+00:00,75.5250015258789,75.55999755859375,75.48999786376953,75.51000213623047,88
2026-06-01 19:00:00+00:00,75.36000061035156,75.5250015258789,75.36000061035156,75.5199966430664,118
2026-06-01 19:15:00+00:00,75.30000305175781,75.36000061035156,75.29499816894531,75.33000183105469,60
2026-06-01 19:30:00+00:00,75.24500274658203,75.31999969482422,75.21499633789062,75.29499816894531,103
2026-06-01 19:45:00+00:00,75.11499786376953,75.26000213623047,75.05000305175781,75.26000213623047,295
2026-06-01 20:00:00+00:00,75.13500213623047,75.23999786376953,75.08000183105469,75.11000061035156,86
2026-06-01 20:15:00+00:00,75.12000274658203,75.15499877929688,75.09500122070312,75.15499877929688,30
2026-06-01 20:30:00+00:00,75.16000366210938,75.18499755859375,75.08000183105469,75.0999984741211,45
2026-06-01 20:45:00+00:00,75.1500015258789,75.17500305175781,75.08999633789062,75.12999725341797,90
2026-06-01 22:00:00+00:00,75.0999984741211,75.2300033569336,75.00499725341797,75.15499877929688,51
2026-06-01 22:15:00+00:00,75.06999969482422,75.16000366210938,75.02999877929688,75.15499877929688,63
2026-06-01 22:30:00+00:00,75.12000274658203,75.18000030517578,75.05999755859375,75.06500244140625,52
2026-06-01 22:45:00+00:00,75.2300033569336,75.23500061035156,75.13500213623047,75.13500213623047,21
2026-06-01 23:00:00+00:00,75.28500366210938,75.28500366210938,75.16999816894531,75.2249984741211,38
2026-06-01 23:15:00+00:00,75.4000015258789,75.4000015258789,75.26000213623047,75.26000213623047,47
2026-06-01 23:30:00+00:00,75.37999725341797,75.41999816894531,75.30999755859375,75.36000061035156,68
2026-06-01 23:45:00+00:00,75.30999755859375,75.375,75.21499633789062,75.27999877929688,85
2026-06-02 00:00:00+00:00,75.20500183105469,75.32499694824219,75.08999633789062,75.30000305175781,97
2026-06-02 00:15:00+00:00,75.46499633789062,75.5,75.2300033569336,75.2300033569336,133
2026-06-02 00:30:00+00:00,75.26499938964844,75.58999633789062,75.26499938964844,75.48999786376953,142
2026-06-02 00:45:00+00:00,75.20500183105469,75.2699966430664,75.13500213623047,75.2699966430664,67
2026-06-02 01:00:00+00:00,76.12999725341797,76.16000366210938,75.0,75.2300033569336,421
2026-06-02 01:15:00+00:00,76.01499938964844,76.22000122070312,75.80500030517578,76.08499908447266,561
2026-06-02 01:30:00+00:00,75.63999938964844,76.11499786376953,75.62000274658203,76.06500244140625,326
2026-06-02 01:45:00+00:00,75.13500213623047,75.66500091552734,74.7699966430664,75.62999725341797,553
2026-06-02 02:00:00+00:00,75.37000274658203,75.37999725341797,75.1050033569336,75.11000061035156,205
2026-06-02 02:15:00+00:00,75.4800033569336,75.57499694824219,75.4000015258789,75.41999816894531,91
2026-06-02 02:30:00+00:00,75.28500366210938,75.61000061035156,75.28500366210938,75.50499725341797,100
2026-06-02 02:45:00+00:00,75.61000061035156,75.625,75.16999816894531,75.34500122070312,71
2026-06-02 03:00:00+00:00,75.5250015258789,75.80500030517578,75.45500183105469,75.5999984741211,105
2026-06-02 03:15:00+00:00,75.63999938964844,75.69000244140625,75.43499755859375,75.56999969482422,105
2026-06-02 03:30:00+00:00,75.52999877929688,75.66000366210938,75.48999786376953,75.625,88
2026-06-02 03:45:00+00:00,75.5250015258789,75.55000305175781,75.44999694824219,75.54499816894531,26
2026-06-02 04:00:00+00:00,75.74500274658203,75.7699966430664,75.55000305175781,75.55999755859375,93
2026-06-02 04:15:00+00:00,75.86000061035156,75.95500183105469,75.76499938964844,75.80000305175781,106
2026-06-02 04:30:00+00:00,76.02999877929688,76.06999969482422,75.8499984741211,75.8499984741211,197
2026-06-02 04:45:00+00:00,76.08499908447266,76.20500183105469,76.00499725341797,76.00499725341797,138
2026-06-02 05:00:00+00:00,76.19999694824219,76.19999694824219,76.04499816894531,76.06999969482422,95
2026-06-02 05:15:00+00:00,76.33000183105469,76.4000015258789,76.09500122070312,76.19999694824219,320
2026-06-02 05:30:00+00:00,77.0,77.23500061035156,76.30999755859375,76.34500122070312,1475
2026-06-02 05:45:00+00:00,76.7249984741211,77.04000091552734,76.66999816894531,77.03500366210938,243
2026-06-02 06:00:00+00:00,76.73999786376953,77.06500244140625,76.73999786376953,76.75499725341797,335
2026-06-02 06:15:00+00:00,77.0,77.05000305175781,76.72000122070312,76.72000122070312,222
2026-06-02 06:30:00+00:00,76.92500305175781,77.15499877929688,76.8550033569336,77.0250015258789,445
2026-06-02 06:45:00+00:00,77.09500122070312,77.12999725341797,76.8499984741211,76.94999694824219,284
2026-06-02 07:00:00+00:00,77.07499694824219,77.19999694824219,76.98999786376953,77.0999984741211,353
2026-06-02 07:15:00+00:00,76.99500274658203,77.17500305175781,76.94499969482422,77.05500030517578,427
2026-06-02 07:30:00+00:00,77.04499816894531,77.1449966430664,76.91500091552734,76.98999786376953,217
2026-06-02 07:45:00+00:00,77.26000213623047,77.2699966430664,77.01000213623047,77.05500030517578,219
2026-06-02 08:00:00+00:00,77.16999816894531,77.3550033569336,77.12000274658203,77.25499725341797,363
2026-06-02 08:15:00+00:00,77.08499908447266,77.20999908447266,76.9800033569336,77.19000244140625,310
2026-06-02 08:30:00+00:00,76.91500091552734,77.15499877929688,76.90499877929688,77.12000274658203,172
2026-06-02 08:45:00+00:00,76.76499938964844,76.95500183105469,76.69999694824219,76.90499877929688,178
2026-06-02 09:00:00+00:00,76.8550033569336,76.8550033569336,76.6050033569336,76.76000213623047,182
2026-06-02 09:15:00+00:00,76.70500183105469,76.87999725341797,76.62999725341797,76.86499786376953,389
2026-06-02 09:30:00+00:00,76.66999816894531,76.71499633789062,76.4800033569336,76.69999694824219,298
2026-06-02 09:45:00+00:00,76.5999984741211,76.78500366210938,76.58000183105469,76.69999694824219,172
2026-06-02 10:00:00+00:00,76.61499786376953,76.67500305175781,76.51499938964844,76.5999984741211,142
2026-06-02 10:15:00+00:00,76.52999877929688,76.625,76.46499633789062,76.61499786376953,64
2026-06-02 10:30:00+00:00,76.5999984741211,76.61000061035156,76.52999877929688,76.52999877929688,84
2026-06-02 10:45:00+00:00,76.72000122070312,76.7249984741211,76.56999969482422,76.62999725341797,188
2026-06-02 11:00:00+00:00,76.59500122070312,76.73999786376953,76.54000091552734,76.71499633789062,340
2026-06-02 11:15:00+00:00,76.76000213623047,76.76000213623047,76.54000091552734,76.59500122070312,292
2026-06-02 11:30:00+00:00,76.6449966430664,76.80000305175781,76.6449966430664,76.7699966430664,255
2026-06-02 11:45:00+00:00,76.62000274658203,76.76000213623047,76.59500122070312,76.67500305175781,123
2026-06-02 12:00:00+00:00,76.56500244140625,76.70500183105469,76.52999877929688,76.61000061035156,208
2026-06-02 12:15:00+00:00,76.98500061035156,77.00499725341797,76.4749984741211,76.5250015258789,473
2026-06-02 12:30:00+00:00,76.80000305175781,77.04000091552734,76.68499755859375,76.99500274658203,507
2026-06-02 12:45:00+00:00,76.4000015258789,76.76499938964844,76.31500244140625,76.76499938964844,553
2026-06-02 13:00:00+00:00,76.46499633789062,76.87999725341797,76.33499908447266,76.41999816894531,1033
2026-06-02 13:15:00+00:00,76.2249984741211,76.5250015258789,76.13500213623047,76.48500061035156,674
2026-06-02 13:30:00+00:00,76.45999908447266,76.63500213623047,76.11000061035156,76.25,896
2026-06-02 13:45:00+00:00,76.17500305175781,76.58499908447266,76.1500015258789,76.45500183105469,784
2026-06-02 14:00:00+00:00,76.125,76.30000305175781,75.91999816894531,76.18499755859375,1095
2026-06-02 14:15:00+00:00,75.75499725341797,76.13500213623047,75.55000305175781,76.09500122070312,1573
2026-06-02 14:30:00+00:00,76.16999816894531,76.20500183105469,75.7699966430664,75.7699966430664,676
2026-06-02 14:45:00+00:00,76.03500366210938,76.2249984741211,75.94999694824219,76.16000366210938,470
2026-06-02 15:00:00+00:00,76.18499755859375,76.30999755859375,76.0199966430664,76.03500366210938,524
2026-06-02 15:15:00+00:00,76.2699966430664,76.33499908447266,76.1449966430664,76.19999694824219,556
2026-06-02 15:30:00+00:00,76.2249984741211,76.37000274658203,76.16000366210938,76.25,395
2026-06-02 15:45:00+00:00,76.09500122070312,76.31500244140625,76.05000305175781,76.24500274658203,345
2026-06-02 16:00:00+00:00,75.98999786376953,76.12000274658203,75.94000244140625,76.1050033569336,549
2026-06-02 16:15:00+00:00,75.75,76.00499725341797,75.69999694824219,76.00499725341797,827
2026-06-02 16:30:00+00:00,75.71499633789062,75.83499908447266,75.62000274658203,75.75,338
2026-06-02 16:45:00+00:00,75.7300033569336,75.88999938964844,75.67500305175781,75.69499969482422,368
2026-06-02 17:00:00+00:00,75.7300033569336,75.83499908447266,75.57499694824219,75.7300033569336,686
2026-06-02 17:15:00+00:00,75.6500015258789,75.7300033569336,75.5199966430664,75.7300033569336,1697
2026-06-02 17:30:00+00:00,75.4000015258789,75.75,75.31500244140625,75.63500213623047,519
2026-06-02 17:45:00+00:00,75.4000015258789,75.46499633789062,75.36000061035156,75.38500213623047,135
2026-06-02 18:00:00+00:00,75.40499877929688,75.54499816894531,75.36000061035156,75.42500305175781,323
2026-06-02 18:15:00+00:00,75.48500061035156,75.58499908447266,75.34500122070312,75.38999938964844,130
2026-06-02 18:30:00+00:00,75.11499786376953,75.53500366210938,75.04499816894531,75.48500061035156,505
2026-06-02 18:45:00+00:00,75.4800033569336,75.48500061035156,75.07499694824219,75.11000061035156,424
2026-06-02 19:00:00+00:00,75.42500305175781,75.55000305175781,75.42500305175781,75.46499633789062,101
2026-06-02 19:15:00+00:00,75.46499633789062,75.46499633789062,75.33000183105469,75.41999816894531,171
2026-06-02 19:30:00+00:00,75.42500305175781,75.5,75.29499816894531,75.4749984741211,171
2026-06-02 19:45:00+00:00,75.45500183105469,75.47000122070312,75.375,75.43499755859375,143
2026-06-02 20:00:00+00:00,75.51499938964844,75.54000091552734,75.38999938964844,75.44499969482422,79
2026-06-02 20:15:00+00:00,75.50499725341797,75.55999755859375,75.48999786376953,75.5199966430664,66
2026-06-02 20:30:00+00:00,75.47000122070312,75.5,75.45500183105469,75.49500274658203,39
2026-06-02 20:45:00+00:00,75.44000244140625,75.4749984741211,75.37999725341797,75.47000122070312,104
2026-06-02 22:00:00+00:00,75.46499633789062,75.59500122070312,75.44000244140625,75.49500274658203,53
2026-06-02 22:15:00+00:00,75.44000244140625,75.54000091552734,75.4000015258789,75.44000244140625,120
2026-06-02 22:30:00+00:00,75.37000274658203,75.45999908447266,75.34500122070312,75.44499969482422,44
2026-06-02 22:45:00+00:00,75.2300033569336,75.4000015258789,75.16500091552734,75.37999725341797,120
2026-06-02 23:00:00+00:00,74.94499969482422,75.29000091552734,74.80000305175781,75.2300033569336,306
2026-06-02 23:15:00+00:00,74.69000244140625,74.94999694824219,74.55500030517578,74.94499969482422,449
2026-06-02 23:30:00+00:00,75.08499908447266,75.08499908447266,74.56500244140625,74.74500274658203,266
2026-06-02 23:45:00+00:00,75.1050033569336,75.11499786376953,74.92500305175781,75.05500030517578,93
2026-06-03 00:00:00+00:00,75.05000305175781,75.23999786376953,75.01000213623047,75.12999725341797,124
2026-06-03 00:15:00+00:00,75.26000213623047,75.26000213623047,75.01000213623047,75.04499816894531,74
2026-06-03 00:30:00+00:00,75.61499786376953,75.625,75.21499633789062,75.28500366210938,238
2026-06-03 00:45:00+00:00,75.42500305175781,75.61000061035156,75.41500091552734,75.5999984741211,147
2026-06-03 01:00:00+00:00,74.81500244140625,75.49500274658203,74.58000183105469,75.44999694824219,585
2026-06-03 01:15:00+00:00,74.56500244140625,74.8550033569336,74.1050033569336,74.75,614
2026-06-03 01:30:00+00:00,74.87999725341797,74.94499969482422,74.55500030517578,74.58000183105469,256
2026-06-03 01:45:00+00:00,75.0,75.09500122070312,74.86000061035156,74.91500091552734,93
2026-06-03 02:00:00+00:00,75.08499908447266,75.12999725341797,74.93000030517578,74.98500061035156,97
2026-06-03 02:15:00+00:00,74.95999908447266,75.06999969482422,74.8550033569336,75.06999969482422,48
2026-06-03 02:30:00+00:00,75.06500244140625,75.26499938964844,74.80000305175781,74.94499969482422,214
2026-06-03 02:45:00+00:00,75.22000122070312,75.22000122070312,74.94499969482422,75.05999755859375,157
2026-06-03 03:00:00+00:00,75.30000305175781,75.49500274658203,75.19000244140625,75.20500183105469,130
2026-06-03 03:15:00+00:00,75.375,75.41000366210938,75.25499725341797,75.31500244140625,52
2026-06-03 03:30:00+00:00,75.33999633789062,75.3499984741211,75.30999755859375,75.3499984741211,38
2026-06-03 03:45:00+00:00,75.42500305175781,75.42500305175781,75.2699966430664,75.33000183105469,53
2026-06-03 04:00:00+00:00,75.375,75.48500061035156,75.36499786376953,75.41500091552734,63
2026-06-03 04:15:00+00:00,75.1500015258789,75.4000015258789,75.1500015258789,75.375,59
2026-06-03 04:30:00+00:00,75.0999984741211,75.15499877929688,74.96499633789062,75.15499877929688,80
2026-06-03 04:45:00+00:00,74.94499969482422,75.05500030517578,74.94499969482422,75.05500030517578,61
2026-06-03 05:00:00+00:00,75.0999984741211,75.16000366210938,74.82499694824219,74.94499969482422,170
2026-06-03 05:15:00+00:00,74.9000015258789,75.1500015258789,74.88999938964844,75.08999633789062,85
2026-06-03 05:30:00+00:00,74.7300033569336,74.95500183105469,74.625,74.93000030517578,358
2026-06-03 05:45:00+00:00,74.66000366210938,74.9000015258789,74.66000366210938,74.7300033569336,131
2026-06-03 06:00:00+00:00,74.79499816894531,74.95999908447266,74.66500091552734,74.69000244140625,237
2026-06-03 06:15:00+00:00,74.7300033569336,74.93499755859375,74.66000366210938,74.8499984741211,253
2026-06-03 06:30:00+00:00,74.49500274658203,74.75499725341797,74.31500244140625,74.73999786376953,543
2026-06-03 06:45:00+00:00,74.62000274658203,74.6449966430664,74.26000213623047,74.4800033569336,243
2026-06-03 07:00:00+00:00,74.73500061035156,74.8499984741211,74.48999786376953,74.63999938964844,252
2026-06-03 07:15:00+00:00,74.38999938964844,74.72000122070312,74.38500213623047,74.72000122070312,164
2026-06-03 07:30:00+00:00,74.51000213623047,74.55500030517578,74.33499908447266,74.3499984741211,181
2026-06-03 07:45:00+00:00,74.33000183105469,74.55500030517578,74.32499694824219,74.4749984741211,127
2026-06-03 08:00:00+00:00,74.41000366210938,74.48999786376953,74.25499725341797,74.33499908447266,305
2026-06-03 08:15:00+00:00,74.57499694824219,74.5999984741211,74.28500366210938,74.41999816894531,132
2026-06-03 08:30:00+00:00,74.54499816894531,74.625,74.54499816894531,74.58499908447266,89
2026-06-03 08:45:00+00:00,74.36499786376953,74.66000366210938,74.25499725341797,74.58000183105469,274
2026-06-03 09:00:00+00:00,74.5999984741211,74.73500061035156,74.33499908447266,74.34500122070312,183
2026-06-03 09:15:00+00:00,74.36499786376953,74.5999984741211,74.36000061035156,74.58999633789062,130
2026-06-03 09:30:00+00:00,74.48999786376953,74.50499725341797,74.33999633789062,74.38500213623047,113
2026-06-03 09:45:00+00:00,74.2249984741211,74.44999694824219,74.20999908447266,74.44999694824219,168
2026-06-03 10:00:00+00:00,74.81500244140625,75.12000274658203,74.20500183105469,74.2300033569336,630
2026-06-03 10:15:00+00:00,74.7300033569336,74.80000305175781,74.54499816894531,74.80000305175781,150
2026-06-03 10:30:00+00:00,74.50499725341797,74.83499908447266,74.47000122070312,74.68000030517578,195
2026-06-03 10:45:00+00:00,74.61000061035156,74.68000030517578,74.5199966430664,74.56500244140625,76
2026-06-03 11:00:00+00:00,74.76499938964844,74.79000091552734,74.55500030517578,74.62999725341797,492
2026-06-03 11:15:00+00:00,74.69000244140625,74.73999786376953,74.58000183105469,74.73999786376953,150
2026-06-03 11:30:00+00:00,74.75499725341797,74.80500030517578,74.66999816894531,74.73999786376953,136
2026-06-03 11:45:00+00:00,74.79000091552734,74.86000061035156,74.70500183105469,74.74500274658203,143
2026-06-03 12:00:00+00:00,74.59500122070312,74.83999633789062,74.55999755859375,74.80999755859375,183
2026-06-03 12:15:00+00:00,74.41000366210938,74.83000183105469,74.36000061035156,74.55999755859375,593
2026-06-03 12:30:00+00:00,74.2750015258789,74.4749984741211,74.16500091552734,74.43000030517578,697
2026-06-03 12:45:00+00:00,74.47000122070312,74.77999877929688,74.22000122070312,74.2750015258789,1092
2026-06-03 13:00:00+00:00,74.69000244140625,74.76499938964844,74.28500366210938,74.45500183105469,803
2026-06-03 13:15:00+00:00,74.31999969482422,74.73999786376953,74.19999694824219,74.67500305175781,771
2026-06-03 13:30:00+00:00,73.45999908447266,74.48999786376953,73.3949966430664,74.33499908447266,2098
2026-06-03 13:45:00+00:00,74.04499816894531,74.05999755859375,73.4000015258789,73.47000122070312,1479
2026-06-03 14:00:00+00:00,74.00499725341797,74.22000122070312,73.87999725341797,74.0250015258789,925
2026-06-03 14:15:00+00:00,73.95999908447266,74.19000244140625,73.75499725341797,74.01499938964844,1134
2026-06-03 14:30:00+00:00,73.8949966430664,74.0199966430664,73.7750015258789,73.9800033569336,373
2026-06-03 14:45:00+00:00,74.17500305175781,74.26499938964844,73.83999633789062,73.8949966430664,532
2026-06-03 15:00:00+00:00,73.73999786376953,74.24500274658203,73.69999694824219,74.17500305175781,558
2026-06-03 15:15:00+00:00,73.69499969482422,74.0,73.43499755859375,73.75,1441
2026-06-03 15:30:00+00:00,73.69499969482422,73.80000305175781,73.52999877929688,73.66500091552734,679
2026-06-03 15:45:00+00:00,73.6449966430664,73.7300033569336,73.54000091552734,73.70500183105469,263
2026-06-03 16:00:00+00:00,73.59500122070312,73.77999877929688,73.51000213623047,73.6449966430664,361
2026-06-03 16:15:00+00:00,73.58499908447266,73.67500305175781,73.38999938964844,73.6050033569336,614
2026-06-03 16:30:00+00:00,73.55000305175781,73.70500183105469,73.48500061035156,73.57499694824219,481
2026-06-03 16:45:00+00:00,73.65499877929688,73.69000244140625,73.3550033569336,73.56500244140625,961
2026-06-03 17:00:00+00:00,73.6500015258789,73.93499755859375,73.625,73.69000244140625,850
2026-06-03 17:15:00+00:00,73.59500122070312,73.77999877929688,73.55000305175781,73.65499877929688,1542
2026-06-03 17:30:00+00:00,73.66500091552734,73.71499633789062,73.51000213623047,73.57499694824219,286
2026-06-03 17:45:00+00:00,73.48999786376953,73.66999816894531,73.31999969482422,73.66999816894531,650
2026-06-03 18:00:00+00:00,73.4800033569336,73.5999984741211,73.41500091552734,73.48500061035156,202
2026-06-03 18:15:00+00:00,73.46499633789062,73.54000091552734,73.30999755859375,73.42500305175781,340
2026-06-03 18:30:00+00:00,73.41999816894531,73.5250015258789,73.34500122070312,73.44499969482422,118
2026-06-03 18:45:00+00:00,73.4800033569336,73.54000091552734,73.38999938964844,73.38999938964844,145
2026-06-03 19:00:00+00:00,73.55999755859375,73.61499786376953,73.41999816894531,73.48999786376953,135
2026-06-03 19:15:00+00:00,73.56500244140625,73.7300033569336,73.5,73.55500030517578,307
2026-06-03 19:30:00+00:00,73.58000183105469,73.65499877929688,73.56500244140625,73.56500244140625,95
2026-06-03 19:45:00+00:00,73.43499755859375,73.56500244140625,73.4000015258789,73.56500244140625,231
2026-06-03 20:00:00+00:00,73.18499755859375,73.45500183105469,73.08499908447266,73.43499755859375,738
2026-06-03 20:15:00+00:00,73.16500091552734,73.22000122070312,73.09500122070312,73.18499755859375,135
2026-06-03 20:30:00+00:00,72.94000244140625,73.16500091552734,72.93499755859375,73.16000366210938,334
2026-06-03 20:45:00+00:00,72.9800033569336,73.04000091552734,72.83499908447266,72.95999908447266,220
2026-06-03 22:00:00+00:00,72.91999816894531,73.18499755859375,72.8499984741211,73.08000183105469,73
2026-06-03 22:15:00+00:00,72.91500091552734,72.95999908447266,72.56999969482422,72.91000366210938,225
2026-06-03 22:30:00+00:00,73.01499938964844,73.13999938964844,72.94999694824219,72.94999694824219,118
2026-06-03 22:45:00+00:00,73.36000061035156,73.45999908447266,73.02999877929688,73.02999877929688,246
2026-06-03 23:00:00+00:00,73.26000213623047,73.40499877929688,73.21499633789062,73.37000274658203,185
2026-06-03 23:15:00+00:00,73.36499786376953,73.36499786376953,73.25499725341797,73.25499725341797,42
2026-06-03 23:30:00+00:00,73.3499984741211,73.41000366210938,73.26000213623047,73.375,68
2026-06-03 23:45:00+00:00,73.4000015258789,73.625,73.37999725341797,73.37999725341797,215
2026-06-04 00:00:00+00:00,73.30999755859375,73.58999633789062,73.24500274658203,73.40499877929688,140
2026-06-04 00:15:00+00:00,73.29000091552734,73.47000122070312,73.25,73.32499694824219,100
2026-06-04 00:30:00+00:00,73.375,73.41000366210938,73.23500061035156,73.29000091552734,81
2026-06-04 00:45:00+00:00,73.46499633789062,73.55000305175781,73.31999969482422,73.37000274658203,55
2026-06-04 01:00:00+00:00,73.92500305175781,73.95500183105469,73.26499938964844,73.45999908447266,444
2026-06-04 01:15:00+00:00,73.83499908447266,74.05000305175781,73.7300033569336,73.88999938964844,219
2026-06-04 01:30:00+00:00,73.26499938964844,73.98999786376953,73.15499877929688,73.8949966430664,443
2026-06-04 01:45:00+00:00,73.2750015258789,73.54000091552734,72.9749984741211,73.21499633789062,322
2026-06-04 02:00:00+00:00,73.41000366210938,73.44999694824219,73.13999938964844,73.33000183105469,376
2026-06-04 02:15:00+00:00,73.41999816894531,73.41999816894531,73.19499969482422,73.34500122070312,147
2026-06-04 02:30:00+00:00,73.38500213623047,73.5,73.20500183105469,73.4000015258789,128
2026-06-04 02:45:00+00:00,73.80000305175781,73.91999816894531,73.3949966430664,73.4000015258789,251
2026-06-04 03:00:00+00:00,73.73999786376953,73.91999816894531,73.68499755859375,73.83999633789062,164
2026-06-04 03:15:00+00:00,73.56500244140625,73.73999786376953,73.53500366210938,73.73500061035156,53
2026-06-04 03:30:00+00:00,73.54499816894531,73.76000213623047,73.50499725341797,73.69499969482422,38
2026-06-04 03:45:00+00:00,73.6500015258789,73.71499633789062,73.44999694824219,73.53500366210938,74
2026-06-04 04:00:00+00:00,73.86000061035156,73.91000366210938,73.6500015258789,73.69499969482422,68
2026-06-04 04:15:00+00:00,73.86000061035156,73.98999786376953,73.84500122070312,73.91000366210938,79
2026-06-04 04:30:00+00:00,74.11499786376953,74.13500213623047,73.87000274658203,73.88500213623047,248
2026-06-04 04:45:00+00:00,73.91999816894531,74.16999816894531,73.90499877929688,74.09500122070312,88
2026-06-04 05:00:00+00:00,73.82499694824219,73.94000244140625,73.68499755859375,73.94000244140625,87
2026-06-04 05:15:00+00:00,73.67500305175781,73.83499908447266,73.66000366210938,73.82499694824219,98
2026-06-04 05:30:00+00:00,73.58999633789062,73.74500274658203,73.44499969482422,73.69999694824219,203
2026-06-04 05:45:00+00:00,73.40499877929688,73.66999816894531,73.29000091552734,73.5999984741211,182
2026-06-04 06:00:00+00:00,73.58999633789062,73.69499969482422,73.34500122070312,73.3550033569336,253
2026-06-04 06:15:00+00:00,73.44999694824219,73.51499938964844,73.21499633789062,73.51499938964844,243
2026-06-04 06:30:00+00:00,73.13500213623047,73.43499755859375,73.125,73.42500305175781,345
2026-06-04 06:45:00+00:00,73.37999725341797,73.44999694824219,73.0999984741211,73.1500015258789,280
2026-06-04 07:00:00+00:00,73.30500030517578,73.44000244140625,73.18499755859375,73.37999725341797,217
2026-06-04 07:15:00+00:00,73.37000274658203,73.44499969482422,73.26499938964844,73.33499908447266,137
2026-06-04 07:30:00+00:00,73.33999633789062,73.51499938964844,73.33499908447266,73.41999816894531,160
2026-06-04 07:45:00+00:00,73.43000030517578,73.44000244140625,73.30999755859375,73.38999938964844,66
2026-06-04 08:00:00+00:00,73.38999938964844,73.61000061035156,73.375,73.44000244140625,186
2026-06-04 08:15:00+00:00,73.55500030517578,73.55999755859375,73.3550033569336,73.41000366210938,206
2026-06-04 08:30:00+00:00,73.55000305175781,73.72000122070312,73.41999816894531,73.58000183105469,182
2026-06-04 08:45:00+00:00,73.47000122070312,73.56500244140625,73.38999938964844,73.55000305175781,120
2026-06-04 09:00:00+00:00,73.44499969482422,73.66500091552734,73.42500305175781,73.42500305175781,93
2026-06-04 09:15:00+00:00,73.58999633789062,73.63999938964844,73.44499969482422,73.45999908447266,184
2026-06-04 09:30:00+00:00,73.82499694824219,73.8550033569336,73.55000305175781,73.57499694824219,175
2026-06-04 09:45:00+00:00,73.70500183105469,73.87999725341797,73.69999694824219,73.80500030517578,170
2026-06-04 10:00:00+00:00,73.73999786376953,73.78500366210938,73.62999725341797,73.71499633789062,185
2026-06-04 10:15:00+00:00,73.7249984741211,73.76499938964844,73.625,73.69999694824219,110
2026-06-04 10:30:00+00:00,73.61000061035156,73.75499725341797,73.56999969482422,73.7249984741211,125
2026-06-04 10:45:00+00:00,73.67500305175781,73.71499633789062,73.54499816894531,73.62999725341797,95
2026-06-04 11:00:00+00:00,73.63999938964844,73.76499938964844,73.58999633789062,73.68499755859375,299
2026-06-04 11:15:00+00:00,74.19000244140625,74.25499725341797,73.66999816894531,73.66999816894531,651
2026-06-04 11:30:00+00:00,74.24500274658203,74.26000213623047,73.9749984741211,74.20999908447266,545
2026-06-04 11:45:00+00:00,74.8949966430664,74.91500091552734,74.25499725341797,74.25499725341797,983
2026-06-04 12:00:00+00:00,74.37999725341797,74.93000030517578,74.26499938964844,74.8550033569336,1156
2026-06-04 12:15:00+00:00,74.67500305175781,74.78500366210938,74.31999969482422,74.4000015258789,552
2026-06-04 12:30:00+00:00,74.63999938964844,74.73500061035156,74.53500366210938,74.70500183105469,492
2026-06-04 12:45:00+00:00,74.7699966430664,74.9000015258789,74.5999984741211,74.65499877929688,476
2026-06-04 13:00:00+00:00,75.00499725341797,75.33499908447266,74.61499786376953,74.78500366210938,1572
2026-06-04 13:15:00+00:00,74.91000366210938,75.22000122070312,74.8499984741211,74.98999786376953,534
2026-06-04 13:30:00+00:00,75.12000274658203,75.12000274658203,74.80000305175781,74.90499877929688,867
2026-06-04 13:45:00+00:00,74.55999755859375,75.13500213623047,74.55999755859375,75.12000274658203,860
2026-06-04 14:00:00+00:00,74.36000061035156,74.69999694824219,74.19000244140625,74.57499694824219,962
2026-06-04 14:15:00+00:00,74.25499725341797,74.48999786376953,74.12999725341797,74.37999725341797,594
2026-06-04 14:30:00+00:00,74.08000183105469,74.30500030517578,74.0,74.27999877929688,617
2026-06-04 14:45:00+00:00,73.73500061035156,74.12000274658203,73.4000015258789,74.1050033569336,1823
2026-06-04 15:00:00+00:00,73.98999786376953,74.01000213623047,73.67500305175781,73.7249984741211,664
2026-06-04 15:15:00+00:00,73.88999938964844,74.01499938964844,73.83000183105469,73.9800033569336,250
2026-06-04 15:30:00+00:00,74.01000213623047,74.12000274658203,73.87999725341797,73.88999938964844,439
2026-06-04 15:45:00+00:00,74.08000183105469,74.11000061035156,73.95500183105469,74.0,278
2026-06-04 16:00:00+00:00,74.06999969482422,74.22000122070312,74.04000091552734,74.08999633789062,408
2026-06-04 16:15:00+00:00,74.1050033569336,74.19000244140625,74.02999877929688,74.08999633789062,380
2026-06-04 16:30:00+00:00,74.0999984741211,74.12999725341797,74.01000213623047,74.11000061035156,334
2026-06-04 16:45:00+00:00,74.08499908447266,74.13999938964844,74.01499938964844,74.08499908447266,463
2026-06-04 17:00:00+00:00,73.98999786376953,74.16999816894531,73.97000122070312,74.06999969482422,790
2026-06-04 17:15:00+00:00,74.08000183105469,74.1050033569336,73.86000061035156,73.9800033569336,1801
2026-06-04 17:30:00+00:00,74.22000122070312,74.33000183105469,74.09500122070312,74.09500122070312,473
2026-06-04 17:45:00+00:00,74.16500091552734,74.24500274658203,74.125,74.2249984741211,251
2026-06-04 18:00:00+00:00,74.29000091552734,74.33000183105469,74.08499908447266,74.16500091552734,283
2026-06-04 18:15:00+00:00,74.25,74.36000061035156,74.20500183105469,74.29000091552734,263
2026-06-04 18:30:00+00:00,74.12999725341797,74.26499938964844,74.05999755859375,74.23999786376953,261
2026-06-04 18:45:00+00:00,74.23500061035156,74.2750015258789,74.12999725341797,74.1500015258789,155
2026-06-04 19:00:00+00:00,74.19499969482422,74.36499786376953,74.15499877929688,74.23999786376953,108
2026-06-04 19:15:00+00:00,74.30999755859375,74.30999755859375,74.19499969482422,74.19999694824219,86
2026-06-04 19:30:00+00:00,74.3550033569336,74.4000015258789,74.26499938964844,74.30999755859375,152
2026-06-04 19:45:00+00:00,74.31500244140625,74.36000061035156,74.24500274658203,74.36000061035156,166
2026-06-04 20:00:00+00:00,74.24500274658203,74.33999633789062,74.20500183105469,74.33999633789062,65
2026-06-04 20:15:00+00:00,74.21499633789062,74.2750015258789,74.16999816894531,74.25499725341797,57
2026-06-04 20:30:00+00:00,74.17500305175781,74.20999908447266,74.1449966430664,74.16999816894531,48
2026-06-04 20:45:00+00:00,74.125,74.18499755859375,74.12000274658203,74.15499877929688,75
2026-06-04 22:00:00+00:00,74.18000030517578,74.2300033569336,74.11499786376953,74.18499755859375,24
2026-06-04 22:15:00+00:00,74.21499633789062,74.23999786376953,74.1449966430664,74.18000030517578,38
2026-06-04 22:30:00+00:00,74.2300033569336,74.26499938964844,74.21499633789062,74.21499633789062,44
2026-06-04 22:45:00+00:00,74.12999725341797,74.25,74.12999725341797,74.19499969482422,34
2026-06-04 23:00:00+00:00,74.33999633789062,74.37999725341797,74.08000183105469,74.16999816894531,235
2026-06-04 23:15:00+00:00,74.25,74.31500244140625,74.18000030517578,74.31500244140625,29
2026-06-04 23:30:00+00:00,74.06999969482422,74.1500015258789,74.03500366210938,74.13500213623047,52
2026-06-04 23:45:00+00:00,74.05000305175781,74.23999786376953,74.03500366210938,74.05500030517578,95
2026-06-05 00:00:00+00:00,73.83499908447266,74.05999755859375,73.72000122070312,74.05000305175781,272
2026-06-05 00:15:00+00:00,73.7699966430664,73.88500213623047,73.67500305175781,73.81999969482422,160
2026-06-05 00:30:00+00:00,73.79499816894531,73.9749984741211,73.79499816894531,73.81500244140625,66
2026-06-05 00:45:00+00:00,73.55000305175781,73.83000183105469,73.5250015258789,73.73999786376953,208
2026-06-05 01:00:00+00:00,73.18000030517578,73.54499816894531,72.95999908447266,73.51499938964844,882
2026-06-05 01:15:00+00:00,73.03500366210938,73.28500366210938,72.69999694824219,73.17500305175781,518
2026-06-05 01:30:00+00:00,72.95999908447266,73.1500015258789,72.8949966430664,73.0250015258789,211
2026-06-05 01:45:00+00:00,72.83499908447266,73.12000274658203,72.7699966430664,72.92500305175781,436
2026-06-05 02:00:00+00:00,73.08499908447266,73.0999984741211,72.72000122070312,72.84500122070312,426
2026-06-05 02:15:00+00:00,73.05000305175781,73.16999816894531,72.8949966430664,73.0999984741211,298
2026-06-05 02:30:00+00:00,72.80000305175781,73.04499816894531,72.54000091552734,73.04000091552734,551
2026-06-05 02:45:00+00:00,72.7750015258789,73.13999938964844,72.74500274658203,72.79000091552734,307
2026-06-05 03:00:00+00:00,72.66999816894531,72.83000183105469,72.58999633789062,72.7699966430664,290
2026-06-05 03:15:00+00:00,72.66999816894531,72.76499938964844,72.5199966430664,72.69000244140625,232
2026-06-05 03:30:00+00:00,72.9000015258789,72.92500305175781,72.65499877929688,72.65499877929688,197
2026-06-05 03:45:00+00:00,72.8949966430664,72.91999816894531,72.7699966430664,72.91999816894531,89
2026-06-05 04:00:00+00:00,72.83000183105469,72.91999816894531,72.71499633789062,72.90499877929688,110
2026-06-05 04:15:00+00:00,72.80000305175781,72.91500091552734,72.7699966430664,72.80999755859375,63
2026-06-05 04:30:00+00:00,72.8499984741211,72.98999786376953,72.75,72.83000183105469,73
2026-06-05 04:45:00+00:00,73.0,73.04499816894531,72.82499694824219,72.9000015258789,126
2026-06-05 05:00:00+00:00,72.92500305175781,73.03500366210938,72.9000015258789,72.98999786376953,179
2026-06-05 05:15:00+00:00,72.82499694824219,72.94000244140625,72.80000305175781,72.94000244140625,35
2026-06-05 05:30:00+00:00,72.56999969482422,72.83499908447266,72.375,72.7699966430664,658
2026-06-05 05:45:00+00:00,72.45500183105469,72.7300033569336,72.3550033569336,72.58999633789062,263
2026-06-05 06:00:00+00:00,72.05000305175781,72.51000213623047,72.04000091552734,72.43499755859375,1063
2026-06-05 06:15:00+00:00,72.18499755859375,72.26000213623047,71.44000244140625,72.04000091552734,2112
2026-06-05 06:30:00+00:00,72.55500030517578,72.6500015258789,72.1500015258789,72.19000244140625,782
2026-06-05 06:45:00+00:00,72.76000213623047,72.80500030517578,72.44999694824219,72.55000305175781,505
2026-06-05 07:00:00+00:00,72.69499969482422,72.86499786376953,72.61000061035156,72.76000213623047,424
2026-06-05 07:15:00+00:00,72.86499786376953,72.91999816894531,72.625,72.69499969482422,321
2026-06-05 07:30:00+00:00,72.66500091552734,72.91000366210938,72.59500122070312,72.8499984741211,308
2026-06-05 07:45:00+00:00,72.7699966430664,72.8499984741211,72.67500305175781,72.67500305175781,155
2026-06-05 08:00:00+00:00,72.625,72.7750015258789,72.58999633789062,72.7750015258789,472
2026-06-05 08:15:00+00:00,72.92500305175781,72.92500305175781,72.58499908447266,72.625,328
2026-06-05 08:30:00+00:00,72.73999786376953,72.95999908447266,72.72000122070312,72.91000366210938,332
2026-06-05 08:45:00+00:00,72.76000213623047,72.79000091552734,72.69999694824219,72.70999908447266,126
2026-06-05 09:00:00+00:00,72.91999816894531,73.11000061035156,72.67500305175781,72.7300033569336,541
2026-06-05 09:15:00+00:00,72.84500122070312,73.06500244140625,72.84500122070312,72.92500305175781,609
2026-06-05 09:30:00+00:00,72.9000015258789,73.00499725341797,72.76499938964844,72.8499984741211,221
2026-06-05 09:45:00+00:00,72.94499969482422,73.01499938964844,72.86000061035156,72.92500305175781,56
2026-06-05 10:00:00+00:00,72.9000015258789,72.94999694824219,72.83999633789062,72.93000030517578,129
2026-06-05 10:15:00+00:00,72.97000122070312,73.0,72.88999938964844,72.90499877929688,342
2026-06-05 10:30:00+00:00,72.98999786376953,72.98999786376953,72.84500122070312,72.9749984741211,162
2026-06-05 10:45:00+00:00,73.03500366210938,73.08999633789062,72.98999786376953,72.99500274658203,195
2026-06-05 11:00:00+00:00,72.76000213623047,73.05999755859375,72.75,73.02999877929688,894
2026-06-05 11:15:00+00:00,72.95999908447266,72.9800033569336,72.62000274658203,72.7699966430664,1249
2026-06-05 11:30:00+00:00,72.84500122070312,73.04000091552734,72.80999755859375,72.95999908447266,413
2026-06-05 11:45:00+00:00,73.16999816894531,73.2249984741211,72.79499816894531,72.83999633789062,915
2026-06-05 12:00:00+00:00,73.30500030517578,73.41999816894531,73.0250015258789,73.16999816894531,732
2026-06-05 12:15:00+00:00,73.54000091552734,73.69999694824219,73.31500244140625,73.31999969482422,742
2026-06-05 12:30:00+00:00,72.83000183105469,73.54000091552734,72.61000061035156,73.54000091552734,1900
2026-06-05 12:45:00+00:00,71.6449966430664,72.875,71.51499938964844,72.82499694824219,2500
2026-06-05 13:00:00+00:00,71.44000244140625,71.66500091552734,70.9000015258789,71.6500015258789,4864
2026-06-05 13:15:00+00:00,71.01000213623047,71.50499725341797,70.94000244140625,71.41000366210938,1329
2026-06-05 13:30:00+00:00,70.62000274658203,71.19000244140625,70.45500183105469,71.0,2853
2026-06-05 13:45:00+00:00,69.77999877929688,70.73500061035156,69.74500274658203,70.625,4020
2026-06-05 14:00:00+00:00,69.5199966430664,70.12000274658203,69.41999816894531,69.79499816894531,4093
2026-06-05 14:15:00+00:00,69.29499816894531,69.75,68.91999816894531,69.51000213623047,3086
2026-06-05 14:30:00+00:00,69.1050033569336,69.61499786376953,68.96499633789062,69.30000305175781,1947
2026-06-05 14:45:00+00:00,69.58499908447266,69.58999633789062,68.95500183105469,69.0999984741211,2386
2026-06-05 15:00:00+00:00,68.9749984741211,69.66000366210938,68.9749984741211,69.58999633789062,1595
2026-06-05 15:15:00+00:00,69.11499786376953,69.18000030517578,68.62999725341797,68.94999694824219,1883
2026-06-05 15:30:00+00:00,69.0199966430664,69.21499633789062,68.65499877929688,69.09500122070312,1794
2026-06-05 15:45:00+00:00,68.88999938964844,69.13999938964844,68.86499786376953,69.01000213623047,1060
2026-06-05 16:00:00+00:00,69.0,69.1050033569336,68.79000091552734,68.90499877929688,1505
2026-06-05 16:15:00+00:00,69.06500244140625,69.22000122070312,68.7699966430664,68.98999786376953,1296
2026-06-05 16:30:00+00:00,68.79000091552734,69.06999969482422,68.7249984741211,69.05999755859375,1206
2026-06-05 16:45:00+00:00,69.3499984741211,69.37999725341797,68.61000061035156,68.76000213623047,1468
2026-06-05 17:00:00+00:00,69.17500305175781,69.47000122070312,69.04499816894531,69.37000274658203,1767
2026-06-05 17:15:00+00:00,69.16999816894531,69.38500213623047,68.9800033569336,69.21499633789062,4519
2026-06-05 17:30:00+00:00,69.00499725341797,69.26000213623047,68.95999908447266,69.17500305175781,611
2026-06-05 17:45:00+00:00,69.04000091552734,69.1050033569336,68.87999725341797,69.0250015258789,846
2026-06-05 18:00:00+00:00,68.375,69.07499694824219,68.36000061035156,69.04499816894531,1001
2026-06-05 18:15:00+00:00,68.26499938964844,68.67500305175781,68.19000244140625,68.37999725341797,1359
2026-06-05 18:30:00+00:00,68.25499725341797,68.38500213623047,68.12000274658203,68.27999877929688,638
2026-06-05 18:45:00+00:00,68.44000244140625,68.51499938964844,68.16500091552734,68.22000122070312,622
2026-06-05 19:00:00+00:00,68.16500091552734,68.40499877929688,68.13500213623047,68.4000015258789,254
2026-06-05 19:15:00+00:00,68.38999938964844,68.41000366210938,68.05999755859375,68.16999816894531,718
2026-06-05 19:30:00+00:00,68.13500213623047,68.41500091552734,67.96499633789062,68.38999938964844,619
2026-06-05 19:45:00+00:00,68.16000366210938,68.3499984741211,68.11499786376953,68.13500213623047,386
2026-06-05 20:00:00+00:00,67.80500030517578,68.18000030517578,67.70500183105469,68.15499877929688,659
2026-06-05 20:15:00+00:00,67.98999786376953,68.04499816894531,67.69999694824219,67.78500366210938,299
2026-06-05 20:30:00+00:00,67.93000030517578,68.02999877929688,67.7699966430664,67.99500274658203,214
2026-06-05 20:45:00+00:00,69.10299682617188,69.10299682617188,67.83000183105469,67.88999938964844,332
2026-06-07 22:00:00+00:00,67.72000122070312,67.7300033569336,67.0250015258789,67.26499938964844,348
2026-06-07 22:15:00+00:00,67.41000366210938,67.875,67.4000015258789,67.68000030517578,447
2026-06-07 22:30:00+00:00,67.79499816894531,67.9000015258789,67.41999816894531,67.47000122070312,297
2026-06-07 22:45:00+00:00,67.41999816894531,67.80000305175781,67.41999816894531,67.7750015258789,212
2026-06-07 23:00:00+00:00,67.8499984741211,67.91500091552734,67.46499633789062,67.46499633789062,313
2026-06-07 23:15:00+00:00,67.87000274658203,67.95500183105469,67.75,67.8499984741211,158
2026-06-07 23:30:00+00:00,68.1050033569336,68.1500015258789,67.8550033569336,67.87000274658203,248
2026-06-07 23:45:00+00:00,68.30500030517578,68.33499908447266,68.0,68.06500244140625,282
2026-06-08 00:00:00+00:00,68.19499969482422,68.37000274658203,68.11499786376953,68.30500030517578,207
2026-06-08 00:15:00+00:00,68.56999969482422,68.5999984741211,68.15499877929688,68.2249984741211,316
2026-06-08 00:30:00+00:00,68.38999938964844,68.58000183105469,68.3499984741211,68.54000091552734,195
2026-06-08 00:45:00+00:00,68.44000244140625,68.55000305175781,68.26499938964844,68.41999816894531,185
2026-06-08 01:00:00+00:00,67.62000274658203,68.58000183105469,67.61000061035156,68.43000030517578,840
2026-06-08 01:15:00+00:00,67.4000015258789,67.86000061035156,67.08499908447266,67.62999725341797,1354
2026-06-08 01:30:00+00:00,67.83999633789062,67.93000030517578,67.0199966430664,67.37999725341797,858
2026-06-08 01:45:00+00:00,67.95500183105469,67.97000122070312,67.58999633789062,67.83499908447266,309
2026-06-08 02:00:00+00:00,67.7750015258789,68.15499877929688,67.70999908447266,67.96499633789062,341
2026-06-08 02:15:00+00:00,67.70500183105469,67.83999633789062,67.59500122070312,67.7750015258789,155
2026-06-08 02:30:00+00:00,67.81500244140625,67.875,67.48999786376953,67.71499633789062,358
2026-06-08 02:45:00+00:00,67.61499786376953,67.97000122070312,67.61499786376953,67.79000091552734,231
2026-06-08 03:00:00+00:00,67.42500305175781,67.77999877929688,67.38500213623047,67.69000244140625,140
2026-06-08 03:15:00+00:00,67.49500274658203,67.63999938964844,67.3949966430664,67.41000366210938,96
2026-06-08 03:30:00+00:00,67.66000366210938,67.66000366210938,67.41999816894531,67.50499725341797,115
2026-06-08 03:45:00+00:00,67.92500305175781,67.92500305175781,67.66000366210938,67.66000366210938,99
2026-06-08 04:00:00+00:00,68.04499816894531,68.13500213623047,67.8550033569336,68.01000213623047,191
2026-06-08 04:15:00+00:00,68.01000213623047,68.12999725341797,67.91000366210938,68.08999633789062,121
2026-06-08 04:30:00+00:00,67.73500061035156,68.01499938964844,67.73500061035156,67.98500061035156,132
2026-06-08 04:45:00+00:00,67.9000015258789,67.95500183105469,67.77999877929688,67.83000183105469,79
2026-06-08 05:00:00+00:00,67.68499755859375,67.98999786376953,67.68499755859375,67.9000015258789,144
2026-06-08 05:15:00+00:00,67.625,67.9000015258789,67.625,67.7249984741211,204
2026-06-08 05:30:00+00:00,66.55999755859375,67.70500183105469,66.30500030517578,67.68000030517578,1931
2026-06-08 05:45:00+00:00,66.76000213623047,66.87000274658203,66.44000244140625,66.54499816894531,728
2026-06-08 06:00:00+00:00,67.17500305175781,67.30999755859375,66.74500274658203,66.7699966430664,636
2026-06-08 06:15:00+00:00,67.37999725341797,67.51499938964844,67.08999633789062,67.13500213623047,361
2026-06-08 06:30:00+00:00,67.20500183105469,67.38999938964844,67.04000091552734,67.38999938964844,364
2026-06-08 06:45:00+00:00,67.25499725341797,67.29000091552734,67.0999984741211,67.20999908447266,315
2026-06-08 07:00:00+00:00,67.25499725341797,67.36000061035156,67.01499938964844,67.26000213623047,314
2026-06-08 07:15:00+00:00,67.5199966430664,67.72000122070312,67.06500244140625,67.24500274658203,411
2026-06-08 07:30:00+00:00,67.2699966430664,67.71499633789062,67.2699966430664,67.51499938964844,421
2026-06-08 07:45:00+00:00,67.08000183105469,67.30000305175781,67.08000183105469,67.28500366210938,287
2026-06-08 08:00:00+00:00,67.09500122070312,67.26000213623047,66.93499755859375,67.125,349
2026-06-08 08:15:00+00:00,67.125,67.19999694824219,67.02999877929688,67.06999969482422,376
2026-06-08 08:30:00+00:00,67.15499877929688,67.2249984741211,66.94000244140625,67.13999938964844,299
2026-06-08 08:45:00+00:00,67.17500305175781,67.23500061035156,66.97000122070312,67.16000366210938,258
2026-06-08 09:00:00+00:00,67.1500015258789,67.30500030517578,67.05999755859375,67.19999694824219,165
2026-06-08 09:15:00+00:00,66.95999908447266,67.33000183105469,66.95999908447266,67.18499755859375,209
2026-06-08 09:30:00+00:00,67.30000305175781,67.38500213623047,66.7249984741211,66.95999908447266,580
2026-06-08 09:45:00+00:00,67.20500183105469,67.48500061035156,67.16500091552734,67.27999877929688,307
2026-06-08 10:00:00+00:00,67.30999755859375,67.3550033569336,66.94000244140625,67.23999786376953,253
2026-06-08 10:15:00+00:00,67.2249984741211,67.30999755859375,67.02999877929688,67.30999755859375,184
2026-06-08 10:30:00+00:00,67.53500366210938,67.62999725341797,67.16500091552734,67.16500091552734,458
2026-06-08 10:45:00+00:00,67.30500030517578,67.54000091552734,67.24500274658203,67.51499938964844,336
2026-06-08 11:00:00+00:00,67.8949966430664,67.91500091552734,67.2300033569336,67.29499816894531,904
2026-06-08 11:15:00+00:00,68.2300033569336,68.44000244140625,67.69999694824219,67.90499877929688,1324
2026-06-08 11:30:00+00:00,68.3499984741211,68.43000030517578,68.2249984741211,68.24500274658203,546
2026-06-08 11:45:00+00:00,68.5999984741211,68.71499633789062,68.23999786376953,68.33000183105469,1154
2026-06-08 12:00:00+00:00,68.36499786376953,68.77999877929688,68.36000061035156,68.58999633789062,955
2026-06-08 12:15:00+00:00,68.70999908447266,68.7699966430664,68.23999786376953,68.36000061035156,749
2026-06-08 12:30:00+00:00,68.91999816894531,69.08499908447266,68.67500305175781,68.72000122070312,1530
2026-06-08 12:45:00+00:00,69.01499938964844,69.05999755859375,68.75,68.93499755859375,670
2026-06-08 13:00:00+00:00,68.51499938964844,69.09500122070312,68.44000244140625,69.0199966430664,1973
2026-06-08 13:15:00+00:00,68.66999816894531,68.84500122070312,68.37999725341797,68.48500061035156,831
2026-06-08 13:30:00+00:00,68.65499877929688,69.00499725341797,68.6449966430664,68.68000030517578,1048
2026-06-08 13:45:00+00:00,68.08499908447266,68.69000244140625,68.05000305175781,68.69000244140625,1486
2026-06-08 14:00:00+00:00,67.96499633789062,68.2300033569336,67.8499984741211,68.0999984741211,1291
2026-06-08 14:15:00+00:00,68.1449966430664,68.2249984741211,67.91999816894531,67.95500183105469,969
2026-06-08 14:30:00+00:00,68.33499908447266,68.33499908447266,67.9749984741211,68.1500015258789,929
2026-06-08 14:45:00+00:00,68.56500244140625,68.59500122070312,68.06500244140625,68.31999969482422,964
2026-06-08 15:00:00+00:00,68.44000244140625,68.66500091552734,68.38500213623047,68.58000183105469,728
2026-06-08 15:15:00+00:00,68.6449966430664,68.80999755859375,68.36000061035156,68.41999816894531,994
2026-06-08 15:30:00+00:00,68.95500183105469,68.95500183105469,68.61000061035156,68.66000366210938,1190
2026-06-08 15:45:00+00:00,68.81500244140625,69.0199966430664,68.80500030517578,68.93499755859375,766
2026-06-08 16:00:00+00:00,68.83000183105469,68.86000061035156,68.71499633789062,68.83000183105469,760
2026-06-08 16:15:00+00:00,68.76000213623047,68.93000030517578,68.75499725341797,68.82499694824219,731
2026-06-08 16:30:00+00:00,68.77999877929688,68.90499877929688,68.7249984741211,68.79499816894531,717
2026-06-08 16:45:00+00:00,68.76000213623047,68.94000244140625,68.70500183105469,68.80000305175781,719
2026-06-08 17:00:00+00:00,68.74500274658203,68.80500030517578,68.59500122070312,68.76000213623047,738
2026-06-08 17:15:00+00:00,68.63999938964844,68.80000305175781,68.51000213623047,68.76000213623047,3020
2026-06-08 17:30:00+00:00,68.41000366210938,68.6449966430664,68.36000061035156,68.63500213623047,724
2026-06-08 17:45:00+00:00,68.57499694824219,68.58999633789062,68.3949966430664,68.41000366210938,620
2026-06-08 18:00:00+00:00,68.625,68.73500061035156,68.56500244140625,68.58999633789062,481
2026-06-08 18:15:00+00:00,68.70500183105469,68.78500366210938,68.6500015258789,68.6500015258789,379
2026-06-08 18:30:00+00:00,68.49500274658203,68.74500274658203,68.45500183105469,68.69999694824219,344
2026-06-08 18:45:00+00:00,68.44000244140625,68.51000213623047,68.3949966430664,68.48500061035156,146
2026-06-08 19:00:00+00:00,68.27999877929688,68.56500244140625,68.2750015258789,68.42500305175781,447
2026-06-08 19:15:00+00:00,68.37999725341797,68.37999725341797,68.20999908447266,68.2750015258789,321
2026-06-08 19:30:00+00:00,68.25499725341797,68.43000030517578,68.2249984741211,68.37000274658203,244
2026-06-08 19:45:00+00:00,68.23999786376953,68.38500213623047,68.19000244140625,68.25499725341797,413
2026-06-08 20:00:00+00:00,68.36499786376953,68.36499786376953,68.23500061035156,68.25499725341797,424
2026-06-08 20:15:00+00:00,68.21499633789062,68.36000061035156,68.12000274658203,68.3550033569336,544
2026-06-08 20:30:00+00:00,68.24500274658203,68.30999755859375,68.2300033569336,68.23999786376953,83
2026-06-08 20:45:00+00:00,68.32499694824219,68.36000061035156,68.2300033569336,68.25499725341797,120
2026-06-08 22:00:00+00:00,68.25499725341797,68.3550033569336,68.2249984741211,68.31999969482422,41
2026-06-08 22:15:00+00:00,68.21499633789062,68.58499908447266,68.17500305175781,68.23999786376953,38
2026-06-08 22:30:00+00:00,68.27999877929688,68.30000305175781,68.20999908447266,68.20999908447266,27
2026-06-08 22:45:00+00:00,68.30000305175781,68.30000305175781,68.25,68.26499938964844,46
2026-06-08 23:00:00+00:00,68.26000213623047,68.30000305175781,68.2300033569336,68.2750015258789,32
2026-06-08 23:15:00+00:00,68.12999725341797,68.27999877929688,68.12999725341797,68.2750015258789,23
2026-06-08 23:30:00+00:00,68.125,68.17500305175781,67.98500061035156,68.0999984741211,88
2026-06-08 23:45:00+00:00,67.99500274658203,68.09500122070312,67.94000244140625,68.09500122070312,82
2026-06-09 00:00:00+00:00,67.97000122070312,68.1050033569336,67.91000366210938,68.01000213623047,147
2026-06-09 00:15:00+00:00,67.76000213623047,68.01499938964844,67.73500061035156,67.97000122070312,144
2026-06-09 00:30:00+00:00,67.71499633789062,67.81999969482422,67.53500366210938,67.7300033569336,233
2026-06-09 00:45:00+00:00,67.8550033569336,67.95500183105469,67.63999938964844,67.7300033569336,156
2026-06-09 01:00:00+00:00,67.9000015258789,68.11499786376953,67.81500244140625,67.8550033569336,421
2026-06-09 01:15:00+00:00,68.24500274658203,68.34500122070312,67.6449966430664,67.90499877929688,609
2026-06-09 01:30:00+00:00,68.19499969482422,68.41500091552734,68.13999938964844,68.2300033569336,204
2026-06-09 01:45:00+00:00,68.18000030517578,68.33000183105469,68.02999877929688,68.27999877929688,128
2026-06-09 02:00:00+00:00,67.99500274658203,68.13999938964844,67.7699966430664,68.1050033569336,237
2026-06-09 02:15:00+00:00,68.0199966430664,68.03500366210938,67.83999633789062,67.94499969482422,62
2026-06-09 02:30:00+00:00,67.9800033569336,68.12000274658203,67.7750015258789,68.0199966430664,109
2026-06-09 02:45:00+00:00,67.76000213623047,68.08000183105469,67.76000213623047,68.00499725341797,132
2026-06-09 03:00:00+00:00,67.875,67.91500091552734,67.62999725341797,67.7699966430664,248
2026-06-09 03:15:00+00:00,67.86499786376953,68.09500122070312,67.75,67.93499755859375,120
2026-06-09 03:30:00+00:00,68.11000061035156,68.125,67.83000183105469,67.875,105
2026-06-09 03:45:00+00:00,68.08499908447266,68.25499725341797,68.05500030517578,68.13500213623047,134
2026-06-09 04:00:00+00:00,68.03500366210938,68.1500015258789,68.00499725341797,68.0999984741211,69
2026-06-09 04:15:00+00:00,68.03500366210938,68.05000305175781,67.94000244140625,67.9800033569336,37
2026-06-09 04:30:00+00:00,68.0199966430664,68.04499816894531,67.88500213623047,68.02999877929688,67
2026-06-09 04:45:00+00:00,67.99500274658203,68.12000274658203,67.99500274658203,68.04499816894531,54
2026-06-09 05:00:00+00:00,68.04499816894531,68.19999694824219,68.04499816894531,68.08999633789062,50
2026-06-09 05:15:00+00:00,68.04499816894531,68.12000274658203,68.04499816894531,68.06999969482422,36
2026-06-09 05:30:00+00:00,68.66000366210938,68.75,67.93499755859375,68.0250015258789,419
2026-06-09 05:45:00+00:00,68.48999786376953,68.68499755859375,68.4800033569336,68.66999816894531,133
2026-06-09 06:00:00+00:00,68.62000274658203,68.78500366210938,68.48999786376953,68.48999786376953,268
2026-06-09 06:15:00+00:00,68.52999877929688,68.7300033569336,68.51000213623047,68.625,238
2026-06-09 06:30:00+00:00,68.55500030517578,68.59500122070312,68.42500305175781,68.53500366210938,176
2026-06-09 06:45:00+00:00,68.46499633789062,68.66000366210938,68.41000366210938,68.56999969482422,367
2026-06-09 07:00:00+00:00,68.31500244140625,68.56999969482422,68.31500244140625,68.44000244140625,242
2026-06-09 07:15:00+00:00,68.48500061035156,68.56999969482422,68.23999786376953,68.30999755859375,371
2026-06-09 07:30:00+00:00,68.4749984741211,68.51499938964844,68.29000091552734,68.51499938964844,230
2026-06-09 07:45:00+00:00,68.4800033569336,68.63999938964844,68.44000244140625,68.48500061035156,194
2026-06-09 08:00:00+00:00,68.70500183105469,68.9000015258789,68.29000091552734,68.45500183105469,402
2026-06-09 08:15:00+00:00,68.95500183105469,68.98500061035156,68.74500274658203,68.74500274658203,363
2026-06-09 08:30:00+00:00,68.81999969482422,68.9800033569336,68.7750015258789,68.96499633789062,230
2026-06-09 08:45:00+00:00,68.53500366210938,68.83000183105469,68.52999877929688,68.83000183105469,239
2026-06-09 09:00:00+00:00,68.54000091552734,68.68000030517578,68.5,68.54499816894531,199
2026-06-09 09:15:00+00:00,68.36499786376953,68.62999725341797,68.33000183105469,68.55000305175781,166
2026-06-09 09:30:00+00:00,68.41500091552734,68.4749984741211,68.33000183105469,68.36499786376953,127
2026-06-09 09:45:00+00:00,68.50499725341797,68.52999877929688,68.3949966430664,68.41500091552734,75
2026-06-09 10:00:00+00:00,68.67500305175781,68.67500305175781,68.29499816894531,68.48999786376953,377
2026-06-09 10:15:00+00:00,68.68499755859375,68.75,68.57499694824219,68.66500091552734,94
2026-06-09 10:30:00+00:00,68.58000183105469,68.70999908447266,68.52999877929688,68.68499755859375,121
2026-06-09 10:45:00+00:00,68.7249984741211,68.75,68.43499755859375,68.56999969482422,424
2026-06-09 11:00:00+00:00,68.69499969482422,68.83499908447266,68.58999633789062,68.72000122070312,383
2026-06-09 11:15:00+00:00,68.65499877929688,68.76000213623047,68.6050033569336,68.72000122070312,141
2026-06-09 11:30:00+00:00,68.7300033569336,68.7750015258789,68.58999633789062,68.65499877929688,134
2026-06-09 11:45:00+00:00,68.69000244140625,68.80000305175781,68.66500091552734,68.74500274658203,246
2026-06-09 12:00:00+00:00,68.6050033569336,68.80000305175781,68.6050033569336,68.70999908447266,284
2026-06-09 12:15:00+00:00,68.51000213623047,68.66999816894531,68.4800033569336,68.625,404
2026-06-09 12:30:00+00:00,68.54000091552734,68.78500366210938,68.48999786376953,68.50499725341797,630
2026-06-09 12:45:00+00:00,68.77999877929688,68.77999877929688,68.43000030517578,68.51000213623047,690
2026-06-09 13:00:00+00:00,68.875,68.94999694824219,68.69000244140625,68.78500366210938,1149
2026-06-09 13:15:00+00:00,68.4800033569336,68.90499877929688,68.41999816894531,68.875,784
2026-06-09 13:30:00+00:00,68.08999633789062,68.49500274658203,67.98500061035156,68.46499633789062,1090
2026-06-09 13:45:00+00:00,68.1449966430664,69.18000030517578,68.05999755859375,68.08999633789062,2774
2026-06-09 14:00:00+00:00,67.7300033569336,68.25,67.67500305175781,68.12999725341797,1436
2026-06-09 14:15:00+00:00,67.09500122070312,67.81999969482422,67.0250015258789,67.7249984741211,2625
2026-06-09 14:30:00+00:00,65.59500122070312,67.19000244140625,65.58999633789062,67.06500244140625,4507
2026-06-09 14:45:00+00:00,66.17500305175781,66.20500183105469,65.3499984741211,65.58499908447266,3986
2026-06-09 15:00:00+00:00,66.34500122070312,66.41500091552734,66.06500244140625,66.19499969482422,1746
2026-06-09 15:15:00+00:00,65.79000091552734,66.36499786376953,65.7249984741211,66.33000183105469,1663
2026-06-09 15:30:00+00:00,65.55000305175781,65.9000015258789,65.24500274658203,65.79499816894531,2404
2026-06-09 15:45:00+00:00,65.38999938964844,65.79000091552734,65.3550033569336,65.57499694824219,1167
2026-06-09 16:00:00+00:00,65.26499938964844,65.69000244140625,65.22000122070312,65.37999725341797,1364
2026-06-09 16:15:00+00:00,65.33499908447266,65.48999786376953,65.08000183105469,65.30500030517578,1571
2026-06-09 16:30:00+00:00,64.86499786376953,65.59500122070312,64.45999908447266,65.30500030517578,3075
2026-06-09 16:45:00+00:00,65.00499725341797,65.0250015258789,64.68499755859375,64.8550033569336,1412
2026-06-09 17:00:00+00:00,65.23500061035156,65.375,64.98500061035156,65.0199966430664,1312
2026-06-09 17:15:00+00:00,65.26000213623047,65.45500183105469,65.13500213623047,65.20999908447266,2925
2026-06-09 17:30:00+00:00,65.32499694824219,65.4749984741211,65.16999816894531,65.25499725341797,997
2026-06-09 17:45:00+00:00,65.2249984741211,65.37999725341797,65.07499694824219,65.32499694824219,892
2026-06-09 18:00:00+00:00,65.4000015258789,65.4749984741211,65.16500091552734,65.25499725341797,621
2026-06-09 18:15:00+00:00,65.66000366210938,65.76499938964844,65.30999755859375,65.37999725341797,634
2026-06-09 18:30:00+00:00,65.55000305175781,65.79499816894531,65.51000213623047,65.65499877929688,511
2026-06-09 18:45:00+00:00,65.80999755859375,65.86499786376953,65.5199966430664,65.55999755859375,272
2026-06-09 19:00:00+00:00,65.41999816894531,65.93000030517578,65.41000366210938,65.81500244140625,487
2026-06-09 19:15:00+00:00,65.36000061035156,65.43499755859375,65.25,65.42500305175781,354
2026-06-09 19:30:00+00:00,65.16000366210938,65.44999694824219,65.15499877929688,65.31999969482422,390
2026-06-09 19:45:00+00:00,65.3550033569336,65.41500091552734,65.11499786376953,65.16000366210938,613
2026-06-09 20:00:00+00:00,65.41000366210938,65.51499938964844,65.30999755859375,65.36000061035156,165
2026-06-09 20:15:00+00:00,65.42500305175781,65.47000122070312,65.41000366210938,65.44000244140625,102
2026-06-09 20:30:00+00:00,65.53500366210938,65.55500030517578,65.375,65.40499877929688,92
2026-06-09 20:45:00+00:00,65.45999908447266,65.54499816894531,65.44000244140625,65.5199966430664,78
2026-06-09 22:00:00+00:00,65.37999725341797,65.4800033569336,65.19499969482422,65.19999694824219,60
2026-06-09 22:15:00+00:00,65.37999725341797,65.3949966430664,65.28500366210938,65.38999938964844,61
2026-06-09 22:30:00+00:00,65.125,65.38999938964844,65.1050033569336,65.37999725341797,108
2026-06-09 22:45:00+00:00,65.04000091552734,65.1050033569336,64.92500305175781,65.09500122070312,185
2026-06-09 23:00:00+00:00,65.00499725341797,65.2750015258789,65.00499725341797,65.05000305175781,124
2026-06-09 23:15:00+00:00,64.87000274658203,65.0250015258789,64.84500122070312,65.0,172
2026-06-09 23:30:00+00:00,64.8550033569336,64.9749984741211,64.79000091552734,64.81999969482422,91
2026-06-09 23:45:00+00:00,65.02999877929688,65.08000183105469,64.7750015258789,64.83999633789062,183
2026-06-10 00:00:00+00:00,65.16999816894531,65.18000030517578,64.91999816894531,65.01000213623047,184
2026-06-10 00:15:00+00:00,64.93000030517578,65.23999786376953,64.93000030517578,65.16000366210938,112
2026-06-10 00:30:00+00:00,64.4800033569336,64.8949966430664,64.375,64.8949966430664,365
2026-06-10 00:45:00+00:00,64.76000213623047,65.08000183105469,64.48999786376953,64.52999877929688,354
2026-06-10 01:00:00+00:00,64.48500061035156,64.79000091552734,63.900001525878906,64.79000091552734,981
2026-06-10 01:15:00+00:00,64.77999877929688,64.93000030517578,64.40499877929688,64.46499633789062,792
2026-06-10 01:30:00+00:00,64.69499969482422,65.16500091552734,64.62999725341797,64.73999786376953,310
2026-06-10 01:45:00+00:00,64.75,64.95500183105469,64.61000061035156,64.70500183105469,229
2026-06-10 02:00:00+00:00,64.51000213623047,64.87000274658203,64.33499908447266,64.79499816894531,360
2026-06-10 02:15:00+00:00,64.5250015258789,64.57499694824219,64.26499938964844,64.49500274658203,211
2026-06-10 02:30:00+00:00,64.33999633789062,64.69999694824219,64.07499694824219,64.55500030517578,384
2026-06-10 02:45:00+00:00,63.915000915527344,64.54000091552734,63.814998626708984,64.3499984741211,712
2026-06-10 03:00:00+00:00,63.974998474121094,64.05000305175781,63.7599983215332,63.900001525878906,349
2026-06-10 03:15:00+00:00,64.08000183105469,64.16000366210938,63.880001068115234,63.915000915527344,204
2026-06-10 03:30:00+00:00,64.12000274658203,64.20500183105469,64.04499816894531,64.04499816894531,124
2026-06-10 03:45:00+00:00,64.23999786376953,64.34500122070312,64.12000274658203,64.12999725341797,179
2026-06-10 04:00:00+00:00,64.11499786376953,64.32499694824219,64.11000061035156,64.28500366210938,149
2026-06-10 04:15:00+00:00,63.849998474121094,64.20500183105469,63.834999084472656,64.13999938964844,189
2026-06-10 04:30:00+00:00,63.630001068115234,63.869998931884766,63.630001068115234,63.869998931884766,215
2026-06-10 04:45:00+00:00,63.650001525878906,63.76499938964844,63.57500076293945,63.625,245
2026-06-10 05:00:00+00:00,63.94499969482422,64.0,63.54499816894531,63.625,315
2026-06-10 05:15:00+00:00,64.25,64.25,63.79999923706055,63.970001220703125,252
2026-06-10 05:30:00+00:00,64.3499984741211,64.44999694824219,63.88999938964844,64.26499938964844,517
2026-06-10 05:45:00+00:00,64.66500091552734,64.81999969482422,64.32499694824219,64.37000274658203,350
2026-06-10 06:00:00+00:00,64.94499969482422,65.38500213623047,64.66000366210938,64.69000244140625,928
2026-06-10 06:15:00+00:00,65.08000183105469,65.25,64.93499755859375,64.94499969482422,437
2026-06-10 06:30:00+00:00,65.21499633789062,65.23500061035156,64.9800033569336,65.08999633789062,360
2026-06-10 06:45:00+00:00,65.05500030517578,65.19999694824219,64.88500213623047,65.18499755859375,396
2026-06-10 07:00:00+00:00,64.7300033569336,65.06999969482422,64.625,65.04499816894531,342
2026-06-10 07:15:00+00:00,64.55500030517578,64.81999969482422,64.5199966430664,64.76000213623047,314
2026-06-10 07:30:00+00:00,64.63500213623047,64.69999694824219,64.5,64.58499908447266,268
2026-06-10 07:45:00+00:00,64.4800033569336,64.73500061035156,64.45999908447266,64.66500091552734,229
2026-06-10 08:00:00+00:00,63.95500183105469,64.49500274658203,63.810001373291016,64.49500274658203,1347
2026-06-10 08:15:00+00:00,64.0250015258789,64.25,63.8849983215332,63.96500015258789,522
2026-06-10 08:30:00+00:00,63.70500183105469,64.22000122070312,63.665000915527344,64.03500366210938,645
2026-06-10 08:45:00+00:00,63.915000915527344,64.05500030517578,63.66999816894531,63.70500183105469,383
2026-06-10 09:00:00+00:00,63.91999816894531,64.15499877929688,63.83000183105469,63.93000030517578,433
2026-06-10 09:15:00+00:00,64.0250015258789,64.0999984741211,63.834999084472656,63.880001068115234,274
2026-06-10 09:30:00+00:00,64.18499755859375,64.37000274658203,64.04499816894531,64.05000305175781,302
2026-06-10 09:45:00+00:00,64.09500122070312,64.23999786376953,63.935001373291016,64.19000244140625,460
2026-06-10 10:00:00+00:00,64.20500183105469,64.30000305175781,63.974998474121094,64.09500122070312,540
2026-06-10 10:15:00+00:00,64.29000091552734,64.37000274658203,64.17500305175781,64.19999694824219,291
2026-06-10 10:30:00+00:00,64.37000274658203,64.41500091552734,64.19999694824219,64.2699966430664,110
2026-06-10 10:45:00+00:00,64.53500366210938,64.62999725341797,64.375,64.37999725341797,314
2026-06-10 11:00:00+00:00,64.30999755859375,64.61000061035156,63.875,64.55000305175781,929
2026-06-10 11:15:00+00:00,64.2699966430664,64.49500274658203,63.935001373291016,64.30000305175781,572
2026-06-10 11:30:00+00:00,64.15499877929688,64.44999694824219,64.13500213623047,64.29000091552734,485
2026-06-10 11:45:00+00:00,63.89500045776367,64.3550033569336,63.849998474121094,64.11499786376953,519
2026-06-10 12:00:00+00:00,63.709999084472656,63.97999954223633,63.47999954223633,63.89500045776367,1412
2026-06-10 12:15:00+00:00,63.84000015258789,63.845001220703125,63.46500015258789,63.67499923706055,1108
2026-06-10 12:30:00+00:00,64.62999725341797,65.20500183105469,63.904998779296875,63.90999984741211,3611
2026-06-10 12:45:00+00:00,64.4000015258789,64.94999694824219,64.19999694824219,64.63500213623047,1166
2026-06-10 13:00:00+00:00,64.58499908447266,64.91000366210938,64.28500366210938,64.37999725341797,1585
2026-06-10 13:15:00+00:00,64.48999786376953,64.70999908447266,64.16500091552734,64.58499908447266,1100
2026-06-10 13:30:00+00:00,65.67500305175781,65.67500305175781,64.42500305175781,64.48500061035156,2429
2026-06-10 13:45:00+00:00,65.73500061035156,65.88999938964844,65.55999755859375,65.66999816894531,2108
2026-06-10 14:00:00+00:00,65.55000305175781,65.80500030517578,65.36000061035156,65.74500274658203,1534
2026-06-10 14:15:00+00:00,65.24500274658203,65.63500213623047,65.19000244140625,65.55000305175781,1289
2026-06-10 14:30:00+00:00,65.15499877929688,65.44499969482422,65.08999633789062,65.2300033569336,950
2026-06-10 14:45:00+00:00,64.6449966430664,65.19000244140625,64.45999908447266,65.13500213623047,1942
2026-06-10 15:00:00+00:00,64.5199966430664,64.94000244140625,64.43499755859375,64.63999938964844,1156
2026-06-10 15:15:00+00:00,64.7750015258789,64.97000122070312,64.3499984741211,64.50499725341797,980
2026-06-10 15:30:00+00:00,65.0250015258789,65.05500030517578,64.73999786376953,64.80500030517578,916
2026-06-10 15:45:00+00:00,65.03500366210938,65.2300033569336,64.51000213623047,65.0250015258789,2177
2026-06-10 16:00:00+00:00,65.07499694824219,65.1500015258789,64.91500091552734,65.05000305175781,981
2026-06-10 16:15:00+00:00,65.08999633789062,65.31500244140625,65.04499816894531,65.08499908447266,692
2026-06-10 16:30:00+00:00,64.97000122070312,65.18499755859375,64.91999816894531,65.08999633789062,606
2026-06-10 16:45:00+00:00,65.05999755859375,65.06999969482422,64.83499908447266,64.96499633789062,398
2026-06-10 17:00:00+00:00,64.88999938964844,65.33000183105469,64.82499694824219,65.08000183105469,1096
2026-06-10 17:15:00+00:00,64.75,64.97000122070312,64.68000030517578,64.88999938964844,4201
2026-06-10 17:30:00+00:00,64.58999633789062,64.83999633789062,64.58499908447266,64.76499938964844,651
2026-06-10 17:45:00+00:00,64.9800033569336,65.05500030517578,64.56999969482422,64.58999633789062,1307
2026-06-10 18:00:00+00:00,65.09500122070312,65.30500030517578,64.98999786376953,65.01499938964844,507
2026-06-10 18:15:00+00:00,64.99500274658203,65.16500091552734,64.90499877929688,65.1050033569336,279
2026-06-10 18:30:00+00:00,64.84500122070312,65.01000213623047,64.84500122070312,65.0,284
2026-06-10 18:45:00+00:00,64.75,64.9000015258789,64.61000061035156,64.86499786376953,220
2026-06-10 19:00:00+00:00,64.27999877929688,64.73999786376953,64.2300033569336,64.73999786376953,563
2026-06-10 19:15:00+00:00,64.03500366210938,64.33000183105469,63.82500076293945,64.27999877929688,629
2026-06-10 19:30:00+00:00,64.15499877929688,64.18000030517578,63.935001373291016,64.05500030517578,461
2026-06-10 19:45:00+00:00,63.8849983215332,64.28500366210938,63.85499954223633,64.16000366210938,515
2026-06-10 20:00:00+00:00,63.54499816894531,63.8849983215332,63.42499923706055,63.8849983215332,555
2026-06-10 20:15:00+00:00,63.73500061035156,63.76499938964844,63.48500061035156,63.54999923706055,165
2026-06-10 20:30:00+00:00,63.68000030517578,63.744998931884766,63.60499954223633,63.720001220703125,150
2026-06-10 20:45:00+00:00,63.5,63.68000030517578,63.42499923706055,63.68000030517578,213
2026-06-10 22:00:00+00:00,62.97999954223633,63.59000015258789,62.78499984741211,63.525001525878906,258
2026-06-10 22:15:00+00:00,62.849998474121094,63.029998779296875,62.525001525878906,63.0099983215332,425
2026-06-10 22:30:00+00:00,63.35499954223633,63.5099983215332,62.869998931884766,62.869998931884766,362
2026-06-10 22:45:00+00:00,62.76499938964844,63.43000030517578,62.744998931884766,63.349998474121094,297
2026-06-10 23:00:00+00:00,61.88999938964844,62.95000076293945,61.595001220703125,62.80500030517578,935
2026-06-10 23:15:00+00:00,62.90999984741211,62.95000076293945,61.7599983215332,61.875,886
2026-06-10 23:30:00+00:00,62.689998626708984,62.95000076293945,62.65999984741211,62.880001068115234,268
2026-06-10 23:45:00+00:00,62.4900016784668,62.88999938964844,62.130001068115234,62.58000183105469,445
2026-06-11 00:00:00+00:00,62.709999084472656,62.810001373291016,62.14500045776367,62.35499954223633,306
2026-06-11 00:15:00+00:00,63.13999938964844,63.349998474121094,62.70000076293945,62.76499938964844,710
2026-06-11 00:30:00+00:00,63.2400016784668,63.46500015258789,63.06999969482422,63.17499923706055,286
2026-06-11 00:45:00+00:00,63.720001220703125,63.845001220703125,63.244998931884766,63.244998931884766,388
2026-06-11 01:00:00+00:00,64.07499694824219,64.19499969482422,63.369998931884766,63.689998626708984,1328
2026-06-11 01:15:00+00:00,64.5250015258789,64.62999725341797,64.05000305175781,64.08999633789062,950
2026-06-11 01:30:00+00:00,64.54000091552734,64.6500015258789,64.38500213623047,64.48999786376953,502
2026-06-11 01:45:00+00:00,64.19999694824219,64.56999969482422,64.0,64.56999969482422,487
2026-06-11 02:00:00+00:00,64.0250015258789,64.22000122070312,63.994998931884766,64.13500213623047,352
2026-06-11 02:15:00+00:00,63.779998779296875,64.1050033569336,63.75,63.994998931884766,202
2026-06-11 02:30:00+00:00,63.2400016784668,63.90999984741211,63.04499816894531,63.80500030517578,950
2026-06-11 02:45:00+00:00,63.40999984741211,63.63999938964844,63.040000915527344,63.16999816894531,599
2026-06-11 03:00:00+00:00,63.26499938964844,63.63999938964844,63.26499938964844,63.415000915527344,430
2026-06-11 03:15:00+00:00,63.2599983215332,63.474998474121094,63.084999084472656,63.29499816894531,521
2026-06-11 03:30:00+00:00,63.6150016784668,63.7400016784668,63.25,63.25,206
2026-06-11 03:45:00+00:00,63.70500183105469,63.7599983215332,63.51499938964844,63.625,109
2026-06-11 04:00:00+00:00,63.8650016784668,63.869998931884766,63.540000915527344,63.724998474121094,129
2026-06-11 04:15:00+00:00,63.76499938964844,63.92499923706055,63.68000030517578,63.86000061035156,137
2026-06-11 04:30:00+00:00,64.12999725341797,64.19999694824219,63.78499984741211,63.8849983215332,161
2026-06-11 04:45:00+00:00,64.08499908447266,64.27999877929688,63.970001220703125,64.19000244140625,233
2026-06-11 05:00:00+00:00,63.89500045776367,64.125,63.86000061035156,64.12000274658203,85
2026-06-11 05:15:00+00:00,63.77000045776367,64.0199966430664,63.724998474121094,63.845001220703125,145
2026-06-11 05:30:00+00:00,64.26499938964844,64.36499786376953,63.685001373291016,63.75,532
2026-06-11 05:45:00+00:00,64.05500030517578,64.48500061035156,63.9900016784668,64.29000091552734,280
2026-06-11 06:00:00+00:00,63.959999084472656,64.06999969482422,63.65999984741211,64.05500030517578,444
2026-06-11 06:15:00+00:00,63.875,64.11000061035156,63.875,63.935001373291016,200
2026-06-11 06:30:00+00:00,64.16500091552734,64.16500091552734,63.834999084472656,63.88999938964844,208
2026-06-11 06:45:00+00:00,64.20500183105469,64.26000213623047,64.05500030517578,64.20500183105469,146
2026-06-11 07:00:00+00:00,64.25,64.31500244140625,64.01000213623047,64.19999694824219,247
2026-06-11 07:15:00+00:00,64.55999755859375,64.68000030517578,64.18499755859375,64.20999908447266,691
2026-06-11 07:30:00+00:00,64.5999984741211,64.6500015258789,64.50499725341797,64.58999633789062,255
2026-06-11 07:45:00+00:00,64.54499816894531,64.59500122070312,64.41500091552734,64.59500122070312,158
2026-06-11 08:00:00+00:00,64.62000274658203,64.82499694824219,64.51000213623047,64.53500366210938,620
2026-06-11 08:15:00+00:00,64.59500122070312,64.6449966430664,64.41500091552734,64.62999725341797,299
2026-06-11 08:30:00+00:00,64.55000305175781,64.68000030517578,64.5250015258789,64.6050033569336,140
2026-06-11 08:45:00+00:00,64.42500305175781,64.55500030517578,64.33000183105469,64.5250015258789,174
2026-06-11 09:00:00+00:00,64.26499938964844,64.44499969482422,64.1449966430664,64.4000015258789,212
2026-06-11 09:15:00+00:00,64.19000244140625,64.27999877929688,64.125,64.23999786376953,108
2026-06-11 09:30:00+00:00,64.2750015258789,64.28500366210938,64.08499908447266,64.16500091552734,138
2026-06-11 09:45:00+00:00,64.16000366210938,64.36499786376953,64.16000366210938,64.29499816894531,167
2026-06-11 10:00:00+00:00,64.16500091552734,64.31999969482422,64.05999755859375,64.20500183105469,167
2026-06-11 10:15:00+00:00,64.05500030517578,64.19999694824219,64.0,64.12999725341797,138
2026-06-11 10:30:00+00:00,64.11000061035156,64.18499755859375,64.04499816894531,64.04499816894531,119
2026-06-11 10:45:00+00:00,64.05000305175781,64.25499725341797,63.9900016784668,64.12999725341797,359
2026-06-11 11:00:00+00:00,63.95500183105469,64.11000061035156,63.83000183105469,64.03500366210938,505
2026-06-11 11:15:00+00:00,63.959999084472656,64.0,63.755001068115234,63.939998626708984,443
2026-06-11 11:30:00+00:00,63.70000076293945,64.18499755859375,63.6150016784668,63.959999084472656,500
2026-06-11 11:45:00+00:00,63.89500045776367,64.01499938964844,63.67499923706055,63.70000076293945,371
2026-06-11 12:00:00+00:00,63.77000045776367,64.01499938964844,63.64500045776367,63.89500045776367,384
2026-06-11 12:15:00+00:00,63.04999923706055,63.85499954223633,62.98500061035156,63.7400016784668,1455
2026-06-11 12:30:00+00:00,63.380001068115234,63.55500030517578,62.89500045776367,63.005001068115234,1643
2026-06-11 12:45:00+00:00,63.540000915527344,63.689998626708984,63.2599983215332,63.375,961
2026-06-11 13:00:00+00:00,63.51499938964844,64.06500244140625,63.474998474121094,63.564998626708984,1313
2026-06-11 13:15:00+00:00,63.665000915527344,63.83000183105469,63.5,63.525001525878906,776
2026-06-11 13:30:00+00:00,63.84000015258789,63.98500061035156,63.470001220703125,63.63999938964844,1206
2026-06-11 13:45:00+00:00,64.16000366210938,64.4000015258789,63.78499984741211,63.845001220703125,1764
2026-06-11 14:00:00+00:00,63.724998474121094,64.375,63.584999084472656,64.16999816894531,1519
2026-06-11 14:15:00+00:00,64.16500091552734,64.3499984741211,63.63999938964844,63.72999954223633,1464
2026-06-11 14:30:00+00:00,64.11499786376953,64.34500122070312,64.05999755859375,64.15499877929688,1198
2026-06-11 14:45:00+00:00,64.06500244140625,64.29000091552734,64.00499725341797,64.13999938964844,721
2026-06-11 15:00:00+00:00,64.15499877929688,64.3949966430664,63.834999084472656,64.02999877929688,1522
2026-06-11 15:15:00+00:00,64.1050033569336,64.29499816894531,63.994998931884766,64.13999938964844,730
2026-06-11 15:30:00+00:00,64.16000366210938,64.2750015258789,64.0,64.1050033569336,956
2026-06-11 15:45:00+00:00,64.125,64.29499816894531,64.05000305175781,64.16999816894531,776
2026-06-11 16:00:00+00:00,64.66999816894531,64.69499969482422,64.09500122070312,64.125,857
2026-06-11 16:15:00+00:00,63.935001373291016,64.73999786376953,63.900001525878906,64.66500091552734,1168
2026-06-11 16:30:00+00:00,63.95000076293945,64.18499755859375,63.89500045776367,63.900001525878906,748
2026-06-11 16:45:00+00:00,63.95000076293945,64.04499816894531,63.8650016784668,63.97999954223633,427
2026-06-11 17:00:00+00:00,63.904998779296875,64.0,63.7400016784668,63.95000076293945,952
2026-06-11 17:15:00+00:00,64.82499694824219,64.83000183105469,63.8650016784668,63.88999938964844,4132
2026-06-11 17:30:00+00:00,66.61000061035156,66.7249984741211,64.81500244140625,64.81500244140625,6090
2026-06-11 17:45:00+00:00,66.0,66.62999725341797,65.90499877929688,66.61499786376953,2195
2026-06-11 18:00:00+00:00,65.80000305175781,66.19499969482422,65.41999816894531,66.01000213623047,1683
2026-06-11 18:15:00+00:00,66.06500244140625,66.20500183105469,65.77999877929688,65.80500030517578,1565
2026-06-11 18:30:00+00:00,66.3550033569336,66.36499786376953,66.00499725341797,66.07499694824219,932
2026-06-11 18:45:00+00:00,66.2300033569336,66.4800033569336,66.18499755859375,66.33999633789062,689
2026-06-11 19:00:00+00:00,66.87000274658203,66.95500183105469,66.2750015258789,66.2750015258789,1358
2026-06-11 19:15:00+00:00,67.03500366210938,67.0999984741211,66.79000091552734,66.88999938964844,992
2026-06-11 19:30:00+00:00,67.49500274658203,67.69499969482422,67.04000091552734,67.06500244140625,1714
2026-06-11 19:45:00+00:00,67.375,67.6449966430664,67.34500122070312,67.52999877929688,730
2026-06-11 20:00:00+00:00,67.44000244140625,67.51499938964844,67.30999755859375,67.40499877929688,369
2026-06-11 20:15:00+00:00,67.45999908447266,67.54499816894531,67.36499786376953,67.44999694824219,248
2026-06-11 20:30:00+00:00,67.27999877929688,67.5250015258789,67.27999877929688,67.5,267
2026-06-11 20:45:00+00:00,67.48999786376953,67.48999786376953,67.20500183105469,67.28500366210938,310
2026-06-11 22:00:00+00:00,67.48500061035156,67.71499633789062,67.33499908447266,67.49500274658203,72
2026-06-11 22:15:00+00:00,67.58999633789062,67.59500122070312,67.41000366210938,67.44499969482422,94
2026-06-11 22:30:00+00:00,67.83999633789062,67.8550033569336,67.44999694824219,67.58499908447266,444
2026-06-11 22:45:00+00:00,67.94999694824219,68.08000183105469,67.70999908447266,67.80999755859375,426
2026-06-11 23:00:00+00:00,67.68499755859375,68.0,67.61000061035156,67.98500061035156,257
2026-06-11 23:15:00+00:00,67.59500122070312,67.91000366210938,67.5250015258789,67.68000030517578,233
2026-06-11 23:30:00+00:00,67.59500122070312,67.69000244140625,67.45500183105469,67.59500122070312,310
2026-06-11 23:45:00+00:00,67.56500244140625,67.67500305175781,67.46499633789062,67.63500213623047,162
2026-06-12 00:00:00+00:00,67.51499938964844,67.7249984741211,67.40499877929688,67.62999725341797,162
2026-06-12 00:15:00+00:00,67.76499938964844,67.86000061035156,67.30500030517578,67.48999786376953,156
2026-06-12 00:30:00+00:00,67.43499755859375,67.88999938964844,67.42500305175781,67.74500274658203,136
2026-06-12 00:45:00+00:00,67.44499969482422,67.52999877929688,67.2699966430664,67.46499633789062,209
2026-06-12 01:00:00+00:00,66.92500305175781,67.52999877929688,66.81999969482422,67.4800033569336,1185
2026-06-12 01:15:00+00:00,66.72000122070312,67.05999755859375,66.6500015258789,66.92500305175781,412
2026-06-12 01:30:00+00:00,66.8499984741211,67.05999755859375,66.58000183105469,66.72000122070312,356
2026-06-12 01:45:00+00:00,67.00499725341797,67.12000274658203,66.88999938964844,66.88999938964844,268
2026-06-12 02:00:00+00:00,67.11499786376953,67.26000213623047,66.94499969482422,66.96499633789062,295
2026-06-12 02:15:00+00:00,67.0199966430664,67.16000366210938,67.0199966430664,67.125,90
2026-06-12 02:30:00+00:00,67.125,67.20999908447266,66.81500244140625,67.04000091552734,196
2026-06-12 02:45:00+00:00,67.19999694824219,67.27999877929688,67.01499938964844,67.125,154
2026-06-12 03:00:00+00:00,67.30000305175781,67.3499984741211,67.1500015258789,67.19999694824219,230
2026-06-12 03:15:00+00:00,67.44000244140625,67.6500015258789,67.26000213623047,67.29499816894531,400
2026-06-12 03:30:00+00:00,67.37999725341797,67.45500183105469,67.30000305175781,67.40499877929688,133
2026-06-12 03:45:00+00:00,67.27999877929688,67.375,67.22000122070312,67.33999633789062,56
